g mesh_CC0
v -2.000000 4.010000 5.500000
v -3.000000 4.010000 5.500000
v -3.000000 4.010000 0.000000
v -2.000000 4.010000 0.000000
v -2.000000 4.000000 5.500000
v -3.000000 4.000000 5.500000
v -3.000000 4.000000 0.000000
v -2.000000 4.000000 0.000000
v -3.000000 4.000000 5.500000
v -3.000000 4.000000 0.000000
v -3.000000 4.010000 0.000000
v -3.000000 4.010000 5.500000
v -3.000000 4.000000 0.000000
v -2.000000 4.000000 0.000000
v -2.000000 4.010000 0.000000
v -3.000000 4.010000 0.000000
v -2.000000 4.000000 5.500000
v -3.000000 4.000000 5.500000
v -3.000000 4.010000 5.500000
v -2.000000 4.010000 5.500000
v -2.000000 4.000000 0.000000
v -2.000000 4.000000 5.500000
v -2.000000 4.010000 5.500000
v -2.000000 4.010000 0.000000
v -3.000000 2.260000 1.000000
v -3.000000 2.260000 0.000000
v -2.000000 2.260000 0.000000
v -2.000000 2.260000 1.000000
v -3.000000 2.250000 1.000000
v -3.000000 2.250000 0.000000
v -2.000000 2.250000 0.000000
v -2.000000 2.250000 1.000000
v -3.000000 2.250000 0.000000
v -2.000000 2.250000 0.000000
v -2.000000 2.260000 0.000000
v -3.000000 2.260000 0.000000
v -2.000000 2.250000 0.000000
v -2.000000 2.250000 1.000000
v -2.000000 2.260000 1.000000
v -2.000000 2.260000 0.000000
v -3.000000 2.250000 1.000000
v -3.000000 2.250000 0.000000
v -3.000000 2.260000 0.000000
v -3.000000 2.260000 1.000000
v -2.000000 2.250000 1.000000
v -3.000000 2.250000 1.000000
v -3.000000 2.260000 1.000000
v -2.000000 2.260000 1.000000
v -2.007071 3.550000 5.507071
v -2.010000 3.550000 5.500000
v -2.007071 3.516667 5.507071
v -2.010000 3.516667 5.500000
v -2.009467 4.000000 5.501286
v -2.007071 4.000000 5.507071
v -2.010000 4.000000 5.500000
v -2.009467 4.000000 5.501286
v -1.992929 3.550000 5.492929
v -1.990000 3.550000 5.500000
v -1.992929 3.516667 5.492929
v -1.990000 3.516667 5.500000
v -1.990533 4.000000 5.498714
v -1.992929 4.000000 5.492929
v -1.990000 4.000000 5.500000
v -1.990533 4.000000 5.498714
v -2.000000 3.500000 5.500000
v -1.957574 3.600000 5.457574
v -1.940000 3.600000 5.500000
v -2.000000 3.500000 5.500000
v -1.940000 3.600000 5.500000
v -1.957574 3.600000 5.542426
v -2.000000 3.500000 5.500000
v -1.957574 3.600000 5.542426
v -2.000000 3.600000 5.560000
v -2.000000 3.500000 5.500000
v -2.000000 3.600000 5.560000
v -2.042426 3.600000 5.542426
v -2.000000 3.500000 5.500000
v -2.000000 3.600000 5.440000
v -1.957574 3.600000 5.457574
v -2.000000 3.500000 5.500000
v -2.042426 3.600000 5.457574
v -2.000000 3.600000 5.440000
v -2.000000 3.500000 5.500000
v -2.060000 3.600000 5.500000
v -2.042426 3.600000 5.457574
v -2.000000 3.500000 5.500000
v -2.042426 3.600000 5.542426
v -2.060000 3.600000 5.500000
v -2.060000 3.600000 5.500000
v -2.000000 3.600000 5.560000
v -1.957574 3.600000 5.542426
v -2.042426 3.600000 5.542426
v -1.940000 3.600000 5.500000
v -2.000000 3.600000 5.440000
v -1.957574 3.600000 5.457574
v -2.042426 3.600000 5.457574
v -1.993371 3.662500 5.507254
v -1.993813 3.662500 5.507437
v -1.994697 3.662500 5.507803
v -1.993813 3.808333 5.507437
v -1.994697 3.808333 5.507803
v -1.993813 3.954167 5.507437
v -1.994697 3.954167 5.507803
v -1.993371 3.954167 5.507254
v -1.999116 3.662500 5.509634
v -1.999558 3.662500 5.509817
v -1.998232 3.662500 5.509268
v -1.998232 3.808333 5.509268
v -1.999116 3.808333 5.509634
v -1.998232 3.954167 5.509268
v -1.999116 3.954167 5.509634
v -1.999558 3.954167 5.509817
v -1.993750 3.600000 5.507411
v -1.993371 3.600000 5.507254
v -1.993813 3.600000 5.507437
v -1.993750 3.600000 5.507411
v -1.999495 3.600000 5.509791
v -1.999116 3.600000 5.509634
v -1.999558 3.600000 5.509817
v -1.999495 3.600000 5.509791
v -1.992940 3.600000 5.507075
v -1.992929 3.600000 5.507071
v -1.992952 3.600000 5.507081
v -1.992940 3.600000 5.507075
v -1.992984 3.600000 5.507094
v -1.992952 3.600000 5.507081
v -1.993181 3.600000 5.507175
v -1.993125 3.600000 5.507153
v -1.998990 3.600000 5.509582
v -1.998485 3.600000 5.509373
v -1.998485 3.600000 5.509373
v -1.993939 3.600000 5.507490
v -1.993125 3.600000 5.507153
v -1.999989 3.600000 5.509996
v -1.999977 3.600000 5.509991
v -1.999977 3.600000 5.509991
v -1.999945 3.600000 5.509977
v -2.000000 3.600000 5.510000
v -1.999989 3.600000 5.509996
v -1.998990 3.600000 5.509582
v -1.999747 3.600000 5.509896
v -1.999804 3.600000 5.509919
v -1.999747 3.600000 5.509896
v -1.999945 3.600000 5.509977
v -2.000000 3.600000 5.510000
v -2.000643 3.600000 5.509734
v -2.007071 3.600000 5.507071
v -1.990183 3.662500 5.500442
v -1.990366 3.662500 5.500884
v -1.990732 3.662500 5.501768
v -1.990366 3.808333 5.500884
v -1.990732 3.808333 5.501768
v -1.990366 3.954167 5.500884
v -1.990732 3.954167 5.501768
v -1.990183 3.954167 5.500442
v -1.992563 3.662500 5.506187
v -1.992746 3.662500 5.506629
v -1.992197 3.662500 5.505303
v -1.992197 3.808333 5.505303
v -1.992563 3.808333 5.506187
v -1.992197 3.954167 5.505303
v -1.992563 3.954167 5.506187
v -1.992746 3.954167 5.506629
v -1.990340 3.600000 5.500821
v -1.990183 3.600000 5.500442
v -1.990366 3.600000 5.500884
v -1.990340 3.600000 5.500821
v -1.992720 3.600000 5.506566
v -1.992563 3.600000 5.506187
v -1.992746 3.600000 5.506629
v -1.992720 3.600000 5.506566
v -1.990004 3.600000 5.500011
v -1.990000 3.600000 5.500000
v -1.990010 3.600000 5.500023
v -1.990004 3.600000 5.500011
v -1.990023 3.600000 5.500055
v -1.990010 3.600000 5.500023
v -1.990105 3.600000 5.500252
v -1.990081 3.600000 5.500196
v -1.990628 3.600000 5.501515
v -1.990418 3.600000 5.501010
v -1.992511 3.600000 5.506061
v -1.990628 3.600000 5.501515
v -1.990418 3.600000 5.501010
v -1.990081 3.600000 5.500196
v -1.992919 3.600000 5.507048
v -1.992906 3.600000 5.507016
v -1.992924 3.600000 5.507060
v -1.992929 3.600000 5.507071
v -1.992924 3.600000 5.507060
v -1.992511 3.600000 5.506061
v -1.992824 3.600000 5.506819
v -1.992746 3.600000 5.506629
v -1.992848 3.600000 5.506875
v -1.992824 3.600000 5.506819
v -1.992906 3.600000 5.507016
v -1.993535 4.000000 5.507322
v -1.993371 4.000000 5.507254
v -1.993813 4.000000 5.507437
v -1.993535 4.000000 5.507322
v -1.999280 4.000000 5.509702
v -1.999116 4.000000 5.509634
v -1.999558 4.000000 5.509817
v -1.994141 4.000000 5.507573
v -1.993813 4.000000 5.507437
v -1.995454 4.000000 5.508117
v -1.998788 4.000000 5.509498
v -1.995454 4.000000 5.508117
v -1.993371 4.000000 5.507254
v -1.993232 4.000000 5.507196
v -1.999116 4.000000 5.509634
v -1.998788 4.000000 5.509498
v -1.999697 4.000000 5.509875
v -1.999558 4.000000 5.509817
v -1.993026 4.000000 5.507111
v -1.993024 4.000000 5.507111
v -1.993024 4.000000 5.507111
v -1.992929 4.000000 5.507071
v -1.993137 4.000000 5.507157
v -1.993026 4.000000 5.507111
v -1.993137 4.000000 5.507157
v -1.993137 4.000000 5.507157
v -1.993232 4.000000 5.507196
v -1.999903 4.000000 5.509960
v -1.999792 4.000000 5.509914
v -1.999792 4.000000 5.509914
v -1.999792 4.000000 5.509914
v -1.999792 4.000000 5.509914
v -1.999697 4.000000 5.509875
v -2.000000 4.000000 5.510000
v -1.999905 4.000000 5.509961
v -1.999905 4.000000 5.509961
v -1.999903 4.000000 5.509960
v -2.005785 4.000000 5.507604
v -2.000129 4.000000 5.509947
v -2.000129 4.000000 5.509947
v -2.000000 4.000000 5.510000
v -2.007071 4.000000 5.507071
v -1.990251 4.000000 5.500606
v -1.990183 4.000000 5.500442
v -1.990366 4.000000 5.500884
v -1.990251 4.000000 5.500606
v -1.992631 4.000000 5.506351
v -1.992563 4.000000 5.506187
v -1.992746 4.000000 5.506629
v -1.992631 4.000000 5.506351
v -1.990502 4.000000 5.501212
v -1.990366 4.000000 5.500884
v -1.991046 4.000000 5.502525
v -1.990502 4.000000 5.501212
v -1.992427 4.000000 5.505859
v -1.990126 4.000000 5.500303
v -1.992563 4.000000 5.506187
v -1.992427 4.000000 5.505859
v -1.992803 4.000000 5.506768
v -1.990040 4.000000 5.500097
v -1.990039 4.000000 5.500095
v -1.990039 4.000000 5.500095
v -1.990000 4.000000 5.500000
v -1.990086 4.000000 5.500207
v -1.990086 4.000000 5.500208
v -1.990086 4.000000 5.500207
v -1.990126 4.000000 5.500303
v -1.992843 4.000000 5.506863
v -1.992803 4.000000 5.506768
v -1.992889 4.000000 5.506974
v -1.992843 4.000000 5.506864
v -1.992843 4.000000 5.506864
v -1.992843 4.000000 5.506863
v -1.992929 4.000000 5.507071
v -1.992889 4.000000 5.506976
v -1.992889 4.000000 5.506974
v -1.992889 4.000000 5.506976
v -2.009734 3.600000 5.499357
v -2.010000 3.600000 5.500000
v -2.007071 3.600000 5.492929
v -2.009734 3.600000 5.499357
v -2.006629 3.662500 5.492746
v -2.006187 3.662500 5.492563
v -2.005303 3.662500 5.492197
v -2.006187 3.808333 5.492563
v -2.005303 3.808333 5.492197
v -2.006187 3.954167 5.492563
v -2.005303 3.954167 5.492197
v -2.006629 3.954167 5.492746
v -2.000884 3.662500 5.490366
v -2.000442 3.662500 5.490183
v -2.001768 3.662500 5.490732
v -2.001768 3.808333 5.490732
v -2.000884 3.808333 5.490366
v -2.001768 3.954167 5.490732
v -2.000884 3.954167 5.490366
v -2.000442 3.954167 5.490183
v -2.006250 3.600000 5.492589
v -2.006629 3.600000 5.492746
v -2.006187 3.600000 5.492563
v -2.006250 3.600000 5.492589
v -2.000505 3.600000 5.490209
v -2.000884 3.600000 5.490366
v -2.000442 3.600000 5.490183
v -2.000505 3.600000 5.490209
v -2.007048 3.600000 5.492919
v -2.007060 3.600000 5.492925
v -2.007060 3.600000 5.492925
v -2.007071 3.600000 5.492929
v -2.007016 3.600000 5.492906
v -2.007048 3.600000 5.492919
v -2.006819 3.600000 5.492825
v -2.006875 3.600000 5.492847
v -2.006061 3.600000 5.492510
v -2.006629 3.600000 5.492746
v -2.006819 3.600000 5.492825
v -2.006875 3.600000 5.492847
v -2.007016 3.600000 5.492906
v -2.001515 3.600000 5.490627
v -2.006061 3.600000 5.492510
v -2.001010 3.600000 5.490418
v -2.001515 3.600000 5.490627
v -2.000011 3.600000 5.490004
v -2.000023 3.600000 5.490009
v -2.000023 3.600000 5.490009
v -2.000055 3.600000 5.490023
v -2.000000 3.600000 5.490000
v -2.000011 3.600000 5.490004
v -2.000884 3.600000 5.490366
v -2.001010 3.600000 5.490418
v -2.000252 3.600000 5.490104
v -2.000196 3.600000 5.490081
v -2.000252 3.600000 5.490104
v -2.000055 3.600000 5.490023
v -2.000196 3.600000 5.490081
v -1.999357 3.600000 5.490266
v -2.000000 3.600000 5.490000
v -1.992929 3.600000 5.492929
v -1.999357 3.600000 5.490266
v -2.007604 4.000000 5.494215
v -2.009947 4.000000 5.499871
v -2.009947 4.000000 5.499871
v -2.010000 4.000000 5.500000
v -2.007071 4.000000 5.492929
v -2.007604 4.000000 5.494215
v -2.006465 4.000000 5.492678
v -2.006629 4.000000 5.492746
v -2.006187 4.000000 5.492563
v -2.006465 4.000000 5.492678
v -2.000720 4.000000 5.490298
v -2.000884 4.000000 5.490366
v -2.000442 4.000000 5.490183
v -2.000720 4.000000 5.490298
v -2.001212 4.000000 5.490502
v -2.004546 4.000000 5.491883
v -2.004546 4.000000 5.491883
v -2.005859 4.000000 5.492427
v -2.005859 4.000000 5.492427
v -2.006187 4.000000 5.492563
v -2.006768 4.000000 5.492804
v -2.000884 4.000000 5.490366
v -2.000303 4.000000 5.490125
v -2.000442 4.000000 5.490183
v -2.006863 4.000000 5.492843
v -2.006863 4.000000 5.492843
v -2.006974 4.000000 5.492889
v -2.006974 4.000000 5.492889
v -2.006976 4.000000 5.492889
v -2.006976 4.000000 5.492889
v -2.007071 4.000000 5.492929
v -2.006768 4.000000 5.492804
v -2.006863 4.000000 5.492843
v -2.000097 4.000000 5.490040
v -2.000208 4.000000 5.490086
v -2.000208 4.000000 5.490086
v -2.000208 4.000000 5.490086
v -2.000208 4.000000 5.490086
v -2.000303 4.000000 5.490125
v -2.000000 4.000000 5.490000
v -2.000095 4.000000 5.490039
v -2.000095 4.000000 5.490039
v -2.000097 4.000000 5.490040
v -1.994215 4.000000 5.492396
v -1.999871 4.000000 5.490053
v -1.999871 4.000000 5.490053
v -2.000000 4.000000 5.490000
v -1.992929 4.000000 5.492929
v -1.994215 4.000000 5.492396
v -3.007071 3.550000 5.507071
v -3.010000 3.550000 5.500000
v -3.007071 3.516667 5.507071
v -3.010000 3.516667 5.500000
v -3.009467 4.000000 5.501286
v -3.007071 4.000000 5.507071
v -3.010000 4.000000 5.500000
v -3.009467 4.000000 5.501286
v -2.992929 3.550000 5.492929
v -2.990000 3.550000 5.500000
v -2.992929 3.516667 5.492929
v -2.990000 3.516667 5.500000
v -2.990533 4.000000 5.498714
v -2.992929 4.000000 5.492929
v -2.990000 4.000000 5.500000
v -2.990533 4.000000 5.498714
v -3.000000 3.500000 5.500000
v -2.957574 3.600000 5.457574
v -2.940000 3.600000 5.500000
v -3.000000 3.500000 5.500000
v -2.940000 3.600000 5.500000
v -2.957574 3.600000 5.542426
v -3.000000 3.500000 5.500000
v -2.957574 3.600000 5.542426
v -3.000000 3.600000 5.560000
v -3.000000 3.500000 5.500000
v -3.000000 3.600000 5.560000
v -3.042426 3.600000 5.542426
v -3.000000 3.500000 5.500000
v -3.000000 3.600000 5.440000
v -2.957574 3.600000 5.457574
v -3.000000 3.500000 5.500000
v -3.042426 3.600000 5.457574
v -3.000000 3.600000 5.440000
v -3.000000 3.500000 5.500000
v -3.060000 3.600000 5.500000
v -3.042426 3.600000 5.457574
v -3.000000 3.500000 5.500000
v -3.042426 3.600000 5.542426
v -3.060000 3.600000 5.500000
v -3.060000 3.600000 5.500000
v -3.000000 3.600000 5.560000
v -2.957574 3.600000 5.542426
v -3.042426 3.600000 5.542426
v -2.940000 3.600000 5.500000
v -3.000000 3.600000 5.440000
v -2.957574 3.600000 5.457574
v -3.042426 3.600000 5.457574
v -2.993371 3.662500 5.507254
v -2.993813 3.662500 5.507437
v -2.994697 3.662500 5.507803
v -2.993813 3.808333 5.507437
v -2.994697 3.808333 5.507803
v -2.993813 3.954167 5.507437
v -2.994697 3.954167 5.507803
v -2.993371 3.954167 5.507254
v -2.999116 3.662500 5.509634
v -2.999558 3.662500 5.509817
v -2.998232 3.662500 5.509268
v -2.998232 3.808333 5.509268
v -2.999116 3.808333 5.509634
v -2.998232 3.954167 5.509268
v -2.999116 3.954167 5.509634
v -2.999558 3.954167 5.509817
v -2.993750 3.600000 5.507411
v -2.993371 3.600000 5.507254
v -2.993813 3.600000 5.507437
v -2.993750 3.600000 5.507411
v -2.999495 3.600000 5.509791
v -2.999116 3.600000 5.509634
v -2.999558 3.600000 5.509817
v -2.999495 3.600000 5.509791
v -2.992940 3.600000 5.507075
v -2.992929 3.600000 5.507071
v -2.992952 3.600000 5.507081
v -2.992940 3.600000 5.507075
v -2.992984 3.600000 5.507094
v -2.992952 3.600000 5.507081
v -2.993181 3.600000 5.507175
v -2.993125 3.600000 5.507153
v -2.998990 3.600000 5.509582
v -2.998485 3.600000 5.509373
v -2.998485 3.600000 5.509373
v -2.993939 3.600000 5.507490
v -2.993125 3.600000 5.507153
v -2.999989 3.600000 5.509996
v -2.999977 3.600000 5.509991
v -2.999977 3.600000 5.509991
v -2.999945 3.600000 5.509977
v -3.000000 3.600000 5.510000
v -2.999989 3.600000 5.509996
v -2.998990 3.600000 5.509582
v -2.999748 3.600000 5.509896
v -2.999804 3.600000 5.509919
v -2.999748 3.600000 5.509896
v -2.999945 3.600000 5.509977
v -3.000000 3.600000 5.510000
v -3.000643 3.600000 5.509734
v -3.007071 3.600000 5.507071
v -2.990183 3.662500 5.500442
v -2.990366 3.662500 5.500884
v -2.990732 3.662500 5.501768
v -2.990366 3.808333 5.500884
v -2.990732 3.808333 5.501768
v -2.990366 3.954167 5.500884
v -2.990732 3.954167 5.501768
v -2.990183 3.954167 5.500442
v -2.992563 3.662500 5.506187
v -2.992746 3.662500 5.506629
v -2.992197 3.662500 5.505303
v -2.992197 3.808333 5.505303
v -2.992563 3.808333 5.506187
v -2.992197 3.954167 5.505303
v -2.992563 3.954167 5.506187
v -2.992746 3.954167 5.506629
v -2.990340 3.600000 5.500821
v -2.990183 3.600000 5.500442
v -2.990366 3.600000 5.500884
v -2.990340 3.600000 5.500821
v -2.992720 3.600000 5.506566
v -2.992563 3.600000 5.506187
v -2.992746 3.600000 5.506629
v -2.992720 3.600000 5.506566
v -2.990005 3.600000 5.500011
v -2.990000 3.600000 5.500000
v -2.990010 3.600000 5.500023
v -2.990005 3.600000 5.500011
v -2.990023 3.600000 5.500055
v -2.990010 3.600000 5.500023
v -2.990105 3.600000 5.500252
v -2.990081 3.600000 5.500196
v -2.990628 3.600000 5.501515
v -2.990418 3.600000 5.501010
v -2.992511 3.600000 5.506061
v -2.990628 3.600000 5.501515
v -2.990418 3.600000 5.501010
v -2.990081 3.600000 5.500196
v -2.992919 3.600000 5.507048
v -2.992906 3.600000 5.507016
v -2.992924 3.600000 5.507060
v -2.992929 3.600000 5.507071
v -2.992924 3.600000 5.507060
v -2.992511 3.600000 5.506061
v -2.992824 3.600000 5.506819
v -2.992746 3.600000 5.506629
v -2.992848 3.600000 5.506875
v -2.992824 3.600000 5.506819
v -2.992906 3.600000 5.507016
v -2.993535 4.000000 5.507322
v -2.993371 4.000000 5.507254
v -2.993813 4.000000 5.507437
v -2.993535 4.000000 5.507322
v -2.999280 4.000000 5.509702
v -2.999116 4.000000 5.509634
v -2.999558 4.000000 5.509817
v -2.994141 4.000000 5.507573
v -2.993813 4.000000 5.507437
v -2.995454 4.000000 5.508117
v -2.998788 4.000000 5.509498
v -2.995454 4.000000 5.508117
v -2.993371 4.000000 5.507254
v -2.993232 4.000000 5.507196
v -2.999116 4.000000 5.509634
v -2.998788 4.000000 5.509498
v -2.999697 4.000000 5.509875
v -2.999558 4.000000 5.509817
v -2.993026 4.000000 5.507111
v -2.993024 4.000000 5.507111
v -2.993024 4.000000 5.507111
v -2.992929 4.000000 5.507071
v -2.993137 4.000000 5.507157
v -2.993026 4.000000 5.507111
v -2.993137 4.000000 5.507157
v -2.993137 4.000000 5.507157
v -2.993232 4.000000 5.507196
v -2.999903 4.000000 5.509960
v -2.999792 4.000000 5.509914
v -2.999792 4.000000 5.509914
v -2.999792 4.000000 5.509914
v -2.999792 4.000000 5.509914
v -2.999697 4.000000 5.509875
v -3.000000 4.000000 5.510000
v -2.999905 4.000000 5.509961
v -2.999905 4.000000 5.509961
v -2.999903 4.000000 5.509960
v -3.005785 4.000000 5.507604
v -3.000129 4.000000 5.509947
v -3.000129 4.000000 5.509947
v -3.000000 4.000000 5.510000
v -3.007071 4.000000 5.507071
v -2.990251 4.000000 5.500606
v -2.990183 4.000000 5.500442
v -2.990366 4.000000 5.500884
v -2.990251 4.000000 5.500606
v -2.992631 4.000000 5.506351
v -2.992563 4.000000 5.506187
v -2.992746 4.000000 5.506629
v -2.992631 4.000000 5.506351
v -2.990502 4.000000 5.501212
v -2.990366 4.000000 5.500884
v -2.991046 4.000000 5.502525
v -2.990502 4.000000 5.501212
v -2.992427 4.000000 5.505859
v -2.990125 4.000000 5.500303
v -2.992563 4.000000 5.506187
v -2.992427 4.000000 5.505859
v -2.992803 4.000000 5.506768
v -2.990040 4.000000 5.500097
v -2.990040 4.000000 5.500095
v -2.990040 4.000000 5.500095
v -2.990000 4.000000 5.500000
v -2.990086 4.000000 5.500207
v -2.990086 4.000000 5.500207
v -2.990086 4.000000 5.500207
v -2.990125 4.000000 5.500303
v -2.992843 4.000000 5.506863
v -2.992803 4.000000 5.506768
v -2.992889 4.000000 5.506974
v -2.992843 4.000000 5.506863
v -2.992843 4.000000 5.506863
v -2.992843 4.000000 5.506863
v -2.992929 4.000000 5.507071
v -2.992889 4.000000 5.506976
v -2.992889 4.000000 5.506974
v -2.992889 4.000000 5.506976
v -3.009734 3.600000 5.499357
v -3.010000 3.600000 5.500000
v -3.007071 3.600000 5.492929
v -3.009734 3.600000 5.499357
v -3.006629 3.662500 5.492746
v -3.006187 3.662500 5.492563
v -3.005303 3.662500 5.492197
v -3.006187 3.808333 5.492563
v -3.005303 3.808333 5.492197
v -3.006187 3.954167 5.492563
v -3.005303 3.954167 5.492197
v -3.006629 3.954167 5.492746
v -3.000884 3.662500 5.490366
v -3.000442 3.662500 5.490183
v -3.001768 3.662500 5.490732
v -3.001768 3.808333 5.490732
v -3.000884 3.808333 5.490366
v -3.001768 3.954167 5.490732
v -3.000884 3.954167 5.490366
v -3.000442 3.954167 5.490183
v -3.006250 3.600000 5.492589
v -3.006629 3.600000 5.492746
v -3.006187 3.600000 5.492563
v -3.006250 3.600000 5.492589
v -3.000505 3.600000 5.490209
v -3.000884 3.600000 5.490366
v -3.000442 3.600000 5.490183
v -3.000505 3.600000 5.490209
v -3.007048 3.600000 5.492919
v -3.007060 3.600000 5.492925
v -3.007060 3.600000 5.492925
v -3.007071 3.600000 5.492929
v -3.007016 3.600000 5.492906
v -3.007048 3.600000 5.492919
v -3.006819 3.600000 5.492825
v -3.006875 3.600000 5.492847
v -3.006061 3.600000 5.492510
v -3.006629 3.600000 5.492746
v -3.006819 3.600000 5.492825
v -3.006875 3.600000 5.492847
v -3.007016 3.600000 5.492906
v -3.001515 3.600000 5.490627
v -3.006061 3.600000 5.492510
v -3.001010 3.600000 5.490418
v -3.001515 3.600000 5.490627
v -3.000011 3.600000 5.490004
v -3.000023 3.600000 5.490009
v -3.000023 3.600000 5.490009
v -3.000055 3.600000 5.490023
v -3.000000 3.600000 5.490000
v -3.000011 3.600000 5.490004
v -3.000884 3.600000 5.490366
v -3.001010 3.600000 5.490418
v -3.000252 3.600000 5.490104
v -3.000196 3.600000 5.490081
v -3.000252 3.600000 5.490104
v -3.000055 3.600000 5.490023
v -3.000196 3.600000 5.490081
v -2.999357 3.600000 5.490266
v -3.000000 3.600000 5.490000
v -2.992929 3.600000 5.492929
v -2.999357 3.600000 5.490266
v -3.007604 4.000000 5.494215
v -3.009947 4.000000 5.499871
v -3.009947 4.000000 5.499871
v -3.010000 4.000000 5.500000
v -3.007071 4.000000 5.492929
v -3.007604 4.000000 5.494215
v -3.006465 4.000000 5.492678
v -3.006629 4.000000 5.492746
v -3.006187 4.000000 5.492563
v -3.006465 4.000000 5.492678
v -3.000720 4.000000 5.490298
v -3.000884 4.000000 5.490366
v -3.000442 4.000000 5.490183
v -3.000720 4.000000 5.490298
v -3.001212 4.000000 5.490502
v -3.004546 4.000000 5.491883
v -3.004546 4.000000 5.491883
v -3.005859 4.000000 5.492427
v -3.005859 4.000000 5.492427
v -3.006187 4.000000 5.492563
v -3.006768 4.000000 5.492804
v -3.000884 4.000000 5.490366
v -3.000303 4.000000 5.490125
v -3.000442 4.000000 5.490183
v -3.006863 4.000000 5.492843
v -3.006863 4.000000 5.492843
v -3.006974 4.000000 5.492889
v -3.006974 4.000000 5.492889
v -3.006976 4.000000 5.492889
v -3.006976 4.000000 5.492889
v -3.007071 4.000000 5.492929
v -3.006768 4.000000 5.492804
v -3.006863 4.000000 5.492843
v -3.000097 4.000000 5.490040
v -3.000208 4.000000 5.490086
v -3.000208 4.000000 5.490086
v -3.000208 4.000000 5.490086
v -3.000208 4.000000 5.490086
v -3.000303 4.000000 5.490125
v -3.000000 4.000000 5.490000
v -3.000095 4.000000 5.490039
v -3.000095 4.000000 5.490039
v -3.000097 4.000000 5.490040
v -2.994215 4.000000 5.492396
v -2.999871 4.000000 5.490053
v -2.999871 4.000000 5.490053
v -3.000000 4.000000 5.490000
v -2.992929 4.000000 5.492929
v -2.994215 4.000000 5.492396
v -3.007071 3.550000 4.007071
v -3.010000 3.550000 4.000000
v -3.007071 3.516667 4.007071
v -3.010000 3.516667 4.000000
v -3.009467 4.000000 4.001286
v -3.007071 4.000000 4.007071
v -3.010000 4.000000 4.000000
v -3.009467 4.000000 4.001286
v -2.992929 3.550000 3.992929
v -2.990000 3.550000 4.000000
v -2.992929 3.516667 3.992929
v -2.990000 3.516667 4.000000
v -2.990533 4.000000 3.998714
v -2.992929 4.000000 3.992929
v -2.990000 4.000000 4.000000
v -2.990533 4.000000 3.998714
v -3.000000 3.500000 4.000000
v -2.957574 3.600000 3.957574
v -2.940000 3.600000 4.000000
v -3.000000 3.500000 4.000000
v -2.940000 3.600000 4.000000
v -2.957574 3.600000 4.042426
v -3.000000 3.500000 4.000000
v -2.957574 3.600000 4.042426
v -3.000000 3.600000 4.060000
v -3.000000 3.500000 4.000000
v -3.000000 3.600000 4.060000
v -3.042426 3.600000 4.042426
v -3.000000 3.500000 4.000000
v -3.000000 3.600000 3.940000
v -2.957574 3.600000 3.957574
v -3.000000 3.500000 4.000000
v -3.042426 3.600000 3.957574
v -3.000000 3.600000 3.940000
v -3.000000 3.500000 4.000000
v -3.060000 3.600000 4.000000
v -3.042426 3.600000 3.957574
v -3.000000 3.500000 4.000000
v -3.042426 3.600000 4.042426
v -3.060000 3.600000 4.000000
v -3.060000 3.600000 4.000000
v -3.000000 3.600000 4.060000
v -2.957574 3.600000 4.042426
v -3.042426 3.600000 4.042426
v -2.940000 3.600000 4.000000
v -3.000000 3.600000 3.940000
v -2.957574 3.600000 3.957574
v -3.042426 3.600000 3.957574
v -2.993371 3.662500 4.007254
v -2.993813 3.662500 4.007437
v -2.994697 3.662500 4.007803
v -2.993813 3.808333 4.007437
v -2.994697 3.808333 4.007803
v -2.993813 3.954167 4.007437
v -2.994697 3.954167 4.007803
v -2.993371 3.954167 4.007254
v -2.999116 3.662500 4.009634
v -2.999558 3.662500 4.009817
v -2.998232 3.662500 4.009268
v -2.998232 3.808333 4.009268
v -2.999116 3.808333 4.009634
v -2.998232 3.954167 4.009268
v -2.999116 3.954167 4.009634
v -2.999558 3.954167 4.009817
v -2.993750 3.600000 4.007411
v -2.993371 3.600000 4.007254
v -2.993813 3.600000 4.007437
v -2.993750 3.600000 4.007411
v -2.999495 3.600000 4.009791
v -2.999116 3.600000 4.009634
v -2.999558 3.600000 4.009817
v -2.999495 3.600000 4.009791
v -2.992940 3.600000 4.007075
v -2.992929 3.600000 4.007071
v -2.992952 3.600000 4.007081
v -2.992940 3.600000 4.007075
v -2.992984 3.600000 4.007094
v -2.992952 3.600000 4.007081
v -2.993181 3.600000 4.007175
v -2.993125 3.600000 4.007153
v -2.998990 3.600000 4.009582
v -2.998485 3.600000 4.009373
v -2.998485 3.600000 4.009373
v -2.993939 3.600000 4.007490
v -2.993125 3.600000 4.007153
v -2.999989 3.600000 4.009996
v -2.999977 3.600000 4.009991
v -2.999977 3.600000 4.009991
v -2.999945 3.600000 4.009977
v -3.000000 3.600000 4.010000
v -2.999989 3.600000 4.009996
v -2.998990 3.600000 4.009582
v -2.999748 3.600000 4.009896
v -2.999804 3.600000 4.009919
v -2.999748 3.600000 4.009896
v -2.999945 3.600000 4.009977
v -3.000000 3.600000 4.010000
v -3.000643 3.600000 4.009734
v -3.007071 3.600000 4.007071
v -2.990183 3.662500 4.000442
v -2.990366 3.662500 4.000884
v -2.990732 3.662500 4.001768
v -2.990366 3.808333 4.000884
v -2.990732 3.808333 4.001768
v -2.990366 3.954167 4.000884
v -2.990732 3.954167 4.001768
v -2.990183 3.954167 4.000442
v -2.992563 3.662500 4.006187
v -2.992746 3.662500 4.006629
v -2.992197 3.662500 4.005303
v -2.992197 3.808333 4.005303
v -2.992563 3.808333 4.006187
v -2.992197 3.954167 4.005303
v -2.992563 3.954167 4.006187
v -2.992746 3.954167 4.006629
v -2.990340 3.600000 4.000821
v -2.990183 3.600000 4.000442
v -2.990366 3.600000 4.000884
v -2.990340 3.600000 4.000821
v -2.992720 3.600000 4.006566
v -2.992563 3.600000 4.006187
v -2.992746 3.600000 4.006629
v -2.992720 3.600000 4.006566
v -2.990005 3.600000 4.000011
v -2.990000 3.600000 4.000000
v -2.990010 3.600000 4.000023
v -2.990005 3.600000 4.000011
v -2.990023 3.600000 4.000055
v -2.990010 3.600000 4.000023
v -2.990105 3.600000 4.000252
v -2.990081 3.600000 4.000196
v -2.990628 3.600000 4.001515
v -2.990418 3.600000 4.001010
v -2.992511 3.600000 4.006061
v -2.990628 3.600000 4.001515
v -2.990418 3.600000 4.001010
v -2.990081 3.600000 4.000196
v -2.992919 3.600000 4.007048
v -2.992906 3.600000 4.007016
v -2.992924 3.600000 4.007060
v -2.992929 3.600000 4.007071
v -2.992924 3.600000 4.007060
v -2.992511 3.600000 4.006061
v -2.992824 3.600000 4.006819
v -2.992746 3.600000 4.006629
v -2.992848 3.600000 4.006875
v -2.992824 3.600000 4.006819
v -2.992906 3.600000 4.007016
v -2.993535 4.000000 4.007322
v -2.993371 4.000000 4.007254
v -2.993813 4.000000 4.007437
v -2.993535 4.000000 4.007322
v -2.999280 4.000000 4.009702
v -2.999116 4.000000 4.009634
v -2.999558 4.000000 4.009817
v -2.994141 4.000000 4.007573
v -2.993813 4.000000 4.007437
v -2.995454 4.000000 4.008117
v -2.998788 4.000000 4.009498
v -2.995454 4.000000 4.008117
v -2.993371 4.000000 4.007254
v -2.993232 4.000000 4.007196
v -2.999116 4.000000 4.009634
v -2.998788 4.000000 4.009498
v -2.999697 4.000000 4.009875
v -2.999558 4.000000 4.009817
v -2.993026 4.000000 4.007111
v -2.993024 4.000000 4.007111
v -2.993024 4.000000 4.007111
v -2.992929 4.000000 4.007071
v -2.993137 4.000000 4.007157
v -2.993026 4.000000 4.007111
v -2.993137 4.000000 4.007157
v -2.993137 4.000000 4.007157
v -2.993232 4.000000 4.007196
v -2.999903 4.000000 4.009960
v -2.999792 4.000000 4.009914
v -2.999792 4.000000 4.009914
v -2.999792 4.000000 4.009914
v -2.999792 4.000000 4.009914
v -2.999697 4.000000 4.009875
v -3.000000 4.000000 4.010000
v -2.999905 4.000000 4.009961
v -2.999905 4.000000 4.009961
v -2.999903 4.000000 4.009960
v -3.005785 4.000000 4.007604
v -3.000129 4.000000 4.009947
v -3.000129 4.000000 4.009947
v -3.000000 4.000000 4.010000
v -3.007071 4.000000 4.007071
v -2.990251 4.000000 4.000606
v -2.990183 4.000000 4.000442
v -2.990366 4.000000 4.000884
v -2.990251 4.000000 4.000606
v -2.992631 4.000000 4.006351
v -2.992563 4.000000 4.006187
v -2.992746 4.000000 4.006629
v -2.992631 4.000000 4.006351
v -2.990502 4.000000 4.001212
v -2.990366 4.000000 4.000884
v -2.991046 4.000000 4.002525
v -2.990502 4.000000 4.001212
v -2.992427 4.000000 4.005859
v -2.990125 4.000000 4.000303
v -2.992563 4.000000 4.006187
v -2.992427 4.000000 4.005859
v -2.992803 4.000000 4.006768
v -2.990040 4.000000 4.000097
v -2.990040 4.000000 4.000095
v -2.990040 4.000000 4.000095
v -2.990000 4.000000 4.000000
v -2.990086 4.000000 4.000207
v -2.990086 4.000000 4.000207
v -2.990086 4.000000 4.000207
v -2.990125 4.000000 4.000303
v -2.992843 4.000000 4.006863
v -2.992803 4.000000 4.006768
v -2.992889 4.000000 4.006974
v -2.992843 4.000000 4.006863
v -2.992843 4.000000 4.006863
v -2.992843 4.000000 4.006863
v -2.992929 4.000000 4.007071
v -2.992889 4.000000 4.006976
v -2.992889 4.000000 4.006974
v -2.992889 4.000000 4.006976
v -3.009734 3.600000 3.999357
v -3.010000 3.600000 4.000000
v -3.007071 3.600000 3.992929
v -3.009734 3.600000 3.999357
v -3.006629 3.662500 3.992746
v -3.006187 3.662500 3.992563
v -3.005303 3.662500 3.992197
v -3.006187 3.808333 3.992563
v -3.005303 3.808333 3.992197
v -3.006187 3.954167 3.992563
v -3.005303 3.954167 3.992197
v -3.006629 3.954167 3.992746
v -3.000884 3.662500 3.990366
v -3.000442 3.662500 3.990183
v -3.001768 3.662500 3.990732
v -3.001768 3.808333 3.990732
v -3.000884 3.808333 3.990366
v -3.001768 3.954167 3.990732
v -3.000884 3.954167 3.990366
v -3.000442 3.954167 3.990183
v -3.006250 3.600000 3.992589
v -3.006629 3.600000 3.992746
v -3.006187 3.600000 3.992563
v -3.006250 3.600000 3.992589
v -3.000505 3.600000 3.990209
v -3.000884 3.600000 3.990366
v -3.000442 3.600000 3.990183
v -3.000505 3.600000 3.990209
v -3.007048 3.600000 3.992919
v -3.007060 3.600000 3.992924
v -3.007060 3.600000 3.992924
v -3.007071 3.600000 3.992929
v -3.007016 3.600000 3.992906
v -3.007048 3.600000 3.992919
v -3.006819 3.600000 3.992824
v -3.006875 3.600000 3.992848
v -3.006061 3.600000 3.992511
v -3.006629 3.600000 3.992746
v -3.006819 3.600000 3.992824
v -3.006875 3.600000 3.992848
v -3.007016 3.600000 3.992906
v -3.001515 3.600000 3.990628
v -3.006061 3.600000 3.992511
v -3.001010 3.600000 3.990418
v -3.001515 3.600000 3.990628
v -3.000011 3.600000 3.990004
v -3.000023 3.600000 3.990009
v -3.000023 3.600000 3.990009
v -3.000055 3.600000 3.990022
v -3.000000 3.600000 3.990000
v -3.000011 3.600000 3.990004
v -3.000884 3.600000 3.990366
v -3.001010 3.600000 3.990418
v -3.000252 3.600000 3.990104
v -3.000196 3.600000 3.990081
v -3.000252 3.600000 3.990104
v -3.000055 3.600000 3.990022
v -3.000196 3.600000 3.990081
v -2.999357 3.600000 3.990266
v -3.000000 3.600000 3.990000
v -2.992929 3.600000 3.992929
v -2.999357 3.600000 3.990266
v -3.007604 4.000000 3.994215
v -3.009947 4.000000 3.999871
v -3.009947 4.000000 3.999871
v -3.010000 4.000000 4.000000
v -3.007071 4.000000 3.992929
v -3.007604 4.000000 3.994215
v -3.006465 4.000000 3.992678
v -3.006629 4.000000 3.992746
v -3.006187 4.000000 3.992563
v -3.006465 4.000000 3.992678
v -3.000720 4.000000 3.990298
v -3.000884 4.000000 3.990366
v -3.000442 4.000000 3.990183
v -3.000720 4.000000 3.990298
v -3.001212 4.000000 3.990502
v -3.004546 4.000000 3.991883
v -3.004546 4.000000 3.991883
v -3.005859 4.000000 3.992427
v -3.005859 4.000000 3.992427
v -3.006187 4.000000 3.992563
v -3.006768 4.000000 3.992803
v -3.000884 4.000000 3.990366
v -3.000303 4.000000 3.990125
v -3.000442 4.000000 3.990183
v -3.006863 4.000000 3.992843
v -3.006863 4.000000 3.992843
v -3.006974 4.000000 3.992889
v -3.006974 4.000000 3.992889
v -3.006976 4.000000 3.992889
v -3.006976 4.000000 3.992889
v -3.007071 4.000000 3.992929
v -3.006768 4.000000 3.992803
v -3.006863 4.000000 3.992843
v -3.000097 4.000000 3.990040
v -3.000208 4.000000 3.990086
v -3.000208 4.000000 3.990086
v -3.000208 4.000000 3.990086
v -3.000208 4.000000 3.990086
v -3.000303 4.000000 3.990125
v -3.000000 4.000000 3.990000
v -3.000095 4.000000 3.990039
v -3.000095 4.000000 3.990039
v -3.000097 4.000000 3.990040
v -2.994215 4.000000 3.992396
v -2.999871 4.000000 3.990053
v -2.999871 4.000000 3.990053
v -3.000000 4.000000 3.990000
v -2.992929 4.000000 3.992929
v -2.994215 4.000000 3.992396
v -2.007071 3.550000 4.007071
v -2.010000 3.550000 4.000000
v -2.007071 3.516667 4.007071
v -2.010000 3.516667 4.000000
v -2.009467 4.000000 4.001286
v -2.007071 4.000000 4.007071
v -2.010000 4.000000 4.000000
v -2.009467 4.000000 4.001286
v -1.992929 3.550000 3.992929
v -1.990000 3.550000 4.000000
v -1.992929 3.516667 3.992929
v -1.990000 3.516667 4.000000
v -1.990533 4.000000 3.998714
v -1.992929 4.000000 3.992929
v -1.990000 4.000000 4.000000
v -1.990533 4.000000 3.998714
v -2.000000 3.500000 4.000000
v -1.957574 3.600000 3.957574
v -1.940000 3.600000 4.000000
v -2.000000 3.500000 4.000000
v -1.940000 3.600000 4.000000
v -1.957574 3.600000 4.042426
v -2.000000 3.500000 4.000000
v -1.957574 3.600000 4.042426
v -2.000000 3.600000 4.060000
v -2.000000 3.500000 4.000000
v -2.000000 3.600000 4.060000
v -2.042426 3.600000 4.042426
v -2.000000 3.500000 4.000000
v -2.000000 3.600000 3.940000
v -1.957574 3.600000 3.957574
v -2.000000 3.500000 4.000000
v -2.042426 3.600000 3.957574
v -2.000000 3.600000 3.940000
v -2.000000 3.500000 4.000000
v -2.060000 3.600000 4.000000
v -2.042426 3.600000 3.957574
v -2.000000 3.500000 4.000000
v -2.042426 3.600000 4.042426
v -2.060000 3.600000 4.000000
v -2.060000 3.600000 4.000000
v -2.000000 3.600000 4.060000
v -1.957574 3.600000 4.042426
v -2.042426 3.600000 4.042426
v -1.940000 3.600000 4.000000
v -2.000000 3.600000 3.940000
v -1.957574 3.600000 3.957574
v -2.042426 3.600000 3.957574
v -1.993371 3.662500 4.007254
v -1.993813 3.662500 4.007437
v -1.994697 3.662500 4.007803
v -1.993813 3.808333 4.007437
v -1.994697 3.808333 4.007803
v -1.993813 3.954167 4.007437
v -1.994697 3.954167 4.007803
v -1.993371 3.954167 4.007254
v -1.999116 3.662500 4.009634
v -1.999558 3.662500 4.009817
v -1.998232 3.662500 4.009268
v -1.998232 3.808333 4.009268
v -1.999116 3.808333 4.009634
v -1.998232 3.954167 4.009268
v -1.999116 3.954167 4.009634
v -1.999558 3.954167 4.009817
v -1.993750 3.600000 4.007411
v -1.993371 3.600000 4.007254
v -1.993813 3.600000 4.007437
v -1.993750 3.600000 4.007411
v -1.999495 3.600000 4.009791
v -1.999116 3.600000 4.009634
v -1.999558 3.600000 4.009817
v -1.999495 3.600000 4.009791
v -1.992940 3.600000 4.007075
v -1.992929 3.600000 4.007071
v -1.992952 3.600000 4.007081
v -1.992940 3.600000 4.007075
v -1.992984 3.600000 4.007094
v -1.992952 3.600000 4.007081
v -1.993181 3.600000 4.007175
v -1.993125 3.600000 4.007153
v -1.998990 3.600000 4.009582
v -1.998485 3.600000 4.009373
v -1.998485 3.600000 4.009373
v -1.993939 3.600000 4.007490
v -1.993125 3.600000 4.007153
v -1.999989 3.600000 4.009996
v -1.999977 3.600000 4.009991
v -1.999977 3.600000 4.009991
v -1.999945 3.600000 4.009977
v -2.000000 3.600000 4.010000
v -1.999989 3.600000 4.009996
v -1.998990 3.600000 4.009582
v -1.999747 3.600000 4.009896
v -1.999804 3.600000 4.009919
v -1.999747 3.600000 4.009896
v -1.999945 3.600000 4.009977
v -2.000000 3.600000 4.010000
v -2.000643 3.600000 4.009734
v -2.007071 3.600000 4.007071
v -1.990183 3.662500 4.000442
v -1.990366 3.662500 4.000884
v -1.990732 3.662500 4.001768
v -1.990366 3.808333 4.000884
v -1.990732 3.808333 4.001768
v -1.990366 3.954167 4.000884
v -1.990732 3.954167 4.001768
v -1.990183 3.954167 4.000442
v -1.992563 3.662500 4.006187
v -1.992746 3.662500 4.006629
v -1.992197 3.662500 4.005303
v -1.992197 3.808333 4.005303
v -1.992563 3.808333 4.006187
v -1.992197 3.954167 4.005303
v -1.992563 3.954167 4.006187
v -1.992746 3.954167 4.006629
v -1.990340 3.600000 4.000821
v -1.990183 3.600000 4.000442
v -1.990366 3.600000 4.000884
v -1.990340 3.600000 4.000821
v -1.992720 3.600000 4.006566
v -1.992563 3.600000 4.006187
v -1.992746 3.600000 4.006629
v -1.992720 3.600000 4.006566
v -1.990004 3.600000 4.000011
v -1.990000 3.600000 4.000000
v -1.990010 3.600000 4.000023
v -1.990004 3.600000 4.000011
v -1.990023 3.600000 4.000055
v -1.990010 3.600000 4.000023
v -1.990105 3.600000 4.000252
v -1.990081 3.600000 4.000196
v -1.990628 3.600000 4.001515
v -1.990418 3.600000 4.001010
v -1.992511 3.600000 4.006061
v -1.990628 3.600000 4.001515
v -1.990418 3.600000 4.001010
v -1.990081 3.600000 4.000196
v -1.992919 3.600000 4.007048
v -1.992906 3.600000 4.007016
v -1.992924 3.600000 4.007060
v -1.992929 3.600000 4.007071
v -1.992924 3.600000 4.007060
v -1.992511 3.600000 4.006061
v -1.992824 3.600000 4.006819
v -1.992746 3.600000 4.006629
v -1.992848 3.600000 4.006875
v -1.992824 3.600000 4.006819
v -1.992906 3.600000 4.007016
v -1.993535 4.000000 4.007322
v -1.993371 4.000000 4.007254
v -1.993813 4.000000 4.007437
v -1.993535 4.000000 4.007322
v -1.999280 4.000000 4.009702
v -1.999116 4.000000 4.009634
v -1.999558 4.000000 4.009817
v -1.994141 4.000000 4.007573
v -1.993813 4.000000 4.007437
v -1.995454 4.000000 4.008117
v -1.998788 4.000000 4.009498
v -1.995454 4.000000 4.008117
v -1.993371 4.000000 4.007254
v -1.993232 4.000000 4.007196
v -1.999116 4.000000 4.009634
v -1.998788 4.000000 4.009498
v -1.999697 4.000000 4.009875
v -1.999558 4.000000 4.009817
v -1.993026 4.000000 4.007111
v -1.993024 4.000000 4.007111
v -1.993024 4.000000 4.007111
v -1.992929 4.000000 4.007071
v -1.993137 4.000000 4.007157
v -1.993026 4.000000 4.007111
v -1.993137 4.000000 4.007157
v -1.993137 4.000000 4.007157
v -1.993232 4.000000 4.007196
v -1.999903 4.000000 4.009960
v -1.999792 4.000000 4.009914
v -1.999792 4.000000 4.009914
v -1.999792 4.000000 4.009914
v -1.999792 4.000000 4.009914
v -1.999697 4.000000 4.009875
v -2.000000 4.000000 4.010000
v -1.999905 4.000000 4.009961
v -1.999905 4.000000 4.009961
v -1.999903 4.000000 4.009960
v -2.005785 4.000000 4.007604
v -2.000129 4.000000 4.009947
v -2.000129 4.000000 4.009947
v -2.000000 4.000000 4.010000
v -2.007071 4.000000 4.007071
v -1.990251 4.000000 4.000606
v -1.990183 4.000000 4.000442
v -1.990366 4.000000 4.000884
v -1.990251 4.000000 4.000606
v -1.992631 4.000000 4.006351
v -1.992563 4.000000 4.006187
v -1.992746 4.000000 4.006629
v -1.992631 4.000000 4.006351
v -1.990502 4.000000 4.001212
v -1.990366 4.000000 4.000884
v -1.991046 4.000000 4.002525
v -1.990502 4.000000 4.001212
v -1.992427 4.000000 4.005859
v -1.990126 4.000000 4.000303
v -1.992563 4.000000 4.006187
v -1.992427 4.000000 4.005859
v -1.992803 4.000000 4.006768
v -1.990040 4.000000 4.000097
v -1.990039 4.000000 4.000095
v -1.990039 4.000000 4.000095
v -1.990000 4.000000 4.000000
v -1.990086 4.000000 4.000207
v -1.990086 4.000000 4.000208
v -1.990086 4.000000 4.000207
v -1.990126 4.000000 4.000303
v -1.992843 4.000000 4.006863
v -1.992803 4.000000 4.006768
v -1.992889 4.000000 4.006974
v -1.992843 4.000000 4.006864
v -1.992843 4.000000 4.006864
v -1.992843 4.000000 4.006863
v -1.992929 4.000000 4.007071
v -1.992889 4.000000 4.006976
v -1.992889 4.000000 4.006974
v -1.992889 4.000000 4.006976
v -2.009734 3.600000 3.999357
v -2.010000 3.600000 4.000000
v -2.007071 3.600000 3.992929
v -2.009734 3.600000 3.999357
v -2.006629 3.662500 3.992746
v -2.006187 3.662500 3.992563
v -2.005303 3.662500 3.992197
v -2.006187 3.808333 3.992563
v -2.005303 3.808333 3.992197
v -2.006187 3.954167 3.992563
v -2.005303 3.954167 3.992197
v -2.006629 3.954167 3.992746
v -2.000884 3.662500 3.990366
v -2.000442 3.662500 3.990183
v -2.001768 3.662500 3.990732
v -2.001768 3.808333 3.990732
v -2.000884 3.808333 3.990366
v -2.001768 3.954167 3.990732
v -2.000884 3.954167 3.990366
v -2.000442 3.954167 3.990183
v -2.006250 3.600000 3.992589
v -2.006629 3.600000 3.992746
v -2.006187 3.600000 3.992563
v -2.006250 3.600000 3.992589
v -2.000505 3.600000 3.990209
v -2.000884 3.600000 3.990366
v -2.000442 3.600000 3.990183
v -2.000505 3.600000 3.990209
v -2.007048 3.600000 3.992919
v -2.007060 3.600000 3.992924
v -2.007060 3.600000 3.992924
v -2.007071 3.600000 3.992929
v -2.007016 3.600000 3.992906
v -2.007048 3.600000 3.992919
v -2.006819 3.600000 3.992824
v -2.006875 3.600000 3.992848
v -2.006061 3.600000 3.992511
v -2.006629 3.600000 3.992746
v -2.006819 3.600000 3.992824
v -2.006875 3.600000 3.992848
v -2.007016 3.600000 3.992906
v -2.001515 3.600000 3.990628
v -2.006061 3.600000 3.992511
v -2.001010 3.600000 3.990418
v -2.001515 3.600000 3.990628
v -2.000011 3.600000 3.990004
v -2.000023 3.600000 3.990009
v -2.000023 3.600000 3.990009
v -2.000055 3.600000 3.990022
v -2.000000 3.600000 3.990000
v -2.000011 3.600000 3.990004
v -2.000884 3.600000 3.990366
v -2.001010 3.600000 3.990418
v -2.000252 3.600000 3.990104
v -2.000196 3.600000 3.990081
v -2.000252 3.600000 3.990104
v -2.000055 3.600000 3.990022
v -2.000196 3.600000 3.990081
v -1.999357 3.600000 3.990266
v -2.000000 3.600000 3.990000
v -1.992929 3.600000 3.992929
v -1.999357 3.600000 3.990266
v -2.007604 4.000000 3.994215
v -2.009947 4.000000 3.999871
v -2.009947 4.000000 3.999871
v -2.010000 4.000000 4.000000
v -2.007071 4.000000 3.992929
v -2.007604 4.000000 3.994215
v -2.006465 4.000000 3.992678
v -2.006629 4.000000 3.992746
v -2.006187 4.000000 3.992563
v -2.006465 4.000000 3.992678
v -2.000720 4.000000 3.990298
v -2.000884 4.000000 3.990366
v -2.000442 4.000000 3.990183
v -2.000720 4.000000 3.990298
v -2.001212 4.000000 3.990502
v -2.004546 4.000000 3.991883
v -2.004546 4.000000 3.991883
v -2.005859 4.000000 3.992427
v -2.005859 4.000000 3.992427
v -2.006187 4.000000 3.992563
v -2.006768 4.000000 3.992803
v -2.000884 4.000000 3.990366
v -2.000303 4.000000 3.990125
v -2.000442 4.000000 3.990183
v -2.006863 4.000000 3.992843
v -2.006863 4.000000 3.992843
v -2.006974 4.000000 3.992889
v -2.006974 4.000000 3.992889
v -2.006976 4.000000 3.992889
v -2.006976 4.000000 3.992889
v -2.007071 4.000000 3.992929
v -2.006768 4.000000 3.992803
v -2.006863 4.000000 3.992843
v -2.000097 4.000000 3.990040
v -2.000208 4.000000 3.990086
v -2.000208 4.000000 3.990086
v -2.000208 4.000000 3.990086
v -2.000208 4.000000 3.990086
v -2.000303 4.000000 3.990125
v -2.000000 4.000000 3.990000
v -2.000095 4.000000 3.990039
v -2.000095 4.000000 3.990039
v -2.000097 4.000000 3.990040
v -1.994215 4.000000 3.992396
v -1.999871 4.000000 3.990053
v -1.999871 4.000000 3.990053
v -2.000000 4.000000 3.990000
v -1.992929 4.000000 3.992929
v -1.994215 4.000000 3.992396
v -3.007071 3.550000 2.007071
v -3.010000 3.550000 2.000000
v -3.007071 3.516667 2.007071
v -3.010000 3.516667 2.000000
v -3.009467 4.000000 2.001286
v -3.007071 4.000000 2.007071
v -3.010000 4.000000 2.000000
v -3.009467 4.000000 2.001286
v -2.992929 3.550000 1.992929
v -2.990000 3.550000 2.000000
v -2.992929 3.516667 1.992929
v -2.990000 3.516667 2.000000
v -2.990533 4.000000 1.998714
v -2.992929 4.000000 1.992929
v -2.990000 4.000000 2.000000
v -2.990533 4.000000 1.998714
v -3.000000 3.500000 2.000000
v -2.957574 3.600000 1.957574
v -2.940000 3.600000 2.000000
v -3.000000 3.500000 2.000000
v -2.940000 3.600000 2.000000
v -2.957574 3.600000 2.042426
v -3.000000 3.500000 2.000000
v -2.957574 3.600000 2.042426
v -3.000000 3.600000 2.060000
v -3.000000 3.500000 2.000000
v -3.000000 3.600000 2.060000
v -3.042426 3.600000 2.042426
v -3.000000 3.500000 2.000000
v -3.000000 3.600000 1.940000
v -2.957574 3.600000 1.957574
v -3.000000 3.500000 2.000000
v -3.042426 3.600000 1.957574
v -3.000000 3.600000 1.940000
v -3.000000 3.500000 2.000000
v -3.060000 3.600000 2.000000
v -3.042426 3.600000 1.957574
v -3.000000 3.500000 2.000000
v -3.042426 3.600000 2.042426
v -3.060000 3.600000 2.000000
v -3.060000 3.600000 2.000000
v -3.000000 3.600000 2.060000
v -2.957574 3.600000 2.042426
v -3.042426 3.600000 2.042426
v -2.940000 3.600000 2.000000
v -3.000000 3.600000 1.940000
v -2.957574 3.600000 1.957574
v -3.042426 3.600000 1.957574
v -2.993371 3.662500 2.007254
v -2.993813 3.662500 2.007437
v -2.994697 3.662500 2.007803
v -2.993813 3.808333 2.007437
v -2.994697 3.808333 2.007803
v -2.993813 3.954167 2.007437
v -2.994697 3.954167 2.007803
v -2.993371 3.954167 2.007254
v -2.999116 3.662500 2.009634
v -2.999558 3.662500 2.009817
v -2.998232 3.662500 2.009268
v -2.998232 3.808333 2.009268
v -2.999116 3.808333 2.009634
v -2.998232 3.954167 2.009268
v -2.999116 3.954167 2.009634
v -2.999558 3.954167 2.009817
v -2.993750 3.600000 2.007411
v -2.993371 3.600000 2.007254
v -2.993813 3.600000 2.007437
v -2.993750 3.600000 2.007411
v -2.999495 3.600000 2.009791
v -2.999116 3.600000 2.009634
v -2.999558 3.600000 2.009817
v -2.999495 3.600000 2.009791
v -2.992940 3.600000 2.007076
v -2.992929 3.600000 2.007071
v -2.992952 3.600000 2.007081
v -2.992940 3.600000 2.007076
v -2.992984 3.600000 2.007094
v -2.992952 3.600000 2.007081
v -2.993181 3.600000 2.007176
v -2.993125 3.600000 2.007152
v -2.998990 3.600000 2.009582
v -2.998485 3.600000 2.009372
v -2.998485 3.600000 2.009372
v -2.993939 3.600000 2.007489
v -2.993125 3.600000 2.007152
v -2.999989 3.600000 2.009996
v -2.999977 3.600000 2.009991
v -2.999977 3.600000 2.009991
v -2.999945 3.600000 2.009978
v -3.000000 3.600000 2.010000
v -2.999989 3.600000 2.009996
v -2.998990 3.600000 2.009582
v -2.999748 3.600000 2.009896
v -2.999804 3.600000 2.009919
v -2.999748 3.600000 2.009896
v -2.999945 3.600000 2.009978
v -3.000000 3.600000 2.010000
v -3.000643 3.600000 2.009734
v -3.007071 3.600000 2.007071
v -2.990183 3.662500 2.000442
v -2.990366 3.662500 2.000884
v -2.990732 3.662500 2.001768
v -2.990366 3.808333 2.000884
v -2.990732 3.808333 2.001768
v -2.990366 3.954167 2.000884
v -2.990732 3.954167 2.001768
v -2.990183 3.954167 2.000442
v -2.992563 3.662500 2.006187
v -2.992746 3.662500 2.006629
v -2.992197 3.662500 2.005303
v -2.992197 3.808333 2.005303
v -2.992563 3.808333 2.006187
v -2.992197 3.954167 2.005303
v -2.992563 3.954167 2.006187
v -2.992746 3.954167 2.006629
v -2.990340 3.600000 2.000821
v -2.990183 3.600000 2.000442
v -2.990366 3.600000 2.000884
v -2.990340 3.600000 2.000821
v -2.992720 3.600000 2.006566
v -2.992563 3.600000 2.006187
v -2.992746 3.600000 2.006629
v -2.992720 3.600000 2.006566
v -2.990005 3.600000 2.000011
v -2.990000 3.600000 2.000000
v -2.990010 3.600000 2.000023
v -2.990005 3.600000 2.000011
v -2.990023 3.600000 2.000055
v -2.990010 3.600000 2.000023
v -2.990105 3.600000 2.000252
v -2.990081 3.600000 2.000196
v -2.990628 3.600000 2.001515
v -2.990418 3.600000 2.001010
v -2.992511 3.600000 2.006061
v -2.990628 3.600000 2.001515
v -2.990418 3.600000 2.001010
v -2.990081 3.600000 2.000196
v -2.992919 3.600000 2.007048
v -2.992906 3.600000 2.007016
v -2.992924 3.600000 2.007060
v -2.992929 3.600000 2.007071
v -2.992924 3.600000 2.007060
v -2.992511 3.600000 2.006061
v -2.992824 3.600000 2.006819
v -2.992746 3.600000 2.006629
v -2.992848 3.600000 2.006875
v -2.992824 3.600000 2.006819
v -2.992906 3.600000 2.007016
v -2.993535 4.000000 2.007322
v -2.993371 4.000000 2.007254
v -2.993813 4.000000 2.007437
v -2.993535 4.000000 2.007322
v -2.999280 4.000000 2.009702
v -2.999116 4.000000 2.009634
v -2.999558 4.000000 2.009817
v -2.994141 4.000000 2.007573
v -2.993813 4.000000 2.007437
v -2.995454 4.000000 2.008117
v -2.998788 4.000000 2.009498
v -2.995454 4.000000 2.008117
v -2.993371 4.000000 2.007254
v -2.993232 4.000000 2.007197
v -2.999116 4.000000 2.009634
v -2.998788 4.000000 2.009498
v -2.999697 4.000000 2.009875
v -2.999558 4.000000 2.009817
v -2.993026 4.000000 2.007111
v -2.993024 4.000000 2.007111
v -2.993024 4.000000 2.007111
v -2.992929 4.000000 2.007071
v -2.993137 4.000000 2.007157
v -2.993026 4.000000 2.007111
v -2.993137 4.000000 2.007157
v -2.993137 4.000000 2.007157
v -2.993232 4.000000 2.007197
v -2.999903 4.000000 2.009960
v -2.999792 4.000000 2.009914
v -2.999792 4.000000 2.009914
v -2.999792 4.000000 2.009914
v -2.999792 4.000000 2.009914
v -2.999697 4.000000 2.009875
v -3.000000 4.000000 2.010000
v -2.999905 4.000000 2.009961
v -2.999905 4.000000 2.009961
v -2.999903 4.000000 2.009960
v -3.005785 4.000000 2.007604
v -3.000129 4.000000 2.009947
v -3.000129 4.000000 2.009947
v -3.000000 4.000000 2.010000
v -3.007071 4.000000 2.007071
v -2.990251 4.000000 2.000606
v -2.990183 4.000000 2.000442
v -2.990366 4.000000 2.000884
v -2.990251 4.000000 2.000606
v -2.992631 4.000000 2.006351
v -2.992563 4.000000 2.006187
v -2.992746 4.000000 2.006629
v -2.992631 4.000000 2.006351
v -2.990502 4.000000 2.001212
v -2.990366 4.000000 2.000884
v -2.991046 4.000000 2.002526
v -2.990502 4.000000 2.001212
v -2.992427 4.000000 2.005859
v -2.990125 4.000000 2.000303
v -2.992563 4.000000 2.006187
v -2.992427 4.000000 2.005859
v -2.992803 4.000000 2.006768
v -2.990040 4.000000 2.000097
v -2.990040 4.000000 2.000095
v -2.990040 4.000000 2.000095
v -2.990000 4.000000 2.000000
v -2.990086 4.000000 2.000207
v -2.990086 4.000000 2.000207
v -2.990086 4.000000 2.000207
v -2.990125 4.000000 2.000303
v -2.992843 4.000000 2.006863
v -2.992803 4.000000 2.006768
v -2.992889 4.000000 2.006974
v -2.992843 4.000000 2.006863
v -2.992843 4.000000 2.006863
v -2.992843 4.000000 2.006863
v -2.992929 4.000000 2.007071
v -2.992889 4.000000 2.006976
v -2.992889 4.000000 2.006974
v -2.992889 4.000000 2.006976
v -3.009734 3.600000 1.999357
v -3.010000 3.600000 2.000000
v -3.007071 3.600000 1.992929
v -3.009734 3.600000 1.999357
v -3.006629 3.662500 1.992746
v -3.006187 3.662500 1.992563
v -3.005303 3.662500 1.992197
v -3.006187 3.808333 1.992563
v -3.005303 3.808333 1.992197
v -3.006187 3.954167 1.992563
v -3.005303 3.954167 1.992197
v -3.006629 3.954167 1.992746
v -3.000884 3.662500 1.990366
v -3.000442 3.662500 1.990183
v -3.001768 3.662500 1.990732
v -3.001768 3.808333 1.990732
v -3.000884 3.808333 1.990366
v -3.001768 3.954167 1.990732
v -3.000884 3.954167 1.990366
v -3.000442 3.954167 1.990183
v -3.006250 3.600000 1.992589
v -3.006629 3.600000 1.992746
v -3.006187 3.600000 1.992563
v -3.006250 3.600000 1.992589
v -3.000505 3.600000 1.990209
v -3.000884 3.600000 1.990366
v -3.000442 3.600000 1.990183
v -3.000505 3.600000 1.990209
v -3.007048 3.600000 1.992919
v -3.007060 3.600000 1.992925
v -3.007060 3.600000 1.992925
v -3.007071 3.600000 1.992929
v -3.007016 3.600000 1.992906
v -3.007048 3.600000 1.992919
v -3.006819 3.600000 1.992824
v -3.006875 3.600000 1.992848
v -3.006061 3.600000 1.992510
v -3.006629 3.600000 1.992746
v -3.006819 3.600000 1.992824
v -3.006875 3.600000 1.992848
v -3.007016 3.600000 1.992906
v -3.001515 3.600000 1.990628
v -3.006061 3.600000 1.992510
v -3.001010 3.600000 1.990418
v -3.001515 3.600000 1.990628
v -3.000011 3.600000 1.990004
v -3.000023 3.600000 1.990009
v -3.000023 3.600000 1.990009
v -3.000055 3.600000 1.990022
v -3.000000 3.600000 1.990000
v -3.000011 3.600000 1.990004
v -3.000884 3.600000 1.990366
v -3.001010 3.600000 1.990418
v -3.000252 3.600000 1.990104
v -3.000196 3.600000 1.990081
v -3.000252 3.600000 1.990104
v -3.000055 3.600000 1.990022
v -3.000196 3.600000 1.990081
v -2.999357 3.600000 1.990266
v -3.000000 3.600000 1.990000
v -2.992929 3.600000 1.992929
v -2.999357 3.600000 1.990266
v -3.007604 4.000000 1.994215
v -3.009947 4.000000 1.999871
v -3.009947 4.000000 1.999871
v -3.010000 4.000000 2.000000
v -3.007071 4.000000 1.992929
v -3.007604 4.000000 1.994215
v -3.006465 4.000000 1.992678
v -3.006629 4.000000 1.992746
v -3.006187 4.000000 1.992563
v -3.006465 4.000000 1.992678
v -3.000720 4.000000 1.990298
v -3.000884 4.000000 1.990366
v -3.000442 4.000000 1.990183
v -3.000720 4.000000 1.990298
v -3.001212 4.000000 1.990502
v -3.004546 4.000000 1.991883
v -3.004546 4.000000 1.991883
v -3.005859 4.000000 1.992427
v -3.005859 4.000000 1.992427
v -3.006187 4.000000 1.992563
v -3.006768 4.000000 1.992803
v -3.000884 4.000000 1.990366
v -3.000303 4.000000 1.990125
v -3.000442 4.000000 1.990183
v -3.006863 4.000000 1.992843
v -3.006863 4.000000 1.992843
v -3.006974 4.000000 1.992889
v -3.006974 4.000000 1.992889
v -3.006976 4.000000 1.992890
v -3.006976 4.000000 1.992890
v -3.007071 4.000000 1.992929
v -3.006768 4.000000 1.992803
v -3.006863 4.000000 1.992843
v -3.000097 4.000000 1.990040
v -3.000208 4.000000 1.990086
v -3.000208 4.000000 1.990086
v -3.000208 4.000000 1.990086
v -3.000208 4.000000 1.990086
v -3.000303 4.000000 1.990125
v -3.000000 4.000000 1.990000
v -3.000095 4.000000 1.990039
v -3.000095 4.000000 1.990039
v -3.000097 4.000000 1.990040
v -2.994215 4.000000 1.992396
v -2.999871 4.000000 1.990053
v -2.999871 4.000000 1.990053
v -3.000000 4.000000 1.990000
v -2.992929 4.000000 1.992929
v -2.994215 4.000000 1.992396
v -2.007071 3.550000 2.007071
v -2.010000 3.550000 2.000000
v -2.007071 3.516667 2.007071
v -2.010000 3.516667 2.000000
v -2.009467 4.000000 2.001286
v -2.007071 4.000000 2.007071
v -2.010000 4.000000 2.000000
v -2.009467 4.000000 2.001286
v -1.992929 3.550000 1.992929
v -1.990000 3.550000 2.000000
v -1.992929 3.516667 1.992929
v -1.990000 3.516667 2.000000
v -1.990533 4.000000 1.998714
v -1.992929 4.000000 1.992929
v -1.990000 4.000000 2.000000
v -1.990533 4.000000 1.998714
v -2.000000 3.500000 2.000000
v -1.957574 3.600000 1.957574
v -1.940000 3.600000 2.000000
v -2.000000 3.500000 2.000000
v -1.940000 3.600000 2.000000
v -1.957574 3.600000 2.042426
v -2.000000 3.500000 2.000000
v -1.957574 3.600000 2.042426
v -2.000000 3.600000 2.060000
v -2.000000 3.500000 2.000000
v -2.000000 3.600000 2.060000
v -2.042426 3.600000 2.042426
v -2.000000 3.500000 2.000000
v -2.000000 3.600000 1.940000
v -1.957574 3.600000 1.957574
v -2.000000 3.500000 2.000000
v -2.042426 3.600000 1.957574
v -2.000000 3.600000 1.940000
v -2.000000 3.500000 2.000000
v -2.060000 3.600000 2.000000
v -2.042426 3.600000 1.957574
v -2.000000 3.500000 2.000000
v -2.042426 3.600000 2.042426
v -2.060000 3.600000 2.000000
v -2.060000 3.600000 2.000000
v -2.000000 3.600000 2.060000
v -1.957574 3.600000 2.042426
v -2.042426 3.600000 2.042426
v -1.940000 3.600000 2.000000
v -2.000000 3.600000 1.940000
v -1.957574 3.600000 1.957574
v -2.042426 3.600000 1.957574
v -1.993371 3.662500 2.007254
v -1.993813 3.662500 2.007437
v -1.994697 3.662500 2.007803
v -1.993813 3.808333 2.007437
v -1.994697 3.808333 2.007803
v -1.993813 3.954167 2.007437
v -1.994697 3.954167 2.007803
v -1.993371 3.954167 2.007254
v -1.999116 3.662500 2.009634
v -1.999558 3.662500 2.009817
v -1.998232 3.662500 2.009268
v -1.998232 3.808333 2.009268
v -1.999116 3.808333 2.009634
v -1.998232 3.954167 2.009268
v -1.999116 3.954167 2.009634
v -1.999558 3.954167 2.009817
v -1.993750 3.600000 2.007411
v -1.993371 3.600000 2.007254
v -1.993813 3.600000 2.007437
v -1.993750 3.600000 2.007411
v -1.999495 3.600000 2.009791
v -1.999116 3.600000 2.009634
v -1.999558 3.600000 2.009817
v -1.999495 3.600000 2.009791
v -1.992940 3.600000 2.007076
v -1.992929 3.600000 2.007071
v -1.992952 3.600000 2.007081
v -1.992940 3.600000 2.007076
v -1.992984 3.600000 2.007094
v -1.992952 3.600000 2.007081
v -1.993181 3.600000 2.007176
v -1.993125 3.600000 2.007152
v -1.998990 3.600000 2.009582
v -1.998485 3.600000 2.009372
v -1.998485 3.600000 2.009372
v -1.993939 3.600000 2.007489
v -1.993125 3.600000 2.007152
v -1.999989 3.600000 2.009996
v -1.999977 3.600000 2.009991
v -1.999977 3.600000 2.009991
v -1.999945 3.600000 2.009978
v -2.000000 3.600000 2.010000
v -1.999989 3.600000 2.009996
v -1.998990 3.600000 2.009582
v -1.999747 3.600000 2.009896
v -1.999804 3.600000 2.009919
v -1.999747 3.600000 2.009896
v -1.999945 3.600000 2.009978
v -2.000000 3.600000 2.010000
v -2.000643 3.600000 2.009734
v -2.007071 3.600000 2.007071
v -1.990183 3.662500 2.000442
v -1.990366 3.662500 2.000884
v -1.990732 3.662500 2.001768
v -1.990366 3.808333 2.000884
v -1.990732 3.808333 2.001768
v -1.990366 3.954167 2.000884
v -1.990732 3.954167 2.001768
v -1.990183 3.954167 2.000442
v -1.992563 3.662500 2.006187
v -1.992746 3.662500 2.006629
v -1.992197 3.662500 2.005303
v -1.992197 3.808333 2.005303
v -1.992563 3.808333 2.006187
v -1.992197 3.954167 2.005303
v -1.992563 3.954167 2.006187
v -1.992746 3.954167 2.006629
v -1.990340 3.600000 2.000821
v -1.990183 3.600000 2.000442
v -1.990366 3.600000 2.000884
v -1.990340 3.600000 2.000821
v -1.992720 3.600000 2.006566
v -1.992563 3.600000 2.006187
v -1.992746 3.600000 2.006629
v -1.992720 3.600000 2.006566
v -1.990004 3.600000 2.000011
v -1.990000 3.600000 2.000000
v -1.990010 3.600000 2.000023
v -1.990004 3.600000 2.000011
v -1.990023 3.600000 2.000055
v -1.990010 3.600000 2.000023
v -1.990105 3.600000 2.000252
v -1.990081 3.600000 2.000196
v -1.990628 3.600000 2.001515
v -1.990418 3.600000 2.001010
v -1.992511 3.600000 2.006061
v -1.990628 3.600000 2.001515
v -1.990418 3.600000 2.001010
v -1.990081 3.600000 2.000196
v -1.992919 3.600000 2.007048
v -1.992906 3.600000 2.007016
v -1.992924 3.600000 2.007060
v -1.992929 3.600000 2.007071
v -1.992924 3.600000 2.007060
v -1.992511 3.600000 2.006061
v -1.992824 3.600000 2.006819
v -1.992746 3.600000 2.006629
v -1.992848 3.600000 2.006875
v -1.992824 3.600000 2.006819
v -1.992906 3.600000 2.007016
v -1.993535 4.000000 2.007322
v -1.993371 4.000000 2.007254
v -1.993813 4.000000 2.007437
v -1.993535 4.000000 2.007322
v -1.999280 4.000000 2.009702
v -1.999116 4.000000 2.009634
v -1.999558 4.000000 2.009817
v -1.994141 4.000000 2.007573
v -1.993813 4.000000 2.007437
v -1.995454 4.000000 2.008117
v -1.998788 4.000000 2.009498
v -1.995454 4.000000 2.008117
v -1.993371 4.000000 2.007254
v -1.993232 4.000000 2.007197
v -1.999116 4.000000 2.009634
v -1.998788 4.000000 2.009498
v -1.999697 4.000000 2.009875
v -1.999558 4.000000 2.009817
v -1.993026 4.000000 2.007111
v -1.993024 4.000000 2.007111
v -1.993024 4.000000 2.007111
v -1.992929 4.000000 2.007071
v -1.993137 4.000000 2.007157
v -1.993026 4.000000 2.007111
v -1.993137 4.000000 2.007157
v -1.993137 4.000000 2.007157
v -1.993232 4.000000 2.007197
v -1.999903 4.000000 2.009960
v -1.999792 4.000000 2.009914
v -1.999792 4.000000 2.009914
v -1.999792 4.000000 2.009914
v -1.999792 4.000000 2.009914
v -1.999697 4.000000 2.009875
v -2.000000 4.000000 2.010000
v -1.999905 4.000000 2.009961
v -1.999905 4.000000 2.009961
v -1.999903 4.000000 2.009960
v -2.005785 4.000000 2.007604
v -2.000129 4.000000 2.009947
v -2.000129 4.000000 2.009947
v -2.000000 4.000000 2.010000
v -2.007071 4.000000 2.007071
v -1.990251 4.000000 2.000606
v -1.990183 4.000000 2.000442
v -1.990366 4.000000 2.000884
v -1.990251 4.000000 2.000606
v -1.992631 4.000000 2.006351
v -1.992563 4.000000 2.006187
v -1.992746 4.000000 2.006629
v -1.992631 4.000000 2.006351
v -1.990502 4.000000 2.001212
v -1.990366 4.000000 2.000884
v -1.991046 4.000000 2.002526
v -1.990502 4.000000 2.001212
v -1.992427 4.000000 2.005859
v -1.990126 4.000000 2.000303
v -1.992563 4.000000 2.006187
v -1.992427 4.000000 2.005859
v -1.992803 4.000000 2.006768
v -1.990040 4.000000 2.000097
v -1.990039 4.000000 2.000095
v -1.990039 4.000000 2.000095
v -1.990000 4.000000 2.000000
v -1.990086 4.000000 2.000207
v -1.990086 4.000000 2.000207
v -1.990086 4.000000 2.000207
v -1.990126 4.000000 2.000303
v -1.992843 4.000000 2.006863
v -1.992803 4.000000 2.006768
v -1.992889 4.000000 2.006974
v -1.992843 4.000000 2.006863
v -1.992843 4.000000 2.006863
v -1.992843 4.000000 2.006863
v -1.992929 4.000000 2.007071
v -1.992889 4.000000 2.006976
v -1.992889 4.000000 2.006974
v -1.992889 4.000000 2.006976
v -2.009734 3.600000 1.999357
v -2.010000 3.600000 2.000000
v -2.007071 3.600000 1.992929
v -2.009734 3.600000 1.999357
v -2.006629 3.662500 1.992746
v -2.006187 3.662500 1.992563
v -2.005303 3.662500 1.992197
v -2.006187 3.808333 1.992563
v -2.005303 3.808333 1.992197
v -2.006187 3.954167 1.992563
v -2.005303 3.954167 1.992197
v -2.006629 3.954167 1.992746
v -2.000884 3.662500 1.990366
v -2.000442 3.662500 1.990183
v -2.001768 3.662500 1.990732
v -2.001768 3.808333 1.990732
v -2.000884 3.808333 1.990366
v -2.001768 3.954167 1.990732
v -2.000884 3.954167 1.990366
v -2.000442 3.954167 1.990183
v -2.006250 3.600000 1.992589
v -2.006629 3.600000 1.992746
v -2.006187 3.600000 1.992563
v -2.006250 3.600000 1.992589
v -2.000505 3.600000 1.990209
v -2.000884 3.600000 1.990366
v -2.000442 3.600000 1.990183
v -2.000505 3.600000 1.990209
v -2.007048 3.600000 1.992919
v -2.007060 3.600000 1.992925
v -2.007060 3.600000 1.992925
v -2.007071 3.600000 1.992929
v -2.007016 3.600000 1.992906
v -2.007048 3.600000 1.992919
v -2.006819 3.600000 1.992824
v -2.006875 3.600000 1.992848
v -2.006061 3.600000 1.992510
v -2.006629 3.600000 1.992746
v -2.006819 3.600000 1.992824
v -2.006875 3.600000 1.992848
v -2.007016 3.600000 1.992906
v -2.001515 3.600000 1.990628
v -2.006061 3.600000 1.992510
v -2.001010 3.600000 1.990418
v -2.001515 3.600000 1.990628
v -2.000011 3.600000 1.990004
v -2.000023 3.600000 1.990009
v -2.000023 3.600000 1.990009
v -2.000055 3.600000 1.990022
v -2.000000 3.600000 1.990000
v -2.000011 3.600000 1.990004
v -2.000884 3.600000 1.990366
v -2.001010 3.600000 1.990418
v -2.000252 3.600000 1.990104
v -2.000196 3.600000 1.990081
v -2.000252 3.600000 1.990104
v -2.000055 3.600000 1.990022
v -2.000196 3.600000 1.990081
v -1.999357 3.600000 1.990266
v -2.000000 3.600000 1.990000
v -1.992929 3.600000 1.992929
v -1.999357 3.600000 1.990266
v -2.007604 4.000000 1.994215
v -2.009947 4.000000 1.999871
v -2.009947 4.000000 1.999871
v -2.010000 4.000000 2.000000
v -2.007071 4.000000 1.992929
v -2.007604 4.000000 1.994215
v -2.006465 4.000000 1.992678
v -2.006629 4.000000 1.992746
v -2.006187 4.000000 1.992563
v -2.006465 4.000000 1.992678
v -2.000720 4.000000 1.990298
v -2.000884 4.000000 1.990366
v -2.000442 4.000000 1.990183
v -2.000720 4.000000 1.990298
v -2.001212 4.000000 1.990502
v -2.004546 4.000000 1.991883
v -2.004546 4.000000 1.991883
v -2.005859 4.000000 1.992427
v -2.005859 4.000000 1.992427
v -2.006187 4.000000 1.992563
v -2.006768 4.000000 1.992803
v -2.000884 4.000000 1.990366
v -2.000303 4.000000 1.990125
v -2.000442 4.000000 1.990183
v -2.006863 4.000000 1.992843
v -2.006863 4.000000 1.992843
v -2.006974 4.000000 1.992889
v -2.006974 4.000000 1.992889
v -2.006976 4.000000 1.992890
v -2.006976 4.000000 1.992890
v -2.007071 4.000000 1.992929
v -2.006768 4.000000 1.992803
v -2.006863 4.000000 1.992843
v -2.000097 4.000000 1.990040
v -2.000208 4.000000 1.990086
v -2.000208 4.000000 1.990086
v -2.000208 4.000000 1.990086
v -2.000208 4.000000 1.990086
v -2.000303 4.000000 1.990125
v -2.000000 4.000000 1.990000
v -2.000095 4.000000 1.990039
v -2.000095 4.000000 1.990039
v -2.000097 4.000000 1.990040
v -1.994215 4.000000 1.992396
v -1.999871 4.000000 1.990053
v -1.999871 4.000000 1.990053
v -2.000000 4.000000 1.990000
v -1.992929 4.000000 1.992929
v -1.994215 4.000000 1.992396
v -3.007071 3.550000 0.007071
v -3.010000 3.550000 0.000000
v -3.007071 3.516667 0.007071
v -3.010000 3.516667 0.000000
v -3.009467 4.000000 0.001286
v -3.007071 4.000000 0.007071
v -3.010000 4.000000 0.000000
v -3.009467 4.000000 0.001286
v -2.992929 3.550000 -0.007071
v -2.990000 3.550000 0.000000
v -2.992929 3.516667 -0.007071
v -2.990000 3.516667 0.000000
v -2.990533 4.000000 -0.001286
v -2.992929 4.000000 -0.007071
v -2.990000 4.000000 0.000000
v -2.990533 4.000000 -0.001286
v -3.000000 3.500000 0.000000
v -2.957574 3.600000 -0.042426
v -2.940000 3.600000 0.000000
v -3.000000 3.500000 0.000000
v -2.940000 3.600000 0.000000
v -2.957574 3.600000 0.042426
v -3.000000 3.500000 0.000000
v -2.957574 3.600000 0.042426
v -3.000000 3.600000 0.060000
v -3.000000 3.500000 0.000000
v -3.000000 3.600000 0.060000
v -3.042426 3.600000 0.042426
v -3.000000 3.500000 0.000000
v -3.000000 3.600000 -0.060000
v -2.957574 3.600000 -0.042426
v -3.000000 3.500000 0.000000
v -3.042426 3.600000 -0.042426
v -3.000000 3.600000 -0.060000
v -3.000000 3.500000 0.000000
v -3.060000 3.600000 0.000000
v -3.042426 3.600000 -0.042426
v -3.000000 3.500000 0.000000
v -3.042426 3.600000 0.042426
v -3.060000 3.600000 0.000000
v -3.060000 3.600000 0.000000
v -3.000000 3.600000 0.060000
v -2.957574 3.600000 0.042426
v -3.042426 3.600000 0.042426
v -2.940000 3.600000 0.000000
v -3.000000 3.600000 -0.060000
v -2.957574 3.600000 -0.042426
v -3.042426 3.600000 -0.042426
v -2.993371 3.662500 0.007254
v -2.993813 3.662500 0.007437
v -2.994697 3.662500 0.007803
v -2.993813 3.808333 0.007437
v -2.994697 3.808333 0.007803
v -2.993813 3.954167 0.007437
v -2.994697 3.954167 0.007803
v -2.993371 3.954167 0.007254
v -2.999116 3.662500 0.009634
v -2.999558 3.662500 0.009817
v -2.998232 3.662500 0.009268
v -2.998232 3.808333 0.009268
v -2.999116 3.808333 0.009634
v -2.998232 3.954167 0.009268
v -2.999116 3.954167 0.009634
v -2.999558 3.954167 0.009817
v -2.993750 3.600000 0.007411
v -2.993371 3.600000 0.007254
v -2.993813 3.600000 0.007437
v -2.993750 3.600000 0.007411
v -2.999495 3.600000 0.009791
v -2.999116 3.600000 0.009634
v -2.999558 3.600000 0.009817
v -2.999495 3.600000 0.009791
v -2.992940 3.600000 0.007075
v -2.992929 3.600000 0.007071
v -2.992952 3.600000 0.007081
v -2.992940 3.600000 0.007075
v -2.992984 3.600000 0.007094
v -2.992952 3.600000 0.007081
v -2.993181 3.600000 0.007176
v -2.993125 3.600000 0.007152
v -2.998990 3.600000 0.009582
v -2.998485 3.600000 0.009373
v -2.998485 3.600000 0.009373
v -2.993939 3.600000 0.007490
v -2.993125 3.600000 0.007152
v -2.999989 3.600000 0.009996
v -2.999977 3.600000 0.009991
v -2.999977 3.600000 0.009991
v -2.999945 3.600000 0.009978
v -3.000000 3.600000 0.010000
v -2.999989 3.600000 0.009996
v -2.998990 3.600000 0.009582
v -2.999748 3.600000 0.009896
v -2.999804 3.600000 0.009919
v -2.999748 3.600000 0.009896
v -2.999945 3.600000 0.009978
v -3.000000 3.600000 0.010000
v -3.000643 3.600000 0.009734
v -3.007071 3.600000 0.007071
v -2.990183 3.662500 0.000442
v -2.990366 3.662500 0.000884
v -2.990732 3.662500 0.001768
v -2.990366 3.808333 0.000884
v -2.990732 3.808333 0.001768
v -2.990366 3.954167 0.000884
v -2.990732 3.954167 0.001768
v -2.990183 3.954167 0.000442
v -2.992563 3.662500 0.006187
v -2.992746 3.662500 0.006629
v -2.992197 3.662500 0.005303
v -2.992197 3.808333 0.005303
v -2.992563 3.808333 0.006187
v -2.992197 3.954167 0.005303
v -2.992563 3.954167 0.006187
v -2.992746 3.954167 0.006629
v -2.990340 3.600000 0.000821
v -2.990183 3.600000 0.000442
v -2.990366 3.600000 0.000884
v -2.990340 3.600000 0.000821
v -2.992720 3.600000 0.006566
v -2.992563 3.600000 0.006187
v -2.992746 3.600000 0.006629
v -2.992720 3.600000 0.006566
v -2.990005 3.600000 0.000011
v -2.990000 3.600000 0.000000
v -2.990010 3.600000 0.000023
v -2.990005 3.600000 0.000011
v -2.990023 3.600000 0.000055
v -2.990010 3.600000 0.000023
v -2.990105 3.600000 0.000252
v -2.990081 3.600000 0.000196
v -2.990628 3.600000 0.001515
v -2.990418 3.600000 0.001010
v -2.992511 3.600000 0.006061
v -2.990628 3.600000 0.001515
v -2.990418 3.600000 0.001010
v -2.990081 3.600000 0.000196
v -2.992919 3.600000 0.007048
v -2.992906 3.600000 0.007016
v -2.992924 3.600000 0.007060
v -2.992929 3.600000 0.007071
v -2.992924 3.600000 0.007060
v -2.992511 3.600000 0.006061
v -2.992824 3.600000 0.006819
v -2.992746 3.600000 0.006629
v -2.992848 3.600000 0.006875
v -2.992824 3.600000 0.006819
v -2.992906 3.600000 0.007016
v -2.993535 4.000000 0.007322
v -2.993371 4.000000 0.007254
v -2.993813 4.000000 0.007437
v -2.993535 4.000000 0.007322
v -2.999280 4.000000 0.009702
v -2.999116 4.000000 0.009634
v -2.999558 4.000000 0.009817
v -2.994141 4.000000 0.007573
v -2.993813 4.000000 0.007437
v -2.995454 4.000000 0.008117
v -2.998788 4.000000 0.009498
v -2.995454 4.000000 0.008117
v -2.993371 4.000000 0.007254
v -2.993232 4.000000 0.007197
v -2.999116 4.000000 0.009634
v -2.998788 4.000000 0.009498
v -2.999697 4.000000 0.009875
v -2.999558 4.000000 0.009817
v -2.993026 4.000000 0.007111
v -2.993024 4.000000 0.007111
v -2.993024 4.000000 0.007111
v -2.992929 4.000000 0.007071
v -2.993137 4.000000 0.007157
v -2.993026 4.000000 0.007111
v -2.993137 4.000000 0.007157
v -2.993137 4.000000 0.007157
v -2.993232 4.000000 0.007197
v -2.999903 4.000000 0.009960
v -2.999792 4.000000 0.009914
v -2.999792 4.000000 0.009914
v -2.999792 4.000000 0.009914
v -2.999792 4.000000 0.009914
v -2.999697 4.000000 0.009875
v -3.000000 4.000000 0.010000
v -2.999905 4.000000 0.009961
v -2.999905 4.000000 0.009961
v -2.999903 4.000000 0.009960
v -3.005785 4.000000 0.007604
v -3.000129 4.000000 0.009947
v -3.000129 4.000000 0.009947
v -3.000000 4.000000 0.010000
v -3.007071 4.000000 0.007071
v -2.990251 4.000000 0.000606
v -2.990183 4.000000 0.000442
v -2.990366 4.000000 0.000884
v -2.990251 4.000000 0.000606
v -2.992631 4.000000 0.006351
v -2.992563 4.000000 0.006187
v -2.992746 4.000000 0.006629
v -2.992631 4.000000 0.006351
v -2.990502 4.000000 0.001212
v -2.990366 4.000000 0.000884
v -2.991046 4.000000 0.002526
v -2.990502 4.000000 0.001212
v -2.992427 4.000000 0.005859
v -2.990125 4.000000 0.000303
v -2.992563 4.000000 0.006187
v -2.992427 4.000000 0.005859
v -2.992803 4.000000 0.006768
v -2.990040 4.000000 0.000097
v -2.990040 4.000000 0.000095
v -2.990040 4.000000 0.000095
v -2.990000 4.000000 0.000000
v -2.990086 4.000000 0.000207
v -2.990086 4.000000 0.000207
v -2.990086 4.000000 0.000207
v -2.990125 4.000000 0.000303
v -2.992843 4.000000 0.006863
v -2.992803 4.000000 0.006768
v -2.992889 4.000000 0.006974
v -2.992843 4.000000 0.006863
v -2.992843 4.000000 0.006863
v -2.992843 4.000000 0.006863
v -2.992929 4.000000 0.007071
v -2.992889 4.000000 0.006976
v -2.992889 4.000000 0.006974
v -2.992889 4.000000 0.006976
v -3.009734 3.600000 -0.000643
v -3.010000 3.600000 0.000000
v -3.007071 3.600000 -0.007071
v -3.009734 3.600000 -0.000643
v -3.006629 3.662500 -0.007254
v -3.006187 3.662500 -0.007437
v -3.005303 3.662500 -0.007803
v -3.006187 3.808333 -0.007437
v -3.005303 3.808333 -0.007803
v -3.006187 3.954167 -0.007437
v -3.005303 3.954167 -0.007803
v -3.006629 3.954167 -0.007254
v -3.000884 3.662500 -0.009634
v -3.000442 3.662500 -0.009817
v -3.001768 3.662500 -0.009268
v -3.001768 3.808333 -0.009268
v -3.000884 3.808333 -0.009634
v -3.001768 3.954167 -0.009268
v -3.000884 3.954167 -0.009634
v -3.000442 3.954167 -0.009817
v -3.006250 3.600000 -0.007411
v -3.006629 3.600000 -0.007254
v -3.006187 3.600000 -0.007437
v -3.006250 3.600000 -0.007411
v -3.000505 3.600000 -0.009791
v -3.000884 3.600000 -0.009634
v -3.000442 3.600000 -0.009817
v -3.000505 3.600000 -0.009791
v -3.007048 3.600000 -0.007081
v -3.007060 3.600000 -0.007075
v -3.007060 3.600000 -0.007075
v -3.007071 3.600000 -0.007071
v -3.007016 3.600000 -0.007094
v -3.007048 3.600000 -0.007081
v -3.006819 3.600000 -0.007176
v -3.006875 3.600000 -0.007152
v -3.006061 3.600000 -0.007490
v -3.006629 3.600000 -0.007254
v -3.006819 3.600000 -0.007176
v -3.006875 3.600000 -0.007152
v -3.007016 3.600000 -0.007094
v -3.001515 3.600000 -0.009373
v -3.006061 3.600000 -0.007490
v -3.001010 3.600000 -0.009582
v -3.001515 3.600000 -0.009373
v -3.000011 3.600000 -0.009996
v -3.000023 3.600000 -0.009991
v -3.000023 3.600000 -0.009991
v -3.000055 3.600000 -0.009978
v -3.000000 3.600000 -0.010000
v -3.000011 3.600000 -0.009996
v -3.000884 3.600000 -0.009634
v -3.001010 3.600000 -0.009582
v -3.000252 3.600000 -0.009896
v -3.000196 3.600000 -0.009919
v -3.000252 3.600000 -0.009896
v -3.000055 3.600000 -0.009978
v -3.000196 3.600000 -0.009919
v -2.999357 3.600000 -0.009734
v -3.000000 3.600000 -0.010000
v -2.992929 3.600000 -0.007071
v -2.999357 3.600000 -0.009734
v -3.007604 4.000000 -0.005785
v -3.009947 4.000000 -0.000129
v -3.009947 4.000000 -0.000129
v -3.010000 4.000000 0.000000
v -3.007071 4.000000 -0.007071
v -3.007604 4.000000 -0.005785
v -3.006465 4.000000 -0.007322
v -3.006629 4.000000 -0.007254
v -3.006187 4.000000 -0.007437
v -3.006465 4.000000 -0.007322
v -3.000720 4.000000 -0.009702
v -3.000884 4.000000 -0.009634
v -3.000442 4.000000 -0.009817
v -3.000720 4.000000 -0.009702
v -3.001212 4.000000 -0.009498
v -3.004546 4.000000 -0.008117
v -3.004546 4.000000 -0.008117
v -3.005859 4.000000 -0.007573
v -3.005859 4.000000 -0.007573
v -3.006187 4.000000 -0.007437
v -3.006768 4.000000 -0.007197
v -3.000884 4.000000 -0.009634
v -3.000303 4.000000 -0.009875
v -3.000442 4.000000 -0.009817
v -3.006863 4.000000 -0.007157
v -3.006863 4.000000 -0.007157
v -3.006974 4.000000 -0.007111
v -3.006974 4.000000 -0.007111
v -3.006976 4.000000 -0.007111
v -3.006976 4.000000 -0.007111
v -3.007071 4.000000 -0.007071
v -3.006768 4.000000 -0.007197
v -3.006863 4.000000 -0.007157
v -3.000097 4.000000 -0.009960
v -3.000208 4.000000 -0.009914
v -3.000208 4.000000 -0.009914
v -3.000208 4.000000 -0.009914
v -3.000208 4.000000 -0.009914
v -3.000303 4.000000 -0.009875
v -3.000000 4.000000 -0.010000
v -3.000095 4.000000 -0.009961
v -3.000095 4.000000 -0.009961
v -3.000097 4.000000 -0.009960
v -2.994215 4.000000 -0.007604
v -2.999871 4.000000 -0.009947
v -2.999871 4.000000 -0.009947
v -3.000000 4.000000 -0.010000
v -2.992929 4.000000 -0.007071
v -2.994215 4.000000 -0.007604
v -2.007071 3.550000 0.007071
v -2.010000 3.550000 0.000000
v -2.007071 3.516667 0.007071
v -2.010000 3.516667 0.000000
v -2.009467 4.000000 0.001286
v -2.007071 4.000000 0.007071
v -2.010000 4.000000 0.000000
v -2.009467 4.000000 0.001286
v -1.992929 3.550000 -0.007071
v -1.990000 3.550000 0.000000
v -1.992929 3.516667 -0.007071
v -1.990000 3.516667 0.000000
v -1.990533 4.000000 -0.001286
v -1.992929 4.000000 -0.007071
v -1.990000 4.000000 0.000000
v -1.990533 4.000000 -0.001286
v -2.000000 3.500000 0.000000
v -1.957574 3.600000 -0.042426
v -1.940000 3.600000 0.000000
v -2.000000 3.500000 0.000000
v -1.940000 3.600000 0.000000
v -1.957574 3.600000 0.042426
v -2.000000 3.500000 0.000000
v -1.957574 3.600000 0.042426
v -2.000000 3.600000 0.060000
v -2.000000 3.500000 0.000000
v -2.000000 3.600000 0.060000
v -2.042426 3.600000 0.042426
v -2.000000 3.500000 0.000000
v -2.000000 3.600000 -0.060000
v -1.957574 3.600000 -0.042426
v -2.000000 3.500000 0.000000
v -2.042426 3.600000 -0.042426
v -2.000000 3.600000 -0.060000
v -2.000000 3.500000 0.000000
v -2.060000 3.600000 0.000000
v -2.042426 3.600000 -0.042426
v -2.000000 3.500000 0.000000
v -2.042426 3.600000 0.042426
v -2.060000 3.600000 0.000000
v -2.060000 3.600000 0.000000
v -2.000000 3.600000 0.060000
v -1.957574 3.600000 0.042426
v -2.042426 3.600000 0.042426
v -1.940000 3.600000 0.000000
v -2.000000 3.600000 -0.060000
v -1.957574 3.600000 -0.042426
v -2.042426 3.600000 -0.042426
v -1.993371 3.662500 0.007254
v -1.993813 3.662500 0.007437
v -1.994697 3.662500 0.007803
v -1.993813 3.808333 0.007437
v -1.994697 3.808333 0.007803
v -1.993813 3.954167 0.007437
v -1.994697 3.954167 0.007803
v -1.993371 3.954167 0.007254
v -1.999116 3.662500 0.009634
v -1.999558 3.662500 0.009817
v -1.998232 3.662500 0.009268
v -1.998232 3.808333 0.009268
v -1.999116 3.808333 0.009634
v -1.998232 3.954167 0.009268
v -1.999116 3.954167 0.009634
v -1.999558 3.954167 0.009817
v -1.993750 3.600000 0.007411
v -1.993371 3.600000 0.007254
v -1.993813 3.600000 0.007437
v -1.993750 3.600000 0.007411
v -1.999495 3.600000 0.009791
v -1.999116 3.600000 0.009634
v -1.999558 3.600000 0.009817
v -1.999495 3.600000 0.009791
v -1.992940 3.600000 0.007075
v -1.992929 3.600000 0.007071
v -1.992952 3.600000 0.007081
v -1.992940 3.600000 0.007075
v -1.992984 3.600000 0.007094
v -1.992952 3.600000 0.007081
v -1.993181 3.600000 0.007176
v -1.993125 3.600000 0.007152
v -1.998990 3.600000 0.009582
v -1.998485 3.600000 0.009373
v -1.998485 3.600000 0.009373
v -1.993939 3.600000 0.007490
v -1.993125 3.600000 0.007152
v -1.999989 3.600000 0.009996
v -1.999977 3.600000 0.009991
v -1.999977 3.600000 0.009991
v -1.999945 3.600000 0.009978
v -2.000000 3.600000 0.010000
v -1.999989 3.600000 0.009996
v -1.998990 3.600000 0.009582
v -1.999747 3.600000 0.009896
v -1.999804 3.600000 0.009919
v -1.999747 3.600000 0.009896
v -1.999945 3.600000 0.009978
v -2.000000 3.600000 0.010000
v -2.000643 3.600000 0.009734
v -2.007071 3.600000 0.007071
v -1.990183 3.662500 0.000442
v -1.990366 3.662500 0.000884
v -1.990732 3.662500 0.001768
v -1.990366 3.808333 0.000884
v -1.990732 3.808333 0.001768
v -1.990366 3.954167 0.000884
v -1.990732 3.954167 0.001768
v -1.990183 3.954167 0.000442
v -1.992563 3.662500 0.006187
v -1.992746 3.662500 0.006629
v -1.992197 3.662500 0.005303
v -1.992197 3.808333 0.005303
v -1.992563 3.808333 0.006187
v -1.992197 3.954167 0.005303
v -1.992563 3.954167 0.006187
v -1.992746 3.954167 0.006629
v -1.990340 3.600000 0.000821
v -1.990183 3.600000 0.000442
v -1.990366 3.600000 0.000884
v -1.990340 3.600000 0.000821
v -1.992720 3.600000 0.006566
v -1.992563 3.600000 0.006187
v -1.992746 3.600000 0.006629
v -1.992720 3.600000 0.006566
v -1.990004 3.600000 0.000011
v -1.990000 3.600000 0.000000
v -1.990010 3.600000 0.000023
v -1.990004 3.600000 0.000011
v -1.990023 3.600000 0.000055
v -1.990010 3.600000 0.000023
v -1.990105 3.600000 0.000252
v -1.990081 3.600000 0.000196
v -1.990628 3.600000 0.001515
v -1.990418 3.600000 0.001010
v -1.992511 3.600000 0.006061
v -1.990628 3.600000 0.001515
v -1.990418 3.600000 0.001010
v -1.990081 3.600000 0.000196
v -1.992919 3.600000 0.007048
v -1.992906 3.600000 0.007016
v -1.992924 3.600000 0.007060
v -1.992929 3.600000 0.007071
v -1.992924 3.600000 0.007060
v -1.992511 3.600000 0.006061
v -1.992824 3.600000 0.006819
v -1.992746 3.600000 0.006629
v -1.992848 3.600000 0.006875
v -1.992824 3.600000 0.006819
v -1.992906 3.600000 0.007016
v -1.993535 4.000000 0.007322
v -1.993371 4.000000 0.007254
v -1.993813 4.000000 0.007437
v -1.993535 4.000000 0.007322
v -1.999280 4.000000 0.009702
v -1.999116 4.000000 0.009634
v -1.999558 4.000000 0.009817
v -1.994141 4.000000 0.007573
v -1.993813 4.000000 0.007437
v -1.995454 4.000000 0.008117
v -1.998788 4.000000 0.009498
v -1.995454 4.000000 0.008117
v -1.993371 4.000000 0.007254
v -1.993232 4.000000 0.007197
v -1.999116 4.000000 0.009634
v -1.998788 4.000000 0.009498
v -1.999697 4.000000 0.009875
v -1.999558 4.000000 0.009817
v -1.993026 4.000000 0.007111
v -1.993024 4.000000 0.007111
v -1.993024 4.000000 0.007111
v -1.992929 4.000000 0.007071
v -1.993137 4.000000 0.007157
v -1.993026 4.000000 0.007111
v -1.993137 4.000000 0.007157
v -1.993137 4.000000 0.007157
v -1.993232 4.000000 0.007197
v -1.999903 4.000000 0.009960
v -1.999792 4.000000 0.009914
v -1.999792 4.000000 0.009914
v -1.999792 4.000000 0.009914
v -1.999792 4.000000 0.009914
v -1.999697 4.000000 0.009875
v -2.000000 4.000000 0.010000
v -1.999905 4.000000 0.009961
v -1.999905 4.000000 0.009961
v -1.999903 4.000000 0.009960
v -2.005785 4.000000 0.007604
v -2.000129 4.000000 0.009947
v -2.000129 4.000000 0.009947
v -2.000000 4.000000 0.010000
v -2.007071 4.000000 0.007071
v -1.990251 4.000000 0.000606
v -1.990183 4.000000 0.000442
v -1.990366 4.000000 0.000884
v -1.990251 4.000000 0.000606
v -1.992631 4.000000 0.006351
v -1.992563 4.000000 0.006187
v -1.992746 4.000000 0.006629
v -1.992631 4.000000 0.006351
v -1.990502 4.000000 0.001212
v -1.990366 4.000000 0.000884
v -1.991046 4.000000 0.002526
v -1.990502 4.000000 0.001212
v -1.992427 4.000000 0.005859
v -1.990126 4.000000 0.000303
v -1.992563 4.000000 0.006187
v -1.992427 4.000000 0.005859
v -1.992803 4.000000 0.006768
v -1.990040 4.000000 0.000097
v -1.990039 4.000000 0.000095
v -1.990039 4.000000 0.000095
v -1.990000 4.000000 0.000000
v -1.990086 4.000000 0.000207
v -1.990086 4.000000 0.000207
v -1.990086 4.000000 0.000207
v -1.990126 4.000000 0.000303
v -1.992843 4.000000 0.006863
v -1.992803 4.000000 0.006768
v -1.992889 4.000000 0.006974
v -1.992843 4.000000 0.006863
v -1.992843 4.000000 0.006863
v -1.992843 4.000000 0.006863
v -1.992929 4.000000 0.007071
v -1.992889 4.000000 0.006976
v -1.992889 4.000000 0.006974
v -1.992889 4.000000 0.006976
v -2.009734 3.600000 -0.000643
v -2.010000 3.600000 0.000000
v -2.007071 3.600000 -0.007071
v -2.009734 3.600000 -0.000643
v -2.006629 3.662500 -0.007254
v -2.006187 3.662500 -0.007437
v -2.005303 3.662500 -0.007803
v -2.006187 3.808333 -0.007437
v -2.005303 3.808333 -0.007803
v -2.006187 3.954167 -0.007437
v -2.005303 3.954167 -0.007803
v -2.006629 3.954167 -0.007254
v -2.000884 3.662500 -0.009634
v -2.000442 3.662500 -0.009817
v -2.001768 3.662500 -0.009268
v -2.001768 3.808333 -0.009268
v -2.000884 3.808333 -0.009634
v -2.001768 3.954167 -0.009268
v -2.000884 3.954167 -0.009634
v -2.000442 3.954167 -0.009817
v -2.006250 3.600000 -0.007411
v -2.006629 3.600000 -0.007254
v -2.006187 3.600000 -0.007437
v -2.006250 3.600000 -0.007411
v -2.000505 3.600000 -0.009791
v -2.000884 3.600000 -0.009634
v -2.000442 3.600000 -0.009817
v -2.000505 3.600000 -0.009791
v -2.007048 3.600000 -0.007081
v -2.007060 3.600000 -0.007075
v -2.007060 3.600000 -0.007075
v -2.007071 3.600000 -0.007071
v -2.007016 3.600000 -0.007094
v -2.007048 3.600000 -0.007081
v -2.006819 3.600000 -0.007176
v -2.006875 3.600000 -0.007152
v -2.006061 3.600000 -0.007490
v -2.006629 3.600000 -0.007254
v -2.006819 3.600000 -0.007176
v -2.006875 3.600000 -0.007152
v -2.007016 3.600000 -0.007094
v -2.001515 3.600000 -0.009373
v -2.006061 3.600000 -0.007490
v -2.001010 3.600000 -0.009582
v -2.001515 3.600000 -0.009373
v -2.000011 3.600000 -0.009996
v -2.000023 3.600000 -0.009991
v -2.000023 3.600000 -0.009991
v -2.000055 3.600000 -0.009978
v -2.000000 3.600000 -0.010000
v -2.000011 3.600000 -0.009996
v -2.000884 3.600000 -0.009634
v -2.001010 3.600000 -0.009582
v -2.000252 3.600000 -0.009896
v -2.000196 3.600000 -0.009919
v -2.000252 3.600000 -0.009896
v -2.000055 3.600000 -0.009978
v -2.000196 3.600000 -0.009919
v -1.999357 3.600000 -0.009734
v -2.000000 3.600000 -0.010000
v -1.992929 3.600000 -0.007071
v -1.999357 3.600000 -0.009734
v -2.007604 4.000000 -0.005785
v -2.009947 4.000000 -0.000129
v -2.009947 4.000000 -0.000129
v -2.010000 4.000000 0.000000
v -2.007071 4.000000 -0.007071
v -2.007604 4.000000 -0.005785
v -2.006465 4.000000 -0.007322
v -2.006629 4.000000 -0.007254
v -2.006187 4.000000 -0.007437
v -2.006465 4.000000 -0.007322
v -2.000720 4.000000 -0.009702
v -2.000884 4.000000 -0.009634
v -2.000442 4.000000 -0.009817
v -2.000720 4.000000 -0.009702
v -2.001212 4.000000 -0.009498
v -2.004546 4.000000 -0.008117
v -2.004546 4.000000 -0.008117
v -2.005859 4.000000 -0.007573
v -2.005859 4.000000 -0.007573
v -2.006187 4.000000 -0.007437
v -2.006768 4.000000 -0.007197
v -2.000884 4.000000 -0.009634
v -2.000303 4.000000 -0.009875
v -2.000442 4.000000 -0.009817
v -2.006863 4.000000 -0.007157
v -2.006863 4.000000 -0.007157
v -2.006974 4.000000 -0.007111
v -2.006974 4.000000 -0.007111
v -2.006976 4.000000 -0.007111
v -2.006976 4.000000 -0.007111
v -2.007071 4.000000 -0.007071
v -2.006768 4.000000 -0.007197
v -2.006863 4.000000 -0.007157
v -2.000097 4.000000 -0.009960
v -2.000208 4.000000 -0.009914
v -2.000208 4.000000 -0.009914
v -2.000208 4.000000 -0.009914
v -2.000208 4.000000 -0.009914
v -2.000303 4.000000 -0.009875
v -2.000000 4.000000 -0.010000
v -2.000095 4.000000 -0.009961
v -2.000095 4.000000 -0.009961
v -2.000097 4.000000 -0.009960
v -1.994215 4.000000 -0.007604
v -1.999871 4.000000 -0.009947
v -1.999871 4.000000 -0.009947
v -2.000000 4.000000 -0.010000
v -1.992929 4.000000 -0.007071
v -1.994215 4.000000 -0.007604
v -3.007071 2.710000 -0.007071
v -3.010000 2.710000 0.000000
v -3.007071 2.743333 -0.007071
v -3.010000 2.743333 0.000000
v -3.009467 2.260000 -0.001286
v -3.007071 2.260000 -0.007071
v -3.010000 2.260000 0.000000
v -3.009467 2.260000 -0.001286
v -2.992929 2.710000 0.007071
v -2.990000 2.710000 0.000000
v -2.992929 2.743333 0.007071
v -2.990000 2.743333 0.000000
v -2.990533 2.260000 0.001286
v -2.992929 2.260000 0.007071
v -2.990000 2.260000 0.000000
v -2.990533 2.260000 0.001286
v -3.000000 2.760000 0.000000
v -2.957574 2.660000 0.042426
v -2.940000 2.660000 0.000000
v -3.000000 2.760000 0.000000
v -2.940000 2.660000 0.000000
v -2.957574 2.660000 -0.042426
v -3.000000 2.760000 0.000000
v -2.957574 2.660000 -0.042426
v -3.000000 2.660000 -0.060000
v -3.000000 2.760000 0.000000
v -3.000000 2.660000 -0.060000
v -3.042426 2.660000 -0.042426
v -3.000000 2.760000 0.000000
v -3.000000 2.660000 0.060000
v -2.957574 2.660000 0.042426
v -3.000000 2.760000 0.000000
v -3.042426 2.660000 0.042426
v -3.000000 2.660000 0.060000
v -3.000000 2.760000 0.000000
v -3.060000 2.660000 0.000000
v -3.042426 2.660000 0.042426
v -3.000000 2.760000 0.000000
v -3.042426 2.660000 -0.042426
v -3.060000 2.660000 0.000000
v -3.060000 2.660000 0.000000
v -3.000000 2.660000 -0.060000
v -2.957574 2.660000 -0.042426
v -3.042426 2.660000 -0.042426
v -2.940000 2.660000 0.000000
v -3.000000 2.660000 0.060000
v -2.957574 2.660000 0.042426
v -3.042426 2.660000 0.042426
v -2.993371 2.597500 -0.007254
v -2.993813 2.597500 -0.007437
v -2.994697 2.597500 -0.007803
v -2.993813 2.451667 -0.007437
v -2.994697 2.451667 -0.007803
v -2.993813 2.305833 -0.007437
v -2.994697 2.305833 -0.007803
v -2.993371 2.305833 -0.007254
v -2.999116 2.597500 -0.009634
v -2.999558 2.597500 -0.009817
v -2.998232 2.597500 -0.009268
v -2.998232 2.451667 -0.009268
v -2.999116 2.451667 -0.009634
v -2.998232 2.305833 -0.009268
v -2.999116 2.305833 -0.009634
v -2.999558 2.305833 -0.009817
v -2.993750 2.660000 -0.007411
v -2.993371 2.660000 -0.007254
v -2.993813 2.660000 -0.007437
v -2.993750 2.660000 -0.007411
v -2.999495 2.660000 -0.009791
v -2.999116 2.660000 -0.009634
v -2.999558 2.660000 -0.009817
v -2.999495 2.660000 -0.009791
v -2.992940 2.660000 -0.007075
v -2.992929 2.660000 -0.007071
v -2.992952 2.660000 -0.007081
v -2.992940 2.660000 -0.007075
v -2.992984 2.660000 -0.007094
v -2.992952 2.660000 -0.007081
v -2.993181 2.660000 -0.007176
v -2.993125 2.660000 -0.007152
v -2.998990 2.660000 -0.009582
v -2.998485 2.660000 -0.009373
v -2.998485 2.660000 -0.009373
v -2.993939 2.660000 -0.007490
v -2.993125 2.660000 -0.007152
v -2.999989 2.660000 -0.009996
v -2.999977 2.660000 -0.009991
v -2.999977 2.660000 -0.009991
v -2.999945 2.660000 -0.009978
v -3.000000 2.660000 -0.010000
v -2.999989 2.660000 -0.009996
v -2.998990 2.660000 -0.009582
v -2.999748 2.660000 -0.009896
v -2.999804 2.660000 -0.009919
v -2.999748 2.660000 -0.009896
v -2.999945 2.660000 -0.009978
v -3.000000 2.660000 -0.010000
v -3.000643 2.660000 -0.009734
v -3.007071 2.660000 -0.007071
v -2.990183 2.597500 -0.000442
v -2.990366 2.597500 -0.000884
v -2.990732 2.597500 -0.001768
v -2.990366 2.451667 -0.000884
v -2.990732 2.451667 -0.001768
v -2.990366 2.305833 -0.000884
v -2.990732 2.305833 -0.001768
v -2.990183 2.305833 -0.000442
v -2.992563 2.597500 -0.006187
v -2.992746 2.597500 -0.006629
v -2.992197 2.597500 -0.005303
v -2.992197 2.451667 -0.005303
v -2.992563 2.451667 -0.006187
v -2.992197 2.305833 -0.005303
v -2.992563 2.305833 -0.006187
v -2.992746 2.305833 -0.006629
v -2.990340 2.660000 -0.000821
v -2.990183 2.660000 -0.000442
v -2.990366 2.660000 -0.000884
v -2.990340 2.660000 -0.000821
v -2.992720 2.660000 -0.006566
v -2.992563 2.660000 -0.006187
v -2.992746 2.660000 -0.006629
v -2.992720 2.660000 -0.006566
v -2.990005 2.660000 -0.000011
v -2.990000 2.660000 0.000000
v -2.990010 2.660000 -0.000023
v -2.990005 2.660000 -0.000011
v -2.990023 2.660000 -0.000055
v -2.990010 2.660000 -0.000023
v -2.990105 2.660000 -0.000252
v -2.990081 2.660000 -0.000196
v -2.990628 2.660000 -0.001515
v -2.990418 2.660000 -0.001010
v -2.992511 2.660000 -0.006061
v -2.990628 2.660000 -0.001515
v -2.990418 2.660000 -0.001010
v -2.990081 2.660000 -0.000196
v -2.992919 2.660000 -0.007048
v -2.992906 2.660000 -0.007016
v -2.992924 2.660000 -0.007060
v -2.992929 2.660000 -0.007071
v -2.992924 2.660000 -0.007060
v -2.992511 2.660000 -0.006061
v -2.992824 2.660000 -0.006819
v -2.992746 2.660000 -0.006629
v -2.992848 2.660000 -0.006875
v -2.992824 2.660000 -0.006819
v -2.992906 2.660000 -0.007016
v -2.993535 2.260000 -0.007322
v -2.993371 2.260000 -0.007254
v -2.993813 2.260000 -0.007437
v -2.993535 2.260000 -0.007322
v -2.999280 2.260000 -0.009702
v -2.999116 2.260000 -0.009634
v -2.999558 2.260000 -0.009817
v -2.994141 2.260000 -0.007573
v -2.993813 2.260000 -0.007437
v -2.995454 2.260000 -0.008117
v -2.998788 2.260000 -0.009498
v -2.995454 2.260000 -0.008117
v -2.993371 2.260000 -0.007254
v -2.993232 2.260000 -0.007197
v -2.999116 2.260000 -0.009634
v -2.998788 2.260000 -0.009498
v -2.999697 2.260000 -0.009875
v -2.999558 2.260000 -0.009817
v -2.993026 2.260000 -0.007111
v -2.993024 2.260000 -0.007111
v -2.993024 2.260000 -0.007111
v -2.992929 2.260000 -0.007071
v -2.993137 2.260000 -0.007157
v -2.993026 2.260000 -0.007111
v -2.993137 2.260000 -0.007157
v -2.993137 2.260000 -0.007157
v -2.993232 2.260000 -0.007197
v -2.999903 2.260000 -0.009960
v -2.999792 2.260000 -0.009914
v -2.999792 2.260000 -0.009914
v -2.999792 2.260000 -0.009914
v -2.999792 2.260000 -0.009914
v -2.999697 2.260000 -0.009875
v -3.000000 2.260000 -0.010000
v -2.999905 2.260000 -0.009961
v -2.999905 2.260000 -0.009961
v -2.999903 2.260000 -0.009960
v -3.005785 2.260000 -0.007604
v -3.000129 2.260000 -0.009947
v -3.000129 2.260000 -0.009947
v -3.000000 2.260000 -0.010000
v -3.007071 2.260000 -0.007071
v -2.990251 2.260000 -0.000606
v -2.990183 2.260000 -0.000442
v -2.990366 2.260000 -0.000884
v -2.990251 2.260000 -0.000606
v -2.992631 2.260000 -0.006351
v -2.992563 2.260000 -0.006187
v -2.992746 2.260000 -0.006629
v -2.992631 2.260000 -0.006351
v -2.990502 2.260000 -0.001212
v -2.990366 2.260000 -0.000884
v -2.991046 2.260000 -0.002526
v -2.990502 2.260000 -0.001212
v -2.992427 2.260000 -0.005859
v -2.990125 2.260000 -0.000303
v -2.992563 2.260000 -0.006187
v -2.992427 2.260000 -0.005859
v -2.992803 2.260000 -0.006768
v -2.990040 2.260000 -0.000097
v -2.990040 2.260000 -0.000095
v -2.990040 2.260000 -0.000095
v -2.990000 2.260000 0.000000
v -2.990086 2.260000 -0.000207
v -2.990086 2.260000 -0.000207
v -2.990086 2.260000 -0.000207
v -2.990125 2.260000 -0.000303
v -2.992843 2.260000 -0.006863
v -2.992803 2.260000 -0.006768
v -2.992889 2.260000 -0.006974
v -2.992843 2.260000 -0.006863
v -2.992843 2.260000 -0.006863
v -2.992843 2.260000 -0.006863
v -2.992929 2.260000 -0.007071
v -2.992889 2.260000 -0.006976
v -2.992889 2.260000 -0.006974
v -2.992889 2.260000 -0.006976
v -3.009734 2.660000 0.000643
v -3.010000 2.660000 0.000000
v -3.007071 2.660000 0.007071
v -3.009734 2.660000 0.000643
v -3.006629 2.597500 0.007254
v -3.006187 2.597500 0.007437
v -3.005303 2.597500 0.007803
v -3.006187 2.451667 0.007437
v -3.005303 2.451667 0.007803
v -3.006187 2.305833 0.007437
v -3.005303 2.305833 0.007803
v -3.006629 2.305833 0.007254
v -3.000884 2.597500 0.009634
v -3.000442 2.597500 0.009817
v -3.001768 2.597500 0.009268
v -3.001768 2.451667 0.009268
v -3.000884 2.451667 0.009634
v -3.001768 2.305833 0.009268
v -3.000884 2.305833 0.009634
v -3.000442 2.305833 0.009817
v -3.006250 2.660000 0.007411
v -3.006629 2.660000 0.007254
v -3.006187 2.660000 0.007437
v -3.006250 2.660000 0.007411
v -3.000505 2.660000 0.009791
v -3.000884 2.660000 0.009634
v -3.000442 2.660000 0.009817
v -3.000505 2.660000 0.009791
v -3.007048 2.660000 0.007081
v -3.007060 2.660000 0.007075
v -3.007060 2.660000 0.007075
v -3.007071 2.660000 0.007071
v -3.007016 2.660000 0.007094
v -3.007048 2.660000 0.007081
v -3.006819 2.660000 0.007176
v -3.006875 2.660000 0.007152
v -3.006061 2.660000 0.007490
v -3.006629 2.660000 0.007254
v -3.006819 2.660000 0.007176
v -3.006875 2.660000 0.007152
v -3.007016 2.660000 0.007094
v -3.001515 2.660000 0.009373
v -3.006061 2.660000 0.007490
v -3.001010 2.660000 0.009582
v -3.001515 2.660000 0.009373
v -3.000011 2.660000 0.009996
v -3.000023 2.660000 0.009991
v -3.000023 2.660000 0.009991
v -3.000055 2.660000 0.009978
v -3.000000 2.660000 0.010000
v -3.000011 2.660000 0.009996
v -3.000884 2.660000 0.009634
v -3.001010 2.660000 0.009582
v -3.000252 2.660000 0.009896
v -3.000196 2.660000 0.009919
v -3.000252 2.660000 0.009896
v -3.000055 2.660000 0.009978
v -3.000196 2.660000 0.009919
v -2.999357 2.660000 0.009734
v -3.000000 2.660000 0.010000
v -2.992929 2.660000 0.007071
v -2.999357 2.660000 0.009734
v -3.007604 2.260000 0.005785
v -3.009947 2.260000 0.000129
v -3.009947 2.260000 0.000129
v -3.010000 2.260000 0.000000
v -3.007071 2.260000 0.007071
v -3.007604 2.260000 0.005785
v -3.006465 2.260000 0.007322
v -3.006629 2.260000 0.007254
v -3.006187 2.260000 0.007437
v -3.006465 2.260000 0.007322
v -3.000720 2.260000 0.009702
v -3.000884 2.260000 0.009634
v -3.000442 2.260000 0.009817
v -3.000720 2.260000 0.009702
v -3.001212 2.260000 0.009498
v -3.004546 2.260000 0.008117
v -3.004546 2.260000 0.008117
v -3.005859 2.260000 0.007573
v -3.005859 2.260000 0.007573
v -3.006187 2.260000 0.007437
v -3.006768 2.260000 0.007197
v -3.000884 2.260000 0.009634
v -3.000303 2.260000 0.009875
v -3.000442 2.260000 0.009817
v -3.006863 2.260000 0.007157
v -3.006863 2.260000 0.007157
v -3.006974 2.260000 0.007111
v -3.006974 2.260000 0.007111
v -3.006976 2.260000 0.007111
v -3.006976 2.260000 0.007111
v -3.007071 2.260000 0.007071
v -3.006768 2.260000 0.007197
v -3.006863 2.260000 0.007157
v -3.000097 2.260000 0.009960
v -3.000208 2.260000 0.009914
v -3.000208 2.260000 0.009914
v -3.000208 2.260000 0.009914
v -3.000208 2.260000 0.009914
v -3.000303 2.260000 0.009875
v -3.000000 2.260000 0.010000
v -3.000095 2.260000 0.009961
v -3.000095 2.260000 0.009961
v -3.000097 2.260000 0.009960
v -2.994215 2.260000 0.007604
v -2.999871 2.260000 0.009947
v -2.999871 2.260000 0.009947
v -3.000000 2.260000 0.010000
v -2.992929 2.260000 0.007071
v -2.994215 2.260000 0.007604
v -2.007071 2.710000 -0.007071
v -2.010000 2.710000 0.000000
v -2.007071 2.743333 -0.007071
v -2.010000 2.743333 0.000000
v -2.009467 2.260000 -0.001286
v -2.007071 2.260000 -0.007071
v -2.010000 2.260000 0.000000
v -2.009467 2.260000 -0.001286
v -1.992929 2.710000 0.007071
v -1.990000 2.710000 0.000000
v -1.992929 2.743333 0.007071
v -1.990000 2.743333 0.000000
v -1.990533 2.260000 0.001286
v -1.992929 2.260000 0.007071
v -1.990000 2.260000 0.000000
v -1.990533 2.260000 0.001286
v -2.000000 2.760000 0.000000
v -1.957574 2.660000 0.042426
v -1.940000 2.660000 0.000000
v -2.000000 2.760000 0.000000
v -1.940000 2.660000 0.000000
v -1.957574 2.660000 -0.042426
v -2.000000 2.760000 0.000000
v -1.957574 2.660000 -0.042426
v -2.000000 2.660000 -0.060000
v -2.000000 2.760000 0.000000
v -2.000000 2.660000 -0.060000
v -2.042426 2.660000 -0.042426
v -2.000000 2.760000 0.000000
v -2.000000 2.660000 0.060000
v -1.957574 2.660000 0.042426
v -2.000000 2.760000 0.000000
v -2.042426 2.660000 0.042426
v -2.000000 2.660000 0.060000
v -2.000000 2.760000 0.000000
v -2.060000 2.660000 0.000000
v -2.042426 2.660000 0.042426
v -2.000000 2.760000 0.000000
v -2.042426 2.660000 -0.042426
v -2.060000 2.660000 0.000000
v -2.060000 2.660000 0.000000
v -2.000000 2.660000 -0.060000
v -1.957574 2.660000 -0.042426
v -2.042426 2.660000 -0.042426
v -1.940000 2.660000 0.000000
v -2.000000 2.660000 0.060000
v -1.957574 2.660000 0.042426
v -2.042426 2.660000 0.042426
v -1.993371 2.597500 -0.007254
v -1.993813 2.597500 -0.007437
v -1.994697 2.597500 -0.007803
v -1.993813 2.451667 -0.007437
v -1.994697 2.451667 -0.007803
v -1.993813 2.305833 -0.007437
v -1.994697 2.305833 -0.007803
v -1.993371 2.305833 -0.007254
v -1.999116 2.597500 -0.009634
v -1.999558 2.597500 -0.009817
v -1.998232 2.597500 -0.009268
v -1.998232 2.451667 -0.009268
v -1.999116 2.451667 -0.009634
v -1.998232 2.305833 -0.009268
v -1.999116 2.305833 -0.009634
v -1.999558 2.305833 -0.009817
v -1.993750 2.660000 -0.007411
v -1.993371 2.660000 -0.007254
v -1.993813 2.660000 -0.007437
v -1.993750 2.660000 -0.007411
v -1.999495 2.660000 -0.009791
v -1.999116 2.660000 -0.009634
v -1.999558 2.660000 -0.009817
v -1.999495 2.660000 -0.009791
v -1.992940 2.660000 -0.007075
v -1.992929 2.660000 -0.007071
v -1.992952 2.660000 -0.007081
v -1.992940 2.660000 -0.007075
v -1.992984 2.660000 -0.007094
v -1.992952 2.660000 -0.007081
v -1.993181 2.660000 -0.007176
v -1.993125 2.660000 -0.007152
v -1.998990 2.660000 -0.009582
v -1.998485 2.660000 -0.009373
v -1.998485 2.660000 -0.009373
v -1.993939 2.660000 -0.007490
v -1.993125 2.660000 -0.007152
v -1.999989 2.660000 -0.009996
v -1.999977 2.660000 -0.009991
v -1.999977 2.660000 -0.009991
v -1.999945 2.660000 -0.009978
v -2.000000 2.660000 -0.010000
v -1.999989 2.660000 -0.009996
v -1.998990 2.660000 -0.009582
v -1.999747 2.660000 -0.009896
v -1.999804 2.660000 -0.009919
v -1.999747 2.660000 -0.009896
v -1.999945 2.660000 -0.009978
v -2.000000 2.660000 -0.010000
v -2.000643 2.660000 -0.009734
v -2.007071 2.660000 -0.007071
v -1.990183 2.597500 -0.000442
v -1.990366 2.597500 -0.000884
v -1.990732 2.597500 -0.001768
v -1.990366 2.451667 -0.000884
v -1.990732 2.451667 -0.001768
v -1.990366 2.305833 -0.000884
v -1.990732 2.305833 -0.001768
v -1.990183 2.305833 -0.000442
v -1.992563 2.597500 -0.006187
v -1.992746 2.597500 -0.006629
v -1.992197 2.597500 -0.005303
v -1.992197 2.451667 -0.005303
v -1.992563 2.451667 -0.006187
v -1.992197 2.305833 -0.005303
v -1.992563 2.305833 -0.006187
v -1.992746 2.305833 -0.006629
v -1.990340 2.660000 -0.000821
v -1.990183 2.660000 -0.000442
v -1.990366 2.660000 -0.000884
v -1.990340 2.660000 -0.000821
v -1.992720 2.660000 -0.006566
v -1.992563 2.660000 -0.006187
v -1.992746 2.660000 -0.006629
v -1.992720 2.660000 -0.006566
v -1.990004 2.660000 -0.000011
v -1.990000 2.660000 0.000000
v -1.990010 2.660000 -0.000023
v -1.990004 2.660000 -0.000011
v -1.990023 2.660000 -0.000055
v -1.990010 2.660000 -0.000023
v -1.990105 2.660000 -0.000252
v -1.990081 2.660000 -0.000196
v -1.990628 2.660000 -0.001515
v -1.990418 2.660000 -0.001010
v -1.992511 2.660000 -0.006061
v -1.990628 2.660000 -0.001515
v -1.990418 2.660000 -0.001010
v -1.990081 2.660000 -0.000196
v -1.992919 2.660000 -0.007048
v -1.992906 2.660000 -0.007016
v -1.992924 2.660000 -0.007060
v -1.992929 2.660000 -0.007071
v -1.992924 2.660000 -0.007060
v -1.992511 2.660000 -0.006061
v -1.992824 2.660000 -0.006819
v -1.992746 2.660000 -0.006629
v -1.992848 2.660000 -0.006875
v -1.992824 2.660000 -0.006819
v -1.992906 2.660000 -0.007016
v -1.993535 2.260000 -0.007322
v -1.993371 2.260000 -0.007254
v -1.993813 2.260000 -0.007437
v -1.993535 2.260000 -0.007322
v -1.999280 2.260000 -0.009702
v -1.999116 2.260000 -0.009634
v -1.999558 2.260000 -0.009817
v -1.994141 2.260000 -0.007573
v -1.993813 2.260000 -0.007437
v -1.995454 2.260000 -0.008117
v -1.998788 2.260000 -0.009498
v -1.995454 2.260000 -0.008117
v -1.993371 2.260000 -0.007254
v -1.993232 2.260000 -0.007197
v -1.999116 2.260000 -0.009634
v -1.998788 2.260000 -0.009498
v -1.999697 2.260000 -0.009875
v -1.999558 2.260000 -0.009817
v -1.993026 2.260000 -0.007111
v -1.993024 2.260000 -0.007111
v -1.993024 2.260000 -0.007111
v -1.992929 2.260000 -0.007071
v -1.993137 2.260000 -0.007157
v -1.993026 2.260000 -0.007111
v -1.993137 2.260000 -0.007157
v -1.993137 2.260000 -0.007157
v -1.993232 2.260000 -0.007197
v -1.999903 2.260000 -0.009960
v -1.999792 2.260000 -0.009914
v -1.999792 2.260000 -0.009914
v -1.999792 2.260000 -0.009914
v -1.999792 2.260000 -0.009914
v -1.999697 2.260000 -0.009875
v -2.000000 2.260000 -0.010000
v -1.999905 2.260000 -0.009961
v -1.999905 2.260000 -0.009961
v -1.999903 2.260000 -0.009960
v -2.005785 2.260000 -0.007604
v -2.000129 2.260000 -0.009947
v -2.000129 2.260000 -0.009947
v -2.000000 2.260000 -0.010000
v -2.007071 2.260000 -0.007071
v -1.990251 2.260000 -0.000606
v -1.990183 2.260000 -0.000442
v -1.990366 2.260000 -0.000884
v -1.990251 2.260000 -0.000606
v -1.992631 2.260000 -0.006351
v -1.992563 2.260000 -0.006187
v -1.992746 2.260000 -0.006629
v -1.992631 2.260000 -0.006351
v -1.990502 2.260000 -0.001212
v -1.990366 2.260000 -0.000884
v -1.991046 2.260000 -0.002526
v -1.990502 2.260000 -0.001212
v -1.992427 2.260000 -0.005859
v -1.990126 2.260000 -0.000303
v -1.992563 2.260000 -0.006187
v -1.992427 2.260000 -0.005859
v -1.992803 2.260000 -0.006768
v -1.990040 2.260000 -0.000097
v -1.990039 2.260000 -0.000095
v -1.990039 2.260000 -0.000095
v -1.990000 2.260000 0.000000
v -1.990086 2.260000 -0.000207
v -1.990086 2.260000 -0.000207
v -1.990086 2.260000 -0.000207
v -1.990126 2.260000 -0.000303
v -1.992843 2.260000 -0.006863
v -1.992803 2.260000 -0.006768
v -1.992889 2.260000 -0.006974
v -1.992843 2.260000 -0.006863
v -1.992843 2.260000 -0.006863
v -1.992843 2.260000 -0.006863
v -1.992929 2.260000 -0.007071
v -1.992889 2.260000 -0.006976
v -1.992889 2.260000 -0.006974
v -1.992889 2.260000 -0.006976
v -2.009734 2.660000 0.000643
v -2.010000 2.660000 0.000000
v -2.007071 2.660000 0.007071
v -2.009734 2.660000 0.000643
v -2.006629 2.597500 0.007254
v -2.006187 2.597500 0.007437
v -2.005303 2.597500 0.007803
v -2.006187 2.451667 0.007437
v -2.005303 2.451667 0.007803
v -2.006187 2.305833 0.007437
v -2.005303 2.305833 0.007803
v -2.006629 2.305833 0.007254
v -2.000884 2.597500 0.009634
v -2.000442 2.597500 0.009817
v -2.001768 2.597500 0.009268
v -2.001768 2.451667 0.009268
v -2.000884 2.451667 0.009634
v -2.001768 2.305833 0.009268
v -2.000884 2.305833 0.009634
v -2.000442 2.305833 0.009817
v -2.006250 2.660000 0.007411
v -2.006629 2.660000 0.007254
v -2.006187 2.660000 0.007437
v -2.006250 2.660000 0.007411
v -2.000505 2.660000 0.009791
v -2.000884 2.660000 0.009634
v -2.000442 2.660000 0.009817
v -2.000505 2.660000 0.009791
v -2.007048 2.660000 0.007081
v -2.007060 2.660000 0.007075
v -2.007060 2.660000 0.007075
v -2.007071 2.660000 0.007071
v -2.007016 2.660000 0.007094
v -2.007048 2.660000 0.007081
v -2.006819 2.660000 0.007176
v -2.006875 2.660000 0.007152
v -2.006061 2.660000 0.007490
v -2.006629 2.660000 0.007254
v -2.006819 2.660000 0.007176
v -2.006875 2.660000 0.007152
v -2.007016 2.660000 0.007094
v -2.001515 2.660000 0.009373
v -2.006061 2.660000 0.007490
v -2.001010 2.660000 0.009582
v -2.001515 2.660000 0.009373
v -2.000011 2.660000 0.009996
v -2.000023 2.660000 0.009991
v -2.000023 2.660000 0.009991
v -2.000055 2.660000 0.009978
v -2.000000 2.660000 0.010000
v -2.000011 2.660000 0.009996
v -2.000884 2.660000 0.009634
v -2.001010 2.660000 0.009582
v -2.000252 2.660000 0.009896
v -2.000196 2.660000 0.009919
v -2.000252 2.660000 0.009896
v -2.000055 2.660000 0.009978
v -2.000196 2.660000 0.009919
v -1.999357 2.660000 0.009734
v -2.000000 2.660000 0.010000
v -1.992929 2.660000 0.007071
v -1.999357 2.660000 0.009734
v -2.007604 2.260000 0.005785
v -2.009947 2.260000 0.000129
v -2.009947 2.260000 0.000129
v -2.010000 2.260000 0.000000
v -2.007071 2.260000 0.007071
v -2.007604 2.260000 0.005785
v -2.006465 2.260000 0.007322
v -2.006629 2.260000 0.007254
v -2.006187 2.260000 0.007437
v -2.006465 2.260000 0.007322
v -2.000720 2.260000 0.009702
v -2.000884 2.260000 0.009634
v -2.000442 2.260000 0.009817
v -2.000720 2.260000 0.009702
v -2.001212 2.260000 0.009498
v -2.004546 2.260000 0.008117
v -2.004546 2.260000 0.008117
v -2.005859 2.260000 0.007573
v -2.005859 2.260000 0.007573
v -2.006187 2.260000 0.007437
v -2.006768 2.260000 0.007197
v -2.000884 2.260000 0.009634
v -2.000303 2.260000 0.009875
v -2.000442 2.260000 0.009817
v -2.006863 2.260000 0.007157
v -2.006863 2.260000 0.007157
v -2.006974 2.260000 0.007111
v -2.006974 2.260000 0.007111
v -2.006976 2.260000 0.007111
v -2.006976 2.260000 0.007111
v -2.007071 2.260000 0.007071
v -2.006768 2.260000 0.007197
v -2.006863 2.260000 0.007157
v -2.000097 2.260000 0.009960
v -2.000208 2.260000 0.009914
v -2.000208 2.260000 0.009914
v -2.000208 2.260000 0.009914
v -2.000208 2.260000 0.009914
v -2.000303 2.260000 0.009875
v -2.000000 2.260000 0.010000
v -2.000095 2.260000 0.009961
v -2.000095 2.260000 0.009961
v -2.000097 2.260000 0.009960
v -1.994215 2.260000 0.007604
v -1.999871 2.260000 0.009947
v -1.999871 2.260000 0.009947
v -2.000000 2.260000 0.010000
v -1.992929 2.260000 0.007071
v -1.994215 2.260000 0.007604
v -3.007071 2.710000 0.492929
v -3.010000 2.710000 0.500000
v -3.007071 2.743333 0.492929
v -3.010000 2.743333 0.500000
v -3.009467 2.260000 0.498714
v -3.007071 2.260000 0.492929
v -3.010000 2.260000 0.500000
v -3.009467 2.260000 0.498714
v -2.992929 2.710000 0.507071
v -2.990000 2.710000 0.500000
v -2.992929 2.743333 0.507071
v -2.990000 2.743333 0.500000
v -2.990533 2.260000 0.501286
v -2.992929 2.260000 0.507071
v -2.990000 2.260000 0.500000
v -2.990533 2.260000 0.501286
v -3.000000 2.760000 0.500000
v -2.957574 2.660000 0.542426
v -2.940000 2.660000 0.500000
v -3.000000 2.760000 0.500000
v -2.940000 2.660000 0.500000
v -2.957574 2.660000 0.457574
v -3.000000 2.760000 0.500000
v -2.957574 2.660000 0.457574
v -3.000000 2.660000 0.440000
v -3.000000 2.760000 0.500000
v -3.000000 2.660000 0.440000
v -3.042426 2.660000 0.457574
v -3.000000 2.760000 0.500000
v -3.000000 2.660000 0.560000
v -2.957574 2.660000 0.542426
v -3.000000 2.760000 0.500000
v -3.042426 2.660000 0.542426
v -3.000000 2.660000 0.560000
v -3.000000 2.760000 0.500000
v -3.060000 2.660000 0.500000
v -3.042426 2.660000 0.542426
v -3.000000 2.760000 0.500000
v -3.042426 2.660000 0.457574
v -3.060000 2.660000 0.500000
v -3.060000 2.660000 0.500000
v -3.000000 2.660000 0.440000
v -2.957574 2.660000 0.457574
v -3.042426 2.660000 0.457574
v -2.940000 2.660000 0.500000
v -3.000000 2.660000 0.560000
v -2.957574 2.660000 0.542426
v -3.042426 2.660000 0.542426
v -2.993371 2.597500 0.492746
v -2.993813 2.597500 0.492563
v -2.994697 2.597500 0.492197
v -2.993813 2.451667 0.492563
v -2.994697 2.451667 0.492197
v -2.993813 2.305833 0.492563
v -2.994697 2.305833 0.492197
v -2.993371 2.305833 0.492746
v -2.999116 2.597500 0.490366
v -2.999558 2.597500 0.490183
v -2.998232 2.597500 0.490732
v -2.998232 2.451667 0.490732
v -2.999116 2.451667 0.490366
v -2.998232 2.305833 0.490732
v -2.999116 2.305833 0.490366
v -2.999558 2.305833 0.490183
v -2.993750 2.660000 0.492589
v -2.993371 2.660000 0.492746
v -2.993813 2.660000 0.492563
v -2.993750 2.660000 0.492589
v -2.999495 2.660000 0.490209
v -2.999116 2.660000 0.490366
v -2.999558 2.660000 0.490183
v -2.999495 2.660000 0.490209
v -2.992940 2.660000 0.492925
v -2.992929 2.660000 0.492929
v -2.992952 2.660000 0.492919
v -2.992940 2.660000 0.492925
v -2.992984 2.660000 0.492906
v -2.992952 2.660000 0.492919
v -2.993181 2.660000 0.492824
v -2.993125 2.660000 0.492848
v -2.998990 2.660000 0.490418
v -2.998485 2.660000 0.490627
v -2.998485 2.660000 0.490627
v -2.993939 2.660000 0.492510
v -2.993125 2.660000 0.492848
v -2.999989 2.660000 0.490004
v -2.999977 2.660000 0.490009
v -2.999977 2.660000 0.490009
v -2.999945 2.660000 0.490022
v -3.000000 2.660000 0.490000
v -2.999989 2.660000 0.490004
v -2.998990 2.660000 0.490418
v -2.999748 2.660000 0.490104
v -2.999804 2.660000 0.490081
v -2.999748 2.660000 0.490104
v -2.999945 2.660000 0.490022
v -3.000000 2.660000 0.490000
v -3.000643 2.660000 0.490266
v -3.007071 2.660000 0.492929
v -2.990183 2.597500 0.499558
v -2.990366 2.597500 0.499116
v -2.990732 2.597500 0.498232
v -2.990366 2.451667 0.499116
v -2.990732 2.451667 0.498232
v -2.990366 2.305833 0.499116
v -2.990732 2.305833 0.498232
v -2.990183 2.305833 0.499558
v -2.992563 2.597500 0.493813
v -2.992746 2.597500 0.493371
v -2.992197 2.597500 0.494697
v -2.992197 2.451667 0.494697
v -2.992563 2.451667 0.493813
v -2.992197 2.305833 0.494697
v -2.992563 2.305833 0.493813
v -2.992746 2.305833 0.493371
v -2.990340 2.660000 0.499179
v -2.990183 2.660000 0.499558
v -2.990366 2.660000 0.499116
v -2.990340 2.660000 0.499179
v -2.992720 2.660000 0.493434
v -2.992563 2.660000 0.493813
v -2.992746 2.660000 0.493371
v -2.992720 2.660000 0.493434
v -2.990005 2.660000 0.499989
v -2.990000 2.660000 0.500000
v -2.990010 2.660000 0.499977
v -2.990005 2.660000 0.499989
v -2.990023 2.660000 0.499945
v -2.990010 2.660000 0.499977
v -2.990105 2.660000 0.499748
v -2.990081 2.660000 0.499804
v -2.990628 2.660000 0.498485
v -2.990418 2.660000 0.498990
v -2.992511 2.660000 0.493939
v -2.990628 2.660000 0.498485
v -2.990418 2.660000 0.498990
v -2.990081 2.660000 0.499804
v -2.992919 2.660000 0.492952
v -2.992906 2.660000 0.492984
v -2.992924 2.660000 0.492940
v -2.992929 2.660000 0.492929
v -2.992924 2.660000 0.492940
v -2.992511 2.660000 0.493939
v -2.992824 2.660000 0.493181
v -2.992746 2.660000 0.493371
v -2.992848 2.660000 0.493125
v -2.992824 2.660000 0.493181
v -2.992906 2.660000 0.492984
v -2.993535 2.260000 0.492678
v -2.993371 2.260000 0.492746
v -2.993813 2.260000 0.492563
v -2.993535 2.260000 0.492678
v -2.999280 2.260000 0.490298
v -2.999116 2.260000 0.490366
v -2.999558 2.260000 0.490183
v -2.994141 2.260000 0.492427
v -2.993813 2.260000 0.492563
v -2.995454 2.260000 0.491883
v -2.998788 2.260000 0.490502
v -2.995454 2.260000 0.491883
v -2.993371 2.260000 0.492746
v -2.993232 2.260000 0.492803
v -2.999116 2.260000 0.490366
v -2.998788 2.260000 0.490502
v -2.999697 2.260000 0.490125
v -2.999558 2.260000 0.490183
v -2.993026 2.260000 0.492889
v -2.993024 2.260000 0.492889
v -2.993024 2.260000 0.492889
v -2.992929 2.260000 0.492929
v -2.993137 2.260000 0.492843
v -2.993026 2.260000 0.492889
v -2.993137 2.260000 0.492843
v -2.993137 2.260000 0.492843
v -2.993232 2.260000 0.492803
v -2.999903 2.260000 0.490040
v -2.999792 2.260000 0.490086
v -2.999792 2.260000 0.490086
v -2.999792 2.260000 0.490086
v -2.999792 2.260000 0.490086
v -2.999697 2.260000 0.490125
v -3.000000 2.260000 0.490000
v -2.999905 2.260000 0.490039
v -2.999905 2.260000 0.490039
v -2.999903 2.260000 0.490040
v -3.005785 2.260000 0.492396
v -3.000129 2.260000 0.490053
v -3.000129 2.260000 0.490053
v -3.000000 2.260000 0.490000
v -3.007071 2.260000 0.492929
v -2.990251 2.260000 0.499394
v -2.990183 2.260000 0.499558
v -2.990366 2.260000 0.499116
v -2.990251 2.260000 0.499394
v -2.992631 2.260000 0.493649
v -2.992563 2.260000 0.493813
v -2.992746 2.260000 0.493371
v -2.992631 2.260000 0.493649
v -2.990502 2.260000 0.498788
v -2.990366 2.260000 0.499116
v -2.991046 2.260000 0.497474
v -2.990502 2.260000 0.498788
v -2.992427 2.260000 0.494141
v -2.990125 2.260000 0.499697
v -2.992563 2.260000 0.493813
v -2.992427 2.260000 0.494141
v -2.992803 2.260000 0.493232
v -2.990040 2.260000 0.499903
v -2.990040 2.260000 0.499905
v -2.990040 2.260000 0.499905
v -2.990000 2.260000 0.500000
v -2.990086 2.260000 0.499793
v -2.990086 2.260000 0.499793
v -2.990086 2.260000 0.499793
v -2.990125 2.260000 0.499697
v -2.992843 2.260000 0.493137
v -2.992803 2.260000 0.493232
v -2.992889 2.260000 0.493026
v -2.992843 2.260000 0.493137
v -2.992843 2.260000 0.493137
v -2.992843 2.260000 0.493137
v -2.992929 2.260000 0.492929
v -2.992889 2.260000 0.493024
v -2.992889 2.260000 0.493026
v -2.992889 2.260000 0.493024
v -3.009734 2.660000 0.500643
v -3.010000 2.660000 0.500000
v -3.007071 2.660000 0.507071
v -3.009734 2.660000 0.500643
v -3.006629 2.597500 0.507254
v -3.006187 2.597500 0.507437
v -3.005303 2.597500 0.507803
v -3.006187 2.451667 0.507437
v -3.005303 2.451667 0.507803
v -3.006187 2.305833 0.507437
v -3.005303 2.305833 0.507803
v -3.006629 2.305833 0.507254
v -3.000884 2.597500 0.509634
v -3.000442 2.597500 0.509817
v -3.001768 2.597500 0.509268
v -3.001768 2.451667 0.509268
v -3.000884 2.451667 0.509634
v -3.001768 2.305833 0.509268
v -3.000884 2.305833 0.509634
v -3.000442 2.305833 0.509817
v -3.006250 2.660000 0.507411
v -3.006629 2.660000 0.507254
v -3.006187 2.660000 0.507437
v -3.006250 2.660000 0.507411
v -3.000505 2.660000 0.509791
v -3.000884 2.660000 0.509634
v -3.000442 2.660000 0.509817
v -3.000505 2.660000 0.509791
v -3.007048 2.660000 0.507081
v -3.007060 2.660000 0.507075
v -3.007060 2.660000 0.507075
v -3.007071 2.660000 0.507071
v -3.007016 2.660000 0.507094
v -3.007048 2.660000 0.507081
v -3.006819 2.660000 0.507176
v -3.006875 2.660000 0.507152
v -3.006061 2.660000 0.507490
v -3.006629 2.660000 0.507254
v -3.006819 2.660000 0.507176
v -3.006875 2.660000 0.507152
v -3.007016 2.660000 0.507094
v -3.001515 2.660000 0.509373
v -3.006061 2.660000 0.507490
v -3.001010 2.660000 0.509582
v -3.001515 2.660000 0.509373
v -3.000011 2.660000 0.509996
v -3.000023 2.660000 0.509991
v -3.000023 2.660000 0.509991
v -3.000055 2.660000 0.509978
v -3.000000 2.660000 0.510000
v -3.000011 2.660000 0.509996
v -3.000884 2.660000 0.509634
v -3.001010 2.660000 0.509582
v -3.000252 2.660000 0.509896
v -3.000196 2.660000 0.509919
v -3.000252 2.660000 0.509896
v -3.000055 2.660000 0.509978
v -3.000196 2.660000 0.509919
v -2.999357 2.660000 0.509734
v -3.000000 2.660000 0.510000
v -2.992929 2.660000 0.507071
v -2.999357 2.660000 0.509734
v -3.007604 2.260000 0.505785
v -3.009947 2.260000 0.500129
v -3.009947 2.260000 0.500129
v -3.010000 2.260000 0.500000
v -3.007071 2.260000 0.507071
v -3.007604 2.260000 0.505785
v -3.006465 2.260000 0.507322
v -3.006629 2.260000 0.507254
v -3.006187 2.260000 0.507437
v -3.006465 2.260000 0.507322
v -3.000720 2.260000 0.509702
v -3.000884 2.260000 0.509634
v -3.000442 2.260000 0.509817
v -3.000720 2.260000 0.509702
v -3.001212 2.260000 0.509498
v -3.004546 2.260000 0.508117
v -3.004546 2.260000 0.508117
v -3.005859 2.260000 0.507573
v -3.005859 2.260000 0.507573
v -3.006187 2.260000 0.507437
v -3.006768 2.260000 0.507197
v -3.000884 2.260000 0.509634
v -3.000303 2.260000 0.509875
v -3.000442 2.260000 0.509817
v -3.006863 2.260000 0.507157
v -3.006863 2.260000 0.507157
v -3.006974 2.260000 0.507111
v -3.006974 2.260000 0.507111
v -3.006976 2.260000 0.507111
v -3.006976 2.260000 0.507111
v -3.007071 2.260000 0.507071
v -3.006768 2.260000 0.507197
v -3.006863 2.260000 0.507157
v -3.000097 2.260000 0.509960
v -3.000208 2.260000 0.509914
v -3.000208 2.260000 0.509914
v -3.000208 2.260000 0.509914
v -3.000208 2.260000 0.509914
v -3.000303 2.260000 0.509875
v -3.000000 2.260000 0.510000
v -3.000095 2.260000 0.509961
v -3.000095 2.260000 0.509961
v -3.000097 2.260000 0.509960
v -2.994215 2.260000 0.507604
v -2.999871 2.260000 0.509947
v -2.999871 2.260000 0.509947
v -3.000000 2.260000 0.510000
v -2.992929 2.260000 0.507071
v -2.994215 2.260000 0.507604
v -2.007071 2.710000 0.492929
v -2.010000 2.710000 0.500000
v -2.007071 2.743333 0.492929
v -2.010000 2.743333 0.500000
v -2.009467 2.260000 0.498714
v -2.007071 2.260000 0.492929
v -2.010000 2.260000 0.500000
v -2.009467 2.260000 0.498714
v -1.992929 2.710000 0.507071
v -1.990000 2.710000 0.500000
v -1.992929 2.743333 0.507071
v -1.990000 2.743333 0.500000
v -1.990533 2.260000 0.501286
v -1.992929 2.260000 0.507071
v -1.990000 2.260000 0.500000
v -1.990533 2.260000 0.501286
v -2.000000 2.760000 0.500000
v -1.957574 2.660000 0.542426
v -1.940000 2.660000 0.500000
v -2.000000 2.760000 0.500000
v -1.940000 2.660000 0.500000
v -1.957574 2.660000 0.457574
v -2.000000 2.760000 0.500000
v -1.957574 2.660000 0.457574
v -2.000000 2.660000 0.440000
v -2.000000 2.760000 0.500000
v -2.000000 2.660000 0.440000
v -2.042426 2.660000 0.457574
v -2.000000 2.760000 0.500000
v -2.000000 2.660000 0.560000
v -1.957574 2.660000 0.542426
v -2.000000 2.760000 0.500000
v -2.042426 2.660000 0.542426
v -2.000000 2.660000 0.560000
v -2.000000 2.760000 0.500000
v -2.060000 2.660000 0.500000
v -2.042426 2.660000 0.542426
v -2.000000 2.760000 0.500000
v -2.042426 2.660000 0.457574
v -2.060000 2.660000 0.500000
v -2.060000 2.660000 0.500000
v -2.000000 2.660000 0.440000
v -1.957574 2.660000 0.457574
v -2.042426 2.660000 0.457574
v -1.940000 2.660000 0.500000
v -2.000000 2.660000 0.560000
v -1.957574 2.660000 0.542426
v -2.042426 2.660000 0.542426
v -1.993371 2.597500 0.492746
v -1.993813 2.597500 0.492563
v -1.994697 2.597500 0.492197
v -1.993813 2.451667 0.492563
v -1.994697 2.451667 0.492197
v -1.993813 2.305833 0.492563
v -1.994697 2.305833 0.492197
v -1.993371 2.305833 0.492746
v -1.999116 2.597500 0.490366
v -1.999558 2.597500 0.490183
v -1.998232 2.597500 0.490732
v -1.998232 2.451667 0.490732
v -1.999116 2.451667 0.490366
v -1.998232 2.305833 0.490732
v -1.999116 2.305833 0.490366
v -1.999558 2.305833 0.490183
v -1.993750 2.660000 0.492589
v -1.993371 2.660000 0.492746
v -1.993813 2.660000 0.492563
v -1.993750 2.660000 0.492589
v -1.999495 2.660000 0.490209
v -1.999116 2.660000 0.490366
v -1.999558 2.660000 0.490183
v -1.999495 2.660000 0.490209
v -1.992940 2.660000 0.492925
v -1.992929 2.660000 0.492929
v -1.992952 2.660000 0.492919
v -1.992940 2.660000 0.492925
v -1.992984 2.660000 0.492906
v -1.992952 2.660000 0.492919
v -1.993181 2.660000 0.492824
v -1.993125 2.660000 0.492848
v -1.998990 2.660000 0.490418
v -1.998485 2.660000 0.490627
v -1.998485 2.660000 0.490627
v -1.993939 2.660000 0.492510
v -1.993125 2.660000 0.492848
v -1.999989 2.660000 0.490004
v -1.999977 2.660000 0.490009
v -1.999977 2.660000 0.490009
v -1.999945 2.660000 0.490022
v -2.000000 2.660000 0.490000
v -1.999989 2.660000 0.490004
v -1.998990 2.660000 0.490418
v -1.999747 2.660000 0.490104
v -1.999804 2.660000 0.490081
v -1.999747 2.660000 0.490104
v -1.999945 2.660000 0.490022
v -2.000000 2.660000 0.490000
v -2.000643 2.660000 0.490266
v -2.007071 2.660000 0.492929
v -1.990183 2.597500 0.499558
v -1.990366 2.597500 0.499116
v -1.990732 2.597500 0.498232
v -1.990366 2.451667 0.499116
v -1.990732 2.451667 0.498232
v -1.990366 2.305833 0.499116
v -1.990732 2.305833 0.498232
v -1.990183 2.305833 0.499558
v -1.992563 2.597500 0.493813
v -1.992746 2.597500 0.493371
v -1.992197 2.597500 0.494697
v -1.992197 2.451667 0.494697
v -1.992563 2.451667 0.493813
v -1.992197 2.305833 0.494697
v -1.992563 2.305833 0.493813
v -1.992746 2.305833 0.493371
v -1.990340 2.660000 0.499179
v -1.990183 2.660000 0.499558
v -1.990366 2.660000 0.499116
v -1.990340 2.660000 0.499179
v -1.992720 2.660000 0.493434
v -1.992563 2.660000 0.493813
v -1.992746 2.660000 0.493371
v -1.992720 2.660000 0.493434
v -1.990004 2.660000 0.499989
v -1.990000 2.660000 0.500000
v -1.990010 2.660000 0.499977
v -1.990004 2.660000 0.499989
v -1.990023 2.660000 0.499945
v -1.990010 2.660000 0.499977
v -1.990105 2.660000 0.499748
v -1.990081 2.660000 0.499804
v -1.990628 2.660000 0.498485
v -1.990418 2.660000 0.498990
v -1.992511 2.660000 0.493939
v -1.990628 2.660000 0.498485
v -1.990418 2.660000 0.498990
v -1.990081 2.660000 0.499804
v -1.992919 2.660000 0.492952
v -1.992906 2.660000 0.492984
v -1.992924 2.660000 0.492940
v -1.992929 2.660000 0.492929
v -1.992924 2.660000 0.492940
v -1.992511 2.660000 0.493939
v -1.992824 2.660000 0.493181
v -1.992746 2.660000 0.493371
v -1.992848 2.660000 0.493125
v -1.992824 2.660000 0.493181
v -1.992906 2.660000 0.492984
v -1.993535 2.260000 0.492678
v -1.993371 2.260000 0.492746
v -1.993813 2.260000 0.492563
v -1.993535 2.260000 0.492678
v -1.999280 2.260000 0.490298
v -1.999116 2.260000 0.490366
v -1.999558 2.260000 0.490183
v -1.994141 2.260000 0.492427
v -1.993813 2.260000 0.492563
v -1.995454 2.260000 0.491883
v -1.998788 2.260000 0.490502
v -1.995454 2.260000 0.491883
v -1.993371 2.260000 0.492746
v -1.993232 2.260000 0.492803
v -1.999116 2.260000 0.490366
v -1.998788 2.260000 0.490502
v -1.999697 2.260000 0.490125
v -1.999558 2.260000 0.490183
v -1.993026 2.260000 0.492889
v -1.993024 2.260000 0.492889
v -1.993024 2.260000 0.492889
v -1.992929 2.260000 0.492929
v -1.993137 2.260000 0.492843
v -1.993026 2.260000 0.492889
v -1.993137 2.260000 0.492843
v -1.993137 2.260000 0.492843
v -1.993232 2.260000 0.492803
v -1.999903 2.260000 0.490040
v -1.999792 2.260000 0.490086
v -1.999792 2.260000 0.490086
v -1.999792 2.260000 0.490086
v -1.999792 2.260000 0.490086
v -1.999697 2.260000 0.490125
v -2.000000 2.260000 0.490000
v -1.999905 2.260000 0.490039
v -1.999905 2.260000 0.490039
v -1.999903 2.260000 0.490040
v -2.005785 2.260000 0.492396
v -2.000129 2.260000 0.490053
v -2.000129 2.260000 0.490053
v -2.000000 2.260000 0.490000
v -2.007071 2.260000 0.492929
v -1.990251 2.260000 0.499394
v -1.990183 2.260000 0.499558
v -1.990366 2.260000 0.499116
v -1.990251 2.260000 0.499394
v -1.992631 2.260000 0.493649
v -1.992563 2.260000 0.493813
v -1.992746 2.260000 0.493371
v -1.992631 2.260000 0.493649
v -1.990502 2.260000 0.498788
v -1.990366 2.260000 0.499116
v -1.991046 2.260000 0.497474
v -1.990502 2.260000 0.498788
v -1.992427 2.260000 0.494141
v -1.990126 2.260000 0.499697
v -1.992563 2.260000 0.493813
v -1.992427 2.260000 0.494141
v -1.992803 2.260000 0.493232
v -1.990040 2.260000 0.499903
v -1.990039 2.260000 0.499905
v -1.990039 2.260000 0.499905
v -1.990000 2.260000 0.500000
v -1.990086 2.260000 0.499793
v -1.990086 2.260000 0.499793
v -1.990086 2.260000 0.499793
v -1.990126 2.260000 0.499697
v -1.992843 2.260000 0.493137
v -1.992803 2.260000 0.493232
v -1.992889 2.260000 0.493026
v -1.992843 2.260000 0.493137
v -1.992843 2.260000 0.493137
v -1.992843 2.260000 0.493137
v -1.992929 2.260000 0.492929
v -1.992889 2.260000 0.493024
v -1.992889 2.260000 0.493026
v -1.992889 2.260000 0.493024
v -2.009734 2.660000 0.500643
v -2.010000 2.660000 0.500000
v -2.007071 2.660000 0.507071
v -2.009734 2.660000 0.500643
v -2.006629 2.597500 0.507254
v -2.006187 2.597500 0.507437
v -2.005303 2.597500 0.507803
v -2.006187 2.451667 0.507437
v -2.005303 2.451667 0.507803
v -2.006187 2.305833 0.507437
v -2.005303 2.305833 0.507803
v -2.006629 2.305833 0.507254
v -2.000884 2.597500 0.509634
v -2.000442 2.597500 0.509817
v -2.001768 2.597500 0.509268
v -2.001768 2.451667 0.509268
v -2.000884 2.451667 0.509634
v -2.001768 2.305833 0.509268
v -2.000884 2.305833 0.509634
v -2.000442 2.305833 0.509817
v -2.006250 2.660000 0.507411
v -2.006629 2.660000 0.507254
v -2.006187 2.660000 0.507437
v -2.006250 2.660000 0.507411
v -2.000505 2.660000 0.509791
v -2.000884 2.660000 0.509634
v -2.000442 2.660000 0.509817
v -2.000505 2.660000 0.509791
v -2.007048 2.660000 0.507081
v -2.007060 2.660000 0.507075
v -2.007060 2.660000 0.507075
v -2.007071 2.660000 0.507071
v -2.007016 2.660000 0.507094
v -2.007048 2.660000 0.507081
v -2.006819 2.660000 0.507176
v -2.006875 2.660000 0.507152
v -2.006061 2.660000 0.507490
v -2.006629 2.660000 0.507254
v -2.006819 2.660000 0.507176
v -2.006875 2.660000 0.507152
v -2.007016 2.660000 0.507094
v -2.001515 2.660000 0.509373
v -2.006061 2.660000 0.507490
v -2.001010 2.660000 0.509582
v -2.001515 2.660000 0.509373
v -2.000011 2.660000 0.509996
v -2.000023 2.660000 0.509991
v -2.000023 2.660000 0.509991
v -2.000055 2.660000 0.509978
v -2.000000 2.660000 0.510000
v -2.000011 2.660000 0.509996
v -2.000884 2.660000 0.509634
v -2.001010 2.660000 0.509582
v -2.000252 2.660000 0.509896
v -2.000196 2.660000 0.509919
v -2.000252 2.660000 0.509896
v -2.000055 2.660000 0.509978
v -2.000196 2.660000 0.509919
v -1.999357 2.660000 0.509734
v -2.000000 2.660000 0.510000
v -1.992929 2.660000 0.507071
v -1.999357 2.660000 0.509734
v -2.007604 2.260000 0.505785
v -2.009947 2.260000 0.500129
v -2.009947 2.260000 0.500129
v -2.010000 2.260000 0.500000
v -2.007071 2.260000 0.507071
v -2.007604 2.260000 0.505785
v -2.006465 2.260000 0.507322
v -2.006629 2.260000 0.507254
v -2.006187 2.260000 0.507437
v -2.006465 2.260000 0.507322
v -2.000720 2.260000 0.509702
v -2.000884 2.260000 0.509634
v -2.000442 2.260000 0.509817
v -2.000720 2.260000 0.509702
v -2.001212 2.260000 0.509498
v -2.004546 2.260000 0.508117
v -2.004546 2.260000 0.508117
v -2.005859 2.260000 0.507573
v -2.005859 2.260000 0.507573
v -2.006187 2.260000 0.507437
v -2.006768 2.260000 0.507197
v -2.000884 2.260000 0.509634
v -2.000303 2.260000 0.509875
v -2.000442 2.260000 0.509817
v -2.006863 2.260000 0.507157
v -2.006863 2.260000 0.507157
v -2.006974 2.260000 0.507111
v -2.006974 2.260000 0.507111
v -2.006976 2.260000 0.507111
v -2.006976 2.260000 0.507111
v -2.007071 2.260000 0.507071
v -2.006768 2.260000 0.507197
v -2.006863 2.260000 0.507157
v -2.000097 2.260000 0.509960
v -2.000208 2.260000 0.509914
v -2.000208 2.260000 0.509914
v -2.000208 2.260000 0.509914
v -2.000208 2.260000 0.509914
v -2.000303 2.260000 0.509875
v -2.000000 2.260000 0.510000
v -2.000095 2.260000 0.509961
v -2.000095 2.260000 0.509961
v -2.000097 2.260000 0.509960
v -1.994215 2.260000 0.507604
v -1.999871 2.260000 0.509947
v -1.999871 2.260000 0.509947
v -2.000000 2.260000 0.510000
v -1.992929 2.260000 0.507071
v -1.994215 2.260000 0.507604
v -3.007071 2.710000 0.992929
v -3.010000 2.710000 1.000000
v -3.007071 2.743333 0.992929
v -3.010000 2.743333 1.000000
v -3.009467 2.260000 0.998714
v -3.007071 2.260000 0.992929
v -3.010000 2.260000 1.000000
v -3.009467 2.260000 0.998714
v -2.992929 2.710000 1.007071
v -2.990000 2.710000 1.000000
v -2.992929 2.743333 1.007071
v -2.990000 2.743333 1.000000
v -2.990533 2.260000 1.001286
v -2.992929 2.260000 1.007071
v -2.990000 2.260000 1.000000
v -2.990533 2.260000 1.001286
v -3.000000 2.760000 1.000000
v -2.957574 2.660000 1.042426
v -2.940000 2.660000 1.000000
v -3.000000 2.760000 1.000000
v -2.940000 2.660000 1.000000
v -2.957574 2.660000 0.957574
v -3.000000 2.760000 1.000000
v -2.957574 2.660000 0.957574
v -3.000000 2.660000 0.940000
v -3.000000 2.760000 1.000000
v -3.000000 2.660000 0.940000
v -3.042426 2.660000 0.957574
v -3.000000 2.760000 1.000000
v -3.000000 2.660000 1.060000
v -2.957574 2.660000 1.042426
v -3.000000 2.760000 1.000000
v -3.042426 2.660000 1.042426
v -3.000000 2.660000 1.060000
v -3.000000 2.760000 1.000000
v -3.060000 2.660000 1.000000
v -3.042426 2.660000 1.042426
v -3.000000 2.760000 1.000000
v -3.042426 2.660000 0.957574
v -3.060000 2.660000 1.000000
v -3.060000 2.660000 1.000000
v -3.000000 2.660000 0.940000
v -2.957574 2.660000 0.957574
v -3.042426 2.660000 0.957574
v -2.940000 2.660000 1.000000
v -3.000000 2.660000 1.060000
v -2.957574 2.660000 1.042426
v -3.042426 2.660000 1.042426
v -2.993371 2.597500 0.992746
v -2.993813 2.597500 0.992563
v -2.994697 2.597500 0.992197
v -2.993813 2.451667 0.992563
v -2.994697 2.451667 0.992197
v -2.993813 2.305833 0.992563
v -2.994697 2.305833 0.992197
v -2.993371 2.305833 0.992746
v -2.999116 2.597500 0.990366
v -2.999558 2.597500 0.990183
v -2.998232 2.597500 0.990732
v -2.998232 2.451667 0.990732
v -2.999116 2.451667 0.990366
v -2.998232 2.305833 0.990732
v -2.999116 2.305833 0.990366
v -2.999558 2.305833 0.990183
v -2.993750 2.660000 0.992589
v -2.993371 2.660000 0.992746
v -2.993813 2.660000 0.992563
v -2.993750 2.660000 0.992589
v -2.999495 2.660000 0.990209
v -2.999116 2.660000 0.990366
v -2.999558 2.660000 0.990183
v -2.999495 2.660000 0.990209
v -2.992940 2.660000 0.992925
v -2.992929 2.660000 0.992929
v -2.992952 2.660000 0.992919
v -2.992940 2.660000 0.992925
v -2.992984 2.660000 0.992906
v -2.992952 2.660000 0.992919
v -2.993181 2.660000 0.992824
v -2.993125 2.660000 0.992848
v -2.998990 2.660000 0.990418
v -2.998485 2.660000 0.990627
v -2.998485 2.660000 0.990627
v -2.993939 2.660000 0.992510
v -2.993125 2.660000 0.992848
v -2.999989 2.660000 0.990004
v -2.999977 2.660000 0.990009
v -2.999977 2.660000 0.990009
v -2.999945 2.660000 0.990022
v -3.000000 2.660000 0.990000
v -2.999989 2.660000 0.990004
v -2.998990 2.660000 0.990418
v -2.999748 2.660000 0.990104
v -2.999804 2.660000 0.990081
v -2.999748 2.660000 0.990104
v -2.999945 2.660000 0.990022
v -3.000000 2.660000 0.990000
v -3.000643 2.660000 0.990266
v -3.007071 2.660000 0.992929
v -2.990183 2.597500 0.999558
v -2.990366 2.597500 0.999116
v -2.990732 2.597500 0.998232
v -2.990366 2.451667 0.999116
v -2.990732 2.451667 0.998232
v -2.990366 2.305833 0.999116
v -2.990732 2.305833 0.998232
v -2.990183 2.305833 0.999558
v -2.992563 2.597500 0.993813
v -2.992746 2.597500 0.993371
v -2.992197 2.597500 0.994697
v -2.992197 2.451667 0.994697
v -2.992563 2.451667 0.993813
v -2.992197 2.305833 0.994697
v -2.992563 2.305833 0.993813
v -2.992746 2.305833 0.993371
v -2.990340 2.660000 0.999179
v -2.990183 2.660000 0.999558
v -2.990366 2.660000 0.999116
v -2.990340 2.660000 0.999179
v -2.992720 2.660000 0.993434
v -2.992563 2.660000 0.993813
v -2.992746 2.660000 0.993371
v -2.992720 2.660000 0.993434
v -2.990005 2.660000 0.999989
v -2.990000 2.660000 1.000000
v -2.990010 2.660000 0.999977
v -2.990005 2.660000 0.999989
v -2.990023 2.660000 0.999945
v -2.990010 2.660000 0.999977
v -2.990105 2.660000 0.999748
v -2.990081 2.660000 0.999804
v -2.990628 2.660000 0.998485
v -2.990418 2.660000 0.998990
v -2.992511 2.660000 0.993939
v -2.990628 2.660000 0.998485
v -2.990418 2.660000 0.998990
v -2.990081 2.660000 0.999804
v -2.992919 2.660000 0.992952
v -2.992906 2.660000 0.992984
v -2.992924 2.660000 0.992940
v -2.992929 2.660000 0.992929
v -2.992924 2.660000 0.992940
v -2.992511 2.660000 0.993939
v -2.992824 2.660000 0.993181
v -2.992746 2.660000 0.993371
v -2.992848 2.660000 0.993125
v -2.992824 2.660000 0.993181
v -2.992906 2.660000 0.992984
v -2.993535 2.260000 0.992678
v -2.993371 2.260000 0.992746
v -2.993813 2.260000 0.992563
v -2.993535 2.260000 0.992678
v -2.999280 2.260000 0.990298
v -2.999116 2.260000 0.990366
v -2.999558 2.260000 0.990183
v -2.994141 2.260000 0.992427
v -2.993813 2.260000 0.992563
v -2.995454 2.260000 0.991883
v -2.998788 2.260000 0.990502
v -2.995454 2.260000 0.991883
v -2.993371 2.260000 0.992746
v -2.993232 2.260000 0.992803
v -2.999116 2.260000 0.990366
v -2.998788 2.260000 0.990502
v -2.999697 2.260000 0.990125
v -2.999558 2.260000 0.990183
v -2.993026 2.260000 0.992889
v -2.993024 2.260000 0.992889
v -2.993024 2.260000 0.992889
v -2.992929 2.260000 0.992929
v -2.993137 2.260000 0.992843
v -2.993026 2.260000 0.992889
v -2.993137 2.260000 0.992843
v -2.993137 2.260000 0.992843
v -2.993232 2.260000 0.992803
v -2.999903 2.260000 0.990040
v -2.999792 2.260000 0.990086
v -2.999792 2.260000 0.990086
v -2.999792 2.260000 0.990086
v -2.999792 2.260000 0.990086
v -2.999697 2.260000 0.990125
v -3.000000 2.260000 0.990000
v -2.999905 2.260000 0.990039
v -2.999905 2.260000 0.990039
v -2.999903 2.260000 0.990040
v -3.005785 2.260000 0.992396
v -3.000129 2.260000 0.990053
v -3.000129 2.260000 0.990053
v -3.000000 2.260000 0.990000
v -3.007071 2.260000 0.992929
v -2.990251 2.260000 0.999394
v -2.990183 2.260000 0.999558
v -2.990366 2.260000 0.999116
v -2.990251 2.260000 0.999394
v -2.992631 2.260000 0.993649
v -2.992563 2.260000 0.993813
v -2.992746 2.260000 0.993371
v -2.992631 2.260000 0.993649
v -2.990502 2.260000 0.998788
v -2.990366 2.260000 0.999116
v -2.991046 2.260000 0.997474
v -2.990502 2.260000 0.998788
v -2.992427 2.260000 0.994141
v -2.990125 2.260000 0.999697
v -2.992563 2.260000 0.993813
v -2.992427 2.260000 0.994141
v -2.992803 2.260000 0.993232
v -2.990040 2.260000 0.999903
v -2.990040 2.260000 0.999905
v -2.990040 2.260000 0.999905
v -2.990000 2.260000 1.000000
v -2.990086 2.260000 0.999793
v -2.990086 2.260000 0.999793
v -2.990086 2.260000 0.999793
v -2.990125 2.260000 0.999697
v -2.992843 2.260000 0.993137
v -2.992803 2.260000 0.993232
v -2.992889 2.260000 0.993026
v -2.992843 2.260000 0.993137
v -2.992843 2.260000 0.993137
v -2.992843 2.260000 0.993137
v -2.992929 2.260000 0.992929
v -2.992889 2.260000 0.993024
v -2.992889 2.260000 0.993026
v -2.992889 2.260000 0.993024
v -3.009734 2.660000 1.000643
v -3.010000 2.660000 1.000000
v -3.007071 2.660000 1.007071
v -3.009734 2.660000 1.000643
v -3.006629 2.597500 1.007254
v -3.006187 2.597500 1.007437
v -3.005303 2.597500 1.007803
v -3.006187 2.451667 1.007437
v -3.005303 2.451667 1.007803
v -3.006187 2.305833 1.007437
v -3.005303 2.305833 1.007803
v -3.006629 2.305833 1.007254
v -3.000884 2.597500 1.009634
v -3.000442 2.597500 1.009817
v -3.001768 2.597500 1.009268
v -3.001768 2.451667 1.009268
v -3.000884 2.451667 1.009634
v -3.001768 2.305833 1.009268
v -3.000884 2.305833 1.009634
v -3.000442 2.305833 1.009817
v -3.006250 2.660000 1.007411
v -3.006629 2.660000 1.007254
v -3.006187 2.660000 1.007437
v -3.006250 2.660000 1.007411
v -3.000505 2.660000 1.009791
v -3.000884 2.660000 1.009634
v -3.000442 2.660000 1.009817
v -3.000505 2.660000 1.009791
v -3.007048 2.660000 1.007081
v -3.007060 2.660000 1.007075
v -3.007060 2.660000 1.007075
v -3.007071 2.660000 1.007071
v -3.007016 2.660000 1.007094
v -3.007048 2.660000 1.007081
v -3.006819 2.660000 1.007176
v -3.006875 2.660000 1.007152
v -3.006061 2.660000 1.007490
v -3.006629 2.660000 1.007254
v -3.006819 2.660000 1.007176
v -3.006875 2.660000 1.007152
v -3.007016 2.660000 1.007094
v -3.001515 2.660000 1.009372
v -3.006061 2.660000 1.007490
v -3.001010 2.660000 1.009582
v -3.001515 2.660000 1.009372
v -3.000011 2.660000 1.009996
v -3.000023 2.660000 1.009991
v -3.000023 2.660000 1.009991
v -3.000055 2.660000 1.009978
v -3.000000 2.660000 1.010000
v -3.000011 2.660000 1.009996
v -3.000884 2.660000 1.009634
v -3.001010 2.660000 1.009582
v -3.000252 2.660000 1.009896
v -3.000196 2.660000 1.009919
v -3.000252 2.660000 1.009896
v -3.000055 2.660000 1.009978
v -3.000196 2.660000 1.009919
v -2.999357 2.660000 1.009734
v -3.000000 2.660000 1.010000
v -2.992929 2.660000 1.007071
v -2.999357 2.660000 1.009734
v -3.007604 2.260000 1.005785
v -3.009947 2.260000 1.000129
v -3.009947 2.260000 1.000129
v -3.010000 2.260000 1.000000
v -3.007071 2.260000 1.007071
v -3.007604 2.260000 1.005785
v -3.006465 2.260000 1.007322
v -3.006629 2.260000 1.007254
v -3.006187 2.260000 1.007437
v -3.006465 2.260000 1.007322
v -3.000720 2.260000 1.009702
v -3.000884 2.260000 1.009634
v -3.000442 2.260000 1.009817
v -3.000720 2.260000 1.009702
v -3.001212 2.260000 1.009498
v -3.004546 2.260000 1.008117
v -3.004546 2.260000 1.008117
v -3.005859 2.260000 1.007573
v -3.005859 2.260000 1.007573
v -3.006187 2.260000 1.007437
v -3.006768 2.260000 1.007197
v -3.000884 2.260000 1.009634
v -3.000303 2.260000 1.009875
v -3.000442 2.260000 1.009817
v -3.006863 2.260000 1.007157
v -3.006863 2.260000 1.007157
v -3.006974 2.260000 1.007111
v -3.006974 2.260000 1.007111
v -3.006976 2.260000 1.007110
v -3.006976 2.260000 1.007110
v -3.007071 2.260000 1.007071
v -3.006768 2.260000 1.007197
v -3.006863 2.260000 1.007157
v -3.000097 2.260000 1.009960
v -3.000208 2.260000 1.009914
v -3.000208 2.260000 1.009914
v -3.000208 2.260000 1.009914
v -3.000208 2.260000 1.009914
v -3.000303 2.260000 1.009875
v -3.000000 2.260000 1.010000
v -3.000095 2.260000 1.009961
v -3.000095 2.260000 1.009961
v -3.000097 2.260000 1.009960
v -2.994215 2.260000 1.007604
v -2.999871 2.260000 1.009947
v -2.999871 2.260000 1.009947
v -3.000000 2.260000 1.010000
v -2.992929 2.260000 1.007071
v -2.994215 2.260000 1.007604
v -2.007071 2.710000 0.992929
v -2.010000 2.710000 1.000000
v -2.007071 2.743333 0.992929
v -2.010000 2.743333 1.000000
v -2.009467 2.260000 0.998714
v -2.007071 2.260000 0.992929
v -2.010000 2.260000 1.000000
v -2.009467 2.260000 0.998714
v -1.992929 2.710000 1.007071
v -1.990000 2.710000 1.000000
v -1.992929 2.743333 1.007071
v -1.990000 2.743333 1.000000
v -1.990533 2.260000 1.001286
v -1.992929 2.260000 1.007071
v -1.990000 2.260000 1.000000
v -1.990533 2.260000 1.001286
v -2.000000 2.760000 1.000000
v -1.957574 2.660000 1.042426
v -1.940000 2.660000 1.000000
v -2.000000 2.760000 1.000000
v -1.940000 2.660000 1.000000
v -1.957574 2.660000 0.957574
v -2.000000 2.760000 1.000000
v -1.957574 2.660000 0.957574
v -2.000000 2.660000 0.940000
v -2.000000 2.760000 1.000000
v -2.000000 2.660000 0.940000
v -2.042426 2.660000 0.957574
v -2.000000 2.760000 1.000000
v -2.000000 2.660000 1.060000
v -1.957574 2.660000 1.042426
v -2.000000 2.760000 1.000000
v -2.042426 2.660000 1.042426
v -2.000000 2.660000 1.060000
v -2.000000 2.760000 1.000000
v -2.060000 2.660000 1.000000
v -2.042426 2.660000 1.042426
v -2.000000 2.760000 1.000000
v -2.042426 2.660000 0.957574
v -2.060000 2.660000 1.000000
v -2.060000 2.660000 1.000000
v -2.000000 2.660000 0.940000
v -1.957574 2.660000 0.957574
v -2.042426 2.660000 0.957574
v -1.940000 2.660000 1.000000
v -2.000000 2.660000 1.060000
v -1.957574 2.660000 1.042426
v -2.042426 2.660000 1.042426
v -1.993371 2.597500 0.992746
v -1.993813 2.597500 0.992563
v -1.994697 2.597500 0.992197
v -1.993813 2.451667 0.992563
v -1.994697 2.451667 0.992197
v -1.993813 2.305833 0.992563
v -1.994697 2.305833 0.992197
v -1.993371 2.305833 0.992746
v -1.999116 2.597500 0.990366
v -1.999558 2.597500 0.990183
v -1.998232 2.597500 0.990732
v -1.998232 2.451667 0.990732
v -1.999116 2.451667 0.990366
v -1.998232 2.305833 0.990732
v -1.999116 2.305833 0.990366
v -1.999558 2.305833 0.990183
v -1.993750 2.660000 0.992589
v -1.993371 2.660000 0.992746
v -1.993813 2.660000 0.992563
v -1.993750 2.660000 0.992589
v -1.999495 2.660000 0.990209
v -1.999116 2.660000 0.990366
v -1.999558 2.660000 0.990183
v -1.999495 2.660000 0.990209
v -1.992940 2.660000 0.992925
v -1.992929 2.660000 0.992929
v -1.992952 2.660000 0.992919
v -1.992940 2.660000 0.992925
v -1.992984 2.660000 0.992906
v -1.992952 2.660000 0.992919
v -1.993181 2.660000 0.992824
v -1.993125 2.660000 0.992848
v -1.998990 2.660000 0.990418
v -1.998485 2.660000 0.990627
v -1.998485 2.660000 0.990627
v -1.993939 2.660000 0.992510
v -1.993125 2.660000 0.992848
v -1.999989 2.660000 0.990004
v -1.999977 2.660000 0.990009
v -1.999977 2.660000 0.990009
v -1.999945 2.660000 0.990022
v -2.000000 2.660000 0.990000
v -1.999989 2.660000 0.990004
v -1.998990 2.660000 0.990418
v -1.999747 2.660000 0.990104
v -1.999804 2.660000 0.990081
v -1.999747 2.660000 0.990104
v -1.999945 2.660000 0.990022
v -2.000000 2.660000 0.990000
v -2.000643 2.660000 0.990266
v -2.007071 2.660000 0.992929
v -1.990183 2.597500 0.999558
v -1.990366 2.597500 0.999116
v -1.990732 2.597500 0.998232
v -1.990366 2.451667 0.999116
v -1.990732 2.451667 0.998232
v -1.990366 2.305833 0.999116
v -1.990732 2.305833 0.998232
v -1.990183 2.305833 0.999558
v -1.992563 2.597500 0.993813
v -1.992746 2.597500 0.993371
v -1.992197 2.597500 0.994697
v -1.992197 2.451667 0.994697
v -1.992563 2.451667 0.993813
v -1.992197 2.305833 0.994697
v -1.992563 2.305833 0.993813
v -1.992746 2.305833 0.993371
v -1.990340 2.660000 0.999179
v -1.990183 2.660000 0.999558
v -1.990366 2.660000 0.999116
v -1.990340 2.660000 0.999179
v -1.992720 2.660000 0.993434
v -1.992563 2.660000 0.993813
v -1.992746 2.660000 0.993371
v -1.992720 2.660000 0.993434
v -1.990004 2.660000 0.999989
v -1.990000 2.660000 1.000000
v -1.990010 2.660000 0.999977
v -1.990004 2.660000 0.999989
v -1.990023 2.660000 0.999945
v -1.990010 2.660000 0.999977
v -1.990105 2.660000 0.999748
v -1.990081 2.660000 0.999804
v -1.990628 2.660000 0.998485
v -1.990418 2.660000 0.998990
v -1.992511 2.660000 0.993939
v -1.990628 2.660000 0.998485
v -1.990418 2.660000 0.998990
v -1.990081 2.660000 0.999804
v -1.992919 2.660000 0.992952
v -1.992906 2.660000 0.992984
v -1.992924 2.660000 0.992940
v -1.992929 2.660000 0.992929
v -1.992924 2.660000 0.992940
v -1.992511 2.660000 0.993939
v -1.992824 2.660000 0.993181
v -1.992746 2.660000 0.993371
v -1.992848 2.660000 0.993125
v -1.992824 2.660000 0.993181
v -1.992906 2.660000 0.992984
v -1.993535 2.260000 0.992678
v -1.993371 2.260000 0.992746
v -1.993813 2.260000 0.992563
v -1.993535 2.260000 0.992678
v -1.999280 2.260000 0.990298
v -1.999116 2.260000 0.990366
v -1.999558 2.260000 0.990183
v -1.994141 2.260000 0.992427
v -1.993813 2.260000 0.992563
v -1.995454 2.260000 0.991883
v -1.998788 2.260000 0.990502
v -1.995454 2.260000 0.991883
v -1.993371 2.260000 0.992746
v -1.993232 2.260000 0.992803
v -1.999116 2.260000 0.990366
v -1.998788 2.260000 0.990502
v -1.999697 2.260000 0.990125
v -1.999558 2.260000 0.990183
v -1.993026 2.260000 0.992889
v -1.993024 2.260000 0.992889
v -1.993024 2.260000 0.992889
v -1.992929 2.260000 0.992929
v -1.993137 2.260000 0.992843
v -1.993026 2.260000 0.992889
v -1.993137 2.260000 0.992843
v -1.993137 2.260000 0.992843
v -1.993232 2.260000 0.992803
v -1.999903 2.260000 0.990040
v -1.999792 2.260000 0.990086
v -1.999792 2.260000 0.990086
v -1.999792 2.260000 0.990086
v -1.999792 2.260000 0.990086
v -1.999697 2.260000 0.990125
v -2.000000 2.260000 0.990000
v -1.999905 2.260000 0.990039
v -1.999905 2.260000 0.990039
v -1.999903 2.260000 0.990040
v -2.005785 2.260000 0.992396
v -2.000129 2.260000 0.990053
v -2.000129 2.260000 0.990053
v -2.000000 2.260000 0.990000
v -2.007071 2.260000 0.992929
v -1.990251 2.260000 0.999394
v -1.990183 2.260000 0.999558
v -1.990366 2.260000 0.999116
v -1.990251 2.260000 0.999394
v -1.992631 2.260000 0.993649
v -1.992563 2.260000 0.993813
v -1.992746 2.260000 0.993371
v -1.992631 2.260000 0.993649
v -1.990502 2.260000 0.998788
v -1.990366 2.260000 0.999116
v -1.991046 2.260000 0.997474
v -1.990502 2.260000 0.998788
v -1.992427 2.260000 0.994141
v -1.990126 2.260000 0.999697
v -1.992563 2.260000 0.993813
v -1.992427 2.260000 0.994141
v -1.992803 2.260000 0.993232
v -1.990040 2.260000 0.999903
v -1.990039 2.260000 0.999905
v -1.990039 2.260000 0.999905
v -1.990000 2.260000 1.000000
v -1.990086 2.260000 0.999793
v -1.990086 2.260000 0.999793
v -1.990086 2.260000 0.999793
v -1.990126 2.260000 0.999697
v -1.992843 2.260000 0.993137
v -1.992803 2.260000 0.993232
v -1.992889 2.260000 0.993026
v -1.992843 2.260000 0.993137
v -1.992843 2.260000 0.993137
v -1.992843 2.260000 0.993137
v -1.992929 2.260000 0.992929
v -1.992889 2.260000 0.993024
v -1.992889 2.260000 0.993026
v -1.992889 2.260000 0.993024
v -2.009734 2.660000 1.000643
v -2.010000 2.660000 1.000000
v -2.007071 2.660000 1.007071
v -2.009734 2.660000 1.000643
v -2.006629 2.597500 1.007254
v -2.006187 2.597500 1.007437
v -2.005303 2.597500 1.007803
v -2.006187 2.451667 1.007437
v -2.005303 2.451667 1.007803
v -2.006187 2.305833 1.007437
v -2.005303 2.305833 1.007803
v -2.006629 2.305833 1.007254
v -2.000884 2.597500 1.009634
v -2.000442 2.597500 1.009817
v -2.001768 2.597500 1.009268
v -2.001768 2.451667 1.009268
v -2.000884 2.451667 1.009634
v -2.001768 2.305833 1.009268
v -2.000884 2.305833 1.009634
v -2.000442 2.305833 1.009817
v -2.006250 2.660000 1.007411
v -2.006629 2.660000 1.007254
v -2.006187 2.660000 1.007437
v -2.006250 2.660000 1.007411
v -2.000505 2.660000 1.009791
v -2.000884 2.660000 1.009634
v -2.000442 2.660000 1.009817
v -2.000505 2.660000 1.009791
v -2.007048 2.660000 1.007081
v -2.007060 2.660000 1.007075
v -2.007060 2.660000 1.007075
v -2.007071 2.660000 1.007071
v -2.007016 2.660000 1.007094
v -2.007048 2.660000 1.007081
v -2.006819 2.660000 1.007176
v -2.006875 2.660000 1.007152
v -2.006061 2.660000 1.007490
v -2.006629 2.660000 1.007254
v -2.006819 2.660000 1.007176
v -2.006875 2.660000 1.007152
v -2.007016 2.660000 1.007094
v -2.001515 2.660000 1.009372
v -2.006061 2.660000 1.007490
v -2.001010 2.660000 1.009582
v -2.001515 2.660000 1.009372
v -2.000011 2.660000 1.009996
v -2.000023 2.660000 1.009991
v -2.000023 2.660000 1.009991
v -2.000055 2.660000 1.009978
v -2.000000 2.660000 1.010000
v -2.000011 2.660000 1.009996
v -2.000884 2.660000 1.009634
v -2.001010 2.660000 1.009582
v -2.000252 2.660000 1.009896
v -2.000196 2.660000 1.009919
v -2.000252 2.660000 1.009896
v -2.000055 2.660000 1.009978
v -2.000196 2.660000 1.009919
v -1.999357 2.660000 1.009734
v -2.000000 2.660000 1.010000
v -1.992929 2.660000 1.007071
v -1.999357 2.660000 1.009734
v -2.007604 2.260000 1.005785
v -2.009947 2.260000 1.000129
v -2.009947 2.260000 1.000129
v -2.010000 2.260000 1.000000
v -2.007071 2.260000 1.007071
v -2.007604 2.260000 1.005785
v -2.006465 2.260000 1.007322
v -2.006629 2.260000 1.007254
v -2.006187 2.260000 1.007437
v -2.006465 2.260000 1.007322
v -2.000720 2.260000 1.009702
v -2.000884 2.260000 1.009634
v -2.000442 2.260000 1.009817
v -2.000720 2.260000 1.009702
v -2.001212 2.260000 1.009498
v -2.004546 2.260000 1.008117
v -2.004546 2.260000 1.008117
v -2.005859 2.260000 1.007573
v -2.005859 2.260000 1.007573
v -2.006187 2.260000 1.007437
v -2.006768 2.260000 1.007197
v -2.000884 2.260000 1.009634
v -2.000303 2.260000 1.009875
v -2.000442 2.260000 1.009817
v -2.006863 2.260000 1.007157
v -2.006863 2.260000 1.007157
v -2.006974 2.260000 1.007111
v -2.006974 2.260000 1.007111
v -2.006976 2.260000 1.007110
v -2.006976 2.260000 1.007110
v -2.007071 2.260000 1.007071
v -2.006768 2.260000 1.007197
v -2.006863 2.260000 1.007157
v -2.000097 2.260000 1.009960
v -2.000208 2.260000 1.009914
v -2.000208 2.260000 1.009914
v -2.000208 2.260000 1.009914
v -2.000208 2.260000 1.009914
v -2.000303 2.260000 1.009875
v -2.000000 2.260000 1.010000
v -2.000095 2.260000 1.009961
v -2.000095 2.260000 1.009961
v -2.000097 2.260000 1.009960
v -1.994215 2.260000 1.007604
v -1.999871 2.260000 1.009947
v -1.999871 2.260000 1.009947
v -2.000000 2.260000 1.010000
v -1.992929 2.260000 1.007071
v -1.994215 2.260000 1.007604
v -3.500516 2.087394 0.143279
v -3.495326 2.071740 0.143279
v -3.485521 2.058639 0.143279
v -3.473907 2.051189 0.143279
v -3.460826 2.048624 0.143279
v -3.445338 2.052197 0.143279
v -3.432711 2.062169 0.143279
v -3.423428 2.078950 0.143279
v -3.420716 2.098753 0.143279
v -3.423775 2.118253 0.143279
v -3.433981 2.135019 0.143279
v -3.448597 2.145472 0.143279
v -3.465836 2.148953 0.143279
v -3.477995 2.147274 0.143279
v -3.488766 2.141544 0.143279
v -3.493291 2.137150 0.143279
v -3.496539 2.132003 0.143279
v -3.497761 2.126199 0.143279
v -3.497140 2.122689 0.143279
v -3.495221 2.119848 0.143279
v -3.492013 2.117960 0.143279
v -3.488166 2.117414 0.143279
v -3.483104 2.118290 0.143279
v -3.479066 2.121364 0.143279
v -3.477315 2.125350 0.143279
v -3.476631 2.129694 0.143279
v -3.475433 2.134806 0.143279
v -3.472466 2.139074 0.143279
v -3.467753 2.141524 0.143279
v -3.462451 2.142179 0.143279
v -3.453099 2.140266 0.143279
v -3.445796 2.134524 0.143279
v -3.439336 2.122116 0.143279
v -3.437436 2.107679 0.143279
v -3.439471 2.091872 0.143279
v -3.445761 2.077693 0.143279
v -3.451654 2.070758 0.143279
v -3.459400 2.066179 0.143279
v -3.468271 2.064708 0.143279
v -3.478003 2.066446 0.143279
v -3.486471 2.071519 0.143279
v -3.485521 2.058639 0.143279
v -3.485521 2.058639 0.163279
v -3.495326 2.071740 0.143279
v -3.495326 2.071740 0.163279
v -3.500516 2.087394 0.143279
v -3.500516 2.087394 0.163279
v -3.500516 2.087394 0.153279
v -3.485521 2.058639 0.153279
v -3.460826 2.048624 0.143279
v -3.460826 2.048624 0.163279
v -3.473907 2.051189 0.143279
v -3.473907 2.051189 0.163279
v -3.485521 2.058639 0.143279
v -3.485521 2.058639 0.163279
v -3.485521 2.058639 0.153279
v -3.460826 2.048624 0.153279
v -3.432711 2.062169 0.143279
v -3.432711 2.062169 0.163279
v -3.445338 2.052197 0.143279
v -3.445338 2.052197 0.163279
v -3.460826 2.048624 0.143279
v -3.460826 2.048624 0.163279
v -3.460826 2.048624 0.153279
v -3.432711 2.062169 0.153279
v -3.420716 2.098753 0.143279
v -3.420716 2.098753 0.163279
v -3.423428 2.078950 0.143279
v -3.423428 2.078950 0.163279
v -3.432711 2.062169 0.143279
v -3.432711 2.062169 0.163279
v -3.432711 2.062169 0.153279
v -3.420716 2.098753 0.153279
v -3.433981 2.135019 0.143279
v -3.433981 2.135019 0.163279
v -3.423775 2.118253 0.143279
v -3.423775 2.118253 0.163279
v -3.420716 2.098753 0.143279
v -3.420716 2.098753 0.163279
v -3.420716 2.098753 0.153279
v -3.433981 2.135019 0.153279
v -3.465836 2.148953 0.143279
v -3.465836 2.148953 0.163279
v -3.448597 2.145472 0.143279
v -3.448597 2.145472 0.163279
v -3.433981 2.135019 0.143279
v -3.433981 2.135019 0.163279
v -3.433981 2.135019 0.153279
v -3.465836 2.148953 0.153279
v -3.488766 2.141544 0.143279
v -3.488766 2.141544 0.163279
v -3.477995 2.147274 0.143279
v -3.477995 2.147274 0.163279
v -3.465836 2.148953 0.143279
v -3.465836 2.148953 0.163279
v -3.465836 2.148953 0.153279
v -3.488766 2.141544 0.153279
v -3.497761 2.126199 0.143279
v -3.497761 2.126199 0.163279
v -3.496539 2.132003 0.143279
v -3.496539 2.132003 0.163279
v -3.493291 2.137150 0.143279
v -3.493291 2.137150 0.163279
v -3.488766 2.141544 0.143279
v -3.488766 2.141544 0.163279
v -3.488766 2.141544 0.153279
v -3.497761 2.126199 0.153279
v -3.495221 2.119848 0.143279
v -3.495221 2.119848 0.163279
v -3.497140 2.122689 0.143279
v -3.497140 2.122689 0.163279
v -3.497761 2.126199 0.143279
v -3.497761 2.126199 0.163279
v -3.495221 2.119848 0.153279
v -3.497761 2.126199 0.153279
v -3.488166 2.117414 0.143279
v -3.488166 2.117414 0.163279
v -3.492013 2.117960 0.143279
v -3.492013 2.117960 0.163279
v -3.495221 2.119848 0.143279
v -3.495221 2.119848 0.163279
v -3.488166 2.117414 0.153279
v -3.495221 2.119848 0.153279
v -3.479066 2.121364 0.143279
v -3.479066 2.121364 0.163279
v -3.483104 2.118290 0.143279
v -3.483104 2.118290 0.163279
v -3.488166 2.117414 0.143279
v -3.488166 2.117414 0.163279
v -3.488166 2.117414 0.153279
v -3.479066 2.121364 0.153279
v -3.476631 2.129694 0.143279
v -3.476631 2.129694 0.163279
v -3.477315 2.125350 0.143279
v -3.477315 2.125350 0.163279
v -3.479066 2.121364 0.143279
v -3.479066 2.121364 0.163279
v -3.479066 2.121364 0.153279
v -3.476631 2.129694 0.153279
v -3.472466 2.139074 0.143279
v -3.472466 2.139074 0.163279
v -3.475433 2.134806 0.143279
v -3.475433 2.134806 0.163279
v -3.476631 2.129694 0.143279
v -3.476631 2.129694 0.163279
v -3.476631 2.129694 0.153279
v -3.472466 2.139074 0.153279
v -3.462451 2.142179 0.143279
v -3.462451 2.142179 0.163279
v -3.467753 2.141524 0.143279
v -3.467753 2.141524 0.163279
v -3.472466 2.139074 0.143279
v -3.472466 2.139074 0.163279
v -3.472466 2.139074 0.153279
v -3.462451 2.142179 0.153279
v -3.445796 2.134524 0.143279
v -3.445796 2.134524 0.163279
v -3.453099 2.140266 0.143279
v -3.453099 2.140266 0.163279
v -3.462451 2.142179 0.143279
v -3.462451 2.142179 0.163279
v -3.462451 2.142179 0.153279
v -3.445796 2.134524 0.153279
v -3.437436 2.107679 0.143279
v -3.437436 2.107679 0.163279
v -3.439336 2.122116 0.143279
v -3.439336 2.122116 0.163279
v -3.445796 2.134524 0.143279
v -3.445796 2.134524 0.163279
v -3.445796 2.134524 0.153279
v -3.437436 2.107679 0.153279
v -3.445761 2.077693 0.143279
v -3.445761 2.077693 0.163279
v -3.439471 2.091872 0.143279
v -3.439471 2.091872 0.163279
v -3.437436 2.107679 0.143279
v -3.437436 2.107679 0.163279
v -3.437436 2.107679 0.153279
v -3.445761 2.077693 0.153279
v -3.468271 2.064708 0.143279
v -3.468271 2.064708 0.163279
v -3.459400 2.066179 0.143279
v -3.459400 2.066179 0.163279
v -3.451654 2.070758 0.143279
v -3.451654 2.070758 0.163279
v -3.445761 2.077693 0.143279
v -3.445761 2.077693 0.163279
v -3.445761 2.077693 0.153279
v -3.468271 2.064708 0.153279
v -3.486471 2.071519 0.143279
v -3.486471 2.071519 0.163279
v -3.478003 2.066446 0.143279
v -3.478003 2.066446 0.163279
v -3.468271 2.064708 0.143279
v -3.468271 2.064708 0.163279
v -3.468271 2.064708 0.153279
v -3.486471 2.071519 0.153279
v -3.500516 2.087394 0.143279
v -3.500516 2.087394 0.163279
v -3.486471 2.071519 0.143279
v -3.486471 2.071519 0.163279
v -3.500516 2.087394 0.153279
v -3.486471 2.071519 0.153279
v -3.500516 2.087394 0.163279
v -3.495326 2.071740 0.163279
v -3.485521 2.058639 0.163279
v -3.473907 2.051189 0.163279
v -3.460826 2.048624 0.163279
v -3.445338 2.052197 0.163279
v -3.432711 2.062169 0.163279
v -3.423428 2.078950 0.163279
v -3.420716 2.098753 0.163279
v -3.423775 2.118253 0.163279
v -3.433981 2.135019 0.163279
v -3.448597 2.145472 0.163279
v -3.465836 2.148953 0.163279
v -3.477995 2.147274 0.163279
v -3.488766 2.141544 0.163279
v -3.493291 2.137150 0.163279
v -3.496539 2.132003 0.163279
v -3.497761 2.126199 0.163279
v -3.497140 2.122689 0.163279
v -3.495221 2.119848 0.163279
v -3.492013 2.117960 0.163279
v -3.488166 2.117414 0.163279
v -3.483104 2.118290 0.163279
v -3.479066 2.121364 0.163279
v -3.477315 2.125350 0.163279
v -3.476631 2.129694 0.163279
v -3.475433 2.134806 0.163279
v -3.472466 2.139074 0.163279
v -3.467753 2.141524 0.163279
v -3.462451 2.142179 0.163279
v -3.453099 2.140266 0.163279
v -3.445796 2.134524 0.163279
v -3.439336 2.122116 0.163279
v -3.437436 2.107679 0.163279
v -3.439471 2.091872 0.163279
v -3.445761 2.077693 0.163279
v -3.451654 2.070758 0.163279
v -3.459400 2.066179 0.163279
v -3.468271 2.064708 0.163279
v -3.478003 2.066446 0.163279
v -3.486471 2.071519 0.163279
v -3.401946 2.323153 0.143279
v -3.334636 2.089544 0.143279
v -3.331906 2.079229 0.143279
v -3.330116 2.068799 0.143279
v -3.330681 2.064454 0.143279
v -3.332446 2.060614 0.143279
v -3.335339 2.057604 0.143279
v -3.339006 2.055534 0.143279
v -3.355731 2.053064 0.143279
v -3.353686 2.045444 0.143279
v -3.254766 2.045444 0.143279
v -3.256811 2.053064 0.143279
v -3.282001 2.056594 0.143279
v -3.289204 2.060714 0.143279
v -3.294911 2.066754 0.143279
v -3.306201 2.096313 0.143279
v -3.334561 2.198764 0.143279
v -3.311435 2.168367 0.143279
v -3.283836 2.142744 0.143279
v -3.268991 2.134737 0.143279
v -3.252646 2.131384 0.143279
v -3.234473 2.135608 0.143279
v -3.221461 2.148174 0.143279
v -3.213581 2.165708 0.143279
v -3.210951 2.184579 0.143279
v -3.230071 2.249913 0.143279
v -3.280586 2.306009 0.143279
v -3.301473 2.317956 0.143279
v -3.324616 2.323153 0.143279
v -3.337300 2.321549 0.143279
v -3.348746 2.316029 0.143279
v -3.357604 2.305814 0.143279
v -3.362926 2.293308 0.143279
v -3.369561 2.316379 0.143279
v -3.354881 2.282933 0.143279
v -3.352912 2.294759 0.143279
v -3.346771 2.304523 0.143279
v -3.338866 2.225148 0.143279
v -3.298366 2.170753 0.143279
v -3.321300 2.195521 0.143279
v -3.269156 2.156784 0.143279
v -3.284868 2.161264 0.143279
v -3.251941 2.164824 0.143279
v -3.259769 2.158800 0.143279
v -3.244816 2.188249 0.143279
v -3.246287 2.175798 0.143279
v -3.326731 2.312994 0.143279
v -3.298370 2.300370 0.143279
v -3.276778 2.275316 0.143279
v -3.260222 2.247537 0.143279
v -3.249122 2.218945 0.143279
v -3.337595 2.310910 0.143279
v -3.334636 2.089544 0.143279
v -3.334636 2.089544 0.163279
v -3.401946 2.323153 0.143279
v -3.401946 2.323153 0.163279
v -3.330116 2.068799 0.143279
v -3.330116 2.068799 0.163279
v -3.331906 2.079229 0.143279
v -3.331906 2.079229 0.163279
v -3.334636 2.089544 0.143279
v -3.334636 2.089544 0.163279
v -3.330116 2.068799 0.153279
v -3.332446 2.060614 0.143279
v -3.332446 2.060614 0.163279
v -3.330681 2.064454 0.143279
v -3.330681 2.064454 0.163279
v -3.330116 2.068799 0.143279
v -3.330116 2.068799 0.163279
v -3.330116 2.068799 0.153279
v -3.332446 2.060614 0.153279
v -3.339006 2.055534 0.143279
v -3.339006 2.055534 0.163279
v -3.335339 2.057604 0.143279
v -3.335339 2.057604 0.163279
v -3.332446 2.060614 0.143279
v -3.332446 2.060614 0.163279
v -3.332446 2.060614 0.153279
v -3.339006 2.055534 0.153279
v -3.355731 2.053064 0.143279
v -3.355731 2.053064 0.163279
v -3.339006 2.055534 0.143279
v -3.339006 2.055534 0.163279
v -3.339006 2.055534 0.153279
v -3.353686 2.045444 0.143279
v -3.353686 2.045444 0.163279
v -3.355731 2.053064 0.143279
v -3.355731 2.053064 0.163279
v -3.254766 2.045444 0.143279
v -3.254766 2.045444 0.163279
v -3.353686 2.045444 0.143279
v -3.353686 2.045444 0.163279
v -3.256811 2.053064 0.143279
v -3.256811 2.053064 0.163279
v -3.254766 2.045444 0.143279
v -3.254766 2.045444 0.163279
v -3.282001 2.056594 0.143279
v -3.282001 2.056594 0.163279
v -3.256811 2.053064 0.143279
v -3.256811 2.053064 0.163279
v -3.282001 2.056594 0.153279
v -3.294911 2.066754 0.143279
v -3.294911 2.066754 0.163279
v -3.289204 2.060714 0.143279
v -3.289204 2.060714 0.163279
v -3.282001 2.056594 0.143279
v -3.282001 2.056594 0.163279
v -3.282001 2.056594 0.153279
v -3.294911 2.066754 0.153279
v -3.306201 2.096313 0.143279
v -3.306201 2.096313 0.163279
v -3.294911 2.066754 0.143279
v -3.294911 2.066754 0.163279
v -3.294911 2.066754 0.153279
v -3.334561 2.198764 0.143279
v -3.334561 2.198764 0.163279
v -3.306201 2.096313 0.143279
v -3.306201 2.096313 0.163279
v -3.283836 2.142744 0.143279
v -3.283836 2.142744 0.163279
v -3.311435 2.168367 0.143279
v -3.311435 2.168367 0.163279
v -3.334561 2.198764 0.143279
v -3.334561 2.198764 0.163279
v -3.283836 2.142744 0.153279
v -3.252646 2.131384 0.143279
v -3.252646 2.131384 0.163279
v -3.268991 2.134737 0.143279
v -3.268991 2.134737 0.163279
v -3.283836 2.142744 0.143279
v -3.283836 2.142744 0.163279
v -3.283836 2.142744 0.153279
v -3.252646 2.131384 0.153279
v -3.221461 2.148174 0.143279
v -3.221461 2.148174 0.163279
v -3.234473 2.135608 0.143279
v -3.234473 2.135608 0.163279
v -3.252646 2.131384 0.143279
v -3.252646 2.131384 0.163279
v -3.252646 2.131384 0.153279
v -3.221461 2.148174 0.153279
v -3.210951 2.184579 0.143279
v -3.210951 2.184579 0.163279
v -3.213581 2.165708 0.143279
v -3.213581 2.165708 0.163279
v -3.221461 2.148174 0.143279
v -3.221461 2.148174 0.163279
v -3.221461 2.148174 0.153279
v -3.210951 2.184579 0.153279
v -3.230071 2.249913 0.143279
v -3.230071 2.249913 0.163279
v -3.210951 2.184579 0.143279
v -3.210951 2.184579 0.163279
v -3.210951 2.184579 0.153279
v -3.280586 2.306009 0.143279
v -3.280586 2.306009 0.163279
v -3.230071 2.249913 0.143279
v -3.230071 2.249913 0.163279
v -3.280586 2.306009 0.153279
v -3.324616 2.323153 0.143279
v -3.324616 2.323153 0.163279
v -3.301473 2.317956 0.143279
v -3.301473 2.317956 0.163279
v -3.280586 2.306009 0.143279
v -3.280586 2.306009 0.163279
v -3.280586 2.306009 0.153279
v -3.324616 2.323153 0.153279
v -3.348746 2.316029 0.143279
v -3.348746 2.316029 0.163279
v -3.337300 2.321549 0.143279
v -3.337300 2.321549 0.163279
v -3.324616 2.323153 0.143279
v -3.324616 2.323153 0.163279
v -3.324616 2.323153 0.153279
v -3.348746 2.316029 0.153279
v -3.362926 2.293308 0.143279
v -3.362926 2.293308 0.163279
v -3.357604 2.305814 0.143279
v -3.357604 2.305814 0.163279
v -3.348746 2.316029 0.143279
v -3.348746 2.316029 0.163279
v -3.348746 2.316029 0.153279
v -3.369561 2.316379 0.143279
v -3.369561 2.316379 0.163279
v -3.362926 2.293308 0.143279
v -3.362926 2.293308 0.163279
v -3.401946 2.323153 0.143279
v -3.401946 2.323153 0.163279
v -3.369561 2.316379 0.143279
v -3.369561 2.316379 0.163279
v -3.354881 2.282933 0.143279
v -3.354881 2.282933 0.163279
v -3.338866 2.225148 0.143279
v -3.338866 2.225148 0.163279
v -3.354881 2.282933 0.153279
v -3.401946 2.323153 0.163279
v -3.334636 2.089544 0.163279
v -3.331906 2.079229 0.163279
v -3.330116 2.068799 0.163279
v -3.330681 2.064454 0.163279
v -3.332446 2.060614 0.163279
v -3.335339 2.057604 0.163279
v -3.339006 2.055534 0.163279
v -3.355731 2.053064 0.163279
v -3.353686 2.045444 0.163279
v -3.254766 2.045444 0.163279
v -3.256811 2.053064 0.163279
v -3.282001 2.056594 0.163279
v -3.289204 2.060714 0.163279
v -3.294911 2.066754 0.163279
v -3.306201 2.096313 0.163279
v -3.334561 2.198764 0.163279
v -3.311435 2.168367 0.163279
v -3.283836 2.142744 0.163279
v -3.268991 2.134737 0.163279
v -3.252646 2.131384 0.163279
v -3.234473 2.135608 0.163279
v -3.221461 2.148174 0.163279
v -3.213581 2.165708 0.163279
v -3.210951 2.184579 0.163279
v -3.230071 2.249913 0.163279
v -3.280586 2.306009 0.163279
v -3.301473 2.317956 0.163279
v -3.324616 2.323153 0.163279
v -3.337300 2.321549 0.163279
v -3.348746 2.316029 0.163279
v -3.357604 2.305814 0.163279
v -3.362926 2.293308 0.163279
v -3.369561 2.316379 0.163279
v -3.354881 2.282933 0.163279
v -3.352912 2.294759 0.163279
v -3.346771 2.304523 0.163279
v -3.338866 2.225148 0.163279
v -3.298366 2.170753 0.163279
v -3.321300 2.195521 0.163279
v -3.269156 2.156784 0.163279
v -3.284868 2.161264 0.163279
v -3.251941 2.164824 0.163279
v -3.259769 2.158800 0.163279
v -3.244816 2.188249 0.163279
v -3.246287 2.175798 0.163279
v -3.326731 2.312994 0.163279
v -3.298370 2.300370 0.163279
v -3.276778 2.275316 0.163279
v -3.260222 2.247537 0.163279
v -3.249122 2.218945 0.163279
v -3.337595 2.310910 0.163279
v -3.338866 2.225148 0.143279
v -3.338866 2.225148 0.163279
v -3.321300 2.195521 0.143279
v -3.321300 2.195521 0.163279
v -3.298366 2.170753 0.143279
v -3.298366 2.170753 0.163279
v -3.298366 2.170753 0.153279
v -3.298366 2.170753 0.143279
v -3.298366 2.170753 0.163279
v -3.284868 2.161264 0.143279
v -3.284868 2.161264 0.163279
v -3.269156 2.156784 0.143279
v -3.269156 2.156784 0.163279
v -3.298366 2.170753 0.153279
v -3.269156 2.156784 0.153279
v -3.269156 2.156784 0.143279
v -3.269156 2.156784 0.163279
v -3.259769 2.158800 0.143279
v -3.259769 2.158800 0.163279
v -3.251941 2.164824 0.143279
v -3.251941 2.164824 0.163279
v -3.269156 2.156784 0.153279
v -3.251941 2.164824 0.153279
v -3.251941 2.164824 0.143279
v -3.251941 2.164824 0.163279
v -3.246287 2.175798 0.143279
v -3.246287 2.175798 0.163279
v -3.244816 2.188249 0.143279
v -3.244816 2.188249 0.163279
v -3.251941 2.164824 0.153279
v -3.244816 2.188249 0.153279
v -3.244816 2.188249 0.143279
v -3.244816 2.188249 0.163279
v -3.249122 2.218945 0.143279
v -3.249122 2.218945 0.163279
v -3.260222 2.247537 0.143279
v -3.260222 2.247537 0.163279
v -3.276778 2.275316 0.143279
v -3.276778 2.275316 0.163279
v -3.298370 2.300370 0.143279
v -3.298370 2.300370 0.163279
v -3.326731 2.312994 0.143279
v -3.326731 2.312994 0.163279
v -3.244816 2.188249 0.153279
v -3.326731 2.312994 0.153279
v -3.326731 2.312994 0.143279
v -3.326731 2.312994 0.163279
v -3.337595 2.310910 0.143279
v -3.337595 2.310910 0.163279
v -3.346771 2.304523 0.143279
v -3.346771 2.304523 0.163279
v -3.326731 2.312994 0.153279
v -3.346771 2.304523 0.153279
v -3.346771 2.304523 0.143279
v -3.346771 2.304523 0.163279
v -3.352912 2.294759 0.143279
v -3.352912 2.294759 0.163279
v -3.354881 2.282933 0.143279
v -3.354881 2.282933 0.163279
v -3.354881 2.282933 0.153279
v -3.346771 2.304523 0.153279
v -4.094913 3.805969 0.150150
v -4.081368 3.795459 0.150150
v -4.067113 3.792284 0.150150
v -4.052213 3.795695 0.150150
v -4.040018 3.805228 0.150150
v -4.031152 3.820583 0.150150
v -4.028448 3.838534 0.150150
v -4.031722 3.858209 0.150150
v -4.041253 3.875749 0.150150
v -4.055923 3.888402 0.150150
v -4.074238 3.892613 0.150150
v -4.085567 3.890643 0.150150
v -4.094913 3.884604 0.150150
v -4.094913 3.902138 0.150150
v -4.094138 3.921963 0.150150
v -4.092690 3.925406 0.150150
v -4.089621 3.927679 0.150150
v -4.079038 3.930504 0.150150
v -4.112058 3.942143 0.150150
v -4.112058 3.832709 0.150150
v -4.112833 3.812499 0.150150
v -4.114292 3.809062 0.150150
v -4.117331 3.806694 0.150150
v -4.127933 3.803924 0.150150
v -4.094913 3.792284 0.150150
v -4.094913 3.813204 0.150150
v -4.094913 3.861709 0.150150
v -4.091173 3.874588 0.150150
v -4.076673 3.803714 0.150150
v -4.086752 3.806518 0.150150
v -4.056388 3.814789 0.150150
v -4.065329 3.806876 0.150150
v -4.047288 3.846754 0.150150
v -4.049153 3.829875 0.150150
v -4.056708 3.878114 0.150150
v -4.049202 3.863340 0.150150
v -4.072968 3.886264 0.150150
v -4.064036 3.884067 0.150150
v -4.082953 3.883333 0.150150
v -4.078140 3.885452 0.150150
v -4.087634 3.879617 0.150150
v -4.081368 3.795459 0.150150
v -4.081368 3.795459 0.170150
v -4.094913 3.805969 0.150150
v -4.094913 3.805969 0.170150
v -4.081368 3.795459 0.160150
v -4.067113 3.792284 0.150150
v -4.067113 3.792284 0.170150
v -4.081368 3.795459 0.150150
v -4.081368 3.795459 0.170150
v -4.081368 3.795459 0.160150
v -4.067113 3.792284 0.160150
v -4.040018 3.805228 0.150150
v -4.040018 3.805228 0.170150
v -4.052213 3.795695 0.150150
v -4.052213 3.795695 0.170150
v -4.067113 3.792284 0.150150
v -4.067113 3.792284 0.170150
v -4.067113 3.792284 0.160150
v -4.040018 3.805228 0.160150
v -4.028448 3.838534 0.150150
v -4.028448 3.838534 0.170150
v -4.031152 3.820583 0.150150
v -4.031152 3.820583 0.170150
v -4.040018 3.805228 0.150150
v -4.040018 3.805228 0.170150
v -4.040018 3.805228 0.160150
v -4.028448 3.838534 0.160150
v -4.041253 3.875749 0.150150
v -4.041253 3.875749 0.170150
v -4.031722 3.858209 0.150150
v -4.031722 3.858209 0.170150
v -4.028448 3.838534 0.150150
v -4.028448 3.838534 0.170150
v -4.028448 3.838534 0.160150
v -4.041253 3.875749 0.160150
v -4.074238 3.892613 0.150150
v -4.074238 3.892613 0.170150
v -4.055923 3.888402 0.150150
v -4.055923 3.888402 0.170150
v -4.041253 3.875749 0.150150
v -4.041253 3.875749 0.170150
v -4.041253 3.875749 0.160150
v -4.074238 3.892613 0.160150
v -4.094913 3.884604 0.150150
v -4.094913 3.884604 0.170150
v -4.085567 3.890643 0.150150
v -4.085567 3.890643 0.170150
v -4.074238 3.892613 0.150150
v -4.074238 3.892613 0.170150
v -4.074238 3.892613 0.160150
v -4.094913 3.902138 0.150150
v -4.094913 3.902138 0.170150
v -4.094913 3.884604 0.150150
v -4.094913 3.884604 0.170150
v -4.094138 3.921963 0.150150
v -4.094138 3.921963 0.170150
v -4.094913 3.902138 0.150150
v -4.094913 3.902138 0.170150
v -4.094138 3.921963 0.160150
v -4.089621 3.927679 0.150150
v -4.089621 3.927679 0.170150
v -4.092690 3.925406 0.150150
v -4.092690 3.925406 0.170150
v -4.094138 3.921963 0.150150
v -4.094138 3.921963 0.170150
v -4.089621 3.927679 0.160150
v -4.094138 3.921963 0.160150
v -4.079038 3.930504 0.150150
v -4.079038 3.930504 0.170150
v -4.089621 3.927679 0.150150
v -4.089621 3.927679 0.170150
v -4.089621 3.927679 0.160150
v -4.112058 3.942143 0.150150
v -4.112058 3.942143 0.170150
v -4.079038 3.930504 0.150150
v -4.079038 3.930504 0.170150
v -4.112058 3.832709 0.150150
v -4.112058 3.832709 0.170150
v -4.112058 3.942143 0.150150
v -4.112058 3.942143 0.170150
v -4.112833 3.812499 0.150150
v -4.112833 3.812499 0.170150
v -4.112058 3.832709 0.150150
v -4.112058 3.832709 0.170150
v -4.112833 3.812499 0.160150
v -4.117331 3.806694 0.150150
v -4.117331 3.806694 0.170150
v -4.114292 3.809062 0.150150
v -4.114292 3.809062 0.170150
v -4.112833 3.812499 0.150150
v -4.112833 3.812499 0.170150
v -4.112833 3.812499 0.160150
v -4.117331 3.806694 0.160150
v -4.127933 3.803924 0.150150
v -4.127933 3.803924 0.170150
v -4.117331 3.806694 0.150150
v -4.117331 3.806694 0.170150
v -4.117331 3.806694 0.160150
v -4.094913 3.792284 0.150150
v -4.094913 3.792284 0.170150
v -4.127933 3.803924 0.150150
v -4.127933 3.803924 0.170150
v -4.094913 3.805969 0.150150
v -4.094913 3.805969 0.170150
v -4.094913 3.792284 0.150150
v -4.094913 3.792284 0.170150
v -4.094913 3.861709 0.150150
v -4.094913 3.861709 0.170150
v -4.094913 3.813204 0.150150
v -4.094913 3.813204 0.170150
v -4.094913 3.813204 0.160150
v -4.094913 3.861709 0.160150
v -4.094913 3.813204 0.150150
v -4.094913 3.813204 0.170150
v -4.086752 3.806518 0.150150
v -4.086752 3.806518 0.170150
v -4.076673 3.803714 0.150150
v -4.076673 3.803714 0.170150
v -4.094913 3.813204 0.160150
v -4.076673 3.803714 0.160150
v -4.094913 3.805969 0.170150
v -4.081368 3.795459 0.170150
v -4.067113 3.792284 0.170150
v -4.052213 3.795695 0.170150
v -4.040018 3.805228 0.170150
v -4.031152 3.820583 0.170150
v -4.028448 3.838534 0.170150
v -4.031722 3.858209 0.170150
v -4.041253 3.875749 0.170150
v -4.055923 3.888402 0.170150
v -4.074238 3.892613 0.170150
v -4.085567 3.890643 0.170150
v -4.094913 3.884604 0.170150
v -4.094913 3.902138 0.170150
v -4.094138 3.921963 0.170150
v -4.092690 3.925406 0.170150
v -4.089621 3.927679 0.170150
v -4.079038 3.930504 0.170150
v -4.112058 3.942143 0.170150
v -4.112058 3.832709 0.170150
v -4.112833 3.812499 0.170150
v -4.114292 3.809062 0.170150
v -4.117331 3.806694 0.170150
v -4.127933 3.803924 0.170150
v -4.094913 3.792284 0.170150
v -4.094913 3.813204 0.170150
v -4.094913 3.861709 0.170150
v -4.091173 3.874588 0.170150
v -4.076673 3.803714 0.170150
v -4.086752 3.806518 0.170150
v -4.056388 3.814789 0.170150
v -4.065329 3.806876 0.170150
v -4.047288 3.846754 0.170150
v -4.049153 3.829875 0.170150
v -4.056708 3.878114 0.170150
v -4.049202 3.863340 0.170150
v -4.072968 3.886264 0.170150
v -4.064036 3.884067 0.170150
v -4.082953 3.883333 0.170150
v -4.078140 3.885452 0.170150
v -4.087634 3.879617 0.170150
v -4.076673 3.803714 0.150150
v -4.076673 3.803714 0.170150
v -4.065329 3.806876 0.150150
v -4.065329 3.806876 0.170150
v -4.056388 3.814789 0.150150
v -4.056388 3.814789 0.170150
v -4.076673 3.803714 0.160150
v -4.056388 3.814789 0.160150
v -4.056388 3.814789 0.150150
v -4.056388 3.814789 0.170150
v -4.049153 3.829875 0.150150
v -4.049153 3.829875 0.170150
v -4.047288 3.846754 0.150150
v -4.047288 3.846754 0.170150
v -4.056388 3.814789 0.160150
v -4.047288 3.846754 0.160150
v -4.047288 3.846754 0.150150
v -4.047288 3.846754 0.170150
v -4.049202 3.863340 0.150150
v -4.049202 3.863340 0.170150
v -4.056708 3.878114 0.150150
v -4.056708 3.878114 0.170150
v -4.047288 3.846754 0.160150
v -4.056708 3.878114 0.160150
v -4.056708 3.878114 0.150150
v -4.056708 3.878114 0.170150
v -4.064036 3.884067 0.150150
v -4.064036 3.884067 0.170150
v -4.072968 3.886264 0.150150
v -4.072968 3.886264 0.170150
v -4.056708 3.878114 0.160150
v -4.072968 3.886264 0.160150
v -4.072968 3.886264 0.150150
v -4.072968 3.886264 0.170150
v -4.078140 3.885452 0.150150
v -4.078140 3.885452 0.170150
v -4.082953 3.883333 0.150150
v -4.082953 3.883333 0.170150
v -4.072968 3.886264 0.160150
v -4.082953 3.883333 0.160150
v -4.082953 3.883333 0.150150
v -4.082953 3.883333 0.170150
v -4.087634 3.879617 0.150150
v -4.087634 3.879617 0.170150
v -4.091173 3.874588 0.150150
v -4.091173 3.874588 0.170150
v -4.082953 3.883333 0.160150
v -4.091173 3.874588 0.160150
v -4.091173 3.874588 0.150150
v -4.091173 3.874588 0.170150
v -4.094913 3.861709 0.150150
v -4.094913 3.861709 0.170150
v -4.094913 3.861709 0.160150
v -4.091173 3.874588 0.160150
v -4.010103 4.066813 0.150150
v -3.942793 3.833204 0.150150
v -3.940064 3.822889 0.150150
v -3.938273 3.812459 0.150150
v -3.938839 3.808114 0.150150
v -3.940603 3.804274 0.150150
v -3.943497 3.801264 0.150150
v -3.947163 3.799194 0.150150
v -3.963888 3.796724 0.150150
v -3.961843 3.789104 0.150150
v -3.862923 3.789104 0.150150
v -3.864968 3.796724 0.150150
v -3.890158 3.800254 0.150150
v -3.897362 3.804374 0.150150
v -3.903068 3.810414 0.150150
v -3.914358 3.839973 0.150150
v -3.942718 3.942424 0.150150
v -3.919592 3.912027 0.150150
v -3.891993 3.886404 0.150150
v -3.877149 3.878397 0.150150
v -3.860803 3.875044 0.150150
v -3.842630 3.879268 0.150150
v -3.829618 3.891834 0.150150
v -3.821739 3.909368 0.150150
v -3.819108 3.928239 0.150150
v -3.838228 3.993573 0.150150
v -3.888743 4.049668 0.150150
v -3.909631 4.061616 0.150150
v -3.932773 4.066813 0.150150
v -3.945458 4.065209 0.150150
v -3.956903 4.059689 0.150150
v -3.965761 4.049474 0.150150
v -3.971083 4.036969 0.150150
v -3.977718 4.060039 0.150150
v -3.963038 4.026594 0.150150
v -3.961070 4.038419 0.150150
v -3.954928 4.048183 0.150150
v -3.947023 3.968808 0.150150
v -3.906523 3.914413 0.150150
v -3.877313 3.900444 0.150150
v -3.893026 3.904924 0.150150
v -3.860098 3.908484 0.150150
v -3.867926 3.902460 0.150150
v -3.852973 3.931909 0.150150
v -3.854445 3.919458 0.150150
v -3.934888 4.056653 0.150150
v -3.906527 4.044030 0.150150
v -3.884936 4.018976 0.150150
v -3.868379 3.991197 0.150150
v -3.857279 3.962605 0.150150
v -3.945753 4.054570 0.150150
v -3.942793 3.833204 0.150150
v -3.942793 3.833204 0.170150
v -4.010103 4.066813 0.150150
v -4.010103 4.066813 0.170150
v -3.938273 3.812459 0.150150
v -3.938273 3.812459 0.170150
v -3.940064 3.822889 0.150150
v -3.940064 3.822889 0.170150
v -3.942793 3.833204 0.150150
v -3.942793 3.833204 0.170150
v -3.938273 3.812459 0.160150
v -3.940603 3.804274 0.150150
v -3.940603 3.804274 0.170150
v -3.938839 3.808114 0.150150
v -3.938839 3.808114 0.170150
v -3.938273 3.812459 0.150150
v -3.938273 3.812459 0.170150
v -3.938273 3.812459 0.160150
v -3.940603 3.804274 0.160150
v -3.947163 3.799194 0.150150
v -3.947163 3.799194 0.170150
v -3.943497 3.801264 0.150150
v -3.943497 3.801264 0.170150
v -3.940603 3.804274 0.150150
v -3.940603 3.804274 0.170150
v -3.940603 3.804274 0.160150
v -3.947163 3.799194 0.160150
v -3.963888 3.796724 0.150150
v -3.963888 3.796724 0.170150
v -3.947163 3.799194 0.150150
v -3.947163 3.799194 0.170150
v -3.947163 3.799194 0.160150
v -3.961843 3.789104 0.150150
v -3.961843 3.789104 0.170150
v -3.963888 3.796724 0.150150
v -3.963888 3.796724 0.170150
v -3.862923 3.789104 0.150150
v -3.862923 3.789104 0.170150
v -3.961843 3.789104 0.150150
v -3.961843 3.789104 0.170150
v -3.864968 3.796724 0.150150
v -3.864968 3.796724 0.170150
v -3.862923 3.789104 0.150150
v -3.862923 3.789104 0.170150
v -3.890158 3.800254 0.150150
v -3.890158 3.800254 0.170150
v -3.864968 3.796724 0.150150
v -3.864968 3.796724 0.170150
v -3.890158 3.800254 0.160150
v -3.903068 3.810414 0.150150
v -3.903068 3.810414 0.170150
v -3.897362 3.804374 0.150150
v -3.897362 3.804374 0.170150
v -3.890158 3.800254 0.150150
v -3.890158 3.800254 0.170150
v -3.890158 3.800254 0.160150
v -3.903068 3.810414 0.160150
v -3.914358 3.839973 0.150150
v -3.914358 3.839973 0.170150
v -3.903068 3.810414 0.150150
v -3.903068 3.810414 0.170150
v -3.903068 3.810414 0.160150
v -3.942718 3.942424 0.150150
v -3.942718 3.942424 0.170150
v -3.914358 3.839973 0.150150
v -3.914358 3.839973 0.170150
v -3.891993 3.886404 0.150150
v -3.891993 3.886404 0.170150
v -3.919592 3.912027 0.150150
v -3.919592 3.912027 0.170150
v -3.942718 3.942424 0.150150
v -3.942718 3.942424 0.170150
v -3.891993 3.886404 0.160150
v -3.860803 3.875044 0.150150
v -3.860803 3.875044 0.170150
v -3.877149 3.878397 0.150150
v -3.877149 3.878397 0.170150
v -3.891993 3.886404 0.150150
v -3.891993 3.886404 0.170150
v -3.891993 3.886404 0.160150
v -3.860803 3.875044 0.160150
v -3.829618 3.891834 0.150150
v -3.829618 3.891834 0.170150
v -3.842630 3.879268 0.150150
v -3.842630 3.879268 0.170150
v -3.860803 3.875044 0.150150
v -3.860803 3.875044 0.170150
v -3.860803 3.875044 0.160150
v -3.829618 3.891834 0.160150
v -3.819108 3.928239 0.150150
v -3.819108 3.928239 0.170150
v -3.821739 3.909368 0.150150
v -3.821739 3.909368 0.170150
v -3.829618 3.891834 0.150150
v -3.829618 3.891834 0.170150
v -3.829618 3.891834 0.160150
v -3.819108 3.928239 0.160150
v -3.838228 3.993573 0.150150
v -3.838228 3.993573 0.170150
v -3.819108 3.928239 0.150150
v -3.819108 3.928239 0.170150
v -3.819108 3.928239 0.160150
v -3.888743 4.049668 0.150150
v -3.888743 4.049668 0.170150
v -3.838228 3.993573 0.150150
v -3.838228 3.993573 0.170150
v -3.888743 4.049668 0.160150
v -3.932773 4.066813 0.150150
v -3.932773 4.066813 0.170150
v -3.909631 4.061616 0.150150
v -3.909631 4.061616 0.170150
v -3.888743 4.049668 0.150150
v -3.888743 4.049668 0.170150
v -3.888743 4.049668 0.160150
v -3.932773 4.066813 0.160150
v -3.956903 4.059689 0.150150
v -3.956903 4.059689 0.170150
v -3.945458 4.065209 0.150150
v -3.945458 4.065209 0.170150
v -3.932773 4.066813 0.150150
v -3.932773 4.066813 0.170150
v -3.932773 4.066813 0.160150
v -3.956903 4.059689 0.160150
v -3.971083 4.036969 0.150150
v -3.971083 4.036969 0.170150
v -3.965761 4.049474 0.150150
v -3.965761 4.049474 0.170150
v -3.956903 4.059689 0.150150
v -3.956903 4.059689 0.170150
v -3.956903 4.059689 0.160150
v -3.977718 4.060039 0.150150
v -3.977718 4.060039 0.170150
v -3.971083 4.036969 0.150150
v -3.971083 4.036969 0.170150
v -4.010103 4.066813 0.150150
v -4.010103 4.066813 0.170150
v -3.977718 4.060039 0.150150
v -3.977718 4.060039 0.170150
v -3.963038 4.026594 0.150150
v -3.963038 4.026594 0.170150
v -3.947023 3.968808 0.150150
v -3.947023 3.968808 0.170150
v -3.963038 4.026594 0.160150
v -4.010103 4.066813 0.170150
v -3.942793 3.833204 0.170150
v -3.940064 3.822889 0.170150
v -3.938273 3.812459 0.170150
v -3.938839 3.808114 0.170150
v -3.940603 3.804274 0.170150
v -3.943497 3.801264 0.170150
v -3.947163 3.799194 0.170150
v -3.963888 3.796724 0.170150
v -3.961843 3.789104 0.170150
v -3.862923 3.789104 0.170150
v -3.864968 3.796724 0.170150
v -3.890158 3.800254 0.170150
v -3.897362 3.804374 0.170150
v -3.903068 3.810414 0.170150
v -3.914358 3.839973 0.170150
v -3.942718 3.942424 0.170150
v -3.919592 3.912027 0.170150
v -3.891993 3.886404 0.170150
v -3.877149 3.878397 0.170150
v -3.860803 3.875044 0.170150
v -3.842630 3.879268 0.170150
v -3.829618 3.891834 0.170150
v -3.821739 3.909368 0.170150
v -3.819108 3.928239 0.170150
v -3.838228 3.993573 0.170150
v -3.888743 4.049668 0.170150
v -3.909631 4.061616 0.170150
v -3.932773 4.066813 0.170150
v -3.945458 4.065209 0.170150
v -3.956903 4.059689 0.170150
v -3.965761 4.049474 0.170150
v -3.971083 4.036969 0.170150
v -3.977718 4.060039 0.170150
v -3.963038 4.026594 0.170150
v -3.961070 4.038419 0.170150
v -3.954928 4.048183 0.170150
v -3.947023 3.968808 0.170150
v -3.906523 3.914413 0.170150
v -3.877313 3.900444 0.170150
v -3.893026 3.904924 0.170150
v -3.860098 3.908484 0.170150
v -3.867926 3.902460 0.170150
v -3.852973 3.931909 0.170150
v -3.854445 3.919458 0.170150
v -3.934888 4.056653 0.170150
v -3.906527 4.044030 0.170150
v -3.884936 4.018976 0.170150
v -3.868379 3.991197 0.170150
v -3.857279 3.962605 0.170150
v -3.945753 4.054570 0.170150
v -3.947023 3.968808 0.150150
v -3.947023 3.968808 0.170150
v -3.906523 3.914413 0.150150
v -3.906523 3.914413 0.170150
v -3.906523 3.914413 0.160150
v -3.906523 3.914413 0.150150
v -3.906523 3.914413 0.170150
v -3.893026 3.904924 0.150150
v -3.893026 3.904924 0.170150
v -3.877313 3.900444 0.150150
v -3.877313 3.900444 0.170150
v -3.906523 3.914413 0.160150
v -3.877313 3.900444 0.160150
v -3.877313 3.900444 0.150150
v -3.877313 3.900444 0.170150
v -3.867926 3.902460 0.150150
v -3.867926 3.902460 0.170150
v -3.860098 3.908484 0.150150
v -3.860098 3.908484 0.170150
v -3.877313 3.900444 0.160150
v -3.860098 3.908484 0.160150
v -3.860098 3.908484 0.150150
v -3.860098 3.908484 0.170150
v -3.854445 3.919458 0.150150
v -3.854445 3.919458 0.170150
v -3.852973 3.931909 0.150150
v -3.852973 3.931909 0.170150
v -3.860098 3.908484 0.160150
v -3.852973 3.931909 0.160150
v -3.852973 3.931909 0.150150
v -3.852973 3.931909 0.170150
v -3.857279 3.962605 0.150150
v -3.857279 3.962605 0.170150
v -3.868379 3.991197 0.150150
v -3.868379 3.991197 0.170150
v -3.884936 4.018976 0.150150
v -3.884936 4.018976 0.170150
v -3.906527 4.044030 0.150150
v -3.906527 4.044030 0.170150
v -3.934888 4.056653 0.150150
v -3.934888 4.056653 0.170150
v -3.852973 3.931909 0.160150
v -3.934888 4.056653 0.160150
v -3.934888 4.056653 0.150150
v -3.934888 4.056653 0.170150
v -3.945753 4.054570 0.150150
v -3.945753 4.054570 0.170150
v -3.954928 4.048183 0.150150
v -3.954928 4.048183 0.170150
v -3.934888 4.056653 0.160150
v -3.954928 4.048183 0.160150
v -3.954928 4.048183 0.150150
v -3.954928 4.048183 0.170150
v -3.961070 4.038419 0.150150
v -3.961070 4.038419 0.170150
v -3.963038 4.026594 0.150150
v -3.963038 4.026594 0.170150
v -3.963038 4.026594 0.160150
v -3.954928 4.048183 0.160150
v -3.684903 4.160368 0.150150
v -3.534623 4.160368 0.150150
v -3.684903 4.152254 0.150150
v -3.591773 3.873774 0.150150
v -3.568558 3.873774 0.150150
v -3.652308 4.126503 0.150150
v -3.575193 4.126503 0.150150
v -3.541888 4.120928 0.150150
v -3.525888 4.108464 0.150150
v -3.513948 4.091578 0.150150
v -3.507953 4.093833 0.150150
v -3.684903 4.160368 0.150150
v -3.684903 4.160368 0.170150
v -3.534623 4.160368 0.150150
v -3.534623 4.160368 0.170150
v -3.684903 4.152254 0.150150
v -3.684903 4.152254 0.170150
v -3.684903 4.160368 0.150150
v -3.684903 4.160368 0.170150
v -3.591773 3.873774 0.150150
v -3.591773 3.873774 0.170150
v -3.684903 4.152254 0.150150
v -3.684903 4.152254 0.170150
v -3.568558 3.873774 0.150150
v -3.568558 3.873774 0.170150
v -3.591773 3.873774 0.150150
v -3.591773 3.873774 0.170150
v -3.652308 4.126503 0.150150
v -3.652308 4.126503 0.170150
v -3.568558 3.873774 0.150150
v -3.568558 3.873774 0.170150
v -3.575193 4.126503 0.150150
v -3.575193 4.126503 0.170150
v -3.652308 4.126503 0.150150
v -3.652308 4.126503 0.170150
v -3.541888 4.120928 0.150150
v -3.541888 4.120928 0.170150
v -3.575193 4.126503 0.150150
v -3.575193 4.126503 0.170150
v -3.541888 4.120928 0.160150
v -3.513948 4.091578 0.150150
v -3.513948 4.091578 0.170150
v -3.525888 4.108464 0.150150
v -3.525888 4.108464 0.170150
v -3.541888 4.120928 0.150150
v -3.541888 4.120928 0.170150
v -3.541888 4.120928 0.160150
v -3.507953 4.093833 0.150150
v -3.507953 4.093833 0.170150
v -3.513948 4.091578 0.150150
v -3.513948 4.091578 0.170150
v -3.534623 4.160368 0.150150
v -3.534623 4.160368 0.170150
v -3.507953 4.093833 0.150150
v -3.507953 4.093833 0.170150
v -3.684903 4.160368 0.170150
v -3.534623 4.160368 0.170150
v -3.684903 4.152254 0.170150
v -3.591773 3.873774 0.170150
v -3.568558 3.873774 0.170150
v -3.652308 4.126503 0.170150
v -3.575193 4.126503 0.170150
v -3.541888 4.120928 0.170150
v -3.525888 4.108464 0.170150
v -3.513948 4.091578 0.170150
v -3.507953 4.093833 0.170150
v -3.439368 3.919914 0.150150
v -3.448282 3.918221 0.150150
v -3.455668 3.913213 0.150150
v -3.460620 3.905771 0.150150
v -3.462228 3.897053 0.150150
v -3.460525 3.888239 0.150150
v -3.455528 3.880898 0.150150
v -3.448098 3.875852 0.150150
v -3.439368 3.874193 0.150150
v -3.430553 3.875900 0.150150
v -3.423213 3.880898 0.150150
v -3.418175 3.888334 0.150150
v -3.416508 3.897053 0.150150
v -3.418204 3.905967 0.150150
v -3.423213 3.913353 0.150150
v -3.430660 3.918298 0.150150
v -3.455668 3.913213 0.150150
v -3.455668 3.913213 0.170150
v -3.448282 3.918221 0.150150
v -3.448282 3.918221 0.170150
v -3.439368 3.919914 0.150150
v -3.439368 3.919914 0.170150
v -3.439368 3.919914 0.160150
v -3.455668 3.913213 0.160150
v -3.462228 3.897053 0.150150
v -3.462228 3.897053 0.170150
v -3.460620 3.905771 0.150150
v -3.460620 3.905771 0.170150
v -3.455668 3.913213 0.150150
v -3.455668 3.913213 0.170150
v -3.455668 3.913213 0.160150
v -3.462228 3.897053 0.160150
v -3.455528 3.880898 0.150150
v -3.455528 3.880898 0.170150
v -3.460525 3.888239 0.150150
v -3.460525 3.888239 0.170150
v -3.462228 3.897053 0.150150
v -3.462228 3.897053 0.170150
v -3.462228 3.897053 0.160150
v -3.455528 3.880898 0.160150
v -3.439368 3.874193 0.150150
v -3.439368 3.874193 0.170150
v -3.448098 3.875852 0.150150
v -3.448098 3.875852 0.170150
v -3.455528 3.880898 0.150150
v -3.455528 3.880898 0.170150
v -3.455528 3.880898 0.160150
v -3.439368 3.874193 0.160150
v -3.423213 3.880898 0.150150
v -3.423213 3.880898 0.170150
v -3.430553 3.875900 0.150150
v -3.430553 3.875900 0.170150
v -3.439368 3.874193 0.150150
v -3.439368 3.874193 0.170150
v -3.439368 3.874193 0.160150
v -3.423213 3.880898 0.160150
v -3.416508 3.897053 0.150150
v -3.416508 3.897053 0.170150
v -3.418175 3.888334 0.150150
v -3.418175 3.888334 0.170150
v -3.423213 3.880898 0.150150
v -3.423213 3.880898 0.170150
v -3.423213 3.880898 0.160150
v -3.416508 3.897053 0.160150
v -3.423213 3.913353 0.150150
v -3.423213 3.913353 0.170150
v -3.418204 3.905967 0.150150
v -3.418204 3.905967 0.170150
v -3.416508 3.897053 0.150150
v -3.416508 3.897053 0.170150
v -3.416508 3.897053 0.160150
v -3.423213 3.913353 0.160150
v -3.439368 3.919914 0.150150
v -3.439368 3.919914 0.170150
v -3.430660 3.918298 0.150150
v -3.430660 3.918298 0.170150
v -3.423213 3.913353 0.150150
v -3.423213 3.913353 0.170150
v -3.439368 3.919914 0.160150
v -3.423213 3.913353 0.160150
v -3.439368 3.919914 0.170150
v -3.448282 3.918221 0.170150
v -3.455668 3.913213 0.170150
v -3.460620 3.905771 0.170150
v -3.462228 3.897053 0.170150
v -3.460525 3.888239 0.170150
v -3.455528 3.880898 0.170150
v -3.448098 3.875852 0.170150
v -3.439368 3.874193 0.170150
v -3.430553 3.875900 0.170150
v -3.423213 3.880898 0.170150
v -3.418175 3.888334 0.170150
v -3.416508 3.897053 0.170150
v -3.418204 3.905967 0.170150
v -3.423213 3.913353 0.170150
v -3.430660 3.918298 0.170150
v -3.190023 4.018414 0.150150
v -3.204488 4.100893 0.150150
v -3.220145 4.129475 0.150150
v -3.242938 4.152469 0.150150
v -3.261441 4.162400 0.150150
v -3.281323 4.165874 0.150150
v -3.313512 4.156739 0.150150
v -3.339178 4.133063 0.150150
v -3.364420 4.080727 0.150150
v -3.371208 4.022714 0.150150
v -3.357168 3.939883 0.150150
v -3.342619 3.912527 0.150150
v -3.321328 3.890424 0.150150
v -3.301395 3.879461 0.150150
v -3.279278 3.875044 0.150150
v -3.251606 3.881429 0.150150
v -3.229140 3.898840 0.150150
v -3.212528 3.922313 0.150150
v -3.230663 4.013333 0.150150
v -3.233576 3.965293 0.150150
v -3.244843 3.918929 0.150150
v -3.236023 4.085793 0.150150
v -3.281113 4.152328 0.150150
v -3.261271 4.144733 0.150150
v -3.248107 4.127559 0.150150
v -3.240237 4.106719 0.150150
v -3.301503 4.145483 0.150150
v -3.291987 4.150698 0.150150
v -3.320693 4.111828 0.150150
v -3.313304 4.130105 0.150150
v -3.330568 4.031888 0.150150
v -3.328501 4.072353 0.150150
v -3.321118 3.931768 0.150150
v -3.302983 3.898184 0.150150
v -3.314507 3.913574 0.150150
v -3.279913 3.888164 0.150150
v -3.292287 3.891137 0.150150
v -3.252660 3.903627 0.150150
v -3.264453 3.892249 0.150150
v -3.204488 4.100893 0.150150
v -3.204488 4.100893 0.170150
v -3.190023 4.018414 0.150150
v -3.190023 4.018414 0.170150
v -3.242938 4.152469 0.150150
v -3.242938 4.152469 0.170150
v -3.220145 4.129475 0.150150
v -3.220145 4.129475 0.170150
v -3.204488 4.100893 0.150150
v -3.204488 4.100893 0.170150
v -3.242938 4.152469 0.160150
v -3.281323 4.165874 0.150150
v -3.281323 4.165874 0.170150
v -3.261441 4.162400 0.150150
v -3.261441 4.162400 0.170150
v -3.242938 4.152469 0.150150
v -3.242938 4.152469 0.170150
v -3.242938 4.152469 0.160150
v -3.281323 4.165874 0.160150
v -3.339178 4.133063 0.150150
v -3.339178 4.133063 0.170150
v -3.313512 4.156739 0.150150
v -3.313512 4.156739 0.170150
v -3.281323 4.165874 0.150150
v -3.281323 4.165874 0.170150
v -3.281323 4.165874 0.160150
v -3.371208 4.022714 0.150150
v -3.371208 4.022714 0.170150
v -3.364420 4.080727 0.150150
v -3.364420 4.080727 0.170150
v -3.339178 4.133063 0.150150
v -3.339178 4.133063 0.170150
v -3.357168 3.939883 0.150150
v -3.357168 3.939883 0.170150
v -3.371208 4.022714 0.150150
v -3.371208 4.022714 0.170150
v -3.321328 3.890424 0.150150
v -3.321328 3.890424 0.170150
v -3.342619 3.912527 0.150150
v -3.342619 3.912527 0.170150
v -3.357168 3.939883 0.150150
v -3.357168 3.939883 0.170150
v -3.321328 3.890424 0.160150
v -3.279278 3.875044 0.150150
v -3.279278 3.875044 0.170150
v -3.301395 3.879461 0.150150
v -3.301395 3.879461 0.170150
v -3.321328 3.890424 0.150150
v -3.321328 3.890424 0.170150
v -3.321328 3.890424 0.160150
v -3.279278 3.875044 0.160150
v -3.212528 3.922313 0.150150
v -3.212528 3.922313 0.170150
v -3.229140 3.898840 0.150150
v -3.229140 3.898840 0.170150
v -3.251606 3.881429 0.150150
v -3.251606 3.881429 0.170150
v -3.279278 3.875044 0.150150
v -3.279278 3.875044 0.170150
v -3.279278 3.875044 0.160150
v -3.190023 4.018414 0.150150
v -3.190023 4.018414 0.170150
v -3.212528 3.922313 0.150150
v -3.212528 3.922313 0.170150
v -3.230663 4.013333 0.150150
v -3.230663 4.013333 0.170150
v -3.236023 4.085793 0.150150
v -3.236023 4.085793 0.170150
v -3.236023 4.085793 0.160150
v -3.190023 4.018414 0.170150
v -3.204488 4.100893 0.170150
v -3.220145 4.129475 0.170150
v -3.242938 4.152469 0.170150
v -3.261441 4.162400 0.170150
v -3.281323 4.165874 0.170150
v -3.313512 4.156739 0.170150
v -3.339178 4.133063 0.170150
v -3.364420 4.080727 0.170150
v -3.371208 4.022714 0.170150
v -3.357168 3.939883 0.170150
v -3.342619 3.912527 0.170150
v -3.321328 3.890424 0.170150
v -3.301395 3.879461 0.170150
v -3.279278 3.875044 0.170150
v -3.251606 3.881429 0.170150
v -3.229140 3.898840 0.170150
v -3.212528 3.922313 0.170150
v -3.230663 4.013333 0.170150
v -3.233576 3.965293 0.170150
v -3.244843 3.918929 0.170150
v -3.236023 4.085793 0.170150
v -3.281113 4.152328 0.170150
v -3.261271 4.144733 0.170150
v -3.248107 4.127559 0.170150
v -3.240237 4.106719 0.170150
v -3.301503 4.145483 0.170150
v -3.291987 4.150698 0.170150
v -3.320693 4.111828 0.170150
v -3.313304 4.130105 0.170150
v -3.330568 4.031888 0.170150
v -3.328501 4.072353 0.170150
v -3.321118 3.931768 0.170150
v -3.302983 3.898184 0.170150
v -3.314507 3.913574 0.170150
v -3.279913 3.888164 0.170150
v -3.292287 3.891137 0.170150
v -3.252660 3.903627 0.170150
v -3.264453 3.892249 0.170150
v -3.236023 4.085793 0.150150
v -3.236023 4.085793 0.170150
v -3.240237 4.106719 0.150150
v -3.240237 4.106719 0.170150
v -3.248107 4.127559 0.150150
v -3.248107 4.127559 0.170150
v -3.261271 4.144733 0.150150
v -3.261271 4.144733 0.170150
v -3.281113 4.152328 0.150150
v -3.281113 4.152328 0.170150
v -3.236023 4.085793 0.160150
v -3.281113 4.152328 0.160150
v -3.281113 4.152328 0.150150
v -3.281113 4.152328 0.170150
v -3.291987 4.150698 0.150150
v -3.291987 4.150698 0.170150
v -3.301503 4.145483 0.150150
v -3.301503 4.145483 0.170150
v -3.281113 4.152328 0.160150
v -3.301503 4.145483 0.160150
v -3.301503 4.145483 0.150150
v -3.301503 4.145483 0.170150
v -3.313304 4.130105 0.150150
v -3.313304 4.130105 0.170150
v -3.320693 4.111828 0.150150
v -3.320693 4.111828 0.170150
v -3.301503 4.145483 0.160150
v -3.320693 4.111828 0.160150
v -3.320693 4.111828 0.150150
v -3.320693 4.111828 0.170150
v -3.328501 4.072353 0.150150
v -3.328501 4.072353 0.170150
v -3.330568 4.031888 0.150150
v -3.330568 4.031888 0.170150
v -3.320693 4.111828 0.160150
v -3.330568 4.031888 0.150150
v -3.330568 4.031888 0.170150
v -3.321118 3.931768 0.150150
v -3.321118 3.931768 0.170150
v -3.328196 3.974552 0.160150
v -3.321118 3.931768 0.160150
v -3.325242 3.951331 0.160150
v -3.328196 3.974552 0.155150
v -3.325242 3.951331 0.155150
v -3.328196 3.974552 0.165150
v -3.325242 3.951331 0.165150
v -3.321118 3.931768 0.150150
v -3.321118 3.931768 0.170150
v -3.314507 3.913574 0.150150
v -3.314507 3.913574 0.170150
v -3.302983 3.898184 0.150150
v -3.302983 3.898184 0.170150
v -3.321118 3.931768 0.160150
v -3.302983 3.898184 0.160150
v -3.302983 3.898184 0.150150
v -3.302983 3.898184 0.170150
v -3.292287 3.891137 0.150150
v -3.292287 3.891137 0.170150
v -3.279913 3.888164 0.150150
v -3.279913 3.888164 0.170150
v -3.302983 3.898184 0.160150
v -3.279913 3.888164 0.160150
v -3.279913 3.888164 0.150150
v -3.279913 3.888164 0.170150
v -3.264453 3.892249 0.150150
v -3.264453 3.892249 0.170150
v -3.252660 3.903627 0.150150
v -3.252660 3.903627 0.170150
v -3.244843 3.918929 0.150150
v -3.244843 3.918929 0.170150
v -3.279913 3.888164 0.160150
v -3.244843 3.918929 0.160150
v -3.244843 3.918929 0.150150
v -3.244843 3.918929 0.170150
v -3.233576 3.965293 0.150150
v -3.233576 3.965293 0.170150
v -3.230663 4.013333 0.150150
v -3.230663 4.013333 0.170150
v -3.244843 3.918929 0.160150
vt 0.750000 0.750000
vt 0.250000 0.750000
vt 0.250000 0.250000
vt 0.750000 0.250000
vt 1.000000 1.000000
vt 0.000000 1.000000
vt 0.000000 0.000000
vt 1.000000 0.000000
vt 0.000000 1.000000
vt 0.000000 0.000000
vt 0.250000 0.250000
vt 0.250000 0.750000
vt 0.000000 0.000000
vt 1.000000 0.000000
vt 0.750000 0.250000
vt 0.250000 0.250000
vt 1.000000 1.000000
vt 0.000000 1.000000
vt 0.250000 0.750000
vt 0.750000 0.750000
vt 1.000000 0.000000
vt 1.000000 1.000000
vt 0.750000 0.750000
vt 0.750000 0.250000
vt 0.750000 0.750000
vt 0.250000 0.750000
vt 0.250000 0.250000
vt 0.750000 0.250000
vt 1.000000 1.000000
vt 0.000000 1.000000
vt 0.000000 0.000000
vt 1.000000 0.000000
vt 0.000000 1.000000
vt 0.000000 0.000000
vt 0.250000 0.250000
vt 0.250000 0.750000
vt 0.000000 0.000000
vt 1.000000 0.000000
vt 0.750000 0.250000
vt 0.250000 0.250000
vt 1.000000 1.000000
vt 0.000000 1.000000
vt 0.250000 0.750000
vt 0.750000 0.750000
vt 1.000000 0.000000
vt 1.000000 1.000000
vt 0.750000 0.750000
vt 0.750000 0.250000
vt 0.081168 0.395392
vt 0.081168 0.408177
vt 0.025570 0.395392
vt 0.025570 0.408177
vt 0.831741 0.405852
vt 0.831741 0.395392
vt 0.831741 0.408177
vt 0.831741 0.405852
vt 0.081168 0.511199
vt 0.081168 0.523985
vt 0.025570 0.511199
vt 0.025570 0.523985
vt 0.831741 0.521660
vt 0.831741 0.511199
vt 0.831741 0.523985
vt 0.831741 0.521660
vt 0.688192 0.395918
vt 0.842631 0.000000
vt 0.688192 0.000000
vt 0.516144 0.394453
vt 0.516144 0.000000
vt 0.672048 0.000000
vt 0.844096 0.395918
vt 0.998535 0.000000
vt 0.844096 0.000000
vt 0.000000 0.394453
vt 0.155904 0.000000
vt 0.000000 0.000000
vt 0.532289 0.790371
vt 0.532289 0.395918
vt 0.686728 0.395918
vt 0.376385 0.790371
vt 0.530824 0.395918
vt 0.376385 0.395918
vt 0.172048 0.394453
vt 0.172048 0.000000
vt 0.327952 0.000000
vt 0.344096 0.394453
vt 0.344096 0.000000
vt 0.500000 0.000000
vt 0.000000 0.506159
vt 0.265109 0.395918
vt 0.374920 0.506159
vt 0.109812 0.395918
vt 0.374920 0.662062
vt 0.109812 0.772303
vt 0.265109 0.772303
vt 0.000000 0.662062
vt 0.013493 0.729724
vt 0.014200 0.729724
vt 0.015615 0.729724
vt 0.014200 0.486483
vt 0.015615 0.486483
vt 0.014200 0.243241
vt 0.015615 0.243241
vt 0.013493 0.243241
vt 0.022690 0.729724
vt 0.023398 0.729724
vt 0.021275 0.729724
vt 0.021275 0.486483
vt 0.022690 0.486483
vt 0.021275 0.243241
vt 0.022690 0.243241
vt 0.023398 0.243241
vt 0.014099 0.833970
vt 0.013493 0.833970
vt 0.014200 0.833970
vt 0.014099 0.833970
vt 0.023297 0.833970
vt 0.022690 0.833970
vt 0.023398 0.833970
vt 0.023297 0.833970
vt 0.012802 0.833970
vt 0.012785 0.833970
vt 0.012822 0.833970
vt 0.012802 0.833970
vt 0.012873 0.833970
vt 0.012822 0.833970
vt 0.013189 0.833970
vt 0.013100 0.833970
vt 0.022488 0.833970
vt 0.021680 0.833970
vt 0.021680 0.833970
vt 0.014402 0.833970
vt 0.013100 0.833970
vt 0.024088 0.833970
vt 0.024068 0.833970
vt 0.024068 0.833970
vt 0.024018 0.833970
vt 0.024105 0.833970
vt 0.024088 0.833970
vt 0.022488 0.833970
vt 0.023701 0.833970
vt 0.023791 0.833970
vt 0.023701 0.833970
vt 0.024018 0.833970
vt 0.164565 0.858622
vt 0.164565 0.859785
vt 0.164565 0.871407
vt 0.268811 0.627806
vt 0.268811 0.628605
vt 0.268811 0.630203
vt 0.512053 0.628605
vt 0.512053 0.630203
vt 0.755294 0.628605
vt 0.755294 0.630203
vt 0.755294 0.627806
vt 0.268811 0.638194
vt 0.268811 0.638993
vt 0.268811 0.636596
vt 0.512053 0.636596
vt 0.512053 0.638194
vt 0.755294 0.636596
vt 0.755294 0.638194
vt 0.755294 0.638993
vt 0.164565 0.628491
vt 0.164565 0.627806
vt 0.164565 0.628605
vt 0.164565 0.628491
vt 0.164565 0.638879
vt 0.164565 0.638194
vt 0.164565 0.638993
vt 0.164565 0.638879
vt 0.164565 0.627026
vt 0.164565 0.627007
vt 0.164565 0.627049
vt 0.164565 0.627026
vt 0.164565 0.627106
vt 0.164565 0.627049
vt 0.164565 0.627464
vt 0.164565 0.627362
vt 0.164565 0.629747
vt 0.164565 0.628834
vt 0.164565 0.637966
vt 0.164565 0.629747
vt 0.164565 0.628834
vt 0.164565 0.627362
vt 0.164565 0.639750
vt 0.164565 0.639693
vt 0.164565 0.639773
vt 0.164565 0.639792
vt 0.164565 0.639773
vt 0.164565 0.637966
vt 0.164565 0.639336
vt 0.164565 0.638993
vt 0.164565 0.639437
vt 0.164565 0.639336
vt 0.164565 0.639693
vt 0.013755 0.166794
vt 0.013493 0.166794
vt 0.014200 0.166794
vt 0.013755 0.166794
vt 0.022953 0.166794
vt 0.022690 0.166794
vt 0.023398 0.166794
vt 0.014726 0.166794
vt 0.014200 0.166794
vt 0.016828 0.166794
vt 0.022165 0.166794
vt 0.016828 0.166794
vt 0.013493 0.166794
vt 0.013270 0.166794
vt 0.022690 0.166794
vt 0.022165 0.166794
vt 0.023620 0.166794
vt 0.023398 0.166794
vt 0.012940 0.166794
vt 0.012938 0.166794
vt 0.012938 0.166794
vt 0.012785 0.166794
vt 0.013117 0.166794
vt 0.012940 0.166794
vt 0.013119 0.166794
vt 0.013117 0.166794
vt 0.013270 0.166794
vt 0.023950 0.166794
vt 0.023773 0.166794
vt 0.023773 0.166794
vt 0.023772 0.166794
vt 0.023772 0.166794
vt 0.023620 0.166794
vt 0.024105 0.166794
vt 0.023953 0.166794
vt 0.023953 0.166794
vt 0.023950 0.166794
vt 0.831741 0.869083
vt 0.831741 0.858855
vt 0.831741 0.858855
vt 0.831741 0.858622
vt 0.831741 0.871407
vt 0.831741 0.628103
vt 0.831741 0.627806
vt 0.831741 0.628605
vt 0.831741 0.628103
vt 0.831741 0.638491
vt 0.831741 0.638194
vt 0.831741 0.638993
vt 0.831741 0.638491
vt 0.831741 0.629199
vt 0.831741 0.628605
vt 0.831741 0.631573
vt 0.831741 0.629199
vt 0.831741 0.637600
vt 0.831741 0.627555
vt 0.831741 0.638194
vt 0.831741 0.637600
vt 0.831741 0.639244
vt 0.831741 0.627182
vt 0.831741 0.627179
vt 0.831741 0.627179
vt 0.831741 0.627007
vt 0.831741 0.627383
vt 0.831741 0.627384
vt 0.831741 0.627383
vt 0.831741 0.627555
vt 0.831741 0.639415
vt 0.831741 0.639244
vt 0.831741 0.639617
vt 0.831741 0.639417
vt 0.831741 0.639417
vt 0.831741 0.639415
vt 0.831741 0.639792
vt 0.831741 0.639620
vt 0.831741 0.639617
vt 0.831741 0.639620
vt 0.164565 0.743977
vt 0.164565 0.742815
vt 0.164565 0.755600
vt 0.164565 0.743977
vt 0.000708 0.729724
vt 0.001415 0.729724
vt 0.002830 0.729724
vt 0.001415 0.486483
vt 0.002830 0.486483
vt 0.001415 0.243241
vt 0.002830 0.243241
vt 0.000708 0.243241
vt 0.009905 0.729724
vt 0.010613 0.729724
vt 0.008490 0.729724
vt 0.008490 0.486483
vt 0.009905 0.486483
vt 0.008490 0.243241
vt 0.009905 0.243241
vt 0.010613 0.243241
vt 0.001314 0.833970
vt 0.000708 0.833970
vt 0.001415 0.833970
vt 0.001314 0.833970
vt 0.010512 0.833970
vt 0.009905 0.833970
vt 0.010613 0.833970
vt 0.010512 0.833970
vt 0.000037 0.833970
vt 0.000017 0.833970
vt 0.000017 0.833970
vt 0.000000 0.833970
vt 0.000088 0.833970
vt 0.000037 0.833970
vt 0.000404 0.833970
vt 0.000314 0.833970
vt 0.001617 0.833970
vt 0.000708 0.833970
vt 0.000404 0.833970
vt 0.000314 0.833970
vt 0.000088 0.833970
vt 0.008894 0.833970
vt 0.001617 0.833970
vt 0.009703 0.833970
vt 0.008894 0.833970
vt 0.011303 0.833970
vt 0.011283 0.833970
vt 0.011283 0.833970
vt 0.011233 0.833970
vt 0.011320 0.833970
vt 0.011303 0.833970
vt 0.009905 0.833970
vt 0.009703 0.833970
vt 0.010916 0.833970
vt 0.011006 0.833970
vt 0.010916 0.833970
vt 0.011233 0.833970
vt 0.011006 0.833970
vt 0.164565 0.280747
vt 0.164565 0.279584
vt 0.164565 0.292369
vt 0.164565 0.280747
vt 0.831741 0.753275
vt 0.831741 0.743047
vt 0.831741 0.743047
vt 0.831741 0.742815
vt 0.831741 0.755600
vt 0.831741 0.753275
vt 0.000970 0.166794
vt 0.000708 0.166794
vt 0.001415 0.166794
vt 0.000970 0.166794
vt 0.010168 0.166794
vt 0.009905 0.166794
vt 0.010613 0.166794
vt 0.010168 0.166794
vt 0.009380 0.166794
vt 0.004043 0.166794
vt 0.004043 0.166794
vt 0.001941 0.166794
vt 0.001941 0.166794
vt 0.001415 0.166794
vt 0.000485 0.166794
vt 0.009905 0.166794
vt 0.010835 0.166794
vt 0.010613 0.166794
vt 0.000334 0.166794
vt 0.000332 0.166794
vt 0.000155 0.166794
vt 0.000155 0.166794
vt 0.000153 0.166794
vt 0.000153 0.166794
vt 0.000000 0.166794
vt 0.000485 0.166794
vt 0.000334 0.166794
vt 0.011165 0.166794
vt 0.010988 0.166794
vt 0.010988 0.166794
vt 0.010987 0.166794
vt 0.010987 0.166794
vt 0.010835 0.166794
vt 0.011320 0.166794
vt 0.011168 0.166794
vt 0.011168 0.166794
vt 0.011165 0.166794
vt 0.831741 0.290045
vt 0.831741 0.279817
vt 0.831741 0.279817
vt 0.831741 0.279584
vt 0.831741 0.292369
vt 0.831741 0.290045
vt 0.081168 0.395392
vt 0.081168 0.408177
vt 0.025570 0.395392
vt 0.025570 0.408177
vt 0.831741 0.405852
vt 0.831741 0.395392
vt 0.831741 0.408177
vt 0.831741 0.405852
vt 0.081168 0.511199
vt 0.081168 0.523985
vt 0.025570 0.511199
vt 0.025570 0.523985
vt 0.831741 0.521660
vt 0.831741 0.511199
vt 0.831741 0.523985
vt 0.831741 0.521660
vt 0.688192 0.395918
vt 0.842631 0.000000
vt 0.688192 0.000000
vt 0.516144 0.394453
vt 0.516144 0.000000
vt 0.672048 0.000000
vt 0.844096 0.395918
vt 0.998535 0.000000
vt 0.844096 0.000000
vt 0.000000 0.394453
vt 0.155904 0.000000
vt 0.000000 0.000000
vt 0.532289 0.790371
vt 0.532289 0.395918
vt 0.686728 0.395918
vt 0.376385 0.790371
vt 0.530824 0.395918
vt 0.376385 0.395918
vt 0.172048 0.394453
vt 0.172048 0.000000
vt 0.327952 0.000000
vt 0.344096 0.394453
vt 0.344096 0.000000
vt 0.500000 0.000000
vt 0.000000 0.506159
vt 0.265109 0.395918
vt 0.374920 0.506159
vt 0.109812 0.395918
vt 0.374920 0.662062
vt 0.109812 0.772303
vt 0.265109 0.772303
vt 0.000000 0.662062
vt 0.013493 0.729724
vt 0.014200 0.729724
vt 0.015615 0.729724
vt 0.014200 0.486483
vt 0.015615 0.486483
vt 0.014200 0.243241
vt 0.015615 0.243241
vt 0.013493 0.243241
vt 0.022690 0.729724
vt 0.023398 0.729724
vt 0.021275 0.729724
vt 0.021275 0.486483
vt 0.022690 0.486483
vt 0.021275 0.243241
vt 0.022690 0.243241
vt 0.023398 0.243241
vt 0.014099 0.833970
vt 0.013493 0.833970
vt 0.014200 0.833970
vt 0.014099 0.833970
vt 0.023297 0.833970
vt 0.022690 0.833970
vt 0.023398 0.833970
vt 0.023297 0.833970
vt 0.012802 0.833970
vt 0.012785 0.833970
vt 0.012822 0.833970
vt 0.012802 0.833970
vt 0.012873 0.833970
vt 0.012822 0.833970
vt 0.013189 0.833970
vt 0.013100 0.833970
vt 0.022488 0.833970
vt 0.021680 0.833970
vt 0.021680 0.833970
vt 0.014402 0.833970
vt 0.013100 0.833970
vt 0.024088 0.833970
vt 0.024068 0.833970
vt 0.024068 0.833970
vt 0.024018 0.833970
vt 0.024105 0.833970
vt 0.024088 0.833970
vt 0.022488 0.833970
vt 0.023701 0.833970
vt 0.023791 0.833970
vt 0.023701 0.833970
vt 0.024018 0.833970
vt 0.164565 0.858622
vt 0.164565 0.859785
vt 0.164565 0.871407
vt 0.268811 0.627806
vt 0.268811 0.628605
vt 0.268811 0.630203
vt 0.512053 0.628605
vt 0.512053 0.630203
vt 0.755294 0.628605
vt 0.755294 0.630203
vt 0.755294 0.627806
vt 0.268811 0.638194
vt 0.268811 0.638993
vt 0.268811 0.636596
vt 0.512053 0.636596
vt 0.512053 0.638194
vt 0.755294 0.636596
vt 0.755294 0.638194
vt 0.755294 0.638993
vt 0.164565 0.628491
vt 0.164565 0.627806
vt 0.164565 0.628605
vt 0.164565 0.628491
vt 0.164565 0.638879
vt 0.164565 0.638194
vt 0.164565 0.638993
vt 0.164565 0.638879
vt 0.164565 0.627026
vt 0.164565 0.627007
vt 0.164565 0.627049
vt 0.164565 0.627026
vt 0.164565 0.627106
vt 0.164565 0.627049
vt 0.164565 0.627464
vt 0.164565 0.627362
vt 0.164565 0.629747
vt 0.164565 0.628834
vt 0.164565 0.637966
vt 0.164565 0.629747
vt 0.164565 0.628834
vt 0.164565 0.627362
vt 0.164565 0.639750
vt 0.164565 0.639693
vt 0.164565 0.639773
vt 0.164565 0.639792
vt 0.164565 0.639773
vt 0.164565 0.637966
vt 0.164565 0.639336
vt 0.164565 0.638993
vt 0.164565 0.639437
vt 0.164565 0.639336
vt 0.164565 0.639693
vt 0.013755 0.166794
vt 0.013493 0.166794
vt 0.014200 0.166794
vt 0.013755 0.166794
vt 0.022953 0.166794
vt 0.022690 0.166794
vt 0.023398 0.166794
vt 0.014726 0.166794
vt 0.014200 0.166794
vt 0.016828 0.166794
vt 0.022165 0.166794
vt 0.016828 0.166794
vt 0.013493 0.166794
vt 0.013270 0.166794
vt 0.022690 0.166794
vt 0.022165 0.166794
vt 0.023620 0.166794
vt 0.023398 0.166794
vt 0.012940 0.166794
vt 0.012938 0.166794
vt 0.012938 0.166794
vt 0.012785 0.166794
vt 0.013117 0.166794
vt 0.012940 0.166794
vt 0.013119 0.166794
vt 0.013117 0.166794
vt 0.013270 0.166794
vt 0.023950 0.166794
vt 0.023773 0.166794
vt 0.023773 0.166794
vt 0.023772 0.166794
vt 0.023772 0.166794
vt 0.023620 0.166794
vt 0.024105 0.166794
vt 0.023953 0.166794
vt 0.023953 0.166794
vt 0.023950 0.166794
vt 0.831741 0.869083
vt 0.831741 0.858855
vt 0.831741 0.858855
vt 0.831741 0.858622
vt 0.831741 0.871407
vt 0.831741 0.628103
vt 0.831741 0.627806
vt 0.831741 0.628605
vt 0.831741 0.628103
vt 0.831741 0.638491
vt 0.831741 0.638194
vt 0.831741 0.638993
vt 0.831741 0.638491
vt 0.831741 0.629199
vt 0.831741 0.628605
vt 0.831741 0.631573
vt 0.831741 0.629199
vt 0.831741 0.637600
vt 0.831741 0.627555
vt 0.831741 0.638194
vt 0.831741 0.637600
vt 0.831741 0.639244
vt 0.831741 0.627182
vt 0.831741 0.627179
vt 0.831741 0.627179
vt 0.831741 0.627007
vt 0.831741 0.627383
vt 0.831741 0.627384
vt 0.831741 0.627383
vt 0.831741 0.627555
vt 0.831741 0.639415
vt 0.831741 0.639244
vt 0.831741 0.639617
vt 0.831741 0.639417
vt 0.831741 0.639417
vt 0.831741 0.639415
vt 0.831741 0.639792
vt 0.831741 0.639620
vt 0.831741 0.639617
vt 0.831741 0.639620
vt 0.164565 0.743977
vt 0.164565 0.742815
vt 0.164565 0.755600
vt 0.164565 0.743977
vt 0.000708 0.729724
vt 0.001415 0.729724
vt 0.002830 0.729724
vt 0.001415 0.486483
vt 0.002830 0.486483
vt 0.001415 0.243241
vt 0.002830 0.243241
vt 0.000708 0.243241
vt 0.009905 0.729724
vt 0.010613 0.729724
vt 0.008490 0.729724
vt 0.008490 0.486483
vt 0.009905 0.486483
vt 0.008490 0.243241
vt 0.009905 0.243241
vt 0.010613 0.243241
vt 0.001314 0.833970
vt 0.000708 0.833970
vt 0.001415 0.833970
vt 0.001314 0.833970
vt 0.010512 0.833970
vt 0.009905 0.833970
vt 0.010613 0.833970
vt 0.010512 0.833970
vt 0.000037 0.833970
vt 0.000017 0.833970
vt 0.000017 0.833970
vt 0.000000 0.833970
vt 0.000088 0.833970
vt 0.000037 0.833970
vt 0.000404 0.833970
vt 0.000314 0.833970
vt 0.001617 0.833970
vt 0.000708 0.833970
vt 0.000404 0.833970
vt 0.000314 0.833970
vt 0.000088 0.833970
vt 0.008894 0.833970
vt 0.001617 0.833970
vt 0.009703 0.833970
vt 0.008894 0.833970
vt 0.011303 0.833970
vt 0.011283 0.833970
vt 0.011283 0.833970
vt 0.011233 0.833970
vt 0.011320 0.833970
vt 0.011303 0.833970
vt 0.009905 0.833970
vt 0.009703 0.833970
vt 0.010916 0.833970
vt 0.011006 0.833970
vt 0.010916 0.833970
vt 0.011233 0.833970
vt 0.011006 0.833970
vt 0.164565 0.280747
vt 0.164565 0.279584
vt 0.164565 0.292369
vt 0.164565 0.280747
vt 0.831741 0.753275
vt 0.831741 0.743047
vt 0.831741 0.743047
vt 0.831741 0.742815
vt 0.831741 0.755600
vt 0.831741 0.753275
vt 0.000970 0.166794
vt 0.000708 0.166794
vt 0.001415 0.166794
vt 0.000970 0.166794
vt 0.010168 0.166794
vt 0.009905 0.166794
vt 0.010613 0.166794
vt 0.010168 0.166794
vt 0.009380 0.166794
vt 0.004043 0.166794
vt 0.004043 0.166794
vt 0.001941 0.166794
vt 0.001941 0.166794
vt 0.001415 0.166794
vt 0.000485 0.166794
vt 0.009905 0.166794
vt 0.010835 0.166794
vt 0.010613 0.166794
vt 0.000334 0.166794
vt 0.000332 0.166794
vt 0.000155 0.166794
vt 0.000155 0.166794
vt 0.000153 0.166794
vt 0.000153 0.166794
vt 0.000000 0.166794
vt 0.000485 0.166794
vt 0.000334 0.166794
vt 0.011165 0.166794
vt 0.010988 0.166794
vt 0.010988 0.166794
vt 0.010987 0.166794
vt 0.010987 0.166794
vt 0.010835 0.166794
vt 0.011320 0.166794
vt 0.011168 0.166794
vt 0.011168 0.166794
vt 0.011165 0.166794
vt 0.831741 0.290045
vt 0.831741 0.279817
vt 0.831741 0.279817
vt 0.831741 0.279584
vt 0.831741 0.292369
vt 0.831741 0.290045
vt 0.081168 0.395392
vt 0.081168 0.408177
vt 0.025570 0.395392
vt 0.025570 0.408177
vt 0.831741 0.405852
vt 0.831741 0.395392
vt 0.831741 0.408177
vt 0.831741 0.405852
vt 0.081168 0.511199
vt 0.081168 0.523985
vt 0.025570 0.511199
vt 0.025570 0.523985
vt 0.831741 0.521660
vt 0.831741 0.511199
vt 0.831741 0.523985
vt 0.831741 0.521660
vt 0.688192 0.395918
vt 0.842631 0.000000
vt 0.688192 0.000000
vt 0.516144 0.394453
vt 0.516144 0.000000
vt 0.672048 0.000000
vt 0.844096 0.395918
vt 0.998535 0.000000
vt 0.844096 0.000000
vt 0.000000 0.394453
vt 0.155904 0.000000
vt 0.000000 0.000000
vt 0.532289 0.790371
vt 0.532289 0.395918
vt 0.686728 0.395918
vt 0.376385 0.790371
vt 0.530824 0.395918
vt 0.376385 0.395918
vt 0.172048 0.394453
vt 0.172048 0.000000
vt 0.327952 0.000000
vt 0.344096 0.394453
vt 0.344096 0.000000
vt 0.500000 0.000000
vt 0.000000 0.506159
vt 0.265109 0.395918
vt 0.374920 0.506159
vt 0.109812 0.395918
vt 0.374920 0.662062
vt 0.109812 0.772303
vt 0.265109 0.772303
vt 0.000000 0.662062
vt 0.013493 0.729724
vt 0.014200 0.729724
vt 0.015615 0.729724
vt 0.014200 0.486483
vt 0.015615 0.486483
vt 0.014200 0.243241
vt 0.015615 0.243241
vt 0.013493 0.243241
vt 0.022690 0.729724
vt 0.023398 0.729724
vt 0.021275 0.729724
vt 0.021275 0.486483
vt 0.022690 0.486483
vt 0.021275 0.243241
vt 0.022690 0.243241
vt 0.023398 0.243241
vt 0.014099 0.833970
vt 0.013493 0.833970
vt 0.014200 0.833970
vt 0.014099 0.833970
vt 0.023297 0.833970
vt 0.022690 0.833970
vt 0.023398 0.833970
vt 0.023297 0.833970
vt 0.012802 0.833970
vt 0.012785 0.833970
vt 0.012822 0.833970
vt 0.012802 0.833970
vt 0.012873 0.833970
vt 0.012822 0.833970
vt 0.013189 0.833970
vt 0.013100 0.833970
vt 0.022488 0.833970
vt 0.021680 0.833970
vt 0.021680 0.833970
vt 0.014402 0.833970
vt 0.013100 0.833970
vt 0.024088 0.833970
vt 0.024068 0.833970
vt 0.024068 0.833970
vt 0.024018 0.833970
vt 0.024105 0.833970
vt 0.024088 0.833970
vt 0.022488 0.833970
vt 0.023701 0.833970
vt 0.023791 0.833970
vt 0.023701 0.833970
vt 0.024018 0.833970
vt 0.164565 0.858622
vt 0.164565 0.859785
vt 0.164565 0.871407
vt 0.268811 0.627806
vt 0.268811 0.628605
vt 0.268811 0.630203
vt 0.512053 0.628605
vt 0.512053 0.630203
vt 0.755294 0.628605
vt 0.755294 0.630203
vt 0.755294 0.627806
vt 0.268811 0.638194
vt 0.268811 0.638993
vt 0.268811 0.636596
vt 0.512053 0.636596
vt 0.512053 0.638194
vt 0.755294 0.636596
vt 0.755294 0.638194
vt 0.755294 0.638993
vt 0.164565 0.628491
vt 0.164565 0.627806
vt 0.164565 0.628605
vt 0.164565 0.628491
vt 0.164565 0.638879
vt 0.164565 0.638194
vt 0.164565 0.638993
vt 0.164565 0.638879
vt 0.164565 0.627026
vt 0.164565 0.627007
vt 0.164565 0.627049
vt 0.164565 0.627026
vt 0.164565 0.627106
vt 0.164565 0.627049
vt 0.164565 0.627464
vt 0.164565 0.627362
vt 0.164565 0.629747
vt 0.164565 0.628834
vt 0.164565 0.637966
vt 0.164565 0.629747
vt 0.164565 0.628834
vt 0.164565 0.627362
vt 0.164565 0.639750
vt 0.164565 0.639693
vt 0.164565 0.639773
vt 0.164565 0.639792
vt 0.164565 0.639773
vt 0.164565 0.637966
vt 0.164565 0.639336
vt 0.164565 0.638993
vt 0.164565 0.639437
vt 0.164565 0.639336
vt 0.164565 0.639693
vt 0.013755 0.166794
vt 0.013493 0.166794
vt 0.014200 0.166794
vt 0.013755 0.166794
vt 0.022953 0.166794
vt 0.022690 0.166794
vt 0.023398 0.166794
vt 0.014726 0.166794
vt 0.014200 0.166794
vt 0.016828 0.166794
vt 0.022165 0.166794
vt 0.016828 0.166794
vt 0.013493 0.166794
vt 0.013270 0.166794
vt 0.022690 0.166794
vt 0.022165 0.166794
vt 0.023620 0.166794
vt 0.023398 0.166794
vt 0.012940 0.166794
vt 0.012938 0.166794
vt 0.012938 0.166794
vt 0.012785 0.166794
vt 0.013117 0.166794
vt 0.012940 0.166794
vt 0.013119 0.166794
vt 0.013117 0.166794
vt 0.013270 0.166794
vt 0.023950 0.166794
vt 0.023773 0.166794
vt 0.023773 0.166794
vt 0.023772 0.166794
vt 0.023772 0.166794
vt 0.023620 0.166794
vt 0.024105 0.166794
vt 0.023953 0.166794
vt 0.023953 0.166794
vt 0.023950 0.166794
vt 0.831741 0.869083
vt 0.831741 0.858855
vt 0.831741 0.858855
vt 0.831741 0.858622
vt 0.831741 0.871407
vt 0.831741 0.628103
vt 0.831741 0.627806
vt 0.831741 0.628605
vt 0.831741 0.628103
vt 0.831741 0.638491
vt 0.831741 0.638194
vt 0.831741 0.638993
vt 0.831741 0.638491
vt 0.831741 0.629199
vt 0.831741 0.628605
vt 0.831741 0.631573
vt 0.831741 0.629199
vt 0.831741 0.637600
vt 0.831741 0.627555
vt 0.831741 0.638194
vt 0.831741 0.637600
vt 0.831741 0.639244
vt 0.831741 0.627182
vt 0.831741 0.627179
vt 0.831741 0.627179
vt 0.831741 0.627007
vt 0.831741 0.627383
vt 0.831741 0.627384
vt 0.831741 0.627383
vt 0.831741 0.627555
vt 0.831741 0.639415
vt 0.831741 0.639244
vt 0.831741 0.639617
vt 0.831741 0.639417
vt 0.831741 0.639417
vt 0.831741 0.639415
vt 0.831741 0.639792
vt 0.831741 0.639620
vt 0.831741 0.639617
vt 0.831741 0.639620
vt 0.164565 0.743977
vt 0.164565 0.742815
vt 0.164565 0.755600
vt 0.164565 0.743977
vt 0.000708 0.729724
vt 0.001415 0.729724
vt 0.002830 0.729724
vt 0.001415 0.486483
vt 0.002830 0.486483
vt 0.001415 0.243241
vt 0.002830 0.243241
vt 0.000708 0.243241
vt 0.009905 0.729724
vt 0.010613 0.729724
vt 0.008490 0.729724
vt 0.008490 0.486483
vt 0.009905 0.486483
vt 0.008490 0.243241
vt 0.009905 0.243241
vt 0.010613 0.243241
vt 0.001314 0.833970
vt 0.000708 0.833970
vt 0.001415 0.833970
vt 0.001314 0.833970
vt 0.010512 0.833970
vt 0.009905 0.833970
vt 0.010613 0.833970
vt 0.010512 0.833970
vt 0.000037 0.833970
vt 0.000017 0.833970
vt 0.000017 0.833970
vt 0.000000 0.833970
vt 0.000088 0.833970
vt 0.000037 0.833970
vt 0.000404 0.833970
vt 0.000314 0.833970
vt 0.001617 0.833970
vt 0.000708 0.833970
vt 0.000404 0.833970
vt 0.000314 0.833970
vt 0.000088 0.833970
vt 0.008894 0.833970
vt 0.001617 0.833970
vt 0.009703 0.833970
vt 0.008894 0.833970
vt 0.011303 0.833970
vt 0.011283 0.833970
vt 0.011283 0.833970
vt 0.011233 0.833970
vt 0.011320 0.833970
vt 0.011303 0.833970
vt 0.009905 0.833970
vt 0.009703 0.833970
vt 0.010916 0.833970
vt 0.011006 0.833970
vt 0.010916 0.833970
vt 0.011233 0.833970
vt 0.011006 0.833970
vt 0.164565 0.280747
vt 0.164565 0.279584
vt 0.164565 0.292369
vt 0.164565 0.280747
vt 0.831741 0.753275
vt 0.831741 0.743047
vt 0.831741 0.743047
vt 0.831741 0.742815
vt 0.831741 0.755600
vt 0.831741 0.753275
vt 0.000970 0.166794
vt 0.000708 0.166794
vt 0.001415 0.166794
vt 0.000970 0.166794
vt 0.010168 0.166794
vt 0.009905 0.166794
vt 0.010613 0.166794
vt 0.010168 0.166794
vt 0.009380 0.166794
vt 0.004043 0.166794
vt 0.004043 0.166794
vt 0.001941 0.166794
vt 0.001941 0.166794
vt 0.001415 0.166794
vt 0.000485 0.166794
vt 0.009905 0.166794
vt 0.010835 0.166794
vt 0.010613 0.166794
vt 0.000334 0.166794
vt 0.000332 0.166794
vt 0.000155 0.166794
vt 0.000155 0.166794
vt 0.000153 0.166794
vt 0.000153 0.166794
vt 0.000000 0.166794
vt 0.000485 0.166794
vt 0.000334 0.166794
vt 0.011165 0.166794
vt 0.010988 0.166794
vt 0.010988 0.166794
vt 0.010987 0.166794
vt 0.010987 0.166794
vt 0.010835 0.166794
vt 0.011320 0.166794
vt 0.011168 0.166794
vt 0.011168 0.166794
vt 0.011165 0.166794
vt 0.831741 0.290045
vt 0.831741 0.279817
vt 0.831741 0.279817
vt 0.831741 0.279584
vt 0.831741 0.292369
vt 0.831741 0.290045
vt 0.081168 0.395392
vt 0.081168 0.408177
vt 0.025570 0.395392
vt 0.025570 0.408177
vt 0.831741 0.405852
vt 0.831741 0.395392
vt 0.831741 0.408177
vt 0.831741 0.405852
vt 0.081168 0.511199
vt 0.081168 0.523985
vt 0.025570 0.511199
vt 0.025570 0.523985
vt 0.831741 0.521660
vt 0.831741 0.511199
vt 0.831741 0.523985
vt 0.831741 0.521660
vt 0.688192 0.395918
vt 0.842631 0.000000
vt 0.688192 0.000000
vt 0.516144 0.394453
vt 0.516144 0.000000
vt 0.672048 0.000000
vt 0.844096 0.395918
vt 0.998535 0.000000
vt 0.844096 0.000000
vt 0.000000 0.394453
vt 0.155904 0.000000
vt 0.000000 0.000000
vt 0.532289 0.790371
vt 0.532289 0.395918
vt 0.686728 0.395918
vt 0.376385 0.790371
vt 0.530824 0.395918
vt 0.376385 0.395918
vt 0.172048 0.394453
vt 0.172048 0.000000
vt 0.327952 0.000000
vt 0.344096 0.394453
vt 0.344096 0.000000
vt 0.500000 0.000000
vt 0.000000 0.506159
vt 0.265109 0.395918
vt 0.374920 0.506159
vt 0.109812 0.395918
vt 0.374920 0.662062
vt 0.109812 0.772303
vt 0.265109 0.772303
vt 0.000000 0.662062
vt 0.013493 0.729724
vt 0.014200 0.729724
vt 0.015615 0.729724
vt 0.014200 0.486483
vt 0.015615 0.486483
vt 0.014200 0.243241
vt 0.015615 0.243241
vt 0.013493 0.243241
vt 0.022690 0.729724
vt 0.023398 0.729724
vt 0.021275 0.729724
vt 0.021275 0.486483
vt 0.022690 0.486483
vt 0.021275 0.243241
vt 0.022690 0.243241
vt 0.023398 0.243241
vt 0.014099 0.833970
vt 0.013493 0.833970
vt 0.014200 0.833970
vt 0.014099 0.833970
vt 0.023297 0.833970
vt 0.022690 0.833970
vt 0.023398 0.833970
vt 0.023297 0.833970
vt 0.012802 0.833970
vt 0.012785 0.833970
vt 0.012822 0.833970
vt 0.012802 0.833970
vt 0.012873 0.833970
vt 0.012822 0.833970
vt 0.013189 0.833970
vt 0.013100 0.833970
vt 0.022488 0.833970
vt 0.021680 0.833970
vt 0.021680 0.833970
vt 0.014402 0.833970
vt 0.013100 0.833970
vt 0.024088 0.833970
vt 0.024068 0.833970
vt 0.024068 0.833970
vt 0.024018 0.833970
vt 0.024105 0.833970
vt 0.024088 0.833970
vt 0.022488 0.833970
vt 0.023701 0.833970
vt 0.023791 0.833970
vt 0.023701 0.833970
vt 0.024018 0.833970
vt 0.164565 0.858622
vt 0.164565 0.859785
vt 0.164565 0.871407
vt 0.268811 0.627806
vt 0.268811 0.628605
vt 0.268811 0.630203
vt 0.512053 0.628605
vt 0.512053 0.630203
vt 0.755294 0.628605
vt 0.755294 0.630203
vt 0.755294 0.627806
vt 0.268811 0.638194
vt 0.268811 0.638993
vt 0.268811 0.636596
vt 0.512053 0.636596
vt 0.512053 0.638194
vt 0.755294 0.636596
vt 0.755294 0.638194
vt 0.755294 0.638993
vt 0.164565 0.628491
vt 0.164565 0.627806
vt 0.164565 0.628605
vt 0.164565 0.628491
vt 0.164565 0.638879
vt 0.164565 0.638194
vt 0.164565 0.638993
vt 0.164565 0.638879
vt 0.164565 0.627026
vt 0.164565 0.627007
vt 0.164565 0.627049
vt 0.164565 0.627026
vt 0.164565 0.627106
vt 0.164565 0.627049
vt 0.164565 0.627464
vt 0.164565 0.627362
vt 0.164565 0.629747
vt 0.164565 0.628834
vt 0.164565 0.637966
vt 0.164565 0.629747
vt 0.164565 0.628834
vt 0.164565 0.627362
vt 0.164565 0.639750
vt 0.164565 0.639693
vt 0.164565 0.639773
vt 0.164565 0.639792
vt 0.164565 0.639773
vt 0.164565 0.637966
vt 0.164565 0.639336
vt 0.164565 0.638993
vt 0.164565 0.639437
vt 0.164565 0.639336
vt 0.164565 0.639693
vt 0.013755 0.166794
vt 0.013493 0.166794
vt 0.014200 0.166794
vt 0.013755 0.166794
vt 0.022953 0.166794
vt 0.022690 0.166794
vt 0.023398 0.166794
vt 0.014726 0.166794
vt 0.014200 0.166794
vt 0.016828 0.166794
vt 0.022165 0.166794
vt 0.016828 0.166794
vt 0.013493 0.166794
vt 0.013270 0.166794
vt 0.022690 0.166794
vt 0.022165 0.166794
vt 0.023620 0.166794
vt 0.023398 0.166794
vt 0.012940 0.166794
vt 0.012938 0.166794
vt 0.012938 0.166794
vt 0.012785 0.166794
vt 0.013117 0.166794
vt 0.012940 0.166794
vt 0.013119 0.166794
vt 0.013117 0.166794
vt 0.013270 0.166794
vt 0.023950 0.166794
vt 0.023773 0.166794
vt 0.023773 0.166794
vt 0.023772 0.166794
vt 0.023772 0.166794
vt 0.023620 0.166794
vt 0.024105 0.166794
vt 0.023953 0.166794
vt 0.023953 0.166794
vt 0.023950 0.166794
vt 0.831741 0.869083
vt 0.831741 0.858855
vt 0.831741 0.858855
vt 0.831741 0.858622
vt 0.831741 0.871407
vt 0.831741 0.628103
vt 0.831741 0.627806
vt 0.831741 0.628605
vt 0.831741 0.628103
vt 0.831741 0.638491
vt 0.831741 0.638194
vt 0.831741 0.638993
vt 0.831741 0.638491
vt 0.831741 0.629199
vt 0.831741 0.628605
vt 0.831741 0.631573
vt 0.831741 0.629199
vt 0.831741 0.637600
vt 0.831741 0.627555
vt 0.831741 0.638194
vt 0.831741 0.637600
vt 0.831741 0.639244
vt 0.831741 0.627182
vt 0.831741 0.627179
vt 0.831741 0.627179
vt 0.831741 0.627007
vt 0.831741 0.627383
vt 0.831741 0.627384
vt 0.831741 0.627383
vt 0.831741 0.627555
vt 0.831741 0.639415
vt 0.831741 0.639244
vt 0.831741 0.639617
vt 0.831741 0.639417
vt 0.831741 0.639417
vt 0.831741 0.639415
vt 0.831741 0.639792
vt 0.831741 0.639620
vt 0.831741 0.639617
vt 0.831741 0.639620
vt 0.164565 0.743977
vt 0.164565 0.742815
vt 0.164565 0.755600
vt 0.164565 0.743977
vt 0.000708 0.729724
vt 0.001415 0.729724
vt 0.002830 0.729724
vt 0.001415 0.486483
vt 0.002830 0.486483
vt 0.001415 0.243241
vt 0.002830 0.243241
vt 0.000708 0.243241
vt 0.009905 0.729724
vt 0.010613 0.729724
vt 0.008490 0.729724
vt 0.008490 0.486483
vt 0.009905 0.486483
vt 0.008490 0.243241
vt 0.009905 0.243241
vt 0.010613 0.243241
vt 0.001314 0.833970
vt 0.000708 0.833970
vt 0.001415 0.833970
vt 0.001314 0.833970
vt 0.010512 0.833970
vt 0.009905 0.833970
vt 0.010613 0.833970
vt 0.010512 0.833970
vt 0.000037 0.833970
vt 0.000017 0.833970
vt 0.000017 0.833970
vt 0.000000 0.833970
vt 0.000088 0.833970
vt 0.000037 0.833970
vt 0.000404 0.833970
vt 0.000314 0.833970
vt 0.001617 0.833970
vt 0.000708 0.833970
vt 0.000404 0.833970
vt 0.000314 0.833970
vt 0.000088 0.833970
vt 0.008894 0.833970
vt 0.001617 0.833970
vt 0.009703 0.833970
vt 0.008894 0.833970
vt 0.011303 0.833970
vt 0.011283 0.833970
vt 0.011283 0.833970
vt 0.011233 0.833970
vt 0.011320 0.833970
vt 0.011303 0.833970
vt 0.009905 0.833970
vt 0.009703 0.833970
vt 0.010916 0.833970
vt 0.011006 0.833970
vt 0.010916 0.833970
vt 0.011233 0.833970
vt 0.011006 0.833970
vt 0.164565 0.280747
vt 0.164565 0.279584
vt 0.164565 0.292369
vt 0.164565 0.280747
vt 0.831741 0.753275
vt 0.831741 0.743047
vt 0.831741 0.743047
vt 0.831741 0.742815
vt 0.831741 0.755600
vt 0.831741 0.753275
vt 0.000970 0.166794
vt 0.000708 0.166794
vt 0.001415 0.166794
vt 0.000970 0.166794
vt 0.010168 0.166794
vt 0.009905 0.166794
vt 0.010613 0.166794
vt 0.010168 0.166794
vt 0.009380 0.166794
vt 0.004043 0.166794
vt 0.004043 0.166794
vt 0.001941 0.166794
vt 0.001941 0.166794
vt 0.001415 0.166794
vt 0.000485 0.166794
vt 0.009905 0.166794
vt 0.010835 0.166794
vt 0.010613 0.166794
vt 0.000334 0.166794
vt 0.000332 0.166794
vt 0.000155 0.166794
vt 0.000155 0.166794
vt 0.000153 0.166794
vt 0.000153 0.166794
vt 0.000000 0.166794
vt 0.000485 0.166794
vt 0.000334 0.166794
vt 0.011165 0.166794
vt 0.010988 0.166794
vt 0.010988 0.166794
vt 0.010987 0.166794
vt 0.010987 0.166794
vt 0.010835 0.166794
vt 0.011320 0.166794
vt 0.011168 0.166794
vt 0.011168 0.166794
vt 0.011165 0.166794
vt 0.831741 0.290045
vt 0.831741 0.279817
vt 0.831741 0.279817
vt 0.831741 0.279584
vt 0.831741 0.292369
vt 0.831741 0.290045
vt 0.081168 0.395392
vt 0.081168 0.408177
vt 0.025570 0.395392
vt 0.025570 0.408177
vt 0.831741 0.405852
vt 0.831741 0.395392
vt 0.831741 0.408177
vt 0.831741 0.405852
vt 0.081168 0.511199
vt 0.081168 0.523985
vt 0.025570 0.511199
vt 0.025570 0.523985
vt 0.831741 0.521660
vt 0.831741 0.511199
vt 0.831741 0.523985
vt 0.831741 0.521660
vt 0.688192 0.395918
vt 0.842631 0.000000
vt 0.688192 0.000000
vt 0.516144 0.394453
vt 0.516144 0.000000
vt 0.672048 0.000000
vt 0.844096 0.395918
vt 0.998535 0.000000
vt 0.844096 0.000000
vt 0.000000 0.394453
vt 0.155904 0.000000
vt 0.000000 0.000000
vt 0.532289 0.790371
vt 0.532289 0.395918
vt 0.686728 0.395918
vt 0.376385 0.790371
vt 0.530824 0.395918
vt 0.376385 0.395918
vt 0.172048 0.394453
vt 0.172048 0.000000
vt 0.327952 0.000000
vt 0.344096 0.394453
vt 0.344096 0.000000
vt 0.500000 0.000000
vt 0.000000 0.506159
vt 0.265109 0.395918
vt 0.374920 0.506159
vt 0.109812 0.395918
vt 0.374920 0.662062
vt 0.109812 0.772303
vt 0.265109 0.772303
vt 0.000000 0.662062
vt 0.013493 0.729724
vt 0.014200 0.729724
vt 0.015615 0.729724
vt 0.014200 0.486483
vt 0.015615 0.486483
vt 0.014200 0.243241
vt 0.015615 0.243241
vt 0.013493 0.243241
vt 0.022690 0.729724
vt 0.023398 0.729724
vt 0.021275 0.729724
vt 0.021275 0.486483
vt 0.022690 0.486483
vt 0.021275 0.243241
vt 0.022690 0.243241
vt 0.023398 0.243241
vt 0.014099 0.833970
vt 0.013493 0.833970
vt 0.014200 0.833970
vt 0.014099 0.833970
vt 0.023297 0.833970
vt 0.022690 0.833970
vt 0.023398 0.833970
vt 0.023297 0.833970
vt 0.012802 0.833970
vt 0.012785 0.833970
vt 0.012822 0.833970
vt 0.012802 0.833970
vt 0.012873 0.833970
vt 0.012822 0.833970
vt 0.013189 0.833970
vt 0.013100 0.833970
vt 0.022488 0.833970
vt 0.021680 0.833970
vt 0.021680 0.833970
vt 0.014402 0.833970
vt 0.013100 0.833970
vt 0.024088 0.833970
vt 0.024068 0.833970
vt 0.024068 0.833970
vt 0.024018 0.833970
vt 0.024105 0.833970
vt 0.024088 0.833970
vt 0.022488 0.833970
vt 0.023701 0.833970
vt 0.023791 0.833970
vt 0.023701 0.833970
vt 0.024018 0.833970
vt 0.164565 0.858622
vt 0.164565 0.859785
vt 0.164565 0.871407
vt 0.268811 0.627806
vt 0.268811 0.628605
vt 0.268811 0.630203
vt 0.512053 0.628605
vt 0.512053 0.630203
vt 0.755294 0.628605
vt 0.755294 0.630203
vt 0.755294 0.627806
vt 0.268811 0.638194
vt 0.268811 0.638993
vt 0.268811 0.636596
vt 0.512053 0.636596
vt 0.512053 0.638194
vt 0.755294 0.636596
vt 0.755294 0.638194
vt 0.755294 0.638993
vt 0.164565 0.628491
vt 0.164565 0.627806
vt 0.164565 0.628605
vt 0.164565 0.628491
vt 0.164565 0.638879
vt 0.164565 0.638194
vt 0.164565 0.638993
vt 0.164565 0.638879
vt 0.164565 0.627026
vt 0.164565 0.627007
vt 0.164565 0.627049
vt 0.164565 0.627026
vt 0.164565 0.627106
vt 0.164565 0.627049
vt 0.164565 0.627464
vt 0.164565 0.627362
vt 0.164565 0.629747
vt 0.164565 0.628834
vt 0.164565 0.637966
vt 0.164565 0.629747
vt 0.164565 0.628834
vt 0.164565 0.627362
vt 0.164565 0.639750
vt 0.164565 0.639693
vt 0.164565 0.639773
vt 0.164565 0.639792
vt 0.164565 0.639773
vt 0.164565 0.637966
vt 0.164565 0.639336
vt 0.164565 0.638993
vt 0.164565 0.639437
vt 0.164565 0.639336
vt 0.164565 0.639693
vt 0.013755 0.166794
vt 0.013493 0.166794
vt 0.014200 0.166794
vt 0.013755 0.166794
vt 0.022953 0.166794
vt 0.022690 0.166794
vt 0.023398 0.166794
vt 0.014726 0.166794
vt 0.014200 0.166794
vt 0.016828 0.166794
vt 0.022165 0.166794
vt 0.016828 0.166794
vt 0.013493 0.166794
vt 0.013270 0.166794
vt 0.022690 0.166794
vt 0.022165 0.166794
vt 0.023620 0.166794
vt 0.023398 0.166794
vt 0.012940 0.166794
vt 0.012938 0.166794
vt 0.012938 0.166794
vt 0.012785 0.166794
vt 0.013117 0.166794
vt 0.012940 0.166794
vt 0.013119 0.166794
vt 0.013117 0.166794
vt 0.013270 0.166794
vt 0.023950 0.166794
vt 0.023773 0.166794
vt 0.023773 0.166794
vt 0.023772 0.166794
vt 0.023772 0.166794
vt 0.023620 0.166794
vt 0.024105 0.166794
vt 0.023953 0.166794
vt 0.023953 0.166794
vt 0.023950 0.166794
vt 0.831741 0.869083
vt 0.831741 0.858855
vt 0.831741 0.858855
vt 0.831741 0.858622
vt 0.831741 0.871407
vt 0.831741 0.628103
vt 0.831741 0.627806
vt 0.831741 0.628605
vt 0.831741 0.628103
vt 0.831741 0.638491
vt 0.831741 0.638194
vt 0.831741 0.638993
vt 0.831741 0.638491
vt 0.831741 0.629199
vt 0.831741 0.628605
vt 0.831741 0.631573
vt 0.831741 0.629199
vt 0.831741 0.637600
vt 0.831741 0.627555
vt 0.831741 0.638194
vt 0.831741 0.637600
vt 0.831741 0.639244
vt 0.831741 0.627182
vt 0.831741 0.627179
vt 0.831741 0.627179
vt 0.831741 0.627007
vt 0.831741 0.627383
vt 0.831741 0.627384
vt 0.831741 0.627383
vt 0.831741 0.627555
vt 0.831741 0.639415
vt 0.831741 0.639244
vt 0.831741 0.639617
vt 0.831741 0.639417
vt 0.831741 0.639417
vt 0.831741 0.639415
vt 0.831741 0.639792
vt 0.831741 0.639620
vt 0.831741 0.639617
vt 0.831741 0.639620
vt 0.164565 0.743977
vt 0.164565 0.742815
vt 0.164565 0.755600
vt 0.164565 0.743977
vt 0.000708 0.729724
vt 0.001415 0.729724
vt 0.002830 0.729724
vt 0.001415 0.486483
vt 0.002830 0.486483
vt 0.001415 0.243241
vt 0.002830 0.243241
vt 0.000708 0.243241
vt 0.009905 0.729724
vt 0.010613 0.729724
vt 0.008490 0.729724
vt 0.008490 0.486483
vt 0.009905 0.486483
vt 0.008490 0.243241
vt 0.009905 0.243241
vt 0.010613 0.243241
vt 0.001314 0.833970
vt 0.000708 0.833970
vt 0.001415 0.833970
vt 0.001314 0.833970
vt 0.010512 0.833970
vt 0.009905 0.833970
vt 0.010613 0.833970
vt 0.010512 0.833970
vt 0.000037 0.833970
vt 0.000017 0.833970
vt 0.000017 0.833970
vt 0.000000 0.833970
vt 0.000088 0.833970
vt 0.000037 0.833970
vt 0.000404 0.833970
vt 0.000314 0.833970
vt 0.001617 0.833970
vt 0.000708 0.833970
vt 0.000404 0.833970
vt 0.000314 0.833970
vt 0.000088 0.833970
vt 0.008894 0.833970
vt 0.001617 0.833970
vt 0.009703 0.833970
vt 0.008894 0.833970
vt 0.011303 0.833970
vt 0.011283 0.833970
vt 0.011283 0.833970
vt 0.011233 0.833970
vt 0.011320 0.833970
vt 0.011303 0.833970
vt 0.009905 0.833970
vt 0.009703 0.833970
vt 0.010916 0.833970
vt 0.011006 0.833970
vt 0.010916 0.833970
vt 0.011233 0.833970
vt 0.011006 0.833970
vt 0.164565 0.280747
vt 0.164565 0.279584
vt 0.164565 0.292369
vt 0.164565 0.280747
vt 0.831741 0.753275
vt 0.831741 0.743047
vt 0.831741 0.743047
vt 0.831741 0.742815
vt 0.831741 0.755600
vt 0.831741 0.753275
vt 0.000970 0.166794
vt 0.000708 0.166794
vt 0.001415 0.166794
vt 0.000970 0.166794
vt 0.010168 0.166794
vt 0.009905 0.166794
vt 0.010613 0.166794
vt 0.010168 0.166794
vt 0.009380 0.166794
vt 0.004043 0.166794
vt 0.004043 0.166794
vt 0.001941 0.166794
vt 0.001941 0.166794
vt 0.001415 0.166794
vt 0.000485 0.166794
vt 0.009905 0.166794
vt 0.010835 0.166794
vt 0.010613 0.166794
vt 0.000334 0.166794
vt 0.000332 0.166794
vt 0.000155 0.166794
vt 0.000155 0.166794
vt 0.000153 0.166794
vt 0.000153 0.166794
vt 0.000000 0.166794
vt 0.000485 0.166794
vt 0.000334 0.166794
vt 0.011165 0.166794
vt 0.010988 0.166794
vt 0.010988 0.166794
vt 0.010987 0.166794
vt 0.010987 0.166794
vt 0.010835 0.166794
vt 0.011320 0.166794
vt 0.011168 0.166794
vt 0.011168 0.166794
vt 0.011165 0.166794
vt 0.831741 0.290045
vt 0.831741 0.279817
vt 0.831741 0.279817
vt 0.831741 0.279584
vt 0.831741 0.292369
vt 0.831741 0.290045
vt 0.081168 0.395392
vt 0.081168 0.408177
vt 0.025570 0.395392
vt 0.025570 0.408177
vt 0.831741 0.405852
vt 0.831741 0.395392
vt 0.831741 0.408177
vt 0.831741 0.405852
vt 0.081168 0.511199
vt 0.081168 0.523985
vt 0.025570 0.511199
vt 0.025570 0.523985
vt 0.831741 0.521660
vt 0.831741 0.511199
vt 0.831741 0.523985
vt 0.831741 0.521660
vt 0.688192 0.395918
vt 0.842631 0.000000
vt 0.688192 0.000000
vt 0.516144 0.394453
vt 0.516144 0.000000
vt 0.672048 0.000000
vt 0.844096 0.395918
vt 0.998535 0.000000
vt 0.844096 0.000000
vt 0.000000 0.394453
vt 0.155904 0.000000
vt 0.000000 0.000000
vt 0.532289 0.790371
vt 0.532289 0.395918
vt 0.686728 0.395918
vt 0.376385 0.790371
vt 0.530824 0.395918
vt 0.376385 0.395918
vt 0.172048 0.394453
vt 0.172048 0.000000
vt 0.327952 0.000000
vt 0.344096 0.394453
vt 0.344096 0.000000
vt 0.500000 0.000000
vt 0.000000 0.506159
vt 0.265109 0.395918
vt 0.374920 0.506159
vt 0.109812 0.395918
vt 0.374920 0.662062
vt 0.109812 0.772303
vt 0.265109 0.772303
vt 0.000000 0.662062
vt 0.013493 0.729724
vt 0.014200 0.729724
vt 0.015615 0.729724
vt 0.014200 0.486483
vt 0.015615 0.486483
vt 0.014200 0.243241
vt 0.015615 0.243241
vt 0.013493 0.243241
vt 0.022690 0.729724
vt 0.023398 0.729724
vt 0.021275 0.729724
vt 0.021275 0.486483
vt 0.022690 0.486483
vt 0.021275 0.243241
vt 0.022690 0.243241
vt 0.023398 0.243241
vt 0.014099 0.833970
vt 0.013493 0.833970
vt 0.014200 0.833970
vt 0.014099 0.833970
vt 0.023297 0.833970
vt 0.022690 0.833970
vt 0.023398 0.833970
vt 0.023297 0.833970
vt 0.012802 0.833970
vt 0.012785 0.833970
vt 0.012822 0.833970
vt 0.012802 0.833970
vt 0.012873 0.833970
vt 0.012822 0.833970
vt 0.013189 0.833970
vt 0.013100 0.833970
vt 0.022488 0.833970
vt 0.021680 0.833970
vt 0.021680 0.833970
vt 0.014402 0.833970
vt 0.013100 0.833970
vt 0.024088 0.833970
vt 0.024068 0.833970
vt 0.024068 0.833970
vt 0.024018 0.833970
vt 0.024105 0.833970
vt 0.024088 0.833970
vt 0.022488 0.833970
vt 0.023701 0.833970
vt 0.023791 0.833970
vt 0.023701 0.833970
vt 0.024018 0.833970
vt 0.164565 0.858622
vt 0.164565 0.859785
vt 0.164565 0.871407
vt 0.268811 0.627806
vt 0.268811 0.628605
vt 0.268811 0.630203
vt 0.512053 0.628605
vt 0.512053 0.630203
vt 0.755294 0.628605
vt 0.755294 0.630203
vt 0.755294 0.627806
vt 0.268811 0.638194
vt 0.268811 0.638993
vt 0.268811 0.636596
vt 0.512053 0.636596
vt 0.512053 0.638194
vt 0.755294 0.636596
vt 0.755294 0.638194
vt 0.755294 0.638993
vt 0.164565 0.628491
vt 0.164565 0.627806
vt 0.164565 0.628605
vt 0.164565 0.628491
vt 0.164565 0.638879
vt 0.164565 0.638194
vt 0.164565 0.638993
vt 0.164565 0.638879
vt 0.164565 0.627026
vt 0.164565 0.627007
vt 0.164565 0.627049
vt 0.164565 0.627026
vt 0.164565 0.627106
vt 0.164565 0.627049
vt 0.164565 0.627464
vt 0.164565 0.627362
vt 0.164565 0.629747
vt 0.164565 0.628834
vt 0.164565 0.637966
vt 0.164565 0.629747
vt 0.164565 0.628834
vt 0.164565 0.627362
vt 0.164565 0.639750
vt 0.164565 0.639693
vt 0.164565 0.639773
vt 0.164565 0.639792
vt 0.164565 0.639773
vt 0.164565 0.637966
vt 0.164565 0.639336
vt 0.164565 0.638993
vt 0.164565 0.639437
vt 0.164565 0.639336
vt 0.164565 0.639693
vt 0.013755 0.166794
vt 0.013493 0.166794
vt 0.014200 0.166794
vt 0.013755 0.166794
vt 0.022953 0.166794
vt 0.022690 0.166794
vt 0.023398 0.166794
vt 0.014726 0.166794
vt 0.014200 0.166794
vt 0.016828 0.166794
vt 0.022165 0.166794
vt 0.016828 0.166794
vt 0.013493 0.166794
vt 0.013270 0.166794
vt 0.022690 0.166794
vt 0.022165 0.166794
vt 0.023620 0.166794
vt 0.023398 0.166794
vt 0.012940 0.166794
vt 0.012938 0.166794
vt 0.012938 0.166794
vt 0.012785 0.166794
vt 0.013117 0.166794
vt 0.012940 0.166794
vt 0.013119 0.166794
vt 0.013117 0.166794
vt 0.013270 0.166794
vt 0.023950 0.166794
vt 0.023773 0.166794
vt 0.023773 0.166794
vt 0.023772 0.166794
vt 0.023772 0.166794
vt 0.023620 0.166794
vt 0.024105 0.166794
vt 0.023953 0.166794
vt 0.023953 0.166794
vt 0.023950 0.166794
vt 0.831741 0.869083
vt 0.831741 0.858855
vt 0.831741 0.858855
vt 0.831741 0.858622
vt 0.831741 0.871407
vt 0.831741 0.628103
vt 0.831741 0.627806
vt 0.831741 0.628605
vt 0.831741 0.628103
vt 0.831741 0.638491
vt 0.831741 0.638194
vt 0.831741 0.638993
vt 0.831741 0.638491
vt 0.831741 0.629199
vt 0.831741 0.628605
vt 0.831741 0.631573
vt 0.831741 0.629199
vt 0.831741 0.637600
vt 0.831741 0.627555
vt 0.831741 0.638194
vt 0.831741 0.637600
vt 0.831741 0.639244
vt 0.831741 0.627182
vt 0.831741 0.627179
vt 0.831741 0.627179
vt 0.831741 0.627007
vt 0.831741 0.627383
vt 0.831741 0.627384
vt 0.831741 0.627383
vt 0.831741 0.627555
vt 0.831741 0.639415
vt 0.831741 0.639244
vt 0.831741 0.639617
vt 0.831741 0.639417
vt 0.831741 0.639417
vt 0.831741 0.639415
vt 0.831741 0.639792
vt 0.831741 0.639620
vt 0.831741 0.639617
vt 0.831741 0.639620
vt 0.164565 0.743977
vt 0.164565 0.742815
vt 0.164565 0.755600
vt 0.164565 0.743977
vt 0.000708 0.729724
vt 0.001415 0.729724
vt 0.002830 0.729724
vt 0.001415 0.486483
vt 0.002830 0.486483
vt 0.001415 0.243241
vt 0.002830 0.243241
vt 0.000708 0.243241
vt 0.009905 0.729724
vt 0.010613 0.729724
vt 0.008490 0.729724
vt 0.008490 0.486483
vt 0.009905 0.486483
vt 0.008490 0.243241
vt 0.009905 0.243241
vt 0.010613 0.243241
vt 0.001314 0.833970
vt 0.000708 0.833970
vt 0.001415 0.833970
vt 0.001314 0.833970
vt 0.010512 0.833970
vt 0.009905 0.833970
vt 0.010613 0.833970
vt 0.010512 0.833970
vt 0.000037 0.833970
vt 0.000017 0.833970
vt 0.000017 0.833970
vt 0.000000 0.833970
vt 0.000088 0.833970
vt 0.000037 0.833970
vt 0.000404 0.833970
vt 0.000314 0.833970
vt 0.001617 0.833970
vt 0.000708 0.833970
vt 0.000404 0.833970
vt 0.000314 0.833970
vt 0.000088 0.833970
vt 0.008894 0.833970
vt 0.001617 0.833970
vt 0.009703 0.833970
vt 0.008894 0.833970
vt 0.011303 0.833970
vt 0.011283 0.833970
vt 0.011283 0.833970
vt 0.011233 0.833970
vt 0.011320 0.833970
vt 0.011303 0.833970
vt 0.009905 0.833970
vt 0.009703 0.833970
vt 0.010916 0.833970
vt 0.011006 0.833970
vt 0.010916 0.833970
vt 0.011233 0.833970
vt 0.011006 0.833970
vt 0.164565 0.280747
vt 0.164565 0.279584
vt 0.164565 0.292369
vt 0.164565 0.280747
vt 0.831741 0.753275
vt 0.831741 0.743047
vt 0.831741 0.743047
vt 0.831741 0.742815
vt 0.831741 0.755600
vt 0.831741 0.753275
vt 0.000970 0.166794
vt 0.000708 0.166794
vt 0.001415 0.166794
vt 0.000970 0.166794
vt 0.010168 0.166794
vt 0.009905 0.166794
vt 0.010613 0.166794
vt 0.010168 0.166794
vt 0.009380 0.166794
vt 0.004043 0.166794
vt 0.004043 0.166794
vt 0.001941 0.166794
vt 0.001941 0.166794
vt 0.001415 0.166794
vt 0.000485 0.166794
vt 0.009905 0.166794
vt 0.010835 0.166794
vt 0.010613 0.166794
vt 0.000334 0.166794
vt 0.000332 0.166794
vt 0.000155 0.166794
vt 0.000155 0.166794
vt 0.000153 0.166794
vt 0.000153 0.166794
vt 0.000000 0.166794
vt 0.000485 0.166794
vt 0.000334 0.166794
vt 0.011165 0.166794
vt 0.010988 0.166794
vt 0.010988 0.166794
vt 0.010987 0.166794
vt 0.010987 0.166794
vt 0.010835 0.166794
vt 0.011320 0.166794
vt 0.011168 0.166794
vt 0.011168 0.166794
vt 0.011165 0.166794
vt 0.831741 0.290045
vt 0.831741 0.279817
vt 0.831741 0.279817
vt 0.831741 0.279584
vt 0.831741 0.292369
vt 0.831741 0.290045
vt 0.081168 0.395392
vt 0.081168 0.408177
vt 0.025570 0.395392
vt 0.025570 0.408177
vt 0.831741 0.405852
vt 0.831741 0.395392
vt 0.831741 0.408177
vt 0.831741 0.405852
vt 0.081168 0.511199
vt 0.081168 0.523985
vt 0.025570 0.511199
vt 0.025570 0.523985
vt 0.831741 0.521660
vt 0.831741 0.511199
vt 0.831741 0.523985
vt 0.831741 0.521660
vt 0.688192 0.395918
vt 0.842631 0.000000
vt 0.688192 0.000000
vt 0.516144 0.394453
vt 0.516144 0.000000
vt 0.672048 0.000000
vt 0.844096 0.395918
vt 0.998535 0.000000
vt 0.844096 0.000000
vt 0.000000 0.394453
vt 0.155904 0.000000
vt 0.000000 0.000000
vt 0.532289 0.790371
vt 0.532289 0.395918
vt 0.686728 0.395918
vt 0.376385 0.790371
vt 0.530824 0.395918
vt 0.376385 0.395918
vt 0.172048 0.394453
vt 0.172048 0.000000
vt 0.327952 0.000000
vt 0.344096 0.394453
vt 0.344096 0.000000
vt 0.500000 0.000000
vt 0.000000 0.506159
vt 0.265109 0.395918
vt 0.374920 0.506159
vt 0.109812 0.395918
vt 0.374920 0.662062
vt 0.109812 0.772303
vt 0.265109 0.772303
vt 0.000000 0.662062
vt 0.013493 0.729724
vt 0.014200 0.729724
vt 0.015615 0.729724
vt 0.014200 0.486483
vt 0.015615 0.486483
vt 0.014200 0.243241
vt 0.015615 0.243241
vt 0.013493 0.243241
vt 0.022690 0.729724
vt 0.023398 0.729724
vt 0.021275 0.729724
vt 0.021275 0.486483
vt 0.022690 0.486483
vt 0.021275 0.243241
vt 0.022690 0.243241
vt 0.023398 0.243241
vt 0.014099 0.833970
vt 0.013493 0.833970
vt 0.014200 0.833970
vt 0.014099 0.833970
vt 0.023297 0.833970
vt 0.022690 0.833970
vt 0.023398 0.833970
vt 0.023297 0.833970
vt 0.012802 0.833970
vt 0.012785 0.833970
vt 0.012822 0.833970
vt 0.012802 0.833970
vt 0.012873 0.833970
vt 0.012822 0.833970
vt 0.013189 0.833970
vt 0.013100 0.833970
vt 0.022488 0.833970
vt 0.021680 0.833970
vt 0.021680 0.833970
vt 0.014402 0.833970
vt 0.013100 0.833970
vt 0.024088 0.833970
vt 0.024068 0.833970
vt 0.024068 0.833970
vt 0.024018 0.833970
vt 0.024105 0.833970
vt 0.024088 0.833970
vt 0.022488 0.833970
vt 0.023701 0.833970
vt 0.023791 0.833970
vt 0.023701 0.833970
vt 0.024018 0.833970
vt 0.164565 0.858622
vt 0.164565 0.859785
vt 0.164565 0.871407
vt 0.268811 0.627806
vt 0.268811 0.628605
vt 0.268811 0.630203
vt 0.512053 0.628605
vt 0.512053 0.630203
vt 0.755294 0.628605
vt 0.755294 0.630203
vt 0.755294 0.627806
vt 0.268811 0.638194
vt 0.268811 0.638993
vt 0.268811 0.636596
vt 0.512053 0.636596
vt 0.512053 0.638194
vt 0.755294 0.636596
vt 0.755294 0.638194
vt 0.755294 0.638993
vt 0.164565 0.628491
vt 0.164565 0.627806
vt 0.164565 0.628605
vt 0.164565 0.628491
vt 0.164565 0.638879
vt 0.164565 0.638194
vt 0.164565 0.638993
vt 0.164565 0.638879
vt 0.164565 0.627026
vt 0.164565 0.627007
vt 0.164565 0.627049
vt 0.164565 0.627026
vt 0.164565 0.627106
vt 0.164565 0.627049
vt 0.164565 0.627464
vt 0.164565 0.627362
vt 0.164565 0.629747
vt 0.164565 0.628834
vt 0.164565 0.637966
vt 0.164565 0.629747
vt 0.164565 0.628834
vt 0.164565 0.627362
vt 0.164565 0.639750
vt 0.164565 0.639693
vt 0.164565 0.639773
vt 0.164565 0.639792
vt 0.164565 0.639773
vt 0.164565 0.637966
vt 0.164565 0.639336
vt 0.164565 0.638993
vt 0.164565 0.639437
vt 0.164565 0.639336
vt 0.164565 0.639693
vt 0.013755 0.166794
vt 0.013493 0.166794
vt 0.014200 0.166794
vt 0.013755 0.166794
vt 0.022953 0.166794
vt 0.022690 0.166794
vt 0.023398 0.166794
vt 0.014726 0.166794
vt 0.014200 0.166794
vt 0.016828 0.166794
vt 0.022165 0.166794
vt 0.016828 0.166794
vt 0.013493 0.166794
vt 0.013270 0.166794
vt 0.022690 0.166794
vt 0.022165 0.166794
vt 0.023620 0.166794
vt 0.023398 0.166794
vt 0.012940 0.166794
vt 0.012938 0.166794
vt 0.012938 0.166794
vt 0.012785 0.166794
vt 0.013117 0.166794
vt 0.012940 0.166794
vt 0.013119 0.166794
vt 0.013117 0.166794
vt 0.013270 0.166794
vt 0.023950 0.166794
vt 0.023773 0.166794
vt 0.023773 0.166794
vt 0.023772 0.166794
vt 0.023772 0.166794
vt 0.023620 0.166794
vt 0.024105 0.166794
vt 0.023953 0.166794
vt 0.023953 0.166794
vt 0.023950 0.166794
vt 0.831741 0.869083
vt 0.831741 0.858855
vt 0.831741 0.858855
vt 0.831741 0.858622
vt 0.831741 0.871407
vt 0.831741 0.628103
vt 0.831741 0.627806
vt 0.831741 0.628605
vt 0.831741 0.628103
vt 0.831741 0.638491
vt 0.831741 0.638194
vt 0.831741 0.638993
vt 0.831741 0.638491
vt 0.831741 0.629199
vt 0.831741 0.628605
vt 0.831741 0.631573
vt 0.831741 0.629199
vt 0.831741 0.637600
vt 0.831741 0.627555
vt 0.831741 0.638194
vt 0.831741 0.637600
vt 0.831741 0.639244
vt 0.831741 0.627182
vt 0.831741 0.627179
vt 0.831741 0.627179
vt 0.831741 0.627007
vt 0.831741 0.627383
vt 0.831741 0.627384
vt 0.831741 0.627383
vt 0.831741 0.627555
vt 0.831741 0.639415
vt 0.831741 0.639244
vt 0.831741 0.639617
vt 0.831741 0.639417
vt 0.831741 0.639417
vt 0.831741 0.639415
vt 0.831741 0.639792
vt 0.831741 0.639620
vt 0.831741 0.639617
vt 0.831741 0.639620
vt 0.164565 0.743977
vt 0.164565 0.742815
vt 0.164565 0.755600
vt 0.164565 0.743977
vt 0.000708 0.729724
vt 0.001415 0.729724
vt 0.002830 0.729724
vt 0.001415 0.486483
vt 0.002830 0.486483
vt 0.001415 0.243241
vt 0.002830 0.243241
vt 0.000708 0.243241
vt 0.009905 0.729724
vt 0.010613 0.729724
vt 0.008490 0.729724
vt 0.008490 0.486483
vt 0.009905 0.486483
vt 0.008490 0.243241
vt 0.009905 0.243241
vt 0.010613 0.243241
vt 0.001314 0.833970
vt 0.000708 0.833970
vt 0.001415 0.833970
vt 0.001314 0.833970
vt 0.010512 0.833970
vt 0.009905 0.833970
vt 0.010613 0.833970
vt 0.010512 0.833970
vt 0.000037 0.833970
vt 0.000017 0.833970
vt 0.000017 0.833970
vt 0.000000 0.833970
vt 0.000088 0.833970
vt 0.000037 0.833970
vt 0.000404 0.833970
vt 0.000314 0.833970
vt 0.001617 0.833970
vt 0.000708 0.833970
vt 0.000404 0.833970
vt 0.000314 0.833970
vt 0.000088 0.833970
vt 0.008894 0.833970
vt 0.001617 0.833970
vt 0.009703 0.833970
vt 0.008894 0.833970
vt 0.011303 0.833970
vt 0.011283 0.833970
vt 0.011283 0.833970
vt 0.011233 0.833970
vt 0.011320 0.833970
vt 0.011303 0.833970
vt 0.009905 0.833970
vt 0.009703 0.833970
vt 0.010916 0.833970
vt 0.011006 0.833970
vt 0.010916 0.833970
vt 0.011233 0.833970
vt 0.011006 0.833970
vt 0.164565 0.280747
vt 0.164565 0.279584
vt 0.164565 0.292369
vt 0.164565 0.280747
vt 0.831741 0.753275
vt 0.831741 0.743047
vt 0.831741 0.743047
vt 0.831741 0.742815
vt 0.831741 0.755600
vt 0.831741 0.753275
vt 0.000970 0.166794
vt 0.000708 0.166794
vt 0.001415 0.166794
vt 0.000970 0.166794
vt 0.010168 0.166794
vt 0.009905 0.166794
vt 0.010613 0.166794
vt 0.010168 0.166794
vt 0.009380 0.166794
vt 0.004043 0.166794
vt 0.004043 0.166794
vt 0.001941 0.166794
vt 0.001941 0.166794
vt 0.001415 0.166794
vt 0.000485 0.166794
vt 0.009905 0.166794
vt 0.010835 0.166794
vt 0.010613 0.166794
vt 0.000334 0.166794
vt 0.000332 0.166794
vt 0.000155 0.166794
vt 0.000155 0.166794
vt 0.000153 0.166794
vt 0.000153 0.166794
vt 0.000000 0.166794
vt 0.000485 0.166794
vt 0.000334 0.166794
vt 0.011165 0.166794
vt 0.010988 0.166794
vt 0.010988 0.166794
vt 0.010987 0.166794
vt 0.010987 0.166794
vt 0.010835 0.166794
vt 0.011320 0.166794
vt 0.011168 0.166794
vt 0.011168 0.166794
vt 0.011165 0.166794
vt 0.831741 0.290045
vt 0.831741 0.279817
vt 0.831741 0.279817
vt 0.831741 0.279584
vt 0.831741 0.292369
vt 0.831741 0.290045
vt 0.081168 0.395392
vt 0.081168 0.408177
vt 0.025570 0.395392
vt 0.025570 0.408177
vt 0.831741 0.405852
vt 0.831741 0.395392
vt 0.831741 0.408177
vt 0.831741 0.405852
vt 0.081168 0.511199
vt 0.081168 0.523985
vt 0.025570 0.511199
vt 0.025570 0.523985
vt 0.831741 0.521660
vt 0.831741 0.511199
vt 0.831741 0.523985
vt 0.831741 0.521660
vt 0.688192 0.395918
vt 0.842631 0.000000
vt 0.688192 0.000000
vt 0.516144 0.394453
vt 0.516144 0.000000
vt 0.672048 0.000000
vt 0.844096 0.395918
vt 0.998535 0.000000
vt 0.844096 0.000000
vt 0.000000 0.394453
vt 0.155904 0.000000
vt 0.000000 0.000000
vt 0.532289 0.790371
vt 0.532289 0.395918
vt 0.686728 0.395918
vt 0.376385 0.790371
vt 0.530824 0.395918
vt 0.376385 0.395918
vt 0.172048 0.394453
vt 0.172048 0.000000
vt 0.327952 0.000000
vt 0.344096 0.394453
vt 0.344096 0.000000
vt 0.500000 0.000000
vt 0.000000 0.506159
vt 0.265109 0.395918
vt 0.374920 0.506159
vt 0.109812 0.395918
vt 0.374920 0.662062
vt 0.109812 0.772303
vt 0.265109 0.772303
vt 0.000000 0.662062
vt 0.013493 0.729724
vt 0.014200 0.729724
vt 0.015615 0.729724
vt 0.014200 0.486483
vt 0.015615 0.486483
vt 0.014200 0.243241
vt 0.015615 0.243241
vt 0.013493 0.243241
vt 0.022690 0.729724
vt 0.023398 0.729724
vt 0.021275 0.729724
vt 0.021275 0.486483
vt 0.022690 0.486483
vt 0.021275 0.243241
vt 0.022690 0.243241
vt 0.023398 0.243241
vt 0.014099 0.833970
vt 0.013493 0.833970
vt 0.014200 0.833970
vt 0.014099 0.833970
vt 0.023297 0.833970
vt 0.022690 0.833970
vt 0.023398 0.833970
vt 0.023297 0.833970
vt 0.012802 0.833970
vt 0.012785 0.833970
vt 0.012822 0.833970
vt 0.012802 0.833970
vt 0.012873 0.833970
vt 0.012822 0.833970
vt 0.013189 0.833970
vt 0.013100 0.833970
vt 0.022488 0.833970
vt 0.021680 0.833970
vt 0.021680 0.833970
vt 0.014402 0.833970
vt 0.013100 0.833970
vt 0.024088 0.833970
vt 0.024068 0.833970
vt 0.024068 0.833970
vt 0.024018 0.833970
vt 0.024105 0.833970
vt 0.024088 0.833970
vt 0.022488 0.833970
vt 0.023701 0.833970
vt 0.023791 0.833970
vt 0.023701 0.833970
vt 0.024018 0.833970
vt 0.164565 0.858622
vt 0.164565 0.859785
vt 0.164565 0.871407
vt 0.268811 0.627806
vt 0.268811 0.628605
vt 0.268811 0.630203
vt 0.512053 0.628605
vt 0.512053 0.630203
vt 0.755294 0.628605
vt 0.755294 0.630203
vt 0.755294 0.627806
vt 0.268811 0.638194
vt 0.268811 0.638993
vt 0.268811 0.636596
vt 0.512053 0.636596
vt 0.512053 0.638194
vt 0.755294 0.636596
vt 0.755294 0.638194
vt 0.755294 0.638993
vt 0.164565 0.628491
vt 0.164565 0.627806
vt 0.164565 0.628605
vt 0.164565 0.628491
vt 0.164565 0.638879
vt 0.164565 0.638194
vt 0.164565 0.638993
vt 0.164565 0.638879
vt 0.164565 0.627026
vt 0.164565 0.627007
vt 0.164565 0.627049
vt 0.164565 0.627026
vt 0.164565 0.627106
vt 0.164565 0.627049
vt 0.164565 0.627464
vt 0.164565 0.627362
vt 0.164565 0.629747
vt 0.164565 0.628834
vt 0.164565 0.637966
vt 0.164565 0.629747
vt 0.164565 0.628834
vt 0.164565 0.627362
vt 0.164565 0.639750
vt 0.164565 0.639693
vt 0.164565 0.639773
vt 0.164565 0.639792
vt 0.164565 0.639773
vt 0.164565 0.637966
vt 0.164565 0.639336
vt 0.164565 0.638993
vt 0.164565 0.639437
vt 0.164565 0.639336
vt 0.164565 0.639693
vt 0.013755 0.166794
vt 0.013493 0.166794
vt 0.014200 0.166794
vt 0.013755 0.166794
vt 0.022953 0.166794
vt 0.022690 0.166794
vt 0.023398 0.166794
vt 0.014726 0.166794
vt 0.014200 0.166794
vt 0.016828 0.166794
vt 0.022165 0.166794
vt 0.016828 0.166794
vt 0.013493 0.166794
vt 0.013270 0.166794
vt 0.022690 0.166794
vt 0.022165 0.166794
vt 0.023620 0.166794
vt 0.023398 0.166794
vt 0.012940 0.166794
vt 0.012938 0.166794
vt 0.012938 0.166794
vt 0.012785 0.166794
vt 0.013117 0.166794
vt 0.012940 0.166794
vt 0.013119 0.166794
vt 0.013117 0.166794
vt 0.013270 0.166794
vt 0.023950 0.166794
vt 0.023773 0.166794
vt 0.023773 0.166794
vt 0.023772 0.166794
vt 0.023772 0.166794
vt 0.023620 0.166794
vt 0.024105 0.166794
vt 0.023953 0.166794
vt 0.023953 0.166794
vt 0.023950 0.166794
vt 0.831741 0.869083
vt 0.831741 0.858855
vt 0.831741 0.858855
vt 0.831741 0.858622
vt 0.831741 0.871407
vt 0.831741 0.628103
vt 0.831741 0.627806
vt 0.831741 0.628605
vt 0.831741 0.628103
vt 0.831741 0.638491
vt 0.831741 0.638194
vt 0.831741 0.638993
vt 0.831741 0.638491
vt 0.831741 0.629199
vt 0.831741 0.628605
vt 0.831741 0.631573
vt 0.831741 0.629199
vt 0.831741 0.637600
vt 0.831741 0.627555
vt 0.831741 0.638194
vt 0.831741 0.637600
vt 0.831741 0.639244
vt 0.831741 0.627182
vt 0.831741 0.627179
vt 0.831741 0.627179
vt 0.831741 0.627007
vt 0.831741 0.627383
vt 0.831741 0.627384
vt 0.831741 0.627383
vt 0.831741 0.627555
vt 0.831741 0.639415
vt 0.831741 0.639244
vt 0.831741 0.639617
vt 0.831741 0.639417
vt 0.831741 0.639417
vt 0.831741 0.639415
vt 0.831741 0.639792
vt 0.831741 0.639620
vt 0.831741 0.639617
vt 0.831741 0.639620
vt 0.164565 0.743977
vt 0.164565 0.742815
vt 0.164565 0.755600
vt 0.164565 0.743977
vt 0.000708 0.729724
vt 0.001415 0.729724
vt 0.002830 0.729724
vt 0.001415 0.486483
vt 0.002830 0.486483
vt 0.001415 0.243241
vt 0.002830 0.243241
vt 0.000708 0.243241
vt 0.009905 0.729724
vt 0.010613 0.729724
vt 0.008490 0.729724
vt 0.008490 0.486483
vt 0.009905 0.486483
vt 0.008490 0.243241
vt 0.009905 0.243241
vt 0.010613 0.243241
vt 0.001314 0.833970
vt 0.000708 0.833970
vt 0.001415 0.833970
vt 0.001314 0.833970
vt 0.010512 0.833970
vt 0.009905 0.833970
vt 0.010613 0.833970
vt 0.010512 0.833970
vt 0.000037 0.833970
vt 0.000017 0.833970
vt 0.000017 0.833970
vt 0.000000 0.833970
vt 0.000088 0.833970
vt 0.000037 0.833970
vt 0.000404 0.833970
vt 0.000314 0.833970
vt 0.001617 0.833970
vt 0.000708 0.833970
vt 0.000404 0.833970
vt 0.000314 0.833970
vt 0.000088 0.833970
vt 0.008894 0.833970
vt 0.001617 0.833970
vt 0.009703 0.833970
vt 0.008894 0.833970
vt 0.011303 0.833970
vt 0.011283 0.833970
vt 0.011283 0.833970
vt 0.011233 0.833970
vt 0.011320 0.833970
vt 0.011303 0.833970
vt 0.009905 0.833970
vt 0.009703 0.833970
vt 0.010916 0.833970
vt 0.011006 0.833970
vt 0.010916 0.833970
vt 0.011233 0.833970
vt 0.011006 0.833970
vt 0.164565 0.280747
vt 0.164565 0.279584
vt 0.164565 0.292369
vt 0.164565 0.280747
vt 0.831741 0.753275
vt 0.831741 0.743047
vt 0.831741 0.743047
vt 0.831741 0.742815
vt 0.831741 0.755600
vt 0.831741 0.753275
vt 0.000970 0.166794
vt 0.000708 0.166794
vt 0.001415 0.166794
vt 0.000970 0.166794
vt 0.010168 0.166794
vt 0.009905 0.166794
vt 0.010613 0.166794
vt 0.010168 0.166794
vt 0.009380 0.166794
vt 0.004043 0.166794
vt 0.004043 0.166794
vt 0.001941 0.166794
vt 0.001941 0.166794
vt 0.001415 0.166794
vt 0.000485 0.166794
vt 0.009905 0.166794
vt 0.010835 0.166794
vt 0.010613 0.166794
vt 0.000334 0.166794
vt 0.000332 0.166794
vt 0.000155 0.166794
vt 0.000155 0.166794
vt 0.000153 0.166794
vt 0.000153 0.166794
vt 0.000000 0.166794
vt 0.000485 0.166794
vt 0.000334 0.166794
vt 0.011165 0.166794
vt 0.010988 0.166794
vt 0.010988 0.166794
vt 0.010987 0.166794
vt 0.010987 0.166794
vt 0.010835 0.166794
vt 0.011320 0.166794
vt 0.011168 0.166794
vt 0.011168 0.166794
vt 0.011165 0.166794
vt 0.831741 0.290045
vt 0.831741 0.279817
vt 0.831741 0.279817
vt 0.831741 0.279584
vt 0.831741 0.292369
vt 0.831741 0.290045
vt 0.081168 0.395392
vt 0.081168 0.408177
vt 0.025570 0.395392
vt 0.025570 0.408177
vt 0.831741 0.405852
vt 0.831741 0.395392
vt 0.831741 0.408177
vt 0.831741 0.405852
vt 0.081168 0.511199
vt 0.081168 0.523985
vt 0.025570 0.511199
vt 0.025570 0.523985
vt 0.831741 0.521660
vt 0.831741 0.511199
vt 0.831741 0.523985
vt 0.831741 0.521660
vt 0.688192 0.395918
vt 0.842631 0.000000
vt 0.688192 0.000000
vt 0.516144 0.394453
vt 0.516144 0.000000
vt 0.672048 0.000000
vt 0.844096 0.395918
vt 0.998535 0.000000
vt 0.844096 0.000000
vt 0.000000 0.394453
vt 0.155904 0.000000
vt 0.000000 0.000000
vt 0.532289 0.790371
vt 0.532289 0.395918
vt 0.686728 0.395918
vt 0.376385 0.790371
vt 0.530824 0.395918
vt 0.376385 0.395918
vt 0.172048 0.394453
vt 0.172048 0.000000
vt 0.327952 0.000000
vt 0.344096 0.394453
vt 0.344096 0.000000
vt 0.500000 0.000000
vt 0.000000 0.506159
vt 0.265109 0.395918
vt 0.374920 0.506159
vt 0.109812 0.395918
vt 0.374920 0.662062
vt 0.109812 0.772303
vt 0.265109 0.772303
vt 0.000000 0.662062
vt 0.013493 0.729724
vt 0.014200 0.729724
vt 0.015615 0.729724
vt 0.014200 0.486483
vt 0.015615 0.486483
vt 0.014200 0.243241
vt 0.015615 0.243241
vt 0.013493 0.243241
vt 0.022690 0.729724
vt 0.023398 0.729724
vt 0.021275 0.729724
vt 0.021275 0.486483
vt 0.022690 0.486483
vt 0.021275 0.243241
vt 0.022690 0.243241
vt 0.023398 0.243241
vt 0.014099 0.833970
vt 0.013493 0.833970
vt 0.014200 0.833970
vt 0.014099 0.833970
vt 0.023297 0.833970
vt 0.022690 0.833970
vt 0.023398 0.833970
vt 0.023297 0.833970
vt 0.012802 0.833970
vt 0.012785 0.833970
vt 0.012822 0.833970
vt 0.012802 0.833970
vt 0.012873 0.833970
vt 0.012822 0.833970
vt 0.013189 0.833970
vt 0.013100 0.833970
vt 0.022488 0.833970
vt 0.021680 0.833970
vt 0.021680 0.833970
vt 0.014402 0.833970
vt 0.013100 0.833970
vt 0.024088 0.833970
vt 0.024068 0.833970
vt 0.024068 0.833970
vt 0.024018 0.833970
vt 0.024105 0.833970
vt 0.024088 0.833970
vt 0.022488 0.833970
vt 0.023701 0.833970
vt 0.023791 0.833970
vt 0.023701 0.833970
vt 0.024018 0.833970
vt 0.164565 0.858622
vt 0.164565 0.859785
vt 0.164565 0.871407
vt 0.268811 0.627806
vt 0.268811 0.628605
vt 0.268811 0.630203
vt 0.512053 0.628605
vt 0.512053 0.630203
vt 0.755294 0.628605
vt 0.755294 0.630203
vt 0.755294 0.627806
vt 0.268811 0.638194
vt 0.268811 0.638993
vt 0.268811 0.636596
vt 0.512053 0.636596
vt 0.512053 0.638194
vt 0.755294 0.636596
vt 0.755294 0.638194
vt 0.755294 0.638993
vt 0.164565 0.628491
vt 0.164565 0.627806
vt 0.164565 0.628605
vt 0.164565 0.628491
vt 0.164565 0.638879
vt 0.164565 0.638194
vt 0.164565 0.638993
vt 0.164565 0.638879
vt 0.164565 0.627026
vt 0.164565 0.627007
vt 0.164565 0.627049
vt 0.164565 0.627026
vt 0.164565 0.627106
vt 0.164565 0.627049
vt 0.164565 0.627464
vt 0.164565 0.627362
vt 0.164565 0.629747
vt 0.164565 0.628834
vt 0.164565 0.637966
vt 0.164565 0.629747
vt 0.164565 0.628834
vt 0.164565 0.627362
vt 0.164565 0.639750
vt 0.164565 0.639693
vt 0.164565 0.639773
vt 0.164565 0.639792
vt 0.164565 0.639773
vt 0.164565 0.637966
vt 0.164565 0.639336
vt 0.164565 0.638993
vt 0.164565 0.639437
vt 0.164565 0.639336
vt 0.164565 0.639693
vt 0.013755 0.166794
vt 0.013493 0.166794
vt 0.014200 0.166794
vt 0.013755 0.166794
vt 0.022953 0.166794
vt 0.022690 0.166794
vt 0.023398 0.166794
vt 0.014726 0.166794
vt 0.014200 0.166794
vt 0.016828 0.166794
vt 0.022165 0.166794
vt 0.016828 0.166794
vt 0.013493 0.166794
vt 0.013270 0.166794
vt 0.022690 0.166794
vt 0.022165 0.166794
vt 0.023620 0.166794
vt 0.023398 0.166794
vt 0.012940 0.166794
vt 0.012938 0.166794
vt 0.012938 0.166794
vt 0.012785 0.166794
vt 0.013117 0.166794
vt 0.012940 0.166794
vt 0.013119 0.166794
vt 0.013117 0.166794
vt 0.013270 0.166794
vt 0.023950 0.166794
vt 0.023773 0.166794
vt 0.023773 0.166794
vt 0.023772 0.166794
vt 0.023772 0.166794
vt 0.023620 0.166794
vt 0.024105 0.166794
vt 0.023953 0.166794
vt 0.023953 0.166794
vt 0.023950 0.166794
vt 0.831741 0.869083
vt 0.831741 0.858855
vt 0.831741 0.858855
vt 0.831741 0.858622
vt 0.831741 0.871407
vt 0.831741 0.628103
vt 0.831741 0.627806
vt 0.831741 0.628605
vt 0.831741 0.628103
vt 0.831741 0.638491
vt 0.831741 0.638194
vt 0.831741 0.638993
vt 0.831741 0.638491
vt 0.831741 0.629199
vt 0.831741 0.628605
vt 0.831741 0.631573
vt 0.831741 0.629199
vt 0.831741 0.637600
vt 0.831741 0.627555
vt 0.831741 0.638194
vt 0.831741 0.637600
vt 0.831741 0.639244
vt 0.831741 0.627182
vt 0.831741 0.627179
vt 0.831741 0.627179
vt 0.831741 0.627007
vt 0.831741 0.627383
vt 0.831741 0.627384
vt 0.831741 0.627383
vt 0.831741 0.627555
vt 0.831741 0.639415
vt 0.831741 0.639244
vt 0.831741 0.639617
vt 0.831741 0.639417
vt 0.831741 0.639417
vt 0.831741 0.639415
vt 0.831741 0.639792
vt 0.831741 0.639620
vt 0.831741 0.639617
vt 0.831741 0.639620
vt 0.164565 0.743977
vt 0.164565 0.742815
vt 0.164565 0.755600
vt 0.164565 0.743977
vt 0.000708 0.729724
vt 0.001415 0.729724
vt 0.002830 0.729724
vt 0.001415 0.486483
vt 0.002830 0.486483
vt 0.001415 0.243241
vt 0.002830 0.243241
vt 0.000708 0.243241
vt 0.009905 0.729724
vt 0.010613 0.729724
vt 0.008490 0.729724
vt 0.008490 0.486483
vt 0.009905 0.486483
vt 0.008490 0.243241
vt 0.009905 0.243241
vt 0.010613 0.243241
vt 0.001314 0.833970
vt 0.000708 0.833970
vt 0.001415 0.833970
vt 0.001314 0.833970
vt 0.010512 0.833970
vt 0.009905 0.833970
vt 0.010613 0.833970
vt 0.010512 0.833970
vt 0.000037 0.833970
vt 0.000017 0.833970
vt 0.000017 0.833970
vt 0.000000 0.833970
vt 0.000088 0.833970
vt 0.000037 0.833970
vt 0.000404 0.833970
vt 0.000314 0.833970
vt 0.001617 0.833970
vt 0.000708 0.833970
vt 0.000404 0.833970
vt 0.000314 0.833970
vt 0.000088 0.833970
vt 0.008894 0.833970
vt 0.001617 0.833970
vt 0.009703 0.833970
vt 0.008894 0.833970
vt 0.011303 0.833970
vt 0.011283 0.833970
vt 0.011283 0.833970
vt 0.011233 0.833970
vt 0.011320 0.833970
vt 0.011303 0.833970
vt 0.009905 0.833970
vt 0.009703 0.833970
vt 0.010916 0.833970
vt 0.011006 0.833970
vt 0.010916 0.833970
vt 0.011233 0.833970
vt 0.011006 0.833970
vt 0.164565 0.280747
vt 0.164565 0.279584
vt 0.164565 0.292369
vt 0.164565 0.280747
vt 0.831741 0.753275
vt 0.831741 0.743047
vt 0.831741 0.743047
vt 0.831741 0.742815
vt 0.831741 0.755600
vt 0.831741 0.753275
vt 0.000970 0.166794
vt 0.000708 0.166794
vt 0.001415 0.166794
vt 0.000970 0.166794
vt 0.010168 0.166794
vt 0.009905 0.166794
vt 0.010613 0.166794
vt 0.010168 0.166794
vt 0.009380 0.166794
vt 0.004043 0.166794
vt 0.004043 0.166794
vt 0.001941 0.166794
vt 0.001941 0.166794
vt 0.001415 0.166794
vt 0.000485 0.166794
vt 0.009905 0.166794
vt 0.010835 0.166794
vt 0.010613 0.166794
vt 0.000334 0.166794
vt 0.000332 0.166794
vt 0.000155 0.166794
vt 0.000155 0.166794
vt 0.000153 0.166794
vt 0.000153 0.166794
vt 0.000000 0.166794
vt 0.000485 0.166794
vt 0.000334 0.166794
vt 0.011165 0.166794
vt 0.010988 0.166794
vt 0.010988 0.166794
vt 0.010987 0.166794
vt 0.010987 0.166794
vt 0.010835 0.166794
vt 0.011320 0.166794
vt 0.011168 0.166794
vt 0.011168 0.166794
vt 0.011165 0.166794
vt 0.831741 0.290045
vt 0.831741 0.279817
vt 0.831741 0.279817
vt 0.831741 0.279584
vt 0.831741 0.292369
vt 0.831741 0.290045
vt 0.081168 0.395392
vt 0.081168 0.408177
vt 0.025570 0.395392
vt 0.025570 0.408177
vt 0.831741 0.405852
vt 0.831741 0.395392
vt 0.831741 0.408177
vt 0.831741 0.405852
vt 0.081168 0.511199
vt 0.081168 0.523985
vt 0.025570 0.511199
vt 0.025570 0.523985
vt 0.831741 0.521660
vt 0.831741 0.511199
vt 0.831741 0.523985
vt 0.831741 0.521660
vt 0.688192 0.395918
vt 0.842631 0.000000
vt 0.688192 0.000000
vt 0.516144 0.394453
vt 0.516144 0.000000
vt 0.672048 0.000000
vt 0.844096 0.395918
vt 0.998535 0.000000
vt 0.844096 0.000000
vt 0.000000 0.394453
vt 0.155904 0.000000
vt 0.000000 0.000000
vt 0.532289 0.790371
vt 0.532289 0.395918
vt 0.686728 0.395918
vt 0.376385 0.790371
vt 0.530824 0.395918
vt 0.376385 0.395918
vt 0.172048 0.394453
vt 0.172048 0.000000
vt 0.327952 0.000000
vt 0.344096 0.394453
vt 0.344096 0.000000
vt 0.500000 0.000000
vt 0.000000 0.506159
vt 0.265109 0.395918
vt 0.374920 0.506159
vt 0.109812 0.395918
vt 0.374920 0.662062
vt 0.109812 0.772303
vt 0.265109 0.772303
vt 0.000000 0.662062
vt 0.013493 0.729724
vt 0.014200 0.729724
vt 0.015615 0.729724
vt 0.014200 0.486483
vt 0.015615 0.486483
vt 0.014200 0.243241
vt 0.015615 0.243241
vt 0.013493 0.243241
vt 0.022690 0.729724
vt 0.023398 0.729724
vt 0.021275 0.729724
vt 0.021275 0.486483
vt 0.022690 0.486483
vt 0.021275 0.243241
vt 0.022690 0.243241
vt 0.023398 0.243241
vt 0.014099 0.833970
vt 0.013493 0.833970
vt 0.014200 0.833970
vt 0.014099 0.833970
vt 0.023297 0.833970
vt 0.022690 0.833970
vt 0.023398 0.833970
vt 0.023297 0.833970
vt 0.012802 0.833970
vt 0.012785 0.833970
vt 0.012822 0.833970
vt 0.012802 0.833970
vt 0.012873 0.833970
vt 0.012822 0.833970
vt 0.013189 0.833970
vt 0.013100 0.833970
vt 0.022488 0.833970
vt 0.021680 0.833970
vt 0.021680 0.833970
vt 0.014402 0.833970
vt 0.013100 0.833970
vt 0.024088 0.833970
vt 0.024068 0.833970
vt 0.024068 0.833970
vt 0.024018 0.833970
vt 0.024105 0.833970
vt 0.024088 0.833970
vt 0.022488 0.833970
vt 0.023701 0.833970
vt 0.023791 0.833970
vt 0.023701 0.833970
vt 0.024018 0.833970
vt 0.164565 0.858622
vt 0.164565 0.859785
vt 0.164565 0.871407
vt 0.268811 0.627806
vt 0.268811 0.628605
vt 0.268811 0.630203
vt 0.512053 0.628605
vt 0.512053 0.630203
vt 0.755294 0.628605
vt 0.755294 0.630203
vt 0.755294 0.627806
vt 0.268811 0.638194
vt 0.268811 0.638993
vt 0.268811 0.636596
vt 0.512053 0.636596
vt 0.512053 0.638194
vt 0.755294 0.636596
vt 0.755294 0.638194
vt 0.755294 0.638993
vt 0.164565 0.628491
vt 0.164565 0.627806
vt 0.164565 0.628605
vt 0.164565 0.628491
vt 0.164565 0.638879
vt 0.164565 0.638194
vt 0.164565 0.638993
vt 0.164565 0.638879
vt 0.164565 0.627026
vt 0.164565 0.627007
vt 0.164565 0.627049
vt 0.164565 0.627026
vt 0.164565 0.627106
vt 0.164565 0.627049
vt 0.164565 0.627464
vt 0.164565 0.627362
vt 0.164565 0.629747
vt 0.164565 0.628834
vt 0.164565 0.637966
vt 0.164565 0.629747
vt 0.164565 0.628834
vt 0.164565 0.627362
vt 0.164565 0.639750
vt 0.164565 0.639693
vt 0.164565 0.639773
vt 0.164565 0.639792
vt 0.164565 0.639773
vt 0.164565 0.637966
vt 0.164565 0.639336
vt 0.164565 0.638993
vt 0.164565 0.639437
vt 0.164565 0.639336
vt 0.164565 0.639693
vt 0.013755 0.166794
vt 0.013493 0.166794
vt 0.014200 0.166794
vt 0.013755 0.166794
vt 0.022953 0.166794
vt 0.022690 0.166794
vt 0.023398 0.166794
vt 0.014726 0.166794
vt 0.014200 0.166794
vt 0.016828 0.166794
vt 0.022165 0.166794
vt 0.016828 0.166794
vt 0.013493 0.166794
vt 0.013270 0.166794
vt 0.022690 0.166794
vt 0.022165 0.166794
vt 0.023620 0.166794
vt 0.023398 0.166794
vt 0.012940 0.166794
vt 0.012938 0.166794
vt 0.012938 0.166794
vt 0.012785 0.166794
vt 0.013117 0.166794
vt 0.012940 0.166794
vt 0.013119 0.166794
vt 0.013117 0.166794
vt 0.013270 0.166794
vt 0.023950 0.166794
vt 0.023773 0.166794
vt 0.023773 0.166794
vt 0.023772 0.166794
vt 0.023772 0.166794
vt 0.023620 0.166794
vt 0.024105 0.166794
vt 0.023953 0.166794
vt 0.023953 0.166794
vt 0.023950 0.166794
vt 0.831741 0.869083
vt 0.831741 0.858855
vt 0.831741 0.858855
vt 0.831741 0.858622
vt 0.831741 0.871407
vt 0.831741 0.628103
vt 0.831741 0.627806
vt 0.831741 0.628605
vt 0.831741 0.628103
vt 0.831741 0.638491
vt 0.831741 0.638194
vt 0.831741 0.638993
vt 0.831741 0.638491
vt 0.831741 0.629199
vt 0.831741 0.628605
vt 0.831741 0.631573
vt 0.831741 0.629199
vt 0.831741 0.637600
vt 0.831741 0.627555
vt 0.831741 0.638194
vt 0.831741 0.637600
vt 0.831741 0.639244
vt 0.831741 0.627182
vt 0.831741 0.627179
vt 0.831741 0.627179
vt 0.831741 0.627007
vt 0.831741 0.627383
vt 0.831741 0.627384
vt 0.831741 0.627383
vt 0.831741 0.627555
vt 0.831741 0.639415
vt 0.831741 0.639244
vt 0.831741 0.639617
vt 0.831741 0.639417
vt 0.831741 0.639417
vt 0.831741 0.639415
vt 0.831741 0.639792
vt 0.831741 0.639620
vt 0.831741 0.639617
vt 0.831741 0.639620
vt 0.164565 0.743977
vt 0.164565 0.742815
vt 0.164565 0.755600
vt 0.164565 0.743977
vt 0.000708 0.729724
vt 0.001415 0.729724
vt 0.002830 0.729724
vt 0.001415 0.486483
vt 0.002830 0.486483
vt 0.001415 0.243241
vt 0.002830 0.243241
vt 0.000708 0.243241
vt 0.009905 0.729724
vt 0.010613 0.729724
vt 0.008490 0.729724
vt 0.008490 0.486483
vt 0.009905 0.486483
vt 0.008490 0.243241
vt 0.009905 0.243241
vt 0.010613 0.243241
vt 0.001314 0.833970
vt 0.000708 0.833970
vt 0.001415 0.833970
vt 0.001314 0.833970
vt 0.010512 0.833970
vt 0.009905 0.833970
vt 0.010613 0.833970
vt 0.010512 0.833970
vt 0.000037 0.833970
vt 0.000017 0.833970
vt 0.000017 0.833970
vt 0.000000 0.833970
vt 0.000088 0.833970
vt 0.000037 0.833970
vt 0.000404 0.833970
vt 0.000314 0.833970
vt 0.001617 0.833970
vt 0.000708 0.833970
vt 0.000404 0.833970
vt 0.000314 0.833970
vt 0.000088 0.833970
vt 0.008894 0.833970
vt 0.001617 0.833970
vt 0.009703 0.833970
vt 0.008894 0.833970
vt 0.011303 0.833970
vt 0.011283 0.833970
vt 0.011283 0.833970
vt 0.011233 0.833970
vt 0.011320 0.833970
vt 0.011303 0.833970
vt 0.009905 0.833970
vt 0.009703 0.833970
vt 0.010916 0.833970
vt 0.011006 0.833970
vt 0.010916 0.833970
vt 0.011233 0.833970
vt 0.011006 0.833970
vt 0.164565 0.280747
vt 0.164565 0.279584
vt 0.164565 0.292369
vt 0.164565 0.280747
vt 0.831741 0.753275
vt 0.831741 0.743047
vt 0.831741 0.743047
vt 0.831741 0.742815
vt 0.831741 0.755600
vt 0.831741 0.753275
vt 0.000970 0.166794
vt 0.000708 0.166794
vt 0.001415 0.166794
vt 0.000970 0.166794
vt 0.010168 0.166794
vt 0.009905 0.166794
vt 0.010613 0.166794
vt 0.010168 0.166794
vt 0.009380 0.166794
vt 0.004043 0.166794
vt 0.004043 0.166794
vt 0.001941 0.166794
vt 0.001941 0.166794
vt 0.001415 0.166794
vt 0.000485 0.166794
vt 0.009905 0.166794
vt 0.010835 0.166794
vt 0.010613 0.166794
vt 0.000334 0.166794
vt 0.000332 0.166794
vt 0.000155 0.166794
vt 0.000155 0.166794
vt 0.000153 0.166794
vt 0.000153 0.166794
vt 0.000000 0.166794
vt 0.000485 0.166794
vt 0.000334 0.166794
vt 0.011165 0.166794
vt 0.010988 0.166794
vt 0.010988 0.166794
vt 0.010987 0.166794
vt 0.010987 0.166794
vt 0.010835 0.166794
vt 0.011320 0.166794
vt 0.011168 0.166794
vt 0.011168 0.166794
vt 0.011165 0.166794
vt 0.831741 0.290045
vt 0.831741 0.279817
vt 0.831741 0.279817
vt 0.831741 0.279584
vt 0.831741 0.292369
vt 0.831741 0.290045
vt 0.081168 0.395392
vt 0.081168 0.408177
vt 0.025570 0.395392
vt 0.025570 0.408177
vt 0.831741 0.405852
vt 0.831741 0.395392
vt 0.831741 0.408177
vt 0.831741 0.405852
vt 0.081168 0.511199
vt 0.081168 0.523985
vt 0.025570 0.511199
vt 0.025570 0.523985
vt 0.831741 0.521660
vt 0.831741 0.511199
vt 0.831741 0.523985
vt 0.831741 0.521660
vt 0.688192 0.395918
vt 0.842631 0.000000
vt 0.688192 0.000000
vt 0.516144 0.394453
vt 0.516144 0.000000
vt 0.672048 0.000000
vt 0.844096 0.395918
vt 0.998535 0.000000
vt 0.844096 0.000000
vt 0.000000 0.394453
vt 0.155904 0.000000
vt 0.000000 0.000000
vt 0.532289 0.790371
vt 0.532289 0.395918
vt 0.686728 0.395918
vt 0.376385 0.790371
vt 0.530824 0.395918
vt 0.376385 0.395918
vt 0.172048 0.394453
vt 0.172048 0.000000
vt 0.327952 0.000000
vt 0.344096 0.394453
vt 0.344096 0.000000
vt 0.500000 0.000000
vt 0.000000 0.506159
vt 0.265109 0.395918
vt 0.374920 0.506159
vt 0.109812 0.395918
vt 0.374920 0.662062
vt 0.109812 0.772303
vt 0.265109 0.772303
vt 0.000000 0.662062
vt 0.013493 0.729724
vt 0.014200 0.729724
vt 0.015615 0.729724
vt 0.014200 0.486483
vt 0.015615 0.486483
vt 0.014200 0.243241
vt 0.015615 0.243241
vt 0.013493 0.243241
vt 0.022690 0.729724
vt 0.023398 0.729724
vt 0.021275 0.729724
vt 0.021275 0.486483
vt 0.022690 0.486483
vt 0.021275 0.243241
vt 0.022690 0.243241
vt 0.023398 0.243241
vt 0.014099 0.833970
vt 0.013493 0.833970
vt 0.014200 0.833970
vt 0.014099 0.833970
vt 0.023297 0.833970
vt 0.022690 0.833970
vt 0.023398 0.833970
vt 0.023297 0.833970
vt 0.012802 0.833970
vt 0.012785 0.833970
vt 0.012822 0.833970
vt 0.012802 0.833970
vt 0.012873 0.833970
vt 0.012822 0.833970
vt 0.013189 0.833970
vt 0.013100 0.833970
vt 0.022488 0.833970
vt 0.021680 0.833970
vt 0.021680 0.833970
vt 0.014402 0.833970
vt 0.013100 0.833970
vt 0.024088 0.833970
vt 0.024068 0.833970
vt 0.024068 0.833970
vt 0.024018 0.833970
vt 0.024105 0.833970
vt 0.024088 0.833970
vt 0.022488 0.833970
vt 0.023701 0.833970
vt 0.023791 0.833970
vt 0.023701 0.833970
vt 0.024018 0.833970
vt 0.164565 0.858622
vt 0.164565 0.859785
vt 0.164565 0.871407
vt 0.268811 0.627806
vt 0.268811 0.628605
vt 0.268811 0.630203
vt 0.512053 0.628605
vt 0.512053 0.630203
vt 0.755294 0.628605
vt 0.755294 0.630203
vt 0.755294 0.627806
vt 0.268811 0.638194
vt 0.268811 0.638993
vt 0.268811 0.636596
vt 0.512053 0.636596
vt 0.512053 0.638194
vt 0.755294 0.636596
vt 0.755294 0.638194
vt 0.755294 0.638993
vt 0.164565 0.628491
vt 0.164565 0.627806
vt 0.164565 0.628605
vt 0.164565 0.628491
vt 0.164565 0.638879
vt 0.164565 0.638194
vt 0.164565 0.638993
vt 0.164565 0.638879
vt 0.164565 0.627026
vt 0.164565 0.627007
vt 0.164565 0.627049
vt 0.164565 0.627026
vt 0.164565 0.627106
vt 0.164565 0.627049
vt 0.164565 0.627464
vt 0.164565 0.627362
vt 0.164565 0.629747
vt 0.164565 0.628834
vt 0.164565 0.637966
vt 0.164565 0.629747
vt 0.164565 0.628834
vt 0.164565 0.627362
vt 0.164565 0.639750
vt 0.164565 0.639693
vt 0.164565 0.639773
vt 0.164565 0.639792
vt 0.164565 0.639773
vt 0.164565 0.637966
vt 0.164565 0.639336
vt 0.164565 0.638993
vt 0.164565 0.639437
vt 0.164565 0.639336
vt 0.164565 0.639693
vt 0.013755 0.166794
vt 0.013493 0.166794
vt 0.014200 0.166794
vt 0.013755 0.166794
vt 0.022953 0.166794
vt 0.022690 0.166794
vt 0.023398 0.166794
vt 0.014726 0.166794
vt 0.014200 0.166794
vt 0.016828 0.166794
vt 0.022165 0.166794
vt 0.016828 0.166794
vt 0.013493 0.166794
vt 0.013270 0.166794
vt 0.022690 0.166794
vt 0.022165 0.166794
vt 0.023620 0.166794
vt 0.023398 0.166794
vt 0.012940 0.166794
vt 0.012938 0.166794
vt 0.012938 0.166794
vt 0.012785 0.166794
vt 0.013117 0.166794
vt 0.012940 0.166794
vt 0.013119 0.166794
vt 0.013117 0.166794
vt 0.013270 0.166794
vt 0.023950 0.166794
vt 0.023773 0.166794
vt 0.023773 0.166794
vt 0.023772 0.166794
vt 0.023772 0.166794
vt 0.023620 0.166794
vt 0.024105 0.166794
vt 0.023953 0.166794
vt 0.023953 0.166794
vt 0.023950 0.166794
vt 0.831741 0.869083
vt 0.831741 0.858855
vt 0.831741 0.858855
vt 0.831741 0.858622
vt 0.831741 0.871407
vt 0.831741 0.628103
vt 0.831741 0.627806
vt 0.831741 0.628605
vt 0.831741 0.628103
vt 0.831741 0.638491
vt 0.831741 0.638194
vt 0.831741 0.638993
vt 0.831741 0.638491
vt 0.831741 0.629199
vt 0.831741 0.628605
vt 0.831741 0.631573
vt 0.831741 0.629199
vt 0.831741 0.637600
vt 0.831741 0.627555
vt 0.831741 0.638194
vt 0.831741 0.637600
vt 0.831741 0.639244
vt 0.831741 0.627182
vt 0.831741 0.627179
vt 0.831741 0.627179
vt 0.831741 0.627007
vt 0.831741 0.627383
vt 0.831741 0.627384
vt 0.831741 0.627383
vt 0.831741 0.627555
vt 0.831741 0.639415
vt 0.831741 0.639244
vt 0.831741 0.639617
vt 0.831741 0.639417
vt 0.831741 0.639417
vt 0.831741 0.639415
vt 0.831741 0.639792
vt 0.831741 0.639620
vt 0.831741 0.639617
vt 0.831741 0.639620
vt 0.164565 0.743977
vt 0.164565 0.742815
vt 0.164565 0.755600
vt 0.164565 0.743977
vt 0.000708 0.729724
vt 0.001415 0.729724
vt 0.002830 0.729724
vt 0.001415 0.486483
vt 0.002830 0.486483
vt 0.001415 0.243241
vt 0.002830 0.243241
vt 0.000708 0.243241
vt 0.009905 0.729724
vt 0.010613 0.729724
vt 0.008490 0.729724
vt 0.008490 0.486483
vt 0.009905 0.486483
vt 0.008490 0.243241
vt 0.009905 0.243241
vt 0.010613 0.243241
vt 0.001314 0.833970
vt 0.000708 0.833970
vt 0.001415 0.833970
vt 0.001314 0.833970
vt 0.010512 0.833970
vt 0.009905 0.833970
vt 0.010613 0.833970
vt 0.010512 0.833970
vt 0.000037 0.833970
vt 0.000017 0.833970
vt 0.000017 0.833970
vt 0.000000 0.833970
vt 0.000088 0.833970
vt 0.000037 0.833970
vt 0.000404 0.833970
vt 0.000314 0.833970
vt 0.001617 0.833970
vt 0.000708 0.833970
vt 0.000404 0.833970
vt 0.000314 0.833970
vt 0.000088 0.833970
vt 0.008894 0.833970
vt 0.001617 0.833970
vt 0.009703 0.833970
vt 0.008894 0.833970
vt 0.011303 0.833970
vt 0.011283 0.833970
vt 0.011283 0.833970
vt 0.011233 0.833970
vt 0.011320 0.833970
vt 0.011303 0.833970
vt 0.009905 0.833970
vt 0.009703 0.833970
vt 0.010916 0.833970
vt 0.011006 0.833970
vt 0.010916 0.833970
vt 0.011233 0.833970
vt 0.011006 0.833970
vt 0.164565 0.280747
vt 0.164565 0.279584
vt 0.164565 0.292369
vt 0.164565 0.280747
vt 0.831741 0.753275
vt 0.831741 0.743047
vt 0.831741 0.743047
vt 0.831741 0.742815
vt 0.831741 0.755600
vt 0.831741 0.753275
vt 0.000970 0.166794
vt 0.000708 0.166794
vt 0.001415 0.166794
vt 0.000970 0.166794
vt 0.010168 0.166794
vt 0.009905 0.166794
vt 0.010613 0.166794
vt 0.010168 0.166794
vt 0.009380 0.166794
vt 0.004043 0.166794
vt 0.004043 0.166794
vt 0.001941 0.166794
vt 0.001941 0.166794
vt 0.001415 0.166794
vt 0.000485 0.166794
vt 0.009905 0.166794
vt 0.010835 0.166794
vt 0.010613 0.166794
vt 0.000334 0.166794
vt 0.000332 0.166794
vt 0.000155 0.166794
vt 0.000155 0.166794
vt 0.000153 0.166794
vt 0.000153 0.166794
vt 0.000000 0.166794
vt 0.000485 0.166794
vt 0.000334 0.166794
vt 0.011165 0.166794
vt 0.010988 0.166794
vt 0.010988 0.166794
vt 0.010987 0.166794
vt 0.010987 0.166794
vt 0.010835 0.166794
vt 0.011320 0.166794
vt 0.011168 0.166794
vt 0.011168 0.166794
vt 0.011165 0.166794
vt 0.831741 0.290045
vt 0.831741 0.279817
vt 0.831741 0.279817
vt 0.831741 0.279584
vt 0.831741 0.292369
vt 0.831741 0.290045
vt 0.081168 0.395392
vt 0.081168 0.408177
vt 0.025570 0.395392
vt 0.025570 0.408177
vt 0.831741 0.405852
vt 0.831741 0.395392
vt 0.831741 0.408177
vt 0.831741 0.405852
vt 0.081168 0.511199
vt 0.081168 0.523985
vt 0.025570 0.511199
vt 0.025570 0.523985
vt 0.831741 0.521660
vt 0.831741 0.511199
vt 0.831741 0.523985
vt 0.831741 0.521660
vt 0.688192 0.395918
vt 0.842631 0.000000
vt 0.688192 0.000000
vt 0.516144 0.394453
vt 0.516144 0.000000
vt 0.672048 0.000000
vt 0.844096 0.395918
vt 0.998535 0.000000
vt 0.844096 0.000000
vt 0.000000 0.394453
vt 0.155904 0.000000
vt 0.000000 0.000000
vt 0.532289 0.790371
vt 0.532289 0.395918
vt 0.686728 0.395918
vt 0.376385 0.790371
vt 0.530824 0.395918
vt 0.376385 0.395918
vt 0.172048 0.394453
vt 0.172048 0.000000
vt 0.327952 0.000000
vt 0.344096 0.394453
vt 0.344096 0.000000
vt 0.500000 0.000000
vt 0.000000 0.506159
vt 0.265109 0.395918
vt 0.374920 0.506159
vt 0.109812 0.395918
vt 0.374920 0.662062
vt 0.109812 0.772303
vt 0.265109 0.772303
vt 0.000000 0.662062
vt 0.013493 0.729724
vt 0.014200 0.729724
vt 0.015615 0.729724
vt 0.014200 0.486483
vt 0.015615 0.486483
vt 0.014200 0.243241
vt 0.015615 0.243241
vt 0.013493 0.243241
vt 0.022690 0.729724
vt 0.023398 0.729724
vt 0.021275 0.729724
vt 0.021275 0.486483
vt 0.022690 0.486483
vt 0.021275 0.243241
vt 0.022690 0.243241
vt 0.023398 0.243241
vt 0.014099 0.833970
vt 0.013493 0.833970
vt 0.014200 0.833970
vt 0.014099 0.833970
vt 0.023297 0.833970
vt 0.022690 0.833970
vt 0.023398 0.833970
vt 0.023297 0.833970
vt 0.012802 0.833970
vt 0.012785 0.833970
vt 0.012822 0.833970
vt 0.012802 0.833970
vt 0.012873 0.833970
vt 0.012822 0.833970
vt 0.013189 0.833970
vt 0.013100 0.833970
vt 0.022488 0.833970
vt 0.021680 0.833970
vt 0.021680 0.833970
vt 0.014402 0.833970
vt 0.013100 0.833970
vt 0.024088 0.833970
vt 0.024068 0.833970
vt 0.024068 0.833970
vt 0.024018 0.833970
vt 0.024105 0.833970
vt 0.024088 0.833970
vt 0.022488 0.833970
vt 0.023701 0.833970
vt 0.023791 0.833970
vt 0.023701 0.833970
vt 0.024018 0.833970
vt 0.164565 0.858622
vt 0.164565 0.859785
vt 0.164565 0.871407
vt 0.268811 0.627806
vt 0.268811 0.628605
vt 0.268811 0.630203
vt 0.512053 0.628605
vt 0.512053 0.630203
vt 0.755294 0.628605
vt 0.755294 0.630203
vt 0.755294 0.627806
vt 0.268811 0.638194
vt 0.268811 0.638993
vt 0.268811 0.636596
vt 0.512053 0.636596
vt 0.512053 0.638194
vt 0.755294 0.636596
vt 0.755294 0.638194
vt 0.755294 0.638993
vt 0.164565 0.628491
vt 0.164565 0.627806
vt 0.164565 0.628605
vt 0.164565 0.628491
vt 0.164565 0.638879
vt 0.164565 0.638194
vt 0.164565 0.638993
vt 0.164565 0.638879
vt 0.164565 0.627026
vt 0.164565 0.627007
vt 0.164565 0.627049
vt 0.164565 0.627026
vt 0.164565 0.627106
vt 0.164565 0.627049
vt 0.164565 0.627464
vt 0.164565 0.627362
vt 0.164565 0.629747
vt 0.164565 0.628834
vt 0.164565 0.637966
vt 0.164565 0.629747
vt 0.164565 0.628834
vt 0.164565 0.627362
vt 0.164565 0.639750
vt 0.164565 0.639693
vt 0.164565 0.639773
vt 0.164565 0.639792
vt 0.164565 0.639773
vt 0.164565 0.637966
vt 0.164565 0.639336
vt 0.164565 0.638993
vt 0.164565 0.639437
vt 0.164565 0.639336
vt 0.164565 0.639693
vt 0.013755 0.166794
vt 0.013493 0.166794
vt 0.014200 0.166794
vt 0.013755 0.166794
vt 0.022953 0.166794
vt 0.022690 0.166794
vt 0.023398 0.166794
vt 0.014726 0.166794
vt 0.014200 0.166794
vt 0.016828 0.166794
vt 0.022165 0.166794
vt 0.016828 0.166794
vt 0.013493 0.166794
vt 0.013270 0.166794
vt 0.022690 0.166794
vt 0.022165 0.166794
vt 0.023620 0.166794
vt 0.023398 0.166794
vt 0.012940 0.166794
vt 0.012938 0.166794
vt 0.012938 0.166794
vt 0.012785 0.166794
vt 0.013117 0.166794
vt 0.012940 0.166794
vt 0.013119 0.166794
vt 0.013117 0.166794
vt 0.013270 0.166794
vt 0.023950 0.166794
vt 0.023773 0.166794
vt 0.023773 0.166794
vt 0.023772 0.166794
vt 0.023772 0.166794
vt 0.023620 0.166794
vt 0.024105 0.166794
vt 0.023953 0.166794
vt 0.023953 0.166794
vt 0.023950 0.166794
vt 0.831741 0.869083
vt 0.831741 0.858855
vt 0.831741 0.858855
vt 0.831741 0.858622
vt 0.831741 0.871407
vt 0.831741 0.628103
vt 0.831741 0.627806
vt 0.831741 0.628605
vt 0.831741 0.628103
vt 0.831741 0.638491
vt 0.831741 0.638194
vt 0.831741 0.638993
vt 0.831741 0.638491
vt 0.831741 0.629199
vt 0.831741 0.628605
vt 0.831741 0.631573
vt 0.831741 0.629199
vt 0.831741 0.637600
vt 0.831741 0.627555
vt 0.831741 0.638194
vt 0.831741 0.637600
vt 0.831741 0.639244
vt 0.831741 0.627182
vt 0.831741 0.627179
vt 0.831741 0.627179
vt 0.831741 0.627007
vt 0.831741 0.627383
vt 0.831741 0.627384
vt 0.831741 0.627383
vt 0.831741 0.627555
vt 0.831741 0.639415
vt 0.831741 0.639244
vt 0.831741 0.639617
vt 0.831741 0.639417
vt 0.831741 0.639417
vt 0.831741 0.639415
vt 0.831741 0.639792
vt 0.831741 0.639620
vt 0.831741 0.639617
vt 0.831741 0.639620
vt 0.164565 0.743977
vt 0.164565 0.742815
vt 0.164565 0.755600
vt 0.164565 0.743977
vt 0.000708 0.729724
vt 0.001415 0.729724
vt 0.002830 0.729724
vt 0.001415 0.486483
vt 0.002830 0.486483
vt 0.001415 0.243241
vt 0.002830 0.243241
vt 0.000708 0.243241
vt 0.009905 0.729724
vt 0.010613 0.729724
vt 0.008490 0.729724
vt 0.008490 0.486483
vt 0.009905 0.486483
vt 0.008490 0.243241
vt 0.009905 0.243241
vt 0.010613 0.243241
vt 0.001314 0.833970
vt 0.000708 0.833970
vt 0.001415 0.833970
vt 0.001314 0.833970
vt 0.010512 0.833970
vt 0.009905 0.833970
vt 0.010613 0.833970
vt 0.010512 0.833970
vt 0.000037 0.833970
vt 0.000017 0.833970
vt 0.000017 0.833970
vt 0.000000 0.833970
vt 0.000088 0.833970
vt 0.000037 0.833970
vt 0.000404 0.833970
vt 0.000314 0.833970
vt 0.001617 0.833970
vt 0.000708 0.833970
vt 0.000404 0.833970
vt 0.000314 0.833970
vt 0.000088 0.833970
vt 0.008894 0.833970
vt 0.001617 0.833970
vt 0.009703 0.833970
vt 0.008894 0.833970
vt 0.011303 0.833970
vt 0.011283 0.833970
vt 0.011283 0.833970
vt 0.011233 0.833970
vt 0.011320 0.833970
vt 0.011303 0.833970
vt 0.009905 0.833970
vt 0.009703 0.833970
vt 0.010916 0.833970
vt 0.011006 0.833970
vt 0.010916 0.833970
vt 0.011233 0.833970
vt 0.011006 0.833970
vt 0.164565 0.280747
vt 0.164565 0.279584
vt 0.164565 0.292369
vt 0.164565 0.280747
vt 0.831741 0.753275
vt 0.831741 0.743047
vt 0.831741 0.743047
vt 0.831741 0.742815
vt 0.831741 0.755600
vt 0.831741 0.753275
vt 0.000970 0.166794
vt 0.000708 0.166794
vt 0.001415 0.166794
vt 0.000970 0.166794
vt 0.010168 0.166794
vt 0.009905 0.166794
vt 0.010613 0.166794
vt 0.010168 0.166794
vt 0.009380 0.166794
vt 0.004043 0.166794
vt 0.004043 0.166794
vt 0.001941 0.166794
vt 0.001941 0.166794
vt 0.001415 0.166794
vt 0.000485 0.166794
vt 0.009905 0.166794
vt 0.010835 0.166794
vt 0.010613 0.166794
vt 0.000334 0.166794
vt 0.000332 0.166794
vt 0.000155 0.166794
vt 0.000155 0.166794
vt 0.000153 0.166794
vt 0.000153 0.166794
vt 0.000000 0.166794
vt 0.000485 0.166794
vt 0.000334 0.166794
vt 0.011165 0.166794
vt 0.010988 0.166794
vt 0.010988 0.166794
vt 0.010987 0.166794
vt 0.010987 0.166794
vt 0.010835 0.166794
vt 0.011320 0.166794
vt 0.011168 0.166794
vt 0.011168 0.166794
vt 0.011165 0.166794
vt 0.831741 0.290045
vt 0.831741 0.279817
vt 0.831741 0.279817
vt 0.831741 0.279584
vt 0.831741 0.292369
vt 0.831741 0.290045
vt 0.081168 0.395392
vt 0.081168 0.408177
vt 0.025570 0.395392
vt 0.025570 0.408177
vt 0.831741 0.405852
vt 0.831741 0.395392
vt 0.831741 0.408177
vt 0.831741 0.405852
vt 0.081168 0.511199
vt 0.081168 0.523985
vt 0.025570 0.511199
vt 0.025570 0.523985
vt 0.831741 0.521660
vt 0.831741 0.511199
vt 0.831741 0.523985
vt 0.831741 0.521660
vt 0.688192 0.395918
vt 0.842631 0.000000
vt 0.688192 0.000000
vt 0.516144 0.394453
vt 0.516144 0.000000
vt 0.672048 0.000000
vt 0.844096 0.395918
vt 0.998535 0.000000
vt 0.844096 0.000000
vt 0.000000 0.394453
vt 0.155904 0.000000
vt 0.000000 0.000000
vt 0.532289 0.790371
vt 0.532289 0.395918
vt 0.686728 0.395918
vt 0.376385 0.790371
vt 0.530824 0.395918
vt 0.376385 0.395918
vt 0.172048 0.394453
vt 0.172048 0.000000
vt 0.327952 0.000000
vt 0.344096 0.394453
vt 0.344096 0.000000
vt 0.500000 0.000000
vt 0.000000 0.506159
vt 0.265109 0.395918
vt 0.374920 0.506159
vt 0.109812 0.395918
vt 0.374920 0.662062
vt 0.109812 0.772303
vt 0.265109 0.772303
vt 0.000000 0.662062
vt 0.013493 0.729724
vt 0.014200 0.729724
vt 0.015615 0.729724
vt 0.014200 0.486483
vt 0.015615 0.486483
vt 0.014200 0.243241
vt 0.015615 0.243241
vt 0.013493 0.243241
vt 0.022690 0.729724
vt 0.023398 0.729724
vt 0.021275 0.729724
vt 0.021275 0.486483
vt 0.022690 0.486483
vt 0.021275 0.243241
vt 0.022690 0.243241
vt 0.023398 0.243241
vt 0.014099 0.833970
vt 0.013493 0.833970
vt 0.014200 0.833970
vt 0.014099 0.833970
vt 0.023297 0.833970
vt 0.022690 0.833970
vt 0.023398 0.833970
vt 0.023297 0.833970
vt 0.012802 0.833970
vt 0.012785 0.833970
vt 0.012822 0.833970
vt 0.012802 0.833970
vt 0.012873 0.833970
vt 0.012822 0.833970
vt 0.013189 0.833970
vt 0.013100 0.833970
vt 0.022488 0.833970
vt 0.021680 0.833970
vt 0.021680 0.833970
vt 0.014402 0.833970
vt 0.013100 0.833970
vt 0.024088 0.833970
vt 0.024068 0.833970
vt 0.024068 0.833970
vt 0.024018 0.833970
vt 0.024105 0.833970
vt 0.024088 0.833970
vt 0.022488 0.833970
vt 0.023701 0.833970
vt 0.023791 0.833970
vt 0.023701 0.833970
vt 0.024018 0.833970
vt 0.164565 0.858622
vt 0.164565 0.859785
vt 0.164565 0.871407
vt 0.268811 0.627806
vt 0.268811 0.628605
vt 0.268811 0.630203
vt 0.512053 0.628605
vt 0.512053 0.630203
vt 0.755294 0.628605
vt 0.755294 0.630203
vt 0.755294 0.627806
vt 0.268811 0.638194
vt 0.268811 0.638993
vt 0.268811 0.636596
vt 0.512053 0.636596
vt 0.512053 0.638194
vt 0.755294 0.636596
vt 0.755294 0.638194
vt 0.755294 0.638993
vt 0.164565 0.628491
vt 0.164565 0.627806
vt 0.164565 0.628605
vt 0.164565 0.628491
vt 0.164565 0.638879
vt 0.164565 0.638194
vt 0.164565 0.638993
vt 0.164565 0.638879
vt 0.164565 0.627026
vt 0.164565 0.627007
vt 0.164565 0.627049
vt 0.164565 0.627026
vt 0.164565 0.627106
vt 0.164565 0.627049
vt 0.164565 0.627464
vt 0.164565 0.627362
vt 0.164565 0.629747
vt 0.164565 0.628834
vt 0.164565 0.637966
vt 0.164565 0.629747
vt 0.164565 0.628834
vt 0.164565 0.627362
vt 0.164565 0.639750
vt 0.164565 0.639693
vt 0.164565 0.639773
vt 0.164565 0.639792
vt 0.164565 0.639773
vt 0.164565 0.637966
vt 0.164565 0.639336
vt 0.164565 0.638993
vt 0.164565 0.639437
vt 0.164565 0.639336
vt 0.164565 0.639693
vt 0.013755 0.166794
vt 0.013493 0.166794
vt 0.014200 0.166794
vt 0.013755 0.166794
vt 0.022953 0.166794
vt 0.022690 0.166794
vt 0.023398 0.166794
vt 0.014726 0.166794
vt 0.014200 0.166794
vt 0.016828 0.166794
vt 0.022165 0.166794
vt 0.016828 0.166794
vt 0.013493 0.166794
vt 0.013270 0.166794
vt 0.022690 0.166794
vt 0.022165 0.166794
vt 0.023620 0.166794
vt 0.023398 0.166794
vt 0.012940 0.166794
vt 0.012938 0.166794
vt 0.012938 0.166794
vt 0.012785 0.166794
vt 0.013117 0.166794
vt 0.012940 0.166794
vt 0.013119 0.166794
vt 0.013117 0.166794
vt 0.013270 0.166794
vt 0.023950 0.166794
vt 0.023773 0.166794
vt 0.023773 0.166794
vt 0.023772 0.166794
vt 0.023772 0.166794
vt 0.023620 0.166794
vt 0.024105 0.166794
vt 0.023953 0.166794
vt 0.023953 0.166794
vt 0.023950 0.166794
vt 0.831741 0.869083
vt 0.831741 0.858855
vt 0.831741 0.858855
vt 0.831741 0.858622
vt 0.831741 0.871407
vt 0.831741 0.628103
vt 0.831741 0.627806
vt 0.831741 0.628605
vt 0.831741 0.628103
vt 0.831741 0.638491
vt 0.831741 0.638194
vt 0.831741 0.638993
vt 0.831741 0.638491
vt 0.831741 0.629199
vt 0.831741 0.628605
vt 0.831741 0.631573
vt 0.831741 0.629199
vt 0.831741 0.637600
vt 0.831741 0.627555
vt 0.831741 0.638194
vt 0.831741 0.637600
vt 0.831741 0.639244
vt 0.831741 0.627182
vt 0.831741 0.627179
vt 0.831741 0.627179
vt 0.831741 0.627007
vt 0.831741 0.627383
vt 0.831741 0.627384
vt 0.831741 0.627383
vt 0.831741 0.627555
vt 0.831741 0.639415
vt 0.831741 0.639244
vt 0.831741 0.639617
vt 0.831741 0.639417
vt 0.831741 0.639417
vt 0.831741 0.639415
vt 0.831741 0.639792
vt 0.831741 0.639620
vt 0.831741 0.639617
vt 0.831741 0.639620
vt 0.164565 0.743977
vt 0.164565 0.742815
vt 0.164565 0.755600
vt 0.164565 0.743977
vt 0.000708 0.729724
vt 0.001415 0.729724
vt 0.002830 0.729724
vt 0.001415 0.486483
vt 0.002830 0.486483
vt 0.001415 0.243241
vt 0.002830 0.243241
vt 0.000708 0.243241
vt 0.009905 0.729724
vt 0.010613 0.729724
vt 0.008490 0.729724
vt 0.008490 0.486483
vt 0.009905 0.486483
vt 0.008490 0.243241
vt 0.009905 0.243241
vt 0.010613 0.243241
vt 0.001314 0.833970
vt 0.000708 0.833970
vt 0.001415 0.833970
vt 0.001314 0.833970
vt 0.010512 0.833970
vt 0.009905 0.833970
vt 0.010613 0.833970
vt 0.010512 0.833970
vt 0.000037 0.833970
vt 0.000017 0.833970
vt 0.000017 0.833970
vt 0.000000 0.833970
vt 0.000088 0.833970
vt 0.000037 0.833970
vt 0.000404 0.833970
vt 0.000314 0.833970
vt 0.001617 0.833970
vt 0.000708 0.833970
vt 0.000404 0.833970
vt 0.000314 0.833970
vt 0.000088 0.833970
vt 0.008894 0.833970
vt 0.001617 0.833970
vt 0.009703 0.833970
vt 0.008894 0.833970
vt 0.011303 0.833970
vt 0.011283 0.833970
vt 0.011283 0.833970
vt 0.011233 0.833970
vt 0.011320 0.833970
vt 0.011303 0.833970
vt 0.009905 0.833970
vt 0.009703 0.833970
vt 0.010916 0.833970
vt 0.011006 0.833970
vt 0.010916 0.833970
vt 0.011233 0.833970
vt 0.011006 0.833970
vt 0.164565 0.280747
vt 0.164565 0.279584
vt 0.164565 0.292369
vt 0.164565 0.280747
vt 0.831741 0.753275
vt 0.831741 0.743047
vt 0.831741 0.743047
vt 0.831741 0.742815
vt 0.831741 0.755600
vt 0.831741 0.753275
vt 0.000970 0.166794
vt 0.000708 0.166794
vt 0.001415 0.166794
vt 0.000970 0.166794
vt 0.010168 0.166794
vt 0.009905 0.166794
vt 0.010613 0.166794
vt 0.010168 0.166794
vt 0.009380 0.166794
vt 0.004043 0.166794
vt 0.004043 0.166794
vt 0.001941 0.166794
vt 0.001941 0.166794
vt 0.001415 0.166794
vt 0.000485 0.166794
vt 0.009905 0.166794
vt 0.010835 0.166794
vt 0.010613 0.166794
vt 0.000334 0.166794
vt 0.000332 0.166794
vt 0.000155 0.166794
vt 0.000155 0.166794
vt 0.000153 0.166794
vt 0.000153 0.166794
vt 0.000000 0.166794
vt 0.000485 0.166794
vt 0.000334 0.166794
vt 0.011165 0.166794
vt 0.010988 0.166794
vt 0.010988 0.166794
vt 0.010987 0.166794
vt 0.010987 0.166794
vt 0.010835 0.166794
vt 0.011320 0.166794
vt 0.011168 0.166794
vt 0.011168 0.166794
vt 0.011165 0.166794
vt 0.831741 0.290045
vt 0.831741 0.279817
vt 0.831741 0.279817
vt 0.831741 0.279584
vt 0.831741 0.292369
vt 0.831741 0.290045
vt 0.081168 0.395392
vt 0.081168 0.408177
vt 0.025570 0.395392
vt 0.025570 0.408177
vt 0.831741 0.405852
vt 0.831741 0.395392
vt 0.831741 0.408177
vt 0.831741 0.405852
vt 0.081168 0.511199
vt 0.081168 0.523985
vt 0.025570 0.511199
vt 0.025570 0.523985
vt 0.831741 0.521660
vt 0.831741 0.511199
vt 0.831741 0.523985
vt 0.831741 0.521660
vt 0.688192 0.395918
vt 0.842631 0.000000
vt 0.688192 0.000000
vt 0.516144 0.394453
vt 0.516144 0.000000
vt 0.672048 0.000000
vt 0.844096 0.395918
vt 0.998535 0.000000
vt 0.844096 0.000000
vt 0.000000 0.394453
vt 0.155904 0.000000
vt 0.000000 0.000000
vt 0.532289 0.790371
vt 0.532289 0.395918
vt 0.686728 0.395918
vt 0.376385 0.790371
vt 0.530824 0.395918
vt 0.376385 0.395918
vt 0.172048 0.394453
vt 0.172048 0.000000
vt 0.327952 0.000000
vt 0.344096 0.394453
vt 0.344096 0.000000
vt 0.500000 0.000000
vt 0.000000 0.506159
vt 0.265109 0.395918
vt 0.374920 0.506159
vt 0.109812 0.395918
vt 0.374920 0.662062
vt 0.109812 0.772303
vt 0.265109 0.772303
vt 0.000000 0.662062
vt 0.013493 0.729724
vt 0.014200 0.729724
vt 0.015615 0.729724
vt 0.014200 0.486483
vt 0.015615 0.486483
vt 0.014200 0.243241
vt 0.015615 0.243241
vt 0.013493 0.243241
vt 0.022690 0.729724
vt 0.023398 0.729724
vt 0.021275 0.729724
vt 0.021275 0.486483
vt 0.022690 0.486483
vt 0.021275 0.243241
vt 0.022690 0.243241
vt 0.023398 0.243241
vt 0.014099 0.833970
vt 0.013493 0.833970
vt 0.014200 0.833970
vt 0.014099 0.833970
vt 0.023297 0.833970
vt 0.022690 0.833970
vt 0.023398 0.833970
vt 0.023297 0.833970
vt 0.012802 0.833970
vt 0.012785 0.833970
vt 0.012822 0.833970
vt 0.012802 0.833970
vt 0.012873 0.833970
vt 0.012822 0.833970
vt 0.013189 0.833970
vt 0.013100 0.833970
vt 0.022488 0.833970
vt 0.021680 0.833970
vt 0.021680 0.833970
vt 0.014402 0.833970
vt 0.013100 0.833970
vt 0.024088 0.833970
vt 0.024068 0.833970
vt 0.024068 0.833970
vt 0.024018 0.833970
vt 0.024105 0.833970
vt 0.024088 0.833970
vt 0.022488 0.833970
vt 0.023701 0.833970
vt 0.023791 0.833970
vt 0.023701 0.833970
vt 0.024018 0.833970
vt 0.164565 0.858622
vt 0.164565 0.859785
vt 0.164565 0.871407
vt 0.268811 0.627806
vt 0.268811 0.628605
vt 0.268811 0.630203
vt 0.512053 0.628605
vt 0.512053 0.630203
vt 0.755294 0.628605
vt 0.755294 0.630203
vt 0.755294 0.627806
vt 0.268811 0.638194
vt 0.268811 0.638993
vt 0.268811 0.636596
vt 0.512053 0.636596
vt 0.512053 0.638194
vt 0.755294 0.636596
vt 0.755294 0.638194
vt 0.755294 0.638993
vt 0.164565 0.628491
vt 0.164565 0.627806
vt 0.164565 0.628605
vt 0.164565 0.628491
vt 0.164565 0.638879
vt 0.164565 0.638194
vt 0.164565 0.638993
vt 0.164565 0.638879
vt 0.164565 0.627026
vt 0.164565 0.627007
vt 0.164565 0.627049
vt 0.164565 0.627026
vt 0.164565 0.627106
vt 0.164565 0.627049
vt 0.164565 0.627464
vt 0.164565 0.627362
vt 0.164565 0.629747
vt 0.164565 0.628834
vt 0.164565 0.637966
vt 0.164565 0.629747
vt 0.164565 0.628834
vt 0.164565 0.627362
vt 0.164565 0.639750
vt 0.164565 0.639693
vt 0.164565 0.639773
vt 0.164565 0.639792
vt 0.164565 0.639773
vt 0.164565 0.637966
vt 0.164565 0.639336
vt 0.164565 0.638993
vt 0.164565 0.639437
vt 0.164565 0.639336
vt 0.164565 0.639693
vt 0.013755 0.166794
vt 0.013493 0.166794
vt 0.014200 0.166794
vt 0.013755 0.166794
vt 0.022953 0.166794
vt 0.022690 0.166794
vt 0.023398 0.166794
vt 0.014726 0.166794
vt 0.014200 0.166794
vt 0.016828 0.166794
vt 0.022165 0.166794
vt 0.016828 0.166794
vt 0.013493 0.166794
vt 0.013270 0.166794
vt 0.022690 0.166794
vt 0.022165 0.166794
vt 0.023620 0.166794
vt 0.023398 0.166794
vt 0.012940 0.166794
vt 0.012938 0.166794
vt 0.012938 0.166794
vt 0.012785 0.166794
vt 0.013117 0.166794
vt 0.012940 0.166794
vt 0.013119 0.166794
vt 0.013117 0.166794
vt 0.013270 0.166794
vt 0.023950 0.166794
vt 0.023773 0.166794
vt 0.023773 0.166794
vt 0.023772 0.166794
vt 0.023772 0.166794
vt 0.023620 0.166794
vt 0.024105 0.166794
vt 0.023953 0.166794
vt 0.023953 0.166794
vt 0.023950 0.166794
vt 0.831741 0.869083
vt 0.831741 0.858855
vt 0.831741 0.858855
vt 0.831741 0.858622
vt 0.831741 0.871407
vt 0.831741 0.628103
vt 0.831741 0.627806
vt 0.831741 0.628605
vt 0.831741 0.628103
vt 0.831741 0.638491
vt 0.831741 0.638194
vt 0.831741 0.638993
vt 0.831741 0.638491
vt 0.831741 0.629199
vt 0.831741 0.628605
vt 0.831741 0.631573
vt 0.831741 0.629199
vt 0.831741 0.637600
vt 0.831741 0.627555
vt 0.831741 0.638194
vt 0.831741 0.637600
vt 0.831741 0.639244
vt 0.831741 0.627182
vt 0.831741 0.627179
vt 0.831741 0.627179
vt 0.831741 0.627007
vt 0.831741 0.627383
vt 0.831741 0.627384
vt 0.831741 0.627383
vt 0.831741 0.627555
vt 0.831741 0.639415
vt 0.831741 0.639244
vt 0.831741 0.639617
vt 0.831741 0.639417
vt 0.831741 0.639417
vt 0.831741 0.639415
vt 0.831741 0.639792
vt 0.831741 0.639620
vt 0.831741 0.639617
vt 0.831741 0.639620
vt 0.164565 0.743977
vt 0.164565 0.742815
vt 0.164565 0.755600
vt 0.164565 0.743977
vt 0.000708 0.729724
vt 0.001415 0.729724
vt 0.002830 0.729724
vt 0.001415 0.486483
vt 0.002830 0.486483
vt 0.001415 0.243241
vt 0.002830 0.243241
vt 0.000708 0.243241
vt 0.009905 0.729724
vt 0.010613 0.729724
vt 0.008490 0.729724
vt 0.008490 0.486483
vt 0.009905 0.486483
vt 0.008490 0.243241
vt 0.009905 0.243241
vt 0.010613 0.243241
vt 0.001314 0.833970
vt 0.000708 0.833970
vt 0.001415 0.833970
vt 0.001314 0.833970
vt 0.010512 0.833970
vt 0.009905 0.833970
vt 0.010613 0.833970
vt 0.010512 0.833970
vt 0.000037 0.833970
vt 0.000017 0.833970
vt 0.000017 0.833970
vt 0.000000 0.833970
vt 0.000088 0.833970
vt 0.000037 0.833970
vt 0.000404 0.833970
vt 0.000314 0.833970
vt 0.001617 0.833970
vt 0.000708 0.833970
vt 0.000404 0.833970
vt 0.000314 0.833970
vt 0.000088 0.833970
vt 0.008894 0.833970
vt 0.001617 0.833970
vt 0.009703 0.833970
vt 0.008894 0.833970
vt 0.011303 0.833970
vt 0.011283 0.833970
vt 0.011283 0.833970
vt 0.011233 0.833970
vt 0.011320 0.833970
vt 0.011303 0.833970
vt 0.009905 0.833970
vt 0.009703 0.833970
vt 0.010916 0.833970
vt 0.011006 0.833970
vt 0.010916 0.833970
vt 0.011233 0.833970
vt 0.011006 0.833970
vt 0.164565 0.280747
vt 0.164565 0.279584
vt 0.164565 0.292369
vt 0.164565 0.280747
vt 0.831741 0.753275
vt 0.831741 0.743047
vt 0.831741 0.743047
vt 0.831741 0.742815
vt 0.831741 0.755600
vt 0.831741 0.753275
vt 0.000970 0.166794
vt 0.000708 0.166794
vt 0.001415 0.166794
vt 0.000970 0.166794
vt 0.010168 0.166794
vt 0.009905 0.166794
vt 0.010613 0.166794
vt 0.010168 0.166794
vt 0.009380 0.166794
vt 0.004043 0.166794
vt 0.004043 0.166794
vt 0.001941 0.166794
vt 0.001941 0.166794
vt 0.001415 0.166794
vt 0.000485 0.166794
vt 0.009905 0.166794
vt 0.010835 0.166794
vt 0.010613 0.166794
vt 0.000334 0.166794
vt 0.000332 0.166794
vt 0.000155 0.166794
vt 0.000155 0.166794
vt 0.000153 0.166794
vt 0.000153 0.166794
vt 0.000000 0.166794
vt 0.000485 0.166794
vt 0.000334 0.166794
vt 0.011165 0.166794
vt 0.010988 0.166794
vt 0.010988 0.166794
vt 0.010987 0.166794
vt 0.010987 0.166794
vt 0.010835 0.166794
vt 0.011320 0.166794
vt 0.011168 0.166794
vt 0.011168 0.166794
vt 0.011165 0.166794
vt 0.831741 0.290045
vt 0.831741 0.279817
vt 0.831741 0.279817
vt 0.831741 0.279584
vt 0.831741 0.292369
vt 0.831741 0.290045
vt 0.658060 0.883579
vt 0.571482 0.854893
vt 0.499022 0.800701
vt 0.457818 0.736513
vt 0.443631 0.664211
vt 0.463398 0.578612
vt 0.518546 0.508819
vt 0.611362 0.457514
vt 0.720890 0.442522
vt 0.828738 0.459430
vt 0.921464 0.515838
vt 0.979277 0.596623
vt 0.998535 0.691902
vt 0.989246 0.759106
vt 0.957552 0.818637
vt 0.933253 0.843650
vt 0.904788 0.861600
vt 0.872682 0.868352
vt 0.853273 0.864923
vt 0.837562 0.854314
vt 0.827116 0.836582
vt 0.824094 0.815320
vt 0.828942 0.787347
vt 0.845941 0.765024
vt 0.867987 0.755349
vt 0.892012 0.751566
vt 0.920286 0.744944
vt 0.943891 0.728546
vt 0.957442 0.702499
vt 0.961064 0.673193
vt 0.950489 0.621506
vt 0.918726 0.581140
vt 0.850103 0.545436
vt 0.770252 0.534934
vt 0.682831 0.546183
vt 0.604411 0.580947
vt 0.566050 0.613522
vt 0.540729 0.656332
vt 0.532594 0.705360
vt 0.542205 0.759152
vt 0.570259 0.805952
vt 0.220351 0.607304
vt 0.110908 0.607304
vt 0.220351 0.704608
vt 0.110908 0.704608
vt 0.220351 0.790314
vt 0.110908 0.790314
vt 0.165629 0.790314
vt 0.165629 0.607304
vt 0.220351 0.144557
vt 0.110908 0.144557
vt 0.220351 0.221057
vt 0.110908 0.221057
vt 0.220351 0.295844
vt 0.110908 0.295844
vt 0.165629 0.295844
vt 0.165629 0.144557
vt 0.109443 0.607304
vt 0.000000 0.607304
vt 0.109443 0.694226
vt 0.000000 0.694226
vt 0.109443 0.786033
vt 0.000000 0.786033
vt 0.054721 0.786033
vt 0.054721 0.607304
vt 0.331259 0.605563
vt 0.221816 0.605563
vt 0.331259 0.709529
vt 0.221816 0.709529
vt 0.331259 0.824000
vt 0.221816 0.824000
vt 0.276537 0.824000
vt 0.276537 0.605563
vt 0.442166 0.605563
vt 0.332723 0.605563
vt 0.442166 0.719660
vt 0.332723 0.719660
vt 0.442166 0.825214
vt 0.332723 0.825214
vt 0.387445 0.825214
vt 0.387445 0.605563
vt 0.331259 0.341744
vt 0.221816 0.341744
vt 0.331259 0.440937
vt 0.221816 0.440937
vt 0.331259 0.540286
vt 0.221816 0.540286
vt 0.276537 0.540286
vt 0.276537 0.341744
vt 0.331259 0.149693
vt 0.221816 0.149693
vt 0.331259 0.221164
vt 0.221816 0.221164
vt 0.331259 0.286110
vt 0.221816 0.286110
vt 0.276537 0.286110
vt 0.276537 0.149693
vt 0.442166 0.341744
vt 0.332723 0.341744
vt 0.442166 0.379355
vt 0.332723 0.379355
vt 0.442166 0.413670
vt 0.332723 0.413670
vt 0.442166 0.443766
vt 0.332723 0.443766
vt 0.387445 0.443766
vt 0.387445 0.341744
vt 0.000000 0.000000
vt 0.000000 0.110908
vt 0.019736 0.000000
vt 0.019736 0.110908
vt 0.039042 0.000000
vt 0.039042 0.110908
vt 0.000000 0.055454
vt 0.039042 0.055454
vt 0.046209 0.000000
vt 0.046209 0.110908
vt 0.066331 0.000000
vt 0.066331 0.110908
vt 0.088669 0.000000
vt 0.088669 0.110908
vt 0.046209 0.055454
vt 0.088669 0.055454
vt 0.154168 0.000000
vt 0.154168 0.110908
vt 0.184336 0.000000
vt 0.184336 0.110908
vt 0.211324 0.000000
vt 0.211324 0.110908
vt 0.211324 0.055454
vt 0.154168 0.055454
vt 0.096463 0.000000
vt 0.096463 0.110908
vt 0.116288 0.000000
vt 0.116288 0.110908
vt 0.145219 0.000000
vt 0.145219 0.110908
vt 0.145219 0.055454
vt 0.096463 0.055454
vt 0.109443 0.144557
vt 0.000000 0.144557
vt 0.109443 0.175582
vt 0.000000 0.175582
vt 0.109443 0.202852
vt 0.000000 0.202852
vt 0.054721 0.202852
vt 0.054721 0.144557
vt 0.109443 0.242215
vt 0.000000 0.242215
vt 0.109443 0.269609
vt 0.000000 0.269609
vt 0.109443 0.301627
vt 0.000000 0.301627
vt 0.054721 0.301627
vt 0.054721 0.242215
vt 0.442166 0.471555
vt 0.332723 0.471555
vt 0.442166 0.524177
vt 0.332723 0.524177
vt 0.442166 0.576875
vt 0.332723 0.576875
vt 0.387445 0.576875
vt 0.387445 0.471555
vt 0.109443 0.341744
vt 0.000000 0.341744
vt 0.109443 0.417622
vt 0.000000 0.417622
vt 0.109443 0.500879
vt 0.000000 0.500879
vt 0.054721 0.500879
vt 0.054721 0.341744
vt 0.220351 0.341744
vt 0.110908 0.341744
vt 0.220351 0.430287
vt 0.110908 0.430287
vt 0.220351 0.516729
vt 0.110908 0.516729
vt 0.165629 0.516729
vt 0.165629 0.341744
vt 0.442166 0.149693
vt 0.332723 0.149693
vt 0.442166 0.200446
vt 0.332723 0.200446
vt 0.442166 0.252669
vt 0.332723 0.252669
vt 0.442166 0.300631
vt 0.332723 0.300631
vt 0.387445 0.300631
vt 0.387445 0.149693
vt 0.221816 0.000000
vt 0.221816 0.110908
vt 0.275721 0.000000
vt 0.275721 0.110908
vt 0.330870 0.000000
vt 0.330870 0.110908
vt 0.330870 0.055454
vt 0.221816 0.055454
vt 0.442166 0.000000
vt 0.332335 0.000000
vt 0.442166 0.117647
vt 0.332335 0.117647
vt 0.387251 0.000000
vt 0.387251 0.117647
vt 0.658060 0.441057
vt 0.571482 0.412371
vt 0.499022 0.358179
vt 0.457818 0.293991
vt 0.443631 0.221689
vt 0.463398 0.136090
vt 0.518546 0.066297
vt 0.611362 0.014992
vt 0.720890 0.000000
vt 0.828738 0.016908
vt 0.921464 0.073316
vt 0.979277 0.154101
vt 0.998535 0.249380
vt 0.989246 0.316584
vt 0.957552 0.376115
vt 0.933253 0.401128
vt 0.904788 0.419078
vt 0.872682 0.425830
vt 0.853273 0.422401
vt 0.837562 0.411792
vt 0.827116 0.394060
vt 0.824094 0.372798
vt 0.828942 0.344825
vt 0.845941 0.322502
vt 0.867987 0.312827
vt 0.892012 0.309044
vt 0.920286 0.302422
vt 0.943891 0.286024
vt 0.957442 0.259977
vt 0.961064 0.230671
vt 0.950489 0.178984
vt 0.918726 0.138618
vt 0.850103 0.102914
vt 0.770252 0.092412
vt 0.682831 0.103661
vt 0.604411 0.138425
vt 0.566050 0.171000
vt 0.540729 0.213810
vt 0.532594 0.262838
vt 0.542205 0.316630
vt 0.570259 0.363430
vt 0.998535 0.000000
vt 0.853356 0.505660
vt 0.847468 0.527987
vt 0.843607 0.550564
vt 0.844826 0.559969
vt 0.848632 0.568281
vt 0.854873 0.574795
vt 0.862781 0.579277
vt 0.898855 0.584623
vt 0.894444 0.601117
vt 0.681086 0.601117
vt 0.685496 0.584623
vt 0.739828 0.576982
vt 0.755366 0.568062
vt 0.767674 0.554990
vt 0.792025 0.491006
vt 0.853194 0.269248
vt 0.803314 0.335042
vt 0.743786 0.390506
vt 0.711769 0.407836
vt 0.676513 0.415096
vt 0.637315 0.405952
vt 0.609251 0.378753
vt 0.592255 0.340799
vt 0.586582 0.299952
vt 0.627822 0.158532
vt 0.736776 0.037111
vt 0.781828 0.011251
vt 0.831744 0.000000
vt 0.859103 0.003473
vt 0.883789 0.015422
vt 0.902894 0.037533
vt 0.914374 0.064601
vt 0.928685 0.014665
vt 0.897022 0.087058
vt 0.892776 0.061461
vt 0.879529 0.040326
vt 0.862479 0.212137
vt 0.775126 0.329877
vt 0.824593 0.276267
vt 0.712123 0.360116
vt 0.746013 0.350418
vt 0.674992 0.342713
vt 0.691876 0.355751
vt 0.659625 0.292008
vt 0.662798 0.318958
vt 0.836305 0.021992
vt 0.775134 0.049316
vt 0.728564 0.103548
vt 0.692854 0.163675
vt 0.668912 0.225565
vt 0.859739 0.026502
vt 0.000000 0.270631
vt 0.000000 0.312457
vt 0.526232 0.270631
vt 0.526232 0.312457
vt 0.171699 0.313922
vt 0.128575 0.313922
vt 0.171699 0.342978
vt 0.128575 0.342978
vt 0.171699 0.359965
vt 0.128575 0.359965
vt 0.150137 0.313922
vt 0.043291 0.063800
vt 0.000000 0.063800
vt 0.043291 0.073297
vt 0.000000 0.073297
vt 0.043291 0.082500
vt 0.000000 0.082500
vt 0.021645 0.082500
vt 0.021645 0.063800
vt 0.043291 0.041612
vt 0.000000 0.041612
vt 0.043291 0.050546
vt 0.000000 0.050546
vt 0.043291 0.059824
vt 0.000000 0.059824
vt 0.021645 0.059824
vt 0.021645 0.041612
vt 0.501305 0.000000
vt 0.501305 0.043291
vt 0.538095 0.000000
vt 0.538095 0.043291
vt 0.538095 0.021645
vt 0.043291 0.020806
vt 0.000000 0.020806
vt 0.043291 0.037883
vt 0.000000 0.037883
vt 0.000000 0.184049
vt 0.000000 0.225875
vt 0.214117 0.184049
vt 0.214117 0.225875
vt 0.043291 0.000000
vt 0.000000 0.000000
vt 0.043291 0.017078
vt 0.000000 0.017078
vt 0.085117 0.446352
vt 0.043291 0.446352
vt 0.085117 0.501509
vt 0.043291 0.501509
vt 0.064204 0.446352
vt 0.417688 0.000000
vt 0.417688 0.043291
vt 0.435555 0.000000
vt 0.435555 0.043291
vt 0.453761 0.000000
vt 0.453761 0.043291
vt 0.453761 0.021645
vt 0.417688 0.021645
vt 0.097286 0.043291
vt 0.097286 0.085117
vt 0.166039 0.043291
vt 0.166039 0.085117
vt 0.166039 0.064204
vt 0.000000 0.227340
vt 0.000000 0.269166
vt 0.230098 0.227340
vt 0.230098 0.269166
vt 0.128408 0.564494
vt 0.086582 0.564494
vt 0.128408 0.656924
vt 0.086582 0.656924
vt 0.128408 0.728945
vt 0.086582 0.728945
vt 0.107495 0.564494
vt 0.417688 0.046012
vt 0.417688 0.089303
vt 0.457248 0.046012
vt 0.457248 0.089303
vt 0.490599 0.046012
vt 0.490599 0.089303
vt 0.490599 0.067658
vt 0.417688 0.067658
vt 0.000000 0.313922
vt 0.000000 0.357213
vt 0.040027 0.313922
vt 0.040027 0.357213
vt 0.080406 0.313922
vt 0.080406 0.357213
vt 0.080406 0.335568
vt 0.000000 0.335568
vt 0.000000 0.380137
vt 0.000000 0.423428
vt 0.041519 0.380137
vt 0.041519 0.423428
vt 0.083122 0.380137
vt 0.083122 0.423428
vt 0.083122 0.401783
vt 0.000000 0.401783
vt 0.251792 0.138037
vt 0.251792 0.181328
vt 0.400770 0.138037
vt 0.400770 0.181328
vt 0.400770 0.159682
vt 0.041826 0.446352
vt 0.000000 0.446352
vt 0.041826 0.611185
vt 0.000000 0.611185
vt 0.020913 0.446352
vt 0.000000 0.086582
vt 0.000000 0.128408
vt 0.057192 0.086582
vt 0.057192 0.128408
vt 0.103872 0.086582
vt 0.103872 0.128408
vt 0.103872 0.107495
vt 0.000000 0.107495
vt 0.128408 0.446352
vt 0.086582 0.446352
vt 0.128408 0.475548
vt 0.086582 0.475548
vt 0.128408 0.501776
vt 0.086582 0.501776
vt 0.107495 0.501776
vt 0.107495 0.446352
vt 0.097286 0.000000
vt 0.097286 0.041826
vt 0.124213 0.000000
vt 0.124213 0.041826
vt 0.156229 0.000000
vt 0.156229 0.041826
vt 0.156229 0.020913
vt 0.043291 0.129873
vt 0.000000 0.129873
vt 0.043291 0.181833
vt 0.000000 0.181833
vt 0.251792 0.046012
vt 0.251792 0.089303
vt 0.323409 0.046012
vt 0.323409 0.089303
vt 0.085117 0.564494
vt 0.043291 0.564494
vt 0.085117 0.695273
vt 0.043291 0.695273
vt 0.064204 0.564494
vt 0.585117 0.313922
vt 0.439938 0.818350
vt 0.434050 0.840623
vt 0.430188 0.863144
vt 0.431408 0.872526
vt 0.435214 0.880818
vt 0.441455 0.887317
vt 0.449363 0.891787
vt 0.485437 0.897121
vt 0.481026 0.913574
vt 0.267668 0.913574
vt 0.272078 0.897121
vt 0.326410 0.889498
vt 0.341948 0.880600
vt 0.354256 0.867560
vt 0.378607 0.803732
vt 0.439776 0.582514
vt 0.389896 0.648148
vt 0.330368 0.703477
vt 0.298351 0.720764
vt 0.263095 0.728006
vt 0.223897 0.718885
vt 0.195833 0.691752
vt 0.178837 0.653890
vt 0.173164 0.613144
vt 0.214403 0.472067
vt 0.323358 0.350943
vt 0.368410 0.325146
vt 0.418326 0.313922
vt 0.445684 0.317386
vt 0.470371 0.329307
vt 0.489476 0.351363
vt 0.500956 0.378366
vt 0.515267 0.328551
vt 0.483604 0.400768
vt 0.479358 0.375234
vt 0.466111 0.354149
vt 0.449061 0.525542
vt 0.361708 0.642996
vt 0.411175 0.589516
vt 0.298705 0.673161
vt 0.332595 0.663486
vt 0.261574 0.655800
vt 0.278458 0.668806
vt 0.246207 0.605219
vt 0.249380 0.632103
vt 0.422887 0.335860
vt 0.361716 0.363117
vt 0.315146 0.417217
vt 0.279436 0.477198
vt 0.255494 0.538938
vt 0.446321 0.340360
vt 0.251792 0.092025
vt 0.251792 0.135316
vt 0.324148 0.092025
vt 0.324148 0.135316
vt 0.399686 0.092025
vt 0.399686 0.135316
vt 0.399686 0.113670
vt 0.251792 0.000000
vt 0.251792 0.043291
vt 0.282801 0.000000
vt 0.282801 0.043291
vt 0.323299 0.000000
vt 0.323299 0.043291
vt 0.251792 0.021645
vt 0.323299 0.021645
vt 0.084817 0.313922
vt 0.084817 0.357213
vt 0.105999 0.313922
vt 0.105999 0.357213
vt 0.127110 0.313922
vt 0.127110 0.357213
vt 0.084817 0.335568
vt 0.127110 0.335568
vt 0.169187 0.129873
vt 0.125896 0.129873
vt 0.169187 0.158699
vt 0.125896 0.158699
vt 0.169187 0.182584
vt 0.125896 0.182584
vt 0.147542 0.129873
vt 0.147542 0.182584
vt 0.171699 0.446352
vt 0.129873 0.446352
vt 0.171699 0.513638
vt 0.129873 0.513638
vt 0.171699 0.573571
vt 0.129873 0.573571
vt 0.171699 0.629956
vt 0.129873 0.629956
vt 0.171699 0.697603
vt 0.129873 0.697603
vt 0.171699 0.790634
vt 0.129873 0.790634
vt 0.150786 0.446352
vt 0.150786 0.790634
vt 0.127525 0.376602
vt 0.084817 0.376602
vt 0.127525 0.400643
vt 0.084817 0.400643
vt 0.127525 0.425076
vt 0.084817 0.425076
vt 0.106171 0.376602
vt 0.106171 0.425076
vt 0.171699 0.376602
vt 0.128990 0.376602
vt 0.171699 0.402542
vt 0.128990 0.402542
vt 0.171699 0.427838
vt 0.128990 0.427838
vt 0.150345 0.427838
vt 0.150345 0.376602
vt 0.453735 0.839140
vt 0.411688 0.785017
vt 0.398985 0.728057
vt 0.412635 0.668520
vt 0.450775 0.619792
vt 0.512203 0.584365
vt 0.584019 0.573560
vt 0.662737 0.586641
vt 0.732907 0.624726
vt 0.783531 0.683342
vt 0.800379 0.756527
vt 0.792495 0.801793
vt 0.768333 0.839140
vt 0.838486 0.839140
vt 0.917800 0.836043
vt 0.931573 0.830257
vt 0.940665 0.817992
vt 0.951967 0.775707
vt 0.998535 0.907648
vt 0.560715 0.907648
vt 0.479860 0.910744
vt 0.466111 0.916573
vt 0.456636 0.928716
vt 0.445554 0.971081
vt 0.398985 0.839140
vt 0.482681 0.839140
vt 0.676736 0.839140
vt 0.728266 0.824196
vt 0.444714 0.766257
vt 0.455934 0.806528
vt 0.489022 0.685202
vt 0.457366 0.720929
vt 0.616905 0.648841
vt 0.549380 0.656291
vt 0.742368 0.686481
vt 0.683262 0.656490
vt 0.774974 0.751453
vt 0.766185 0.715761
vt 0.763252 0.791350
vt 0.771728 0.772120
vt 0.748384 0.810052
vt 0.593990 0.412652
vt 0.593990 0.491641
vt 0.663127 0.412652
vt 0.663127 0.491641
vt 0.593990 0.452147
vt 0.529214 0.412652
vt 0.529214 0.491641
vt 0.588286 0.412652
vt 0.588286 0.491641
vt 0.588286 0.452147
vt 0.529214 0.452147
vt 0.398985 0.493106
vt 0.398985 0.572095
vt 0.459425 0.493106
vt 0.459425 0.572095
vt 0.523302 0.493106
vt 0.523302 0.572095
vt 0.523302 0.532601
vt 0.398985 0.532601
vt 0.832403 0.331953
vt 0.832403 0.410699
vt 0.902425 0.331953
vt 0.902425 0.410699
vt 0.977132 0.331953
vt 0.977132 0.410699
vt 0.977132 0.371326
vt 0.832403 0.371326
vt 0.831593 0.412164
vt 0.831593 0.490909
vt 0.911077 0.412164
vt 0.911077 0.490909
vt 0.992356 0.412164
vt 0.992356 0.490909
vt 0.992356 0.451536
vt 0.831593 0.451536
vt 0.669803 0.492862
vt 0.669803 0.572095
vt 0.747020 0.492862
vt 0.747020 0.572095
vt 0.824249 0.492862
vt 0.824249 0.572095
vt 0.824249 0.532479
vt 0.669803 0.532479
vt 0.779703 0.000000
vt 0.699493 0.000000
vt 0.779703 0.045332
vt 0.699493 0.045332
vt 0.779703 0.089858
vt 0.699493 0.089858
vt 0.739598 0.089858
vt 0.669803 0.412164
vt 0.669803 0.491397
vt 0.740127 0.412164
vt 0.740127 0.491397
vt 0.831593 0.492374
vt 0.831593 0.572095
vt 0.911236 0.492374
vt 0.911236 0.572095
vt 0.831593 0.532235
vt 0.479196 0.251743
vt 0.398985 0.251743
vt 0.479196 0.265691
vt 0.398985 0.265691
vt 0.479196 0.282307
vt 0.398985 0.282307
vt 0.439090 0.251743
vt 0.439090 0.282307
vt 0.527469 0.251743
vt 0.527469 0.330733
vt 0.571911 0.251743
vt 0.571911 0.330733
vt 0.571911 0.291238
vt 0.832403 0.251743
vt 0.832403 0.330489
vt 0.972817 0.251743
vt 0.972817 0.330489
vt 0.398985 0.171533
vt 0.398985 0.250279
vt 0.837875 0.171533
vt 0.837875 0.250279
vt 0.995708 0.492374
vt 0.915498 0.492374
vt 0.995708 0.572095
vt 0.915498 0.572095
vt 0.955603 0.492374
vt 0.479196 0.286513
vt 0.398985 0.286513
vt 0.479196 0.300413
vt 0.398985 0.300413
vt 0.479196 0.317185
vt 0.398985 0.317185
vt 0.439090 0.317185
vt 0.439090 0.286513
vt 0.461606 0.321405
vt 0.461606 0.401615
vt 0.505998 0.321405
vt 0.505998 0.401615
vt 0.505998 0.361510
vt 0.669803 0.331953
vt 0.669803 0.410699
vt 0.810217 0.331953
vt 0.810217 0.410699
vt 0.463670 0.412652
vt 0.463670 0.491641
vt 0.518554 0.412652
vt 0.518554 0.491641
vt 0.398985 0.091323
vt 0.398985 0.170068
vt 0.593515 0.091323
vt 0.593515 0.170068
vt 0.593515 0.130696
vt 0.398985 0.130696
vt 0.479196 0.000000
vt 0.398985 0.000000
vt 0.479196 0.038790
vt 0.398985 0.038790
vt 0.479196 0.084914
vt 0.398985 0.084914
vt 0.439090 0.000000
vt 0.439090 0.084914
vt 0.265580 0.546131
vt 0.211457 0.588281
vt 0.154497 0.601015
vt 0.094959 0.587331
vt 0.046231 0.549099
vt 0.010805 0.487520
vt 0.000000 0.415529
vt 0.013081 0.336619
vt 0.051166 0.266278
vt 0.109782 0.215530
vt 0.182967 0.198640
vt 0.228233 0.206543
vt 0.265580 0.230765
vt 0.265580 0.160440
vt 0.262483 0.080932
vt 0.256697 0.067126
vt 0.244432 0.058012
vt 0.202147 0.046682
vt 0.334087 0.000000
vt 0.334087 0.438890
vt 0.337184 0.519942
vt 0.343013 0.533725
vt 0.355155 0.543223
vt 0.397521 0.554332
vt 0.265580 0.601015
vt 0.265580 0.517115
vt 0.265580 0.322585
vt 0.250636 0.270930
vt 0.192697 0.555175
vt 0.232968 0.543926
vt 0.111642 0.510758
vt 0.147369 0.542492
vt 0.075281 0.382562
vt 0.082730 0.450252
vt 0.112921 0.256793
vt 0.082929 0.316044
vt 0.177892 0.224107
vt 0.142201 0.232918
vt 0.217790 0.235858
vt 0.198559 0.227362
vt 0.236492 0.250762
vt 0.527469 0.332198
vt 0.527469 0.411187
vt 0.578690 0.332198
vt 0.578690 0.411187
vt 0.623403 0.332198
vt 0.623403 0.411187
vt 0.527469 0.371692
vt 0.623403 0.371692
vt 0.669803 0.251743
vt 0.669803 0.330489
vt 0.744214 0.251743
vt 0.744214 0.330489
vt 0.805730 0.251743
vt 0.805730 0.330489
vt 0.669803 0.291116
vt 0.805730 0.291116
vt 0.529214 0.493106
vt 0.529214 0.572095
vt 0.589712 0.493106
vt 0.589712 0.572095
vt 0.663422 0.493106
vt 0.663422 0.572095
vt 0.529214 0.532601
vt 0.663422 0.532601
vt 0.747913 0.412164
vt 0.747913 0.491397
vt 0.784130 0.412164
vt 0.784130 0.491397
vt 0.823252 0.412164
vt 0.823252 0.491397
vt 0.747913 0.451780
vt 0.823252 0.451780
vt 0.398985 0.321405
vt 0.398985 0.401615
vt 0.421125 0.321405
vt 0.421125 0.401615
vt 0.441192 0.321405
vt 0.441192 0.401615
vt 0.398985 0.361510
vt 0.441192 0.361510
vt 0.595315 0.251743
vt 0.595315 0.330733
vt 0.620036 0.251743
vt 0.620036 0.330733
vt 0.644108 0.251743
vt 0.644108 0.330733
vt 0.595315 0.291238
vt 0.644108 0.291238
vt 0.398985 0.412652
vt 0.398985 0.491641
vt 0.453150 0.412652
vt 0.453150 0.491641
vt 0.453150 0.452147
vt 0.398985 0.452147
vt 0.998535 0.000000
vt 0.853356 0.505660
vt 0.847468 0.527987
vt 0.843607 0.550564
vt 0.844826 0.559969
vt 0.848632 0.568281
vt 0.854873 0.574795
vt 0.862781 0.579277
vt 0.898855 0.584623
vt 0.894444 0.601117
vt 0.681086 0.601117
vt 0.685496 0.584623
vt 0.739828 0.576982
vt 0.755366 0.568062
vt 0.767674 0.554990
vt 0.792025 0.491006
vt 0.853194 0.269248
vt 0.803314 0.335042
vt 0.743786 0.390506
vt 0.711769 0.407836
vt 0.676513 0.415096
vt 0.637315 0.405952
vt 0.609251 0.378753
vt 0.592255 0.340799
vt 0.586582 0.299952
vt 0.627822 0.158532
vt 0.736776 0.037111
vt 0.781828 0.011251
vt 0.831744 0.000000
vt 0.859103 0.003473
vt 0.883789 0.015422
vt 0.902894 0.037533
vt 0.914374 0.064601
vt 0.928685 0.014665
vt 0.897022 0.087058
vt 0.892776 0.061461
vt 0.879529 0.040326
vt 0.862479 0.212137
vt 0.775126 0.329877
vt 0.712123 0.360116
vt 0.746013 0.350418
vt 0.674992 0.342713
vt 0.691876 0.355751
vt 0.659625 0.292008
vt 0.662798 0.318958
vt 0.836305 0.021992
vt 0.775134 0.049316
vt 0.728564 0.103548
vt 0.692854 0.163675
vt 0.668912 0.225565
vt 0.859739 0.026502
vt 0.000000 0.270631
vt 0.000000 0.312457
vt 0.526232 0.270631
vt 0.526232 0.312457
vt 0.171699 0.313922
vt 0.128575 0.313922
vt 0.171699 0.342978
vt 0.128575 0.342978
vt 0.171699 0.359965
vt 0.128575 0.359965
vt 0.150137 0.313922
vt 0.043291 0.063800
vt 0.000000 0.063800
vt 0.043291 0.073297
vt 0.000000 0.073297
vt 0.043291 0.082500
vt 0.000000 0.082500
vt 0.021645 0.082500
vt 0.021645 0.063800
vt 0.043291 0.041612
vt 0.000000 0.041612
vt 0.043291 0.050546
vt 0.000000 0.050546
vt 0.043291 0.059824
vt 0.000000 0.059824
vt 0.021645 0.059824
vt 0.021645 0.041612
vt 0.501305 0.000000
vt 0.501305 0.043291
vt 0.538095 0.000000
vt 0.538095 0.043291
vt 0.538095 0.021645
vt 0.043291 0.020806
vt 0.000000 0.020806
vt 0.043291 0.037883
vt 0.000000 0.037883
vt 0.000000 0.184049
vt 0.000000 0.225875
vt 0.214117 0.184049
vt 0.214117 0.225875
vt 0.043291 0.000000
vt 0.000000 0.000000
vt 0.043291 0.017078
vt 0.000000 0.017078
vt 0.085117 0.446352
vt 0.043291 0.446352
vt 0.085117 0.501509
vt 0.043291 0.501509
vt 0.064204 0.446352
vt 0.417688 0.000000
vt 0.417688 0.043291
vt 0.435555 0.000000
vt 0.435555 0.043291
vt 0.453761 0.000000
vt 0.453761 0.043291
vt 0.453761 0.021645
vt 0.417688 0.021645
vt 0.097286 0.043291
vt 0.097286 0.085117
vt 0.166039 0.043291
vt 0.166039 0.085117
vt 0.166039 0.064204
vt 0.000000 0.227340
vt 0.000000 0.269166
vt 0.230098 0.227340
vt 0.230098 0.269166
vt 0.128408 0.564494
vt 0.086582 0.564494
vt 0.128408 0.656924
vt 0.086582 0.656924
vt 0.128408 0.728945
vt 0.086582 0.728945
vt 0.107495 0.564494
vt 0.417688 0.046012
vt 0.417688 0.089303
vt 0.457248 0.046012
vt 0.457248 0.089303
vt 0.490599 0.046012
vt 0.490599 0.089303
vt 0.490599 0.067658
vt 0.417688 0.067658
vt 0.000000 0.313922
vt 0.000000 0.357213
vt 0.040027 0.313922
vt 0.040027 0.357213
vt 0.080406 0.313922
vt 0.080406 0.357213
vt 0.080406 0.335568
vt 0.000000 0.335568
vt 0.000000 0.380137
vt 0.000000 0.423428
vt 0.041519 0.380137
vt 0.041519 0.423428
vt 0.083122 0.380137
vt 0.083122 0.423428
vt 0.083122 0.401783
vt 0.000000 0.401783
vt 0.251792 0.138037
vt 0.251792 0.181328
vt 0.400770 0.138037
vt 0.400770 0.181328
vt 0.400770 0.159682
vt 0.041826 0.446352
vt 0.000000 0.446352
vt 0.041826 0.611185
vt 0.000000 0.611185
vt 0.020913 0.446352
vt 0.000000 0.086582
vt 0.000000 0.128408
vt 0.057192 0.086582
vt 0.057192 0.128408
vt 0.103872 0.086582
vt 0.103872 0.128408
vt 0.103872 0.107495
vt 0.000000 0.107495
vt 0.128408 0.446352
vt 0.086582 0.446352
vt 0.128408 0.475548
vt 0.086582 0.475548
vt 0.128408 0.501776
vt 0.086582 0.501776
vt 0.107495 0.501776
vt 0.107495 0.446352
vt 0.097286 0.000000
vt 0.097286 0.041826
vt 0.124213 0.000000
vt 0.124213 0.041826
vt 0.156229 0.000000
vt 0.156229 0.041826
vt 0.156229 0.020913
vt 0.043291 0.129873
vt 0.000000 0.129873
vt 0.043291 0.181833
vt 0.000000 0.181833
vt 0.251792 0.046012
vt 0.251792 0.089303
vt 0.323409 0.046012
vt 0.323409 0.089303
vt 0.085117 0.564494
vt 0.043291 0.564494
vt 0.085117 0.695273
vt 0.043291 0.695273
vt 0.064204 0.564494
vt 0.585117 0.313922
vt 0.439938 0.818350
vt 0.434050 0.840623
vt 0.430188 0.863144
vt 0.431408 0.872526
vt 0.435214 0.880818
vt 0.441455 0.887317
vt 0.449363 0.891787
vt 0.485437 0.897121
vt 0.481026 0.913574
vt 0.267668 0.913574
vt 0.272078 0.897121
vt 0.326410 0.889498
vt 0.341948 0.880600
vt 0.354256 0.867560
vt 0.378607 0.803732
vt 0.439776 0.582514
vt 0.389896 0.648148
vt 0.330368 0.703477
vt 0.298351 0.720764
vt 0.263095 0.728006
vt 0.223897 0.718885
vt 0.195833 0.691752
vt 0.178837 0.653890
vt 0.173164 0.613144
vt 0.214403 0.472067
vt 0.323358 0.350943
vt 0.368410 0.325146
vt 0.418326 0.313922
vt 0.445684 0.317386
vt 0.470371 0.329307
vt 0.489476 0.351363
vt 0.500956 0.378366
vt 0.515267 0.328551
vt 0.483604 0.400768
vt 0.479358 0.375234
vt 0.466111 0.354149
vt 0.449061 0.525542
vt 0.361708 0.642996
vt 0.298705 0.673161
vt 0.332595 0.663486
vt 0.261574 0.655800
vt 0.278458 0.668806
vt 0.246207 0.605219
vt 0.249380 0.632103
vt 0.422887 0.335860
vt 0.361716 0.363117
vt 0.315146 0.417217
vt 0.279436 0.477198
vt 0.255494 0.538938
vt 0.446321 0.340360
vt 0.251792 0.092025
vt 0.251792 0.135316
vt 0.399686 0.092025
vt 0.399686 0.135316
vt 0.399686 0.113670
vt 0.251792 0.000000
vt 0.251792 0.043291
vt 0.282801 0.000000
vt 0.282801 0.043291
vt 0.323299 0.000000
vt 0.323299 0.043291
vt 0.251792 0.021645
vt 0.323299 0.021645
vt 0.084817 0.313922
vt 0.084817 0.357213
vt 0.105999 0.313922
vt 0.105999 0.357213
vt 0.127110 0.313922
vt 0.127110 0.357213
vt 0.084817 0.335568
vt 0.127110 0.335568
vt 0.169187 0.129873
vt 0.125896 0.129873
vt 0.169187 0.158699
vt 0.125896 0.158699
vt 0.169187 0.182584
vt 0.125896 0.182584
vt 0.147542 0.129873
vt 0.147542 0.182584
vt 0.171699 0.446352
vt 0.129873 0.446352
vt 0.171699 0.513638
vt 0.129873 0.513638
vt 0.171699 0.573571
vt 0.129873 0.573571
vt 0.171699 0.629956
vt 0.129873 0.629956
vt 0.171699 0.697603
vt 0.129873 0.697603
vt 0.171699 0.790634
vt 0.129873 0.790634
vt 0.150786 0.446352
vt 0.150786 0.790634
vt 0.127525 0.376602
vt 0.084817 0.376602
vt 0.127525 0.400643
vt 0.084817 0.400643
vt 0.127525 0.425076
vt 0.084817 0.425076
vt 0.106171 0.376602
vt 0.106171 0.425076
vt 0.171699 0.376602
vt 0.128990 0.376602
vt 0.171699 0.402542
vt 0.128990 0.402542
vt 0.171699 0.427838
vt 0.128990 0.427838
vt 0.150345 0.427838
vt 0.150345 0.376602
vt 0.853573 0.241604
vt 0.491734 0.241604
vt 0.853573 0.261169
vt 0.629338 0.932565
vt 0.573441 0.932565
vt 0.775092 0.323250
vt 0.589417 0.323250
vt 0.509226 0.336691
vt 0.470702 0.366743
vt 0.441953 0.407452
vt 0.427519 0.402016
vt 0.998535 0.000000
vt 0.951679 0.000000
vt 0.998535 0.363083
vt 0.951679 0.363083
vt 0.112669 0.000000
vt 0.112669 0.048321
vt 0.132276 0.000000
vt 0.132276 0.048321
vt 0.901893 0.000000
vt 0.855037 0.000000
vt 0.901893 0.709446
vt 0.855037 0.709446
vt 0.255417 0.000000
vt 0.255417 0.046856
vt 0.311506 0.000000
vt 0.311506 0.046856
vt 0.000000 0.193283
vt 0.000000 0.240139
vt 0.643260 0.193283
vt 0.643260 0.240139
vt 0.950214 0.000000
vt 0.903358 0.000000
vt 0.950214 0.186313
vt 0.903358 0.186313
vt 0.255417 0.048321
vt 0.255417 0.095177
vt 0.337774 0.048321
vt 0.337774 0.095177
vt 0.255417 0.071749
vt 0.000000 0.096642
vt 0.000000 0.143498
vt 0.048457 0.096642
vt 0.048457 0.143498
vt 0.099317 0.096642
vt 0.099317 0.143498
vt 0.099317 0.120070
vt 0.000000 0.000000
vt 0.000000 0.048321
vt 0.015475 0.000000
vt 0.015475 0.048321
vt 0.000000 0.144963
vt 0.000000 0.191819
vt 0.173185 0.144963
vt 0.173185 0.191819
vt 0.426054 0.241604
vt 0.064215 0.241604
vt 0.426054 0.261169
vt 0.201819 0.932565
vt 0.145923 0.932565
vt 0.347573 0.323250
vt 0.161898 0.323250
vt 0.081707 0.336691
vt 0.043183 0.366743
vt 0.014435 0.407452
vt 0.000000 0.402016
vt 0.935980 0.749268
vt 0.917523 0.846465
vt 0.862923 0.927004
vt 0.781768 0.980999
vt 0.686713 0.998535
vt 0.590597 0.979959
vt 0.510557 0.925478
vt 0.455532 0.844454
vt 0.437445 0.749268
vt 0.456049 0.653151
vt 0.510557 0.573112
vt 0.591631 0.518173
vt 0.686713 0.500000
vt 0.783911 0.518485
vt 0.864450 0.573112
vt 0.918359 0.654316
vt 0.435980 0.498056
vt 0.218723 0.498056
vt 0.435980 0.596823
vt 0.218723 0.596823
vt 0.435980 0.696155
vt 0.218723 0.696155
vt 0.327352 0.696155
vt 0.327352 0.498056
vt 0.217258 0.248967
vt 0.000000 0.248967
vt 0.217258 0.346010
vt 0.000000 0.346010
vt 0.217258 0.444921
vt 0.000000 0.444921
vt 0.108629 0.444921
vt 0.108629 0.248967
vt 0.435980 0.000000
vt 0.218723 0.000000
vt 0.435980 0.097686
vt 0.218723 0.097686
vt 0.435980 0.196565
vt 0.218723 0.196565
vt 0.327352 0.196565
vt 0.327352 0.000000
vt 0.217258 0.748966
vt 0.000000 0.748966
vt 0.217258 0.846516
vt 0.000000 0.846516
vt 0.217258 0.945648
vt 0.000000 0.945648
vt 0.108629 0.945648
vt 0.108629 0.748966
vt 0.217258 0.498056
vt 0.000000 0.498056
vt 0.217258 0.595752
vt 0.000000 0.595752
vt 0.217258 0.694641
vt 0.000000 0.694641
vt 0.108629 0.694641
vt 0.108629 0.498056
vt 0.435980 0.249015
vt 0.218723 0.249015
vt 0.435980 0.346751
vt 0.218723 0.346751
vt 0.435980 0.445600
vt 0.218723 0.445600
vt 0.327352 0.445600
vt 0.327352 0.249015
vt 0.435980 0.749015
vt 0.218723 0.749015
vt 0.435980 0.847791
vt 0.218723 0.847791
vt 0.435980 0.947135
vt 0.218723 0.947135
vt 0.327352 0.947135
vt 0.327352 0.749015
vt 0.217258 0.000000
vt 0.000000 0.000000
vt 0.217258 0.097231
vt 0.000000 0.097231
vt 0.217258 0.195859
vt 0.000000 0.195859
vt 0.108629 0.000000
vt 0.108629 0.195859
vt 0.935980 0.249268
vt 0.917523 0.346465
vt 0.862923 0.427004
vt 0.781768 0.480999
vt 0.686713 0.498535
vt 0.590597 0.479959
vt 0.510557 0.425478
vt 0.455532 0.344454
vt 0.437445 0.249268
vt 0.456049 0.153151
vt 0.510557 0.073112
vt 0.591631 0.018173
vt 0.686713 0.000000
vt 0.783911 0.018485
vt 0.864450 0.073112
vt 0.918359 0.154316
vt 0.608139 0.318922
vt 0.639306 0.140537
vt 0.673042 0.078721
vt 0.722154 0.028992
vt 0.762022 0.007513
vt 0.804861 0.000000
vt 0.874217 0.019755
vt 0.929521 0.070960
vt 0.983909 0.184152
vt 0.998535 0.309622
vt 0.968283 0.488764
vt 0.936934 0.547929
vt 0.891059 0.595735
vt 0.848110 0.619445
vt 0.800455 0.628998
vt 0.740829 0.615188
vt 0.692422 0.577532
vt 0.656630 0.526764
vt 0.695705 0.329909
vt 0.701982 0.433810
vt 0.726258 0.534085
vt 0.707254 0.173195
vt 0.804409 0.029295
vt 0.761654 0.045722
vt 0.733291 0.082865
vt 0.716334 0.127938
vt 0.848343 0.044099
vt 0.827838 0.032822
vt 0.889691 0.116887
vt 0.873770 0.077358
vt 0.910969 0.289779
vt 0.906515 0.202262
vt 0.890607 0.506315
vt 0.851532 0.578952
vt 0.876361 0.545665
vt 0.801823 0.600623
vt 0.828484 0.594191
vt 0.743101 0.567180
vt 0.768512 0.591788
vt 0.041791 0.459202
vt 0.000000 0.459202
vt 0.041791 0.641497
vt 0.000000 0.641497
vt 0.313539 0.086511
vt 0.270284 0.086511
vt 0.313539 0.161392
vt 0.270284 0.161392
vt 0.313539 0.227495
vt 0.270284 0.227495
vt 0.291911 0.086511
vt 0.270284 0.000000
vt 0.270284 0.041791
vt 0.315872 0.000000
vt 0.315872 0.041791
vt 0.359724 0.000000
vt 0.359724 0.041791
vt 0.359724 0.020895
vt 0.270284 0.020895
vt 0.381110 0.086511
vt 0.337855 0.086511
vt 0.381110 0.157000
vt 0.337855 0.157000
vt 0.381110 0.235740
vt 0.337855 0.235740
vt 0.359482 0.235740
vt 0.214812 0.261342
vt 0.173022 0.261342
vt 0.214812 0.378002
vt 0.173022 0.378002
vt 0.214812 0.514580
vt 0.173022 0.514580
vt 0.085046 0.459202
vt 0.043255 0.459202
vt 0.085046 0.642050
vt 0.043255 0.642050
vt 0.000000 0.360272
vt 0.000000 0.403527
vt 0.072346 0.360272
vt 0.072346 0.403527
vt 0.133855 0.360272
vt 0.133855 0.403527
vt 0.000000 0.381900
vt 0.270284 0.043255
vt 0.270284 0.085046
vt 0.322954 0.043255
vt 0.322954 0.085046
vt 0.368667 0.043255
vt 0.368667 0.085046
vt 0.368667 0.064151
vt 0.270284 0.064151
vt 0.128301 0.459202
vt 0.086511 0.459202
vt 0.128301 0.513238
vt 0.086511 0.513238
vt 0.128301 0.576890
vt 0.086511 0.576890
vt 0.128301 0.645339
vt 0.086511 0.645339
vt 0.107406 0.645339
vt 0.178397 0.000000
vt 0.135142 0.000000
vt 0.178397 0.215863
vt 0.135142 0.215863
vt 0.448681 0.086511
vt 0.405426 0.086511
vt 0.448681 0.243793
vt 0.405426 0.243793
vt 0.427053 0.243793
vt 0.216277 0.579521
vt 0.247445 0.401552
vt 0.281181 0.339880
vt 0.330292 0.290267
vt 0.370160 0.268837
vt 0.413000 0.261342
vt 0.482356 0.281051
vt 0.537659 0.332137
vt 0.592047 0.445065
vt 0.606674 0.570243
vt 0.576422 0.748968
vt 0.545073 0.807996
vt 0.499198 0.855690
vt 0.456249 0.879344
vt 0.408593 0.888876
vt 0.348967 0.875098
vt 0.300561 0.837529
vt 0.264768 0.786880
vt 0.303843 0.590483
vt 0.310120 0.694142
vt 0.334397 0.794184
vt 0.315393 0.434133
vt 0.412547 0.290569
vt 0.369793 0.306958
vt 0.341429 0.344015
vt 0.324473 0.388982
vt 0.456481 0.305338
vt 0.435977 0.294087
vt 0.497830 0.377957
vt 0.481909 0.338520
vt 0.519107 0.550446
vt 0.514654 0.463134
vt 0.498745 0.766478
vt 0.459670 0.838946
vt 0.484499 0.805737
vt 0.409962 0.860566
vt 0.436623 0.854149
vt 0.351239 0.827201
vt 0.376650 0.851752
vt 0.171557 0.459202
vt 0.129766 0.459202
vt 0.171557 0.488421
vt 0.129766 0.488421
vt 0.171557 0.524985
vt 0.129766 0.524985
vt 0.171557 0.574666
vt 0.129766 0.574666
vt 0.171557 0.647710
vt 0.129766 0.647710
vt 0.150661 0.459202
vt 0.150661 0.647710
vt 0.043255 0.000000
vt 0.000000 0.000000
vt 0.043255 0.023234
vt 0.000000 0.023234
vt 0.043255 0.047487
vt 0.000000 0.047487
vt 0.021628 0.000000
vt 0.021628 0.047487
vt 0.110826 0.103356
vt 0.067571 0.103356
vt 0.110826 0.150822
vt 0.067571 0.150822
vt 0.110826 0.188236
vt 0.067571 0.188236
vt 0.089199 0.103356
vt 0.089199 0.188236
vt 0.516252 0.086511
vt 0.472997 0.086511
vt 0.516252 0.180715
vt 0.472997 0.180715
vt 0.516252 0.259877
vt 0.472997 0.259877
vt 0.494624 0.086511
vt 0.245968 0.000000
vt 0.202713 0.000000
vt 0.245968 0.218049
vt 0.202713 0.218049
vt 0.224341 0.109024
vt 0.224341 0.218049
vt 0.224341 0.163536
vt 0.235154 0.109024
vt 0.235154 0.163536
vt 0.213527 0.109024
vt 0.213527 0.163536
vt 0.043255 0.103356
vt 0.000000 0.103356
vt 0.043255 0.140418
vt 0.000000 0.140418
vt 0.043255 0.187171
vt 0.000000 0.187171
vt 0.021628 0.103356
vt 0.021628 0.187171
vt 0.110826 0.000000
vt 0.067571 0.000000
vt 0.110826 0.025236
vt 0.067571 0.025236
vt 0.110826 0.055529
vt 0.067571 0.055529
vt 0.089199 0.000000
vt 0.089199 0.055529
vt 0.000000 0.261342
vt 0.000000 0.304598
vt 0.039377 0.261342
vt 0.039377 0.304598
vt 0.076578 0.261342
vt 0.076578 0.304598
vt 0.107978 0.261342
vt 0.107978 0.304598
vt 0.000000 0.282970
vt 0.107978 0.282970
vt 0.583823 0.000000
vt 0.540568 0.000000
vt 0.583823 0.113495
vt 0.540568 0.113495
vt 0.583823 0.207600
vt 0.540568 0.207600
vt 0.562195 0.000000
vn 0.000000 1.000000 -0.000000
vn 0.000000 1.000000 -0.000000
vn 0.000000 1.000000 -0.000000
vn 0.000000 1.000000 -0.000000
vn -0.000000 -1.000000 0.000000
vn -0.000000 -1.000000 0.000000
vn -0.000000 -1.000000 0.000000
vn -0.000000 -1.000000 0.000000
vn -1.000000 -0.000000 0.000000
vn -1.000000 -0.000000 -0.000000
vn -1.000000 -0.000000 -0.000000
vn -1.000000 0.000000 0.000000
vn 0.000000 0.000000 -1.000000
vn 0.000000 0.000000 -1.000000
vn -0.000000 -0.000000 -1.000000
vn 0.000000 -0.000000 -1.000000
vn 0.000000 -0.000000 1.000000
vn 0.000000 -0.000000 1.000000
vn -0.000000 0.000000 1.000000
vn 0.000000 0.000000 1.000000
vn 1.000000 -0.000000 0.000000
vn 1.000000 0.000000 -0.000000
vn 1.000000 -0.000000 -0.000000
vn 1.000000 -0.000000 0.000000
vn 0.000000 1.000000 -0.000000
vn 0.000000 1.000000 -0.000000
vn 0.000000 1.000000 -0.000000
vn 0.000000 1.000000 -0.000000
vn -0.000000 -1.000000 0.000000
vn -0.000000 -1.000000 0.000000
vn -0.000000 -1.000000 0.000000
vn -0.000000 -1.000000 0.000000
vn 0.000000 0.000000 -1.000000
vn 0.000000 0.000000 -1.000000
vn -0.000000 -0.000000 -1.000000
vn 0.000000 -0.000000 -1.000000
vn 1.000000 -0.000000 0.000000
vn 1.000000 0.000000 -0.000000
vn 1.000000 -0.000000 -0.000000
vn 1.000000 -0.000000 0.000000
vn -1.000000 -0.000000 0.000000
vn -1.000000 -0.000000 -0.000000
vn -1.000000 -0.000000 -0.000000
vn -1.000000 0.000000 0.000000
vn 0.000000 -0.000000 1.000000
vn 0.000000 -0.000000 1.000000
vn -0.000000 0.000000 1.000000
vn 0.000000 0.000000 1.000000
vn -0.923880 0.000000 0.382683
vn -0.923880 0.000000 0.382683
vn -0.923880 0.000000 0.382683
vn -0.923880 0.000000 0.382683
vn -0.923880 0.000000 0.382683
vn -0.923880 0.000000 0.382683
vn -0.923880 0.000000 0.382683
vn -0.923880 0.000000 0.382683
vn 0.923880 -0.000000 -0.382683
vn 0.923880 -0.000000 -0.382683
vn 0.923880 -0.000000 -0.382683
vn 0.923880 -0.000000 -0.382683
vn 0.923880 -0.000000 -0.382683
vn 0.923880 0.000000 -0.382683
vn 0.923880 -0.000000 -0.382683
vn 0.923880 0.000000 -0.382683
vn 0.808037 -0.484822 -0.334700
vn 0.808037 -0.484822 -0.334700
vn 0.808037 -0.484822 -0.334700
vn 0.808037 -0.484822 0.334700
vn 0.808037 -0.484822 0.334700
vn 0.808037 -0.484822 0.334700
vn 0.334700 -0.484822 0.808037
vn 0.334700 -0.484822 0.808037
vn 0.334700 -0.484822 0.808037
vn -0.334700 -0.484822 0.808037
vn -0.334700 -0.484822 0.808037
vn -0.334700 -0.484822 0.808037
vn 0.334700 -0.484822 -0.808037
vn 0.334700 -0.484822 -0.808037
vn 0.334700 -0.484822 -0.808037
vn -0.334700 -0.484822 -0.808037
vn -0.334700 -0.484822 -0.808037
vn -0.334700 -0.484822 -0.808037
vn -0.808037 -0.484822 -0.334700
vn -0.808037 -0.484822 -0.334700
vn -0.808037 -0.484822 -0.334700
vn -0.808037 -0.484822 0.334700
vn -0.808037 -0.484822 0.334700
vn -0.808037 -0.484822 0.334700
vn -0.000000 1.000000 0.000000
vn -0.000000 1.000000 0.000000
vn -0.000000 1.000000 0.000000
vn -0.000000 1.000000 0.000000
vn -0.000000 1.000000 0.000000
vn -0.000000 1.000000 0.000000
vn -0.000000 1.000000 0.000000
vn -0.000000 1.000000 0.000000
vn 0.382683 0.000000 0.923880
vn 0.382683 0.000000 0.923880
vn 0.382683 0.000000 0.923880
vn 0.382683 0.000000 0.923880
vn 0.382683 0.000000 0.923880
vn 0.382683 0.000000 0.923880
vn 0.382683 0.000000 0.923880
vn 0.382683 0.000000 0.923880
vn 0.382683 0.000000 0.923880
vn 0.382683 0.000000 0.923880
vn 0.382683 0.000000 0.923880
vn 0.382683 0.000000 0.923880
vn 0.382683 0.000000 0.923880
vn 0.382683 0.000000 0.923880
vn 0.382683 0.000000 0.923880
vn 0.382683 0.000000 0.923880
vn 0.382683 0.000000 0.923880
vn 0.382683 0.000000 0.923880
vn 0.382683 0.000000 0.923880
vn 0.382683 0.000000 0.923880
vn 0.382683 0.000000 0.923880
vn 0.382683 0.000000 0.923880
vn 0.382683 0.000000 0.923880
vn 0.382683 0.000000 0.923880
vn 0.382683 0.000000 0.923880
vn 0.382683 0.000000 0.923880
vn 0.382683 0.000000 0.923880
vn 0.382683 0.000000 0.923880
vn 0.382683 0.000000 0.923880
vn 0.382683 0.000000 0.923880
vn 0.382683 0.000000 0.923880
vn 0.382683 0.000000 0.923880
vn 0.382683 0.000000 0.923880
vn 0.382683 0.000000 0.923880
vn 0.382683 0.000000 0.923880
vn 0.382683 0.000000 0.923880
vn 0.382683 0.000000 0.923880
vn 0.382683 0.000000 0.923880
vn 0.382683 0.000000 0.923880
vn 0.382683 0.000000 0.923880
vn 0.382683 0.000000 0.923880
vn 0.382683 0.000000 0.923880
vn 0.382683 0.000000 0.923880
vn 0.382683 0.000000 0.923880
vn 0.382683 0.000000 0.923880
vn 0.382683 0.000000 0.923880
vn 0.382683 0.000000 0.923880
vn 0.382683 0.000000 0.923880
vn -0.382683 0.000000 0.923880
vn -0.382683 0.000000 0.923880
vn -0.382683 0.000000 0.923880
vn 0.923880 0.000000 0.382683
vn 0.923880 0.000000 0.382683
vn 0.923880 0.000000 0.382683
vn 0.923880 0.000000 0.382683
vn 0.923880 0.000000 0.382683
vn 0.923880 0.000000 0.382683
vn 0.923880 0.000000 0.382683
vn 0.923880 0.000000 0.382683
vn 0.923880 0.000000 0.382683
vn 0.923880 0.000000 0.382683
vn 0.923880 0.000000 0.382683
vn 0.923880 0.000000 0.382683
vn 0.923880 0.000000 0.382683
vn 0.923880 0.000000 0.382683
vn 0.923880 0.000000 0.382683
vn 0.923880 0.000000 0.382683
vn 0.923880 0.000000 0.382683
vn 0.923880 0.000000 0.382683
vn 0.923880 0.000000 0.382683
vn 0.923880 0.000000 0.382683
vn 0.923880 0.000000 0.382683
vn 0.923880 0.000000 0.382683
vn 0.923880 0.000000 0.382683
vn 0.923880 0.000000 0.382683
vn 0.923880 0.000000 0.382683
vn 0.923880 0.000000 0.382683
vn 0.923880 0.000000 0.382683
vn 0.923880 0.000000 0.382683
vn 0.923880 0.000000 0.382683
vn 0.923880 0.000000 0.382683
vn 0.923880 0.000000 0.382683
vn 0.923880 0.000000 0.382683
vn 0.923880 0.000000 0.382683
vn 0.923880 0.000000 0.382683
vn 0.923880 0.000000 0.382683
vn 0.923880 0.000000 0.382683
vn 0.923880 0.000000 0.382683
vn 0.923880 0.000000 0.382683
vn 0.923880 0.000000 0.382683
vn 0.923880 0.000000 0.382683
vn 0.923880 0.000000 0.382683
vn 0.923880 0.000000 0.382683
vn 0.923880 0.000000 0.382683
vn 0.923880 0.000000 0.382683
vn 0.923880 0.000000 0.382683
vn 0.923880 0.000000 0.382683
vn 0.923880 0.000000 0.382683
vn 0.923880 0.000000 0.382683
vn 0.923880 0.000000 0.382683
vn 0.382683 0.000000 0.923880
vn 0.382683 0.000000 0.923880
vn 0.382683 0.000000 0.923880
vn 0.382683 0.000000 0.923880
vn 0.382683 0.000000 0.923880
vn 0.382683 0.000000 0.923880
vn 0.382683 0.000000 0.923880
vn 0.382683 0.000000 0.923880
vn 0.382683 0.000000 0.923880
vn 0.382683 0.000000 0.923880
vn 0.382683 0.000000 0.923880
vn 0.382683 0.000000 0.923880
vn 0.382683 0.000000 0.923880
vn 0.382683 0.000000 0.923880
vn 0.382683 0.000000 0.923880
vn 0.382683 0.000000 0.923880
vn 0.382683 0.000000 0.923880
vn 0.382683 0.000000 0.923880
vn 0.382683 0.000000 0.923880
vn 0.382683 0.000000 0.923880
vn 0.382683 0.000000 0.923880
vn 0.382683 0.000000 0.923880
vn 0.382683 0.000000 0.923880
vn 0.382683 0.000000 0.923880
vn 0.382683 0.000000 0.923880
vn 0.382683 0.000000 0.923880
vn 0.382683 0.000000 0.923880
vn 0.382683 0.000000 0.923880
vn 0.382683 0.000000 0.923880
vn 0.382683 0.000000 0.923880
vn 0.382683 0.000000 0.923880
vn 0.382683 0.000000 0.923880
vn 0.382683 0.000000 0.923880
vn 0.382683 0.000000 0.923880
vn 0.382683 0.000000 0.923880
vn 0.382683 0.000000 0.923880
vn 0.382683 0.000000 0.923880
vn -0.382683 0.000000 0.923880
vn -0.382683 0.000000 0.923880
vn -0.382683 0.000000 0.923880
vn -0.382683 0.000000 0.923880
vn -0.382683 0.000000 0.923880
vn 0.923880 0.000000 0.382683
vn 0.923880 0.000000 0.382683
vn 0.923880 0.000000 0.382683
vn 0.923880 0.000000 0.382683
vn 0.923880 0.000000 0.382683
vn 0.923880 0.000000 0.382683
vn 0.923880 0.000000 0.382683
vn 0.923880 0.000000 0.382683
vn 0.923880 0.000000 0.382683
vn 0.923880 0.000000 0.382683
vn 0.923880 0.000000 0.382683
vn 0.923880 0.000000 0.382683
vn 0.923880 0.000000 0.382683
vn 0.923880 0.000000 0.382683
vn 0.923880 0.000000 0.382683
vn 0.923880 0.000000 0.382683
vn 0.923880 0.000000 0.382683
vn 0.923880 0.000000 0.382683
vn 0.923880 0.000000 0.382683
vn 0.923880 0.000000 0.382683
vn 0.923880 0.000000 0.382683
vn 0.923880 0.000000 0.382683
vn 0.923880 0.000000 0.382683
vn 0.923880 0.000000 0.382683
vn 0.923880 0.000000 0.382683
vn 0.923880 0.000000 0.382683
vn 0.923880 0.000000 0.382683
vn 0.923880 0.000000 0.382683
vn 0.923880 0.000000 0.382683
vn 0.923880 0.000000 0.382683
vn 0.923880 0.000000 0.382683
vn 0.923880 0.000000 0.382683
vn 0.923880 0.000000 0.382683
vn 0.923880 0.000000 0.382683
vn 0.923880 0.000000 0.382683
vn -0.923880 0.000000 -0.382683
vn -0.923880 0.000000 -0.382683
vn -0.923880 0.000000 -0.382683
vn -0.923880 0.000000 -0.382683
vn -0.382683 0.000000 -0.923880
vn -0.382683 0.000000 -0.923880
vn -0.382683 0.000000 -0.923880
vn -0.382683 0.000000 -0.923880
vn -0.382683 0.000000 -0.923880
vn -0.382683 0.000000 -0.923880
vn -0.382683 0.000000 -0.923880
vn -0.382683 0.000000 -0.923880
vn -0.382683 0.000000 -0.923880
vn -0.382683 0.000000 -0.923880
vn -0.382683 0.000000 -0.923880
vn -0.382683 0.000000 -0.923880
vn -0.382683 0.000000 -0.923880
vn -0.382683 0.000000 -0.923880
vn -0.382683 0.000000 -0.923880
vn -0.382683 0.000000 -0.923880
vn -0.382683 0.000000 -0.923880
vn -0.382683 0.000000 -0.923880
vn -0.382683 0.000000 -0.923880
vn -0.382683 0.000000 -0.923880
vn -0.382683 0.000000 -0.923880
vn -0.382683 0.000000 -0.923880
vn -0.382683 0.000000 -0.923880
vn -0.382683 0.000000 -0.923880
vn -0.382683 0.000000 -0.923880
vn -0.382683 0.000000 -0.923880
vn -0.382683 0.000000 -0.923880
vn -0.382683 0.000000 -0.923880
vn -0.382683 0.000000 -0.923880
vn -0.382683 0.000000 -0.923880
vn -0.382683 0.000000 -0.923880
vn -0.382683 0.000000 -0.923880
vn -0.382683 0.000000 -0.923880
vn -0.382683 0.000000 -0.923880
vn -0.382683 0.000000 -0.923880
vn -0.382683 0.000000 -0.923880
vn -0.382683 0.000000 -0.923880
vn -0.382683 0.000000 -0.923880
vn -0.382683 0.000000 -0.923880
vn -0.382683 0.000000 -0.923880
vn -0.382683 0.000000 -0.923880
vn -0.382683 0.000000 -0.923880
vn -0.382683 0.000000 -0.923880
vn -0.382683 0.000000 -0.923880
vn -0.382683 0.000000 -0.923880
vn -0.382683 0.000000 -0.923880
vn -0.382683 0.000000 -0.923880
vn -0.382683 0.000000 -0.923880
vn -0.382683 0.000000 -0.923880
vn -0.382683 0.000000 -0.923880
vn -0.382683 0.000000 -0.923880
vn -0.382683 0.000000 -0.923880
vn -0.382683 0.000000 -0.923880
vn -0.382683 0.000000 -0.923880
vn 0.382683 0.000000 -0.923880
vn 0.382683 -0.000000 -0.923880
vn 0.382683 0.000000 -0.923880
vn 0.382683 -0.000000 -0.923880
vn -0.923880 0.000000 -0.382683
vn -0.923880 0.000000 -0.382683
vn -0.923880 0.000000 -0.382683
vn -0.923880 0.000000 -0.382683
vn -0.923880 0.000000 -0.382683
vn -0.923880 0.000000 -0.382683
vn -0.382683 0.000000 -0.923880
vn -0.382683 0.000000 -0.923880
vn -0.382683 0.000000 -0.923880
vn -0.382683 0.000000 -0.923880
vn -0.382683 0.000000 -0.923880
vn -0.382683 0.000000 -0.923880
vn -0.382683 0.000000 -0.923880
vn -0.382683 0.000000 -0.923880
vn -0.382683 0.000000 -0.923880
vn -0.382683 0.000000 -0.923880
vn -0.382683 0.000000 -0.923880
vn -0.382683 0.000000 -0.923880
vn -0.382683 0.000000 -0.923880
vn -0.382683 0.000000 -0.923880
vn -0.382683 0.000000 -0.923880
vn -0.382683 0.000000 -0.923880
vn -0.382683 0.000000 -0.923880
vn -0.382683 0.000000 -0.923880
vn -0.382683 0.000000 -0.923880
vn -0.382683 0.000000 -0.923880
vn -0.382683 0.000000 -0.923880
vn -0.382683 0.000000 -0.923880
vn -0.382683 0.000000 -0.923880
vn -0.382683 0.000000 -0.923880
vn -0.382683 0.000000 -0.923880
vn -0.382683 0.000000 -0.923880
vn -0.382683 0.000000 -0.923880
vn -0.382683 0.000000 -0.923880
vn -0.382683 0.000000 -0.923880
vn -0.382683 0.000000 -0.923880
vn -0.382683 0.000000 -0.923880
vn -0.382683 0.000000 -0.923880
vn -0.382683 0.000000 -0.923880
vn -0.382683 0.000000 -0.923880
vn -0.382683 0.000000 -0.923880
vn -0.382683 0.000000 -0.923880
vn -0.382683 0.000000 -0.923880
vn 0.382683 0.000000 -0.923880
vn 0.382683 0.000000 -0.923880
vn 0.382683 0.000000 -0.923880
vn 0.382683 -0.000000 -0.923880
vn 0.382683 0.000000 -0.923880
vn 0.382683 0.000000 -0.923880
vn -0.923880 0.000000 0.382683
vn -0.923880 0.000000 0.382683
vn -0.923880 0.000000 0.382683
vn -0.923880 0.000000 0.382683
vn -0.923880 0.000000 0.382683
vn -0.923880 0.000000 0.382683
vn -0.923880 0.000000 0.382683
vn -0.923880 0.000000 0.382683
vn 0.923880 -0.000000 -0.382683
vn 0.923880 -0.000000 -0.382683
vn 0.923880 -0.000000 -0.382683
vn 0.923880 -0.000000 -0.382683
vn 0.923880 -0.000000 -0.382683
vn 0.923880 0.000000 -0.382683
vn 0.923880 -0.000000 -0.382683
vn 0.923880 0.000000 -0.382683
vn 0.808037 -0.484822 -0.334700
vn 0.808037 -0.484822 -0.334700
vn 0.808037 -0.484822 -0.334700
vn 0.808037 -0.484822 0.334700
vn 0.808037 -0.484822 0.334700
vn 0.808037 -0.484822 0.334700
vn 0.334700 -0.484822 0.808037
vn 0.334700 -0.484822 0.808037
vn 0.334700 -0.484822 0.808037
vn -0.334700 -0.484822 0.808037
vn -0.334700 -0.484822 0.808037
vn -0.334700 -0.484822 0.808037
vn 0.334700 -0.484822 -0.808037
vn 0.334700 -0.484822 -0.808037
vn 0.334700 -0.484822 -0.808037
vn -0.334700 -0.484822 -0.808037
vn -0.334700 -0.484822 -0.808037
vn -0.334700 -0.484822 -0.808037
vn -0.808037 -0.484822 -0.334700
vn -0.808037 -0.484822 -0.334700
vn -0.808037 -0.484822 -0.334700
vn -0.808037 -0.484822 0.334700
vn -0.808037 -0.484822 0.334700
vn -0.808037 -0.484822 0.334700
vn -0.000000 1.000000 0.000000
vn -0.000000 1.000000 0.000000
vn -0.000000 1.000000 0.000000
vn -0.000000 1.000000 0.000000
vn -0.000000 1.000000 0.000000
vn -0.000000 1.000000 0.000000
vn -0.000000 1.000000 0.000000
vn -0.000000 1.000000 0.000000
vn 0.382683 0.000000 0.923880
vn 0.382683 0.000000 0.923880
vn 0.382683 0.000000 0.923880
vn 0.382683 0.000000 0.923880
vn 0.382683 0.000000 0.923880
vn 0.382683 0.000000 0.923880
vn 0.382683 0.000000 0.923880
vn 0.382683 0.000000 0.923880
vn 0.382683 0.000000 0.923880
vn 0.382683 0.000000 0.923880
vn 0.382683 0.000000 0.923880
vn 0.382683 0.000000 0.923880
vn 0.382683 0.000000 0.923880
vn 0.382683 0.000000 0.923880
vn 0.382683 0.000000 0.923880
vn 0.382683 0.000000 0.923880
vn 0.382683 0.000000 0.923880
vn 0.382683 0.000000 0.923880
vn 0.382683 0.000000 0.923880
vn 0.382683 0.000000 0.923880
vn 0.382683 0.000000 0.923880
vn 0.382683 0.000000 0.923880
vn 0.382683 0.000000 0.923880
vn 0.382683 0.000000 0.923880
vn 0.382683 0.000000 0.923880
vn 0.382683 0.000000 0.923880
vn 0.382683 0.000000 0.923880
vn 0.382683 0.000000 0.923880
vn 0.382683 0.000000 0.923880
vn 0.382683 0.000000 0.923880
vn 0.382683 0.000000 0.923880
vn 0.382683 0.000000 0.923880
vn 0.382683 0.000000 0.923880
vn 0.382683 0.000000 0.923880
vn 0.382683 0.000000 0.923880
vn 0.382683 0.000000 0.923880
vn 0.382683 0.000000 0.923880
vn 0.382683 0.000000 0.923880
vn 0.382683 0.000000 0.923880
vn 0.382683 0.000000 0.923880
vn 0.382683 0.000000 0.923880
vn 0.382683 0.000000 0.923880
vn 0.382683 0.000000 0.923880
vn 0.382683 0.000000 0.923880
vn 0.382683 0.000000 0.923880
vn 0.382683 0.000000 0.923880
vn 0.382683 0.000000 0.923880
vn 0.382683 0.000000 0.923880
vn -0.382683 0.000000 0.923880
vn -0.382683 0.000000 0.923880
vn -0.382683 0.000000 0.923880
vn 0.923880 0.000000 0.382683
vn 0.923880 0.000000 0.382683
vn 0.923880 0.000000 0.382683
vn 0.923880 0.000000 0.382683
vn 0.923880 0.000000 0.382683
vn 0.923880 0.000000 0.382683
vn 0.923880 0.000000 0.382683
vn 0.923880 0.000000 0.382683
vn 0.923880 0.000000 0.382683
vn 0.923880 0.000000 0.382683
vn 0.923880 0.000000 0.382683
vn 0.923880 0.000000 0.382683
vn 0.923880 0.000000 0.382683
vn 0.923880 0.000000 0.382683
vn 0.923880 0.000000 0.382683
vn 0.923880 0.000000 0.382683
vn 0.923880 0.000000 0.382683
vn 0.923880 0.000000 0.382683
vn 0.923880 0.000000 0.382683
vn 0.923880 0.000000 0.382683
vn 0.923880 0.000000 0.382683
vn 0.923880 0.000000 0.382683
vn 0.923880 0.000000 0.382683
vn 0.923880 0.000000 0.382683
vn 0.923880 0.000000 0.382683
vn 0.923880 0.000000 0.382683
vn 0.923880 0.000000 0.382683
vn 0.923880 0.000000 0.382683
vn 0.923880 0.000000 0.382683
vn 0.923880 0.000000 0.382683
vn 0.923880 0.000000 0.382683
vn 0.923880 0.000000 0.382683
vn 0.923880 0.000000 0.382683
vn 0.923880 0.000000 0.382683
vn 0.923880 0.000000 0.382683
vn 0.923880 0.000000 0.382683
vn 0.923880 0.000000 0.382683
vn 0.923880 0.000000 0.382683
vn 0.923880 0.000000 0.382683
vn 0.923880 0.000000 0.382683
vn 0.923880 0.000000 0.382683
vn 0.923880 0.000000 0.382683
vn 0.923880 0.000000 0.382683
vn 0.923880 0.000000 0.382683
vn 0.923880 0.000000 0.382683
vn 0.923880 0.000000 0.382683
vn 0.923880 0.000000 0.382683
vn 0.923880 0.000000 0.382683
vn 0.923880 0.000000 0.382683
vn 0.382683 0.000000 0.923880
vn 0.382683 0.000000 0.923880
vn 0.382683 0.000000 0.923880
vn 0.382683 0.000000 0.923880
vn 0.382683 0.000000 0.923880
vn 0.382683 0.000000 0.923880
vn 0.382683 0.000000 0.923880
vn 0.382683 0.000000 0.923880
vn 0.382683 0.000000 0.923880
vn 0.382683 0.000000 0.923880
vn 0.382683 0.000000 0.923880
vn 0.382683 0.000000 0.923880
vn 0.382683 0.000000 0.923880
vn 0.382683 0.000000 0.923880
vn 0.382683 0.000000 0.923880
vn 0.382683 0.000000 0.923880
vn 0.382683 0.000000 0.923880
vn 0.382683 0.000000 0.923880
vn 0.382683 0.000000 0.923880
vn 0.382683 0.000000 0.923880
vn 0.382683 0.000000 0.923880
vn 0.382683 0.000000 0.923880
vn 0.382683 0.000000 0.923880
vn 0.382683 0.000000 0.923880
vn 0.382683 0.000000 0.923880
vn 0.382683 0.000000 0.923880
vn 0.382683 0.000000 0.923880
vn 0.382683 0.000000 0.923880
vn 0.382683 0.000000 0.923880
vn 0.382683 0.000000 0.923880
vn 0.382683 0.000000 0.923880
vn 0.382683 0.000000 0.923880
vn 0.382683 0.000000 0.923880
vn 0.382683 0.000000 0.923880
vn 0.382683 0.000000 0.923880
vn 0.382683 0.000000 0.923880
vn 0.382683 0.000000 0.923880
vn -0.382683 0.000000 0.923880
vn -0.382683 0.000000 0.923880
vn -0.382683 0.000000 0.923880
vn -0.382683 0.000000 0.923880
vn -0.382683 0.000000 0.923880
vn 0.923880 0.000000 0.382683
vn 0.923880 0.000000 0.382683
vn 0.923880 0.000000 0.382683
vn 0.923880 0.000000 0.382683
vn 0.923880 0.000000 0.382683
vn 0.923880 0.000000 0.382683
vn 0.923880 0.000000 0.382683
vn 0.923880 0.000000 0.382683
vn 0.923880 0.000000 0.382683
vn 0.923880 0.000000 0.382683
vn 0.923880 0.000000 0.382683
vn 0.923880 0.000000 0.382683
vn 0.923880 0.000000 0.382683
vn 0.923880 0.000000 0.382683
vn 0.923880 0.000000 0.382683
vn 0.923880 0.000000 0.382683
vn 0.923880 0.000000 0.382683
vn 0.923880 0.000000 0.382683
vn 0.923880 0.000000 0.382683
vn 0.923880 0.000000 0.382683
vn 0.923880 0.000000 0.382683
vn 0.923880 0.000000 0.382683
vn 0.923880 0.000000 0.382683
vn 0.923880 0.000000 0.382683
vn 0.923880 0.000000 0.382683
vn 0.923880 0.000000 0.382683
vn 0.923880 0.000000 0.382683
vn 0.923880 0.000000 0.382683
vn 0.923880 0.000000 0.382683
vn 0.923880 0.000000 0.382683
vn 0.923880 0.000000 0.382683
vn 0.923880 0.000000 0.382683
vn 0.923880 0.000000 0.382683
vn 0.923880 0.000000 0.382683
vn 0.923880 0.000000 0.382683
vn -0.923880 0.000000 -0.382683
vn -0.923880 0.000000 -0.382683
vn -0.923880 0.000000 -0.382683
vn -0.923880 0.000000 -0.382683
vn -0.382683 0.000000 -0.923880
vn -0.382683 0.000000 -0.923880
vn -0.382683 0.000000 -0.923880
vn -0.382683 0.000000 -0.923880
vn -0.382683 0.000000 -0.923880
vn -0.382683 0.000000 -0.923880
vn -0.382683 0.000000 -0.923880
vn -0.382683 0.000000 -0.923880
vn -0.382683 0.000000 -0.923880
vn -0.382683 0.000000 -0.923880
vn -0.382683 0.000000 -0.923880
vn -0.382683 0.000000 -0.923880
vn -0.382683 0.000000 -0.923880
vn -0.382683 0.000000 -0.923880
vn -0.382683 0.000000 -0.923880
vn -0.382683 0.000000 -0.923880
vn -0.382683 0.000000 -0.923880
vn -0.382683 0.000000 -0.923880
vn -0.382683 0.000000 -0.923880
vn -0.382683 0.000000 -0.923880
vn -0.382683 0.000000 -0.923880
vn -0.382683 0.000000 -0.923880
vn -0.382683 0.000000 -0.923880
vn -0.382683 0.000000 -0.923880
vn -0.382683 0.000000 -0.923880
vn -0.382683 0.000000 -0.923880
vn -0.382683 0.000000 -0.923880
vn -0.382683 0.000000 -0.923880
vn -0.382683 0.000000 -0.923880
vn -0.382683 0.000000 -0.923880
vn -0.382683 0.000000 -0.923880
vn -0.382683 0.000000 -0.923880
vn -0.382683 0.000000 -0.923880
vn -0.382683 0.000000 -0.923880
vn -0.382683 0.000000 -0.923880
vn -0.382683 0.000000 -0.923880
vn -0.382683 0.000000 -0.923880
vn -0.382683 0.000000 -0.923880
vn -0.382683 0.000000 -0.923880
vn -0.382683 0.000000 -0.923880
vn -0.382683 0.000000 -0.923880
vn -0.382683 0.000000 -0.923880
vn -0.382683 0.000000 -0.923880
vn -0.382683 0.000000 -0.923880
vn -0.382683 0.000000 -0.923880
vn -0.382683 0.000000 -0.923880
vn -0.382683 0.000000 -0.923880
vn -0.382683 0.000000 -0.923880
vn -0.382683 0.000000 -0.923880
vn -0.382683 0.000000 -0.923880
vn -0.382683 0.000000 -0.923880
vn -0.382683 0.000000 -0.923880
vn -0.382683 0.000000 -0.923880
vn -0.382683 0.000000 -0.923880
vn 0.382683 0.000000 -0.923880
vn 0.382683 -0.000000 -0.923880
vn 0.382683 0.000000 -0.923880
vn 0.382683 -0.000000 -0.923880
vn -0.923880 0.000000 -0.382683
vn -0.923880 0.000000 -0.382683
vn -0.923880 0.000000 -0.382683
vn -0.923880 0.000000 -0.382683
vn -0.923880 0.000000 -0.382683
vn -0.923880 0.000000 -0.382683
vn -0.382683 0.000000 -0.923880
vn -0.382683 0.000000 -0.923880
vn -0.382683 0.000000 -0.923880
vn -0.382683 0.000000 -0.923880
vn -0.382683 0.000000 -0.923880
vn -0.382683 0.000000 -0.923880
vn -0.382683 0.000000 -0.923880
vn -0.382683 0.000000 -0.923880
vn -0.382683 0.000000 -0.923880
vn -0.382683 0.000000 -0.923880
vn -0.382683 0.000000 -0.923880
vn -0.382683 0.000000 -0.923880
vn -0.382683 0.000000 -0.923880
vn -0.382683 0.000000 -0.923880
vn -0.382683 0.000000 -0.923880
vn -0.382683 0.000000 -0.923880
vn -0.382683 0.000000 -0.923880
vn -0.382683 0.000000 -0.923880
vn -0.382683 0.000000 -0.923880
vn -0.382683 0.000000 -0.923880
vn -0.382683 0.000000 -0.923880
vn -0.382683 0.000000 -0.923880
vn -0.382683 0.000000 -0.923880
vn -0.382683 0.000000 -0.923880
vn -0.382683 0.000000 -0.923880
vn -0.382683 0.000000 -0.923880
vn -0.382683 0.000000 -0.923880
vn -0.382683 0.000000 -0.923880
vn -0.382683 0.000000 -0.923880
vn -0.382683 0.000000 -0.923880
vn -0.382683 0.000000 -0.923880
vn -0.382683 0.000000 -0.923880
vn -0.382683 0.000000 -0.923880
vn -0.382683 0.000000 -0.923880
vn -0.382683 0.000000 -0.923880
vn -0.382683 0.000000 -0.923880
vn -0.382683 0.000000 -0.923880
vn 0.382683 0.000000 -0.923880
vn 0.382683 0.000000 -0.923880
vn 0.382683 0.000000 -0.923880
vn 0.382683 -0.000000 -0.923880
vn 0.382683 0.000000 -0.923880
vn 0.382683 0.000000 -0.923880
vn -0.923880 0.000000 0.382683
vn -0.923880 0.000000 0.382683
vn -0.923880 0.000000 0.382683
vn -0.923880 0.000000 0.382683
vn -0.923880 0.000000 0.382683
vn -0.923880 0.000000 0.382683
vn -0.923880 0.000000 0.382683
vn -0.923880 0.000000 0.382683
vn 0.923880 -0.000000 -0.382683
vn 0.923880 -0.000000 -0.382683
vn 0.923880 -0.000000 -0.382683
vn 0.923880 -0.000000 -0.382683
vn 0.923880 -0.000000 -0.382683
vn 0.923880 0.000000 -0.382683
vn 0.923880 -0.000000 -0.382683
vn 0.923880 0.000000 -0.382683
vn 0.808037 -0.484822 -0.334700
vn 0.808037 -0.484822 -0.334700
vn 0.808037 -0.484822 -0.334700
vn 0.808037 -0.484822 0.334700
vn 0.808037 -0.484822 0.334700
vn 0.808037 -0.484822 0.334700
vn 0.334700 -0.484822 0.808037
vn 0.334700 -0.484822 0.808037
vn 0.334700 -0.484822 0.808037
vn -0.334700 -0.484822 0.808037
vn -0.334700 -0.484822 0.808037
vn -0.334700 -0.484822 0.808037
vn 0.334700 -0.484822 -0.808037
vn 0.334700 -0.484822 -0.808037
vn 0.334700 -0.484822 -0.808037
vn -0.334700 -0.484822 -0.808037
vn -0.334700 -0.484822 -0.808037
vn -0.334700 -0.484822 -0.808037
vn -0.808037 -0.484822 -0.334700
vn -0.808037 -0.484822 -0.334700
vn -0.808037 -0.484822 -0.334700
vn -0.808037 -0.484822 0.334700
vn -0.808037 -0.484822 0.334700
vn -0.808037 -0.484822 0.334700
vn -0.000000 1.000000 0.000000
vn -0.000000 1.000000 0.000000
vn -0.000000 1.000000 0.000000
vn -0.000000 1.000000 0.000000
vn -0.000000 1.000000 0.000000
vn -0.000000 1.000000 0.000000
vn -0.000000 1.000000 0.000000
vn -0.000000 1.000000 0.000000
vn 0.382683 0.000000 0.923880
vn 0.382683 0.000000 0.923880
vn 0.382683 0.000000 0.923880
vn 0.382683 0.000000 0.923880
vn 0.382683 0.000000 0.923880
vn 0.382683 0.000000 0.923880
vn 0.382683 0.000000 0.923880
vn 0.382683 0.000000 0.923880
vn 0.382683 0.000000 0.923880
vn 0.382683 0.000000 0.923880
vn 0.382683 0.000000 0.923880
vn 0.382683 0.000000 0.923880
vn 0.382683 0.000000 0.923880
vn 0.382683 0.000000 0.923880
vn 0.382683 0.000000 0.923880
vn 0.382683 0.000000 0.923880
vn 0.382683 0.000000 0.923880
vn 0.382683 0.000000 0.923880
vn 0.382683 0.000000 0.923880
vn 0.382683 0.000000 0.923880
vn 0.382683 0.000000 0.923880
vn 0.382683 0.000000 0.923880
vn 0.382683 0.000000 0.923880
vn 0.382683 0.000000 0.923880
vn 0.382683 0.000000 0.923880
vn 0.382683 0.000000 0.923880
vn 0.382683 0.000000 0.923880
vn 0.382683 0.000000 0.923880
vn 0.382683 0.000000 0.923880
vn 0.382683 0.000000 0.923880
vn 0.382683 0.000000 0.923880
vn 0.382683 0.000000 0.923880
vn 0.382683 0.000000 0.923880
vn 0.382683 0.000000 0.923880
vn 0.382683 0.000000 0.923880
vn 0.382683 0.000000 0.923880
vn 0.382683 0.000000 0.923880
vn 0.382683 0.000000 0.923880
vn 0.382683 0.000000 0.923880
vn 0.382683 0.000000 0.923880
vn 0.382683 0.000000 0.923880
vn 0.382683 0.000000 0.923880
vn 0.382683 0.000000 0.923880
vn 0.382683 0.000000 0.923880
vn 0.382683 0.000000 0.923880
vn 0.382683 0.000000 0.923880
vn 0.382683 0.000000 0.923880
vn 0.382683 0.000000 0.923880
vn -0.382683 0.000000 0.923880
vn -0.382683 0.000000 0.923880
vn -0.382683 0.000000 0.923880
vn 0.923880 0.000000 0.382683
vn 0.923880 0.000000 0.382683
vn 0.923880 0.000000 0.382683
vn 0.923880 0.000000 0.382683
vn 0.923880 0.000000 0.382683
vn 0.923880 0.000000 0.382683
vn 0.923880 0.000000 0.382683
vn 0.923880 0.000000 0.382683
vn 0.923880 0.000000 0.382683
vn 0.923880 0.000000 0.382683
vn 0.923880 0.000000 0.382683
vn 0.923880 0.000000 0.382683
vn 0.923880 0.000000 0.382683
vn 0.923880 0.000000 0.382683
vn 0.923880 0.000000 0.382683
vn 0.923880 0.000000 0.382683
vn 0.923880 0.000000 0.382683
vn 0.923880 0.000000 0.382683
vn 0.923880 0.000000 0.382683
vn 0.923880 0.000000 0.382683
vn 0.923880 0.000000 0.382683
vn 0.923880 0.000000 0.382683
vn 0.923880 0.000000 0.382683
vn 0.923880 0.000000 0.382683
vn 0.923880 0.000000 0.382683
vn 0.923880 0.000000 0.382683
vn 0.923880 0.000000 0.382683
vn 0.923880 0.000000 0.382683
vn 0.923880 0.000000 0.382683
vn 0.923880 0.000000 0.382683
vn 0.923880 0.000000 0.382683
vn 0.923880 0.000000 0.382683
vn 0.923880 0.000000 0.382683
vn 0.923880 0.000000 0.382683
vn 0.923880 0.000000 0.382683
vn 0.923880 0.000000 0.382683
vn 0.923880 0.000000 0.382683
vn 0.923880 0.000000 0.382683
vn 0.923880 0.000000 0.382683
vn 0.923880 0.000000 0.382683
vn 0.923880 0.000000 0.382683
vn 0.923880 0.000000 0.382683
vn 0.923880 0.000000 0.382683
vn 0.923880 0.000000 0.382683
vn 0.923880 0.000000 0.382683
vn 0.923880 0.000000 0.382683
vn 0.923880 0.000000 0.382683
vn 0.923880 0.000000 0.382683
vn 0.923880 0.000000 0.382683
vn 0.382683 0.000000 0.923880
vn 0.382683 0.000000 0.923880
vn 0.382683 0.000000 0.923880
vn 0.382683 0.000000 0.923880
vn 0.382683 0.000000 0.923880
vn 0.382683 0.000000 0.923880
vn 0.382683 0.000000 0.923880
vn 0.382683 0.000000 0.923880
vn 0.382683 0.000000 0.923880
vn 0.382683 0.000000 0.923880
vn 0.382683 0.000000 0.923880
vn 0.382683 0.000000 0.923880
vn 0.382683 0.000000 0.923880
vn 0.382683 0.000000 0.923880
vn 0.382683 0.000000 0.923880
vn 0.382683 0.000000 0.923880
vn 0.382683 0.000000 0.923880
vn 0.382683 0.000000 0.923880
vn 0.382683 0.000000 0.923880
vn 0.382683 0.000000 0.923880
vn 0.382683 0.000000 0.923880
vn 0.382683 0.000000 0.923880
vn 0.382683 0.000000 0.923880
vn 0.382683 0.000000 0.923880
vn 0.382683 0.000000 0.923880
vn 0.382683 0.000000 0.923880
vn 0.382683 0.000000 0.923880
vn 0.382683 0.000000 0.923880
vn 0.382683 0.000000 0.923880
vn 0.382683 0.000000 0.923880
vn 0.382683 0.000000 0.923880
vn 0.382683 0.000000 0.923880
vn 0.382683 0.000000 0.923880
vn 0.382683 0.000000 0.923880
vn 0.382683 0.000000 0.923880
vn 0.382683 0.000000 0.923880
vn 0.382683 0.000000 0.923880
vn -0.382683 0.000000 0.923880
vn -0.382683 0.000000 0.923880
vn -0.382683 0.000000 0.923880
vn -0.382683 0.000000 0.923880
vn -0.382683 0.000000 0.923880
vn 0.923880 0.000000 0.382683
vn 0.923880 0.000000 0.382683
vn 0.923880 0.000000 0.382683
vn 0.923880 0.000000 0.382683
vn 0.923880 0.000000 0.382683
vn 0.923880 0.000000 0.382683
vn 0.923880 0.000000 0.382683
vn 0.923880 0.000000 0.382683
vn 0.923880 0.000000 0.382683
vn 0.923880 0.000000 0.382683
vn 0.923880 0.000000 0.382683
vn 0.923880 0.000000 0.382683
vn 0.923880 0.000000 0.382683
vn 0.923880 0.000000 0.382683
vn 0.923880 0.000000 0.382683
vn 0.923880 0.000000 0.382683
vn 0.923880 0.000000 0.382683
vn 0.923880 0.000000 0.382683
vn 0.923880 0.000000 0.382683
vn 0.923880 0.000000 0.382683
vn 0.923880 0.000000 0.382683
vn 0.923880 0.000000 0.382683
vn 0.923880 0.000000 0.382683
vn 0.923880 0.000000 0.382683
vn 0.923880 0.000000 0.382683
vn 0.923880 0.000000 0.382683
vn 0.923880 0.000000 0.382683
vn 0.923880 0.000000 0.382683
vn 0.923880 0.000000 0.382683
vn 0.923880 0.000000 0.382683
vn 0.923880 0.000000 0.382683
vn 0.923880 0.000000 0.382683
vn 0.923880 0.000000 0.382683
vn 0.923880 0.000000 0.382683
vn 0.923880 0.000000 0.382683
vn -0.923880 0.000000 -0.382683
vn -0.923880 0.000000 -0.382683
vn -0.923880 0.000000 -0.382683
vn -0.923880 0.000000 -0.382683
vn -0.382683 0.000000 -0.923880
vn -0.382683 0.000000 -0.923880
vn -0.382683 0.000000 -0.923880
vn -0.382683 0.000000 -0.923880
vn -0.382683 0.000000 -0.923880
vn -0.382683 0.000000 -0.923880
vn -0.382683 0.000000 -0.923880
vn -0.382683 0.000000 -0.923880
vn -0.382683 0.000000 -0.923880
vn -0.382683 0.000000 -0.923880
vn -0.382683 0.000000 -0.923880
vn -0.382683 0.000000 -0.923880
vn -0.382683 0.000000 -0.923880
vn -0.382683 0.000000 -0.923880
vn -0.382683 0.000000 -0.923880
vn -0.382683 0.000000 -0.923880
vn -0.382683 0.000000 -0.923880
vn -0.382683 0.000000 -0.923880
vn -0.382683 0.000000 -0.923880
vn -0.382683 0.000000 -0.923880
vn -0.382683 0.000000 -0.923880
vn -0.382683 0.000000 -0.923880
vn -0.382683 0.000000 -0.923880
vn -0.382683 0.000000 -0.923880
vn -0.382683 0.000000 -0.923880
vn -0.382683 0.000000 -0.923880
vn -0.382683 0.000000 -0.923880
vn -0.382683 0.000000 -0.923880
vn -0.382683 0.000000 -0.923880
vn -0.382683 0.000000 -0.923880
vn -0.382683 0.000000 -0.923880
vn -0.382683 0.000000 -0.923880
vn -0.382683 0.000000 -0.923880
vn -0.382683 0.000000 -0.923880
vn -0.382683 0.000000 -0.923880
vn -0.382683 0.000000 -0.923880
vn -0.382683 0.000000 -0.923880
vn -0.382683 0.000000 -0.923880
vn -0.382683 0.000000 -0.923880
vn -0.382683 0.000000 -0.923880
vn -0.382683 0.000000 -0.923880
vn -0.382683 0.000000 -0.923880
vn -0.382683 0.000000 -0.923880
vn -0.382683 0.000000 -0.923880
vn -0.382683 0.000000 -0.923880
vn -0.382683 0.000000 -0.923880
vn -0.382683 0.000000 -0.923880
vn -0.382683 0.000000 -0.923880
vn -0.382683 0.000000 -0.923880
vn -0.382683 0.000000 -0.923880
vn -0.382683 0.000000 -0.923880
vn -0.382683 0.000000 -0.923880
vn -0.382683 0.000000 -0.923880
vn -0.382683 0.000000 -0.923880
vn 0.382683 0.000000 -0.923880
vn 0.382683 -0.000000 -0.923880
vn 0.382683 0.000000 -0.923880
vn 0.382683 -0.000000 -0.923880
vn -0.923880 0.000000 -0.382683
vn -0.923880 0.000000 -0.382683
vn -0.923880 0.000000 -0.382683
vn -0.923880 0.000000 -0.382683
vn -0.923880 0.000000 -0.382683
vn -0.923880 0.000000 -0.382683
vn -0.382683 0.000000 -0.923880
vn -0.382683 0.000000 -0.923880
vn -0.382683 0.000000 -0.923880
vn -0.382683 0.000000 -0.923880
vn -0.382683 0.000000 -0.923880
vn -0.382683 0.000000 -0.923880
vn -0.382683 0.000000 -0.923880
vn -0.382683 0.000000 -0.923880
vn -0.382683 0.000000 -0.923880
vn -0.382683 0.000000 -0.923880
vn -0.382683 0.000000 -0.923880
vn -0.382683 0.000000 -0.923880
vn -0.382683 0.000000 -0.923880
vn -0.382683 0.000000 -0.923880
vn -0.382683 0.000000 -0.923880
vn -0.382683 0.000000 -0.923880
vn -0.382683 0.000000 -0.923880
vn -0.382683 0.000000 -0.923880
vn -0.382683 0.000000 -0.923880
vn -0.382683 0.000000 -0.923880
vn -0.382683 0.000000 -0.923880
vn -0.382683 0.000000 -0.923880
vn -0.382683 0.000000 -0.923880
vn -0.382683 0.000000 -0.923880
vn -0.382683 0.000000 -0.923880
vn -0.382683 0.000000 -0.923880
vn -0.382683 0.000000 -0.923880
vn -0.382683 0.000000 -0.923880
vn -0.382683 0.000000 -0.923880
vn -0.382683 0.000000 -0.923880
vn -0.382683 0.000000 -0.923880
vn -0.382683 0.000000 -0.923880
vn -0.382683 0.000000 -0.923880
vn -0.382683 0.000000 -0.923880
vn -0.382683 0.000000 -0.923880
vn -0.382683 0.000000 -0.923880
vn -0.382683 0.000000 -0.923880
vn 0.382683 0.000000 -0.923880
vn 0.382683 0.000000 -0.923880
vn 0.382683 0.000000 -0.923880
vn 0.382683 -0.000000 -0.923880
vn 0.382683 0.000000 -0.923880
vn 0.382683 0.000000 -0.923880
vn -0.923880 0.000000 0.382683
vn -0.923880 0.000000 0.382683
vn -0.923880 0.000000 0.382683
vn -0.923880 0.000000 0.382683
vn -0.923880 0.000000 0.382683
vn -0.923880 0.000000 0.382683
vn -0.923880 0.000000 0.382683
vn -0.923880 0.000000 0.382683
vn 0.923880 -0.000000 -0.382683
vn 0.923880 -0.000000 -0.382683
vn 0.923880 -0.000000 -0.382683
vn 0.923880 -0.000000 -0.382683
vn 0.923880 -0.000000 -0.382683
vn 0.923880 0.000000 -0.382683
vn 0.923880 -0.000000 -0.382683
vn 0.923880 0.000000 -0.382683
vn 0.808037 -0.484822 -0.334700
vn 0.808037 -0.484822 -0.334700
vn 0.808037 -0.484822 -0.334700
vn 0.808037 -0.484822 0.334700
vn 0.808037 -0.484822 0.334700
vn 0.808037 -0.484822 0.334700
vn 0.334700 -0.484822 0.808037
vn 0.334700 -0.484822 0.808037
vn 0.334700 -0.484822 0.808037
vn -0.334700 -0.484822 0.808037
vn -0.334700 -0.484822 0.808037
vn -0.334700 -0.484822 0.808037
vn 0.334700 -0.484822 -0.808037
vn 0.334700 -0.484822 -0.808037
vn 0.334700 -0.484822 -0.808037
vn -0.334700 -0.484822 -0.808037
vn -0.334700 -0.484822 -0.808037
vn -0.334700 -0.484822 -0.808037
vn -0.808037 -0.484822 -0.334700
vn -0.808037 -0.484822 -0.334700
vn -0.808037 -0.484822 -0.334700
vn -0.808037 -0.484822 0.334700
vn -0.808037 -0.484822 0.334700
vn -0.808037 -0.484822 0.334700
vn -0.000000 1.000000 0.000000
vn -0.000000 1.000000 0.000000
vn -0.000000 1.000000 0.000000
vn -0.000000 1.000000 0.000000
vn -0.000000 1.000000 0.000000
vn -0.000000 1.000000 0.000000
vn -0.000000 1.000000 0.000000
vn -0.000000 1.000000 0.000000
vn 0.382683 0.000000 0.923880
vn 0.382683 0.000000 0.923880
vn 0.382683 0.000000 0.923880
vn 0.382683 0.000000 0.923880
vn 0.382683 0.000000 0.923880
vn 0.382683 0.000000 0.923880
vn 0.382683 0.000000 0.923880
vn 0.382683 0.000000 0.923880
vn 0.382683 0.000000 0.923880
vn 0.382683 0.000000 0.923880
vn 0.382683 0.000000 0.923880
vn 0.382683 0.000000 0.923880
vn 0.382683 0.000000 0.923880
vn 0.382683 0.000000 0.923880
vn 0.382683 0.000000 0.923880
vn 0.382683 0.000000 0.923880
vn 0.382683 0.000000 0.923880
vn 0.382683 0.000000 0.923880
vn 0.382683 0.000000 0.923880
vn 0.382683 0.000000 0.923880
vn 0.382683 0.000000 0.923880
vn 0.382683 0.000000 0.923880
vn 0.382683 0.000000 0.923880
vn 0.382683 0.000000 0.923880
vn 0.382683 0.000000 0.923880
vn 0.382683 0.000000 0.923880
vn 0.382683 0.000000 0.923880
vn 0.382683 0.000000 0.923880
vn 0.382683 0.000000 0.923880
vn 0.382683 0.000000 0.923880
vn 0.382683 0.000000 0.923880
vn 0.382683 0.000000 0.923880
vn 0.382683 0.000000 0.923880
vn 0.382683 0.000000 0.923880
vn 0.382683 0.000000 0.923880
vn 0.382683 0.000000 0.923880
vn 0.382683 0.000000 0.923880
vn 0.382683 0.000000 0.923880
vn 0.382683 0.000000 0.923880
vn 0.382683 0.000000 0.923880
vn 0.382683 0.000000 0.923880
vn 0.382683 0.000000 0.923880
vn 0.382683 0.000000 0.923880
vn 0.382683 0.000000 0.923880
vn 0.382683 0.000000 0.923880
vn 0.382683 0.000000 0.923880
vn 0.382683 0.000000 0.923880
vn 0.382683 0.000000 0.923880
vn -0.382683 0.000000 0.923880
vn -0.382683 0.000000 0.923880
vn -0.382683 0.000000 0.923880
vn 0.923880 0.000000 0.382683
vn 0.923880 0.000000 0.382683
vn 0.923880 0.000000 0.382683
vn 0.923880 0.000000 0.382683
vn 0.923880 0.000000 0.382683
vn 0.923880 0.000000 0.382683
vn 0.923880 0.000000 0.382683
vn 0.923880 0.000000 0.382683
vn 0.923880 0.000000 0.382683
vn 0.923880 0.000000 0.382683
vn 0.923880 0.000000 0.382683
vn 0.923880 0.000000 0.382683
vn 0.923880 0.000000 0.382683
vn 0.923880 0.000000 0.382683
vn 0.923880 0.000000 0.382683
vn 0.923880 0.000000 0.382683
vn 0.923880 0.000000 0.382683
vn 0.923880 0.000000 0.382683
vn 0.923880 0.000000 0.382683
vn 0.923880 0.000000 0.382683
vn 0.923880 0.000000 0.382683
vn 0.923880 0.000000 0.382683
vn 0.923880 0.000000 0.382683
vn 0.923880 0.000000 0.382683
vn 0.923880 0.000000 0.382683
vn 0.923880 0.000000 0.382683
vn 0.923880 0.000000 0.382683
vn 0.923880 0.000000 0.382683
vn 0.923880 0.000000 0.382683
vn 0.923880 0.000000 0.382683
vn 0.923880 0.000000 0.382683
vn 0.923880 0.000000 0.382683
vn 0.923880 0.000000 0.382683
vn 0.923880 0.000000 0.382683
vn 0.923880 0.000000 0.382683
vn 0.923880 0.000000 0.382683
vn 0.923880 0.000000 0.382683
vn 0.923880 0.000000 0.382683
vn 0.923880 0.000000 0.382683
vn 0.923880 0.000000 0.382683
vn 0.923880 0.000000 0.382683
vn 0.923880 0.000000 0.382683
vn 0.923880 0.000000 0.382683
vn 0.923880 0.000000 0.382683
vn 0.923880 0.000000 0.382683
vn 0.923880 0.000000 0.382683
vn 0.923880 0.000000 0.382683
vn 0.923880 0.000000 0.382683
vn 0.923880 0.000000 0.382683
vn 0.382683 0.000000 0.923880
vn 0.382683 0.000000 0.923880
vn 0.382683 0.000000 0.923880
vn 0.382683 0.000000 0.923880
vn 0.382683 0.000000 0.923880
vn 0.382683 0.000000 0.923880
vn 0.382683 0.000000 0.923880
vn 0.382683 0.000000 0.923880
vn 0.382683 0.000000 0.923880
vn 0.382683 0.000000 0.923880
vn 0.382683 0.000000 0.923880
vn 0.382683 0.000000 0.923880
vn 0.382683 0.000000 0.923880
vn 0.382683 0.000000 0.923880
vn 0.382683 0.000000 0.923880
vn 0.382683 0.000000 0.923880
vn 0.382683 0.000000 0.923880
vn 0.382683 0.000000 0.923880
vn 0.382683 0.000000 0.923880
vn 0.382683 0.000000 0.923880
vn 0.382683 0.000000 0.923880
vn 0.382683 0.000000 0.923880
vn 0.382683 0.000000 0.923880
vn 0.382683 0.000000 0.923880
vn 0.382683 0.000000 0.923880
vn 0.382683 0.000000 0.923880
vn 0.382683 0.000000 0.923880
vn 0.382683 0.000000 0.923880
vn 0.382683 0.000000 0.923880
vn 0.382683 0.000000 0.923880
vn 0.382683 0.000000 0.923880
vn 0.382683 0.000000 0.923880
vn 0.382683 0.000000 0.923880
vn 0.382683 0.000000 0.923880
vn 0.382683 0.000000 0.923880
vn 0.382683 0.000000 0.923880
vn 0.382683 0.000000 0.923880
vn -0.382683 0.000000 0.923880
vn -0.382683 0.000000 0.923880
vn -0.382683 0.000000 0.923880
vn -0.382683 0.000000 0.923880
vn -0.382683 0.000000 0.923880
vn 0.923880 0.000000 0.382683
vn 0.923880 0.000000 0.382683
vn 0.923880 0.000000 0.382683
vn 0.923880 0.000000 0.382683
vn 0.923880 0.000000 0.382683
vn 0.923880 0.000000 0.382683
vn 0.923880 0.000000 0.382683
vn 0.923880 0.000000 0.382683
vn 0.923880 0.000000 0.382683
vn 0.923880 0.000000 0.382683
vn 0.923880 0.000000 0.382683
vn 0.923880 0.000000 0.382683
vn 0.923880 0.000000 0.382683
vn 0.923880 0.000000 0.382683
vn 0.923880 0.000000 0.382683
vn 0.923880 0.000000 0.382683
vn 0.923880 0.000000 0.382683
vn 0.923880 0.000000 0.382683
vn 0.923880 0.000000 0.382683
vn 0.923880 0.000000 0.382683
vn 0.923880 0.000000 0.382683
vn 0.923880 0.000000 0.382683
vn 0.923880 0.000000 0.382683
vn 0.923880 0.000000 0.382683
vn 0.923880 0.000000 0.382683
vn 0.923880 0.000000 0.382683
vn 0.923880 0.000000 0.382683
vn 0.923880 0.000000 0.382683
vn 0.923880 0.000000 0.382683
vn 0.923880 0.000000 0.382683
vn 0.923880 0.000000 0.382683
vn 0.923880 0.000000 0.382683
vn 0.923880 0.000000 0.382683
vn 0.923880 0.000000 0.382683
vn 0.923880 0.000000 0.382683
vn -0.923880 0.000000 -0.382683
vn -0.923880 0.000000 -0.382683
vn -0.923880 0.000000 -0.382683
vn -0.923880 0.000000 -0.382683
vn -0.382683 0.000000 -0.923880
vn -0.382683 0.000000 -0.923880
vn -0.382683 0.000000 -0.923880
vn -0.382683 0.000000 -0.923880
vn -0.382683 0.000000 -0.923880
vn -0.382683 0.000000 -0.923880
vn -0.382683 0.000000 -0.923880
vn -0.382683 0.000000 -0.923880
vn -0.382683 0.000000 -0.923880
vn -0.382683 0.000000 -0.923880
vn -0.382683 0.000000 -0.923880
vn -0.382683 0.000000 -0.923880
vn -0.382683 0.000000 -0.923880
vn -0.382683 0.000000 -0.923880
vn -0.382683 0.000000 -0.923880
vn -0.382683 0.000000 -0.923880
vn -0.382683 0.000000 -0.923880
vn -0.382683 0.000000 -0.923880
vn -0.382683 0.000000 -0.923880
vn -0.382683 0.000000 -0.923880
vn -0.382683 0.000000 -0.923880
vn -0.382683 0.000000 -0.923880
vn -0.382683 0.000000 -0.923880
vn -0.382683 0.000000 -0.923880
vn -0.382683 0.000000 -0.923880
vn -0.382683 0.000000 -0.923880
vn -0.382683 0.000000 -0.923880
vn -0.382683 0.000000 -0.923880
vn -0.382683 0.000000 -0.923880
vn -0.382683 0.000000 -0.923880
vn -0.382683 0.000000 -0.923880
vn -0.382683 0.000000 -0.923880
vn -0.382683 0.000000 -0.923880
vn -0.382683 0.000000 -0.923880
vn -0.382683 0.000000 -0.923880
vn -0.382683 0.000000 -0.923880
vn -0.382683 0.000000 -0.923880
vn -0.382683 0.000000 -0.923880
vn -0.382683 0.000000 -0.923880
vn -0.382683 0.000000 -0.923880
vn -0.382683 0.000000 -0.923880
vn -0.382683 0.000000 -0.923880
vn -0.382683 0.000000 -0.923880
vn -0.382683 0.000000 -0.923880
vn -0.382683 0.000000 -0.923880
vn -0.382683 0.000000 -0.923880
vn -0.382683 0.000000 -0.923880
vn -0.382683 0.000000 -0.923880
vn -0.382683 0.000000 -0.923880
vn -0.382683 0.000000 -0.923880
vn -0.382683 0.000000 -0.923880
vn -0.382683 0.000000 -0.923880
vn -0.382683 0.000000 -0.923880
vn -0.382683 0.000000 -0.923880
vn 0.382683 0.000000 -0.923880
vn 0.382683 -0.000000 -0.923880
vn 0.382683 0.000000 -0.923880
vn 0.382683 -0.000000 -0.923880
vn -0.923880 0.000000 -0.382683
vn -0.923880 0.000000 -0.382683
vn -0.923880 0.000000 -0.382683
vn -0.923880 0.000000 -0.382683
vn -0.923880 0.000000 -0.382683
vn -0.923880 0.000000 -0.382683
vn -0.382683 0.000000 -0.923880
vn -0.382683 0.000000 -0.923880
vn -0.382683 0.000000 -0.923880
vn -0.382683 0.000000 -0.923880
vn -0.382683 0.000000 -0.923880
vn -0.382683 0.000000 -0.923880
vn -0.382683 0.000000 -0.923880
vn -0.382683 0.000000 -0.923880
vn -0.382683 0.000000 -0.923880
vn -0.382683 0.000000 -0.923880
vn -0.382683 0.000000 -0.923880
vn -0.382683 0.000000 -0.923880
vn -0.382683 0.000000 -0.923880
vn -0.382683 0.000000 -0.923880
vn -0.382683 0.000000 -0.923880
vn -0.382683 0.000000 -0.923880
vn -0.382683 0.000000 -0.923880
vn -0.382683 0.000000 -0.923880
vn -0.382683 0.000000 -0.923880
vn -0.382683 0.000000 -0.923880
vn -0.382683 0.000000 -0.923880
vn -0.382683 0.000000 -0.923880
vn -0.382683 0.000000 -0.923880
vn -0.382683 0.000000 -0.923880
vn -0.382683 0.000000 -0.923880
vn -0.382683 0.000000 -0.923880
vn -0.382683 0.000000 -0.923880
vn -0.382683 0.000000 -0.923880
vn -0.382683 0.000000 -0.923880
vn -0.382683 0.000000 -0.923880
vn -0.382683 0.000000 -0.923880
vn -0.382683 0.000000 -0.923880
vn -0.382683 0.000000 -0.923880
vn -0.382683 0.000000 -0.923880
vn -0.382683 0.000000 -0.923880
vn -0.382683 0.000000 -0.923880
vn -0.382683 0.000000 -0.923880
vn 0.382683 0.000000 -0.923880
vn 0.382683 0.000000 -0.923880
vn 0.382683 0.000000 -0.923880
vn 0.382683 -0.000000 -0.923880
vn 0.382683 0.000000 -0.923880
vn 0.382683 0.000000 -0.923880
vn -0.923880 0.000000 0.382683
vn -0.923880 0.000000 0.382683
vn -0.923880 0.000000 0.382683
vn -0.923880 0.000000 0.382683
vn -0.923880 0.000000 0.382683
vn -0.923880 0.000000 0.382683
vn -0.923880 0.000000 0.382683
vn -0.923880 0.000000 0.382683
vn 0.923880 -0.000000 -0.382683
vn 0.923880 -0.000000 -0.382683
vn 0.923880 -0.000000 -0.382683
vn 0.923880 -0.000000 -0.382683
vn 0.923880 -0.000000 -0.382683
vn 0.923880 0.000000 -0.382683
vn 0.923880 -0.000000 -0.382683
vn 0.923880 0.000000 -0.382683
vn 0.808037 -0.484822 -0.334700
vn 0.808037 -0.484822 -0.334700
vn 0.808037 -0.484822 -0.334700
vn 0.808037 -0.484822 0.334700
vn 0.808037 -0.484822 0.334700
vn 0.808037 -0.484822 0.334700
vn 0.334700 -0.484822 0.808037
vn 0.334700 -0.484822 0.808037
vn 0.334700 -0.484822 0.808037
vn -0.334700 -0.484822 0.808037
vn -0.334700 -0.484822 0.808037
vn -0.334700 -0.484822 0.808037
vn 0.334700 -0.484822 -0.808037
vn 0.334700 -0.484822 -0.808037
vn 0.334700 -0.484822 -0.808037
vn -0.334700 -0.484822 -0.808037
vn -0.334700 -0.484822 -0.808037
vn -0.334700 -0.484822 -0.808037
vn -0.808037 -0.484822 -0.334700
vn -0.808037 -0.484822 -0.334700
vn -0.808037 -0.484822 -0.334700
vn -0.808037 -0.484822 0.334700
vn -0.808037 -0.484822 0.334700
vn -0.808037 -0.484822 0.334700
vn -0.000000 1.000000 0.000000
vn -0.000000 1.000000 0.000000
vn -0.000000 1.000000 0.000000
vn -0.000000 1.000000 0.000000
vn -0.000000 1.000000 0.000000
vn -0.000000 1.000000 0.000000
vn -0.000000 1.000000 0.000000
vn -0.000000 1.000000 0.000000
vn 0.382683 0.000000 0.923880
vn 0.382683 0.000000 0.923880
vn 0.382683 0.000000 0.923880
vn 0.382683 0.000000 0.923880
vn 0.382683 0.000000 0.923880
vn 0.382683 0.000000 0.923880
vn 0.382683 0.000000 0.923880
vn 0.382683 0.000000 0.923880
vn 0.382683 0.000000 0.923880
vn 0.382683 0.000000 0.923880
vn 0.382683 0.000000 0.923880
vn 0.382683 0.000000 0.923880
vn 0.382683 0.000000 0.923880
vn 0.382683 0.000000 0.923880
vn 0.382683 0.000000 0.923880
vn 0.382683 0.000000 0.923880
vn 0.382683 0.000000 0.923880
vn 0.382683 0.000000 0.923880
vn 0.382683 0.000000 0.923880
vn 0.382683 0.000000 0.923880
vn 0.382683 0.000000 0.923880
vn 0.382683 0.000000 0.923880
vn 0.382683 0.000000 0.923880
vn 0.382683 0.000000 0.923880
vn 0.382683 0.000000 0.923880
vn 0.382683 0.000000 0.923880
vn 0.382683 0.000000 0.923880
vn 0.382683 0.000000 0.923880
vn 0.382683 0.000000 0.923880
vn 0.382683 0.000000 0.923880
vn 0.382683 0.000000 0.923880
vn 0.382683 0.000000 0.923880
vn 0.382683 0.000000 0.923880
vn 0.382683 0.000000 0.923880
vn 0.382683 0.000000 0.923880
vn 0.382683 0.000000 0.923880
vn 0.382683 0.000000 0.923880
vn 0.382683 0.000000 0.923880
vn 0.382683 0.000000 0.923880
vn 0.382683 0.000000 0.923880
vn 0.382683 0.000000 0.923880
vn 0.382683 0.000000 0.923880
vn 0.382683 0.000000 0.923880
vn 0.382683 0.000000 0.923880
vn 0.382683 0.000000 0.923880
vn 0.382683 0.000000 0.923880
vn 0.382683 0.000000 0.923880
vn 0.382683 0.000000 0.923880
vn -0.382683 0.000000 0.923880
vn -0.382683 0.000000 0.923880
vn -0.382683 0.000000 0.923880
vn 0.923880 0.000000 0.382683
vn 0.923880 0.000000 0.382683
vn 0.923880 0.000000 0.382683
vn 0.923880 0.000000 0.382683
vn 0.923880 0.000000 0.382683
vn 0.923880 0.000000 0.382683
vn 0.923880 0.000000 0.382683
vn 0.923880 0.000000 0.382683
vn 0.923880 0.000000 0.382683
vn 0.923880 0.000000 0.382683
vn 0.923880 0.000000 0.382683
vn 0.923880 0.000000 0.382683
vn 0.923880 0.000000 0.382683
vn 0.923880 0.000000 0.382683
vn 0.923880 0.000000 0.382683
vn 0.923880 0.000000 0.382683
vn 0.923880 0.000000 0.382683
vn 0.923880 0.000000 0.382683
vn 0.923880 0.000000 0.382683
vn 0.923880 0.000000 0.382683
vn 0.923880 0.000000 0.382683
vn 0.923880 0.000000 0.382683
vn 0.923880 0.000000 0.382683
vn 0.923880 0.000000 0.382683
vn 0.923880 0.000000 0.382683
vn 0.923880 0.000000 0.382683
vn 0.923880 0.000000 0.382683
vn 0.923880 0.000000 0.382683
vn 0.923880 0.000000 0.382683
vn 0.923880 0.000000 0.382683
vn 0.923880 0.000000 0.382683
vn 0.923880 0.000000 0.382683
vn 0.923880 0.000000 0.382683
vn 0.923880 0.000000 0.382683
vn 0.923880 0.000000 0.382683
vn 0.923880 0.000000 0.382683
vn 0.923880 0.000000 0.382683
vn 0.923880 0.000000 0.382683
vn 0.923880 0.000000 0.382683
vn 0.923880 0.000000 0.382683
vn 0.923880 0.000000 0.382683
vn 0.923880 0.000000 0.382683
vn 0.923880 0.000000 0.382683
vn 0.923880 0.000000 0.382683
vn 0.923880 0.000000 0.382683
vn 0.923880 0.000000 0.382683
vn 0.923880 0.000000 0.382683
vn 0.923880 0.000000 0.382683
vn 0.923880 0.000000 0.382683
vn 0.382683 0.000000 0.923880
vn 0.382683 0.000000 0.923880
vn 0.382683 0.000000 0.923880
vn 0.382683 0.000000 0.923880
vn 0.382683 0.000000 0.923880
vn 0.382683 0.000000 0.923880
vn 0.382683 0.000000 0.923880
vn 0.382683 0.000000 0.923880
vn 0.382683 0.000000 0.923880
vn 0.382683 0.000000 0.923880
vn 0.382683 0.000000 0.923880
vn 0.382683 0.000000 0.923880
vn 0.382683 0.000000 0.923880
vn 0.382683 0.000000 0.923880
vn 0.382683 0.000000 0.923880
vn 0.382683 0.000000 0.923880
vn 0.382683 0.000000 0.923880
vn 0.382683 0.000000 0.923880
vn 0.382683 0.000000 0.923880
vn 0.382683 0.000000 0.923880
vn 0.382683 0.000000 0.923880
vn 0.382683 0.000000 0.923880
vn 0.382683 0.000000 0.923880
vn 0.382683 0.000000 0.923880
vn 0.382683 0.000000 0.923880
vn 0.382683 0.000000 0.923880
vn 0.382683 0.000000 0.923880
vn 0.382683 0.000000 0.923880
vn 0.382683 0.000000 0.923880
vn 0.382683 0.000000 0.923880
vn 0.382683 0.000000 0.923880
vn 0.382683 0.000000 0.923880
vn 0.382683 0.000000 0.923880
vn 0.382683 0.000000 0.923880
vn 0.382683 0.000000 0.923880
vn 0.382683 0.000000 0.923880
vn 0.382683 0.000000 0.923880
vn -0.382683 0.000000 0.923880
vn -0.382683 0.000000 0.923880
vn -0.382683 0.000000 0.923880
vn -0.382683 0.000000 0.923880
vn -0.382683 0.000000 0.923880
vn 0.923880 0.000000 0.382683
vn 0.923880 0.000000 0.382683
vn 0.923880 0.000000 0.382683
vn 0.923880 0.000000 0.382683
vn 0.923880 0.000000 0.382683
vn 0.923880 0.000000 0.382683
vn 0.923880 0.000000 0.382683
vn 0.923880 0.000000 0.382683
vn 0.923880 0.000000 0.382683
vn 0.923880 0.000000 0.382683
vn 0.923880 0.000000 0.382683
vn 0.923880 0.000000 0.382683
vn 0.923880 0.000000 0.382683
vn 0.923880 0.000000 0.382683
vn 0.923880 0.000000 0.382683
vn 0.923880 0.000000 0.382683
vn 0.923880 0.000000 0.382683
vn 0.923880 0.000000 0.382683
vn 0.923880 0.000000 0.382683
vn 0.923880 0.000000 0.382683
vn 0.923880 0.000000 0.382683
vn 0.923880 0.000000 0.382683
vn 0.923880 0.000000 0.382683
vn 0.923880 0.000000 0.382683
vn 0.923880 0.000000 0.382683
vn 0.923880 0.000000 0.382683
vn 0.923880 0.000000 0.382683
vn 0.923880 0.000000 0.382683
vn 0.923880 0.000000 0.382683
vn 0.923880 0.000000 0.382683
vn 0.923880 0.000000 0.382683
vn 0.923880 0.000000 0.382683
vn 0.923880 0.000000 0.382683
vn 0.923880 0.000000 0.382683
vn 0.923880 0.000000 0.382683
vn -0.923880 0.000000 -0.382683
vn -0.923880 0.000000 -0.382683
vn -0.923880 0.000000 -0.382683
vn -0.923880 0.000000 -0.382683
vn -0.382683 0.000000 -0.923880
vn -0.382683 0.000000 -0.923880
vn -0.382683 0.000000 -0.923880
vn -0.382683 0.000000 -0.923880
vn -0.382683 0.000000 -0.923880
vn -0.382683 0.000000 -0.923880
vn -0.382683 0.000000 -0.923880
vn -0.382683 0.000000 -0.923880
vn -0.382683 0.000000 -0.923880
vn -0.382683 0.000000 -0.923880
vn -0.382683 0.000000 -0.923880
vn -0.382683 0.000000 -0.923880
vn -0.382683 0.000000 -0.923880
vn -0.382683 0.000000 -0.923880
vn -0.382683 0.000000 -0.923880
vn -0.382683 0.000000 -0.923880
vn -0.382683 0.000000 -0.923880
vn -0.382683 0.000000 -0.923880
vn -0.382683 0.000000 -0.923880
vn -0.382683 0.000000 -0.923880
vn -0.382683 0.000000 -0.923880
vn -0.382683 0.000000 -0.923880
vn -0.382683 0.000000 -0.923880
vn -0.382683 0.000000 -0.923880
vn -0.382683 0.000000 -0.923880
vn -0.382683 0.000000 -0.923880
vn -0.382683 0.000000 -0.923880
vn -0.382683 0.000000 -0.923880
vn -0.382683 0.000000 -0.923880
vn -0.382683 0.000000 -0.923880
vn -0.382683 0.000000 -0.923880
vn -0.382683 0.000000 -0.923880
vn -0.382683 0.000000 -0.923880
vn -0.382683 0.000000 -0.923880
vn -0.382683 0.000000 -0.923880
vn -0.382683 0.000000 -0.923880
vn -0.382683 0.000000 -0.923880
vn -0.382683 0.000000 -0.923880
vn -0.382683 0.000000 -0.923880
vn -0.382683 0.000000 -0.923880
vn -0.382683 0.000000 -0.923880
vn -0.382683 0.000000 -0.923880
vn -0.382683 0.000000 -0.923880
vn -0.382683 0.000000 -0.923880
vn -0.382683 0.000000 -0.923880
vn -0.382683 0.000000 -0.923880
vn -0.382683 0.000000 -0.923880
vn -0.382683 0.000000 -0.923880
vn -0.382683 0.000000 -0.923880
vn -0.382683 0.000000 -0.923880
vn -0.382683 0.000000 -0.923880
vn -0.382683 0.000000 -0.923880
vn -0.382683 0.000000 -0.923880
vn -0.382683 0.000000 -0.923880
vn 0.382683 0.000000 -0.923880
vn 0.382683 -0.000000 -0.923880
vn 0.382683 0.000000 -0.923880
vn 0.382683 -0.000000 -0.923880
vn -0.923880 0.000000 -0.382683
vn -0.923880 0.000000 -0.382683
vn -0.923880 0.000000 -0.382683
vn -0.923880 0.000000 -0.382683
vn -0.923880 0.000000 -0.382683
vn -0.923880 0.000000 -0.382683
vn -0.382683 0.000000 -0.923880
vn -0.382683 0.000000 -0.923880
vn -0.382683 0.000000 -0.923880
vn -0.382683 0.000000 -0.923880
vn -0.382683 0.000000 -0.923880
vn -0.382683 0.000000 -0.923880
vn -0.382683 0.000000 -0.923880
vn -0.382683 0.000000 -0.923880
vn -0.382683 0.000000 -0.923880
vn -0.382683 0.000000 -0.923880
vn -0.382683 0.000000 -0.923880
vn -0.382683 0.000000 -0.923880
vn -0.382683 0.000000 -0.923880
vn -0.382683 0.000000 -0.923880
vn -0.382683 0.000000 -0.923880
vn -0.382683 0.000000 -0.923880
vn -0.382683 0.000000 -0.923880
vn -0.382683 0.000000 -0.923880
vn -0.382683 0.000000 -0.923880
vn -0.382683 0.000000 -0.923880
vn -0.382683 0.000000 -0.923880
vn -0.382683 0.000000 -0.923880
vn -0.382683 0.000000 -0.923880
vn -0.382683 0.000000 -0.923880
vn -0.382683 0.000000 -0.923880
vn -0.382683 0.000000 -0.923880
vn -0.382683 0.000000 -0.923880
vn -0.382683 0.000000 -0.923880
vn -0.382683 0.000000 -0.923880
vn -0.382683 0.000000 -0.923880
vn -0.382683 0.000000 -0.923880
vn -0.382683 0.000000 -0.923880
vn -0.382683 0.000000 -0.923880
vn -0.382683 0.000000 -0.923880
vn -0.382683 0.000000 -0.923880
vn -0.382683 0.000000 -0.923880
vn -0.382683 0.000000 -0.923880
vn 0.382683 0.000000 -0.923880
vn 0.382683 0.000000 -0.923880
vn 0.382683 0.000000 -0.923880
vn 0.382683 -0.000000 -0.923880
vn 0.382683 0.000000 -0.923880
vn 0.382683 0.000000 -0.923880
vn -0.923880 0.000000 0.382683
vn -0.923880 0.000000 0.382683
vn -0.923880 0.000000 0.382683
vn -0.923880 0.000000 0.382683
vn -0.923880 0.000000 0.382683
vn -0.923880 0.000000 0.382683
vn -0.923880 0.000000 0.382683
vn -0.923880 0.000000 0.382683
vn 0.923880 -0.000000 -0.382683
vn 0.923880 -0.000000 -0.382683
vn 0.923880 -0.000000 -0.382683
vn 0.923880 -0.000000 -0.382683
vn 0.923880 -0.000000 -0.382683
vn 0.923880 0.000000 -0.382683
vn 0.923880 -0.000000 -0.382683
vn 0.923880 0.000000 -0.382683
vn 0.808037 -0.484822 -0.334700
vn 0.808037 -0.484822 -0.334700
vn 0.808037 -0.484822 -0.334700
vn 0.808037 -0.484822 0.334700
vn 0.808037 -0.484822 0.334700
vn 0.808037 -0.484822 0.334700
vn 0.334700 -0.484822 0.808037
vn 0.334700 -0.484822 0.808037
vn 0.334700 -0.484822 0.808037
vn -0.334700 -0.484822 0.808037
vn -0.334700 -0.484822 0.808037
vn -0.334700 -0.484822 0.808037
vn 0.334700 -0.484822 -0.808037
vn 0.334700 -0.484822 -0.808037
vn 0.334700 -0.484822 -0.808037
vn -0.334700 -0.484822 -0.808037
vn -0.334700 -0.484822 -0.808037
vn -0.334700 -0.484822 -0.808037
vn -0.808037 -0.484822 -0.334700
vn -0.808037 -0.484822 -0.334700
vn -0.808037 -0.484822 -0.334700
vn -0.808037 -0.484822 0.334700
vn -0.808037 -0.484822 0.334700
vn -0.808037 -0.484822 0.334700
vn -0.000000 1.000000 0.000000
vn -0.000000 1.000000 0.000000
vn -0.000000 1.000000 0.000000
vn -0.000000 1.000000 0.000000
vn -0.000000 1.000000 0.000000
vn -0.000000 1.000000 0.000000
vn -0.000000 1.000000 0.000000
vn -0.000000 1.000000 0.000000
vn 0.382683 0.000000 0.923880
vn 0.382683 0.000000 0.923880
vn 0.382683 0.000000 0.923880
vn 0.382683 0.000000 0.923880
vn 0.382683 0.000000 0.923880
vn 0.382683 0.000000 0.923880
vn 0.382683 0.000000 0.923880
vn 0.382683 0.000000 0.923880
vn 0.382683 0.000000 0.923880
vn 0.382683 0.000000 0.923880
vn 0.382683 0.000000 0.923880
vn 0.382683 0.000000 0.923880
vn 0.382683 0.000000 0.923880
vn 0.382683 0.000000 0.923880
vn 0.382683 0.000000 0.923880
vn 0.382683 0.000000 0.923880
vn 0.382683 0.000000 0.923880
vn 0.382683 0.000000 0.923880
vn 0.382683 0.000000 0.923880
vn 0.382683 0.000000 0.923880
vn 0.382683 0.000000 0.923880
vn 0.382683 0.000000 0.923880
vn 0.382683 0.000000 0.923880
vn 0.382683 0.000000 0.923880
vn 0.382683 0.000000 0.923880
vn 0.382683 0.000000 0.923880
vn 0.382683 0.000000 0.923880
vn 0.382683 0.000000 0.923880
vn 0.382683 0.000000 0.923880
vn 0.382683 0.000000 0.923880
vn 0.382683 0.000000 0.923880
vn 0.382683 0.000000 0.923880
vn 0.382683 0.000000 0.923880
vn 0.382683 0.000000 0.923880
vn 0.382683 0.000000 0.923880
vn 0.382683 0.000000 0.923880
vn 0.382683 0.000000 0.923880
vn 0.382683 0.000000 0.923880
vn 0.382683 0.000000 0.923880
vn 0.382683 0.000000 0.923880
vn 0.382683 0.000000 0.923880
vn 0.382683 0.000000 0.923880
vn 0.382683 0.000000 0.923880
vn 0.382683 0.000000 0.923880
vn 0.382683 0.000000 0.923880
vn 0.382683 0.000000 0.923880
vn 0.382683 0.000000 0.923880
vn 0.382683 0.000000 0.923880
vn -0.382683 0.000000 0.923880
vn -0.382683 0.000000 0.923880
vn -0.382683 0.000000 0.923880
vn 0.923880 0.000000 0.382683
vn 0.923880 0.000000 0.382683
vn 0.923880 0.000000 0.382683
vn 0.923880 0.000000 0.382683
vn 0.923880 0.000000 0.382683
vn 0.923880 0.000000 0.382683
vn 0.923880 0.000000 0.382683
vn 0.923880 0.000000 0.382683
vn 0.923880 0.000000 0.382683
vn 0.923880 0.000000 0.382683
vn 0.923880 0.000000 0.382683
vn 0.923880 0.000000 0.382683
vn 0.923880 0.000000 0.382683
vn 0.923880 0.000000 0.382683
vn 0.923880 0.000000 0.382683
vn 0.923880 0.000000 0.382683
vn 0.923880 0.000000 0.382683
vn 0.923880 0.000000 0.382683
vn 0.923880 0.000000 0.382683
vn 0.923880 0.000000 0.382683
vn 0.923880 0.000000 0.382683
vn 0.923880 0.000000 0.382683
vn 0.923880 0.000000 0.382683
vn 0.923880 0.000000 0.382683
vn 0.923880 0.000000 0.382683
vn 0.923880 0.000000 0.382683
vn 0.923880 0.000000 0.382683
vn 0.923880 0.000000 0.382683
vn 0.923880 0.000000 0.382683
vn 0.923880 0.000000 0.382683
vn 0.923880 0.000000 0.382683
vn 0.923880 0.000000 0.382683
vn 0.923880 0.000000 0.382683
vn 0.923880 0.000000 0.382683
vn 0.923880 0.000000 0.382683
vn 0.923880 0.000000 0.382683
vn 0.923880 0.000000 0.382683
vn 0.923880 0.000000 0.382683
vn 0.923880 0.000000 0.382683
vn 0.923880 0.000000 0.382683
vn 0.923880 0.000000 0.382683
vn 0.923880 0.000000 0.382683
vn 0.923880 0.000000 0.382683
vn 0.923880 0.000000 0.382683
vn 0.923880 0.000000 0.382683
vn 0.923880 0.000000 0.382683
vn 0.923880 0.000000 0.382683
vn 0.923880 0.000000 0.382683
vn 0.923880 0.000000 0.382683
vn 0.382683 0.000000 0.923880
vn 0.382683 0.000000 0.923880
vn 0.382683 0.000000 0.923880
vn 0.382683 0.000000 0.923880
vn 0.382683 0.000000 0.923880
vn 0.382683 0.000000 0.923880
vn 0.382683 0.000000 0.923880
vn 0.382683 0.000000 0.923880
vn 0.382683 0.000000 0.923880
vn 0.382683 0.000000 0.923880
vn 0.382683 0.000000 0.923880
vn 0.382683 0.000000 0.923880
vn 0.382683 0.000000 0.923880
vn 0.382683 0.000000 0.923880
vn 0.382683 0.000000 0.923880
vn 0.382683 0.000000 0.923880
vn 0.382683 0.000000 0.923880
vn 0.382683 0.000000 0.923880
vn 0.382683 0.000000 0.923880
vn 0.382683 0.000000 0.923880
vn 0.382683 0.000000 0.923880
vn 0.382683 0.000000 0.923880
vn 0.382683 0.000000 0.923880
vn 0.382683 0.000000 0.923880
vn 0.382683 0.000000 0.923880
vn 0.382683 0.000000 0.923880
vn 0.382683 0.000000 0.923880
vn 0.382683 0.000000 0.923880
vn 0.382683 0.000000 0.923880
vn 0.382683 0.000000 0.923880
vn 0.382683 0.000000 0.923880
vn 0.382683 0.000000 0.923880
vn 0.382683 0.000000 0.923880
vn 0.382683 0.000000 0.923880
vn 0.382683 0.000000 0.923880
vn 0.382683 0.000000 0.923880
vn 0.382683 0.000000 0.923880
vn -0.382683 0.000000 0.923880
vn -0.382683 0.000000 0.923880
vn -0.382683 0.000000 0.923880
vn -0.382683 0.000000 0.923880
vn -0.382683 0.000000 0.923880
vn 0.923880 0.000000 0.382683
vn 0.923880 0.000000 0.382683
vn 0.923880 0.000000 0.382683
vn 0.923880 0.000000 0.382683
vn 0.923880 0.000000 0.382683
vn 0.923880 0.000000 0.382683
vn 0.923880 0.000000 0.382683
vn 0.923880 0.000000 0.382683
vn 0.923880 0.000000 0.382683
vn 0.923880 0.000000 0.382683
vn 0.923880 0.000000 0.382683
vn 0.923880 0.000000 0.382683
vn 0.923880 0.000000 0.382683
vn 0.923880 0.000000 0.382683
vn 0.923880 0.000000 0.382683
vn 0.923880 0.000000 0.382683
vn 0.923880 0.000000 0.382683
vn 0.923880 0.000000 0.382683
vn 0.923880 0.000000 0.382683
vn 0.923880 0.000000 0.382683
vn 0.923880 0.000000 0.382683
vn 0.923880 0.000000 0.382683
vn 0.923880 0.000000 0.382683
vn 0.923880 0.000000 0.382683
vn 0.923880 0.000000 0.382683
vn 0.923880 0.000000 0.382683
vn 0.923880 0.000000 0.382683
vn 0.923880 0.000000 0.382683
vn 0.923880 0.000000 0.382683
vn 0.923880 0.000000 0.382683
vn 0.923880 0.000000 0.382683
vn 0.923880 0.000000 0.382683
vn 0.923880 0.000000 0.382683
vn 0.923880 0.000000 0.382683
vn 0.923880 0.000000 0.382683
vn -0.923880 0.000000 -0.382683
vn -0.923880 0.000000 -0.382683
vn -0.923880 0.000000 -0.382683
vn -0.923880 0.000000 -0.382683
vn -0.382683 0.000000 -0.923880
vn -0.382683 0.000000 -0.923880
vn -0.382683 0.000000 -0.923880
vn -0.382683 0.000000 -0.923880
vn -0.382683 0.000000 -0.923880
vn -0.382683 0.000000 -0.923880
vn -0.382683 0.000000 -0.923880
vn -0.382683 0.000000 -0.923880
vn -0.382683 0.000000 -0.923880
vn -0.382683 0.000000 -0.923880
vn -0.382683 0.000000 -0.923880
vn -0.382683 0.000000 -0.923880
vn -0.382683 0.000000 -0.923880
vn -0.382683 0.000000 -0.923880
vn -0.382683 0.000000 -0.923880
vn -0.382683 0.000000 -0.923880
vn -0.382683 0.000000 -0.923880
vn -0.382683 0.000000 -0.923880
vn -0.382683 0.000000 -0.923880
vn -0.382683 0.000000 -0.923880
vn -0.382683 0.000000 -0.923880
vn -0.382683 0.000000 -0.923880
vn -0.382683 0.000000 -0.923880
vn -0.382683 0.000000 -0.923880
vn -0.382683 0.000000 -0.923880
vn -0.382683 0.000000 -0.923880
vn -0.382683 0.000000 -0.923880
vn -0.382683 0.000000 -0.923880
vn -0.382683 0.000000 -0.923880
vn -0.382683 0.000000 -0.923880
vn -0.382683 0.000000 -0.923880
vn -0.382683 0.000000 -0.923880
vn -0.382683 0.000000 -0.923880
vn -0.382683 0.000000 -0.923880
vn -0.382683 0.000000 -0.923880
vn -0.382683 0.000000 -0.923880
vn -0.382683 0.000000 -0.923880
vn -0.382683 0.000000 -0.923880
vn -0.382683 0.000000 -0.923880
vn -0.382683 0.000000 -0.923880
vn -0.382683 0.000000 -0.923880
vn -0.382683 0.000000 -0.923880
vn -0.382683 0.000000 -0.923880
vn -0.382683 0.000000 -0.923880
vn -0.382683 0.000000 -0.923880
vn -0.382683 0.000000 -0.923880
vn -0.382683 0.000000 -0.923880
vn -0.382683 0.000000 -0.923880
vn -0.382683 0.000000 -0.923880
vn -0.382683 0.000000 -0.923880
vn -0.382683 0.000000 -0.923880
vn -0.382683 0.000000 -0.923880
vn -0.382683 0.000000 -0.923880
vn -0.382683 0.000000 -0.923880
vn 0.382683 0.000000 -0.923880
vn 0.382683 -0.000000 -0.923880
vn 0.382683 0.000000 -0.923880
vn 0.382683 -0.000000 -0.923880
vn -0.923880 0.000000 -0.382683
vn -0.923880 0.000000 -0.382683
vn -0.923880 0.000000 -0.382683
vn -0.923880 0.000000 -0.382683
vn -0.923880 0.000000 -0.382683
vn -0.923880 0.000000 -0.382683
vn -0.382683 0.000000 -0.923880
vn -0.382683 0.000000 -0.923880
vn -0.382683 0.000000 -0.923880
vn -0.382683 0.000000 -0.923880
vn -0.382683 0.000000 -0.923880
vn -0.382683 0.000000 -0.923880
vn -0.382683 0.000000 -0.923880
vn -0.382683 0.000000 -0.923880
vn -0.382683 0.000000 -0.923880
vn -0.382683 0.000000 -0.923880
vn -0.382683 0.000000 -0.923880
vn -0.382683 0.000000 -0.923880
vn -0.382683 0.000000 -0.923880
vn -0.382683 0.000000 -0.923880
vn -0.382683 0.000000 -0.923880
vn -0.382683 0.000000 -0.923880
vn -0.382683 0.000000 -0.923880
vn -0.382683 0.000000 -0.923880
vn -0.382683 0.000000 -0.923880
vn -0.382683 0.000000 -0.923880
vn -0.382683 0.000000 -0.923880
vn -0.382683 0.000000 -0.923880
vn -0.382683 0.000000 -0.923880
vn -0.382683 0.000000 -0.923880
vn -0.382683 0.000000 -0.923880
vn -0.382683 0.000000 -0.923880
vn -0.382683 0.000000 -0.923880
vn -0.382683 0.000000 -0.923880
vn -0.382683 0.000000 -0.923880
vn -0.382683 0.000000 -0.923880
vn -0.382683 0.000000 -0.923880
vn -0.382683 0.000000 -0.923880
vn -0.382683 0.000000 -0.923880
vn -0.382683 0.000000 -0.923880
vn -0.382683 0.000000 -0.923880
vn -0.382683 0.000000 -0.923880
vn -0.382683 0.000000 -0.923880
vn 0.382683 0.000000 -0.923880
vn 0.382683 0.000000 -0.923880
vn 0.382683 0.000000 -0.923880
vn 0.382683 -0.000000 -0.923880
vn 0.382683 0.000000 -0.923880
vn 0.382683 0.000000 -0.923880
vn -0.923880 0.000000 0.382683
vn -0.923880 0.000000 0.382683
vn -0.923880 0.000000 0.382683
vn -0.923880 0.000000 0.382683
vn -0.923880 0.000000 0.382683
vn -0.923880 0.000000 0.382683
vn -0.923880 0.000000 0.382683
vn -0.923880 0.000000 0.382683
vn 0.923880 -0.000000 -0.382683
vn 0.923880 -0.000000 -0.382683
vn 0.923880 -0.000000 -0.382683
vn 0.923880 -0.000000 -0.382683
vn 0.923880 -0.000000 -0.382683
vn 0.923880 0.000000 -0.382683
vn 0.923880 -0.000000 -0.382683
vn 0.923880 0.000000 -0.382683
vn 0.808037 -0.484822 -0.334700
vn 0.808037 -0.484822 -0.334700
vn 0.808037 -0.484822 -0.334700
vn 0.808037 -0.484822 0.334700
vn 0.808037 -0.484822 0.334700
vn 0.808037 -0.484822 0.334700
vn 0.334700 -0.484822 0.808037
vn 0.334700 -0.484822 0.808037
vn 0.334700 -0.484822 0.808037
vn -0.334700 -0.484822 0.808037
vn -0.334700 -0.484822 0.808037
vn -0.334700 -0.484822 0.808037
vn 0.334700 -0.484822 -0.808037
vn 0.334700 -0.484822 -0.808037
vn 0.334700 -0.484822 -0.808037
vn -0.334700 -0.484822 -0.808037
vn -0.334700 -0.484822 -0.808037
vn -0.334700 -0.484822 -0.808037
vn -0.808037 -0.484822 -0.334700
vn -0.808037 -0.484822 -0.334700
vn -0.808037 -0.484822 -0.334700
vn -0.808037 -0.484822 0.334700
vn -0.808037 -0.484822 0.334700
vn -0.808037 -0.484822 0.334700
vn -0.000000 1.000000 0.000000
vn -0.000000 1.000000 0.000000
vn -0.000000 1.000000 0.000000
vn -0.000000 1.000000 0.000000
vn -0.000000 1.000000 0.000000
vn -0.000000 1.000000 0.000000
vn -0.000000 1.000000 0.000000
vn -0.000000 1.000000 0.000000
vn 0.382683 0.000000 0.923880
vn 0.382683 0.000000 0.923880
vn 0.382683 0.000000 0.923880
vn 0.382683 0.000000 0.923880
vn 0.382683 0.000000 0.923880
vn 0.382683 0.000000 0.923880
vn 0.382683 0.000000 0.923880
vn 0.382683 0.000000 0.923880
vn 0.382683 0.000000 0.923880
vn 0.382683 0.000000 0.923880
vn 0.382683 0.000000 0.923880
vn 0.382683 0.000000 0.923880
vn 0.382683 0.000000 0.923880
vn 0.382683 0.000000 0.923880
vn 0.382683 0.000000 0.923880
vn 0.382683 0.000000 0.923880
vn 0.382683 0.000000 0.923880
vn 0.382683 0.000000 0.923880
vn 0.382683 0.000000 0.923880
vn 0.382683 0.000000 0.923880
vn 0.382683 0.000000 0.923880
vn 0.382683 0.000000 0.923880
vn 0.382683 0.000000 0.923880
vn 0.382683 0.000000 0.923880
vn 0.382683 0.000000 0.923880
vn 0.382683 0.000000 0.923880
vn 0.382683 0.000000 0.923880
vn 0.382683 0.000000 0.923880
vn 0.382683 0.000000 0.923880
vn 0.382683 0.000000 0.923880
vn 0.382683 0.000000 0.923880
vn 0.382683 0.000000 0.923880
vn 0.382683 0.000000 0.923880
vn 0.382683 0.000000 0.923880
vn 0.382683 0.000000 0.923880
vn 0.382683 0.000000 0.923880
vn 0.382683 0.000000 0.923880
vn 0.382683 0.000000 0.923880
vn 0.382683 0.000000 0.923880
vn 0.382683 0.000000 0.923880
vn 0.382683 0.000000 0.923880
vn 0.382683 0.000000 0.923880
vn 0.382683 0.000000 0.923880
vn 0.382683 0.000000 0.923880
vn 0.382683 0.000000 0.923880
vn 0.382683 0.000000 0.923880
vn 0.382683 0.000000 0.923880
vn 0.382683 0.000000 0.923880
vn -0.382683 0.000000 0.923880
vn -0.382683 0.000000 0.923880
vn -0.382683 0.000000 0.923880
vn 0.923880 0.000000 0.382683
vn 0.923880 0.000000 0.382683
vn 0.923880 0.000000 0.382683
vn 0.923880 0.000000 0.382683
vn 0.923880 0.000000 0.382683
vn 0.923880 0.000000 0.382683
vn 0.923880 0.000000 0.382683
vn 0.923880 0.000000 0.382683
vn 0.923880 0.000000 0.382683
vn 0.923880 0.000000 0.382683
vn 0.923880 0.000000 0.382683
vn 0.923880 0.000000 0.382683
vn 0.923880 0.000000 0.382683
vn 0.923880 0.000000 0.382683
vn 0.923880 0.000000 0.382683
vn 0.923880 0.000000 0.382683
vn 0.923880 0.000000 0.382683
vn 0.923880 0.000000 0.382683
vn 0.923880 0.000000 0.382683
vn 0.923880 0.000000 0.382683
vn 0.923880 0.000000 0.382683
vn 0.923880 0.000000 0.382683
vn 0.923880 0.000000 0.382683
vn 0.923880 0.000000 0.382683
vn 0.923880 0.000000 0.382683
vn 0.923880 0.000000 0.382683
vn 0.923880 0.000000 0.382683
vn 0.923880 0.000000 0.382683
vn 0.923880 0.000000 0.382683
vn 0.923880 0.000000 0.382683
vn 0.923880 0.000000 0.382683
vn 0.923880 0.000000 0.382683
vn 0.923880 0.000000 0.382683
vn 0.923880 0.000000 0.382683
vn 0.923880 0.000000 0.382683
vn 0.923880 0.000000 0.382683
vn 0.923880 0.000000 0.382683
vn 0.923880 0.000000 0.382683
vn 0.923880 0.000000 0.382683
vn 0.923880 0.000000 0.382683
vn 0.923880 0.000000 0.382683
vn 0.923880 0.000000 0.382683
vn 0.923880 0.000000 0.382683
vn 0.923880 0.000000 0.382683
vn 0.923880 0.000000 0.382683
vn 0.923880 0.000000 0.382683
vn 0.923880 0.000000 0.382683
vn 0.923880 0.000000 0.382683
vn 0.923880 0.000000 0.382683
vn 0.382683 0.000000 0.923880
vn 0.382683 0.000000 0.923880
vn 0.382683 0.000000 0.923880
vn 0.382683 0.000000 0.923880
vn 0.382683 0.000000 0.923880
vn 0.382683 0.000000 0.923880
vn 0.382683 0.000000 0.923880
vn 0.382683 0.000000 0.923880
vn 0.382683 0.000000 0.923880
vn 0.382683 0.000000 0.923880
vn 0.382683 0.000000 0.923880
vn 0.382683 0.000000 0.923880
vn 0.382683 0.000000 0.923880
vn 0.382683 0.000000 0.923880
vn 0.382683 0.000000 0.923880
vn 0.382683 0.000000 0.923880
vn 0.382683 0.000000 0.923880
vn 0.382683 0.000000 0.923880
vn 0.382683 0.000000 0.923880
vn 0.382683 0.000000 0.923880
vn 0.382683 0.000000 0.923880
vn 0.382683 0.000000 0.923880
vn 0.382683 0.000000 0.923880
vn 0.382683 0.000000 0.923880
vn 0.382683 0.000000 0.923880
vn 0.382683 0.000000 0.923880
vn 0.382683 0.000000 0.923880
vn 0.382683 0.000000 0.923880
vn 0.382683 0.000000 0.923880
vn 0.382683 0.000000 0.923880
vn 0.382683 0.000000 0.923880
vn 0.382683 0.000000 0.923880
vn 0.382683 0.000000 0.923880
vn 0.382683 0.000000 0.923880
vn 0.382683 0.000000 0.923880
vn 0.382683 0.000000 0.923880
vn 0.382683 0.000000 0.923880
vn -0.382683 0.000000 0.923880
vn -0.382683 0.000000 0.923880
vn -0.382683 0.000000 0.923880
vn -0.382683 0.000000 0.923880
vn -0.382683 0.000000 0.923880
vn 0.923880 0.000000 0.382683
vn 0.923880 0.000000 0.382683
vn 0.923880 0.000000 0.382683
vn 0.923880 0.000000 0.382683
vn 0.923880 0.000000 0.382683
vn 0.923880 0.000000 0.382683
vn 0.923880 0.000000 0.382683
vn 0.923880 0.000000 0.382683
vn 0.923880 0.000000 0.382683
vn 0.923880 0.000000 0.382683
vn 0.923880 0.000000 0.382683
vn 0.923880 0.000000 0.382683
vn 0.923880 0.000000 0.382683
vn 0.923880 0.000000 0.382683
vn 0.923880 0.000000 0.382683
vn 0.923880 0.000000 0.382683
vn 0.923880 0.000000 0.382683
vn 0.923880 0.000000 0.382683
vn 0.923880 0.000000 0.382683
vn 0.923880 0.000000 0.382683
vn 0.923880 0.000000 0.382683
vn 0.923880 0.000000 0.382683
vn 0.923880 0.000000 0.382683
vn 0.923880 0.000000 0.382683
vn 0.923880 0.000000 0.382683
vn 0.923880 0.000000 0.382683
vn 0.923880 0.000000 0.382683
vn 0.923880 0.000000 0.382683
vn 0.923880 0.000000 0.382683
vn 0.923880 0.000000 0.382683
vn 0.923880 0.000000 0.382683
vn 0.923880 0.000000 0.382683
vn 0.923880 0.000000 0.382683
vn 0.923880 0.000000 0.382683
vn 0.923880 0.000000 0.382683
vn -0.923880 0.000000 -0.382683
vn -0.923880 0.000000 -0.382683
vn -0.923880 0.000000 -0.382683
vn -0.923880 0.000000 -0.382683
vn -0.382683 0.000000 -0.923880
vn -0.382683 0.000000 -0.923880
vn -0.382683 0.000000 -0.923880
vn -0.382683 0.000000 -0.923880
vn -0.382683 0.000000 -0.923880
vn -0.382683 0.000000 -0.923880
vn -0.382683 0.000000 -0.923880
vn -0.382683 0.000000 -0.923880
vn -0.382683 0.000000 -0.923880
vn -0.382683 0.000000 -0.923880
vn -0.382683 0.000000 -0.923880
vn -0.382683 0.000000 -0.923880
vn -0.382683 0.000000 -0.923880
vn -0.382683 0.000000 -0.923880
vn -0.382683 0.000000 -0.923880
vn -0.382683 0.000000 -0.923880
vn -0.382683 0.000000 -0.923880
vn -0.382683 0.000000 -0.923880
vn -0.382683 0.000000 -0.923880
vn -0.382683 0.000000 -0.923880
vn -0.382683 0.000000 -0.923880
vn -0.382683 0.000000 -0.923880
vn -0.382683 0.000000 -0.923880
vn -0.382683 0.000000 -0.923880
vn -0.382683 0.000000 -0.923880
vn -0.382683 0.000000 -0.923880
vn -0.382683 0.000000 -0.923880
vn -0.382683 0.000000 -0.923880
vn -0.382683 0.000000 -0.923880
vn -0.382683 0.000000 -0.923880
vn -0.382683 0.000000 -0.923880
vn -0.382683 0.000000 -0.923880
vn -0.382683 0.000000 -0.923880
vn -0.382683 0.000000 -0.923880
vn -0.382683 0.000000 -0.923880
vn -0.382683 0.000000 -0.923880
vn -0.382683 0.000000 -0.923880
vn -0.382683 0.000000 -0.923880
vn -0.382683 0.000000 -0.923880
vn -0.382683 0.000000 -0.923880
vn -0.382683 0.000000 -0.923880
vn -0.382683 0.000000 -0.923880
vn -0.382683 0.000000 -0.923880
vn -0.382683 0.000000 -0.923880
vn -0.382683 0.000000 -0.923880
vn -0.382683 0.000000 -0.923880
vn -0.382683 0.000000 -0.923880
vn -0.382683 0.000000 -0.923880
vn -0.382683 0.000000 -0.923880
vn -0.382683 0.000000 -0.923880
vn -0.382683 0.000000 -0.923880
vn -0.382683 0.000000 -0.923880
vn -0.382683 0.000000 -0.923880
vn -0.382683 0.000000 -0.923880
vn 0.382683 0.000000 -0.923880
vn 0.382683 -0.000000 -0.923880
vn 0.382683 0.000000 -0.923880
vn 0.382683 -0.000000 -0.923880
vn -0.923880 0.000000 -0.382683
vn -0.923880 0.000000 -0.382683
vn -0.923880 0.000000 -0.382683
vn -0.923880 0.000000 -0.382683
vn -0.923880 0.000000 -0.382683
vn -0.923880 0.000000 -0.382683
vn -0.382683 0.000000 -0.923880
vn -0.382683 0.000000 -0.923880
vn -0.382683 0.000000 -0.923880
vn -0.382683 0.000000 -0.923880
vn -0.382683 0.000000 -0.923880
vn -0.382683 0.000000 -0.923880
vn -0.382683 0.000000 -0.923880
vn -0.382683 0.000000 -0.923880
vn -0.382683 0.000000 -0.923880
vn -0.382683 0.000000 -0.923880
vn -0.382683 0.000000 -0.923880
vn -0.382683 0.000000 -0.923880
vn -0.382683 0.000000 -0.923880
vn -0.382683 0.000000 -0.923880
vn -0.382683 0.000000 -0.923880
vn -0.382683 0.000000 -0.923880
vn -0.382683 0.000000 -0.923880
vn -0.382683 0.000000 -0.923880
vn -0.382683 0.000000 -0.923880
vn -0.382683 0.000000 -0.923880
vn -0.382683 0.000000 -0.923880
vn -0.382683 0.000000 -0.923880
vn -0.382683 0.000000 -0.923880
vn -0.382683 0.000000 -0.923880
vn -0.382683 0.000000 -0.923880
vn -0.382683 0.000000 -0.923880
vn -0.382683 0.000000 -0.923880
vn -0.382683 0.000000 -0.923880
vn -0.382683 0.000000 -0.923880
vn -0.382683 0.000000 -0.923880
vn -0.382683 0.000000 -0.923880
vn -0.382683 0.000000 -0.923880
vn -0.382683 0.000000 -0.923880
vn -0.382683 0.000000 -0.923880
vn -0.382683 0.000000 -0.923880
vn -0.382683 0.000000 -0.923880
vn -0.382683 0.000000 -0.923880
vn 0.382683 0.000000 -0.923880
vn 0.382683 0.000000 -0.923880
vn 0.382683 0.000000 -0.923880
vn 0.382683 -0.000000 -0.923880
vn 0.382683 0.000000 -0.923880
vn 0.382683 0.000000 -0.923880
vn -0.923880 0.000000 0.382683
vn -0.923880 0.000000 0.382683
vn -0.923880 0.000000 0.382683
vn -0.923880 0.000000 0.382683
vn -0.923880 0.000000 0.382683
vn -0.923880 0.000000 0.382683
vn -0.923880 0.000000 0.382683
vn -0.923880 0.000000 0.382683
vn 0.923880 -0.000000 -0.382683
vn 0.923880 -0.000000 -0.382683
vn 0.923880 -0.000000 -0.382683
vn 0.923880 -0.000000 -0.382683
vn 0.923880 -0.000000 -0.382683
vn 0.923880 0.000000 -0.382683
vn 0.923880 -0.000000 -0.382683
vn 0.923880 0.000000 -0.382683
vn 0.808037 -0.484822 -0.334700
vn 0.808037 -0.484822 -0.334700
vn 0.808037 -0.484822 -0.334700
vn 0.808037 -0.484822 0.334700
vn 0.808037 -0.484822 0.334700
vn 0.808037 -0.484822 0.334700
vn 0.334700 -0.484822 0.808037
vn 0.334700 -0.484822 0.808037
vn 0.334700 -0.484822 0.808037
vn -0.334700 -0.484822 0.808037
vn -0.334700 -0.484822 0.808037
vn -0.334700 -0.484822 0.808037
vn 0.334700 -0.484822 -0.808037
vn 0.334700 -0.484822 -0.808037
vn 0.334700 -0.484822 -0.808037
vn -0.334700 -0.484822 -0.808037
vn -0.334700 -0.484822 -0.808037
vn -0.334700 -0.484822 -0.808037
vn -0.808037 -0.484822 -0.334700
vn -0.808037 -0.484822 -0.334700
vn -0.808037 -0.484822 -0.334700
vn -0.808037 -0.484822 0.334700
vn -0.808037 -0.484822 0.334700
vn -0.808037 -0.484822 0.334700
vn -0.000000 1.000000 0.000000
vn -0.000000 1.000000 0.000000
vn -0.000000 1.000000 0.000000
vn -0.000000 1.000000 0.000000
vn -0.000000 1.000000 0.000000
vn -0.000000 1.000000 0.000000
vn -0.000000 1.000000 0.000000
vn -0.000000 1.000000 0.000000
vn 0.382683 0.000000 0.923880
vn 0.382683 0.000000 0.923880
vn 0.382683 0.000000 0.923880
vn 0.382683 0.000000 0.923880
vn 0.382683 0.000000 0.923880
vn 0.382683 0.000000 0.923880
vn 0.382683 0.000000 0.923880
vn 0.382683 0.000000 0.923880
vn 0.382683 0.000000 0.923880
vn 0.382683 0.000000 0.923880
vn 0.382683 0.000000 0.923880
vn 0.382683 0.000000 0.923880
vn 0.382683 0.000000 0.923880
vn 0.382683 0.000000 0.923880
vn 0.382683 0.000000 0.923880
vn 0.382683 0.000000 0.923880
vn 0.382683 0.000000 0.923880
vn 0.382683 0.000000 0.923880
vn 0.382683 0.000000 0.923880
vn 0.382683 0.000000 0.923880
vn 0.382683 0.000000 0.923880
vn 0.382683 0.000000 0.923880
vn 0.382683 0.000000 0.923880
vn 0.382683 0.000000 0.923880
vn 0.382683 0.000000 0.923880
vn 0.382683 0.000000 0.923880
vn 0.382683 0.000000 0.923880
vn 0.382683 0.000000 0.923880
vn 0.382683 0.000000 0.923880
vn 0.382683 0.000000 0.923880
vn 0.382683 0.000000 0.923880
vn 0.382683 0.000000 0.923880
vn 0.382683 0.000000 0.923880
vn 0.382683 0.000000 0.923880
vn 0.382683 0.000000 0.923880
vn 0.382683 0.000000 0.923880
vn 0.382683 0.000000 0.923880
vn 0.382683 0.000000 0.923880
vn 0.382683 0.000000 0.923880
vn 0.382683 0.000000 0.923880
vn 0.382683 0.000000 0.923880
vn 0.382683 0.000000 0.923880
vn 0.382683 0.000000 0.923880
vn 0.382683 0.000000 0.923880
vn 0.382683 0.000000 0.923880
vn 0.382683 0.000000 0.923880
vn 0.382683 0.000000 0.923880
vn 0.382683 0.000000 0.923880
vn -0.382683 0.000000 0.923880
vn -0.382683 0.000000 0.923880
vn -0.382683 0.000000 0.923880
vn 0.923880 0.000000 0.382683
vn 0.923880 0.000000 0.382683
vn 0.923880 0.000000 0.382683
vn 0.923880 0.000000 0.382683
vn 0.923880 0.000000 0.382683
vn 0.923880 0.000000 0.382683
vn 0.923880 0.000000 0.382683
vn 0.923880 0.000000 0.382683
vn 0.923880 0.000000 0.382683
vn 0.923880 0.000000 0.382683
vn 0.923880 0.000000 0.382683
vn 0.923880 0.000000 0.382683
vn 0.923880 0.000000 0.382683
vn 0.923880 0.000000 0.382683
vn 0.923880 0.000000 0.382683
vn 0.923880 0.000000 0.382683
vn 0.923880 0.000000 0.382683
vn 0.923880 0.000000 0.382683
vn 0.923880 0.000000 0.382683
vn 0.923880 0.000000 0.382683
vn 0.923880 0.000000 0.382683
vn 0.923880 0.000000 0.382683
vn 0.923880 0.000000 0.382683
vn 0.923880 0.000000 0.382683
vn 0.923880 0.000000 0.382683
vn 0.923880 0.000000 0.382683
vn 0.923880 0.000000 0.382683
vn 0.923880 0.000000 0.382683
vn 0.923880 0.000000 0.382683
vn 0.923880 0.000000 0.382683
vn 0.923880 0.000000 0.382683
vn 0.923880 0.000000 0.382683
vn 0.923880 0.000000 0.382683
vn 0.923880 0.000000 0.382683
vn 0.923880 0.000000 0.382683
vn 0.923880 0.000000 0.382683
vn 0.923880 0.000000 0.382683
vn 0.923880 0.000000 0.382683
vn 0.923880 0.000000 0.382683
vn 0.923880 0.000000 0.382683
vn 0.923880 0.000000 0.382683
vn 0.923880 0.000000 0.382683
vn 0.923880 0.000000 0.382683
vn 0.923880 0.000000 0.382683
vn 0.923880 0.000000 0.382683
vn 0.923880 0.000000 0.382683
vn 0.923880 0.000000 0.382683
vn 0.923880 0.000000 0.382683
vn 0.923880 0.000000 0.382683
vn 0.382683 0.000000 0.923880
vn 0.382683 0.000000 0.923880
vn 0.382683 0.000000 0.923880
vn 0.382683 0.000000 0.923880
vn 0.382683 0.000000 0.923880
vn 0.382683 0.000000 0.923880
vn 0.382683 0.000000 0.923880
vn 0.382683 0.000000 0.923880
vn 0.382683 0.000000 0.923880
vn 0.382683 0.000000 0.923880
vn 0.382683 0.000000 0.923880
vn 0.382683 0.000000 0.923880
vn 0.382683 0.000000 0.923880
vn 0.382683 0.000000 0.923880
vn 0.382683 0.000000 0.923880
vn 0.382683 0.000000 0.923880
vn 0.382683 0.000000 0.923880
vn 0.382683 0.000000 0.923880
vn 0.382683 0.000000 0.923880
vn 0.382683 0.000000 0.923880
vn 0.382683 0.000000 0.923880
vn 0.382683 0.000000 0.923880
vn 0.382683 0.000000 0.923880
vn 0.382683 0.000000 0.923880
vn 0.382683 0.000000 0.923880
vn 0.382683 0.000000 0.923880
vn 0.382683 0.000000 0.923880
vn 0.382683 0.000000 0.923880
vn 0.382683 0.000000 0.923880
vn 0.382683 0.000000 0.923880
vn 0.382683 0.000000 0.923880
vn 0.382683 0.000000 0.923880
vn 0.382683 0.000000 0.923880
vn 0.382683 0.000000 0.923880
vn 0.382683 0.000000 0.923880
vn 0.382683 0.000000 0.923880
vn 0.382683 0.000000 0.923880
vn -0.382683 0.000000 0.923880
vn -0.382683 0.000000 0.923880
vn -0.382683 0.000000 0.923880
vn -0.382683 0.000000 0.923880
vn -0.382683 0.000000 0.923880
vn 0.923880 0.000000 0.382683
vn 0.923880 0.000000 0.382683
vn 0.923880 0.000000 0.382683
vn 0.923880 0.000000 0.382683
vn 0.923880 0.000000 0.382683
vn 0.923880 0.000000 0.382683
vn 0.923880 0.000000 0.382683
vn 0.923880 0.000000 0.382683
vn 0.923880 0.000000 0.382683
vn 0.923880 0.000000 0.382683
vn 0.923880 0.000000 0.382683
vn 0.923880 0.000000 0.382683
vn 0.923880 0.000000 0.382683
vn 0.923880 0.000000 0.382683
vn 0.923880 0.000000 0.382683
vn 0.923880 0.000000 0.382683
vn 0.923880 0.000000 0.382683
vn 0.923880 0.000000 0.382683
vn 0.923880 0.000000 0.382683
vn 0.923880 0.000000 0.382683
vn 0.923880 0.000000 0.382683
vn 0.923880 0.000000 0.382683
vn 0.923880 0.000000 0.382683
vn 0.923880 0.000000 0.382683
vn 0.923880 0.000000 0.382683
vn 0.923880 0.000000 0.382683
vn 0.923880 0.000000 0.382683
vn 0.923880 0.000000 0.382683
vn 0.923880 0.000000 0.382683
vn 0.923880 0.000000 0.382683
vn 0.923880 0.000000 0.382683
vn 0.923880 0.000000 0.382683
vn 0.923880 0.000000 0.382683
vn 0.923880 0.000000 0.382683
vn 0.923880 0.000000 0.382683
vn -0.923880 0.000000 -0.382683
vn -0.923880 0.000000 -0.382683
vn -0.923880 0.000000 -0.382683
vn -0.923880 0.000000 -0.382683
vn -0.382683 0.000000 -0.923880
vn -0.382683 0.000000 -0.923880
vn -0.382683 0.000000 -0.923880
vn -0.382683 0.000000 -0.923880
vn -0.382683 0.000000 -0.923880
vn -0.382683 0.000000 -0.923880
vn -0.382683 0.000000 -0.923880
vn -0.382683 0.000000 -0.923880
vn -0.382683 0.000000 -0.923880
vn -0.382683 0.000000 -0.923880
vn -0.382683 0.000000 -0.923880
vn -0.382683 0.000000 -0.923880
vn -0.382683 0.000000 -0.923880
vn -0.382683 0.000000 -0.923880
vn -0.382683 0.000000 -0.923880
vn -0.382683 0.000000 -0.923880
vn -0.382683 0.000000 -0.923880
vn -0.382683 0.000000 -0.923880
vn -0.382683 0.000000 -0.923880
vn -0.382683 0.000000 -0.923880
vn -0.382683 0.000000 -0.923880
vn -0.382683 0.000000 -0.923880
vn -0.382683 0.000000 -0.923880
vn -0.382683 0.000000 -0.923880
vn -0.382683 0.000000 -0.923880
vn -0.382683 0.000000 -0.923880
vn -0.382683 0.000000 -0.923880
vn -0.382683 0.000000 -0.923880
vn -0.382683 0.000000 -0.923880
vn -0.382683 0.000000 -0.923880
vn -0.382683 0.000000 -0.923880
vn -0.382683 0.000000 -0.923880
vn -0.382683 0.000000 -0.923880
vn -0.382683 0.000000 -0.923880
vn -0.382683 0.000000 -0.923880
vn -0.382683 0.000000 -0.923880
vn -0.382683 0.000000 -0.923880
vn -0.382683 0.000000 -0.923880
vn -0.382683 0.000000 -0.923880
vn -0.382683 0.000000 -0.923880
vn -0.382683 0.000000 -0.923880
vn -0.382683 0.000000 -0.923880
vn -0.382683 0.000000 -0.923880
vn -0.382683 0.000000 -0.923880
vn -0.382683 0.000000 -0.923880
vn -0.382683 0.000000 -0.923880
vn -0.382683 0.000000 -0.923880
vn -0.382683 0.000000 -0.923880
vn -0.382683 0.000000 -0.923880
vn -0.382683 0.000000 -0.923880
vn -0.382683 0.000000 -0.923880
vn -0.382683 0.000000 -0.923880
vn -0.382683 0.000000 -0.923880
vn -0.382683 0.000000 -0.923880
vn 0.382683 0.000000 -0.923880
vn 0.382683 -0.000000 -0.923880
vn 0.382683 0.000000 -0.923880
vn 0.382683 -0.000000 -0.923880
vn -0.923880 0.000000 -0.382683
vn -0.923880 0.000000 -0.382683
vn -0.923880 0.000000 -0.382683
vn -0.923880 0.000000 -0.382683
vn -0.923880 0.000000 -0.382683
vn -0.923880 0.000000 -0.382683
vn -0.382683 0.000000 -0.923880
vn -0.382683 0.000000 -0.923880
vn -0.382683 0.000000 -0.923880
vn -0.382683 0.000000 -0.923880
vn -0.382683 0.000000 -0.923880
vn -0.382683 0.000000 -0.923880
vn -0.382683 0.000000 -0.923880
vn -0.382683 0.000000 -0.923880
vn -0.382683 0.000000 -0.923880
vn -0.382683 0.000000 -0.923880
vn -0.382683 0.000000 -0.923880
vn -0.382683 0.000000 -0.923880
vn -0.382683 0.000000 -0.923880
vn -0.382683 0.000000 -0.923880
vn -0.382683 0.000000 -0.923880
vn -0.382683 0.000000 -0.923880
vn -0.382683 0.000000 -0.923880
vn -0.382683 0.000000 -0.923880
vn -0.382683 0.000000 -0.923880
vn -0.382683 0.000000 -0.923880
vn -0.382683 0.000000 -0.923880
vn -0.382683 0.000000 -0.923880
vn -0.382683 0.000000 -0.923880
vn -0.382683 0.000000 -0.923880
vn -0.382683 0.000000 -0.923880
vn -0.382683 0.000000 -0.923880
vn -0.382683 0.000000 -0.923880
vn -0.382683 0.000000 -0.923880
vn -0.382683 0.000000 -0.923880
vn -0.382683 0.000000 -0.923880
vn -0.382683 0.000000 -0.923880
vn -0.382683 0.000000 -0.923880
vn -0.382683 0.000000 -0.923880
vn -0.382683 0.000000 -0.923880
vn -0.382683 0.000000 -0.923880
vn -0.382683 0.000000 -0.923880
vn -0.382683 0.000000 -0.923880
vn 0.382683 0.000000 -0.923880
vn 0.382683 0.000000 -0.923880
vn 0.382683 0.000000 -0.923880
vn 0.382683 -0.000000 -0.923880
vn 0.382683 0.000000 -0.923880
vn 0.382683 0.000000 -0.923880
vn -0.923880 0.000000 -0.382683
vn -0.923880 0.000000 -0.382683
vn -0.923880 0.000000 -0.382683
vn -0.923880 0.000000 -0.382683
vn -0.923880 0.000000 -0.382683
vn -0.923880 0.000000 -0.382683
vn -0.923880 0.000000 -0.382683
vn -0.923880 0.000000 -0.382683
vn 0.923880 0.000000 0.382683
vn 0.923880 0.000000 0.382683
vn 0.923880 0.000000 0.382683
vn 0.923880 0.000000 0.382683
vn 0.923880 0.000000 0.382683
vn 0.923880 0.000000 0.382683
vn 0.923880 0.000000 0.382683
vn 0.923880 0.000000 0.382683
vn 0.808037 0.484822 0.334700
vn 0.808037 0.484822 0.334700
vn 0.808037 0.484822 0.334700
vn 0.808037 0.484822 -0.334700
vn 0.808037 0.484822 -0.334700
vn 0.808037 0.484822 -0.334700
vn 0.334700 0.484822 -0.808037
vn 0.334700 0.484822 -0.808037
vn 0.334700 0.484822 -0.808037
vn -0.334700 0.484822 -0.808037
vn -0.334700 0.484822 -0.808037
vn -0.334700 0.484822 -0.808037
vn 0.334700 0.484822 0.808037
vn 0.334700 0.484822 0.808037
vn 0.334700 0.484822 0.808037
vn -0.334700 0.484822 0.808037
vn -0.334700 0.484822 0.808037
vn -0.334700 0.484822 0.808037
vn -0.808037 0.484822 0.334700
vn -0.808037 0.484822 0.334700
vn -0.808037 0.484822 0.334700
vn -0.808037 0.484822 -0.334700
vn -0.808037 0.484822 -0.334700
vn -0.808037 0.484822 -0.334700
vn -0.000000 -1.000000 0.000000
vn -0.000000 -1.000000 0.000000
vn -0.000000 -1.000000 0.000000
vn -0.000000 -1.000000 0.000000
vn -0.000000 -1.000000 0.000000
vn -0.000000 -1.000000 0.000000
vn -0.000000 -1.000000 0.000000
vn -0.000000 -1.000000 0.000000
vn 0.382683 -0.000000 -0.923880
vn 0.382683 -0.000000 -0.923880
vn 0.382683 -0.000000 -0.923880
vn 0.382683 -0.000000 -0.923880
vn 0.382683 -0.000000 -0.923880
vn 0.382683 -0.000000 -0.923880
vn 0.382683 -0.000000 -0.923880
vn 0.382683 -0.000000 -0.923880
vn 0.382683 -0.000000 -0.923880
vn 0.382683 -0.000000 -0.923880
vn 0.382683 -0.000000 -0.923880
vn 0.382683 -0.000000 -0.923880
vn 0.382683 -0.000000 -0.923880
vn 0.382683 -0.000000 -0.923880
vn 0.382683 -0.000000 -0.923880
vn 0.382683 -0.000000 -0.923880
vn 0.382683 -0.000000 -0.923880
vn 0.382683 -0.000000 -0.923880
vn 0.382683 -0.000000 -0.923880
vn 0.382683 -0.000000 -0.923880
vn 0.382683 -0.000000 -0.923880
vn 0.382683 -0.000000 -0.923880
vn 0.382683 -0.000000 -0.923880
vn 0.382683 -0.000000 -0.923880
vn 0.382683 -0.000000 -0.923880
vn 0.382683 -0.000000 -0.923880
vn 0.382683 -0.000000 -0.923880
vn 0.382683 -0.000000 -0.923880
vn 0.382683 -0.000000 -0.923880
vn 0.382683 -0.000000 -0.923880
vn 0.382683 -0.000000 -0.923880
vn 0.382683 -0.000000 -0.923880
vn 0.382683 -0.000000 -0.923880
vn 0.382683 -0.000000 -0.923880
vn 0.382683 -0.000000 -0.923880
vn 0.382683 -0.000000 -0.923880
vn 0.382683 -0.000000 -0.923880
vn 0.382683 -0.000000 -0.923880
vn 0.382683 -0.000000 -0.923880
vn 0.382683 -0.000000 -0.923880
vn 0.382683 -0.000000 -0.923880
vn 0.382683 -0.000000 -0.923880
vn 0.382683 -0.000000 -0.923880
vn 0.382683 -0.000000 -0.923880
vn 0.382683 -0.000000 -0.923880
vn 0.382683 -0.000000 -0.923880
vn 0.382683 -0.000000 -0.923880
vn 0.382683 -0.000000 -0.923880
vn -0.382683 0.000000 -0.923880
vn -0.382683 0.000000 -0.923880
vn -0.382683 0.000000 -0.923880
vn 0.923880 -0.000000 -0.382683
vn 0.923880 -0.000000 -0.382683
vn 0.923880 -0.000000 -0.382683
vn 0.923880 -0.000000 -0.382683
vn 0.923880 -0.000000 -0.382683
vn 0.923880 -0.000000 -0.382683
vn 0.923880 -0.000000 -0.382683
vn 0.923880 -0.000000 -0.382683
vn 0.923880 -0.000000 -0.382683
vn 0.923880 -0.000000 -0.382683
vn 0.923880 -0.000000 -0.382683
vn 0.923880 -0.000000 -0.382683
vn 0.923880 -0.000000 -0.382683
vn 0.923880 -0.000000 -0.382683
vn 0.923880 -0.000000 -0.382683
vn 0.923880 -0.000000 -0.382683
vn 0.923880 -0.000000 -0.382683
vn 0.923880 -0.000000 -0.382683
vn 0.923880 -0.000000 -0.382683
vn 0.923880 -0.000000 -0.382683
vn 0.923880 -0.000000 -0.382683
vn 0.923880 -0.000000 -0.382683
vn 0.923880 -0.000000 -0.382683
vn 0.923880 -0.000000 -0.382683
vn 0.923880 -0.000000 -0.382683
vn 0.923880 -0.000000 -0.382683
vn 0.923880 -0.000000 -0.382683
vn 0.923880 -0.000000 -0.382683
vn 0.923880 -0.000000 -0.382683
vn 0.923880 -0.000000 -0.382683
vn 0.923880 -0.000000 -0.382683
vn 0.923880 -0.000000 -0.382683
vn 0.923880 -0.000000 -0.382683
vn 0.923880 -0.000000 -0.382683
vn 0.923880 -0.000000 -0.382683
vn 0.923880 -0.000000 -0.382683
vn 0.923880 -0.000000 -0.382683
vn 0.923880 -0.000000 -0.382683
vn 0.923880 -0.000000 -0.382683
vn 0.923880 -0.000000 -0.382683
vn 0.923880 -0.000000 -0.382683
vn 0.923880 -0.000000 -0.382683
vn 0.923880 -0.000000 -0.382683
vn 0.923880 -0.000000 -0.382683
vn 0.923880 -0.000000 -0.382683
vn 0.923880 -0.000000 -0.382683
vn 0.923880 -0.000000 -0.382683
vn 0.923880 -0.000000 -0.382683
vn 0.923880 -0.000000 -0.382683
vn 0.382683 -0.000000 -0.923880
vn 0.382683 -0.000000 -0.923880
vn 0.382683 -0.000000 -0.923880
vn 0.382683 -0.000000 -0.923880
vn 0.382683 -0.000000 -0.923880
vn 0.382683 -0.000000 -0.923880
vn 0.382683 -0.000000 -0.923880
vn 0.382683 -0.000000 -0.923880
vn 0.382683 -0.000000 -0.923880
vn 0.382683 -0.000000 -0.923880
vn 0.382683 -0.000000 -0.923880
vn 0.382683 -0.000000 -0.923880
vn 0.382683 -0.000000 -0.923880
vn 0.382683 -0.000000 -0.923880
vn 0.382683 -0.000000 -0.923880
vn 0.382683 -0.000000 -0.923880
vn 0.382683 -0.000000 -0.923880
vn 0.382683 -0.000000 -0.923880
vn 0.382683 -0.000000 -0.923880
vn 0.382683 -0.000000 -0.923880
vn 0.382683 -0.000000 -0.923880
vn 0.382683 -0.000000 -0.923880
vn 0.382683 -0.000000 -0.923880
vn 0.382683 -0.000000 -0.923880
vn 0.382683 -0.000000 -0.923880
vn 0.382683 -0.000000 -0.923880
vn 0.382683 -0.000000 -0.923880
vn 0.382683 -0.000000 -0.923880
vn 0.382683 -0.000000 -0.923880
vn 0.382683 -0.000000 -0.923880
vn 0.382683 -0.000000 -0.923880
vn 0.382683 -0.000000 -0.923880
vn 0.382683 -0.000000 -0.923880
vn 0.382683 -0.000000 -0.923880
vn 0.382683 -0.000000 -0.923880
vn 0.382683 -0.000000 -0.923880
vn 0.382683 -0.000000 -0.923880
vn -0.382683 0.000000 -0.923880
vn -0.382683 0.000000 -0.923880
vn -0.382683 0.000000 -0.923880
vn -0.382683 0.000000 -0.923880
vn -0.382683 0.000000 -0.923880
vn 0.923880 -0.000000 -0.382683
vn 0.923880 -0.000000 -0.382683
vn 0.923880 -0.000000 -0.382683
vn 0.923880 -0.000000 -0.382683
vn 0.923880 -0.000000 -0.382683
vn 0.923880 -0.000000 -0.382683
vn 0.923880 -0.000000 -0.382683
vn 0.923880 -0.000000 -0.382683
vn 0.923880 -0.000000 -0.382683
vn 0.923880 -0.000000 -0.382683
vn 0.923880 -0.000000 -0.382683
vn 0.923880 -0.000000 -0.382683
vn 0.923880 -0.000000 -0.382683
vn 0.923880 -0.000000 -0.382683
vn 0.923880 -0.000000 -0.382683
vn 0.923880 -0.000000 -0.382683
vn 0.923880 -0.000000 -0.382683
vn 0.923880 -0.000000 -0.382683
vn 0.923880 -0.000000 -0.382683
vn 0.923880 -0.000000 -0.382683
vn 0.923880 -0.000000 -0.382683
vn 0.923880 -0.000000 -0.382683
vn 0.923880 -0.000000 -0.382683
vn 0.923880 -0.000000 -0.382683
vn 0.923880 -0.000000 -0.382683
vn 0.923880 -0.000000 -0.382683
vn 0.923880 -0.000000 -0.382683
vn 0.923880 -0.000000 -0.382683
vn 0.923880 -0.000000 -0.382683
vn 0.923880 -0.000000 -0.382683
vn 0.923880 -0.000000 -0.382683
vn 0.923880 -0.000000 -0.382683
vn 0.923880 -0.000000 -0.382683
vn 0.923880 -0.000000 -0.382683
vn 0.923880 -0.000000 -0.382683
vn -0.923880 0.000000 0.382683
vn -0.923880 0.000000 0.382683
vn -0.923880 0.000000 0.382683
vn -0.923880 0.000000 0.382683
vn -0.382683 0.000000 0.923880
vn -0.382683 0.000000 0.923880
vn -0.382683 0.000000 0.923880
vn -0.382683 0.000000 0.923880
vn -0.382683 0.000000 0.923880
vn -0.382683 0.000000 0.923880
vn -0.382683 0.000000 0.923880
vn -0.382683 0.000000 0.923880
vn -0.382683 0.000000 0.923880
vn -0.382683 0.000000 0.923880
vn -0.382683 0.000000 0.923880
vn -0.382683 0.000000 0.923880
vn -0.382683 0.000000 0.923880
vn -0.382683 0.000000 0.923880
vn -0.382683 0.000000 0.923880
vn -0.382683 0.000000 0.923880
vn -0.382683 0.000000 0.923880
vn -0.382683 0.000000 0.923880
vn -0.382683 0.000000 0.923880
vn -0.382683 0.000000 0.923880
vn -0.382683 0.000000 0.923880
vn -0.382683 0.000000 0.923880
vn -0.382683 0.000000 0.923880
vn -0.382683 0.000000 0.923880
vn -0.382683 0.000000 0.923880
vn -0.382683 0.000000 0.923880
vn -0.382683 0.000000 0.923880
vn -0.382683 0.000000 0.923880
vn -0.382683 0.000000 0.923880
vn -0.382683 0.000000 0.923880
vn -0.382683 0.000000 0.923880
vn -0.382683 0.000000 0.923880
vn -0.382683 0.000000 0.923880
vn -0.382683 0.000000 0.923880
vn -0.382683 0.000000 0.923880
vn -0.382683 0.000000 0.923880
vn -0.382683 0.000000 0.923880
vn -0.382683 0.000000 0.923880
vn -0.382683 0.000000 0.923880
vn -0.382683 0.000000 0.923880
vn -0.382683 0.000000 0.923880
vn -0.382683 0.000000 0.923880
vn -0.382683 0.000000 0.923880
vn -0.382683 0.000000 0.923880
vn -0.382683 0.000000 0.923880
vn -0.382683 0.000000 0.923880
vn -0.382683 0.000000 0.923880
vn -0.382683 0.000000 0.923880
vn -0.382683 0.000000 0.923880
vn -0.382683 0.000000 0.923880
vn -0.382683 0.000000 0.923880
vn -0.382683 0.000000 0.923880
vn -0.382683 0.000000 0.923880
vn -0.382683 0.000000 0.923880
vn 0.382683 0.000000 0.923880
vn 0.382683 0.000000 0.923880
vn 0.382683 0.000000 0.923880
vn 0.382683 0.000000 0.923880
vn -0.923880 0.000000 0.382683
vn -0.923880 0.000000 0.382683
vn -0.923880 0.000000 0.382683
vn -0.923880 0.000000 0.382683
vn -0.923880 0.000000 0.382683
vn -0.923880 0.000000 0.382683
vn -0.382683 0.000000 0.923880
vn -0.382683 0.000000 0.923880
vn -0.382683 0.000000 0.923880
vn -0.382683 0.000000 0.923880
vn -0.382683 0.000000 0.923880
vn -0.382683 0.000000 0.923880
vn -0.382683 0.000000 0.923880
vn -0.382683 0.000000 0.923880
vn -0.382683 0.000000 0.923880
vn -0.382683 0.000000 0.923880
vn -0.382683 0.000000 0.923880
vn -0.382683 0.000000 0.923880
vn -0.382683 0.000000 0.923880
vn -0.382683 0.000000 0.923880
vn -0.382683 0.000000 0.923880
vn -0.382683 0.000000 0.923880
vn -0.382683 0.000000 0.923880
vn -0.382683 0.000000 0.923880
vn -0.382683 0.000000 0.923880
vn -0.382683 0.000000 0.923880
vn -0.382683 0.000000 0.923880
vn -0.382683 0.000000 0.923880
vn -0.382683 0.000000 0.923880
vn -0.382683 0.000000 0.923880
vn -0.382683 0.000000 0.923880
vn -0.382683 0.000000 0.923880
vn -0.382683 0.000000 0.923880
vn -0.382683 0.000000 0.923880
vn -0.382683 0.000000 0.923880
vn -0.382683 0.000000 0.923880
vn -0.382683 0.000000 0.923880
vn -0.382683 0.000000 0.923880
vn -0.382683 0.000000 0.923880
vn -0.382683 0.000000 0.923880
vn -0.382683 0.000000 0.923880
vn -0.382683 0.000000 0.923880
vn -0.382683 0.000000 0.923880
vn 0.382683 0.000000 0.923880
vn 0.382683 0.000000 0.923880
vn 0.382683 0.000000 0.923880
vn 0.382683 0.000000 0.923880
vn 0.382683 0.000000 0.923880
vn 0.382683 0.000000 0.923880
vn -0.923880 0.000000 -0.382683
vn -0.923880 0.000000 -0.382683
vn -0.923880 0.000000 -0.382683
vn -0.923880 0.000000 -0.382683
vn -0.923880 0.000000 -0.382683
vn -0.923880 0.000000 -0.382683
vn -0.923880 0.000000 -0.382683
vn -0.923880 0.000000 -0.382683
vn 0.923880 0.000000 0.382683
vn 0.923880 0.000000 0.382683
vn 0.923880 0.000000 0.382683
vn 0.923880 0.000000 0.382683
vn 0.923880 0.000000 0.382683
vn 0.923880 0.000000 0.382683
vn 0.923880 0.000000 0.382683
vn 0.923880 0.000000 0.382683
vn 0.808037 0.484822 0.334700
vn 0.808037 0.484822 0.334700
vn 0.808037 0.484822 0.334700
vn 0.808037 0.484822 -0.334700
vn 0.808037 0.484822 -0.334700
vn 0.808037 0.484822 -0.334700
vn 0.334700 0.484822 -0.808037
vn 0.334700 0.484822 -0.808037
vn 0.334700 0.484822 -0.808037
vn -0.334700 0.484822 -0.808037
vn -0.334700 0.484822 -0.808037
vn -0.334700 0.484822 -0.808037
vn 0.334700 0.484822 0.808037
vn 0.334700 0.484822 0.808037
vn 0.334700 0.484822 0.808037
vn -0.334700 0.484822 0.808037
vn -0.334700 0.484822 0.808037
vn -0.334700 0.484822 0.808037
vn -0.808037 0.484822 0.334700
vn -0.808037 0.484822 0.334700
vn -0.808037 0.484822 0.334700
vn -0.808037 0.484822 -0.334700
vn -0.808037 0.484822 -0.334700
vn -0.808037 0.484822 -0.334700
vn -0.000000 -1.000000 0.000000
vn -0.000000 -1.000000 0.000000
vn -0.000000 -1.000000 0.000000
vn -0.000000 -1.000000 0.000000
vn -0.000000 -1.000000 0.000000
vn -0.000000 -1.000000 0.000000
vn -0.000000 -1.000000 0.000000
vn -0.000000 -1.000000 0.000000
vn 0.382683 -0.000000 -0.923880
vn 0.382683 -0.000000 -0.923880
vn 0.382683 -0.000000 -0.923880
vn 0.382683 -0.000000 -0.923880
vn 0.382683 -0.000000 -0.923880
vn 0.382683 -0.000000 -0.923880
vn 0.382683 -0.000000 -0.923880
vn 0.382683 -0.000000 -0.923880
vn 0.382683 -0.000000 -0.923880
vn 0.382683 -0.000000 -0.923880
vn 0.382683 -0.000000 -0.923880
vn 0.382683 -0.000000 -0.923880
vn 0.382683 -0.000000 -0.923880
vn 0.382683 -0.000000 -0.923880
vn 0.382683 -0.000000 -0.923880
vn 0.382683 -0.000000 -0.923880
vn 0.382683 -0.000000 -0.923880
vn 0.382683 -0.000000 -0.923880
vn 0.382683 -0.000000 -0.923880
vn 0.382683 -0.000000 -0.923880
vn 0.382683 -0.000000 -0.923880
vn 0.382683 -0.000000 -0.923880
vn 0.382683 -0.000000 -0.923880
vn 0.382683 -0.000000 -0.923880
vn 0.382683 -0.000000 -0.923880
vn 0.382683 -0.000000 -0.923880
vn 0.382683 -0.000000 -0.923880
vn 0.382683 -0.000000 -0.923880
vn 0.382683 -0.000000 -0.923880
vn 0.382683 -0.000000 -0.923880
vn 0.382683 -0.000000 -0.923880
vn 0.382683 -0.000000 -0.923880
vn 0.382683 -0.000000 -0.923880
vn 0.382683 -0.000000 -0.923880
vn 0.382683 -0.000000 -0.923880
vn 0.382683 -0.000000 -0.923880
vn 0.382683 -0.000000 -0.923880
vn 0.382683 -0.000000 -0.923880
vn 0.382683 -0.000000 -0.923880
vn 0.382683 -0.000000 -0.923880
vn 0.382683 -0.000000 -0.923880
vn 0.382683 -0.000000 -0.923880
vn 0.382683 -0.000000 -0.923880
vn 0.382683 -0.000000 -0.923880
vn 0.382683 -0.000000 -0.923880
vn 0.382683 -0.000000 -0.923880
vn 0.382683 -0.000000 -0.923880
vn 0.382683 -0.000000 -0.923880
vn -0.382683 0.000000 -0.923880
vn -0.382683 0.000000 -0.923880
vn -0.382683 0.000000 -0.923880
vn 0.923880 -0.000000 -0.382683
vn 0.923880 -0.000000 -0.382683
vn 0.923880 -0.000000 -0.382683
vn 0.923880 -0.000000 -0.382683
vn 0.923880 -0.000000 -0.382683
vn 0.923880 -0.000000 -0.382683
vn 0.923880 -0.000000 -0.382683
vn 0.923880 -0.000000 -0.382683
vn 0.923880 -0.000000 -0.382683
vn 0.923880 -0.000000 -0.382683
vn 0.923880 -0.000000 -0.382683
vn 0.923880 -0.000000 -0.382683
vn 0.923880 -0.000000 -0.382683
vn 0.923880 -0.000000 -0.382683
vn 0.923880 -0.000000 -0.382683
vn 0.923880 -0.000000 -0.382683
vn 0.923880 -0.000000 -0.382683
vn 0.923880 -0.000000 -0.382683
vn 0.923880 -0.000000 -0.382683
vn 0.923880 -0.000000 -0.382683
vn 0.923880 -0.000000 -0.382683
vn 0.923880 -0.000000 -0.382683
vn 0.923880 -0.000000 -0.382683
vn 0.923880 -0.000000 -0.382683
vn 0.923880 -0.000000 -0.382683
vn 0.923880 -0.000000 -0.382683
vn 0.923880 -0.000000 -0.382683
vn 0.923880 -0.000000 -0.382683
vn 0.923880 -0.000000 -0.382683
vn 0.923880 -0.000000 -0.382683
vn 0.923880 -0.000000 -0.382683
vn 0.923880 -0.000000 -0.382683
vn 0.923880 -0.000000 -0.382683
vn 0.923880 -0.000000 -0.382683
vn 0.923880 -0.000000 -0.382683
vn 0.923880 -0.000000 -0.382683
vn 0.923880 -0.000000 -0.382683
vn 0.923880 -0.000000 -0.382683
vn 0.923880 -0.000000 -0.382683
vn 0.923880 -0.000000 -0.382683
vn 0.923880 -0.000000 -0.382683
vn 0.923880 -0.000000 -0.382683
vn 0.923880 -0.000000 -0.382683
vn 0.923880 -0.000000 -0.382683
vn 0.923880 -0.000000 -0.382683
vn 0.923880 -0.000000 -0.382683
vn 0.923880 -0.000000 -0.382683
vn 0.923880 -0.000000 -0.382683
vn 0.923880 -0.000000 -0.382683
vn 0.382683 -0.000000 -0.923880
vn 0.382683 -0.000000 -0.923880
vn 0.382683 -0.000000 -0.923880
vn 0.382683 -0.000000 -0.923880
vn 0.382683 -0.000000 -0.923880
vn 0.382683 -0.000000 -0.923880
vn 0.382683 -0.000000 -0.923880
vn 0.382683 -0.000000 -0.923880
vn 0.382683 -0.000000 -0.923880
vn 0.382683 -0.000000 -0.923880
vn 0.382683 -0.000000 -0.923880
vn 0.382683 -0.000000 -0.923880
vn 0.382683 -0.000000 -0.923880
vn 0.382683 -0.000000 -0.923880
vn 0.382683 -0.000000 -0.923880
vn 0.382683 -0.000000 -0.923880
vn 0.382683 -0.000000 -0.923880
vn 0.382683 -0.000000 -0.923880
vn 0.382683 -0.000000 -0.923880
vn 0.382683 -0.000000 -0.923880
vn 0.382683 -0.000000 -0.923880
vn 0.382683 -0.000000 -0.923880
vn 0.382683 -0.000000 -0.923880
vn 0.382683 -0.000000 -0.923880
vn 0.382683 -0.000000 -0.923880
vn 0.382683 -0.000000 -0.923880
vn 0.382683 -0.000000 -0.923880
vn 0.382683 -0.000000 -0.923880
vn 0.382683 -0.000000 -0.923880
vn 0.382683 -0.000000 -0.923880
vn 0.382683 -0.000000 -0.923880
vn 0.382683 -0.000000 -0.923880
vn 0.382683 -0.000000 -0.923880
vn 0.382683 -0.000000 -0.923880
vn 0.382683 -0.000000 -0.923880
vn 0.382683 -0.000000 -0.923880
vn 0.382683 -0.000000 -0.923880
vn -0.382683 0.000000 -0.923880
vn -0.382683 0.000000 -0.923880
vn -0.382683 0.000000 -0.923880
vn -0.382683 0.000000 -0.923880
vn -0.382683 0.000000 -0.923880
vn 0.923880 -0.000000 -0.382683
vn 0.923880 -0.000000 -0.382683
vn 0.923880 -0.000000 -0.382683
vn 0.923880 -0.000000 -0.382683
vn 0.923880 -0.000000 -0.382683
vn 0.923880 -0.000000 -0.382683
vn 0.923880 -0.000000 -0.382683
vn 0.923880 -0.000000 -0.382683
vn 0.923880 -0.000000 -0.382683
vn 0.923880 -0.000000 -0.382683
vn 0.923880 -0.000000 -0.382683
vn 0.923880 -0.000000 -0.382683
vn 0.923880 -0.000000 -0.382683
vn 0.923880 -0.000000 -0.382683
vn 0.923880 -0.000000 -0.382683
vn 0.923880 -0.000000 -0.382683
vn 0.923880 -0.000000 -0.382683
vn 0.923880 -0.000000 -0.382683
vn 0.923880 -0.000000 -0.382683
vn 0.923880 -0.000000 -0.382683
vn 0.923880 -0.000000 -0.382683
vn 0.923880 -0.000000 -0.382683
vn 0.923880 -0.000000 -0.382683
vn 0.923880 -0.000000 -0.382683
vn 0.923880 -0.000000 -0.382683
vn 0.923880 -0.000000 -0.382683
vn 0.923880 -0.000000 -0.382683
vn 0.923880 -0.000000 -0.382683
vn 0.923880 -0.000000 -0.382683
vn 0.923880 -0.000000 -0.382683
vn 0.923880 -0.000000 -0.382683
vn 0.923880 -0.000000 -0.382683
vn 0.923880 -0.000000 -0.382683
vn 0.923880 -0.000000 -0.382683
vn 0.923880 -0.000000 -0.382683
vn -0.923880 0.000000 0.382683
vn -0.923880 0.000000 0.382683
vn -0.923880 0.000000 0.382683
vn -0.923880 0.000000 0.382683
vn -0.382683 0.000000 0.923880
vn -0.382683 0.000000 0.923880
vn -0.382683 0.000000 0.923880
vn -0.382683 0.000000 0.923880
vn -0.382683 0.000000 0.923880
vn -0.382683 0.000000 0.923880
vn -0.382683 0.000000 0.923880
vn -0.382683 0.000000 0.923880
vn -0.382683 0.000000 0.923880
vn -0.382683 0.000000 0.923880
vn -0.382683 0.000000 0.923880
vn -0.382683 0.000000 0.923880
vn -0.382683 0.000000 0.923880
vn -0.382683 0.000000 0.923880
vn -0.382683 0.000000 0.923880
vn -0.382683 0.000000 0.923880
vn -0.382683 0.000000 0.923880
vn -0.382683 0.000000 0.923880
vn -0.382683 0.000000 0.923880
vn -0.382683 0.000000 0.923880
vn -0.382683 0.000000 0.923880
vn -0.382683 0.000000 0.923880
vn -0.382683 0.000000 0.923880
vn -0.382683 0.000000 0.923880
vn -0.382683 0.000000 0.923880
vn -0.382683 0.000000 0.923880
vn -0.382683 0.000000 0.923880
vn -0.382683 0.000000 0.923880
vn -0.382683 0.000000 0.923880
vn -0.382683 0.000000 0.923880
vn -0.382683 0.000000 0.923880
vn -0.382683 0.000000 0.923880
vn -0.382683 0.000000 0.923880
vn -0.382683 0.000000 0.923880
vn -0.382683 0.000000 0.923880
vn -0.382683 0.000000 0.923880
vn -0.382683 0.000000 0.923880
vn -0.382683 0.000000 0.923880
vn -0.382683 0.000000 0.923880
vn -0.382683 0.000000 0.923880
vn -0.382683 0.000000 0.923880
vn -0.382683 0.000000 0.923880
vn -0.382683 0.000000 0.923880
vn -0.382683 0.000000 0.923880
vn -0.382683 0.000000 0.923880
vn -0.382683 0.000000 0.923880
vn -0.382683 0.000000 0.923880
vn -0.382683 0.000000 0.923880
vn -0.382683 0.000000 0.923880
vn -0.382683 0.000000 0.923880
vn -0.382683 0.000000 0.923880
vn -0.382683 0.000000 0.923880
vn -0.382683 0.000000 0.923880
vn -0.382683 0.000000 0.923880
vn 0.382683 0.000000 0.923880
vn 0.382683 0.000000 0.923880
vn 0.382683 0.000000 0.923880
vn 0.382683 0.000000 0.923880
vn -0.923880 0.000000 0.382683
vn -0.923880 0.000000 0.382683
vn -0.923880 0.000000 0.382683
vn -0.923880 0.000000 0.382683
vn -0.923880 0.000000 0.382683
vn -0.923880 0.000000 0.382683
vn -0.382683 0.000000 0.923880
vn -0.382683 0.000000 0.923880
vn -0.382683 0.000000 0.923880
vn -0.382683 0.000000 0.923880
vn -0.382683 0.000000 0.923880
vn -0.382683 0.000000 0.923880
vn -0.382683 0.000000 0.923880
vn -0.382683 0.000000 0.923880
vn -0.382683 0.000000 0.923880
vn -0.382683 0.000000 0.923880
vn -0.382683 0.000000 0.923880
vn -0.382683 0.000000 0.923880
vn -0.382683 0.000000 0.923880
vn -0.382683 0.000000 0.923880
vn -0.382683 0.000000 0.923880
vn -0.382683 0.000000 0.923880
vn -0.382683 0.000000 0.923880
vn -0.382683 0.000000 0.923880
vn -0.382683 0.000000 0.923880
vn -0.382683 0.000000 0.923880
vn -0.382683 0.000000 0.923880
vn -0.382683 0.000000 0.923880
vn -0.382683 0.000000 0.923880
vn -0.382683 0.000000 0.923880
vn -0.382683 0.000000 0.923880
vn -0.382683 0.000000 0.923880
vn -0.382683 0.000000 0.923880
vn -0.382683 0.000000 0.923880
vn -0.382683 0.000000 0.923880
vn -0.382683 0.000000 0.923880
vn -0.382683 0.000000 0.923880
vn -0.382683 0.000000 0.923880
vn -0.382683 0.000000 0.923880
vn -0.382683 0.000000 0.923880
vn -0.382683 0.000000 0.923880
vn -0.382683 0.000000 0.923880
vn -0.382683 0.000000 0.923880
vn 0.382683 0.000000 0.923880
vn 0.382683 0.000000 0.923880
vn 0.382683 0.000000 0.923880
vn 0.382683 0.000000 0.923880
vn 0.382683 0.000000 0.923880
vn 0.382683 0.000000 0.923880
vn -0.923880 0.000000 -0.382683
vn -0.923880 0.000000 -0.382683
vn -0.923880 0.000000 -0.382683
vn -0.923880 0.000000 -0.382683
vn -0.923880 0.000000 -0.382683
vn -0.923880 0.000000 -0.382683
vn -0.923880 0.000000 -0.382683
vn -0.923880 0.000000 -0.382683
vn 0.923880 0.000000 0.382683
vn 0.923880 0.000000 0.382683
vn 0.923880 0.000000 0.382683
vn 0.923880 0.000000 0.382683
vn 0.923880 0.000000 0.382683
vn 0.923880 0.000000 0.382683
vn 0.923880 0.000000 0.382683
vn 0.923880 0.000000 0.382683
vn 0.808037 0.484822 0.334700
vn 0.808037 0.484822 0.334700
vn 0.808037 0.484822 0.334700
vn 0.808037 0.484822 -0.334700
vn 0.808037 0.484822 -0.334700
vn 0.808037 0.484822 -0.334700
vn 0.334700 0.484822 -0.808037
vn 0.334700 0.484822 -0.808037
vn 0.334700 0.484822 -0.808037
vn -0.334700 0.484822 -0.808037
vn -0.334700 0.484822 -0.808037
vn -0.334700 0.484822 -0.808037
vn 0.334700 0.484822 0.808037
vn 0.334700 0.484822 0.808037
vn 0.334700 0.484822 0.808037
vn -0.334700 0.484822 0.808037
vn -0.334700 0.484822 0.808037
vn -0.334700 0.484822 0.808037
vn -0.808037 0.484822 0.334700
vn -0.808037 0.484822 0.334700
vn -0.808037 0.484822 0.334700
vn -0.808037 0.484822 -0.334700
vn -0.808037 0.484822 -0.334700
vn -0.808037 0.484822 -0.334700
vn -0.000000 -1.000000 0.000000
vn -0.000000 -1.000000 0.000000
vn -0.000000 -1.000000 0.000000
vn -0.000000 -1.000000 0.000000
vn -0.000000 -1.000000 0.000000
vn -0.000000 -1.000000 0.000000
vn -0.000000 -1.000000 0.000000
vn -0.000000 -1.000000 0.000000
vn 0.382683 -0.000000 -0.923880
vn 0.382683 -0.000000 -0.923880
vn 0.382683 -0.000000 -0.923880
vn 0.382683 -0.000000 -0.923880
vn 0.382683 -0.000000 -0.923880
vn 0.382683 -0.000000 -0.923880
vn 0.382683 -0.000000 -0.923880
vn 0.382683 -0.000000 -0.923880
vn 0.382683 -0.000000 -0.923880
vn 0.382683 -0.000000 -0.923880
vn 0.382683 -0.000000 -0.923880
vn 0.382683 -0.000000 -0.923880
vn 0.382683 -0.000000 -0.923880
vn 0.382683 -0.000000 -0.923880
vn 0.382683 -0.000000 -0.923880
vn 0.382683 -0.000000 -0.923880
vn 0.382683 -0.000000 -0.923880
vn 0.382683 -0.000000 -0.923880
vn 0.382683 -0.000000 -0.923880
vn 0.382683 -0.000000 -0.923880
vn 0.382683 -0.000000 -0.923880
vn 0.382683 -0.000000 -0.923880
vn 0.382683 -0.000000 -0.923880
vn 0.382683 -0.000000 -0.923880
vn 0.382683 -0.000000 -0.923880
vn 0.382683 -0.000000 -0.923880
vn 0.382683 -0.000000 -0.923880
vn 0.382683 -0.000000 -0.923880
vn 0.382683 -0.000000 -0.923880
vn 0.382683 -0.000000 -0.923880
vn 0.382683 -0.000000 -0.923880
vn 0.382683 -0.000000 -0.923880
vn 0.382683 -0.000000 -0.923880
vn 0.382683 -0.000000 -0.923880
vn 0.382683 -0.000000 -0.923880
vn 0.382683 -0.000000 -0.923880
vn 0.382683 -0.000000 -0.923880
vn 0.382683 -0.000000 -0.923880
vn 0.382683 -0.000000 -0.923880
vn 0.382683 -0.000000 -0.923880
vn 0.382683 -0.000000 -0.923880
vn 0.382683 -0.000000 -0.923880
vn 0.382683 -0.000000 -0.923880
vn 0.382683 -0.000000 -0.923880
vn 0.382683 -0.000000 -0.923880
vn 0.382683 -0.000000 -0.923880
vn 0.382683 -0.000000 -0.923880
vn 0.382683 -0.000000 -0.923880
vn -0.382683 0.000000 -0.923880
vn -0.382683 0.000000 -0.923880
vn -0.382683 0.000000 -0.923880
vn 0.923880 -0.000000 -0.382683
vn 0.923880 -0.000000 -0.382683
vn 0.923880 -0.000000 -0.382683
vn 0.923880 -0.000000 -0.382683
vn 0.923880 -0.000000 -0.382683
vn 0.923880 -0.000000 -0.382683
vn 0.923880 -0.000000 -0.382683
vn 0.923880 -0.000000 -0.382683
vn 0.923880 -0.000000 -0.382683
vn 0.923880 -0.000000 -0.382683
vn 0.923880 -0.000000 -0.382683
vn 0.923880 -0.000000 -0.382683
vn 0.923880 -0.000000 -0.382683
vn 0.923880 -0.000000 -0.382683
vn 0.923880 -0.000000 -0.382683
vn 0.923880 -0.000000 -0.382683
vn 0.923880 -0.000000 -0.382683
vn 0.923880 -0.000000 -0.382683
vn 0.923880 -0.000000 -0.382683
vn 0.923880 -0.000000 -0.382683
vn 0.923880 -0.000000 -0.382683
vn 0.923880 -0.000000 -0.382683
vn 0.923880 -0.000000 -0.382683
vn 0.923880 -0.000000 -0.382683
vn 0.923880 -0.000000 -0.382683
vn 0.923880 -0.000000 -0.382683
vn 0.923880 -0.000000 -0.382683
vn 0.923880 -0.000000 -0.382683
vn 0.923880 -0.000000 -0.382683
vn 0.923880 -0.000000 -0.382683
vn 0.923880 -0.000000 -0.382683
vn 0.923880 -0.000000 -0.382683
vn 0.923880 -0.000000 -0.382683
vn 0.923880 -0.000000 -0.382683
vn 0.923880 -0.000000 -0.382683
vn 0.923880 -0.000000 -0.382683
vn 0.923880 -0.000000 -0.382683
vn 0.923880 -0.000000 -0.382683
vn 0.923880 -0.000000 -0.382683
vn 0.923880 -0.000000 -0.382683
vn 0.923880 -0.000000 -0.382683
vn 0.923880 -0.000000 -0.382683
vn 0.923880 -0.000000 -0.382683
vn 0.923880 -0.000000 -0.382683
vn 0.923880 -0.000000 -0.382683
vn 0.923880 -0.000000 -0.382683
vn 0.923880 -0.000000 -0.382683
vn 0.923880 -0.000000 -0.382683
vn 0.923880 -0.000000 -0.382683
vn 0.382683 -0.000000 -0.923880
vn 0.382683 -0.000000 -0.923880
vn 0.382683 -0.000000 -0.923880
vn 0.382683 -0.000000 -0.923880
vn 0.382683 -0.000000 -0.923880
vn 0.382683 -0.000000 -0.923880
vn 0.382683 -0.000000 -0.923880
vn 0.382683 -0.000000 -0.923880
vn 0.382683 -0.000000 -0.923880
vn 0.382683 -0.000000 -0.923880
vn 0.382683 -0.000000 -0.923880
vn 0.382683 -0.000000 -0.923880
vn 0.382683 -0.000000 -0.923880
vn 0.382683 -0.000000 -0.923880
vn 0.382683 -0.000000 -0.923880
vn 0.382683 -0.000000 -0.923880
vn 0.382683 -0.000000 -0.923880
vn 0.382683 -0.000000 -0.923880
vn 0.382683 -0.000000 -0.923880
vn 0.382683 -0.000000 -0.923880
vn 0.382683 -0.000000 -0.923880
vn 0.382683 -0.000000 -0.923880
vn 0.382683 -0.000000 -0.923880
vn 0.382683 -0.000000 -0.923880
vn 0.382683 -0.000000 -0.923880
vn 0.382683 -0.000000 -0.923880
vn 0.382683 -0.000000 -0.923880
vn 0.382683 -0.000000 -0.923880
vn 0.382683 -0.000000 -0.923880
vn 0.382683 -0.000000 -0.923880
vn 0.382683 -0.000000 -0.923880
vn 0.382683 -0.000000 -0.923880
vn 0.382683 -0.000000 -0.923880
vn 0.382683 -0.000000 -0.923880
vn 0.382683 -0.000000 -0.923880
vn 0.382683 -0.000000 -0.923880
vn 0.382683 -0.000000 -0.923880
vn -0.382683 0.000000 -0.923880
vn -0.382683 0.000000 -0.923880
vn -0.382683 0.000000 -0.923880
vn -0.382683 0.000000 -0.923880
vn -0.382683 0.000000 -0.923880
vn 0.923880 -0.000000 -0.382683
vn 0.923880 -0.000000 -0.382683
vn 0.923880 -0.000000 -0.382683
vn 0.923880 -0.000000 -0.382683
vn 0.923880 -0.000000 -0.382683
vn 0.923880 -0.000000 -0.382683
vn 0.923880 -0.000000 -0.382683
vn 0.923880 -0.000000 -0.382683
vn 0.923880 -0.000000 -0.382683
vn 0.923880 -0.000000 -0.382683
vn 0.923880 -0.000000 -0.382683
vn 0.923880 -0.000000 -0.382683
vn 0.923880 -0.000000 -0.382683
vn 0.923880 -0.000000 -0.382683
vn 0.923880 -0.000000 -0.382683
vn 0.923880 -0.000000 -0.382683
vn 0.923880 -0.000000 -0.382683
vn 0.923880 -0.000000 -0.382683
vn 0.923880 -0.000000 -0.382683
vn 0.923880 -0.000000 -0.382683
vn 0.923880 -0.000000 -0.382683
vn 0.923880 -0.000000 -0.382683
vn 0.923880 -0.000000 -0.382683
vn 0.923880 -0.000000 -0.382683
vn 0.923880 -0.000000 -0.382683
vn 0.923880 -0.000000 -0.382683
vn 0.923880 -0.000000 -0.382683
vn 0.923880 -0.000000 -0.382683
vn 0.923880 -0.000000 -0.382683
vn 0.923880 -0.000000 -0.382683
vn 0.923880 -0.000000 -0.382683
vn 0.923880 -0.000000 -0.382683
vn 0.923880 -0.000000 -0.382683
vn 0.923880 -0.000000 -0.382683
vn 0.923880 -0.000000 -0.382683
vn -0.923880 0.000000 0.382683
vn -0.923880 0.000000 0.382683
vn -0.923880 0.000000 0.382683
vn -0.923880 0.000000 0.382683
vn -0.382683 0.000000 0.923880
vn -0.382683 0.000000 0.923880
vn -0.382683 0.000000 0.923880
vn -0.382683 0.000000 0.923880
vn -0.382683 0.000000 0.923880
vn -0.382683 0.000000 0.923880
vn -0.382683 0.000000 0.923880
vn -0.382683 0.000000 0.923880
vn -0.382683 0.000000 0.923880
vn -0.382683 0.000000 0.923880
vn -0.382683 0.000000 0.923880
vn -0.382683 0.000000 0.923880
vn -0.382683 0.000000 0.923880
vn -0.382683 0.000000 0.923880
vn -0.382683 0.000000 0.923880
vn -0.382683 0.000000 0.923880
vn -0.382683 0.000000 0.923880
vn -0.382683 0.000000 0.923880
vn -0.382683 0.000000 0.923880
vn -0.382683 0.000000 0.923880
vn -0.382683 0.000000 0.923880
vn -0.382683 0.000000 0.923880
vn -0.382683 0.000000 0.923880
vn -0.382683 0.000000 0.923880
vn -0.382683 0.000000 0.923880
vn -0.382683 0.000000 0.923880
vn -0.382683 0.000000 0.923880
vn -0.382683 0.000000 0.923880
vn -0.382683 0.000000 0.923880
vn -0.382683 0.000000 0.923880
vn -0.382683 0.000000 0.923880
vn -0.382683 0.000000 0.923880
vn -0.382683 0.000000 0.923880
vn -0.382683 0.000000 0.923880
vn -0.382683 0.000000 0.923880
vn -0.382683 0.000000 0.923880
vn -0.382683 0.000000 0.923880
vn -0.382683 0.000000 0.923880
vn -0.382683 0.000000 0.923880
vn -0.382683 0.000000 0.923880
vn -0.382683 0.000000 0.923880
vn -0.382683 0.000000 0.923880
vn -0.382683 0.000000 0.923880
vn -0.382683 0.000000 0.923880
vn -0.382683 0.000000 0.923880
vn -0.382683 0.000000 0.923880
vn -0.382683 0.000000 0.923880
vn -0.382683 0.000000 0.923880
vn -0.382683 0.000000 0.923880
vn -0.382683 0.000000 0.923880
vn -0.382683 0.000000 0.923880
vn -0.382683 0.000000 0.923880
vn -0.382683 0.000000 0.923880
vn -0.382683 0.000000 0.923880
vn 0.382683 0.000000 0.923880
vn 0.382683 0.000000 0.923880
vn 0.382683 0.000000 0.923880
vn 0.382683 0.000000 0.923880
vn -0.923880 0.000000 0.382683
vn -0.923880 0.000000 0.382683
vn -0.923880 0.000000 0.382683
vn -0.923880 0.000000 0.382683
vn -0.923880 0.000000 0.382683
vn -0.923880 0.000000 0.382683
vn -0.382683 0.000000 0.923880
vn -0.382683 0.000000 0.923880
vn -0.382683 0.000000 0.923880
vn -0.382683 0.000000 0.923880
vn -0.382683 0.000000 0.923880
vn -0.382683 0.000000 0.923880
vn -0.382683 0.000000 0.923880
vn -0.382683 0.000000 0.923880
vn -0.382683 0.000000 0.923880
vn -0.382683 0.000000 0.923880
vn -0.382683 0.000000 0.923880
vn -0.382683 0.000000 0.923880
vn -0.382683 0.000000 0.923880
vn -0.382683 0.000000 0.923880
vn -0.382683 0.000000 0.923880
vn -0.382683 0.000000 0.923880
vn -0.382683 0.000000 0.923880
vn -0.382683 0.000000 0.923880
vn -0.382683 0.000000 0.923880
vn -0.382683 0.000000 0.923880
vn -0.382683 0.000000 0.923880
vn -0.382683 0.000000 0.923880
vn -0.382683 0.000000 0.923880
vn -0.382683 0.000000 0.923880
vn -0.382683 0.000000 0.923880
vn -0.382683 0.000000 0.923880
vn -0.382683 0.000000 0.923880
vn -0.382683 0.000000 0.923880
vn -0.382683 0.000000 0.923880
vn -0.382683 0.000000 0.923880
vn -0.382683 0.000000 0.923880
vn -0.382683 0.000000 0.923880
vn -0.382683 0.000000 0.923880
vn -0.382683 0.000000 0.923880
vn -0.382683 0.000000 0.923880
vn -0.382683 0.000000 0.923880
vn -0.382683 0.000000 0.923880
vn 0.382683 0.000000 0.923880
vn 0.382683 0.000000 0.923880
vn 0.382683 0.000000 0.923880
vn 0.382683 0.000000 0.923880
vn 0.382683 0.000000 0.923880
vn 0.382683 0.000000 0.923880
vn -0.923880 0.000000 -0.382683
vn -0.923880 0.000000 -0.382683
vn -0.923880 0.000000 -0.382683
vn -0.923880 0.000000 -0.382683
vn -0.923880 0.000000 -0.382683
vn -0.923880 0.000000 -0.382683
vn -0.923880 0.000000 -0.382683
vn -0.923880 0.000000 -0.382683
vn 0.923880 0.000000 0.382683
vn 0.923880 0.000000 0.382683
vn 0.923880 0.000000 0.382683
vn 0.923880 0.000000 0.382683
vn 0.923880 0.000000 0.382683
vn 0.923880 0.000000 0.382683
vn 0.923880 0.000000 0.382683
vn 0.923880 0.000000 0.382683
vn 0.808037 0.484822 0.334700
vn 0.808037 0.484822 0.334700
vn 0.808037 0.484822 0.334700
vn 0.808037 0.484822 -0.334700
vn 0.808037 0.484822 -0.334700
vn 0.808037 0.484822 -0.334700
vn 0.334700 0.484822 -0.808037
vn 0.334700 0.484822 -0.808037
vn 0.334700 0.484822 -0.808037
vn -0.334700 0.484822 -0.808037
vn -0.334700 0.484822 -0.808037
vn -0.334700 0.484822 -0.808037
vn 0.334700 0.484822 0.808037
vn 0.334700 0.484822 0.808037
vn 0.334700 0.484822 0.808037
vn -0.334700 0.484822 0.808037
vn -0.334700 0.484822 0.808037
vn -0.334700 0.484822 0.808037
vn -0.808037 0.484822 0.334700
vn -0.808037 0.484822 0.334700
vn -0.808037 0.484822 0.334700
vn -0.808037 0.484822 -0.334700
vn -0.808037 0.484822 -0.334700
vn -0.808037 0.484822 -0.334700
vn -0.000000 -1.000000 0.000000
vn -0.000000 -1.000000 0.000000
vn -0.000000 -1.000000 0.000000
vn -0.000000 -1.000000 0.000000
vn -0.000000 -1.000000 0.000000
vn -0.000000 -1.000000 0.000000
vn -0.000000 -1.000000 0.000000
vn -0.000000 -1.000000 0.000000
vn 0.382683 -0.000000 -0.923880
vn 0.382683 -0.000000 -0.923880
vn 0.382683 -0.000000 -0.923880
vn 0.382683 -0.000000 -0.923880
vn 0.382683 -0.000000 -0.923880
vn 0.382683 -0.000000 -0.923880
vn 0.382683 -0.000000 -0.923880
vn 0.382683 -0.000000 -0.923880
vn 0.382683 -0.000000 -0.923880
vn 0.382683 -0.000000 -0.923880
vn 0.382683 -0.000000 -0.923880
vn 0.382683 -0.000000 -0.923880
vn 0.382683 -0.000000 -0.923880
vn 0.382683 -0.000000 -0.923880
vn 0.382683 -0.000000 -0.923880
vn 0.382683 -0.000000 -0.923880
vn 0.382683 -0.000000 -0.923880
vn 0.382683 -0.000000 -0.923880
vn 0.382683 -0.000000 -0.923880
vn 0.382683 -0.000000 -0.923880
vn 0.382683 -0.000000 -0.923880
vn 0.382683 -0.000000 -0.923880
vn 0.382683 -0.000000 -0.923880
vn 0.382683 -0.000000 -0.923880
vn 0.382683 -0.000000 -0.923880
vn 0.382683 -0.000000 -0.923880
vn 0.382683 -0.000000 -0.923880
vn 0.382683 -0.000000 -0.923880
vn 0.382683 -0.000000 -0.923880
vn 0.382683 -0.000000 -0.923880
vn 0.382683 -0.000000 -0.923880
vn 0.382683 -0.000000 -0.923880
vn 0.382683 -0.000000 -0.923880
vn 0.382683 -0.000000 -0.923880
vn 0.382683 -0.000000 -0.923880
vn 0.382683 -0.000000 -0.923880
vn 0.382683 -0.000000 -0.923880
vn 0.382683 -0.000000 -0.923880
vn 0.382683 -0.000000 -0.923880
vn 0.382683 -0.000000 -0.923880
vn 0.382683 -0.000000 -0.923880
vn 0.382683 -0.000000 -0.923880
vn 0.382683 -0.000000 -0.923880
vn 0.382683 -0.000000 -0.923880
vn 0.382683 -0.000000 -0.923880
vn 0.382683 -0.000000 -0.923880
vn 0.382683 -0.000000 -0.923880
vn 0.382683 -0.000000 -0.923880
vn -0.382683 0.000000 -0.923880
vn -0.382683 0.000000 -0.923880
vn -0.382683 0.000000 -0.923880
vn 0.923880 -0.000000 -0.382683
vn 0.923880 -0.000000 -0.382683
vn 0.923880 -0.000000 -0.382683
vn 0.923880 -0.000000 -0.382683
vn 0.923880 -0.000000 -0.382683
vn 0.923880 -0.000000 -0.382683
vn 0.923880 -0.000000 -0.382683
vn 0.923880 -0.000000 -0.382683
vn 0.923880 -0.000000 -0.382683
vn 0.923880 -0.000000 -0.382683
vn 0.923880 -0.000000 -0.382683
vn 0.923880 -0.000000 -0.382683
vn 0.923880 -0.000000 -0.382683
vn 0.923880 -0.000000 -0.382683
vn 0.923880 -0.000000 -0.382683
vn 0.923880 -0.000000 -0.382683
vn 0.923880 -0.000000 -0.382683
vn 0.923880 -0.000000 -0.382683
vn 0.923880 -0.000000 -0.382683
vn 0.923880 -0.000000 -0.382683
vn 0.923880 -0.000000 -0.382683
vn 0.923880 -0.000000 -0.382683
vn 0.923880 -0.000000 -0.382683
vn 0.923880 -0.000000 -0.382683
vn 0.923880 -0.000000 -0.382683
vn 0.923880 -0.000000 -0.382683
vn 0.923880 -0.000000 -0.382683
vn 0.923880 -0.000000 -0.382683
vn 0.923880 -0.000000 -0.382683
vn 0.923880 -0.000000 -0.382683
vn 0.923880 -0.000000 -0.382683
vn 0.923880 -0.000000 -0.382683
vn 0.923880 -0.000000 -0.382683
vn 0.923880 -0.000000 -0.382683
vn 0.923880 -0.000000 -0.382683
vn 0.923880 -0.000000 -0.382683
vn 0.923880 -0.000000 -0.382683
vn 0.923880 -0.000000 -0.382683
vn 0.923880 -0.000000 -0.382683
vn 0.923880 -0.000000 -0.382683
vn 0.923880 -0.000000 -0.382683
vn 0.923880 -0.000000 -0.382683
vn 0.923880 -0.000000 -0.382683
vn 0.923880 -0.000000 -0.382683
vn 0.923880 -0.000000 -0.382683
vn 0.923880 -0.000000 -0.382683
vn 0.923880 -0.000000 -0.382683
vn 0.923880 -0.000000 -0.382683
vn 0.923880 -0.000000 -0.382683
vn 0.382683 -0.000000 -0.923880
vn 0.382683 -0.000000 -0.923880
vn 0.382683 -0.000000 -0.923880
vn 0.382683 -0.000000 -0.923880
vn 0.382683 -0.000000 -0.923880
vn 0.382683 -0.000000 -0.923880
vn 0.382683 -0.000000 -0.923880
vn 0.382683 -0.000000 -0.923880
vn 0.382683 -0.000000 -0.923880
vn 0.382683 -0.000000 -0.923880
vn 0.382683 -0.000000 -0.923880
vn 0.382683 -0.000000 -0.923880
vn 0.382683 -0.000000 -0.923880
vn 0.382683 -0.000000 -0.923880
vn 0.382683 -0.000000 -0.923880
vn 0.382683 -0.000000 -0.923880
vn 0.382683 -0.000000 -0.923880
vn 0.382683 -0.000000 -0.923880
vn 0.382683 -0.000000 -0.923880
vn 0.382683 -0.000000 -0.923880
vn 0.382683 -0.000000 -0.923880
vn 0.382683 -0.000000 -0.923880
vn 0.382683 -0.000000 -0.923880
vn 0.382683 -0.000000 -0.923880
vn 0.382683 -0.000000 -0.923880
vn 0.382683 -0.000000 -0.923880
vn 0.382683 -0.000000 -0.923880
vn 0.382683 -0.000000 -0.923880
vn 0.382683 -0.000000 -0.923880
vn 0.382683 -0.000000 -0.923880
vn 0.382683 -0.000000 -0.923880
vn 0.382683 -0.000000 -0.923880
vn 0.382683 -0.000000 -0.923880
vn 0.382683 -0.000000 -0.923880
vn 0.382683 -0.000000 -0.923880
vn 0.382683 -0.000000 -0.923880
vn 0.382683 -0.000000 -0.923880
vn -0.382683 0.000000 -0.923880
vn -0.382683 0.000000 -0.923880
vn -0.382683 0.000000 -0.923880
vn -0.382683 0.000000 -0.923880
vn -0.382683 0.000000 -0.923880
vn 0.923880 -0.000000 -0.382683
vn 0.923880 -0.000000 -0.382683
vn 0.923880 -0.000000 -0.382683
vn 0.923880 -0.000000 -0.382683
vn 0.923880 -0.000000 -0.382683
vn 0.923880 -0.000000 -0.382683
vn 0.923880 -0.000000 -0.382683
vn 0.923880 -0.000000 -0.382683
vn 0.923880 -0.000000 -0.382683
vn 0.923880 -0.000000 -0.382683
vn 0.923880 -0.000000 -0.382683
vn 0.923880 -0.000000 -0.382683
vn 0.923880 -0.000000 -0.382683
vn 0.923880 -0.000000 -0.382683
vn 0.923880 -0.000000 -0.382683
vn 0.923880 -0.000000 -0.382683
vn 0.923880 -0.000000 -0.382683
vn 0.923880 -0.000000 -0.382683
vn 0.923880 -0.000000 -0.382683
vn 0.923880 -0.000000 -0.382683
vn 0.923880 -0.000000 -0.382683
vn 0.923880 -0.000000 -0.382683
vn 0.923880 -0.000000 -0.382683
vn 0.923880 -0.000000 -0.382683
vn 0.923880 -0.000000 -0.382683
vn 0.923880 -0.000000 -0.382683
vn 0.923880 -0.000000 -0.382683
vn 0.923880 -0.000000 -0.382683
vn 0.923880 -0.000000 -0.382683
vn 0.923880 -0.000000 -0.382683
vn 0.923880 -0.000000 -0.382683
vn 0.923880 -0.000000 -0.382683
vn 0.923880 -0.000000 -0.382683
vn 0.923880 -0.000000 -0.382683
vn 0.923880 -0.000000 -0.382683
vn -0.923880 0.000000 0.382683
vn -0.923880 0.000000 0.382683
vn -0.923880 0.000000 0.382683
vn -0.923880 0.000000 0.382683
vn -0.382683 0.000000 0.923880
vn -0.382683 0.000000 0.923880
vn -0.382683 0.000000 0.923880
vn -0.382683 0.000000 0.923880
vn -0.382683 0.000000 0.923880
vn -0.382683 0.000000 0.923880
vn -0.382683 0.000000 0.923880
vn -0.382683 0.000000 0.923880
vn -0.382683 0.000000 0.923880
vn -0.382683 0.000000 0.923880
vn -0.382683 0.000000 0.923880
vn -0.382683 0.000000 0.923880
vn -0.382683 0.000000 0.923880
vn -0.382683 0.000000 0.923880
vn -0.382683 0.000000 0.923880
vn -0.382683 0.000000 0.923880
vn -0.382683 0.000000 0.923880
vn -0.382683 0.000000 0.923880
vn -0.382683 0.000000 0.923880
vn -0.382683 0.000000 0.923880
vn -0.382683 0.000000 0.923880
vn -0.382683 0.000000 0.923880
vn -0.382683 0.000000 0.923880
vn -0.382683 0.000000 0.923880
vn -0.382683 0.000000 0.923880
vn -0.382683 0.000000 0.923880
vn -0.382683 0.000000 0.923880
vn -0.382683 0.000000 0.923880
vn -0.382683 0.000000 0.923880
vn -0.382683 0.000000 0.923880
vn -0.382683 0.000000 0.923880
vn -0.382683 0.000000 0.923880
vn -0.382683 0.000000 0.923880
vn -0.382683 0.000000 0.923880
vn -0.382683 0.000000 0.923880
vn -0.382683 0.000000 0.923880
vn -0.382683 0.000000 0.923880
vn -0.382683 0.000000 0.923880
vn -0.382683 0.000000 0.923880
vn -0.382683 0.000000 0.923880
vn -0.382683 0.000000 0.923880
vn -0.382683 0.000000 0.923880
vn -0.382683 0.000000 0.923880
vn -0.382683 0.000000 0.923880
vn -0.382683 0.000000 0.923880
vn -0.382683 0.000000 0.923880
vn -0.382683 0.000000 0.923880
vn -0.382683 0.000000 0.923880
vn -0.382683 0.000000 0.923880
vn -0.382683 0.000000 0.923880
vn -0.382683 0.000000 0.923880
vn -0.382683 0.000000 0.923880
vn -0.382683 0.000000 0.923880
vn -0.382683 0.000000 0.923880
vn 0.382683 0.000000 0.923880
vn 0.382683 0.000000 0.923880
vn 0.382683 0.000000 0.923880
vn 0.382683 0.000000 0.923880
vn -0.923880 0.000000 0.382683
vn -0.923880 0.000000 0.382683
vn -0.923880 0.000000 0.382683
vn -0.923880 0.000000 0.382683
vn -0.923880 0.000000 0.382683
vn -0.923880 0.000000 0.382683
vn -0.382683 0.000000 0.923880
vn -0.382683 0.000000 0.923880
vn -0.382683 0.000000 0.923880
vn -0.382683 0.000000 0.923880
vn -0.382683 0.000000 0.923880
vn -0.382683 0.000000 0.923880
vn -0.382683 0.000000 0.923880
vn -0.382683 0.000000 0.923880
vn -0.382683 0.000000 0.923880
vn -0.382683 0.000000 0.923880
vn -0.382683 0.000000 0.923880
vn -0.382683 0.000000 0.923880
vn -0.382683 0.000000 0.923880
vn -0.382683 0.000000 0.923880
vn -0.382683 0.000000 0.923880
vn -0.382683 0.000000 0.923880
vn -0.382683 0.000000 0.923880
vn -0.382683 0.000000 0.923880
vn -0.382683 0.000000 0.923880
vn -0.382683 0.000000 0.923880
vn -0.382683 0.000000 0.923880
vn -0.382683 0.000000 0.923880
vn -0.382683 0.000000 0.923880
vn -0.382683 0.000000 0.923880
vn -0.382683 0.000000 0.923880
vn -0.382683 0.000000 0.923880
vn -0.382683 0.000000 0.923880
vn -0.382683 0.000000 0.923880
vn -0.382683 0.000000 0.923880
vn -0.382683 0.000000 0.923880
vn -0.382683 0.000000 0.923880
vn -0.382683 0.000000 0.923880
vn -0.382683 0.000000 0.923880
vn -0.382683 0.000000 0.923880
vn -0.382683 0.000000 0.923880
vn -0.382683 0.000000 0.923880
vn -0.382683 0.000000 0.923880
vn 0.382683 0.000000 0.923880
vn 0.382683 0.000000 0.923880
vn 0.382683 0.000000 0.923880
vn 0.382683 0.000000 0.923880
vn 0.382683 0.000000 0.923880
vn 0.382683 0.000000 0.923880
vn -0.923880 0.000000 -0.382683
vn -0.923880 0.000000 -0.382683
vn -0.923880 0.000000 -0.382683
vn -0.923880 0.000000 -0.382683
vn -0.923880 0.000000 -0.382683
vn -0.923880 0.000000 -0.382683
vn -0.923880 0.000000 -0.382683
vn -0.923880 0.000000 -0.382683
vn 0.923880 0.000000 0.382683
vn 0.923880 0.000000 0.382683
vn 0.923880 0.000000 0.382683
vn 0.923880 0.000000 0.382683
vn 0.923880 0.000000 0.382683
vn 0.923880 0.000000 0.382683
vn 0.923880 0.000000 0.382683
vn 0.923880 0.000000 0.382683
vn 0.808037 0.484822 0.334700
vn 0.808037 0.484822 0.334700
vn 0.808037 0.484822 0.334700
vn 0.808037 0.484822 -0.334700
vn 0.808037 0.484822 -0.334700
vn 0.808037 0.484822 -0.334700
vn 0.334700 0.484822 -0.808037
vn 0.334700 0.484822 -0.808037
vn 0.334700 0.484822 -0.808037
vn -0.334700 0.484822 -0.808037
vn -0.334700 0.484822 -0.808037
vn -0.334700 0.484822 -0.808037
vn 0.334700 0.484822 0.808037
vn 0.334700 0.484822 0.808037
vn 0.334700 0.484822 0.808037
vn -0.334700 0.484822 0.808037
vn -0.334700 0.484822 0.808037
vn -0.334700 0.484822 0.808037
vn -0.808037 0.484822 0.334700
vn -0.808037 0.484822 0.334700
vn -0.808037 0.484822 0.334700
vn -0.808037 0.484822 -0.334700
vn -0.808037 0.484822 -0.334700
vn -0.808037 0.484822 -0.334700
vn -0.000000 -1.000000 0.000000
vn -0.000000 -1.000000 0.000000
vn -0.000000 -1.000000 0.000000
vn -0.000000 -1.000000 0.000000
vn -0.000000 -1.000000 0.000000
vn -0.000000 -1.000000 0.000000
vn -0.000000 -1.000000 0.000000
vn -0.000000 -1.000000 0.000000
vn 0.382683 -0.000000 -0.923880
vn 0.382683 -0.000000 -0.923880
vn 0.382683 -0.000000 -0.923880
vn 0.382683 -0.000000 -0.923880
vn 0.382683 -0.000000 -0.923880
vn 0.382683 -0.000000 -0.923880
vn 0.382683 -0.000000 -0.923880
vn 0.382683 -0.000000 -0.923880
vn 0.382683 -0.000000 -0.923880
vn 0.382683 -0.000000 -0.923880
vn 0.382683 -0.000000 -0.923880
vn 0.382683 -0.000000 -0.923880
vn 0.382683 -0.000000 -0.923880
vn 0.382683 -0.000000 -0.923880
vn 0.382683 -0.000000 -0.923880
vn 0.382683 -0.000000 -0.923880
vn 0.382683 -0.000000 -0.923880
vn 0.382683 -0.000000 -0.923880
vn 0.382683 -0.000000 -0.923880
vn 0.382683 -0.000000 -0.923880
vn 0.382683 -0.000000 -0.923880
vn 0.382683 -0.000000 -0.923880
vn 0.382683 -0.000000 -0.923880
vn 0.382683 -0.000000 -0.923880
vn 0.382683 -0.000000 -0.923880
vn 0.382683 -0.000000 -0.923880
vn 0.382683 -0.000000 -0.923880
vn 0.382683 -0.000000 -0.923880
vn 0.382683 -0.000000 -0.923880
vn 0.382683 -0.000000 -0.923880
vn 0.382683 -0.000000 -0.923880
vn 0.382683 -0.000000 -0.923880
vn 0.382683 -0.000000 -0.923880
vn 0.382683 -0.000000 -0.923880
vn 0.382683 -0.000000 -0.923880
vn 0.382683 -0.000000 -0.923880
vn 0.382683 -0.000000 -0.923880
vn 0.382683 -0.000000 -0.923880
vn 0.382683 -0.000000 -0.923880
vn 0.382683 -0.000000 -0.923880
vn 0.382683 -0.000000 -0.923880
vn 0.382683 -0.000000 -0.923880
vn 0.382683 -0.000000 -0.923880
vn 0.382683 -0.000000 -0.923880
vn 0.382683 -0.000000 -0.923880
vn 0.382683 -0.000000 -0.923880
vn 0.382683 -0.000000 -0.923880
vn 0.382683 -0.000000 -0.923880
vn -0.382683 0.000000 -0.923880
vn -0.382683 0.000000 -0.923880
vn -0.382683 0.000000 -0.923880
vn 0.923880 -0.000000 -0.382683
vn 0.923880 -0.000000 -0.382683
vn 0.923880 -0.000000 -0.382683
vn 0.923880 -0.000000 -0.382683
vn 0.923880 -0.000000 -0.382683
vn 0.923880 -0.000000 -0.382683
vn 0.923880 -0.000000 -0.382683
vn 0.923880 -0.000000 -0.382683
vn 0.923880 -0.000000 -0.382683
vn 0.923880 -0.000000 -0.382683
vn 0.923880 -0.000000 -0.382683
vn 0.923880 -0.000000 -0.382683
vn 0.923880 -0.000000 -0.382683
vn 0.923880 -0.000000 -0.382683
vn 0.923880 -0.000000 -0.382683
vn 0.923880 -0.000000 -0.382683
vn 0.923880 -0.000000 -0.382683
vn 0.923880 -0.000000 -0.382683
vn 0.923880 -0.000000 -0.382683
vn 0.923880 -0.000000 -0.382683
vn 0.923880 -0.000000 -0.382683
vn 0.923880 -0.000000 -0.382683
vn 0.923880 -0.000000 -0.382683
vn 0.923880 -0.000000 -0.382683
vn 0.923880 -0.000000 -0.382683
vn 0.923880 -0.000000 -0.382683
vn 0.923880 -0.000000 -0.382683
vn 0.923880 -0.000000 -0.382683
vn 0.923880 -0.000000 -0.382683
vn 0.923880 -0.000000 -0.382683
vn 0.923880 -0.000000 -0.382683
vn 0.923880 -0.000000 -0.382683
vn 0.923880 -0.000000 -0.382683
vn 0.923880 -0.000000 -0.382683
vn 0.923880 -0.000000 -0.382683
vn 0.923880 -0.000000 -0.382683
vn 0.923880 -0.000000 -0.382683
vn 0.923880 -0.000000 -0.382683
vn 0.923880 -0.000000 -0.382683
vn 0.923880 -0.000000 -0.382683
vn 0.923880 -0.000000 -0.382683
vn 0.923880 -0.000000 -0.382683
vn 0.923880 -0.000000 -0.382683
vn 0.923880 -0.000000 -0.382683
vn 0.923880 -0.000000 -0.382683
vn 0.923880 -0.000000 -0.382683
vn 0.923880 -0.000000 -0.382683
vn 0.923880 -0.000000 -0.382683
vn 0.923880 -0.000000 -0.382683
vn 0.382683 -0.000000 -0.923880
vn 0.382683 -0.000000 -0.923880
vn 0.382683 -0.000000 -0.923880
vn 0.382683 -0.000000 -0.923880
vn 0.382683 -0.000000 -0.923880
vn 0.382683 -0.000000 -0.923880
vn 0.382683 -0.000000 -0.923880
vn 0.382683 -0.000000 -0.923880
vn 0.382683 -0.000000 -0.923880
vn 0.382683 -0.000000 -0.923880
vn 0.382683 -0.000000 -0.923880
vn 0.382683 -0.000000 -0.923880
vn 0.382683 -0.000000 -0.923880
vn 0.382683 -0.000000 -0.923880
vn 0.382683 -0.000000 -0.923880
vn 0.382683 -0.000000 -0.923880
vn 0.382683 -0.000000 -0.923880
vn 0.382683 -0.000000 -0.923880
vn 0.382683 -0.000000 -0.923880
vn 0.382683 -0.000000 -0.923880
vn 0.382683 -0.000000 -0.923880
vn 0.382683 -0.000000 -0.923880
vn 0.382683 -0.000000 -0.923880
vn 0.382683 -0.000000 -0.923880
vn 0.382683 -0.000000 -0.923880
vn 0.382683 -0.000000 -0.923880
vn 0.382683 -0.000000 -0.923880
vn 0.382683 -0.000000 -0.923880
vn 0.382683 -0.000000 -0.923880
vn 0.382683 -0.000000 -0.923880
vn 0.382683 -0.000000 -0.923880
vn 0.382683 -0.000000 -0.923880
vn 0.382683 -0.000000 -0.923880
vn 0.382683 -0.000000 -0.923880
vn 0.382683 -0.000000 -0.923880
vn 0.382683 -0.000000 -0.923880
vn 0.382683 -0.000000 -0.923880
vn -0.382683 0.000000 -0.923880
vn -0.382683 0.000000 -0.923880
vn -0.382683 0.000000 -0.923880
vn -0.382683 0.000000 -0.923880
vn -0.382683 0.000000 -0.923880
vn 0.923880 -0.000000 -0.382683
vn 0.923880 -0.000000 -0.382683
vn 0.923880 -0.000000 -0.382683
vn 0.923880 -0.000000 -0.382683
vn 0.923880 -0.000000 -0.382683
vn 0.923880 -0.000000 -0.382683
vn 0.923880 -0.000000 -0.382683
vn 0.923880 -0.000000 -0.382683
vn 0.923880 -0.000000 -0.382683
vn 0.923880 -0.000000 -0.382683
vn 0.923880 -0.000000 -0.382683
vn 0.923880 -0.000000 -0.382683
vn 0.923880 -0.000000 -0.382683
vn 0.923880 -0.000000 -0.382683
vn 0.923880 -0.000000 -0.382683
vn 0.923880 -0.000000 -0.382683
vn 0.923880 -0.000000 -0.382683
vn 0.923880 -0.000000 -0.382683
vn 0.923880 -0.000000 -0.382683
vn 0.923880 -0.000000 -0.382683
vn 0.923880 -0.000000 -0.382683
vn 0.923880 -0.000000 -0.382683
vn 0.923880 -0.000000 -0.382683
vn 0.923880 -0.000000 -0.382683
vn 0.923880 -0.000000 -0.382683
vn 0.923880 -0.000000 -0.382683
vn 0.923880 -0.000000 -0.382683
vn 0.923880 -0.000000 -0.382683
vn 0.923880 -0.000000 -0.382683
vn 0.923880 -0.000000 -0.382683
vn 0.923880 -0.000000 -0.382683
vn 0.923880 -0.000000 -0.382683
vn 0.923880 -0.000000 -0.382683
vn 0.923880 -0.000000 -0.382683
vn 0.923880 -0.000000 -0.382683
vn -0.923880 0.000000 0.382683
vn -0.923880 0.000000 0.382683
vn -0.923880 0.000000 0.382683
vn -0.923880 0.000000 0.382683
vn -0.382683 0.000000 0.923880
vn -0.382683 0.000000 0.923880
vn -0.382683 0.000000 0.923880
vn -0.382683 0.000000 0.923880
vn -0.382683 0.000000 0.923880
vn -0.382683 0.000000 0.923880
vn -0.382683 0.000000 0.923880
vn -0.382683 0.000000 0.923880
vn -0.382683 0.000000 0.923880
vn -0.382683 0.000000 0.923880
vn -0.382683 0.000000 0.923880
vn -0.382683 0.000000 0.923880
vn -0.382683 0.000000 0.923880
vn -0.382683 0.000000 0.923880
vn -0.382683 0.000000 0.923880
vn -0.382683 0.000000 0.923880
vn -0.382683 0.000000 0.923880
vn -0.382683 0.000000 0.923880
vn -0.382683 0.000000 0.923880
vn -0.382683 0.000000 0.923880
vn -0.382683 0.000000 0.923880
vn -0.382683 0.000000 0.923880
vn -0.382683 0.000000 0.923880
vn -0.382683 0.000000 0.923880
vn -0.382683 0.000000 0.923880
vn -0.382683 0.000000 0.923880
vn -0.382683 0.000000 0.923880
vn -0.382683 0.000000 0.923880
vn -0.382683 0.000000 0.923880
vn -0.382683 0.000000 0.923880
vn -0.382683 0.000000 0.923880
vn -0.382683 0.000000 0.923880
vn -0.382683 0.000000 0.923880
vn -0.382683 0.000000 0.923880
vn -0.382683 0.000000 0.923880
vn -0.382683 0.000000 0.923880
vn -0.382683 0.000000 0.923880
vn -0.382683 0.000000 0.923880
vn -0.382683 0.000000 0.923880
vn -0.382683 0.000000 0.923880
vn -0.382683 0.000000 0.923880
vn -0.382683 0.000000 0.923880
vn -0.382683 0.000000 0.923880
vn -0.382683 0.000000 0.923880
vn -0.382683 0.000000 0.923880
vn -0.382683 0.000000 0.923880
vn -0.382683 0.000000 0.923880
vn -0.382683 0.000000 0.923880
vn -0.382683 0.000000 0.923880
vn -0.382683 0.000000 0.923880
vn -0.382683 0.000000 0.923880
vn -0.382683 0.000000 0.923880
vn -0.382683 0.000000 0.923880
vn -0.382683 0.000000 0.923880
vn 0.382683 0.000000 0.923880
vn 0.382683 0.000000 0.923880
vn 0.382683 0.000000 0.923880
vn 0.382683 0.000000 0.923880
vn -0.923880 0.000000 0.382683
vn -0.923880 0.000000 0.382683
vn -0.923880 0.000000 0.382683
vn -0.923880 0.000000 0.382683
vn -0.923880 0.000000 0.382683
vn -0.923880 0.000000 0.382683
vn -0.382683 0.000000 0.923880
vn -0.382683 0.000000 0.923880
vn -0.382683 0.000000 0.923880
vn -0.382683 0.000000 0.923880
vn -0.382683 0.000000 0.923880
vn -0.382683 0.000000 0.923880
vn -0.382683 0.000000 0.923880
vn -0.382683 0.000000 0.923880
vn -0.382683 0.000000 0.923880
vn -0.382683 0.000000 0.923880
vn -0.382683 0.000000 0.923880
vn -0.382683 0.000000 0.923880
vn -0.382683 0.000000 0.923880
vn -0.382683 0.000000 0.923880
vn -0.382683 0.000000 0.923880
vn -0.382683 0.000000 0.923880
vn -0.382683 0.000000 0.923880
vn -0.382683 0.000000 0.923880
vn -0.382683 0.000000 0.923880
vn -0.382683 0.000000 0.923880
vn -0.382683 0.000000 0.923880
vn -0.382683 0.000000 0.923880
vn -0.382683 0.000000 0.923880
vn -0.382683 0.000000 0.923880
vn -0.382683 0.000000 0.923880
vn -0.382683 0.000000 0.923880
vn -0.382683 0.000000 0.923880
vn -0.382683 0.000000 0.923880
vn -0.382683 0.000000 0.923880
vn -0.382683 0.000000 0.923880
vn -0.382683 0.000000 0.923880
vn -0.382683 0.000000 0.923880
vn -0.382683 0.000000 0.923880
vn -0.382683 0.000000 0.923880
vn -0.382683 0.000000 0.923880
vn -0.382683 0.000000 0.923880
vn -0.382683 0.000000 0.923880
vn 0.382683 0.000000 0.923880
vn 0.382683 0.000000 0.923880
vn 0.382683 0.000000 0.923880
vn 0.382683 0.000000 0.923880
vn 0.382683 0.000000 0.923880
vn 0.382683 0.000000 0.923880
vn -0.923880 0.000000 -0.382683
vn -0.923880 0.000000 -0.382683
vn -0.923880 0.000000 -0.382683
vn -0.923880 0.000000 -0.382683
vn -0.923880 0.000000 -0.382683
vn -0.923880 0.000000 -0.382683
vn -0.923880 0.000000 -0.382683
vn -0.923880 0.000000 -0.382683
vn 0.923880 0.000000 0.382683
vn 0.923880 0.000000 0.382683
vn 0.923880 0.000000 0.382683
vn 0.923880 0.000000 0.382683
vn 0.923880 0.000000 0.382683
vn 0.923880 0.000000 0.382683
vn 0.923880 0.000000 0.382683
vn 0.923880 0.000000 0.382683
vn 0.808037 0.484822 0.334700
vn 0.808037 0.484822 0.334700
vn 0.808037 0.484822 0.334700
vn 0.808037 0.484822 -0.334700
vn 0.808037 0.484822 -0.334700
vn 0.808037 0.484822 -0.334700
vn 0.334700 0.484822 -0.808037
vn 0.334700 0.484822 -0.808037
vn 0.334700 0.484822 -0.808037
vn -0.334700 0.484822 -0.808037
vn -0.334700 0.484822 -0.808037
vn -0.334700 0.484822 -0.808037
vn 0.334700 0.484822 0.808037
vn 0.334700 0.484822 0.808037
vn 0.334700 0.484822 0.808037
vn -0.334700 0.484822 0.808037
vn -0.334700 0.484822 0.808037
vn -0.334700 0.484822 0.808037
vn -0.808037 0.484822 0.334700
vn -0.808037 0.484822 0.334700
vn -0.808037 0.484822 0.334700
vn -0.808037 0.484822 -0.334700
vn -0.808037 0.484822 -0.334700
vn -0.808037 0.484822 -0.334700
vn -0.000000 -1.000000 0.000000
vn -0.000000 -1.000000 0.000000
vn -0.000000 -1.000000 0.000000
vn -0.000000 -1.000000 0.000000
vn -0.000000 -1.000000 0.000000
vn -0.000000 -1.000000 0.000000
vn -0.000000 -1.000000 0.000000
vn -0.000000 -1.000000 0.000000
vn 0.382683 -0.000000 -0.923880
vn 0.382683 -0.000000 -0.923880
vn 0.382683 -0.000000 -0.923880
vn 0.382683 -0.000000 -0.923880
vn 0.382683 -0.000000 -0.923880
vn 0.382683 -0.000000 -0.923880
vn 0.382683 -0.000000 -0.923880
vn 0.382683 -0.000000 -0.923880
vn 0.382683 -0.000000 -0.923880
vn 0.382683 -0.000000 -0.923880
vn 0.382683 -0.000000 -0.923880
vn 0.382683 -0.000000 -0.923880
vn 0.382683 -0.000000 -0.923880
vn 0.382683 -0.000000 -0.923880
vn 0.382683 -0.000000 -0.923880
vn 0.382683 -0.000000 -0.923880
vn 0.382683 -0.000000 -0.923880
vn 0.382683 -0.000000 -0.923880
vn 0.382683 -0.000000 -0.923880
vn 0.382683 -0.000000 -0.923880
vn 0.382683 -0.000000 -0.923880
vn 0.382683 -0.000000 -0.923880
vn 0.382683 -0.000000 -0.923880
vn 0.382683 -0.000000 -0.923880
vn 0.382683 -0.000000 -0.923880
vn 0.382683 -0.000000 -0.923880
vn 0.382683 -0.000000 -0.923880
vn 0.382683 -0.000000 -0.923880
vn 0.382683 -0.000000 -0.923880
vn 0.382683 -0.000000 -0.923880
vn 0.382683 -0.000000 -0.923880
vn 0.382683 -0.000000 -0.923880
vn 0.382683 -0.000000 -0.923880
vn 0.382683 -0.000000 -0.923880
vn 0.382683 -0.000000 -0.923880
vn 0.382683 -0.000000 -0.923880
vn 0.382683 -0.000000 -0.923880
vn 0.382683 -0.000000 -0.923880
vn 0.382683 -0.000000 -0.923880
vn 0.382683 -0.000000 -0.923880
vn 0.382683 -0.000000 -0.923880
vn 0.382683 -0.000000 -0.923880
vn 0.382683 -0.000000 -0.923880
vn 0.382683 -0.000000 -0.923880
vn 0.382683 -0.000000 -0.923880
vn 0.382683 -0.000000 -0.923880
vn 0.382683 -0.000000 -0.923880
vn 0.382683 -0.000000 -0.923880
vn -0.382683 0.000000 -0.923880
vn -0.382683 0.000000 -0.923880
vn -0.382683 0.000000 -0.923880
vn 0.923880 -0.000000 -0.382683
vn 0.923880 -0.000000 -0.382683
vn 0.923880 -0.000000 -0.382683
vn 0.923880 -0.000000 -0.382683
vn 0.923880 -0.000000 -0.382683
vn 0.923880 -0.000000 -0.382683
vn 0.923880 -0.000000 -0.382683
vn 0.923880 -0.000000 -0.382683
vn 0.923880 -0.000000 -0.382683
vn 0.923880 -0.000000 -0.382683
vn 0.923880 -0.000000 -0.382683
vn 0.923880 -0.000000 -0.382683
vn 0.923880 -0.000000 -0.382683
vn 0.923880 -0.000000 -0.382683
vn 0.923880 -0.000000 -0.382683
vn 0.923880 -0.000000 -0.382683
vn 0.923880 -0.000000 -0.382683
vn 0.923880 -0.000000 -0.382683
vn 0.923880 -0.000000 -0.382683
vn 0.923880 -0.000000 -0.382683
vn 0.923880 -0.000000 -0.382683
vn 0.923880 -0.000000 -0.382683
vn 0.923880 -0.000000 -0.382683
vn 0.923880 -0.000000 -0.382683
vn 0.923880 -0.000000 -0.382683
vn 0.923880 -0.000000 -0.382683
vn 0.923880 -0.000000 -0.382683
vn 0.923880 -0.000000 -0.382683
vn 0.923880 -0.000000 -0.382683
vn 0.923880 -0.000000 -0.382683
vn 0.923880 -0.000000 -0.382683
vn 0.923880 -0.000000 -0.382683
vn 0.923880 -0.000000 -0.382683
vn 0.923880 -0.000000 -0.382683
vn 0.923880 -0.000000 -0.382683
vn 0.923880 -0.000000 -0.382683
vn 0.923880 -0.000000 -0.382683
vn 0.923880 -0.000000 -0.382683
vn 0.923880 -0.000000 -0.382683
vn 0.923880 -0.000000 -0.382683
vn 0.923880 -0.000000 -0.382683
vn 0.923880 -0.000000 -0.382683
vn 0.923880 -0.000000 -0.382683
vn 0.923880 -0.000000 -0.382683
vn 0.923880 -0.000000 -0.382683
vn 0.923880 -0.000000 -0.382683
vn 0.923880 -0.000000 -0.382683
vn 0.923880 -0.000000 -0.382683
vn 0.923880 -0.000000 -0.382683
vn 0.382683 -0.000000 -0.923880
vn 0.382683 -0.000000 -0.923880
vn 0.382683 -0.000000 -0.923880
vn 0.382683 -0.000000 -0.923880
vn 0.382683 -0.000000 -0.923880
vn 0.382683 -0.000000 -0.923880
vn 0.382683 -0.000000 -0.923880
vn 0.382683 -0.000000 -0.923880
vn 0.382683 -0.000000 -0.923880
vn 0.382683 -0.000000 -0.923880
vn 0.382683 -0.000000 -0.923880
vn 0.382683 -0.000000 -0.923880
vn 0.382683 -0.000000 -0.923880
vn 0.382683 -0.000000 -0.923880
vn 0.382683 -0.000000 -0.923880
vn 0.382683 -0.000000 -0.923880
vn 0.382683 -0.000000 -0.923880
vn 0.382683 -0.000000 -0.923880
vn 0.382683 -0.000000 -0.923880
vn 0.382683 -0.000000 -0.923880
vn 0.382683 -0.000000 -0.923880
vn 0.382683 -0.000000 -0.923880
vn 0.382683 -0.000000 -0.923880
vn 0.382683 -0.000000 -0.923880
vn 0.382683 -0.000000 -0.923880
vn 0.382683 -0.000000 -0.923880
vn 0.382683 -0.000000 -0.923880
vn 0.382683 -0.000000 -0.923880
vn 0.382683 -0.000000 -0.923880
vn 0.382683 -0.000000 -0.923880
vn 0.382683 -0.000000 -0.923880
vn 0.382683 -0.000000 -0.923880
vn 0.382683 -0.000000 -0.923880
vn 0.382683 -0.000000 -0.923880
vn 0.382683 -0.000000 -0.923880
vn 0.382683 -0.000000 -0.923880
vn 0.382683 -0.000000 -0.923880
vn -0.382683 0.000000 -0.923880
vn -0.382683 0.000000 -0.923880
vn -0.382683 0.000000 -0.923880
vn -0.382683 0.000000 -0.923880
vn -0.382683 0.000000 -0.923880
vn 0.923880 -0.000000 -0.382683
vn 0.923880 -0.000000 -0.382683
vn 0.923880 -0.000000 -0.382683
vn 0.923880 -0.000000 -0.382683
vn 0.923880 -0.000000 -0.382683
vn 0.923880 -0.000000 -0.382683
vn 0.923880 -0.000000 -0.382683
vn 0.923880 -0.000000 -0.382683
vn 0.923880 -0.000000 -0.382683
vn 0.923880 -0.000000 -0.382683
vn 0.923880 -0.000000 -0.382683
vn 0.923880 -0.000000 -0.382683
vn 0.923880 -0.000000 -0.382683
vn 0.923880 -0.000000 -0.382683
vn 0.923880 -0.000000 -0.382683
vn 0.923880 -0.000000 -0.382683
vn 0.923880 -0.000000 -0.382683
vn 0.923880 -0.000000 -0.382683
vn 0.923880 -0.000000 -0.382683
vn 0.923880 -0.000000 -0.382683
vn 0.923880 -0.000000 -0.382683
vn 0.923880 -0.000000 -0.382683
vn 0.923880 -0.000000 -0.382683
vn 0.923880 -0.000000 -0.382683
vn 0.923880 -0.000000 -0.382683
vn 0.923880 -0.000000 -0.382683
vn 0.923880 -0.000000 -0.382683
vn 0.923880 -0.000000 -0.382683
vn 0.923880 -0.000000 -0.382683
vn 0.923880 -0.000000 -0.382683
vn 0.923880 -0.000000 -0.382683
vn 0.923880 -0.000000 -0.382683
vn 0.923880 -0.000000 -0.382683
vn 0.923880 -0.000000 -0.382683
vn 0.923880 -0.000000 -0.382683
vn -0.923880 0.000000 0.382683
vn -0.923880 0.000000 0.382683
vn -0.923880 0.000000 0.382683
vn -0.923880 0.000000 0.382683
vn -0.382683 0.000000 0.923880
vn -0.382683 0.000000 0.923880
vn -0.382683 0.000000 0.923880
vn -0.382683 0.000000 0.923880
vn -0.382683 0.000000 0.923880
vn -0.382683 0.000000 0.923880
vn -0.382683 0.000000 0.923880
vn -0.382683 0.000000 0.923880
vn -0.382683 0.000000 0.923880
vn -0.382683 0.000000 0.923880
vn -0.382683 0.000000 0.923880
vn -0.382683 0.000000 0.923880
vn -0.382683 0.000000 0.923880
vn -0.382683 0.000000 0.923880
vn -0.382683 0.000000 0.923880
vn -0.382683 0.000000 0.923880
vn -0.382683 0.000000 0.923880
vn -0.382683 0.000000 0.923880
vn -0.382683 0.000000 0.923880
vn -0.382683 0.000000 0.923880
vn -0.382683 0.000000 0.923880
vn -0.382683 0.000000 0.923880
vn -0.382683 0.000000 0.923880
vn -0.382683 0.000000 0.923880
vn -0.382683 0.000000 0.923880
vn -0.382683 0.000000 0.923880
vn -0.382683 0.000000 0.923880
vn -0.382683 0.000000 0.923880
vn -0.382683 0.000000 0.923880
vn -0.382683 0.000000 0.923880
vn -0.382683 0.000000 0.923880
vn -0.382683 0.000000 0.923880
vn -0.382683 0.000000 0.923880
vn -0.382683 0.000000 0.923880
vn -0.382683 0.000000 0.923880
vn -0.382683 0.000000 0.923880
vn -0.382683 0.000000 0.923880
vn -0.382683 0.000000 0.923880
vn -0.382683 0.000000 0.923880
vn -0.382683 0.000000 0.923880
vn -0.382683 0.000000 0.923880
vn -0.382683 0.000000 0.923880
vn -0.382683 0.000000 0.923880
vn -0.382683 0.000000 0.923880
vn -0.382683 0.000000 0.923880
vn -0.382683 0.000000 0.923880
vn -0.382683 0.000000 0.923880
vn -0.382683 0.000000 0.923880
vn -0.382683 0.000000 0.923880
vn -0.382683 0.000000 0.923880
vn -0.382683 0.000000 0.923880
vn -0.382683 0.000000 0.923880
vn -0.382683 0.000000 0.923880
vn -0.382683 0.000000 0.923880
vn 0.382683 0.000000 0.923880
vn 0.382683 0.000000 0.923880
vn 0.382683 0.000000 0.923880
vn 0.382683 0.000000 0.923880
vn -0.923880 0.000000 0.382683
vn -0.923880 0.000000 0.382683
vn -0.923880 0.000000 0.382683
vn -0.923880 0.000000 0.382683
vn -0.923880 0.000000 0.382683
vn -0.923880 0.000000 0.382683
vn -0.382683 0.000000 0.923880
vn -0.382683 0.000000 0.923880
vn -0.382683 0.000000 0.923880
vn -0.382683 0.000000 0.923880
vn -0.382683 0.000000 0.923880
vn -0.382683 0.000000 0.923880
vn -0.382683 0.000000 0.923880
vn -0.382683 0.000000 0.923880
vn -0.382683 0.000000 0.923880
vn -0.382683 0.000000 0.923880
vn -0.382683 0.000000 0.923880
vn -0.382683 0.000000 0.923880
vn -0.382683 0.000000 0.923880
vn -0.382683 0.000000 0.923880
vn -0.382683 0.000000 0.923880
vn -0.382683 0.000000 0.923880
vn -0.382683 0.000000 0.923880
vn -0.382683 0.000000 0.923880
vn -0.382683 0.000000 0.923880
vn -0.382683 0.000000 0.923880
vn -0.382683 0.000000 0.923880
vn -0.382683 0.000000 0.923880
vn -0.382683 0.000000 0.923880
vn -0.382683 0.000000 0.923880
vn -0.382683 0.000000 0.923880
vn -0.382683 0.000000 0.923880
vn -0.382683 0.000000 0.923880
vn -0.382683 0.000000 0.923880
vn -0.382683 0.000000 0.923880
vn -0.382683 0.000000 0.923880
vn -0.382683 0.000000 0.923880
vn -0.382683 0.000000 0.923880
vn -0.382683 0.000000 0.923880
vn -0.382683 0.000000 0.923880
vn -0.382683 0.000000 0.923880
vn -0.382683 0.000000 0.923880
vn -0.382683 0.000000 0.923880
vn 0.382683 0.000000 0.923880
vn 0.382683 0.000000 0.923880
vn 0.382683 0.000000 0.923880
vn 0.382683 0.000000 0.923880
vn 0.382683 0.000000 0.923880
vn 0.382683 0.000000 0.923880
vn -0.000000 -0.000000 -1.000000
vn -0.000000 -0.000000 -1.000000
vn -0.000000 -0.000000 -1.000000
vn -0.000000 -0.000000 -1.000000
vn -0.000000 -0.000000 -1.000000
vn -0.000000 -0.000000 -1.000000
vn -0.000000 -0.000000 -1.000000
vn -0.000000 -0.000000 -1.000000
vn -0.000000 -0.000000 -1.000000
vn -0.000000 -0.000000 -1.000000
vn -0.000000 -0.000000 -1.000000
vn -0.000000 -0.000000 -1.000000
vn -0.000000 -0.000000 -1.000000
vn -0.000000 -0.000000 -1.000000
vn -0.000000 -0.000000 -1.000000
vn -0.000000 -0.000000 -1.000000
vn -0.000000 -0.000000 -1.000000
vn -0.000000 -0.000000 -1.000000
vn -0.000000 -0.000000 -1.000000
vn -0.000000 -0.000000 -1.000000
vn -0.000000 -0.000000 -1.000000
vn -0.000000 -0.000000 -1.000000
vn -0.000000 -0.000000 -1.000000
vn -0.000000 -0.000000 -1.000000
vn -0.000000 -0.000000 -1.000000
vn -0.000000 -0.000000 -1.000000
vn -0.000000 -0.000000 -1.000000
vn -0.000000 -0.000000 -1.000000
vn -0.000000 -0.000000 -1.000000
vn -0.000000 -0.000000 -1.000000
vn -0.000000 -0.000000 -1.000000
vn -0.000000 -0.000000 -1.000000
vn -0.000000 -0.000000 -1.000000
vn -0.000000 -0.000000 -1.000000
vn -0.000000 -0.000000 -1.000000
vn -0.000000 -0.000000 -1.000000
vn -0.000000 -0.000000 -1.000000
vn -0.000000 -0.000000 -1.000000
vn -0.000000 -0.000000 -1.000000
vn -0.000000 -0.000000 -1.000000
vn -0.000000 -0.000000 -1.000000
vn -0.667277 -0.744809 -0.000000
vn -0.667277 -0.744809 -0.000000
vn -0.895757 -0.444543 -0.000000
vn -0.895757 -0.444543 -0.000000
vn -0.980050 -0.198749 -0.000000
vn -0.980050 -0.198749 -0.000000
vn -0.980050 -0.198749 -0.000000
vn -0.667277 -0.744809 -0.000000
vn 0.000000 -1.000000 -0.000000
vn 0.000000 -1.000000 -0.000000
vn -0.380205 -0.924902 -0.000000
vn -0.380205 -0.924902 -0.000000
vn -0.667000 -0.745058 -0.000000
vn -0.667000 -0.745058 -0.000000
vn -0.667000 -0.745058 -0.000000
vn 0.000000 -1.000000 -0.000000
vn 0.749741 -0.661731 0.000000
vn 0.749741 -0.661731 0.000000
vn 0.444909 -0.895576 0.000000
vn 0.444909 -0.895576 0.000000
vn 0.000000 -1.000000 -0.000000
vn 0.000000 -1.000000 -0.000000
vn 0.000000 -1.000000 -0.000000
vn 0.749741 -0.661731 0.000000
vn 1.000000 -0.000000 0.000000
vn 1.000000 -0.000000 0.000000
vn 0.955734 -0.294232 0.000000
vn 0.955734 -0.294232 0.000000
vn 0.746814 -0.665034 0.000000
vn 0.746814 -0.665034 0.000000
vn 0.746814 -0.665034 0.000000
vn 1.000000 -0.000000 0.000000
vn 0.724776 0.688985 -0.000000
vn 0.724776 0.688985 -0.000000
vn 0.944413 0.328761 -0.000000
vn 0.944413 0.328761 -0.000000
vn 1.000000 -0.000000 0.000000
vn 1.000000 -0.000000 0.000000
vn 1.000000 -0.000000 0.000000
vn 0.724776 0.688985 -0.000000
vn 0.000000 1.000000 -0.000000
vn 0.000000 1.000000 -0.000000
vn 0.400677 0.916219 -0.000000
vn 0.400677 0.916219 -0.000000
vn 0.723479 0.690346 -0.000000
vn 0.723479 0.690346 -0.000000
vn 0.723479 0.690346 -0.000000
vn 0.000000 1.000000 -0.000000
vn -0.635933 0.771744 -0.000000
vn -0.635933 0.771744 -0.000000
vn -0.291529 0.956562 -0.000000
vn -0.291529 0.956562 -0.000000
vn 0.000000 1.000000 -0.000000
vn 0.000000 1.000000 -0.000000
vn 0.000000 1.000000 -0.000000
vn -0.635933 0.771744 -0.000000
vn -1.000000 -0.000000 -0.000000
vn -1.000000 -0.000000 -0.000000
vn -0.919590 0.392880 -0.000000
vn -0.919590 0.392880 -0.000000
vn -0.765403 0.643552 -0.000000
vn -0.765403 0.643552 -0.000000
vn -0.632535 0.774532 -0.000000
vn -0.632535 0.774532 -0.000000
vn -0.632535 0.774532 -0.000000
vn -1.000000 -0.000000 -0.000000
vn -0.692044 -0.721855 -0.000000
vn -0.692044 -0.721855 -0.000000
vn -0.930245 -0.366938 -0.000000
vn -0.930245 -0.366938 -0.000000
vn -1.000000 -0.000000 -0.000000
vn -1.000000 -0.000000 -0.000000
vn -0.692044 -0.721855 -0.000000
vn -1.000000 -0.000000 -0.000000
vn 0.000000 -1.000000 -0.000000
vn 0.000000 -1.000000 -0.000000
vn -0.307247 -0.951630 -0.000000
vn -0.307247 -0.951630 -0.000000
vn -0.693109 -0.720833 -0.000000
vn -0.693109 -0.720833 -0.000000
vn 0.000000 -1.000000 -0.000000
vn -0.693109 -0.720833 -0.000000
vn 0.796191 -0.605045 0.000000
vn 0.796191 -0.605045 0.000000
vn 0.372407 -0.928070 0.000000
vn 0.372407 -0.928070 0.000000
vn 0.000000 -1.000000 -0.000000
vn 0.000000 -1.000000 -0.000000
vn 0.000000 -1.000000 -0.000000
vn 0.796191 -0.605045 0.000000
vn 0.995495 -0.094809 0.000000
vn 0.995495 -0.094809 0.000000
vn 0.971929 -0.235274 0.000000
vn 0.971929 -0.235274 0.000000
vn 0.761291 -0.648410 0.000000
vn 0.761291 -0.648410 0.000000
vn 0.761291 -0.648410 0.000000
vn 0.995495 -0.094809 0.000000
vn 0.667248 -0.744835 0.000000
vn 0.667248 -0.744835 0.000000
vn 0.924090 -0.382175 0.000000
vn 0.924090 -0.382175 0.000000
vn 0.995485 -0.094924 0.000000
vn 0.995485 -0.094924 0.000000
vn 0.995485 -0.094924 0.000000
vn 0.667248 -0.744835 0.000000
vn 0.000000 -1.000000 -0.000000
vn 0.000000 -1.000000 -0.000000
vn 0.268770 -0.963205 0.000000
vn 0.268770 -0.963205 0.000000
vn 0.651177 -0.758926 0.000000
vn 0.651177 -0.758926 0.000000
vn 0.651177 -0.758926 0.000000
vn 0.000000 -1.000000 -0.000000
vn -0.772845 -0.634594 -0.000000
vn -0.772845 -0.634594 -0.000000
vn -0.417717 -0.908577 -0.000000
vn -0.417717 -0.908577 -0.000000
vn 0.000000 -1.000000 -0.000000
vn 0.000000 -1.000000 -0.000000
vn 0.000000 -1.000000 -0.000000
vn -0.772845 -0.634594 -0.000000
vn -1.000000 -0.000000 -0.000000
vn -1.000000 -0.000000 -0.000000
vn -0.959462 -0.281839 -0.000000
vn -0.959462 -0.281839 -0.000000
vn -0.771947 -0.635687 -0.000000
vn -0.771947 -0.635687 -0.000000
vn -0.771947 -0.635687 -0.000000
vn -1.000000 -0.000000 -0.000000
vn -0.842800 0.538226 -0.000000
vn -0.842800 0.538226 -0.000000
vn -0.964404 0.264434 -0.000000
vn -0.964404 0.264434 -0.000000
vn -1.000000 -0.000000 -0.000000
vn -1.000000 -0.000000 -0.000000
vn -1.000000 -0.000000 -0.000000
vn -0.842800 0.538226 -0.000000
vn 0.000000 1.000000 -0.000000
vn 0.000000 1.000000 -0.000000
vn -0.337309 0.941394 -0.000000
vn -0.337309 0.941394 -0.000000
vn -0.656107 0.754668 -0.000000
vn -0.656107 0.754668 -0.000000
vn -0.840404 0.541961 -0.000000
vn -0.840404 0.541961 -0.000000
vn -0.840404 0.541961 -0.000000
vn 0.000000 1.000000 -0.000000
vn 0.647153 0.762360 -0.000000
vn 0.647153 0.762360 -0.000000
vn 0.353985 0.935251 -0.000000
vn 0.353985 0.935251 -0.000000
vn 0.000000 1.000000 -0.000000
vn 0.000000 1.000000 -0.000000
vn 0.000000 1.000000 -0.000000
vn 0.647153 0.762360 -0.000000
vn 0.728003 0.685574 -0.000000
vn 0.728003 0.685574 -0.000000
vn 0.635991 0.771696 -0.000000
vn 0.635991 0.771696 -0.000000
vn 0.728003 0.685574 -0.000000
vn 0.635991 0.771696 -0.000000
vn 0.000000 0.000000 1.000000
vn 0.000000 0.000000 1.000000
vn 0.000000 0.000000 1.000000
vn 0.000000 0.000000 1.000000
vn 0.000000 0.000000 1.000000
vn 0.000000 0.000000 1.000000
vn 0.000000 0.000000 1.000000
vn 0.000000 0.000000 1.000000
vn 0.000000 0.000000 1.000000
vn 0.000000 0.000000 1.000000
vn 0.000000 0.000000 1.000000
vn 0.000000 0.000000 1.000000
vn 0.000000 0.000000 1.000000
vn 0.000000 0.000000 1.000000
vn 0.000000 0.000000 1.000000
vn 0.000000 0.000000 1.000000
vn 0.000000 0.000000 1.000000
vn 0.000000 0.000000 1.000000
vn 0.000000 0.000000 1.000000
vn 0.000000 0.000000 1.000000
vn 0.000000 0.000000 1.000000
vn 0.000000 0.000000 1.000000
vn 0.000000 0.000000 1.000000
vn 0.000000 0.000000 1.000000
vn 0.000000 0.000000 1.000000
vn 0.000000 0.000000 1.000000
vn 0.000000 0.000000 1.000000
vn 0.000000 0.000000 1.000000
vn 0.000000 0.000000 1.000000
vn 0.000000 0.000000 1.000000
vn 0.000000 0.000000 1.000000
vn 0.000000 0.000000 1.000000
vn 0.000000 0.000000 1.000000
vn 0.000000 0.000000 1.000000
vn 0.000000 0.000000 1.000000
vn 0.000000 0.000000 1.000000
vn 0.000000 0.000000 1.000000
vn 0.000000 0.000000 1.000000
vn 0.000000 0.000000 1.000000
vn 0.000000 0.000000 1.000000
vn 0.000000 0.000000 1.000000
vn -0.000000 -0.000000 -1.000000
vn -0.000000 -0.000000 -1.000000
vn -0.000000 -0.000000 -1.000000
vn -0.000000 -0.000000 -1.000000
vn -0.000000 -0.000000 -1.000000
vn -0.000000 -0.000000 -1.000000
vn -0.000000 -0.000000 -1.000000
vn -0.000000 -0.000000 -1.000000
vn -0.000000 -0.000000 -1.000000
vn -0.000000 -0.000000 -1.000000
vn -0.000000 -0.000000 -1.000000
vn -0.000000 -0.000000 -1.000000
vn -0.000000 -0.000000 -1.000000
vn -0.000000 -0.000000 -1.000000
vn -0.000000 -0.000000 -1.000000
vn -0.000000 -0.000000 -1.000000
vn -0.000000 -0.000000 -1.000000
vn -0.000000 -0.000000 -1.000000
vn -0.000000 -0.000000 -1.000000
vn -0.000000 -0.000000 -1.000000
vn -0.000000 -0.000000 -1.000000
vn -0.000000 -0.000000 -1.000000
vn -0.000000 -0.000000 -1.000000
vn -0.000000 -0.000000 -1.000000
vn -0.000000 -0.000000 -1.000000
vn -0.000000 -0.000000 -1.000000
vn -0.000000 -0.000000 -1.000000
vn -0.000000 -0.000000 -1.000000
vn -0.000000 -0.000000 -1.000000
vn -0.000000 -0.000000 -1.000000
vn -0.000000 -0.000000 -1.000000
vn -0.000000 -0.000000 -1.000000
vn -0.000000 -0.000000 -1.000000
vn -0.000000 -0.000000 -1.000000
vn -0.000000 -0.000000 -1.000000
vn -0.000000 -0.000000 -1.000000
vn -0.000000 -0.000000 -1.000000
vn -0.000000 -0.000000 -1.000000
vn -0.000000 -0.000000 -1.000000
vn -0.000000 -0.000000 -1.000000
vn -0.000000 -0.000000 -1.000000
vn -0.000000 -0.000000 -1.000000
vn -0.000000 -0.000000 -1.000000
vn -0.000000 -0.000000 -1.000000
vn -0.000000 -0.000000 -1.000000
vn -0.000000 -0.000000 -1.000000
vn -0.000000 -0.000000 -1.000000
vn -0.000000 -0.000000 -1.000000
vn -0.000000 -0.000000 -1.000000
vn -0.000000 -0.000000 -1.000000
vn -0.000000 -0.000000 -1.000000
vn -0.000000 -0.000000 -1.000000
vn -0.960908 -0.276866 -0.000000
vn -0.960908 -0.276866 -0.000000
vn -0.960908 -0.276866 -0.000000
vn -0.960908 -0.276866 -0.000000
vn -1.000000 -0.000000 -0.000000
vn -1.000000 -0.000000 -0.000000
vn -0.972364 -0.233472 -0.000000
vn -0.972364 -0.233472 -0.000000
vn -0.962215 -0.272291 -0.000000
vn -0.962215 -0.272291 -0.000000
vn -1.000000 -0.000000 -0.000000
vn -0.832600 0.553875 -0.000000
vn -0.832600 0.553875 -0.000000
vn -0.962702 0.270564 -0.000000
vn -0.962702 0.270564 -0.000000
vn -1.000000 -0.000000 -0.000000
vn -1.000000 -0.000000 -0.000000
vn -1.000000 -0.000000 -0.000000
vn -0.832600 0.553875 -0.000000
vn -0.371958 0.928249 -0.000000
vn -0.371958 0.928249 -0.000000
vn -0.611124 0.791535 -0.000000
vn -0.611124 0.791535 -0.000000
vn -0.811295 0.584636 -0.000000
vn -0.811295 0.584636 -0.000000
vn -0.811295 0.584636 -0.000000
vn -0.371958 0.928249 -0.000000
vn 0.000000 1.000000 -0.000000
vn 0.000000 1.000000 -0.000000
vn -0.357279 0.933998 -0.000000
vn -0.357279 0.933998 -0.000000
vn -0.357279 0.933998 -0.000000
vn -0.965823 -0.259201 -0.000000
vn -0.965823 -0.259201 -0.000000
vn -0.965823 -0.259201 -0.000000
vn -0.965823 -0.259201 -0.000000
vn 0.000000 -1.000000 -0.000000
vn 0.000000 -1.000000 -0.000000
vn 0.000000 -1.000000 -0.000000
vn 0.000000 -1.000000 -0.000000
vn 0.965823 0.259201 -0.000000
vn 0.965823 0.259201 -0.000000
vn 0.965823 0.259201 -0.000000
vn 0.965823 0.259201 -0.000000
vn 0.357282 0.933997 -0.000000
vn 0.357282 0.933997 -0.000000
vn 0.083566 0.996502 -0.000000
vn 0.083566 0.996502 -0.000000
vn 0.357282 0.933997 -0.000000
vn 0.813210 0.581970 -0.000000
vn 0.813210 0.581970 -0.000000
vn 0.620539 0.784175 -0.000000
vn 0.620539 0.784175 -0.000000
vn 0.364769 0.931098 -0.000000
vn 0.364769 0.931098 -0.000000
vn 0.364769 0.931098 -0.000000
vn 0.813210 0.581970 -0.000000
vn 0.963660 0.267131 -0.000000
vn 0.963660 0.267131 -0.000000
vn 0.808774 0.588120 -0.000000
vn 0.808774 0.588120 -0.000000
vn 0.808774 0.588120 -0.000000
vn 0.963756 0.266785 -0.000000
vn 0.963756 0.266785 -0.000000
vn 0.963756 0.266785 -0.000000
vn 0.963756 0.266785 -0.000000
vn -0.564873 -0.825178 -0.000000
vn -0.564873 -0.825178 -0.000000
vn -0.755215 -0.655477 -0.000000
vn -0.755215 -0.655477 -0.000000
vn -0.826319 -0.563202 -0.000000
vn -0.826319 -0.563202 -0.000000
vn -0.564873 -0.825178 -0.000000
vn 0.000000 -1.000000 -0.000000
vn 0.000000 -1.000000 -0.000000
vn -0.365560 -0.930788 -0.000000
vn -0.365560 -0.930788 -0.000000
vn -0.560684 -0.828030 -0.000000
vn -0.560684 -0.828030 -0.000000
vn -0.560684 -0.828030 -0.000000
vn 0.000000 -1.000000 -0.000000
vn 0.846554 -0.532303 0.000000
vn 0.846554 -0.532303 0.000000
vn 0.475932 -0.879482 0.000000
vn 0.475932 -0.879482 0.000000
vn 0.000000 -1.000000 -0.000000
vn 0.000000 -1.000000 -0.000000
vn 0.000000 -1.000000 -0.000000
vn 0.846554 -0.532303 0.000000
vn 1.000000 -0.000000 0.000000
vn 1.000000 -0.000000 0.000000
vn 0.960728 -0.277491 0.000000
vn 0.960728 -0.277491 0.000000
vn 0.848932 -0.528502 0.000000
vn 0.848932 -0.528502 0.000000
vn 0.848932 -0.528502 0.000000
vn 1.000000 -0.000000 0.000000
vn 0.872336 0.488906 -0.000000
vn 0.872336 0.488906 -0.000000
vn 1.000000 -0.000000 0.000000
vn 1.000000 -0.000000 0.000000
vn 1.000000 -0.000000 0.000000
vn 0.571231 0.820789 -0.000000
vn 0.571231 0.820789 -0.000000
vn 0.873020 0.487684 -0.000000
vn 0.873020 0.487684 -0.000000
vn 0.571231 0.820789 -0.000000
vn 0.000000 1.000000 -0.000000
vn 0.000000 1.000000 -0.000000
vn 0.390732 0.920505 -0.000000
vn 0.390732 0.920505 -0.000000
vn 0.577457 0.816421 -0.000000
vn 0.577457 0.816421 -0.000000
vn 0.577457 0.816421 -0.000000
vn 0.000000 1.000000 -0.000000
vn -0.596963 0.802268 -0.000000
vn -0.596963 0.802268 -0.000000
vn -0.267105 0.963668 -0.000000
vn -0.267105 0.963668 -0.000000
vn 0.000000 1.000000 -0.000000
vn 0.000000 1.000000 -0.000000
vn 0.000000 1.000000 -0.000000
vn -0.596963 0.802268 -0.000000
vn -0.956735 0.290961 -0.000000
vn -0.956735 0.290961 -0.000000
vn -0.862143 0.506665 -0.000000
vn -0.862143 0.506665 -0.000000
vn -0.601627 0.798777 -0.000000
vn -0.601627 0.798777 -0.000000
vn -0.601627 0.798777 -0.000000
vn 0.961043 0.276399 -0.000000
vn 0.961043 0.276399 -0.000000
vn 0.961043 0.276399 -0.000000
vn 0.961043 0.276399 -0.000000
vn 0.204769 0.978810 -0.000000
vn 0.204769 0.978810 -0.000000
vn 0.204769 0.978810 -0.000000
vn 0.204769 0.978810 -0.000000
vn 0.999963 0.008555 -0.000000
vn 0.999963 0.008555 -0.000000
vn 0.903414 0.428770 -0.000000
vn 0.903414 0.428770 -0.000000
vn 0.999963 0.008555 -0.000000
vn -0.000000 0.000000 1.000000
vn 0.000000 0.000000 1.000000
vn 0.000000 0.000000 1.000000
vn 0.000000 0.000000 1.000000
vn 0.000000 0.000000 1.000000
vn 0.000000 0.000000 1.000000
vn 0.000000 0.000000 1.000000
vn 0.000000 0.000000 1.000000
vn 0.000000 0.000000 1.000000
vn 0.000000 0.000000 1.000000
vn 0.000000 0.000000 1.000000
vn 0.000000 0.000000 1.000000
vn 0.000000 0.000000 1.000000
vn 0.000000 0.000000 1.000000
vn 0.000000 0.000000 1.000000
vn 0.000000 0.000000 1.000000
vn 0.000000 0.000000 1.000000
vn 0.000000 0.000000 1.000000
vn 0.000000 0.000000 1.000000
vn 0.000000 0.000000 1.000000
vn 0.000000 0.000000 1.000000
vn 0.000000 0.000000 1.000000
vn 0.000000 0.000000 1.000000
vn 0.000000 0.000000 1.000000
vn 0.000000 0.000000 1.000000
vn 0.000000 0.000000 1.000000
vn 0.000000 0.000000 1.000000
vn 0.000000 0.000000 1.000000
vn 0.000000 0.000000 1.000000
vn 0.000000 0.000000 1.000000
vn 0.000000 0.000000 1.000000
vn 0.000000 0.000000 1.000000
vn 0.000000 0.000000 1.000000
vn 0.000000 0.000000 1.000000
vn 0.000000 0.000000 1.000000
vn 0.000000 0.000000 1.000000
vn 0.000000 0.000000 1.000000
vn 0.000000 0.000000 1.000000
vn 0.000000 0.000000 1.000000
vn 0.000000 0.000000 1.000000
vn 0.000000 0.000000 1.000000
vn 0.000000 0.000000 1.000000
vn 0.000000 0.000000 1.000000
vn 0.000000 0.000000 1.000000
vn 0.000000 0.000000 1.000000
vn 0.000000 0.000000 1.000000
vn 0.000000 0.000000 1.000000
vn 0.000000 0.000000 1.000000
vn 0.000000 0.000000 1.000000
vn 0.000000 0.000000 1.000000
vn 0.000000 0.000000 1.000000
vn 0.000000 0.000000 1.000000
vn 0.903493 0.428603 -0.000000
vn 0.903493 0.428603 -0.000000
vn 0.804912 0.593394 -0.000000
vn 0.804912 0.593394 -0.000000
vn 0.649691 0.760198 -0.000000
vn 0.649691 0.760198 -0.000000
vn 0.649691 0.760198 -0.000000
vn 0.650878 0.759183 -0.000000
vn 0.650878 0.759183 -0.000000
vn 0.470719 0.882283 -0.000000
vn 0.470719 0.882283 -0.000000
vn 0.000000 1.000000 -0.000000
vn 0.000000 1.000000 -0.000000
vn 0.650878 0.759183 -0.000000
vn 0.000000 1.000000 -0.000000
vn 0.000000 1.000000 -0.000000
vn 0.000000 1.000000 -0.000000
vn -0.424205 0.905566 -0.000000
vn -0.424205 0.905566 -0.000000
vn -0.749797 0.661668 -0.000000
vn -0.749797 0.661668 -0.000000
vn 0.000000 1.000000 -0.000000
vn -0.749797 0.661668 -0.000000
vn -0.750450 0.660927 -0.000000
vn -0.750450 0.660927 -0.000000
vn -0.965668 0.259777 -0.000000
vn -0.965668 0.259777 -0.000000
vn -1.000000 -0.000000 -0.000000
vn -1.000000 -0.000000 -0.000000
vn -0.750450 0.660927 -0.000000
vn -1.000000 -0.000000 -0.000000
vn -1.000000 -0.000000 -0.000000
vn -1.000000 -0.000000 -0.000000
vn -0.964437 -0.264312 -0.000000
vn -0.964437 -0.264312 -0.000000
vn -0.895196 -0.445672 -0.000000
vn -0.895196 -0.445672 -0.000000
vn -0.822068 -0.569389 -0.000000
vn -0.822068 -0.569389 -0.000000
vn -0.654955 -0.755668 -0.000000
vn -0.654955 -0.755668 -0.000000
vn 0.000000 -1.000000 -0.000000
vn 0.000000 -1.000000 -0.000000
vn -1.000000 -0.000000 -0.000000
vn 0.000000 -1.000000 -0.000000
vn 0.000000 -1.000000 -0.000000
vn 0.000000 -1.000000 -0.000000
vn 0.385935 -0.922526 0.000000
vn 0.385935 -0.922526 0.000000
vn 0.720379 -0.693580 0.000000
vn 0.720379 -0.693580 0.000000
vn 0.000000 -1.000000 -0.000000
vn 0.720379 -0.693580 0.000000
vn 0.720391 -0.693568 0.000000
vn 0.720391 -0.693568 0.000000
vn 0.938152 -0.346223 0.000000
vn 0.938152 -0.346223 0.000000
vn 1.000000 -0.000000 0.000000
vn 1.000000 -0.000000 0.000000
vn 1.000000 -0.000000 0.000000
vn 0.720391 -0.693568 0.000000
vn -0.000000 -0.000000 -1.000000
vn -0.000000 -0.000000 -1.000000
vn -0.000000 -0.000000 -1.000000
vn -0.000000 -0.000000 -1.000000
vn -0.000000 -0.000000 -1.000000
vn -0.000000 -0.000000 -1.000000
vn -0.000000 -0.000000 -1.000000
vn -0.000000 -0.000000 -1.000000
vn -0.000000 -0.000000 -1.000000
vn -0.000000 -0.000000 -1.000000
vn -0.000000 -0.000000 -1.000000
vn -0.000000 -0.000000 -1.000000
vn -0.000000 -0.000000 -1.000000
vn -0.000000 -0.000000 -1.000000
vn -0.000000 -0.000000 -1.000000
vn -0.000000 -0.000000 -1.000000
vn -0.000000 -0.000000 -1.000000
vn -0.000000 -0.000000 -1.000000
vn -0.000000 -0.000000 -1.000000
vn -0.000000 -0.000000 -1.000000
vn -0.000000 -0.000000 -1.000000
vn -0.000000 -0.000000 -1.000000
vn -0.000000 -0.000000 -1.000000
vn -0.000000 -0.000000 -1.000000
vn -0.000000 -0.000000 -1.000000
vn -0.000000 -0.000000 -1.000000
vn -0.000000 -0.000000 -1.000000
vn -0.000000 -0.000000 -1.000000
vn -0.000000 -0.000000 -1.000000
vn -0.000000 -0.000000 -1.000000
vn -0.000000 -0.000000 -1.000000
vn -0.000000 -0.000000 -1.000000
vn -0.000000 -0.000000 -1.000000
vn -0.000000 -0.000000 -1.000000
vn -0.000000 -0.000000 -1.000000
vn -0.000000 -0.000000 -1.000000
vn -0.000000 -0.000000 -1.000000
vn -0.000000 -0.000000 -1.000000
vn -0.000000 -0.000000 -1.000000
vn -0.000000 -0.000000 -1.000000
vn -0.000000 -0.000000 -1.000000
vn -0.432831 -0.901475 -0.000000
vn -0.432831 -0.901475 -0.000000
vn -0.727589 -0.686013 -0.000000
vn -0.727589 -0.686013 -0.000000
vn -0.432831 -0.901475 -0.000000
vn 0.000000 -1.000000 -0.000000
vn 0.000000 -1.000000 -0.000000
vn -0.433262 -0.901268 -0.000000
vn -0.433262 -0.901268 -0.000000
vn -0.433262 -0.901268 -0.000000
vn 0.000000 -1.000000 -0.000000
vn 0.745670 -0.666316 0.000000
vn 0.745670 -0.666316 0.000000
vn 0.441825 -0.897101 0.000000
vn 0.441825 -0.897101 0.000000
vn 0.000000 -1.000000 -0.000000
vn 0.000000 -1.000000 -0.000000
vn 0.000000 -1.000000 -0.000000
vn 0.745670 -0.666316 0.000000
vn 1.000000 -0.000000 0.000000
vn 1.000000 -0.000000 0.000000
vn 0.948658 -0.316304 0.000000
vn 0.948658 -0.316304 0.000000
vn 0.745670 -0.666316 0.000000
vn 0.745670 -0.666316 0.000000
vn 0.745670 -0.666316 0.000000
vn 1.000000 -0.000000 0.000000
vn 0.796674 0.604410 -0.000000
vn 0.796674 0.604410 -0.000000
vn 0.944384 0.328844 -0.000000
vn 0.944384 0.328844 -0.000000
vn 1.000000 -0.000000 0.000000
vn 1.000000 -0.000000 0.000000
vn 1.000000 -0.000000 0.000000
vn 0.796674 0.604410 -0.000000
vn 0.000000 1.000000 -0.000000
vn 0.000000 1.000000 -0.000000
vn 0.455223 0.890377 -0.000000
vn 0.455223 0.890377 -0.000000
vn 0.795440 0.606033 -0.000000
vn 0.795440 0.606033 -0.000000
vn 0.795440 0.606033 -0.000000
vn 0.000000 1.000000 -0.000000
vn -0.700176 0.713970 -0.000000
vn -0.700176 0.713970 -0.000000
vn -0.357890 0.933764 -0.000000
vn -0.357890 0.933764 -0.000000
vn 0.000000 1.000000 -0.000000
vn 0.000000 1.000000 -0.000000
vn 0.000000 1.000000 -0.000000
vn 1.000000 -0.000000 0.000000
vn 1.000000 -0.000000 0.000000
vn 1.000000 -0.000000 0.000000
vn 1.000000 -0.000000 0.000000
vn 0.977744 -0.209799 0.000000
vn 0.977744 -0.209799 0.000000
vn 1.000000 -0.000000 0.000000
vn 1.000000 -0.000000 0.000000
vn 0.977744 -0.209799 0.000000
vn 0.438424 -0.898768 0.000000
vn 0.438424 -0.898768 0.000000
vn 0.780740 -0.624856 0.000000
vn 0.780740 -0.624856 0.000000
vn 0.977744 -0.209799 0.000000
vn 0.977744 -0.209799 0.000000
vn 0.438424 -0.898768 0.000000
vn 0.977744 -0.209799 0.000000
vn 0.528733 -0.848788 0.000000
vn 0.528733 -0.848788 0.000000
vn 0.170367 -0.985381 0.000000
vn 0.170367 -0.985381 0.000000
vn 0.170367 -0.985381 0.000000
vn 0.332462 0.943117 -0.000000
vn 0.332462 0.943117 -0.000000
vn 0.332462 0.943117 -0.000000
vn 0.332462 0.943117 -0.000000
vn -1.000000 -0.000000 -0.000000
vn -1.000000 -0.000000 -0.000000
vn -1.000000 -0.000000 -0.000000
vn -1.000000 -0.000000 -0.000000
vn -0.977031 0.213097 -0.000000
vn -0.977031 0.213097 -0.000000
vn -1.000000 -0.000000 -0.000000
vn -1.000000 -0.000000 -0.000000
vn -0.977031 0.213097 -0.000000
vn -0.468627 0.883396 -0.000000
vn -0.468627 0.883396 -0.000000
vn -0.786330 0.617807 -0.000000
vn -0.786330 0.617807 -0.000000
vn -0.976473 0.215638 -0.000000
vn -0.976473 0.215638 -0.000000
vn -0.976473 0.215638 -0.000000
vn -0.468627 0.883396 -0.000000
vn -0.511633 0.859204 -0.000000
vn -0.511633 0.859204 -0.000000
vn -0.186649 0.982427 -0.000000
vn -0.186649 0.982427 -0.000000
vn -0.186649 0.982427 -0.000000
vn -0.332462 -0.943117 -0.000000
vn -0.332462 -0.943117 -0.000000
vn -0.332462 -0.943117 -0.000000
vn -0.332462 -0.943117 -0.000000
vn 1.000000 -0.000000 0.000000
vn 1.000000 -0.000000 0.000000
vn 1.000000 -0.000000 0.000000
vn 1.000000 -0.000000 0.000000
vn 1.000000 -0.000000 0.000000
vn 1.000000 -0.000000 0.000000
vn 1.000000 -0.000000 0.000000
vn 1.000000 -0.000000 0.000000
vn 1.000000 -0.000000 0.000000
vn 1.000000 -0.000000 0.000000
vn 0.733310 0.679894 -0.000000
vn 0.733310 0.679894 -0.000000
vn 0.493683 0.869642 -0.000000
vn 0.493683 0.869642 -0.000000
vn 0.000000 1.000000 -0.000000
vn 0.000000 1.000000 -0.000000
vn 0.733310 0.679894 -0.000000
vn 0.000000 1.000000 -0.000000
vn 0.000000 0.000000 1.000000
vn 0.000000 0.000000 1.000000
vn 0.000000 0.000000 1.000000
vn 0.000000 0.000000 1.000000
vn 0.000000 0.000000 1.000000
vn 0.000000 0.000000 1.000000
vn 0.000000 0.000000 1.000000
vn 0.000000 0.000000 1.000000
vn 0.000000 0.000000 1.000000
vn 0.000000 0.000000 1.000000
vn 0.000000 0.000000 1.000000
vn 0.000000 0.000000 1.000000
vn 0.000000 0.000000 1.000000
vn 0.000000 0.000000 1.000000
vn 0.000000 0.000000 1.000000
vn 0.000000 0.000000 1.000000
vn 0.000000 0.000000 1.000000
vn 0.000000 0.000000 1.000000
vn 0.000000 0.000000 1.000000
vn 0.000000 0.000000 1.000000
vn 0.000000 0.000000 1.000000
vn 0.000000 0.000000 1.000000
vn 0.000000 0.000000 1.000000
vn 0.000000 0.000000 1.000000
vn 0.000000 0.000000 1.000000
vn 0.000000 0.000000 1.000000
vn 0.000000 0.000000 1.000000
vn 0.000000 0.000000 1.000000
vn 0.000000 0.000000 1.000000
vn 0.000000 0.000000 1.000000
vn 0.000000 0.000000 1.000000
vn 0.000000 0.000000 1.000000
vn 0.000000 0.000000 1.000000
vn 0.000000 0.000000 1.000000
vn 0.000000 0.000000 1.000000
vn 0.000000 0.000000 1.000000
vn 0.000000 0.000000 1.000000
vn 0.000000 0.000000 1.000000
vn 0.000000 0.000000 1.000000
vn 0.000000 0.000000 1.000000
vn 0.000000 0.000000 1.000000
vn 0.000000 1.000000 -0.000000
vn 0.000000 1.000000 -0.000000
vn -0.506419 0.862287 -0.000000
vn -0.506419 0.862287 -0.000000
vn -0.771900 0.635744 -0.000000
vn -0.771900 0.635744 -0.000000
vn 0.000000 1.000000 -0.000000
vn -0.771900 0.635744 -0.000000
vn -0.773841 0.633380 -0.000000
vn -0.773841 0.633380 -0.000000
vn -0.970031 0.242982 -0.000000
vn -0.970031 0.242982 -0.000000
vn -1.000000 -0.000000 -0.000000
vn -1.000000 -0.000000 -0.000000
vn -0.773841 0.633380 -0.000000
vn -1.000000 -0.000000 -0.000000
vn -1.000000 -0.000000 -0.000000
vn -1.000000 -0.000000 -0.000000
vn -0.967181 -0.254087 -0.000000
vn -0.967181 -0.254087 -0.000000
vn -0.751796 -0.659396 -0.000000
vn -0.751796 -0.659396 -0.000000
vn -1.000000 -0.000000 -0.000000
vn -0.751796 -0.659396 -0.000000
vn -0.752277 -0.658848 -0.000000
vn -0.752277 -0.658848 -0.000000
vn -0.463131 -0.886290 -0.000000
vn -0.463131 -0.886290 -0.000000
vn 0.000000 -1.000000 -0.000000
vn 0.000000 -1.000000 -0.000000
vn -0.752277 -0.658848 -0.000000
vn 0.000000 -1.000000 -0.000000
vn 0.000000 -1.000000 -0.000000
vn 0.000000 -1.000000 -0.000000
vn 0.294832 -0.955549 0.000000
vn 0.294832 -0.955549 0.000000
vn 0.493398 -0.869804 0.000000
vn 0.493398 -0.869804 0.000000
vn 0.000000 -1.000000 -0.000000
vn 0.493398 -0.869804 0.000000
vn 0.500088 -0.865975 0.000000
vn 0.500088 -0.865975 0.000000
vn 0.730065 -0.683378 0.000000
vn 0.730065 -0.683378 0.000000
vn 0.884646 -0.466263 0.000000
vn 0.884646 -0.466263 0.000000
vn 0.500088 -0.865975 0.000000
vn 0.884646 -0.466263 0.000000
vn 0.879810 -0.475326 0.000000
vn 0.879810 -0.475326 0.000000
vn 0.995988 -0.089491 0.000000
vn 0.995988 -0.089491 0.000000
vn 0.995988 -0.089491 0.000000
vn 0.879810 -0.475326 0.000000
vn 0.000000 -0.000000 -1.000000
vn -0.000000 -0.000000 -1.000000
vn -0.000000 -0.000000 -1.000000
vn -0.000000 -0.000000 -1.000000
vn -0.000000 -0.000000 -1.000000
vn -0.000000 -0.000000 -1.000000
vn -0.000000 -0.000000 -1.000000
vn -0.000000 -0.000000 -1.000000
vn -0.000000 -0.000000 -1.000000
vn -0.000000 -0.000000 -1.000000
vn -0.000000 -0.000000 -1.000000
vn -0.000000 -0.000000 -1.000000
vn -0.000000 -0.000000 -1.000000
vn -0.000000 -0.000000 -1.000000
vn -0.000000 -0.000000 -1.000000
vn -0.000000 -0.000000 -1.000000
vn -0.000000 -0.000000 -1.000000
vn -0.000000 -0.000000 -1.000000
vn -0.000000 -0.000000 -1.000000
vn -0.000000 -0.000000 -1.000000
vn -0.000000 -0.000000 -1.000000
vn -0.000000 -0.000000 -1.000000
vn -0.000000 -0.000000 -1.000000
vn -0.000000 -0.000000 -1.000000
vn -0.000000 -0.000000 -1.000000
vn -0.000000 -0.000000 -1.000000
vn -0.000000 -0.000000 -1.000000
vn -0.000000 -0.000000 -1.000000
vn -0.000000 -0.000000 -1.000000
vn -0.000000 -0.000000 -1.000000
vn -0.000000 -0.000000 -1.000000
vn -0.000000 -0.000000 -1.000000
vn -0.000000 -0.000000 -1.000000
vn -0.000000 -0.000000 -1.000000
vn -0.000000 -0.000000 -1.000000
vn -0.000000 -0.000000 -1.000000
vn -0.000000 -0.000000 -1.000000
vn -0.000000 -0.000000 -1.000000
vn -0.000000 -0.000000 -1.000000
vn -0.000000 -0.000000 -1.000000
vn -0.000000 -0.000000 -1.000000
vn -0.000000 -0.000000 -1.000000
vn -0.000000 -0.000000 -1.000000
vn -0.000000 -0.000000 -1.000000
vn -0.000000 -0.000000 -1.000000
vn -0.000000 -0.000000 -1.000000
vn -0.000000 -0.000000 -1.000000
vn -0.000000 -0.000000 -1.000000
vn -0.000000 -0.000000 -1.000000
vn -0.000000 -0.000000 -1.000000
vn -0.000000 -0.000000 -1.000000
vn -0.960908 -0.276866 -0.000000
vn -0.960908 -0.276866 -0.000000
vn -0.960908 -0.276866 -0.000000
vn -0.960908 -0.276866 -0.000000
vn -1.000000 -0.000000 -0.000000
vn -1.000000 -0.000000 -0.000000
vn -0.972364 -0.233472 -0.000000
vn -0.972364 -0.233472 -0.000000
vn -0.962215 -0.272291 -0.000000
vn -0.962215 -0.272291 -0.000000
vn -1.000000 -0.000000 -0.000000
vn -0.832600 0.553875 -0.000000
vn -0.832600 0.553875 -0.000000
vn -0.962702 0.270564 -0.000000
vn -0.962702 0.270564 -0.000000
vn -1.000000 -0.000000 -0.000000
vn -1.000000 -0.000000 -0.000000
vn -1.000000 -0.000000 -0.000000
vn -0.832600 0.553875 -0.000000
vn -0.371958 0.928249 -0.000000
vn -0.371958 0.928249 -0.000000
vn -0.611124 0.791535 -0.000000
vn -0.611124 0.791535 -0.000000
vn -0.811295 0.584636 -0.000000
vn -0.811295 0.584636 -0.000000
vn -0.811295 0.584636 -0.000000
vn -0.371958 0.928249 -0.000000
vn 0.000000 1.000000 -0.000000
vn 0.000000 1.000000 -0.000000
vn -0.357279 0.933998 -0.000000
vn -0.357279 0.933998 -0.000000
vn -0.357279 0.933998 -0.000000
vn -0.965823 -0.259201 -0.000000
vn -0.965823 -0.259201 -0.000000
vn -0.965823 -0.259201 -0.000000
vn -0.965823 -0.259201 -0.000000
vn 0.000000 -1.000000 -0.000000
vn 0.000000 -1.000000 -0.000000
vn 0.000000 -1.000000 -0.000000
vn 0.000000 -1.000000 -0.000000
vn 0.965823 0.259201 -0.000000
vn 0.965823 0.259201 -0.000000
vn 0.965823 0.259201 -0.000000
vn 0.965823 0.259201 -0.000000
vn 0.357282 0.933997 -0.000000
vn 0.357282 0.933997 -0.000000
vn 0.083566 0.996502 -0.000000
vn 0.083566 0.996502 -0.000000
vn 0.357282 0.933997 -0.000000
vn 0.813210 0.581970 -0.000000
vn 0.813210 0.581970 -0.000000
vn 0.620539 0.784175 -0.000000
vn 0.620539 0.784175 -0.000000
vn 0.364769 0.931098 -0.000000
vn 0.364769 0.931098 -0.000000
vn 0.364769 0.931098 -0.000000
vn 0.813210 0.581970 -0.000000
vn 0.963660 0.267131 -0.000000
vn 0.963660 0.267131 -0.000000
vn 0.808774 0.588120 -0.000000
vn 0.808774 0.588120 -0.000000
vn 0.808774 0.588120 -0.000000
vn 0.963756 0.266785 -0.000000
vn 0.963756 0.266785 -0.000000
vn 0.963756 0.266785 -0.000000
vn 0.963756 0.266785 -0.000000
vn -0.564873 -0.825178 -0.000000
vn -0.564873 -0.825178 -0.000000
vn -0.755215 -0.655477 -0.000000
vn -0.755215 -0.655477 -0.000000
vn -0.826319 -0.563202 -0.000000
vn -0.826319 -0.563202 -0.000000
vn -0.564873 -0.825178 -0.000000
vn 0.000000 -1.000000 -0.000000
vn 0.000000 -1.000000 -0.000000
vn -0.365560 -0.930788 -0.000000
vn -0.365560 -0.930788 -0.000000
vn -0.560684 -0.828030 -0.000000
vn -0.560684 -0.828030 -0.000000
vn -0.560684 -0.828030 -0.000000
vn 0.000000 -1.000000 -0.000000
vn 0.846554 -0.532303 0.000000
vn 0.846554 -0.532303 0.000000
vn 0.475932 -0.879482 0.000000
vn 0.475932 -0.879482 0.000000
vn 0.000000 -1.000000 -0.000000
vn 0.000000 -1.000000 -0.000000
vn 0.000000 -1.000000 -0.000000
vn 0.846554 -0.532303 0.000000
vn 1.000000 -0.000000 0.000000
vn 1.000000 -0.000000 0.000000
vn 0.960728 -0.277491 0.000000
vn 0.960728 -0.277491 0.000000
vn 0.848932 -0.528502 0.000000
vn 0.848932 -0.528502 0.000000
vn 0.848932 -0.528502 0.000000
vn 1.000000 -0.000000 0.000000
vn 0.872336 0.488906 -0.000000
vn 0.872336 0.488906 -0.000000
vn 1.000000 -0.000000 0.000000
vn 1.000000 -0.000000 0.000000
vn 1.000000 -0.000000 0.000000
vn 0.571231 0.820789 -0.000000
vn 0.571231 0.820789 -0.000000
vn 0.873020 0.487684 -0.000000
vn 0.873020 0.487684 -0.000000
vn 0.571231 0.820789 -0.000000
vn 0.000000 1.000000 -0.000000
vn 0.000000 1.000000 -0.000000
vn 0.390732 0.920505 -0.000000
vn 0.390732 0.920505 -0.000000
vn 0.577457 0.816421 -0.000000
vn 0.577457 0.816421 -0.000000
vn 0.577457 0.816421 -0.000000
vn 0.000000 1.000000 -0.000000
vn -0.596963 0.802268 -0.000000
vn -0.596963 0.802268 -0.000000
vn -0.267105 0.963668 -0.000000
vn -0.267105 0.963668 -0.000000
vn 0.000000 1.000000 -0.000000
vn 0.000000 1.000000 -0.000000
vn 0.000000 1.000000 -0.000000
vn -0.596963 0.802268 -0.000000
vn -0.956735 0.290961 -0.000000
vn -0.956735 0.290961 -0.000000
vn -0.862143 0.506665 -0.000000
vn -0.862143 0.506665 -0.000000
vn -0.601627 0.798777 -0.000000
vn -0.601627 0.798777 -0.000000
vn -0.601627 0.798777 -0.000000
vn 0.961043 0.276399 0.000000
vn 0.961043 0.276399 0.000000
vn 0.961043 0.276399 0.000000
vn 0.961043 0.276399 0.000000
vn 0.204769 0.978810 -0.000000
vn 0.204769 0.978810 -0.000000
vn 0.204769 0.978810 -0.000000
vn 0.204769 0.978810 -0.000000
vn 0.999963 0.008555 -0.000000
vn 0.999963 0.008555 -0.000000
vn 0.903414 0.428770 -0.000000
vn 0.903414 0.428770 -0.000000
vn 0.999963 0.008555 -0.000000
vn 0.000000 0.000000 1.000000
vn 0.000000 0.000000 1.000000
vn 0.000000 0.000000 1.000000
vn 0.000000 0.000000 1.000000
vn 0.000000 0.000000 1.000000
vn 0.000000 0.000000 1.000000
vn 0.000000 0.000000 1.000000
vn 0.000000 0.000000 1.000000
vn 0.000000 0.000000 1.000000
vn 0.000000 0.000000 1.000000
vn 0.000000 0.000000 1.000000
vn 0.000000 0.000000 1.000000
vn 0.000000 0.000000 1.000000
vn 0.000000 0.000000 1.000000
vn 0.000000 0.000000 1.000000
vn 0.000000 0.000000 1.000000
vn 0.000000 0.000000 1.000000
vn 0.000000 0.000000 1.000000
vn 0.000000 0.000000 1.000000
vn 0.000000 0.000000 1.000000
vn 0.000000 0.000000 1.000000
vn 0.000000 0.000000 1.000000
vn 0.000000 0.000000 1.000000
vn 0.000000 0.000000 1.000000
vn 0.000000 0.000000 1.000000
vn 0.000000 0.000000 1.000000
vn 0.000000 0.000000 1.000000
vn 0.000000 0.000000 1.000000
vn 0.000000 0.000000 1.000000
vn 0.000000 0.000000 1.000000
vn 0.000000 0.000000 1.000000
vn 0.000000 0.000000 1.000000
vn 0.000000 0.000000 1.000000
vn 0.000000 0.000000 1.000000
vn 0.000000 0.000000 1.000000
vn 0.000000 0.000000 1.000000
vn 0.000000 0.000000 1.000000
vn 0.000000 0.000000 1.000000
vn 0.000000 0.000000 1.000000
vn 0.000000 0.000000 1.000000
vn 0.000000 0.000000 1.000000
vn 0.000000 0.000000 1.000000
vn 0.000000 0.000000 1.000000
vn 0.000000 0.000000 1.000000
vn 0.000000 0.000000 1.000000
vn 0.000000 0.000000 1.000000
vn 0.000000 0.000000 1.000000
vn 0.000000 0.000000 1.000000
vn 0.000000 0.000000 1.000000
vn 0.000000 0.000000 1.000000
vn 0.000000 0.000000 1.000000
vn 0.903493 0.428603 -0.000000
vn 0.903493 0.428603 -0.000000
vn 0.649691 0.760198 -0.000000
vn 0.649691 0.760198 -0.000000
vn 0.649691 0.760198 -0.000000
vn 0.650878 0.759183 -0.000000
vn 0.650878 0.759183 -0.000000
vn 0.470719 0.882283 -0.000000
vn 0.470719 0.882283 -0.000000
vn 0.000000 1.000000 -0.000000
vn 0.000000 1.000000 -0.000000
vn 0.650878 0.759183 -0.000000
vn 0.000000 1.000000 -0.000000
vn 0.000000 1.000000 -0.000000
vn 0.000000 1.000000 -0.000000
vn -0.424205 0.905566 -0.000000
vn -0.424205 0.905566 -0.000000
vn -0.749797 0.661668 -0.000000
vn -0.749797 0.661668 -0.000000
vn 0.000000 1.000000 -0.000000
vn -0.749797 0.661668 -0.000000
vn -0.750450 0.660927 -0.000000
vn -0.750450 0.660927 -0.000000
vn -0.965668 0.259777 -0.000000
vn -0.965668 0.259777 -0.000000
vn -1.000000 -0.000000 -0.000000
vn -1.000000 -0.000000 -0.000000
vn -0.750450 0.660927 -0.000000
vn -1.000000 -0.000000 -0.000000
vn -1.000000 -0.000000 -0.000000
vn -1.000000 -0.000000 -0.000000
vn -0.964437 -0.264312 -0.000000
vn -0.964437 -0.264312 -0.000000
vn -0.895196 -0.445672 -0.000000
vn -0.895196 -0.445672 -0.000000
vn -0.822068 -0.569389 -0.000000
vn -0.822068 -0.569389 -0.000000
vn -0.654955 -0.755668 -0.000000
vn -0.654955 -0.755668 -0.000000
vn 0.000000 -1.000000 -0.000000
vn 0.000000 -1.000000 -0.000000
vn -1.000000 -0.000000 -0.000000
vn 0.000000 -1.000000 -0.000000
vn 0.000000 -1.000000 -0.000000
vn 0.000000 -1.000000 -0.000000
vn 0.385935 -0.922526 0.000000
vn 0.385935 -0.922526 0.000000
vn 0.720379 -0.693580 0.000000
vn 0.720379 -0.693580 0.000000
vn 0.000000 -1.000000 -0.000000
vn 0.720379 -0.693580 0.000000
vn 0.720391 -0.693568 0.000000
vn 0.720391 -0.693568 0.000000
vn 0.938152 -0.346223 0.000000
vn 0.938152 -0.346223 0.000000
vn 1.000000 -0.000000 0.000000
vn 1.000000 -0.000000 0.000000
vn 1.000000 -0.000000 0.000000
vn 0.720391 -0.693568 0.000000
vn -0.000000 -0.000000 -1.000000
vn -0.000000 -0.000000 -1.000000
vn -0.000000 -0.000000 -1.000000
vn -0.000000 -0.000000 -1.000000
vn -0.000000 -0.000000 -1.000000
vn -0.000000 -0.000000 -1.000000
vn -0.000000 -0.000000 -1.000000
vn -0.000000 -0.000000 -1.000000
vn -0.000000 -0.000000 -1.000000
vn -0.000000 -0.000000 -1.000000
vn -0.000000 -0.000000 -1.000000
vn 0.000000 1.000000 -0.000000
vn 0.000000 1.000000 -0.000000
vn 0.000000 1.000000 -0.000000
vn 0.000000 1.000000 -0.000000
vn -1.000000 -0.000000 -0.000000
vn -1.000000 -0.000000 -0.000000
vn -1.000000 -0.000000 -0.000000
vn -1.000000 -0.000000 -0.000000
vn -0.948373 -0.317157 -0.000000
vn -0.948373 -0.317157 -0.000000
vn -0.948373 -0.317157 -0.000000
vn -0.948373 -0.317157 -0.000000
vn 0.000000 -1.000000 -0.000000
vn 0.000000 -1.000000 -0.000000
vn 0.000000 -1.000000 -0.000000
vn 0.000000 -1.000000 -0.000000
vn 0.949238 0.314560 -0.000000
vn 0.949238 0.314560 -0.000000
vn 0.949238 0.314560 -0.000000
vn 0.949238 0.314560 -0.000000
vn 0.000000 -1.000000 -0.000000
vn 0.000000 -1.000000 -0.000000
vn 0.000000 -1.000000 -0.000000
vn 0.000000 -1.000000 -0.000000
vn -0.491040 -0.871137 -0.000000
vn -0.491040 -0.871137 -0.000000
vn 0.000000 -1.000000 -0.000000
vn 0.000000 -1.000000 -0.000000
vn -0.491040 -0.871137 -0.000000
vn -0.881862 -0.471507 -0.000000
vn -0.881862 -0.471507 -0.000000
vn -0.729370 -0.684120 -0.000000
vn -0.729370 -0.684120 -0.000000
vn -0.481133 -0.876647 -0.000000
vn -0.481133 -0.876647 -0.000000
vn -0.481133 -0.876647 -0.000000
vn 0.352064 -0.935976 0.000000
vn 0.352064 -0.935976 0.000000
vn 0.352064 -0.935976 0.000000
vn 0.352064 -0.935976 0.000000
vn 0.928207 0.372064 -0.000000
vn 0.928207 0.372064 -0.000000
vn 0.928207 0.372064 -0.000000
vn 0.928207 0.372064 -0.000000
vn 0.000000 0.000000 1.000000
vn 0.000000 0.000000 1.000000
vn 0.000000 0.000000 1.000000
vn 0.000000 0.000000 1.000000
vn 0.000000 0.000000 1.000000
vn 0.000000 0.000000 1.000000
vn 0.000000 0.000000 1.000000
vn 0.000000 0.000000 1.000000
vn 0.000000 0.000000 1.000000
vn 0.000000 0.000000 1.000000
vn 0.000000 0.000000 1.000000
vn -0.000000 -0.000000 -1.000000
vn -0.000000 -0.000000 -1.000000
vn -0.000000 -0.000000 -1.000000
vn -0.000000 -0.000000 -1.000000
vn -0.000000 -0.000000 -1.000000
vn -0.000000 -0.000000 -1.000000
vn -0.000000 -0.000000 -1.000000
vn -0.000000 -0.000000 -1.000000
vn -0.000000 -0.000000 -1.000000
vn -0.000000 -0.000000 -1.000000
vn -0.000000 -0.000000 -1.000000
vn -0.000000 -0.000000 -1.000000
vn -0.000000 -0.000000 -1.000000
vn -0.000000 -0.000000 -1.000000
vn -0.000000 -0.000000 -1.000000
vn -0.000000 -0.000000 -1.000000
vn -0.707107 0.707107 -0.000000
vn -0.707107 0.707107 -0.000000
vn -0.382034 0.924148 -0.000000
vn -0.382034 0.924148 -0.000000
vn 0.000000 1.000000 -0.000000
vn 0.000000 1.000000 -0.000000
vn 0.000000 1.000000 -0.000000
vn -0.707107 0.707107 -0.000000
vn -1.000000 -0.000000 -0.000000
vn -1.000000 -0.000000 -0.000000
vn -0.927926 0.372764 -0.000000
vn -0.927926 0.372764 -0.000000
vn -0.712696 0.701473 -0.000000
vn -0.712696 0.701473 -0.000000
vn -0.712696 0.701473 -0.000000
vn -1.000000 -0.000000 -0.000000
vn -0.707107 -0.707107 -0.000000
vn -0.707107 -0.707107 -0.000000
vn -0.922705 -0.385506 -0.000000
vn -0.922705 -0.385506 -0.000000
vn -1.000000 -0.000000 -0.000000
vn -1.000000 -0.000000 -0.000000
vn -1.000000 -0.000000 -0.000000
vn -0.707107 -0.707107 -0.000000
vn 0.000000 -1.000000 -0.000000
vn 0.000000 -1.000000 -0.000000
vn -0.381396 -0.924412 -0.000000
vn -0.381396 -0.924412 -0.000000
vn -0.707107 -0.707107 -0.000000
vn -0.707107 -0.707107 -0.000000
vn -0.707107 -0.707107 -0.000000
vn 0.000000 -1.000000 -0.000000
vn 0.707107 -0.707107 0.000000
vn 0.707107 -0.707107 0.000000
vn 0.385873 -0.922552 0.000000
vn 0.385873 -0.922552 0.000000
vn 0.000000 -1.000000 -0.000000
vn 0.000000 -1.000000 -0.000000
vn 0.000000 -1.000000 -0.000000
vn 0.707107 -0.707107 0.000000
vn 1.000000 -0.000000 0.000000
vn 1.000000 -0.000000 0.000000
vn 0.924404 -0.381416 0.000000
vn 0.924404 -0.381416 0.000000
vn 0.707107 -0.707107 0.000000
vn 0.707107 -0.707107 0.000000
vn 0.707107 -0.707107 0.000000
vn 1.000000 -0.000000 0.000000
vn 0.707107 0.707107 -0.000000
vn 0.707107 0.707107 -0.000000
vn 0.923997 0.382400 -0.000000
vn 0.923997 0.382400 -0.000000
vn 1.000000 -0.000000 0.000000
vn 1.000000 -0.000000 0.000000
vn 1.000000 -0.000000 0.000000
vn 0.707107 0.707107 -0.000000
vn 0.000000 1.000000 -0.000000
vn 0.000000 1.000000 -0.000000
vn 0.372802 0.927911 -0.000000
vn 0.372802 0.927911 -0.000000
vn 0.701473 0.712696 -0.000000
vn 0.701473 0.712696 -0.000000
vn 0.000000 1.000000 -0.000000
vn 0.701473 0.712696 -0.000000
vn 0.000000 0.000000 1.000000
vn 0.000000 0.000000 1.000000
vn 0.000000 0.000000 1.000000
vn 0.000000 0.000000 1.000000
vn 0.000000 0.000000 1.000000
vn 0.000000 0.000000 1.000000
vn 0.000000 0.000000 1.000000
vn 0.000000 0.000000 1.000000
vn 0.000000 0.000000 1.000000
vn 0.000000 0.000000 1.000000
vn 0.000000 0.000000 1.000000
vn 0.000000 0.000000 1.000000
vn 0.000000 0.000000 1.000000
vn 0.000000 0.000000 1.000000
vn 0.000000 0.000000 1.000000
vn 0.000000 0.000000 1.000000
vn -0.000000 -0.000000 -1.000000
vn -0.000000 -0.000000 -1.000000
vn -0.000000 -0.000000 -1.000000
vn -0.000000 -0.000000 -1.000000
vn -0.000000 -0.000000 -1.000000
vn -0.000000 -0.000000 -1.000000
vn -0.000000 -0.000000 -1.000000
vn -0.000000 -0.000000 -1.000000
vn -0.000000 -0.000000 -1.000000
vn -0.000000 -0.000000 -1.000000
vn -0.000000 -0.000000 -1.000000
vn -0.000000 -0.000000 -1.000000
vn -0.000000 -0.000000 -1.000000
vn -0.000000 -0.000000 -1.000000
vn -0.000000 -0.000000 -1.000000
vn -0.000000 -0.000000 -1.000000
vn -0.000000 -0.000000 -1.000000
vn -0.000000 -0.000000 -1.000000
vn -0.000000 -0.000000 -1.000000
vn -0.000000 -0.000000 -1.000000
vn -0.000000 -0.000000 -1.000000
vn -0.000000 -0.000000 -1.000000
vn -0.000000 -0.000000 -1.000000
vn -0.000000 -0.000000 -1.000000
vn -0.000000 -0.000000 -1.000000
vn -0.000000 -0.000000 -1.000000
vn -0.000000 -0.000000 -1.000000
vn -0.000000 -0.000000 -1.000000
vn -0.000000 -0.000000 -1.000000
vn -0.000000 -0.000000 -1.000000
vn -0.000000 -0.000000 -1.000000
vn -0.000000 -0.000000 -1.000000
vn -0.000000 -0.000000 -1.000000
vn -0.000000 -0.000000 -1.000000
vn -0.000000 -0.000000 -1.000000
vn -0.000000 -0.000000 -1.000000
vn -0.000000 -0.000000 -1.000000
vn -0.000000 -0.000000 -1.000000
vn -0.000000 -0.000000 -1.000000
vn 0.922360 0.386332 -0.000000
vn 0.922360 0.386332 -0.000000
vn 1.000000 -0.000000 0.000000
vn 1.000000 -0.000000 0.000000
vn 0.576182 0.817321 -0.000000
vn 0.576182 0.817321 -0.000000
vn 0.812383 0.583125 -0.000000
vn 0.812383 0.583125 -0.000000
vn 0.922330 0.386403 -0.000000
vn 0.922330 0.386403 -0.000000
vn 0.576182 0.817321 -0.000000
vn 0.000000 1.000000 -0.000000
vn 0.000000 1.000000 -0.000000
vn 0.334947 0.942237 -0.000000
vn 0.334947 0.942237 -0.000000
vn 0.587236 0.809416 -0.000000
vn 0.587236 0.809416 -0.000000
vn 0.587236 0.809416 -0.000000
vn 0.000000 1.000000 -0.000000
vn -0.788284 0.615312 -0.000000
vn -0.788284 0.615312 -0.000000
vn -0.516057 0.856554 -0.000000
vn -0.516057 0.856554 -0.000000
vn 0.000000 1.000000 -0.000000
vn 0.000000 1.000000 -0.000000
vn 0.000000 1.000000 -0.000000
vn -1.000000 -0.000000 -0.000000
vn -1.000000 -0.000000 -0.000000
vn -0.967380 0.253328 -0.000000
vn -0.967380 0.253328 -0.000000
vn -0.785811 0.618466 -0.000000
vn -0.785811 0.618466 -0.000000
vn -0.924252 -0.381783 -0.000000
vn -0.924252 -0.381783 -0.000000
vn -1.000000 -0.000000 -0.000000
vn -1.000000 -0.000000 -0.000000
vn -0.578181 -0.815909 -0.000000
vn -0.578181 -0.815909 -0.000000
vn -0.822676 -0.568511 -0.000000
vn -0.822676 -0.568511 -0.000000
vn -0.924324 -0.381609 -0.000000
vn -0.924324 -0.381609 -0.000000
vn -0.578181 -0.815909 -0.000000
vn 0.000000 -1.000000 -0.000000
vn 0.000000 -1.000000 -0.000000
vn -0.363967 -0.931412 -0.000000
vn -0.363967 -0.931412 -0.000000
vn -0.575556 -0.817762 -0.000000
vn -0.575556 -0.817762 -0.000000
vn -0.575556 -0.817762 -0.000000
vn 0.000000 -1.000000 -0.000000
vn 0.871118 -0.491074 0.000000
vn 0.871118 -0.491074 0.000000
vn 0.739366 -0.673304 0.000000
vn 0.739366 -0.673304 0.000000
vn 0.443049 -0.896498 0.000000
vn 0.443049 -0.896498 0.000000
vn 0.000000 -1.000000 -0.000000
vn 0.000000 -1.000000 -0.000000
vn 0.000000 -1.000000 -0.000000
vn 1.000000 -0.000000 0.000000
vn 1.000000 -0.000000 0.000000
vn 0.870700 -0.491815 0.000000
vn 0.870700 -0.491815 0.000000
vn -1.000000 -0.000000 -0.000000
vn -1.000000 -0.000000 -0.000000
vn -0.989392 -0.145267 -0.000000
vn -0.989392 -0.145267 -0.000000
vn -0.989392 -0.145267 -0.000000
vn 0.000000 0.000000 1.000000
vn 0.000000 0.000000 1.000000
vn 0.000000 0.000000 1.000000
vn 0.000000 0.000000 1.000000
vn 0.000000 0.000000 1.000000
vn 0.000000 0.000000 1.000000
vn 0.000000 0.000000 1.000000
vn 0.000000 0.000000 1.000000
vn 0.000000 0.000000 1.000000
vn 0.000000 0.000000 1.000000
vn 0.000000 0.000000 1.000000
vn 0.000000 0.000000 1.000000
vn 0.000000 0.000000 1.000000
vn 0.000000 0.000000 1.000000
vn 0.000000 0.000000 1.000000
vn 0.000000 0.000000 1.000000
vn 0.000000 0.000000 1.000000
vn 0.000000 0.000000 1.000000
vn 0.000000 0.000000 1.000000
vn 0.000000 0.000000 1.000000
vn 0.000000 0.000000 1.000000
vn 0.000000 0.000000 1.000000
vn 0.000000 0.000000 1.000000
vn 0.000000 0.000000 1.000000
vn 0.000000 0.000000 1.000000
vn 0.000000 0.000000 1.000000
vn 0.000000 0.000000 1.000000
vn 0.000000 0.000000 1.000000
vn 0.000000 0.000000 1.000000
vn 0.000000 0.000000 1.000000
vn 0.000000 0.000000 1.000000
vn 0.000000 0.000000 1.000000
vn 0.000000 0.000000 1.000000
vn 0.000000 0.000000 1.000000
vn 0.000000 0.000000 1.000000
vn 0.000000 0.000000 1.000000
vn 0.000000 0.000000 1.000000
vn 0.000000 0.000000 1.000000
vn 0.000000 0.000000 1.000000
vn -0.989820 -0.142324 -0.000000
vn -0.989820 -0.142324 -0.000000
vn -0.965368 -0.260891 -0.000000
vn -0.965368 -0.260891 -0.000000
vn -0.887246 -0.461296 -0.000000
vn -0.887246 -0.461296 -0.000000
vn -0.644124 -0.764921 -0.000000
vn -0.644124 -0.764921 -0.000000
vn 0.000000 -1.000000 -0.000000
vn 0.000000 -1.000000 -0.000000
vn -0.989820 -0.142324 -0.000000
vn 0.000000 -1.000000 -0.000000
vn 0.000000 -1.000000 -0.000000
vn 0.000000 -1.000000 -0.000000
vn 0.309833 -0.950791 0.000000
vn 0.309833 -0.950791 0.000000
vn 0.635197 -0.772350 0.000000
vn 0.635197 -0.772350 0.000000
vn 0.000000 -1.000000 -0.000000
vn 0.635197 -0.772350 0.000000
vn 0.642492 -0.766293 0.000000
vn 0.642492 -0.766293 0.000000
vn 0.883771 -0.467920 0.000000
vn 0.883771 -0.467920 0.000000
vn 0.954838 -0.297127 0.000000
vn 0.954838 -0.297127 0.000000
vn 0.642492 -0.766293 0.000000
vn 0.954838 -0.297127 0.000000
vn 0.955740 -0.294212 0.000000
vn 0.955740 -0.294212 0.000000
vn 0.993883 -0.110434 0.000000
vn 0.993883 -0.110434 0.000000
vn 1.000000 -0.000000 0.000000
vn 1.000000 -0.000000 0.000000
vn 0.955740 -0.294212 0.000000
vn 1.000000 -0.000000 0.000000
vn 1.000000 -0.000000 0.000000
vn 0.966516 0.256606 -0.000000
vn 0.966516 0.256606 -0.000000
vn 0.995562 0.094104 -0.000000
vn 0.966516 0.256606 -0.000000
vn 0.986585 0.163251 -0.000000
vn 0.995562 0.094104 -0.000000
vn 0.986585 0.163251 -0.000000
vn 0.995562 0.094104 -0.000000
vn 0.986585 0.163251 -0.000000
vn 0.966707 0.255884 -0.000000
vn 0.966707 0.255884 -0.000000
vn 0.895640 0.444780 -0.000000
vn 0.895640 0.444780 -0.000000
vn 0.643530 0.765421 -0.000000
vn 0.643530 0.765421 -0.000000
vn 0.966707 0.255884 -0.000000
vn 0.643530 0.765421 -0.000000
vn 0.643248 0.765658 -0.000000
vn 0.643248 0.765658 -0.000000
vn 0.426675 0.904405 -0.000000
vn 0.426675 0.904405 -0.000000
vn 0.000000 1.000000 -0.000000
vn 0.000000 1.000000 -0.000000
vn 0.643248 0.765658 -0.000000
vn 0.000000 1.000000 -0.000000
vn 0.000000 1.000000 -0.000000
vn 0.000000 1.000000 -0.000000
vn -0.506033 0.862514 -0.000000
vn -0.506033 0.862514 -0.000000
vn -0.821880 0.569661 -0.000000
vn -0.821880 0.569661 -0.000000
vn -0.934304 0.356478 -0.000000
vn -0.934304 0.356478 -0.000000
vn 0.000000 1.000000 -0.000000
vn -0.934304 0.356478 -0.000000
vn -0.932491 0.361192 -0.000000
vn -0.932491 0.361192 -0.000000
vn -0.991224 0.132194 -0.000000
vn -0.991224 0.132194 -0.000000
vn -1.000000 -0.000000 -0.000000
vn -1.000000 -0.000000 -0.000000
vn -0.932491 0.361192 -0.000000
f 1/1/1 4/4/4 3/3/3
f 5/5/5 6/6/6 7/7/7
f 9/9/9 12/12/12 11/11/11
f 13/13/13 16/16/16 15/15/15
f 17/17/17 20/20/20 19/19/19
f 21/21/21 24/24/24 23/23/23
f 25/25/25 28/28/28 27/27/27
f 29/29/29 30/30/30 31/31/31
f 33/33/33 36/36/36 35/35/35
f 37/37/37 40/40/40 39/39/39
f 41/41/41 44/44/44 43/43/43
f 45/45/45 48/48/48 47/47/47
f 51/51/51 49/49/49 50/50/50
f 53/53/53 49/49/49 54/54/54
f 56/56/56 50/50/50 49/49/49
f 50/50/50 56/56/56 55/55/55
f 59/59/59 57/57/57 58/58/58
f 61/61/61 57/57/57 62/62/62
f 64/64/64 58/58/58 57/57/57
f 58/58/58 64/64/64 63/63/63
f 65/65/65 66/66/66 67/67/67
f 68/68/68 69/69/69 70/70/70
f 71/71/71 72/72/72 73/73/73
f 74/74/74 75/75/75 76/76/76
f 77/77/77 78/78/78 79/79/79
f 80/80/80 81/81/81 82/82/82
f 83/83/83 84/84/84 85/85/85
f 86/86/86 87/87/87 88/88/88
f 89/89/89 90/90/90 91/91/91
f 90/90/90 89/89/89 92/92/92
f 89/89/89 91/91/91 93/93/93
f 94/94/94 93/93/93 95/95/95
f 94/94/94 96/96/96 89/89/89
f 93/93/93 94/94/94 89/89/89
f 99/99/99 98/98/98 100/100/100
f 101/101/101 100/100/100 102/102/102
f 105/105/105 107/107/107 108/108/108
f 109/109/109 108/108/108 110/110/110
f 100/100/100 104/104/104 102/102/102
f 97/97/97 104/104/104 100/100/100
f 97/97/97 100/100/100 98/98/98
f 99/99/99 101/101/101 108/108/108
f 101/101/101 103/103/103 110/110/110
f 112/112/112 109/109/109 111/111/111
f 106/106/106 105/105/105 109/109/109
f 109/109/109 112/112/112 106/106/106
f 113/113/113 114/114/114 97/97/97
f 98/98/98 116/116/116 97/97/97
f 115/115/115 116/116/116 98/98/98
f 117/117/117 118/118/118 105/105/105
f 106/106/106 120/120/120 105/105/105
f 119/119/119 120/120/120 106/106/106
f 125/125/125 126/126/126 104/104/104
f 128/128/128 97/97/97 127/127/127
f 130/130/130 99/99/99 107/107/107
f 107/107/107 129/129/129 130/130/130
f 131/131/131 132/132/132 99/99/99
f 99/99/99 132/132/132 98/98/98
f 115/115/115 98/98/98 132/132/132
f 114/114/114 127/127/127 97/97/97
f 125/125/125 104/104/104 97/97/97
f 97/97/97 133/133/133 125/125/125
f 137/137/137 112/112/112 136/136/136
f 105/105/105 140/140/140 107/107/107
f 118/118/118 140/140/140 105/105/105
f 141/141/141 119/119/119 106/106/106
f 106/106/106 142/142/142 143/143/143
f 112/112/112 144/144/144 106/106/106
f 142/142/142 106/106/106 144/144/144
f 150/150/150 149/149/149 151/151/151
f 152/152/152 151/151/151 153/153/153
f 156/156/156 158/158/158 159/159/159
f 160/160/160 159/159/159 161/161/161
f 151/151/151 155/155/155 153/153/153
f 148/148/148 155/155/155 151/151/151
f 148/148/148 151/151/151 149/149/149
f 150/150/150 152/152/152 159/159/159
f 152/152/152 154/154/154 161/161/161
f 163/163/163 160/160/160 162/162/162
f 157/157/157 156/156/156 160/160/160
f 160/160/160 163/163/163 157/157/157
f 164/164/164 165/165/165 148/148/148
f 149/149/149 167/167/167 148/148/148
f 166/166/166 167/167/167 149/149/149
f 168/168/168 169/169/169 156/156/156
f 157/157/157 171/171/171 156/156/156
f 170/170/170 171/171/171 157/157/157
f 176/176/176 177/177/177 155/155/155
f 179/179/179 148/148/148 178/178/178
f 158/158/158 180/180/180 150/150/150
f 181/181/181 150/150/150 180/180/180
f 182/182/182 183/183/183 158/158/158
f 150/150/150 184/184/184 149/149/149
f 166/166/166 149/149/149 184/184/184
f 165/165/165 178/178/178 148/148/148
f 176/176/176 155/155/155 148/148/148
f 148/148/148 185/185/185 176/176/176
f 187/187/187 163/163/163 186/186/186
f 156/156/156 191/191/191 158/158/158
f 169/169/169 191/191/191 156/156/156
f 192/192/192 193/193/193 157/157/157
f 157/157/157 194/194/194 195/195/195
f 163/163/163 196/196/196 157/157/157
f 194/194/194 157/157/157 196/196/196
f 104/104/104 197/197/197 102/102/102
f 197/197/197 104/104/104 198/198/198
f 200/200/200 199/199/199 102/102/102
f 111/111/111 201/201/201 112/112/112
f 201/201/201 111/111/111 202/202/202
f 201/201/201 203/203/203 112/112/112
f 102/102/102 204/204/204 103/103/103
f 204/204/204 102/102/102 205/205/205
f 103/103/103 206/206/206 110/110/110
f 103/103/103 204/204/204 206/206/206
f 208/208/208 207/207/207 110/110/110
f 210/210/210 209/209/209 104/104/104
f 212/212/212 111/111/111 110/110/110
f 211/211/211 111/111/111 212/212/212
f 213/213/213 112/112/112 214/214/214
f 122/122/122 216/216/216 121/121/121
f 215/215/215 121/121/121 216/216/216
f 122/122/122 218/218/218 217/217/217
f 219/219/219 124/124/124 220/220/220
f 124/124/124 222/222/222 123/123/123
f 221/221/221 104/104/104 126/126/126
f 223/223/223 104/104/104 221/221/221
f 225/225/225 224/224/224 134/134/134
f 226/226/226 134/134/134 135/135/135
f 228/228/228 136/136/136 112/112/112
f 112/112/112 229/229/229 228/228/228
f 231/231/231 230/230/230 138/138/138
f 232/232/232 138/138/138 139/139/139
f 139/139/139 233/233/233 232/232/232
f 235/235/235 234/234/234 146/146/146
f 236/236/236 146/146/146 145/145/145
f 145/145/145 237/237/237 236/236/236
f 234/234/234 238/238/238 147/147/147
f 147/147/147 146/146/146 234/234/234
f 155/155/155 239/239/239 153/153/153
f 239/239/239 155/155/155 240/240/240
f 242/242/242 241/241/241 153/153/153
f 162/162/162 243/243/243 163/163/163
f 243/243/243 162/162/162 244/244/244
f 246/246/246 245/245/245 163/163/163
f 153/153/153 247/247/247 154/154/154
f 247/247/247 153/153/153 248/248/248
f 154/154/154 249/249/249 161/161/161
f 154/154/154 250/250/250 249/249/249
f 249/249/249 251/251/251 161/161/161
f 252/252/252 240/240/240 155/155/155
f 161/161/161 254/254/254 162/162/162
f 253/253/253 162/162/162 254/254/254
f 255/255/255 163/163/163 245/245/245
f 173/173/173 257/257/257 172/172/172
f 256/256/256 172/172/172 257/257/257
f 173/173/173 259/259/259 258/258/258
f 260/260/260 175/175/175 256/256/256
f 175/175/175 262/262/262 174/174/174
f 261/261/261 174/174/174 262/262/262
f 261/261/261 155/155/155 177/177/177
f 263/263/263 155/155/155 261/261/261
f 264/264/264 186/186/186 163/163/163
f 163/163/163 265/265/265 264/264/264
f 267/267/267 266/266/266 188/188/188
f 186/186/186 268/268/268 188/188/188
f 269/269/269 268/268/268 186/186/186
f 271/271/271 270/270/270 189/189/189
f 273/273/273 189/189/189 190/190/190
f 190/190/190 272/272/272 273/273/273
f 280/280/280 279/279/279 281/281/281
f 282/282/282 281/281/281 283/283/283
f 286/286/286 288/288/288 289/289/289
f 290/290/290 289/289/289 291/291/291
f 281/281/281 285/285/285 283/283/283
f 281/281/281 278/278/278 285/285/285
f 278/278/278 281/281/281 279/279/279
f 280/280/280 282/282/282 289/289/289
f 282/282/282 284/284/284 291/291/291
f 293/293/293 290/290/290 292/292/292
f 287/287/287 286/286/286 290/290/290
f 290/290/290 293/293/293 287/287/287
f 294/294/294 295/295/295 278/278/278
f 279/279/279 297/297/297 278/278/278
f 296/296/296 297/297/297 279/279/279
f 298/298/298 299/299/299 286/286/286
f 287/287/287 301/301/301 286/286/286
f 300/300/300 301/301/301 287/287/287
f 306/306/306 307/307/307 285/285/285
f 309/309/309 278/278/278 308/308/308
f 280/280/280 310/310/310 279/279/279
f 296/296/296 279/279/279 310/310/310
f 311/311/311 312/312/312 278/278/278
f 314/314/314 285/285/285 278/278/278
f 278/278/278 313/313/313 314/314/314
f 315/315/315 316/316/316 280/280/280
f 288/288/288 318/318/318 280/280/280
f 317/317/317 318/318/318 288/288/288
f 322/322/322 293/293/293 321/321/321
f 286/286/286 326/326/326 288/288/288
f 325/325/325 326/326/326 286/286/286
f 327/327/327 300/300/300 287/287/287
f 287/287/287 328/328/328 329/329/329
f 293/293/293 330/330/330 287/287/287
f 331/331/331 287/287/287 330/330/330
f 337/337/337 336/336/336 274/274/274
f 338/338/338 274/274/274 275/275/275
f 275/275/275 339/339/339 338/338/338
f 341/341/341 340/340/340 276/276/276
f 277/277/277 341/341/341 276/276/276
f 285/285/285 342/342/342 283/283/283
f 285/285/285 343/343/343 342/342/342
f 345/345/345 344/344/344 283/283/283
f 292/292/292 346/346/346 293/293/293
f 292/292/292 347/347/347 346/346/346
f 349/349/349 348/348/348 293/293/293
f 351/351/351 350/350/350 291/291/291
f 284/284/284 352/352/352 291/291/291
f 353/353/353 352/352/352 284/284/284
f 283/283/283 354/354/354 284/284/284
f 283/283/283 355/355/355 354/354/354
f 356/356/356 343/343/343 285/285/285
f 291/291/291 350/350/350 292/292/292
f 357/357/357 292/292/292 350/350/350
f 358/358/358 293/293/293 359/359/359
f 303/303/303 361/361/361 302/302/302
f 303/303/303 362/362/362 361/361/361
f 305/305/305 364/364/364 304/304/304
f 363/363/363 304/304/304 364/364/364
f 305/305/305 366/366/366 365/365/365
f 368/368/368 285/285/285 307/307/307
f 367/367/367 285/285/285 368/368/368
f 370/370/370 369/369/369 319/319/319
f 371/371/371 319/319/319 320/320/320
f 373/373/373 321/321/321 293/293/293
f 293/293/293 374/374/374 373/373/373
f 376/376/376 375/375/375 323/323/323
f 377/377/377 323/323/323 324/324/324
f 324/324/324 378/378/378 377/377/377
f 380/380/380 379/379/379 332/332/332
f 381/381/381 332/332/332 333/333/333
f 333/333/333 382/382/382 381/381/381
f 383/383/383 334/334/334 384/384/384
f 335/335/335 384/384/384 334/334/334
f 387/387/387 385/385/385 386/386/386
f 389/389/389 385/385/385 390/390/390
f 392/392/392 386/386/386 385/385/385
f 386/386/386 392/392/392 391/391/391
f 395/395/395 393/393/393 394/394/394
f 397/397/397 393/393/393 398/398/398
f 400/400/400 394/394/394 393/393/393
f 394/394/394 400/400/400 399/399/399
f 401/401/401 402/402/402 403/403/403
f 404/404/404 405/405/405 406/406/406
f 407/407/407 408/408/408 409/409/409
f 410/410/410 411/411/411 412/412/412
f 413/413/413 414/414/414 415/415/415
f 416/416/416 417/417/417 418/418/418
f 419/419/419 420/420/420 421/421/421
f 422/422/422 423/423/423 424/424/424
f 425/425/425 426/426/426 427/427/427
f 426/426/426 425/425/425 428/428/428
f 425/425/425 427/427/427 429/429/429
f 430/430/430 429/429/429 431/431/431
f 430/430/430 432/432/432 425/425/425
f 429/429/429 430/430/430 425/425/425
f 435/435/435 434/434/434 436/436/436
f 437/437/437 436/436/436 438/438/438
f 441/441/441 443/443/443 444/444/444
f 445/445/445 444/444/444 446/446/446
f 436/436/436 440/440/440 438/438/438
f 433/433/433 440/440/440 436/436/436
f 433/433/433 436/436/436 434/434/434
f 435/435/435 437/437/437 444/444/444
f 437/437/437 439/439/439 446/446/446
f 448/448/448 445/445/445 447/447/447
f 442/442/442 441/441/441 445/445/445
f 445/445/445 448/448/448 442/442/442
f 449/449/449 450/450/450 433/433/433
f 434/434/434 452/452/452 433/433/433
f 451/451/451 452/452/452 434/434/434
f 453/453/453 454/454/454 441/441/441
f 442/442/442 456/456/456 441/441/441
f 455/455/455 456/456/456 442/442/442
f 461/461/461 462/462/462 440/440/440
f 464/464/464 433/433/433 463/463/463
f 466/466/466 435/435/435 443/443/443
f 443/443/443 465/465/465 466/466/466
f 467/467/467 468/468/468 435/435/435
f 435/435/435 468/468/468 434/434/434
f 451/451/451 434/434/434 468/468/468
f 450/450/450 463/463/463 433/433/433
f 461/461/461 440/440/440 433/433/433
f 433/433/433 469/469/469 461/461/461
f 473/473/473 448/448/448 472/472/472
f 441/441/441 476/476/476 443/443/443
f 454/454/454 476/476/476 441/441/441
f 477/477/477 455/455/455 442/442/442
f 442/442/442 478/478/478 479/479/479
f 448/448/448 480/480/480 442/442/442
f 478/478/478 442/442/442 480/480/480
f 486/486/486 485/485/485 487/487/487
f 488/488/488 487/487/487 489/489/489
f 492/492/492 494/494/494 495/495/495
f 496/496/496 495/495/495 497/497/497
f 487/487/487 491/491/491 489/489/489
f 484/484/484 491/491/491 487/487/487
f 484/484/484 487/487/487 485/485/485
f 486/486/486 488/488/488 495/495/495
f 488/488/488 490/490/490 497/497/497
f 499/499/499 496/496/496 498/498/498
f 493/493/493 492/492/492 496/496/496
f 496/496/496 499/499/499 493/493/493
f 500/500/500 501/501/501 484/484/484
f 485/485/485 503/503/503 484/484/484
f 502/502/502 503/503/503 485/485/485
f 504/504/504 505/505/505 492/492/492
f 493/493/493 507/507/507 492/492/492
f 506/506/506 507/507/507 493/493/493
f 512/512/512 513/513/513 491/491/491
f 515/515/515 484/484/484 514/514/514
f 494/494/494 516/516/516 486/486/486
f 517/517/517 486/486/486 516/516/516
f 518/518/518 519/519/519 494/494/494
f 486/486/486 520/520/520 485/485/485
f 502/502/502 485/485/485 520/520/520
f 501/501/501 514/514/514 484/484/484
f 512/512/512 491/491/491 484/484/484
f 484/484/484 521/521/521 512/512/512
f 523/523/523 499/499/499 522/522/522
f 492/492/492 527/527/527 494/494/494
f 505/505/505 527/527/527 492/492/492
f 528/528/528 529/529/529 493/493/493
f 493/493/493 530/530/530 531/531/531
f 499/499/499 532/532/532 493/493/493
f 530/530/530 493/493/493 532/532/532
f 440/440/440 533/533/533 438/438/438
f 533/533/533 440/440/440 534/534/534
f 536/536/536 535/535/535 438/438/438
f 447/447/447 537/537/537 448/448/448
f 537/537/537 447/447/447 538/538/538
f 537/537/537 539/539/539 448/448/448
f 438/438/438 540/540/540 439/439/439
f 540/540/540 438/438/438 541/541/541
f 439/439/439 542/542/542 446/446/446
f 439/439/439 540/540/540 542/542/542
f 544/544/544 543/543/543 446/446/446
f 546/546/546 545/545/545 440/440/440
f 548/548/548 447/447/447 446/446/446
f 547/547/547 447/447/447 548/548/548
f 549/549/549 448/448/448 550/550/550
f 458/458/458 552/552/552 457/457/457
f 551/551/551 457/457/457 552/552/552
f 458/458/458 554/554/554 553/553/553
f 555/555/555 460/460/460 556/556/556
f 460/460/460 558/558/558 459/459/459
f 557/557/557 440/440/440 462/462/462
f 559/559/559 440/440/440 557/557/557
f 561/561/561 560/560/560 470/470/470
f 562/562/562 470/470/470 471/471/471
f 564/564/564 472/472/472 448/448/448
f 448/448/448 565/565/565 564/564/564
f 567/567/567 566/566/566 474/474/474
f 568/568/568 474/474/474 475/475/475
f 475/475/475 569/569/569 568/568/568
f 571/571/571 570/570/570 482/482/482
f 572/572/572 482/482/482 481/481/481
f 481/481/481 573/573/573 572/572/572
f 570/570/570 574/574/574 483/483/483
f 483/483/483 482/482/482 570/570/570
f 491/491/491 575/575/575 489/489/489
f 575/575/575 491/491/491 576/576/576
f 578/578/578 577/577/577 489/489/489
f 498/498/498 579/579/579 499/499/499
f 579/579/579 498/498/498 580/580/580
f 582/582/582 581/581/581 499/499/499
f 489/489/489 583/583/583 490/490/490
f 583/583/583 489/489/489 584/584/584
f 490/490/490 585/585/585 497/497/497
f 490/490/490 586/586/586 585/585/585
f 585/585/585 587/587/587 497/497/497
f 588/588/588 576/576/576 491/491/491
f 497/497/497 590/590/590 498/498/498
f 589/589/589 498/498/498 590/590/590
f 591/591/591 499/499/499 581/581/581
f 509/509/509 593/593/593 508/508/508
f 592/592/592 508/508/508 593/593/593
f 509/509/509 595/595/595 594/594/594
f 596/596/596 511/511/511 592/592/592
f 511/511/511 598/598/598 510/510/510
f 597/597/597 491/491/491 513/513/513
f 599/599/599 491/491/491 597/597/597
f 600/600/600 522/522/522 499/499/499
f 499/499/499 601/601/601 600/600/600
f 603/603/603 602/602/602 524/524/524
f 522/522/522 604/604/604 524/524/524
f 607/607/607 606/606/606 525/525/525
f 609/609/609 525/525/525 526/526/526
f 526/526/526 608/608/608 609/609/609
f 616/616/616 615/615/615 617/617/617
f 618/618/618 617/617/617 619/619/619
f 622/622/622 624/624/624 625/625/625
f 626/626/626 625/625/625 627/627/627
f 617/617/617 621/621/621 619/619/619
f 617/617/617 614/614/614 621/621/621
f 614/614/614 617/617/617 615/615/615
f 616/616/616 618/618/618 625/625/625
f 618/618/618 620/620/620 627/627/627
f 629/629/629 626/626/626 628/628/628
f 623/623/623 622/622/622 626/626/626
f 626/626/626 629/629/629 623/623/623
f 630/630/630 631/631/631 614/614/614
f 615/615/615 633/633/633 614/614/614
f 632/632/632 633/633/633 615/615/615
f 634/634/634 635/635/635 622/622/622
f 623/623/623 637/637/637 622/622/622
f 636/636/636 637/637/637 623/623/623
f 642/642/642 643/643/643 621/621/621
f 645/645/645 614/614/614 644/644/644
f 616/616/616 646/646/646 615/615/615
f 632/632/632 615/615/615 646/646/646
f 647/647/647 648/648/648 614/614/614
f 650/650/650 621/621/621 614/614/614
f 614/614/614 649/649/649 650/650/650
f 651/651/651 652/652/652 616/616/616
f 624/624/624 654/654/654 616/616/616
f 653/653/653 654/654/654 624/624/624
f 658/658/658 629/629/629 657/657/657
f 622/622/622 662/662/662 624/624/624
f 661/661/661 662/662/662 622/622/622
f 663/663/663 636/636/636 623/623/623
f 623/623/623 664/664/664 665/665/665
f 629/629/629 666/666/666 623/623/623
f 667/667/667 623/623/623 666/666/666
f 673/673/673 672/672/672 610/610/610
f 674/674/674 610/610/610 611/611/611
f 611/611/611 675/675/675 674/674/674
f 677/677/677 676/676/676 612/612/612
f 613/613/613 677/677/677 612/612/612
f 621/621/621 678/678/678 619/619/619
f 621/621/621 679/679/679 678/678/678
f 681/681/681 680/680/680 619/619/619
f 628/628/628 682/682/682 629/629/629
f 628/628/628 683/683/683 682/682/682
f 685/685/685 684/684/684 629/629/629
f 687/687/687 686/686/686 627/627/627
f 620/620/620 688/688/688 627/627/627
f 689/689/689 688/688/688 620/620/620
f 619/619/619 690/690/690 620/620/620
f 619/619/619 691/691/691 690/690/690
f 692/692/692 679/679/679 621/621/621
f 627/627/627 686/686/686 628/628/628
f 693/693/693 628/628/628 686/686/686
f 694/694/694 629/629/629 695/695/695
f 639/639/639 697/697/697 638/638/638
f 639/639/639 698/698/698 697/697/697
f 641/641/641 700/700/700 640/640/640
f 699/699/699 640/640/640 700/700/700
f 641/641/641 702/702/702 701/701/701
f 704/704/704 621/621/621 643/643/643
f 703/703/703 621/621/621 704/704/704
f 706/706/706 705/705/705 655/655/655
f 707/707/707 655/655/655 656/656/656
f 709/709/709 657/657/657 629/629/629
f 629/629/629 710/710/710 709/709/709
f 712/712/712 711/711/711 659/659/659
f 713/713/713 659/659/659 660/660/660
f 660/660/660 714/714/714 713/713/713
f 716/716/716 715/715/715 668/668/668
f 717/717/717 668/668/668 669/669/669
f 669/669/669 718/718/718 717/717/717
f 719/719/719 670/670/670 720/720/720
f 671/671/671 720/720/720 670/670/670
f 723/723/723 721/721/721 722/722/722
f 725/725/725 721/721/721 726/726/726
f 728/728/728 722/722/722 721/721/721
f 722/722/722 728/728/728 727/727/727
f 731/731/731 729/729/729 730/730/730
f 733/733/733 729/729/729 734/734/734
f 736/736/736 730/730/730 729/729/729
f 730/730/730 736/736/736 735/735/735
f 737/737/737 738/738/738 739/739/739
f 740/740/740 741/741/741 742/742/742
f 743/743/743 744/744/744 745/745/745
f 746/746/746 747/747/747 748/748/748
f 749/749/749 750/750/750 751/751/751
f 752/752/752 753/753/753 754/754/754
f 755/755/755 756/756/756 757/757/757
f 758/758/758 759/759/759 760/760/760
f 761/761/761 762/762/762 763/763/763
f 762/762/762 761/761/761 764/764/764
f 761/761/761 763/763/763 765/765/765
f 766/766/766 765/765/765 767/767/767
f 766/766/766 768/768/768 761/761/761
f 765/765/765 766/766/766 761/761/761
f 771/771/771 770/770/770 772/772/772
f 773/773/773 772/772/772 774/774/774
f 777/777/777 779/779/779 780/780/780
f 781/781/781 780/780/780 782/782/782
f 772/772/772 776/776/776 774/774/774
f 769/769/769 776/776/776 772/772/772
f 769/769/769 772/772/772 770/770/770
f 771/771/771 773/773/773 780/780/780
f 773/773/773 775/775/775 782/782/782
f 784/784/784 781/781/781 783/783/783
f 778/778/778 777/777/777 781/781/781
f 781/781/781 784/784/784 778/778/778
f 785/785/785 786/786/786 769/769/769
f 770/770/770 788/788/788 769/769/769
f 787/787/787 788/788/788 770/770/770
f 789/789/789 790/790/790 777/777/777
f 778/778/778 792/792/792 777/777/777
f 791/791/791 792/792/792 778/778/778
f 797/797/797 798/798/798 776/776/776
f 800/800/800 769/769/769 799/799/799
f 802/802/802 771/771/771 779/779/779
f 779/779/779 801/801/801 802/802/802
f 803/803/803 804/804/804 771/771/771
f 771/771/771 804/804/804 770/770/770
f 787/787/787 770/770/770 804/804/804
f 786/786/786 799/799/799 769/769/769
f 797/797/797 776/776/776 769/769/769
f 769/769/769 805/805/805 797/797/797
f 809/809/809 784/784/784 808/808/808
f 777/777/777 812/812/812 779/779/779
f 790/790/790 812/812/812 777/777/777
f 813/813/813 791/791/791 778/778/778
f 778/778/778 814/814/814 815/815/815
f 784/784/784 816/816/816 778/778/778
f 814/814/814 778/778/778 816/816/816
f 822/822/822 821/821/821 823/823/823
f 824/824/824 823/823/823 825/825/825
f 828/828/828 830/830/830 831/831/831
f 832/832/832 831/831/831 833/833/833
f 823/823/823 827/827/827 825/825/825
f 820/820/820 827/827/827 823/823/823
f 820/820/820 823/823/823 821/821/821
f 822/822/822 824/824/824 831/831/831
f 824/824/824 826/826/826 833/833/833
f 835/835/835 832/832/832 834/834/834
f 829/829/829 828/828/828 832/832/832
f 832/832/832 835/835/835 829/829/829
f 836/836/836 837/837/837 820/820/820
f 821/821/821 839/839/839 820/820/820
f 838/838/838 839/839/839 821/821/821
f 840/840/840 841/841/841 828/828/828
f 829/829/829 843/843/843 828/828/828
f 842/842/842 843/843/843 829/829/829
f 848/848/848 849/849/849 827/827/827
f 851/851/851 820/820/820 850/850/850
f 830/830/830 852/852/852 822/822/822
f 853/853/853 822/822/822 852/852/852
f 854/854/854 855/855/855 830/830/830
f 822/822/822 856/856/856 821/821/821
f 838/838/838 821/821/821 856/856/856
f 837/837/837 850/850/850 820/820/820
f 848/848/848 827/827/827 820/820/820
f 820/820/820 857/857/857 848/848/848
f 859/859/859 835/835/835 858/858/858
f 828/828/828 863/863/863 830/830/830
f 841/841/841 863/863/863 828/828/828
f 864/864/864 865/865/865 829/829/829
f 829/829/829 866/866/866 867/867/867
f 835/835/835 868/868/868 829/829/829
f 866/866/866 829/829/829 868/868/868
f 776/776/776 869/869/869 774/774/774
f 869/869/869 776/776/776 870/870/870
f 872/872/872 871/871/871 774/774/774
f 783/783/783 873/873/873 784/784/784
f 873/873/873 783/783/783 874/874/874
f 873/873/873 875/875/875 784/784/784
f 774/774/774 876/876/876 775/775/775
f 876/876/876 774/774/774 877/877/877
f 775/775/775 878/878/878 782/782/782
f 775/775/775 876/876/876 878/878/878
f 880/880/880 879/879/879 782/782/782
f 882/882/882 881/881/881 776/776/776
f 884/884/884 783/783/783 782/782/782
f 883/883/883 783/783/783 884/884/884
f 885/885/885 784/784/784 886/886/886
f 794/794/794 888/888/888 793/793/793
f 887/887/887 793/793/793 888/888/888
f 794/794/794 890/890/890 889/889/889
f 891/891/891 796/796/796 892/892/892
f 796/796/796 894/894/894 795/795/795
f 893/893/893 776/776/776 798/798/798
f 895/895/895 776/776/776 893/893/893
f 897/897/897 896/896/896 806/806/806
f 898/898/898 806/806/806 807/807/807
f 900/900/900 808/808/808 784/784/784
f 784/784/784 901/901/901 900/900/900
f 903/903/903 902/902/902 810/810/810
f 904/904/904 810/810/810 811/811/811
f 811/811/811 905/905/905 904/904/904
f 907/907/907 906/906/906 818/818/818
f 908/908/908 818/818/818 817/817/817
f 817/817/817 909/909/909 908/908/908
f 906/906/906 910/910/910 819/819/819
f 819/819/819 818/818/818 906/906/906
f 827/827/827 911/911/911 825/825/825
f 911/911/911 827/827/827 912/912/912
f 914/914/914 913/913/913 825/825/825
f 834/834/834 915/915/915 835/835/835
f 915/915/915 834/834/834 916/916/916
f 918/918/918 917/917/917 835/835/835
f 825/825/825 919/919/919 826/826/826
f 919/919/919 825/825/825 920/920/920
f 826/826/826 921/921/921 833/833/833
f 826/826/826 922/922/922 921/921/921
f 921/921/921 923/923/923 833/833/833
f 924/924/924 912/912/912 827/827/827
f 833/833/833 926/926/926 834/834/834
f 925/925/925 834/834/834 926/926/926
f 927/927/927 835/835/835 917/917/917
f 845/845/845 929/929/929 844/844/844
f 928/928/928 844/844/844 929/929/929
f 845/845/845 931/931/931 930/930/930
f 932/932/932 847/847/847 928/928/928
f 847/847/847 934/934/934 846/846/846
f 933/933/933 827/827/827 849/849/849
f 935/935/935 827/827/827 933/933/933
f 936/936/936 858/858/858 835/835/835
f 835/835/835 937/937/937 936/936/936
f 939/939/939 938/938/938 860/860/860
f 858/858/858 940/940/940 860/860/860
f 943/943/943 942/942/942 861/861/861
f 945/945/945 861/861/861 862/862/862
f 862/862/862 944/944/944 945/945/945
f 952/952/952 951/951/951 953/953/953
f 954/954/954 953/953/953 955/955/955
f 958/958/958 960/960/960 961/961/961
f 962/962/962 961/961/961 963/963/963
f 953/953/953 957/957/957 955/955/955
f 953/953/953 950/950/950 957/957/957
f 950/950/950 953/953/953 951/951/951
f 952/952/952 954/954/954 961/961/961
f 954/954/954 956/956/956 963/963/963
f 965/965/965 962/962/962 964/964/964
f 959/959/959 958/958/958 962/962/962
f 962/962/962 965/965/965 959/959/959
f 966/966/966 967/967/967 950/950/950
f 951/951/951 969/969/969 950/950/950
f 968/968/968 969/969/969 951/951/951
f 970/970/970 971/971/971 958/958/958
f 959/959/959 973/973/973 958/958/958
f 972/972/972 973/973/973 959/959/959
f 978/978/978 979/979/979 957/957/957
f 981/981/981 950/950/950 980/980/980
f 952/952/952 982/982/982 951/951/951
f 968/968/968 951/951/951 982/982/982
f 983/983/983 984/984/984 950/950/950
f 986/986/986 957/957/957 950/950/950
f 950/950/950 985/985/985 986/986/986
f 987/987/987 988/988/988 952/952/952
f 960/960/960 990/990/990 952/952/952
f 989/989/989 990/990/990 960/960/960
f 994/994/994 965/965/965 993/993/993
f 958/958/958 998/998/998 960/960/960
f 997/997/997 998/998/998 958/958/958
f 999/999/999 972/972/972 959/959/959
f 959/959/959 1000/1000/1000 1001/1001/1001
f 965/965/965 1002/1002/1002 959/959/959
f 1003/1003/1003 959/959/959 1002/1002/1002
f 1009/1009/1009 1008/1008/1008 946/946/946
f 1010/1010/1010 946/946/946 947/947/947
f 947/947/947 1011/1011/1011 1010/1010/1010
f 1013/1013/1013 1012/1012/1012 948/948/948
f 949/949/949 1013/1013/1013 948/948/948
f 957/957/957 1014/1014/1014 955/955/955
f 957/957/957 1015/1015/1015 1014/1014/1014
f 1017/1017/1017 1016/1016/1016 955/955/955
f 964/964/964 1018/1018/1018 965/965/965
f 964/964/964 1019/1019/1019 1018/1018/1018
f 1021/1021/1021 1020/1020/1020 965/965/965
f 1023/1023/1023 1022/1022/1022 963/963/963
f 956/956/956 1024/1024/1024 963/963/963
f 1025/1025/1025 1024/1024/1024 956/956/956
f 955/955/955 1026/1026/1026 956/956/956
f 955/955/955 1027/1027/1027 1026/1026/1026
f 1028/1028/1028 1015/1015/1015 957/957/957
f 963/963/963 1022/1022/1022 964/964/964
f 1029/1029/1029 964/964/964 1022/1022/1022
f 1030/1030/1030 965/965/965 1031/1031/1031
f 975/975/975 1033/1033/1033 974/974/974
f 975/975/975 1034/1034/1034 1033/1033/1033
f 977/977/977 1036/1036/1036 976/976/976
f 1035/1035/1035 976/976/976 1036/1036/1036
f 977/977/977 1038/1038/1038 1037/1037/1037
f 1040/1040/1040 957/957/957 979/979/979
f 1039/1039/1039 957/957/957 1040/1040/1040
f 1042/1042/1042 1041/1041/1041 991/991/991
f 1043/1043/1043 991/991/991 992/992/992
f 1045/1045/1045 993/993/993 965/965/965
f 965/965/965 1046/1046/1046 1045/1045/1045
f 1048/1048/1048 1047/1047/1047 995/995/995
f 1049/1049/1049 995/995/995 996/996/996
f 996/996/996 1050/1050/1050 1049/1049/1049
f 1052/1052/1052 1051/1051/1051 1004/1004/1004
f 1053/1053/1053 1004/1004/1004 1005/1005/1005
f 1005/1005/1005 1054/1054/1054 1053/1053/1053
f 1055/1055/1055 1006/1006/1006 1056/1056/1056
f 1007/1007/1007 1056/1056/1056 1006/1006/1006
f 1059/1059/1059 1057/1057/1057 1058/1058/1058
f 1061/1061/1061 1057/1057/1057 1062/1062/1062
f 1064/1064/1064 1058/1058/1058 1057/1057/1057
f 1058/1058/1058 1064/1064/1064 1063/1063/1063
f 1067/1067/1067 1065/1065/1065 1066/1066/1066
f 1069/1069/1069 1065/1065/1065 1070/1070/1070
f 1072/1072/1072 1066/1066/1066 1065/1065/1065
f 1066/1066/1066 1072/1072/1072 1071/1071/1071
f 1073/1073/1073 1074/1074/1074 1075/1075/1075
f 1076/1076/1076 1077/1077/1077 1078/1078/1078
f 1079/1079/1079 1080/1080/1080 1081/1081/1081
f 1082/1082/1082 1083/1083/1083 1084/1084/1084
f 1085/1085/1085 1086/1086/1086 1087/1087/1087
f 1088/1088/1088 1089/1089/1089 1090/1090/1090
f 1091/1091/1091 1092/1092/1092 1093/1093/1093
f 1094/1094/1094 1095/1095/1095 1096/1096/1096
f 1097/1097/1097 1098/1098/1098 1099/1099/1099
f 1098/1098/1098 1097/1097/1097 1100/1100/1100
f 1097/1097/1097 1099/1099/1099 1101/1101/1101
f 1102/1102/1102 1101/1101/1101 1103/1103/1103
f 1102/1102/1102 1104/1104/1104 1097/1097/1097
f 1101/1101/1101 1102/1102/1102 1097/1097/1097
f 1107/1107/1107 1106/1106/1106 1108/1108/1108
f 1109/1109/1109 1108/1108/1108 1110/1110/1110
f 1113/1113/1113 1115/1115/1115 1116/1116/1116
f 1117/1117/1117 1116/1116/1116 1118/1118/1118
f 1108/1108/1108 1112/1112/1112 1110/1110/1110
f 1105/1105/1105 1112/1112/1112 1108/1108/1108
f 1105/1105/1105 1108/1108/1108 1106/1106/1106
f 1107/1107/1107 1109/1109/1109 1116/1116/1116
f 1109/1109/1109 1111/1111/1111 1118/1118/1118
f 1120/1120/1120 1117/1117/1117 1119/1119/1119
f 1114/1114/1114 1113/1113/1113 1117/1117/1117
f 1117/1117/1117 1120/1120/1120 1114/1114/1114
f 1121/1121/1121 1122/1122/1122 1105/1105/1105
f 1106/1106/1106 1124/1124/1124 1105/1105/1105
f 1123/1123/1123 1124/1124/1124 1106/1106/1106
f 1125/1125/1125 1126/1126/1126 1113/1113/1113
f 1114/1114/1114 1128/1128/1128 1113/1113/1113
f 1127/1127/1127 1128/1128/1128 1114/1114/1114
f 1133/1133/1133 1134/1134/1134 1112/1112/1112
f 1136/1136/1136 1105/1105/1105 1135/1135/1135
f 1138/1138/1138 1107/1107/1107 1115/1115/1115
f 1115/1115/1115 1137/1137/1137 1138/1138/1138
f 1139/1139/1139 1140/1140/1140 1107/1107/1107
f 1107/1107/1107 1140/1140/1140 1106/1106/1106
f 1123/1123/1123 1106/1106/1106 1140/1140/1140
f 1122/1122/1122 1135/1135/1135 1105/1105/1105
f 1133/1133/1133 1112/1112/1112 1105/1105/1105
f 1105/1105/1105 1141/1141/1141 1133/1133/1133
f 1145/1145/1145 1120/1120/1120 1144/1144/1144
f 1113/1113/1113 1148/1148/1148 1115/1115/1115
f 1126/1126/1126 1148/1148/1148 1113/1113/1113
f 1149/1149/1149 1127/1127/1127 1114/1114/1114
f 1114/1114/1114 1150/1150/1150 1151/1151/1151
f 1120/1120/1120 1152/1152/1152 1114/1114/1114
f 1150/1150/1150 1114/1114/1114 1152/1152/1152
f 1158/1158/1158 1157/1157/1157 1159/1159/1159
f 1160/1160/1160 1159/1159/1159 1161/1161/1161
f 1164/1164/1164 1166/1166/1166 1167/1167/1167
f 1168/1168/1168 1167/1167/1167 1169/1169/1169
f 1159/1159/1159 1163/1163/1163 1161/1161/1161
f 1156/1156/1156 1163/1163/1163 1159/1159/1159
f 1156/1156/1156 1159/1159/1159 1157/1157/1157
f 1158/1158/1158 1160/1160/1160 1167/1167/1167
f 1160/1160/1160 1162/1162/1162 1169/1169/1169
f 1171/1171/1171 1168/1168/1168 1170/1170/1170
f 1165/1165/1165 1164/1164/1164 1168/1168/1168
f 1168/1168/1168 1171/1171/1171 1165/1165/1165
f 1172/1172/1172 1173/1173/1173 1156/1156/1156
f 1157/1157/1157 1175/1175/1175 1156/1156/1156
f 1174/1174/1174 1175/1175/1175 1157/1157/1157
f 1176/1176/1176 1177/1177/1177 1164/1164/1164
f 1165/1165/1165 1179/1179/1179 1164/1164/1164
f 1178/1178/1178 1179/1179/1179 1165/1165/1165
f 1184/1184/1184 1185/1185/1185 1163/1163/1163
f 1187/1187/1187 1156/1156/1156 1186/1186/1186
f 1166/1166/1166 1188/1188/1188 1158/1158/1158
f 1189/1189/1189 1158/1158/1158 1188/1188/1188
f 1190/1190/1190 1191/1191/1191 1166/1166/1166
f 1158/1158/1158 1192/1192/1192 1157/1157/1157
f 1174/1174/1174 1157/1157/1157 1192/1192/1192
f 1173/1173/1173 1186/1186/1186 1156/1156/1156
f 1184/1184/1184 1163/1163/1163 1156/1156/1156
f 1156/1156/1156 1193/1193/1193 1184/1184/1184
f 1195/1195/1195 1171/1171/1171 1194/1194/1194
f 1164/1164/1164 1199/1199/1199 1166/1166/1166
f 1177/1177/1177 1199/1199/1199 1164/1164/1164
f 1200/1200/1200 1201/1201/1201 1165/1165/1165
f 1165/1165/1165 1202/1202/1202 1203/1203/1203
f 1171/1171/1171 1204/1204/1204 1165/1165/1165
f 1202/1202/1202 1165/1165/1165 1204/1204/1204
f 1112/1112/1112 1205/1205/1205 1110/1110/1110
f 1205/1205/1205 1112/1112/1112 1206/1206/1206
f 1208/1208/1208 1207/1207/1207 1110/1110/1110
f 1119/1119/1119 1209/1209/1209 1120/1120/1120
f 1209/1209/1209 1119/1119/1119 1210/1210/1210
f 1209/1209/1209 1211/1211/1211 1120/1120/1120
f 1110/1110/1110 1212/1212/1212 1111/1111/1111
f 1212/1212/1212 1110/1110/1110 1213/1213/1213
f 1111/1111/1111 1214/1214/1214 1118/1118/1118
f 1111/1111/1111 1212/1212/1212 1214/1214/1214
f 1216/1216/1216 1215/1215/1215 1118/1118/1118
f 1218/1218/1218 1217/1217/1217 1112/1112/1112
f 1220/1220/1220 1119/1119/1119 1118/1118/1118
f 1219/1219/1219 1119/1119/1119 1220/1220/1220
f 1221/1221/1221 1120/1120/1120 1222/1222/1222
f 1130/1130/1130 1224/1224/1224 1129/1129/1129
f 1223/1223/1223 1129/1129/1129 1224/1224/1224
f 1130/1130/1130 1226/1226/1226 1225/1225/1225
f 1227/1227/1227 1132/1132/1132 1228/1228/1228
f 1132/1132/1132 1230/1230/1230 1131/1131/1131
f 1229/1229/1229 1112/1112/1112 1134/1134/1134
f 1231/1231/1231 1112/1112/1112 1229/1229/1229
f 1233/1233/1233 1232/1232/1232 1142/1142/1142
f 1234/1234/1234 1142/1142/1142 1143/1143/1143
f 1236/1236/1236 1144/1144/1144 1120/1120/1120
f 1120/1120/1120 1237/1237/1237 1236/1236/1236
f 1239/1239/1239 1238/1238/1238 1146/1146/1146
f 1240/1240/1240 1146/1146/1146 1147/1147/1147
f 1147/1147/1147 1241/1241/1241 1240/1240/1240
f 1243/1243/1243 1242/1242/1242 1154/1154/1154
f 1244/1244/1244 1154/1154/1154 1153/1153/1153
f 1153/1153/1153 1245/1245/1245 1244/1244/1244
f 1242/1242/1242 1246/1246/1246 1155/1155/1155
f 1155/1155/1155 1154/1154/1154 1242/1242/1242
f 1163/1163/1163 1247/1247/1247 1161/1161/1161
f 1247/1247/1247 1163/1163/1163 1248/1248/1248
f 1250/1250/1250 1249/1249/1249 1161/1161/1161
f 1170/1170/1170 1251/1251/1251 1171/1171/1171
f 1251/1251/1251 1170/1170/1170 1252/1252/1252
f 1254/1254/1254 1253/1253/1253 1171/1171/1171
f 1161/1161/1161 1255/1255/1255 1162/1162/1162
f 1255/1255/1255 1161/1161/1161 1256/1256/1256
f 1162/1162/1162 1257/1257/1257 1169/1169/1169
f 1162/1162/1162 1258/1258/1258 1257/1257/1257
f 1257/1257/1257 1259/1259/1259 1169/1169/1169
f 1260/1260/1260 1248/1248/1248 1163/1163/1163
f 1169/1169/1169 1262/1262/1262 1170/1170/1170
f 1261/1261/1261 1170/1170/1170 1262/1262/1262
f 1263/1263/1263 1171/1171/1171 1253/1253/1253
f 1181/1181/1181 1265/1265/1265 1180/1180/1180
f 1264/1264/1264 1180/1180/1180 1265/1265/1265
f 1181/1181/1181 1267/1267/1267 1266/1266/1266
f 1268/1268/1268 1183/1183/1183 1264/1264/1264
f 1183/1183/1183 1270/1270/1270 1182/1182/1182
f 1269/1269/1269 1182/1182/1182 1270/1270/1270
f 1269/1269/1269 1163/1163/1163 1185/1185/1185
f 1271/1271/1271 1163/1163/1163 1269/1269/1269
f 1272/1272/1272 1194/1194/1194 1171/1171/1171
f 1171/1171/1171 1273/1273/1273 1272/1272/1272
f 1275/1275/1275 1274/1274/1274 1196/1196/1196
f 1194/1194/1194 1276/1276/1276 1196/1196/1196
f 1277/1277/1277 1276/1276/1276 1194/1194/1194
f 1279/1279/1279 1278/1278/1278 1197/1197/1197
f 1281/1281/1281 1197/1197/1197 1198/1198/1198
f 1198/1198/1198 1280/1280/1280 1281/1281/1281
f 1288/1288/1288 1287/1287/1287 1289/1289/1289
f 1290/1290/1290 1289/1289/1289 1291/1291/1291
f 1294/1294/1294 1296/1296/1296 1297/1297/1297
f 1298/1298/1298 1297/1297/1297 1299/1299/1299
f 1289/1289/1289 1293/1293/1293 1291/1291/1291
f 1289/1289/1289 1286/1286/1286 1293/1293/1293
f 1286/1286/1286 1289/1289/1289 1287/1287/1287
f 1288/1288/1288 1290/1290/1290 1297/1297/1297
f 1290/1290/1290 1292/1292/1292 1299/1299/1299
f 1301/1301/1301 1298/1298/1298 1300/1300/1300
f 1295/1295/1295 1294/1294/1294 1298/1298/1298
f 1298/1298/1298 1301/1301/1301 1295/1295/1295
f 1302/1302/1302 1303/1303/1303 1286/1286/1286
f 1287/1287/1287 1305/1305/1305 1286/1286/1286
f 1304/1304/1304 1305/1305/1305 1287/1287/1287
f 1306/1306/1306 1307/1307/1307 1294/1294/1294
f 1295/1295/1295 1309/1309/1309 1294/1294/1294
f 1308/1308/1308 1309/1309/1309 1295/1295/1295
f 1314/1314/1314 1315/1315/1315 1293/1293/1293
f 1317/1317/1317 1286/1286/1286 1316/1316/1316
f 1288/1288/1288 1318/1318/1318 1287/1287/1287
f 1304/1304/1304 1287/1287/1287 1318/1318/1318
f 1319/1319/1319 1320/1320/1320 1286/1286/1286
f 1322/1322/1322 1293/1293/1293 1286/1286/1286
f 1286/1286/1286 1321/1321/1321 1322/1322/1322
f 1323/1323/1323 1324/1324/1324 1288/1288/1288
f 1296/1296/1296 1326/1326/1326 1288/1288/1288
f 1325/1325/1325 1326/1326/1326 1296/1296/1296
f 1330/1330/1330 1301/1301/1301 1329/1329/1329
f 1294/1294/1294 1334/1334/1334 1296/1296/1296
f 1333/1333/1333 1334/1334/1334 1294/1294/1294
f 1335/1335/1335 1308/1308/1308 1295/1295/1295
f 1295/1295/1295 1336/1336/1336 1337/1337/1337
f 1301/1301/1301 1338/1338/1338 1295/1295/1295
f 1339/1339/1339 1295/1295/1295 1338/1338/1338
f 1345/1345/1345 1344/1344/1344 1282/1282/1282
f 1346/1346/1346 1282/1282/1282 1283/1283/1283
f 1283/1283/1283 1347/1347/1347 1346/1346/1346
f 1349/1349/1349 1348/1348/1348 1284/1284/1284
f 1285/1285/1285 1349/1349/1349 1284/1284/1284
f 1293/1293/1293 1350/1350/1350 1291/1291/1291
f 1293/1293/1293 1351/1351/1351 1350/1350/1350
f 1353/1353/1353 1352/1352/1352 1291/1291/1291
f 1300/1300/1300 1354/1354/1354 1301/1301/1301
f 1300/1300/1300 1355/1355/1355 1354/1354/1354
f 1357/1357/1357 1356/1356/1356 1301/1301/1301
f 1359/1359/1359 1358/1358/1358 1299/1299/1299
f 1292/1292/1292 1360/1360/1360 1299/1299/1299
f 1361/1361/1361 1360/1360/1360 1292/1292/1292
f 1291/1291/1291 1362/1362/1362 1292/1292/1292
f 1291/1291/1291 1363/1363/1363 1362/1362/1362
f 1364/1364/1364 1351/1351/1351 1293/1293/1293
f 1299/1299/1299 1358/1358/1358 1300/1300/1300
f 1365/1365/1365 1300/1300/1300 1358/1358/1358
f 1366/1366/1366 1301/1301/1301 1367/1367/1367
f 1311/1311/1311 1369/1369/1369 1310/1310/1310
f 1311/1311/1311 1370/1370/1370 1369/1369/1369
f 1313/1313/1313 1372/1372/1372 1312/1312/1312
f 1371/1371/1371 1312/1312/1312 1372/1372/1372
f 1313/1313/1313 1374/1374/1374 1373/1373/1373
f 1376/1376/1376 1293/1293/1293 1315/1315/1315
f 1375/1375/1375 1293/1293/1293 1376/1376/1376
f 1378/1378/1378 1377/1377/1377 1327/1327/1327
f 1379/1379/1379 1327/1327/1327 1328/1328/1328
f 1381/1381/1381 1329/1329/1329 1301/1301/1301
f 1301/1301/1301 1382/1382/1382 1381/1381/1381
f 1384/1384/1384 1383/1383/1383 1331/1331/1331
f 1385/1385/1385 1331/1331/1331 1332/1332/1332
f 1332/1332/1332 1386/1386/1386 1385/1385/1385
f 1388/1388/1388 1387/1387/1387 1340/1340/1340
f 1389/1389/1389 1340/1340/1340 1341/1341/1341
f 1341/1341/1341 1390/1390/1390 1389/1389/1389
f 1391/1391/1391 1342/1342/1342 1392/1392/1392
f 1343/1343/1343 1392/1392/1392 1342/1342/1342
f 1395/1395/1395 1393/1393/1393 1394/1394/1394
f 1397/1397/1397 1393/1393/1393 1398/1398/1398
f 1400/1400/1400 1394/1394/1394 1393/1393/1393
f 1394/1394/1394 1400/1400/1400 1399/1399/1399
f 1403/1403/1403 1401/1401/1401 1402/1402/1402
f 1405/1405/1405 1401/1401/1401 1406/1406/1406
f 1408/1408/1408 1402/1402/1402 1401/1401/1401
f 1402/1402/1402 1408/1408/1408 1407/1407/1407
f 1409/1409/1409 1410/1410/1410 1411/1411/1411
f 1412/1412/1412 1413/1413/1413 1414/1414/1414
f 1415/1415/1415 1416/1416/1416 1417/1417/1417
f 1418/1418/1418 1419/1419/1419 1420/1420/1420
f 1421/1421/1421 1422/1422/1422 1423/1423/1423
f 1424/1424/1424 1425/1425/1425 1426/1426/1426
f 1427/1427/1427 1428/1428/1428 1429/1429/1429
f 1430/1430/1430 1431/1431/1431 1432/1432/1432
f 1433/1433/1433 1434/1434/1434 1435/1435/1435
f 1434/1434/1434 1433/1433/1433 1436/1436/1436
f 1433/1433/1433 1435/1435/1435 1437/1437/1437
f 1438/1438/1438 1437/1437/1437 1439/1439/1439
f 1438/1438/1438 1440/1440/1440 1433/1433/1433
f 1437/1437/1437 1438/1438/1438 1433/1433/1433
f 1443/1443/1443 1442/1442/1442 1444/1444/1444
f 1445/1445/1445 1444/1444/1444 1446/1446/1446
f 1449/1449/1449 1451/1451/1451 1452/1452/1452
f 1453/1453/1453 1452/1452/1452 1454/1454/1454
f 1444/1444/1444 1448/1448/1448 1446/1446/1446
f 1441/1441/1441 1448/1448/1448 1444/1444/1444
f 1441/1441/1441 1444/1444/1444 1442/1442/1442
f 1443/1443/1443 1445/1445/1445 1452/1452/1452
f 1445/1445/1445 1447/1447/1447 1454/1454/1454
f 1456/1456/1456 1453/1453/1453 1455/1455/1455
f 1450/1450/1450 1449/1449/1449 1453/1453/1453
f 1453/1453/1453 1456/1456/1456 1450/1450/1450
f 1457/1457/1457 1458/1458/1458 1441/1441/1441
f 1442/1442/1442 1460/1460/1460 1441/1441/1441
f 1459/1459/1459 1460/1460/1460 1442/1442/1442
f 1461/1461/1461 1462/1462/1462 1449/1449/1449
f 1450/1450/1450 1464/1464/1464 1449/1449/1449
f 1463/1463/1463 1464/1464/1464 1450/1450/1450
f 1469/1469/1469 1470/1470/1470 1448/1448/1448
f 1472/1472/1472 1441/1441/1441 1471/1471/1471
f 1474/1474/1474 1443/1443/1443 1451/1451/1451
f 1451/1451/1451 1473/1473/1473 1474/1474/1474
f 1475/1475/1475 1476/1476/1476 1443/1443/1443
f 1443/1443/1443 1476/1476/1476 1442/1442/1442
f 1459/1459/1459 1442/1442/1442 1476/1476/1476
f 1458/1458/1458 1471/1471/1471 1441/1441/1441
f 1469/1469/1469 1448/1448/1448 1441/1441/1441
f 1441/1441/1441 1477/1477/1477 1469/1469/1469
f 1481/1481/1481 1456/1456/1456 1480/1480/1480
f 1449/1449/1449 1484/1484/1484 1451/1451/1451
f 1462/1462/1462 1484/1484/1484 1449/1449/1449
f 1485/1485/1485 1463/1463/1463 1450/1450/1450
f 1450/1450/1450 1486/1486/1486 1487/1487/1487
f 1456/1456/1456 1488/1488/1488 1450/1450/1450
f 1486/1486/1486 1450/1450/1450 1488/1488/1488
f 1494/1494/1494 1493/1493/1493 1495/1495/1495
f 1496/1496/1496 1495/1495/1495 1497/1497/1497
f 1500/1500/1500 1502/1502/1502 1503/1503/1503
f 1504/1504/1504 1503/1503/1503 1505/1505/1505
f 1495/1495/1495 1499/1499/1499 1497/1497/1497
f 1492/1492/1492 1499/1499/1499 1495/1495/1495
f 1492/1492/1492 1495/1495/1495 1493/1493/1493
f 1494/1494/1494 1496/1496/1496 1503/1503/1503
f 1496/1496/1496 1498/1498/1498 1505/1505/1505
f 1507/1507/1507 1504/1504/1504 1506/1506/1506
f 1501/1501/1501 1500/1500/1500 1504/1504/1504
f 1504/1504/1504 1507/1507/1507 1501/1501/1501
f 1508/1508/1508 1509/1509/1509 1492/1492/1492
f 1493/1493/1493 1511/1511/1511 1492/1492/1492
f 1510/1510/1510 1511/1511/1511 1493/1493/1493
f 1512/1512/1512 1513/1513/1513 1500/1500/1500
f 1501/1501/1501 1515/1515/1515 1500/1500/1500
f 1514/1514/1514 1515/1515/1515 1501/1501/1501
f 1520/1520/1520 1521/1521/1521 1499/1499/1499
f 1523/1523/1523 1492/1492/1492 1522/1522/1522
f 1502/1502/1502 1524/1524/1524 1494/1494/1494
f 1525/1525/1525 1494/1494/1494 1524/1524/1524
f 1526/1526/1526 1527/1527/1527 1502/1502/1502
f 1494/1494/1494 1528/1528/1528 1493/1493/1493
f 1510/1510/1510 1493/1493/1493 1528/1528/1528
f 1509/1509/1509 1522/1522/1522 1492/1492/1492
f 1520/1520/1520 1499/1499/1499 1492/1492/1492
f 1492/1492/1492 1529/1529/1529 1520/1520/1520
f 1531/1531/1531 1507/1507/1507 1530/1530/1530
f 1500/1500/1500 1535/1535/1535 1502/1502/1502
f 1513/1513/1513 1535/1535/1535 1500/1500/1500
f 1536/1536/1536 1537/1537/1537 1501/1501/1501
f 1501/1501/1501 1538/1538/1538 1539/1539/1539
f 1507/1507/1507 1540/1540/1540 1501/1501/1501
f 1538/1538/1538 1501/1501/1501 1540/1540/1540
f 1448/1448/1448 1541/1541/1541 1446/1446/1446
f 1541/1541/1541 1448/1448/1448 1542/1542/1542
f 1544/1544/1544 1543/1543/1543 1446/1446/1446
f 1455/1455/1455 1545/1545/1545 1456/1456/1456
f 1545/1545/1545 1455/1455/1455 1546/1546/1546
f 1545/1545/1545 1547/1547/1547 1456/1456/1456
f 1446/1446/1446 1548/1548/1548 1447/1447/1447
f 1548/1548/1548 1446/1446/1446 1549/1549/1549
f 1447/1447/1447 1550/1550/1550 1454/1454/1454
f 1447/1447/1447 1548/1548/1548 1550/1550/1550
f 1552/1552/1552 1551/1551/1551 1454/1454/1454
f 1554/1554/1554 1553/1553/1553 1448/1448/1448
f 1556/1556/1556 1455/1455/1455 1454/1454/1454
f 1555/1555/1555 1455/1455/1455 1556/1556/1556
f 1557/1557/1557 1456/1456/1456 1558/1558/1558
f 1466/1466/1466 1560/1560/1560 1465/1465/1465
f 1559/1559/1559 1465/1465/1465 1560/1560/1560
f 1466/1466/1466 1562/1562/1562 1561/1561/1561
f 1563/1563/1563 1468/1468/1468 1564/1564/1564
f 1468/1468/1468 1566/1566/1566 1467/1467/1467
f 1565/1565/1565 1448/1448/1448 1470/1470/1470
f 1567/1567/1567 1448/1448/1448 1565/1565/1565
f 1569/1569/1569 1568/1568/1568 1478/1478/1478
f 1570/1570/1570 1478/1478/1478 1479/1479/1479
f 1572/1572/1572 1480/1480/1480 1456/1456/1456
f 1456/1456/1456 1573/1573/1573 1572/1572/1572
f 1575/1575/1575 1574/1574/1574 1482/1482/1482
f 1576/1576/1576 1482/1482/1482 1483/1483/1483
f 1483/1483/1483 1577/1577/1577 1576/1576/1576
f 1579/1579/1579 1578/1578/1578 1490/1490/1490
f 1580/1580/1580 1490/1490/1490 1489/1489/1489
f 1489/1489/1489 1581/1581/1581 1580/1580/1580
f 1578/1578/1578 1582/1582/1582 1491/1491/1491
f 1491/1491/1491 1490/1490/1490 1578/1578/1578
f 1499/1499/1499 1583/1583/1583 1497/1497/1497
f 1583/1583/1583 1499/1499/1499 1584/1584/1584
f 1586/1586/1586 1585/1585/1585 1497/1497/1497
f 1506/1506/1506 1587/1587/1587 1507/1507/1507
f 1587/1587/1587 1506/1506/1506 1588/1588/1588
f 1590/1590/1590 1589/1589/1589 1507/1507/1507
f 1497/1497/1497 1591/1591/1591 1498/1498/1498
f 1591/1591/1591 1497/1497/1497 1592/1592/1592
f 1498/1498/1498 1593/1593/1593 1505/1505/1505
f 1498/1498/1498 1594/1594/1594 1593/1593/1593
f 1593/1593/1593 1595/1595/1595 1505/1505/1505
f 1596/1596/1596 1584/1584/1584 1499/1499/1499
f 1505/1505/1505 1598/1598/1598 1506/1506/1506
f 1597/1597/1597 1506/1506/1506 1598/1598/1598
f 1599/1599/1599 1507/1507/1507 1589/1589/1589
f 1517/1517/1517 1601/1601/1601 1516/1516/1516
f 1600/1600/1600 1516/1516/1516 1601/1601/1601
f 1517/1517/1517 1603/1603/1603 1602/1602/1602
f 1604/1604/1604 1519/1519/1519 1600/1600/1600
f 1519/1519/1519 1606/1606/1606 1518/1518/1518
f 1605/1605/1605 1499/1499/1499 1521/1521/1521
f 1607/1607/1607 1499/1499/1499 1605/1605/1605
f 1608/1608/1608 1530/1530/1530 1507/1507/1507
f 1507/1507/1507 1609/1609/1609 1608/1608/1608
f 1611/1611/1611 1610/1610/1610 1532/1532/1532
f 1530/1530/1530 1612/1612/1612 1532/1532/1532
f 1615/1615/1615 1614/1614/1614 1533/1533/1533
f 1617/1617/1617 1533/1533/1533 1534/1534/1534
f 1534/1534/1534 1616/1616/1616 1617/1617/1617
f 1624/1624/1624 1623/1623/1623 1625/1625/1625
f 1626/1626/1626 1625/1625/1625 1627/1627/1627
f 1630/1630/1630 1632/1632/1632 1633/1633/1633
f 1634/1634/1634 1633/1633/1633 1635/1635/1635
f 1625/1625/1625 1629/1629/1629 1627/1627/1627
f 1625/1625/1625 1622/1622/1622 1629/1629/1629
f 1622/1622/1622 1625/1625/1625 1623/1623/1623
f 1624/1624/1624 1626/1626/1626 1633/1633/1633
f 1626/1626/1626 1628/1628/1628 1635/1635/1635
f 1637/1637/1637 1634/1634/1634 1636/1636/1636
f 1631/1631/1631 1630/1630/1630 1634/1634/1634
f 1634/1634/1634 1637/1637/1637 1631/1631/1631
f 1638/1638/1638 1639/1639/1639 1622/1622/1622
f 1623/1623/1623 1641/1641/1641 1622/1622/1622
f 1640/1640/1640 1641/1641/1641 1623/1623/1623
f 1642/1642/1642 1643/1643/1643 1630/1630/1630
f 1631/1631/1631 1645/1645/1645 1630/1630/1630
f 1644/1644/1644 1645/1645/1645 1631/1631/1631
f 1650/1650/1650 1651/1651/1651 1629/1629/1629
f 1653/1653/1653 1622/1622/1622 1652/1652/1652
f 1624/1624/1624 1654/1654/1654 1623/1623/1623
f 1640/1640/1640 1623/1623/1623 1654/1654/1654
f 1655/1655/1655 1656/1656/1656 1622/1622/1622
f 1658/1658/1658 1629/1629/1629 1622/1622/1622
f 1622/1622/1622 1657/1657/1657 1658/1658/1658
f 1659/1659/1659 1660/1660/1660 1624/1624/1624
f 1632/1632/1632 1662/1662/1662 1624/1624/1624
f 1661/1661/1661 1662/1662/1662 1632/1632/1632
f 1666/1666/1666 1637/1637/1637 1665/1665/1665
f 1630/1630/1630 1670/1670/1670 1632/1632/1632
f 1669/1669/1669 1670/1670/1670 1630/1630/1630
f 1671/1671/1671 1644/1644/1644 1631/1631/1631
f 1631/1631/1631 1672/1672/1672 1673/1673/1673
f 1637/1637/1637 1674/1674/1674 1631/1631/1631
f 1675/1675/1675 1631/1631/1631 1674/1674/1674
f 1681/1681/1681 1680/1680/1680 1618/1618/1618
f 1682/1682/1682 1618/1618/1618 1619/1619/1619
f 1619/1619/1619 1683/1683/1683 1682/1682/1682
f 1685/1685/1685 1684/1684/1684 1620/1620/1620
f 1621/1621/1621 1685/1685/1685 1620/1620/1620
f 1629/1629/1629 1686/1686/1686 1627/1627/1627
f 1629/1629/1629 1687/1687/1687 1686/1686/1686
f 1689/1689/1689 1688/1688/1688 1627/1627/1627
f 1636/1636/1636 1690/1690/1690 1637/1637/1637
f 1636/1636/1636 1691/1691/1691 1690/1690/1690
f 1693/1693/1693 1692/1692/1692 1637/1637/1637
f 1695/1695/1695 1694/1694/1694 1635/1635/1635
f 1628/1628/1628 1696/1696/1696 1635/1635/1635
f 1697/1697/1697 1696/1696/1696 1628/1628/1628
f 1627/1627/1627 1698/1698/1698 1628/1628/1628
f 1627/1627/1627 1699/1699/1699 1698/1698/1698
f 1700/1700/1700 1687/1687/1687 1629/1629/1629
f 1635/1635/1635 1694/1694/1694 1636/1636/1636
f 1701/1701/1701 1636/1636/1636 1694/1694/1694
f 1702/1702/1702 1637/1637/1637 1703/1703/1703
f 1647/1647/1647 1705/1705/1705 1646/1646/1646
f 1647/1647/1647 1706/1706/1706 1705/1705/1705
f 1649/1649/1649 1708/1708/1708 1648/1648/1648
f 1707/1707/1707 1648/1648/1648 1708/1708/1708
f 1649/1649/1649 1710/1710/1710 1709/1709/1709
f 1712/1712/1712 1629/1629/1629 1651/1651/1651
f 1711/1711/1711 1629/1629/1629 1712/1712/1712
f 1714/1714/1714 1713/1713/1713 1663/1663/1663
f 1715/1715/1715 1663/1663/1663 1664/1664/1664
f 1717/1717/1717 1665/1665/1665 1637/1637/1637
f 1637/1637/1637 1718/1718/1718 1717/1717/1717
f 1720/1720/1720 1719/1719/1719 1667/1667/1667
f 1721/1721/1721 1667/1667/1667 1668/1668/1668
f 1668/1668/1668 1722/1722/1722 1721/1721/1721
f 1724/1724/1724 1723/1723/1723 1676/1676/1676
f 1725/1725/1725 1676/1676/1676 1677/1677/1677
f 1677/1677/1677 1726/1726/1726 1725/1725/1725
f 1727/1727/1727 1678/1678/1678 1728/1728/1728
f 1679/1679/1679 1728/1728/1728 1678/1678/1678
f 1731/1731/1731 1729/1729/1729 1730/1730/1730
f 1733/1733/1733 1729/1729/1729 1734/1734/1734
f 1736/1736/1736 1730/1730/1730 1729/1729/1729
f 1730/1730/1730 1736/1736/1736 1735/1735/1735
f 1739/1739/1739 1737/1737/1737 1738/1738/1738
f 1741/1741/1741 1737/1737/1737 1742/1742/1742
f 1744/1744/1744 1738/1738/1738 1737/1737/1737
f 1738/1738/1738 1744/1744/1744 1743/1743/1743
f 1745/1745/1745 1746/1746/1746 1747/1747/1747
f 1748/1748/1748 1749/1749/1749 1750/1750/1750
f 1751/1751/1751 1752/1752/1752 1753/1753/1753
f 1754/1754/1754 1755/1755/1755 1756/1756/1756
f 1757/1757/1757 1758/1758/1758 1759/1759/1759
f 1760/1760/1760 1761/1761/1761 1762/1762/1762
f 1763/1763/1763 1764/1764/1764 1765/1765/1765
f 1766/1766/1766 1767/1767/1767 1768/1768/1768
f 1769/1769/1769 1770/1770/1770 1771/1771/1771
f 1770/1770/1770 1769/1769/1769 1772/1772/1772
f 1769/1769/1769 1771/1771/1771 1773/1773/1773
f 1774/1774/1774 1773/1773/1773 1775/1775/1775
f 1774/1774/1774 1776/1776/1776 1769/1769/1769
f 1773/1773/1773 1774/1774/1774 1769/1769/1769
f 1779/1779/1779 1778/1778/1778 1780/1780/1780
f 1781/1781/1781 1780/1780/1780 1782/1782/1782
f 1785/1785/1785 1787/1787/1787 1788/1788/1788
f 1789/1789/1789 1788/1788/1788 1790/1790/1790
f 1780/1780/1780 1784/1784/1784 1782/1782/1782
f 1777/1777/1777 1784/1784/1784 1780/1780/1780
f 1777/1777/1777 1780/1780/1780 1778/1778/1778
f 1779/1779/1779 1781/1781/1781 1788/1788/1788
f 1781/1781/1781 1783/1783/1783 1790/1790/1790
f 1792/1792/1792 1789/1789/1789 1791/1791/1791
f 1786/1786/1786 1785/1785/1785 1789/1789/1789
f 1789/1789/1789 1792/1792/1792 1786/1786/1786
f 1793/1793/1793 1794/1794/1794 1777/1777/1777
f 1778/1778/1778 1796/1796/1796 1777/1777/1777
f 1795/1795/1795 1796/1796/1796 1778/1778/1778
f 1797/1797/1797 1798/1798/1798 1785/1785/1785
f 1786/1786/1786 1800/1800/1800 1785/1785/1785
f 1799/1799/1799 1800/1800/1800 1786/1786/1786
f 1805/1805/1805 1806/1806/1806 1784/1784/1784
f 1808/1808/1808 1777/1777/1777 1807/1807/1807
f 1810/1810/1810 1779/1779/1779 1787/1787/1787
f 1787/1787/1787 1809/1809/1809 1810/1810/1810
f 1811/1811/1811 1812/1812/1812 1779/1779/1779
f 1779/1779/1779 1812/1812/1812 1778/1778/1778
f 1795/1795/1795 1778/1778/1778 1812/1812/1812
f 1794/1794/1794 1807/1807/1807 1777/1777/1777
f 1805/1805/1805 1784/1784/1784 1777/1777/1777
f 1777/1777/1777 1813/1813/1813 1805/1805/1805
f 1817/1817/1817 1792/1792/1792 1816/1816/1816
f 1785/1785/1785 1820/1820/1820 1787/1787/1787
f 1798/1798/1798 1820/1820/1820 1785/1785/1785
f 1821/1821/1821 1799/1799/1799 1786/1786/1786
f 1786/1786/1786 1822/1822/1822 1823/1823/1823
f 1792/1792/1792 1824/1824/1824 1786/1786/1786
f 1822/1822/1822 1786/1786/1786 1824/1824/1824
f 1830/1830/1830 1829/1829/1829 1831/1831/1831
f 1832/1832/1832 1831/1831/1831 1833/1833/1833
f 1836/1836/1836 1838/1838/1838 1839/1839/1839
f 1840/1840/1840 1839/1839/1839 1841/1841/1841
f 1831/1831/1831 1835/1835/1835 1833/1833/1833
f 1828/1828/1828 1835/1835/1835 1831/1831/1831
f 1828/1828/1828 1831/1831/1831 1829/1829/1829
f 1830/1830/1830 1832/1832/1832 1839/1839/1839
f 1832/1832/1832 1834/1834/1834 1841/1841/1841
f 1843/1843/1843 1840/1840/1840 1842/1842/1842
f 1837/1837/1837 1836/1836/1836 1840/1840/1840
f 1840/1840/1840 1843/1843/1843 1837/1837/1837
f 1844/1844/1844 1845/1845/1845 1828/1828/1828
f 1829/1829/1829 1847/1847/1847 1828/1828/1828
f 1846/1846/1846 1847/1847/1847 1829/1829/1829
f 1848/1848/1848 1849/1849/1849 1836/1836/1836
f 1837/1837/1837 1851/1851/1851 1836/1836/1836
f 1850/1850/1850 1851/1851/1851 1837/1837/1837
f 1856/1856/1856 1857/1857/1857 1835/1835/1835
f 1859/1859/1859 1828/1828/1828 1858/1858/1858
f 1838/1838/1838 1860/1860/1860 1830/1830/1830
f 1861/1861/1861 1830/1830/1830 1860/1860/1860
f 1862/1862/1862 1863/1863/1863 1838/1838/1838
f 1830/1830/1830 1864/1864/1864 1829/1829/1829
f 1846/1846/1846 1829/1829/1829 1864/1864/1864
f 1845/1845/1845 1858/1858/1858 1828/1828/1828
f 1856/1856/1856 1835/1835/1835 1828/1828/1828
f 1828/1828/1828 1865/1865/1865 1856/1856/1856
f 1867/1867/1867 1843/1843/1843 1866/1866/1866
f 1836/1836/1836 1871/1871/1871 1838/1838/1838
f 1849/1849/1849 1871/1871/1871 1836/1836/1836
f 1872/1872/1872 1873/1873/1873 1837/1837/1837
f 1837/1837/1837 1874/1874/1874 1875/1875/1875
f 1843/1843/1843 1876/1876/1876 1837/1837/1837
f 1874/1874/1874 1837/1837/1837 1876/1876/1876
f 1784/1784/1784 1877/1877/1877 1782/1782/1782
f 1877/1877/1877 1784/1784/1784 1878/1878/1878
f 1880/1880/1880 1879/1879/1879 1782/1782/1782
f 1791/1791/1791 1881/1881/1881 1792/1792/1792
f 1881/1881/1881 1791/1791/1791 1882/1882/1882
f 1881/1881/1881 1883/1883/1883 1792/1792/1792
f 1782/1782/1782 1884/1884/1884 1783/1783/1783
f 1884/1884/1884 1782/1782/1782 1885/1885/1885
f 1783/1783/1783 1886/1886/1886 1790/1790/1790
f 1783/1783/1783 1884/1884/1884 1886/1886/1886
f 1888/1888/1888 1887/1887/1887 1790/1790/1790
f 1890/1890/1890 1889/1889/1889 1784/1784/1784
f 1892/1892/1892 1791/1791/1791 1790/1790/1790
f 1891/1891/1891 1791/1791/1791 1892/1892/1892
f 1893/1893/1893 1792/1792/1792 1894/1894/1894
f 1802/1802/1802 1896/1896/1896 1801/1801/1801
f 1895/1895/1895 1801/1801/1801 1896/1896/1896
f 1802/1802/1802 1898/1898/1898 1897/1897/1897
f 1899/1899/1899 1804/1804/1804 1900/1900/1900
f 1804/1804/1804 1902/1902/1902 1803/1803/1803
f 1901/1901/1901 1784/1784/1784 1806/1806/1806
f 1903/1903/1903 1784/1784/1784 1901/1901/1901
f 1905/1905/1905 1904/1904/1904 1814/1814/1814
f 1906/1906/1906 1814/1814/1814 1815/1815/1815
f 1908/1908/1908 1816/1816/1816 1792/1792/1792
f 1792/1792/1792 1909/1909/1909 1908/1908/1908
f 1911/1911/1911 1910/1910/1910 1818/1818/1818
f 1912/1912/1912 1818/1818/1818 1819/1819/1819
f 1819/1819/1819 1913/1913/1913 1912/1912/1912
f 1915/1915/1915 1914/1914/1914 1826/1826/1826
f 1916/1916/1916 1826/1826/1826 1825/1825/1825
f 1825/1825/1825 1917/1917/1917 1916/1916/1916
f 1914/1914/1914 1918/1918/1918 1827/1827/1827
f 1827/1827/1827 1826/1826/1826 1914/1914/1914
f 1835/1835/1835 1919/1919/1919 1833/1833/1833
f 1919/1919/1919 1835/1835/1835 1920/1920/1920
f 1922/1922/1922 1921/1921/1921 1833/1833/1833
f 1842/1842/1842 1923/1923/1923 1843/1843/1843
f 1923/1923/1923 1842/1842/1842 1924/1924/1924
f 1926/1926/1926 1925/1925/1925 1843/1843/1843
f 1833/1833/1833 1927/1927/1927 1834/1834/1834
f 1927/1927/1927 1833/1833/1833 1928/1928/1928
f 1834/1834/1834 1929/1929/1929 1841/1841/1841
f 1834/1834/1834 1930/1930/1930 1929/1929/1929
f 1929/1929/1929 1931/1931/1931 1841/1841/1841
f 1932/1932/1932 1920/1920/1920 1835/1835/1835
f 1841/1841/1841 1934/1934/1934 1842/1842/1842
f 1933/1933/1933 1842/1842/1842 1934/1934/1934
f 1935/1935/1935 1843/1843/1843 1925/1925/1925
f 1853/1853/1853 1937/1937/1937 1852/1852/1852
f 1936/1936/1936 1852/1852/1852 1937/1937/1937
f 1853/1853/1853 1939/1939/1939 1938/1938/1938
f 1940/1940/1940 1855/1855/1855 1936/1936/1936
f 1855/1855/1855 1942/1942/1942 1854/1854/1854
f 1941/1941/1941 1835/1835/1835 1857/1857/1857
f 1943/1943/1943 1835/1835/1835 1941/1941/1941
f 1944/1944/1944 1866/1866/1866 1843/1843/1843
f 1843/1843/1843 1945/1945/1945 1944/1944/1944
f 1947/1947/1947 1946/1946/1946 1868/1868/1868
f 1866/1866/1866 1948/1948/1948 1868/1868/1868
f 1951/1951/1951 1950/1950/1950 1869/1869/1869
f 1953/1953/1953 1869/1869/1869 1870/1870/1870
f 1870/1870/1870 1952/1952/1952 1953/1953/1953
f 1960/1960/1960 1959/1959/1959 1961/1961/1961
f 1962/1962/1962 1961/1961/1961 1963/1963/1963
f 1966/1966/1966 1968/1968/1968 1969/1969/1969
f 1970/1970/1970 1969/1969/1969 1971/1971/1971
f 1961/1961/1961 1965/1965/1965 1963/1963/1963
f 1961/1961/1961 1958/1958/1958 1965/1965/1965
f 1958/1958/1958 1961/1961/1961 1959/1959/1959
f 1960/1960/1960 1962/1962/1962 1969/1969/1969
f 1962/1962/1962 1964/1964/1964 1971/1971/1971
f 1973/1973/1973 1970/1970/1970 1972/1972/1972
f 1967/1967/1967 1966/1966/1966 1970/1970/1970
f 1970/1970/1970 1973/1973/1973 1967/1967/1967
f 1974/1974/1974 1975/1975/1975 1958/1958/1958
f 1959/1959/1959 1977/1977/1977 1958/1958/1958
f 1976/1976/1976 1977/1977/1977 1959/1959/1959
f 1978/1978/1978 1979/1979/1979 1966/1966/1966
f 1967/1967/1967 1981/1981/1981 1966/1966/1966
f 1980/1980/1980 1981/1981/1981 1967/1967/1967
f 1986/1986/1986 1987/1987/1987 1965/1965/1965
f 1989/1989/1989 1958/1958/1958 1988/1988/1988
f 1960/1960/1960 1990/1990/1990 1959/1959/1959
f 1976/1976/1976 1959/1959/1959 1990/1990/1990
f 1991/1991/1991 1992/1992/1992 1958/1958/1958
f 1994/1994/1994 1965/1965/1965 1958/1958/1958
f 1958/1958/1958 1993/1993/1993 1994/1994/1994
f 1995/1995/1995 1996/1996/1996 1960/1960/1960
f 1968/1968/1968 1998/1998/1998 1960/1960/1960
f 1997/1997/1997 1998/1998/1998 1968/1968/1968
f 2002/2002/2002 1973/1973/1973 2001/2001/2001
f 1966/1966/1966 2006/2006/2006 1968/1968/1968
f 2005/2005/2005 2006/2006/2006 1966/1966/1966
f 2007/2007/2007 1980/1980/1980 1967/1967/1967
f 1967/1967/1967 2008/2008/2008 2009/2009/2009
f 1973/1973/1973 2010/2010/2010 1967/1967/1967
f 2011/2011/2011 1967/1967/1967 2010/2010/2010
f 2017/2017/2017 2016/2016/2016 1954/1954/1954
f 2018/2018/2018 1954/1954/1954 1955/1955/1955
f 1955/1955/1955 2019/2019/2019 2018/2018/2018
f 2021/2021/2021 2020/2020/2020 1956/1956/1956
f 1957/1957/1957 2021/2021/2021 1956/1956/1956
f 1965/1965/1965 2022/2022/2022 1963/1963/1963
f 1965/1965/1965 2023/2023/2023 2022/2022/2022
f 2025/2025/2025 2024/2024/2024 1963/1963/1963
f 1972/1972/1972 2026/2026/2026 1973/1973/1973
f 1972/1972/1972 2027/2027/2027 2026/2026/2026
f 2029/2029/2029 2028/2028/2028 1973/1973/1973
f 2031/2031/2031 2030/2030/2030 1971/1971/1971
f 1964/1964/1964 2032/2032/2032 1971/1971/1971
f 2033/2033/2033 2032/2032/2032 1964/1964/1964
f 1963/1963/1963 2034/2034/2034 1964/1964/1964
f 1963/1963/1963 2035/2035/2035 2034/2034/2034
f 2036/2036/2036 2023/2023/2023 1965/1965/1965
f 1971/1971/1971 2030/2030/2030 1972/1972/1972
f 2037/2037/2037 1972/1972/1972 2030/2030/2030
f 2038/2038/2038 1973/1973/1973 2039/2039/2039
f 1983/1983/1983 2041/2041/2041 1982/1982/1982
f 1983/1983/1983 2042/2042/2042 2041/2041/2041
f 1985/1985/1985 2044/2044/2044 1984/1984/1984
f 2043/2043/2043 1984/1984/1984 2044/2044/2044
f 1985/1985/1985 2046/2046/2046 2045/2045/2045
f 2048/2048/2048 1965/1965/1965 1987/1987/1987
f 2047/2047/2047 1965/1965/1965 2048/2048/2048
f 2050/2050/2050 2049/2049/2049 1999/1999/1999
f 2051/2051/2051 1999/1999/1999 2000/2000/2000
f 2053/2053/2053 2001/2001/2001 1973/1973/1973
f 1973/1973/1973 2054/2054/2054 2053/2053/2053
f 2056/2056/2056 2055/2055/2055 2003/2003/2003
f 2057/2057/2057 2003/2003/2003 2004/2004/2004
f 2004/2004/2004 2058/2058/2058 2057/2057/2057
f 2060/2060/2060 2059/2059/2059 2012/2012/2012
f 2061/2061/2061 2012/2012/2012 2013/2013/2013
f 2013/2013/2013 2062/2062/2062 2061/2061/2061
f 2063/2063/2063 2014/2014/2014 2064/2064/2064
f 2015/2015/2015 2064/2064/2064 2014/2014/2014
f 2067/2067/2067 2065/2065/2065 2066/2066/2066
f 2069/2069/2069 2065/2065/2065 2070/2070/2070
f 2072/2072/2072 2066/2066/2066 2065/2065/2065
f 2066/2066/2066 2072/2072/2072 2071/2071/2071
f 2075/2075/2075 2073/2073/2073 2074/2074/2074
f 2077/2077/2077 2073/2073/2073 2078/2078/2078
f 2080/2080/2080 2074/2074/2074 2073/2073/2073
f 2074/2074/2074 2080/2080/2080 2079/2079/2079
f 2081/2081/2081 2082/2082/2082 2083/2083/2083
f 2084/2084/2084 2085/2085/2085 2086/2086/2086
f 2087/2087/2087 2088/2088/2088 2089/2089/2089
f 2090/2090/2090 2091/2091/2091 2092/2092/2092
f 2093/2093/2093 2094/2094/2094 2095/2095/2095
f 2096/2096/2096 2097/2097/2097 2098/2098/2098
f 2099/2099/2099 2100/2100/2100 2101/2101/2101
f 2102/2102/2102 2103/2103/2103 2104/2104/2104
f 2105/2105/2105 2106/2106/2106 2107/2107/2107
f 2106/2106/2106 2105/2105/2105 2108/2108/2108
f 2105/2105/2105 2107/2107/2107 2109/2109/2109
f 2110/2110/2110 2109/2109/2109 2111/2111/2111
f 2110/2110/2110 2112/2112/2112 2105/2105/2105
f 2109/2109/2109 2110/2110/2110 2105/2105/2105
f 2115/2115/2115 2114/2114/2114 2116/2116/2116
f 2117/2117/2117 2116/2116/2116 2118/2118/2118
f 2121/2121/2121 2123/2123/2123 2124/2124/2124
f 2125/2125/2125 2124/2124/2124 2126/2126/2126
f 2116/2116/2116 2120/2120/2120 2118/2118/2118
f 2113/2113/2113 2120/2120/2120 2116/2116/2116
f 2113/2113/2113 2116/2116/2116 2114/2114/2114
f 2115/2115/2115 2117/2117/2117 2124/2124/2124
f 2117/2117/2117 2119/2119/2119 2126/2126/2126
f 2128/2128/2128 2125/2125/2125 2127/2127/2127
f 2122/2122/2122 2121/2121/2121 2125/2125/2125
f 2125/2125/2125 2128/2128/2128 2122/2122/2122
f 2129/2129/2129 2130/2130/2130 2113/2113/2113
f 2114/2114/2114 2132/2132/2132 2113/2113/2113
f 2131/2131/2131 2132/2132/2132 2114/2114/2114
f 2133/2133/2133 2134/2134/2134 2121/2121/2121
f 2122/2122/2122 2136/2136/2136 2121/2121/2121
f 2135/2135/2135 2136/2136/2136 2122/2122/2122
f 2141/2141/2141 2142/2142/2142 2120/2120/2120
f 2144/2144/2144 2113/2113/2113 2143/2143/2143
f 2146/2146/2146 2115/2115/2115 2123/2123/2123
f 2123/2123/2123 2145/2145/2145 2146/2146/2146
f 2147/2147/2147 2148/2148/2148 2115/2115/2115
f 2115/2115/2115 2148/2148/2148 2114/2114/2114
f 2131/2131/2131 2114/2114/2114 2148/2148/2148
f 2130/2130/2130 2143/2143/2143 2113/2113/2113
f 2141/2141/2141 2120/2120/2120 2113/2113/2113
f 2113/2113/2113 2149/2149/2149 2141/2141/2141
f 2153/2153/2153 2128/2128/2128 2152/2152/2152
f 2121/2121/2121 2156/2156/2156 2123/2123/2123
f 2134/2134/2134 2156/2156/2156 2121/2121/2121
f 2157/2157/2157 2135/2135/2135 2122/2122/2122
f 2122/2122/2122 2158/2158/2158 2159/2159/2159
f 2128/2128/2128 2160/2160/2160 2122/2122/2122
f 2158/2158/2158 2122/2122/2122 2160/2160/2160
f 2166/2166/2166 2165/2165/2165 2167/2167/2167
f 2168/2168/2168 2167/2167/2167 2169/2169/2169
f 2172/2172/2172 2174/2174/2174 2175/2175/2175
f 2176/2176/2176 2175/2175/2175 2177/2177/2177
f 2167/2167/2167 2171/2171/2171 2169/2169/2169
f 2164/2164/2164 2171/2171/2171 2167/2167/2167
f 2164/2164/2164 2167/2167/2167 2165/2165/2165
f 2166/2166/2166 2168/2168/2168 2175/2175/2175
f 2168/2168/2168 2170/2170/2170 2177/2177/2177
f 2179/2179/2179 2176/2176/2176 2178/2178/2178
f 2173/2173/2173 2172/2172/2172 2176/2176/2176
f 2176/2176/2176 2179/2179/2179 2173/2173/2173
f 2180/2180/2180 2181/2181/2181 2164/2164/2164
f 2165/2165/2165 2183/2183/2183 2164/2164/2164
f 2182/2182/2182 2183/2183/2183 2165/2165/2165
f 2184/2184/2184 2185/2185/2185 2172/2172/2172
f 2173/2173/2173 2187/2187/2187 2172/2172/2172
f 2186/2186/2186 2187/2187/2187 2173/2173/2173
f 2192/2192/2192 2193/2193/2193 2171/2171/2171
f 2195/2195/2195 2164/2164/2164 2194/2194/2194
f 2174/2174/2174 2196/2196/2196 2166/2166/2166
f 2197/2197/2197 2166/2166/2166 2196/2196/2196
f 2198/2198/2198 2199/2199/2199 2174/2174/2174
f 2166/2166/2166 2200/2200/2200 2165/2165/2165
f 2182/2182/2182 2165/2165/2165 2200/2200/2200
f 2181/2181/2181 2194/2194/2194 2164/2164/2164
f 2192/2192/2192 2171/2171/2171 2164/2164/2164
f 2164/2164/2164 2201/2201/2201 2192/2192/2192
f 2203/2203/2203 2179/2179/2179 2202/2202/2202
f 2172/2172/2172 2207/2207/2207 2174/2174/2174
f 2185/2185/2185 2207/2207/2207 2172/2172/2172
f 2208/2208/2208 2209/2209/2209 2173/2173/2173
f 2173/2173/2173 2210/2210/2210 2211/2211/2211
f 2179/2179/2179 2212/2212/2212 2173/2173/2173
f 2210/2210/2210 2173/2173/2173 2212/2212/2212
f 2120/2120/2120 2213/2213/2213 2118/2118/2118
f 2213/2213/2213 2120/2120/2120 2214/2214/2214
f 2216/2216/2216 2215/2215/2215 2118/2118/2118
f 2127/2127/2127 2217/2217/2217 2128/2128/2128
f 2217/2217/2217 2127/2127/2127 2218/2218/2218
f 2217/2217/2217 2219/2219/2219 2128/2128/2128
f 2118/2118/2118 2220/2220/2220 2119/2119/2119
f 2220/2220/2220 2118/2118/2118 2221/2221/2221
f 2119/2119/2119 2222/2222/2222 2126/2126/2126
f 2119/2119/2119 2220/2220/2220 2222/2222/2222
f 2224/2224/2224 2223/2223/2223 2126/2126/2126
f 2226/2226/2226 2225/2225/2225 2120/2120/2120
f 2228/2228/2228 2127/2127/2127 2126/2126/2126
f 2227/2227/2227 2127/2127/2127 2228/2228/2228
f 2229/2229/2229 2128/2128/2128 2230/2230/2230
f 2138/2138/2138 2232/2232/2232 2137/2137/2137
f 2231/2231/2231 2137/2137/2137 2232/2232/2232
f 2138/2138/2138 2234/2234/2234 2233/2233/2233
f 2235/2235/2235 2140/2140/2140 2236/2236/2236
f 2140/2140/2140 2238/2238/2238 2139/2139/2139
f 2237/2237/2237 2120/2120/2120 2142/2142/2142
f 2239/2239/2239 2120/2120/2120 2237/2237/2237
f 2241/2241/2241 2240/2240/2240 2150/2150/2150
f 2242/2242/2242 2150/2150/2150 2151/2151/2151
f 2244/2244/2244 2152/2152/2152 2128/2128/2128
f 2128/2128/2128 2245/2245/2245 2244/2244/2244
f 2247/2247/2247 2246/2246/2246 2154/2154/2154
f 2248/2248/2248 2154/2154/2154 2155/2155/2155
f 2155/2155/2155 2249/2249/2249 2248/2248/2248
f 2251/2251/2251 2250/2250/2250 2162/2162/2162
f 2252/2252/2252 2162/2162/2162 2161/2161/2161
f 2161/2161/2161 2253/2253/2253 2252/2252/2252
f 2250/2250/2250 2254/2254/2254 2163/2163/2163
f 2163/2163/2163 2162/2162/2162 2250/2250/2250
f 2171/2171/2171 2255/2255/2255 2169/2169/2169
f 2255/2255/2255 2171/2171/2171 2256/2256/2256
f 2258/2258/2258 2257/2257/2257 2169/2169/2169
f 2178/2178/2178 2259/2259/2259 2179/2179/2179
f 2259/2259/2259 2178/2178/2178 2260/2260/2260
f 2262/2262/2262 2261/2261/2261 2179/2179/2179
f 2169/2169/2169 2263/2263/2263 2170/2170/2170
f 2263/2263/2263 2169/2169/2169 2264/2264/2264
f 2170/2170/2170 2265/2265/2265 2177/2177/2177
f 2170/2170/2170 2266/2266/2266 2265/2265/2265
f 2265/2265/2265 2267/2267/2267 2177/2177/2177
f 2268/2268/2268 2256/2256/2256 2171/2171/2171
f 2177/2177/2177 2270/2270/2270 2178/2178/2178
f 2269/2269/2269 2178/2178/2178 2270/2270/2270
f 2271/2271/2271 2179/2179/2179 2261/2261/2261
f 2189/2189/2189 2273/2273/2273 2188/2188/2188
f 2272/2272/2272 2188/2188/2188 2273/2273/2273
f 2189/2189/2189 2275/2275/2275 2274/2274/2274
f 2276/2276/2276 2191/2191/2191 2272/2272/2272
f 2191/2191/2191 2278/2278/2278 2190/2190/2190
f 2277/2277/2277 2171/2171/2171 2193/2193/2193
f 2279/2279/2279 2171/2171/2171 2277/2277/2277
f 2280/2280/2280 2202/2202/2202 2179/2179/2179
f 2179/2179/2179 2281/2281/2281 2280/2280/2280
f 2283/2283/2283 2282/2282/2282 2204/2204/2204
f 2202/2202/2202 2284/2284/2284 2204/2204/2204
f 2287/2287/2287 2286/2286/2286 2205/2205/2205
f 2289/2289/2289 2205/2205/2205 2206/2206/2206
f 2206/2206/2206 2288/2288/2288 2289/2289/2289
f 2296/2296/2296 2295/2295/2295 2297/2297/2297
f 2298/2298/2298 2297/2297/2297 2299/2299/2299
f 2302/2302/2302 2304/2304/2304 2305/2305/2305
f 2306/2306/2306 2305/2305/2305 2307/2307/2307
f 2297/2297/2297 2301/2301/2301 2299/2299/2299
f 2297/2297/2297 2294/2294/2294 2301/2301/2301
f 2294/2294/2294 2297/2297/2297 2295/2295/2295
f 2296/2296/2296 2298/2298/2298 2305/2305/2305
f 2298/2298/2298 2300/2300/2300 2307/2307/2307
f 2309/2309/2309 2306/2306/2306 2308/2308/2308
f 2303/2303/2303 2302/2302/2302 2306/2306/2306
f 2306/2306/2306 2309/2309/2309 2303/2303/2303
f 2310/2310/2310 2311/2311/2311 2294/2294/2294
f 2295/2295/2295 2313/2313/2313 2294/2294/2294
f 2312/2312/2312 2313/2313/2313 2295/2295/2295
f 2314/2314/2314 2315/2315/2315 2302/2302/2302
f 2303/2303/2303 2317/2317/2317 2302/2302/2302
f 2316/2316/2316 2317/2317/2317 2303/2303/2303
f 2322/2322/2322 2323/2323/2323 2301/2301/2301
f 2325/2325/2325 2294/2294/2294 2324/2324/2324
f 2296/2296/2296 2326/2326/2326 2295/2295/2295
f 2312/2312/2312 2295/2295/2295 2326/2326/2326
f 2327/2327/2327 2328/2328/2328 2294/2294/2294
f 2330/2330/2330 2301/2301/2301 2294/2294/2294
f 2294/2294/2294 2329/2329/2329 2330/2330/2330
f 2331/2331/2331 2332/2332/2332 2296/2296/2296
f 2304/2304/2304 2334/2334/2334 2296/2296/2296
f 2333/2333/2333 2334/2334/2334 2304/2304/2304
f 2338/2338/2338 2309/2309/2309 2337/2337/2337
f 2302/2302/2302 2342/2342/2342 2304/2304/2304
f 2341/2341/2341 2342/2342/2342 2302/2302/2302
f 2343/2343/2343 2316/2316/2316 2303/2303/2303
f 2303/2303/2303 2344/2344/2344 2345/2345/2345
f 2309/2309/2309 2346/2346/2346 2303/2303/2303
f 2347/2347/2347 2303/2303/2303 2346/2346/2346
f 2353/2353/2353 2352/2352/2352 2290/2290/2290
f 2354/2354/2354 2290/2290/2290 2291/2291/2291
f 2291/2291/2291 2355/2355/2355 2354/2354/2354
f 2357/2357/2357 2356/2356/2356 2292/2292/2292
f 2293/2293/2293 2357/2357/2357 2292/2292/2292
f 2301/2301/2301 2358/2358/2358 2299/2299/2299
f 2301/2301/2301 2359/2359/2359 2358/2358/2358
f 2361/2361/2361 2360/2360/2360 2299/2299/2299
f 2308/2308/2308 2362/2362/2362 2309/2309/2309
f 2308/2308/2308 2363/2363/2363 2362/2362/2362
f 2365/2365/2365 2364/2364/2364 2309/2309/2309
f 2367/2367/2367 2366/2366/2366 2307/2307/2307
f 2300/2300/2300 2368/2368/2368 2307/2307/2307
f 2369/2369/2369 2368/2368/2368 2300/2300/2300
f 2299/2299/2299 2370/2370/2370 2300/2300/2300
f 2299/2299/2299 2371/2371/2371 2370/2370/2370
f 2372/2372/2372 2359/2359/2359 2301/2301/2301
f 2307/2307/2307 2366/2366/2366 2308/2308/2308
f 2373/2373/2373 2308/2308/2308 2366/2366/2366
f 2374/2374/2374 2309/2309/2309 2375/2375/2375
f 2319/2319/2319 2377/2377/2377 2318/2318/2318
f 2319/2319/2319 2378/2378/2378 2377/2377/2377
f 2321/2321/2321 2380/2380/2380 2320/2320/2320
f 2379/2379/2379 2320/2320/2320 2380/2380/2380
f 2321/2321/2321 2382/2382/2382 2381/2381/2381
f 2384/2384/2384 2301/2301/2301 2323/2323/2323
f 2383/2383/2383 2301/2301/2301 2384/2384/2384
f 2386/2386/2386 2385/2385/2385 2335/2335/2335
f 2387/2387/2387 2335/2335/2335 2336/2336/2336
f 2389/2389/2389 2337/2337/2337 2309/2309/2309
f 2309/2309/2309 2390/2390/2390 2389/2389/2389
f 2392/2392/2392 2391/2391/2391 2339/2339/2339
f 2393/2393/2393 2339/2339/2339 2340/2340/2340
f 2340/2340/2340 2394/2394/2394 2393/2393/2393
f 2396/2396/2396 2395/2395/2395 2348/2348/2348
f 2397/2397/2397 2348/2348/2348 2349/2349/2349
f 2349/2349/2349 2398/2398/2398 2397/2397/2397
f 2399/2399/2399 2350/2350/2350 2400/2400/2400
f 2351/2351/2351 2400/2400/2400 2350/2350/2350
f 2403/2403/2403 2401/2401/2401 2402/2402/2402
f 2405/2405/2405 2401/2401/2401 2406/2406/2406
f 2408/2408/2408 2402/2402/2402 2401/2401/2401
f 2402/2402/2402 2408/2408/2408 2407/2407/2407
f 2411/2411/2411 2409/2409/2409 2410/2410/2410
f 2413/2413/2413 2409/2409/2409 2414/2414/2414
f 2416/2416/2416 2410/2410/2410 2409/2409/2409
f 2410/2410/2410 2416/2416/2416 2415/2415/2415
f 2417/2417/2417 2418/2418/2418 2419/2419/2419
f 2420/2420/2420 2421/2421/2421 2422/2422/2422
f 2423/2423/2423 2424/2424/2424 2425/2425/2425
f 2426/2426/2426 2427/2427/2427 2428/2428/2428
f 2429/2429/2429 2430/2430/2430 2431/2431/2431
f 2432/2432/2432 2433/2433/2433 2434/2434/2434
f 2435/2435/2435 2436/2436/2436 2437/2437/2437
f 2438/2438/2438 2439/2439/2439 2440/2440/2440
f 2441/2441/2441 2442/2442/2442 2443/2443/2443
f 2442/2442/2442 2441/2441/2441 2444/2444/2444
f 2441/2441/2441 2443/2443/2443 2445/2445/2445
f 2446/2446/2446 2445/2445/2445 2447/2447/2447
f 2446/2446/2446 2448/2448/2448 2441/2441/2441
f 2445/2445/2445 2446/2446/2446 2441/2441/2441
f 2451/2451/2451 2450/2450/2450 2452/2452/2452
f 2453/2453/2453 2452/2452/2452 2454/2454/2454
f 2457/2457/2457 2459/2459/2459 2460/2460/2460
f 2461/2461/2461 2460/2460/2460 2462/2462/2462
f 2452/2452/2452 2456/2456/2456 2454/2454/2454
f 2449/2449/2449 2456/2456/2456 2452/2452/2452
f 2449/2449/2449 2452/2452/2452 2450/2450/2450
f 2451/2451/2451 2453/2453/2453 2460/2460/2460
f 2453/2453/2453 2455/2455/2455 2462/2462/2462
f 2464/2464/2464 2461/2461/2461 2463/2463/2463
f 2458/2458/2458 2457/2457/2457 2461/2461/2461
f 2461/2461/2461 2464/2464/2464 2458/2458/2458
f 2465/2465/2465 2466/2466/2466 2449/2449/2449
f 2450/2450/2450 2468/2468/2468 2449/2449/2449
f 2467/2467/2467 2468/2468/2468 2450/2450/2450
f 2469/2469/2469 2470/2470/2470 2457/2457/2457
f 2458/2458/2458 2472/2472/2472 2457/2457/2457
f 2471/2471/2471 2472/2472/2472 2458/2458/2458
f 2477/2477/2477 2478/2478/2478 2456/2456/2456
f 2480/2480/2480 2449/2449/2449 2479/2479/2479
f 2482/2482/2482 2451/2451/2451 2459/2459/2459
f 2459/2459/2459 2481/2481/2481 2482/2482/2482
f 2483/2483/2483 2484/2484/2484 2451/2451/2451
f 2451/2451/2451 2484/2484/2484 2450/2450/2450
f 2467/2467/2467 2450/2450/2450 2484/2484/2484
f 2466/2466/2466 2479/2479/2479 2449/2449/2449
f 2477/2477/2477 2456/2456/2456 2449/2449/2449
f 2449/2449/2449 2485/2485/2485 2477/2477/2477
f 2489/2489/2489 2464/2464/2464 2488/2488/2488
f 2457/2457/2457 2492/2492/2492 2459/2459/2459
f 2470/2470/2470 2492/2492/2492 2457/2457/2457
f 2493/2493/2493 2471/2471/2471 2458/2458/2458
f 2458/2458/2458 2494/2494/2494 2495/2495/2495
f 2464/2464/2464 2496/2496/2496 2458/2458/2458
f 2494/2494/2494 2458/2458/2458 2496/2496/2496
f 2502/2502/2502 2501/2501/2501 2503/2503/2503
f 2504/2504/2504 2503/2503/2503 2505/2505/2505
f 2508/2508/2508 2510/2510/2510 2511/2511/2511
f 2512/2512/2512 2511/2511/2511 2513/2513/2513
f 2503/2503/2503 2507/2507/2507 2505/2505/2505
f 2500/2500/2500 2507/2507/2507 2503/2503/2503
f 2500/2500/2500 2503/2503/2503 2501/2501/2501
f 2502/2502/2502 2504/2504/2504 2511/2511/2511
f 2504/2504/2504 2506/2506/2506 2513/2513/2513
f 2515/2515/2515 2512/2512/2512 2514/2514/2514
f 2509/2509/2509 2508/2508/2508 2512/2512/2512
f 2512/2512/2512 2515/2515/2515 2509/2509/2509
f 2516/2516/2516 2517/2517/2517 2500/2500/2500
f 2501/2501/2501 2519/2519/2519 2500/2500/2500
f 2518/2518/2518 2519/2519/2519 2501/2501/2501
f 2520/2520/2520 2521/2521/2521 2508/2508/2508
f 2509/2509/2509 2523/2523/2523 2508/2508/2508
f 2522/2522/2522 2523/2523/2523 2509/2509/2509
f 2528/2528/2528 2529/2529/2529 2507/2507/2507
f 2531/2531/2531 2500/2500/2500 2530/2530/2530
f 2510/2510/2510 2532/2532/2532 2502/2502/2502
f 2533/2533/2533 2502/2502/2502 2532/2532/2532
f 2534/2534/2534 2535/2535/2535 2510/2510/2510
f 2502/2502/2502 2536/2536/2536 2501/2501/2501
f 2518/2518/2518 2501/2501/2501 2536/2536/2536
f 2517/2517/2517 2530/2530/2530 2500/2500/2500
f 2528/2528/2528 2507/2507/2507 2500/2500/2500
f 2500/2500/2500 2537/2537/2537 2528/2528/2528
f 2539/2539/2539 2515/2515/2515 2538/2538/2538
f 2508/2508/2508 2543/2543/2543 2510/2510/2510
f 2521/2521/2521 2543/2543/2543 2508/2508/2508
f 2544/2544/2544 2545/2545/2545 2509/2509/2509
f 2509/2509/2509 2546/2546/2546 2547/2547/2547
f 2515/2515/2515 2548/2548/2548 2509/2509/2509
f 2546/2546/2546 2509/2509/2509 2548/2548/2548
f 2456/2456/2456 2549/2549/2549 2454/2454/2454
f 2549/2549/2549 2456/2456/2456 2550/2550/2550
f 2552/2552/2552 2551/2551/2551 2454/2454/2454
f 2463/2463/2463 2553/2553/2553 2464/2464/2464
f 2553/2553/2553 2463/2463/2463 2554/2554/2554
f 2553/2553/2553 2555/2555/2555 2464/2464/2464
f 2454/2454/2454 2556/2556/2556 2455/2455/2455
f 2556/2556/2556 2454/2454/2454 2557/2557/2557
f 2455/2455/2455 2558/2558/2558 2462/2462/2462
f 2455/2455/2455 2556/2556/2556 2558/2558/2558
f 2560/2560/2560 2559/2559/2559 2462/2462/2462
f 2562/2562/2562 2561/2561/2561 2456/2456/2456
f 2564/2564/2564 2463/2463/2463 2462/2462/2462
f 2563/2563/2563 2463/2463/2463 2564/2564/2564
f 2565/2565/2565 2464/2464/2464 2566/2566/2566
f 2474/2474/2474 2568/2568/2568 2473/2473/2473
f 2567/2567/2567 2473/2473/2473 2568/2568/2568
f 2474/2474/2474 2570/2570/2570 2569/2569/2569
f 2571/2571/2571 2476/2476/2476 2572/2572/2572
f 2476/2476/2476 2574/2574/2574 2475/2475/2475
f 2573/2573/2573 2456/2456/2456 2478/2478/2478
f 2575/2575/2575 2456/2456/2456 2573/2573/2573
f 2577/2577/2577 2576/2576/2576 2486/2486/2486
f 2578/2578/2578 2486/2486/2486 2487/2487/2487
f 2580/2580/2580 2488/2488/2488 2464/2464/2464
f 2464/2464/2464 2581/2581/2581 2580/2580/2580
f 2583/2583/2583 2582/2582/2582 2490/2490/2490
f 2584/2584/2584 2490/2490/2490 2491/2491/2491
f 2491/2491/2491 2585/2585/2585 2584/2584/2584
f 2587/2587/2587 2586/2586/2586 2498/2498/2498
f 2588/2588/2588 2498/2498/2498 2497/2497/2497
f 2497/2497/2497 2589/2589/2589 2588/2588/2588
f 2586/2586/2586 2590/2590/2590 2499/2499/2499
f 2499/2499/2499 2498/2498/2498 2586/2586/2586
f 2507/2507/2507 2591/2591/2591 2505/2505/2505
f 2591/2591/2591 2507/2507/2507 2592/2592/2592
f 2594/2594/2594 2593/2593/2593 2505/2505/2505
f 2514/2514/2514 2595/2595/2595 2515/2515/2515
f 2595/2595/2595 2514/2514/2514 2596/2596/2596
f 2598/2598/2598 2597/2597/2597 2515/2515/2515
f 2505/2505/2505 2599/2599/2599 2506/2506/2506
f 2599/2599/2599 2505/2505/2505 2600/2600/2600
f 2506/2506/2506 2601/2601/2601 2513/2513/2513
f 2506/2506/2506 2602/2602/2602 2601/2601/2601
f 2601/2601/2601 2603/2603/2603 2513/2513/2513
f 2604/2604/2604 2592/2592/2592 2507/2507/2507
f 2513/2513/2513 2606/2606/2606 2514/2514/2514
f 2605/2605/2605 2514/2514/2514 2606/2606/2606
f 2607/2607/2607 2515/2515/2515 2597/2597/2597
f 2525/2525/2525 2609/2609/2609 2524/2524/2524
f 2608/2608/2608 2524/2524/2524 2609/2609/2609
f 2525/2525/2525 2611/2611/2611 2610/2610/2610
f 2612/2612/2612 2527/2527/2527 2608/2608/2608
f 2527/2527/2527 2614/2614/2614 2526/2526/2526
f 2613/2613/2613 2507/2507/2507 2529/2529/2529
f 2615/2615/2615 2507/2507/2507 2613/2613/2613
f 2616/2616/2616 2538/2538/2538 2515/2515/2515
f 2515/2515/2515 2617/2617/2617 2616/2616/2616
f 2619/2619/2619 2618/2618/2618 2540/2540/2540
f 2538/2538/2538 2620/2620/2620 2540/2540/2540
f 2623/2623/2623 2622/2622/2622 2541/2541/2541
f 2625/2625/2625 2541/2541/2541 2542/2542/2542
f 2542/2542/2542 2624/2624/2624 2625/2625/2625
f 2632/2632/2632 2631/2631/2631 2633/2633/2633
f 2634/2634/2634 2633/2633/2633 2635/2635/2635
f 2638/2638/2638 2640/2640/2640 2641/2641/2641
f 2642/2642/2642 2641/2641/2641 2643/2643/2643
f 2633/2633/2633 2637/2637/2637 2635/2635/2635
f 2633/2633/2633 2630/2630/2630 2637/2637/2637
f 2630/2630/2630 2633/2633/2633 2631/2631/2631
f 2632/2632/2632 2634/2634/2634 2641/2641/2641
f 2634/2634/2634 2636/2636/2636 2643/2643/2643
f 2645/2645/2645 2642/2642/2642 2644/2644/2644
f 2639/2639/2639 2638/2638/2638 2642/2642/2642
f 2642/2642/2642 2645/2645/2645 2639/2639/2639
f 2646/2646/2646 2647/2647/2647 2630/2630/2630
f 2631/2631/2631 2649/2649/2649 2630/2630/2630
f 2648/2648/2648 2649/2649/2649 2631/2631/2631
f 2650/2650/2650 2651/2651/2651 2638/2638/2638
f 2639/2639/2639 2653/2653/2653 2638/2638/2638
f 2652/2652/2652 2653/2653/2653 2639/2639/2639
f 2658/2658/2658 2659/2659/2659 2637/2637/2637
f 2661/2661/2661 2630/2630/2630 2660/2660/2660
f 2632/2632/2632 2662/2662/2662 2631/2631/2631
f 2648/2648/2648 2631/2631/2631 2662/2662/2662
f 2663/2663/2663 2664/2664/2664 2630/2630/2630
f 2666/2666/2666 2637/2637/2637 2630/2630/2630
f 2630/2630/2630 2665/2665/2665 2666/2666/2666
f 2667/2667/2667 2668/2668/2668 2632/2632/2632
f 2640/2640/2640 2670/2670/2670 2632/2632/2632
f 2669/2669/2669 2670/2670/2670 2640/2640/2640
f 2674/2674/2674 2645/2645/2645 2673/2673/2673
f 2638/2638/2638 2678/2678/2678 2640/2640/2640
f 2677/2677/2677 2678/2678/2678 2638/2638/2638
f 2679/2679/2679 2652/2652/2652 2639/2639/2639
f 2639/2639/2639 2680/2680/2680 2681/2681/2681
f 2645/2645/2645 2682/2682/2682 2639/2639/2639
f 2683/2683/2683 2639/2639/2639 2682/2682/2682
f 2689/2689/2689 2688/2688/2688 2626/2626/2626
f 2690/2690/2690 2626/2626/2626 2627/2627/2627
f 2627/2627/2627 2691/2691/2691 2690/2690/2690
f 2693/2693/2693 2692/2692/2692 2628/2628/2628
f 2629/2629/2629 2693/2693/2693 2628/2628/2628
f 2637/2637/2637 2694/2694/2694 2635/2635/2635
f 2637/2637/2637 2695/2695/2695 2694/2694/2694
f 2697/2697/2697 2696/2696/2696 2635/2635/2635
f 2644/2644/2644 2698/2698/2698 2645/2645/2645
f 2644/2644/2644 2699/2699/2699 2698/2698/2698
f 2701/2701/2701 2700/2700/2700 2645/2645/2645
f 2703/2703/2703 2702/2702/2702 2643/2643/2643
f 2636/2636/2636 2704/2704/2704 2643/2643/2643
f 2705/2705/2705 2704/2704/2704 2636/2636/2636
f 2635/2635/2635 2706/2706/2706 2636/2636/2636
f 2635/2635/2635 2707/2707/2707 2706/2706/2706
f 2708/2708/2708 2695/2695/2695 2637/2637/2637
f 2643/2643/2643 2702/2702/2702 2644/2644/2644
f 2709/2709/2709 2644/2644/2644 2702/2702/2702
f 2710/2710/2710 2645/2645/2645 2711/2711/2711
f 2655/2655/2655 2713/2713/2713 2654/2654/2654
f 2655/2655/2655 2714/2714/2714 2713/2713/2713
f 2657/2657/2657 2716/2716/2716 2656/2656/2656
f 2715/2715/2715 2656/2656/2656 2716/2716/2716
f 2657/2657/2657 2718/2718/2718 2717/2717/2717
f 2720/2720/2720 2637/2637/2637 2659/2659/2659
f 2719/2719/2719 2637/2637/2637 2720/2720/2720
f 2722/2722/2722 2721/2721/2721 2671/2671/2671
f 2723/2723/2723 2671/2671/2671 2672/2672/2672
f 2725/2725/2725 2673/2673/2673 2645/2645/2645
f 2645/2645/2645 2726/2726/2726 2725/2725/2725
f 2728/2728/2728 2727/2727/2727 2675/2675/2675
f 2729/2729/2729 2675/2675/2675 2676/2676/2676
f 2676/2676/2676 2730/2730/2730 2729/2729/2729
f 2732/2732/2732 2731/2731/2731 2684/2684/2684
f 2733/2733/2733 2684/2684/2684 2685/2685/2685
f 2685/2685/2685 2734/2734/2734 2733/2733/2733
f 2735/2735/2735 2686/2686/2686 2736/2736/2736
f 2687/2687/2687 2736/2736/2736 2686/2686/2686
f 2739/2739/2739 2737/2737/2737 2738/2738/2738
f 2741/2741/2741 2737/2737/2737 2742/2742/2742
f 2744/2744/2744 2738/2738/2738 2737/2737/2737
f 2738/2738/2738 2744/2744/2744 2743/2743/2743
f 2747/2747/2747 2745/2745/2745 2746/2746/2746
f 2749/2749/2749 2745/2745/2745 2750/2750/2750
f 2752/2752/2752 2746/2746/2746 2745/2745/2745
f 2746/2746/2746 2752/2752/2752 2751/2751/2751
f 2753/2753/2753 2754/2754/2754 2755/2755/2755
f 2756/2756/2756 2757/2757/2757 2758/2758/2758
f 2759/2759/2759 2760/2760/2760 2761/2761/2761
f 2762/2762/2762 2763/2763/2763 2764/2764/2764
f 2765/2765/2765 2766/2766/2766 2767/2767/2767
f 2768/2768/2768 2769/2769/2769 2770/2770/2770
f 2771/2771/2771 2772/2772/2772 2773/2773/2773
f 2774/2774/2774 2775/2775/2775 2776/2776/2776
f 2777/2777/2777 2778/2778/2778 2779/2779/2779
f 2778/2778/2778 2777/2777/2777 2780/2780/2780
f 2777/2777/2777 2779/2779/2779 2781/2781/2781
f 2782/2782/2782 2781/2781/2781 2783/2783/2783
f 2782/2782/2782 2784/2784/2784 2777/2777/2777
f 2781/2781/2781 2782/2782/2782 2777/2777/2777
f 2787/2787/2787 2786/2786/2786 2788/2788/2788
f 2789/2789/2789 2788/2788/2788 2790/2790/2790
f 2793/2793/2793 2795/2795/2795 2796/2796/2796
f 2797/2797/2797 2796/2796/2796 2798/2798/2798
f 2788/2788/2788 2792/2792/2792 2790/2790/2790
f 2785/2785/2785 2792/2792/2792 2788/2788/2788
f 2785/2785/2785 2788/2788/2788 2786/2786/2786
f 2787/2787/2787 2789/2789/2789 2796/2796/2796
f 2789/2789/2789 2791/2791/2791 2798/2798/2798
f 2800/2800/2800 2797/2797/2797 2799/2799/2799
f 2794/2794/2794 2793/2793/2793 2797/2797/2797
f 2797/2797/2797 2800/2800/2800 2794/2794/2794
f 2801/2801/2801 2802/2802/2802 2785/2785/2785
f 2786/2786/2786 2804/2804/2804 2785/2785/2785
f 2803/2803/2803 2804/2804/2804 2786/2786/2786
f 2805/2805/2805 2806/2806/2806 2793/2793/2793
f 2794/2794/2794 2808/2808/2808 2793/2793/2793
f 2807/2807/2807 2808/2808/2808 2794/2794/2794
f 2813/2813/2813 2814/2814/2814 2792/2792/2792
f 2816/2816/2816 2785/2785/2785 2815/2815/2815
f 2818/2818/2818 2787/2787/2787 2795/2795/2795
f 2795/2795/2795 2817/2817/2817 2818/2818/2818
f 2819/2819/2819 2820/2820/2820 2787/2787/2787
f 2787/2787/2787 2820/2820/2820 2786/2786/2786
f 2803/2803/2803 2786/2786/2786 2820/2820/2820
f 2802/2802/2802 2815/2815/2815 2785/2785/2785
f 2813/2813/2813 2792/2792/2792 2785/2785/2785
f 2785/2785/2785 2821/2821/2821 2813/2813/2813
f 2825/2825/2825 2800/2800/2800 2824/2824/2824
f 2793/2793/2793 2828/2828/2828 2795/2795/2795
f 2806/2806/2806 2828/2828/2828 2793/2793/2793
f 2829/2829/2829 2807/2807/2807 2794/2794/2794
f 2794/2794/2794 2830/2830/2830 2831/2831/2831
f 2800/2800/2800 2832/2832/2832 2794/2794/2794
f 2830/2830/2830 2794/2794/2794 2832/2832/2832
f 2838/2838/2838 2837/2837/2837 2839/2839/2839
f 2840/2840/2840 2839/2839/2839 2841/2841/2841
f 2844/2844/2844 2846/2846/2846 2847/2847/2847
f 2848/2848/2848 2847/2847/2847 2849/2849/2849
f 2839/2839/2839 2843/2843/2843 2841/2841/2841
f 2836/2836/2836 2843/2843/2843 2839/2839/2839
f 2836/2836/2836 2839/2839/2839 2837/2837/2837
f 2838/2838/2838 2840/2840/2840 2847/2847/2847
f 2840/2840/2840 2842/2842/2842 2849/2849/2849
f 2851/2851/2851 2848/2848/2848 2850/2850/2850
f 2845/2845/2845 2844/2844/2844 2848/2848/2848
f 2848/2848/2848 2851/2851/2851 2845/2845/2845
f 2852/2852/2852 2853/2853/2853 2836/2836/2836
f 2837/2837/2837 2855/2855/2855 2836/2836/2836
f 2854/2854/2854 2855/2855/2855 2837/2837/2837
f 2856/2856/2856 2857/2857/2857 2844/2844/2844
f 2845/2845/2845 2859/2859/2859 2844/2844/2844
f 2858/2858/2858 2859/2859/2859 2845/2845/2845
f 2864/2864/2864 2865/2865/2865 2843/2843/2843
f 2867/2867/2867 2836/2836/2836 2866/2866/2866
f 2846/2846/2846 2868/2868/2868 2838/2838/2838
f 2869/2869/2869 2838/2838/2838 2868/2868/2868
f 2870/2870/2870 2871/2871/2871 2846/2846/2846
f 2838/2838/2838 2872/2872/2872 2837/2837/2837
f 2854/2854/2854 2837/2837/2837 2872/2872/2872
f 2853/2853/2853 2866/2866/2866 2836/2836/2836
f 2864/2864/2864 2843/2843/2843 2836/2836/2836
f 2836/2836/2836 2873/2873/2873 2864/2864/2864
f 2875/2875/2875 2851/2851/2851 2874/2874/2874
f 2844/2844/2844 2879/2879/2879 2846/2846/2846
f 2857/2857/2857 2879/2879/2879 2844/2844/2844
f 2880/2880/2880 2881/2881/2881 2845/2845/2845
f 2845/2845/2845 2882/2882/2882 2883/2883/2883
f 2851/2851/2851 2884/2884/2884 2845/2845/2845
f 2882/2882/2882 2845/2845/2845 2884/2884/2884
f 2792/2792/2792 2885/2885/2885 2790/2790/2790
f 2885/2885/2885 2792/2792/2792 2886/2886/2886
f 2888/2888/2888 2887/2887/2887 2790/2790/2790
f 2799/2799/2799 2889/2889/2889 2800/2800/2800
f 2889/2889/2889 2799/2799/2799 2890/2890/2890
f 2889/2889/2889 2891/2891/2891 2800/2800/2800
f 2790/2790/2790 2892/2892/2892 2791/2791/2791
f 2892/2892/2892 2790/2790/2790 2893/2893/2893
f 2791/2791/2791 2894/2894/2894 2798/2798/2798
f 2791/2791/2791 2892/2892/2892 2894/2894/2894
f 2896/2896/2896 2895/2895/2895 2798/2798/2798
f 2898/2898/2898 2897/2897/2897 2792/2792/2792
f 2900/2900/2900 2799/2799/2799 2798/2798/2798
f 2899/2899/2899 2799/2799/2799 2900/2900/2900
f 2901/2901/2901 2800/2800/2800 2902/2902/2902
f 2810/2810/2810 2904/2904/2904 2809/2809/2809
f 2903/2903/2903 2809/2809/2809 2904/2904/2904
f 2810/2810/2810 2906/2906/2906 2905/2905/2905
f 2907/2907/2907 2812/2812/2812 2908/2908/2908
f 2812/2812/2812 2910/2910/2910 2811/2811/2811
f 2909/2909/2909 2792/2792/2792 2814/2814/2814
f 2911/2911/2911 2792/2792/2792 2909/2909/2909
f 2913/2913/2913 2912/2912/2912 2822/2822/2822
f 2914/2914/2914 2822/2822/2822 2823/2823/2823
f 2916/2916/2916 2824/2824/2824 2800/2800/2800
f 2800/2800/2800 2917/2917/2917 2916/2916/2916
f 2919/2919/2919 2918/2918/2918 2826/2826/2826
f 2920/2920/2920 2826/2826/2826 2827/2827/2827
f 2827/2827/2827 2921/2921/2921 2920/2920/2920
f 2923/2923/2923 2922/2922/2922 2834/2834/2834
f 2924/2924/2924 2834/2834/2834 2833/2833/2833
f 2833/2833/2833 2925/2925/2925 2924/2924/2924
f 2922/2922/2922 2926/2926/2926 2835/2835/2835
f 2835/2835/2835 2834/2834/2834 2922/2922/2922
f 2843/2843/2843 2927/2927/2927 2841/2841/2841
f 2927/2927/2927 2843/2843/2843 2928/2928/2928
f 2930/2930/2930 2929/2929/2929 2841/2841/2841
f 2850/2850/2850 2931/2931/2931 2851/2851/2851
f 2931/2931/2931 2850/2850/2850 2932/2932/2932
f 2934/2934/2934 2933/2933/2933 2851/2851/2851
f 2841/2841/2841 2935/2935/2935 2842/2842/2842
f 2935/2935/2935 2841/2841/2841 2936/2936/2936
f 2842/2842/2842 2937/2937/2937 2849/2849/2849
f 2842/2842/2842 2938/2938/2938 2937/2937/2937
f 2937/2937/2937 2939/2939/2939 2849/2849/2849
f 2940/2940/2940 2928/2928/2928 2843/2843/2843
f 2849/2849/2849 2942/2942/2942 2850/2850/2850
f 2941/2941/2941 2850/2850/2850 2942/2942/2942
f 2943/2943/2943 2851/2851/2851 2933/2933/2933
f 2861/2861/2861 2945/2945/2945 2860/2860/2860
f 2944/2944/2944 2860/2860/2860 2945/2945/2945
f 2861/2861/2861 2947/2947/2947 2946/2946/2946
f 2948/2948/2948 2863/2863/2863 2944/2944/2944
f 2863/2863/2863 2950/2950/2950 2862/2862/2862
f 2949/2949/2949 2843/2843/2843 2865/2865/2865
f 2951/2951/2951 2843/2843/2843 2949/2949/2949
f 2952/2952/2952 2874/2874/2874 2851/2851/2851
f 2851/2851/2851 2953/2953/2953 2952/2952/2952
f 2955/2955/2955 2954/2954/2954 2876/2876/2876
f 2874/2874/2874 2956/2956/2956 2876/2876/2876
f 2959/2959/2959 2958/2958/2958 2877/2877/2877
f 2961/2961/2961 2877/2877/2877 2878/2878/2878
f 2878/2878/2878 2960/2960/2960 2961/2961/2961
f 2968/2968/2968 2967/2967/2967 2969/2969/2969
f 2970/2970/2970 2969/2969/2969 2971/2971/2971
f 2974/2974/2974 2976/2976/2976 2977/2977/2977
f 2978/2978/2978 2977/2977/2977 2979/2979/2979
f 2969/2969/2969 2973/2973/2973 2971/2971/2971
f 2969/2969/2969 2966/2966/2966 2973/2973/2973
f 2966/2966/2966 2969/2969/2969 2967/2967/2967
f 2968/2968/2968 2970/2970/2970 2977/2977/2977
f 2970/2970/2970 2972/2972/2972 2979/2979/2979
f 2981/2981/2981 2978/2978/2978 2980/2980/2980
f 2975/2975/2975 2974/2974/2974 2978/2978/2978
f 2978/2978/2978 2981/2981/2981 2975/2975/2975
f 2982/2982/2982 2983/2983/2983 2966/2966/2966
f 2967/2967/2967 2985/2985/2985 2966/2966/2966
f 2984/2984/2984 2985/2985/2985 2967/2967/2967
f 2986/2986/2986 2987/2987/2987 2974/2974/2974
f 2975/2975/2975 2989/2989/2989 2974/2974/2974
f 2988/2988/2988 2989/2989/2989 2975/2975/2975
f 2994/2994/2994 2995/2995/2995 2973/2973/2973
f 2997/2997/2997 2966/2966/2966 2996/2996/2996
f 2968/2968/2968 2998/2998/2998 2967/2967/2967
f 2984/2984/2984 2967/2967/2967 2998/2998/2998
f 2999/2999/2999 3000/3000/3000 2966/2966/2966
f 3002/3002/3002 2973/2973/2973 2966/2966/2966
f 2966/2966/2966 3001/3001/3001 3002/3002/3002
f 3003/3003/3003 3004/3004/3004 2968/2968/2968
f 2976/2976/2976 3006/3006/3006 2968/2968/2968
f 3005/3005/3005 3006/3006/3006 2976/2976/2976
f 3010/3010/3010 2981/2981/2981 3009/3009/3009
f 2974/2974/2974 3014/3014/3014 2976/2976/2976
f 3013/3013/3013 3014/3014/3014 2974/2974/2974
f 3015/3015/3015 2988/2988/2988 2975/2975/2975
f 2975/2975/2975 3016/3016/3016 3017/3017/3017
f 2981/2981/2981 3018/3018/3018 2975/2975/2975
f 3019/3019/3019 2975/2975/2975 3018/3018/3018
f 3025/3025/3025 3024/3024/3024 2962/2962/2962
f 3026/3026/3026 2962/2962/2962 2963/2963/2963
f 2963/2963/2963 3027/3027/3027 3026/3026/3026
f 3029/3029/3029 3028/3028/3028 2964/2964/2964
f 2965/2965/2965 3029/3029/3029 2964/2964/2964
f 2973/2973/2973 3030/3030/3030 2971/2971/2971
f 2973/2973/2973 3031/3031/3031 3030/3030/3030
f 3033/3033/3033 3032/3032/3032 2971/2971/2971
f 2980/2980/2980 3034/3034/3034 2981/2981/2981
f 2980/2980/2980 3035/3035/3035 3034/3034/3034
f 3037/3037/3037 3036/3036/3036 2981/2981/2981
f 3039/3039/3039 3038/3038/3038 2979/2979/2979
f 2972/2972/2972 3040/3040/3040 2979/2979/2979
f 3041/3041/3041 3040/3040/3040 2972/2972/2972
f 2971/2971/2971 3042/3042/3042 2972/2972/2972
f 2971/2971/2971 3043/3043/3043 3042/3042/3042
f 3044/3044/3044 3031/3031/3031 2973/2973/2973
f 2979/2979/2979 3038/3038/3038 2980/2980/2980
f 3045/3045/3045 2980/2980/2980 3038/3038/3038
f 3046/3046/3046 2981/2981/2981 3047/3047/3047
f 2991/2991/2991 3049/3049/3049 2990/2990/2990
f 2991/2991/2991 3050/3050/3050 3049/3049/3049
f 2993/2993/2993 3052/3052/3052 2992/2992/2992
f 3051/3051/3051 2992/2992/2992 3052/3052/3052
f 2993/2993/2993 3054/3054/3054 3053/3053/3053
f 3056/3056/3056 2973/2973/2973 2995/2995/2995
f 3055/3055/3055 2973/2973/2973 3056/3056/3056
f 3058/3058/3058 3057/3057/3057 3007/3007/3007
f 3059/3059/3059 3007/3007/3007 3008/3008/3008
f 3061/3061/3061 3009/3009/3009 2981/2981/2981
f 2981/2981/2981 3062/3062/3062 3061/3061/3061
f 3064/3064/3064 3063/3063/3063 3011/3011/3011
f 3065/3065/3065 3011/3011/3011 3012/3012/3012
f 3012/3012/3012 3066/3066/3066 3065/3065/3065
f 3068/3068/3068 3067/3067/3067 3020/3020/3020
f 3069/3069/3069 3020/3020/3020 3021/3021/3021
f 3021/3021/3021 3070/3070/3070 3069/3069/3069
f 3071/3071/3071 3022/3022/3022 3072/3072/3072
f 3023/3023/3023 3072/3072/3072 3022/3022/3022
f 3075/3075/3075 3073/3073/3073 3074/3074/3074
f 3077/3077/3077 3073/3073/3073 3078/3078/3078
f 3080/3080/3080 3074/3074/3074 3073/3073/3073
f 3074/3074/3074 3080/3080/3080 3079/3079/3079
f 3083/3083/3083 3081/3081/3081 3082/3082/3082
f 3085/3085/3085 3081/3081/3081 3086/3086/3086
f 3088/3088/3088 3082/3082/3082 3081/3081/3081
f 3082/3082/3082 3088/3088/3088 3087/3087/3087
f 3089/3089/3089 3090/3090/3090 3091/3091/3091
f 3092/3092/3092 3093/3093/3093 3094/3094/3094
f 3095/3095/3095 3096/3096/3096 3097/3097/3097
f 3098/3098/3098 3099/3099/3099 3100/3100/3100
f 3101/3101/3101 3102/3102/3102 3103/3103/3103
f 3104/3104/3104 3105/3105/3105 3106/3106/3106
f 3107/3107/3107 3108/3108/3108 3109/3109/3109
f 3110/3110/3110 3111/3111/3111 3112/3112/3112
f 3113/3113/3113 3114/3114/3114 3115/3115/3115
f 3114/3114/3114 3113/3113/3113 3116/3116/3116
f 3113/3113/3113 3115/3115/3115 3117/3117/3117
f 3118/3118/3118 3117/3117/3117 3119/3119/3119
f 3118/3118/3118 3120/3120/3120 3113/3113/3113
f 3117/3117/3117 3118/3118/3118 3113/3113/3113
f 3123/3123/3123 3122/3122/3122 3124/3124/3124
f 3125/3125/3125 3124/3124/3124 3126/3126/3126
f 3129/3129/3129 3131/3131/3131 3132/3132/3132
f 3133/3133/3133 3132/3132/3132 3134/3134/3134
f 3124/3124/3124 3128/3128/3128 3126/3126/3126
f 3121/3121/3121 3128/3128/3128 3124/3124/3124
f 3121/3121/3121 3124/3124/3124 3122/3122/3122
f 3123/3123/3123 3125/3125/3125 3132/3132/3132
f 3125/3125/3125 3127/3127/3127 3134/3134/3134
f 3136/3136/3136 3133/3133/3133 3135/3135/3135
f 3130/3130/3130 3129/3129/3129 3133/3133/3133
f 3133/3133/3133 3136/3136/3136 3130/3130/3130
f 3137/3137/3137 3138/3138/3138 3121/3121/3121
f 3122/3122/3122 3140/3140/3140 3121/3121/3121
f 3139/3139/3139 3140/3140/3140 3122/3122/3122
f 3141/3141/3141 3142/3142/3142 3129/3129/3129
f 3130/3130/3130 3144/3144/3144 3129/3129/3129
f 3143/3143/3143 3144/3144/3144 3130/3130/3130
f 3149/3149/3149 3150/3150/3150 3128/3128/3128
f 3152/3152/3152 3121/3121/3121 3151/3151/3151
f 3154/3154/3154 3123/3123/3123 3131/3131/3131
f 3131/3131/3131 3153/3153/3153 3154/3154/3154
f 3155/3155/3155 3156/3156/3156 3123/3123/3123
f 3123/3123/3123 3156/3156/3156 3122/3122/3122
f 3139/3139/3139 3122/3122/3122 3156/3156/3156
f 3138/3138/3138 3151/3151/3151 3121/3121/3121
f 3149/3149/3149 3128/3128/3128 3121/3121/3121
f 3121/3121/3121 3157/3157/3157 3149/3149/3149
f 3161/3161/3161 3136/3136/3136 3160/3160/3160
f 3129/3129/3129 3164/3164/3164 3131/3131/3131
f 3142/3142/3142 3164/3164/3164 3129/3129/3129
f 3165/3165/3165 3143/3143/3143 3130/3130/3130
f 3130/3130/3130 3166/3166/3166 3167/3167/3167
f 3136/3136/3136 3168/3168/3168 3130/3130/3130
f 3166/3166/3166 3130/3130/3130 3168/3168/3168
f 3174/3174/3174 3173/3173/3173 3175/3175/3175
f 3176/3176/3176 3175/3175/3175 3177/3177/3177
f 3180/3180/3180 3182/3182/3182 3183/3183/3183
f 3184/3184/3184 3183/3183/3183 3185/3185/3185
f 3175/3175/3175 3179/3179/3179 3177/3177/3177
f 3172/3172/3172 3179/3179/3179 3175/3175/3175
f 3172/3172/3172 3175/3175/3175 3173/3173/3173
f 3174/3174/3174 3176/3176/3176 3183/3183/3183
f 3176/3176/3176 3178/3178/3178 3185/3185/3185
f 3187/3187/3187 3184/3184/3184 3186/3186/3186
f 3181/3181/3181 3180/3180/3180 3184/3184/3184
f 3184/3184/3184 3187/3187/3187 3181/3181/3181
f 3188/3188/3188 3189/3189/3189 3172/3172/3172
f 3173/3173/3173 3191/3191/3191 3172/3172/3172
f 3190/3190/3190 3191/3191/3191 3173/3173/3173
f 3192/3192/3192 3193/3193/3193 3180/3180/3180
f 3181/3181/3181 3195/3195/3195 3180/3180/3180
f 3194/3194/3194 3195/3195/3195 3181/3181/3181
f 3200/3200/3200 3201/3201/3201 3179/3179/3179
f 3203/3203/3203 3172/3172/3172 3202/3202/3202
f 3182/3182/3182 3204/3204/3204 3174/3174/3174
f 3205/3205/3205 3174/3174/3174 3204/3204/3204
f 3206/3206/3206 3207/3207/3207 3182/3182/3182
f 3174/3174/3174 3208/3208/3208 3173/3173/3173
f 3190/3190/3190 3173/3173/3173 3208/3208/3208
f 3189/3189/3189 3202/3202/3202 3172/3172/3172
f 3200/3200/3200 3179/3179/3179 3172/3172/3172
f 3172/3172/3172 3209/3209/3209 3200/3200/3200
f 3211/3211/3211 3187/3187/3187 3210/3210/3210
f 3180/3180/3180 3215/3215/3215 3182/3182/3182
f 3193/3193/3193 3215/3215/3215 3180/3180/3180
f 3216/3216/3216 3217/3217/3217 3181/3181/3181
f 3181/3181/3181 3218/3218/3218 3219/3219/3219
f 3187/3187/3187 3220/3220/3220 3181/3181/3181
f 3218/3218/3218 3181/3181/3181 3220/3220/3220
f 3128/3128/3128 3221/3221/3221 3126/3126/3126
f 3221/3221/3221 3128/3128/3128 3222/3222/3222
f 3224/3224/3224 3223/3223/3223 3126/3126/3126
f 3135/3135/3135 3225/3225/3225 3136/3136/3136
f 3225/3225/3225 3135/3135/3135 3226/3226/3226
f 3225/3225/3225 3227/3227/3227 3136/3136/3136
f 3126/3126/3126 3228/3228/3228 3127/3127/3127
f 3228/3228/3228 3126/3126/3126 3229/3229/3229
f 3127/3127/3127 3230/3230/3230 3134/3134/3134
f 3127/3127/3127 3228/3228/3228 3230/3230/3230
f 3232/3232/3232 3231/3231/3231 3134/3134/3134
f 3234/3234/3234 3233/3233/3233 3128/3128/3128
f 3236/3236/3236 3135/3135/3135 3134/3134/3134
f 3235/3235/3235 3135/3135/3135 3236/3236/3236
f 3237/3237/3237 3136/3136/3136 3238/3238/3238
f 3146/3146/3146 3240/3240/3240 3145/3145/3145
f 3239/3239/3239 3145/3145/3145 3240/3240/3240
f 3146/3146/3146 3242/3242/3242 3241/3241/3241
f 3243/3243/3243 3148/3148/3148 3244/3244/3244
f 3148/3148/3148 3246/3246/3246 3147/3147/3147
f 3245/3245/3245 3128/3128/3128 3150/3150/3150
f 3247/3247/3247 3128/3128/3128 3245/3245/3245
f 3249/3249/3249 3248/3248/3248 3158/3158/3158
f 3250/3250/3250 3158/3158/3158 3159/3159/3159
f 3252/3252/3252 3160/3160/3160 3136/3136/3136
f 3136/3136/3136 3253/3253/3253 3252/3252/3252
f 3255/3255/3255 3254/3254/3254 3162/3162/3162
f 3256/3256/3256 3162/3162/3162 3163/3163/3163
f 3163/3163/3163 3257/3257/3257 3256/3256/3256
f 3259/3259/3259 3258/3258/3258 3170/3170/3170
f 3260/3260/3260 3170/3170/3170 3169/3169/3169
f 3169/3169/3169 3261/3261/3261 3260/3260/3260
f 3258/3258/3258 3262/3262/3262 3171/3171/3171
f 3171/3171/3171 3170/3170/3170 3258/3258/3258
f 3179/3179/3179 3263/3263/3263 3177/3177/3177
f 3263/3263/3263 3179/3179/3179 3264/3264/3264
f 3266/3266/3266 3265/3265/3265 3177/3177/3177
f 3186/3186/3186 3267/3267/3267 3187/3187/3187
f 3267/3267/3267 3186/3186/3186 3268/3268/3268
f 3270/3270/3270 3269/3269/3269 3187/3187/3187
f 3177/3177/3177 3271/3271/3271 3178/3178/3178
f 3271/3271/3271 3177/3177/3177 3272/3272/3272
f 3178/3178/3178 3273/3273/3273 3185/3185/3185
f 3178/3178/3178 3274/3274/3274 3273/3273/3273
f 3273/3273/3273 3275/3275/3275 3185/3185/3185
f 3276/3276/3276 3264/3264/3264 3179/3179/3179
f 3185/3185/3185 3278/3278/3278 3186/3186/3186
f 3277/3277/3277 3186/3186/3186 3278/3278/3278
f 3279/3279/3279 3187/3187/3187 3269/3269/3269
f 3197/3197/3197 3281/3281/3281 3196/3196/3196
f 3280/3280/3280 3196/3196/3196 3281/3281/3281
f 3197/3197/3197 3283/3283/3283 3282/3282/3282
f 3284/3284/3284 3199/3199/3199 3280/3280/3280
f 3199/3199/3199 3286/3286/3286 3198/3198/3198
f 3285/3285/3285 3179/3179/3179 3201/3201/3201
f 3287/3287/3287 3179/3179/3179 3285/3285/3285
f 3288/3288/3288 3210/3210/3210 3187/3187/3187
f 3187/3187/3187 3289/3289/3289 3288/3288/3288
f 3291/3291/3291 3290/3290/3290 3212/3212/3212
f 3210/3210/3210 3292/3292/3292 3212/3212/3212
f 3295/3295/3295 3294/3294/3294 3213/3213/3213
f 3297/3297/3297 3213/3213/3213 3214/3214/3214
f 3214/3214/3214 3296/3296/3296 3297/3297/3297
f 3304/3304/3304 3303/3303/3303 3305/3305/3305
f 3306/3306/3306 3305/3305/3305 3307/3307/3307
f 3310/3310/3310 3312/3312/3312 3313/3313/3313
f 3314/3314/3314 3313/3313/3313 3315/3315/3315
f 3305/3305/3305 3309/3309/3309 3307/3307/3307
f 3305/3305/3305 3302/3302/3302 3309/3309/3309
f 3302/3302/3302 3305/3305/3305 3303/3303/3303
f 3304/3304/3304 3306/3306/3306 3313/3313/3313
f 3306/3306/3306 3308/3308/3308 3315/3315/3315
f 3317/3317/3317 3314/3314/3314 3316/3316/3316
f 3311/3311/3311 3310/3310/3310 3314/3314/3314
f 3314/3314/3314 3317/3317/3317 3311/3311/3311
f 3318/3318/3318 3319/3319/3319 3302/3302/3302
f 3303/3303/3303 3321/3321/3321 3302/3302/3302
f 3320/3320/3320 3321/3321/3321 3303/3303/3303
f 3322/3322/3322 3323/3323/3323 3310/3310/3310
f 3311/3311/3311 3325/3325/3325 3310/3310/3310
f 3324/3324/3324 3325/3325/3325 3311/3311/3311
f 3330/3330/3330 3331/3331/3331 3309/3309/3309
f 3333/3333/3333 3302/3302/3302 3332/3332/3332
f 3304/3304/3304 3334/3334/3334 3303/3303/3303
f 3320/3320/3320 3303/3303/3303 3334/3334/3334
f 3335/3335/3335 3336/3336/3336 3302/3302/3302
f 3338/3338/3338 3309/3309/3309 3302/3302/3302
f 3302/3302/3302 3337/3337/3337 3338/3338/3338
f 3339/3339/3339 3340/3340/3340 3304/3304/3304
f 3312/3312/3312 3342/3342/3342 3304/3304/3304
f 3341/3341/3341 3342/3342/3342 3312/3312/3312
f 3346/3346/3346 3317/3317/3317 3345/3345/3345
f 3310/3310/3310 3350/3350/3350 3312/3312/3312
f 3349/3349/3349 3350/3350/3350 3310/3310/3310
f 3351/3351/3351 3324/3324/3324 3311/3311/3311
f 3311/3311/3311 3352/3352/3352 3353/3353/3353
f 3317/3317/3317 3354/3354/3354 3311/3311/3311
f 3355/3355/3355 3311/3311/3311 3354/3354/3354
f 3361/3361/3361 3360/3360/3360 3298/3298/3298
f 3362/3362/3362 3298/3298/3298 3299/3299/3299
f 3299/3299/3299 3363/3363/3363 3362/3362/3362
f 3365/3365/3365 3364/3364/3364 3300/3300/3300
f 3301/3301/3301 3365/3365/3365 3300/3300/3300
f 3309/3309/3309 3366/3366/3366 3307/3307/3307
f 3309/3309/3309 3367/3367/3367 3366/3366/3366
f 3369/3369/3369 3368/3368/3368 3307/3307/3307
f 3316/3316/3316 3370/3370/3370 3317/3317/3317
f 3316/3316/3316 3371/3371/3371 3370/3370/3370
f 3373/3373/3373 3372/3372/3372 3317/3317/3317
f 3375/3375/3375 3374/3374/3374 3315/3315/3315
f 3308/3308/3308 3376/3376/3376 3315/3315/3315
f 3377/3377/3377 3376/3376/3376 3308/3308/3308
f 3307/3307/3307 3378/3378/3378 3308/3308/3308
f 3307/3307/3307 3379/3379/3379 3378/3378/3378
f 3380/3380/3380 3367/3367/3367 3309/3309/3309
f 3315/3315/3315 3374/3374/3374 3316/3316/3316
f 3381/3381/3381 3316/3316/3316 3374/3374/3374
f 3382/3382/3382 3317/3317/3317 3383/3383/3383
f 3327/3327/3327 3385/3385/3385 3326/3326/3326
f 3327/3327/3327 3386/3386/3386 3385/3385/3385
f 3329/3329/3329 3388/3388/3388 3328/3328/3328
f 3387/3387/3387 3328/3328/3328 3388/3388/3388
f 3329/3329/3329 3390/3390/3390 3389/3389/3389
f 3392/3392/3392 3309/3309/3309 3331/3331/3331
f 3391/3391/3391 3309/3309/3309 3392/3392/3392
f 3394/3394/3394 3393/3393/3393 3343/3343/3343
f 3395/3395/3395 3343/3343/3343 3344/3344/3344
f 3397/3397/3397 3345/3345/3345 3317/3317/3317
f 3317/3317/3317 3398/3398/3398 3397/3397/3397
f 3400/3400/3400 3399/3399/3399 3347/3347/3347
f 3401/3401/3401 3347/3347/3347 3348/3348/3348
f 3348/3348/3348 3402/3402/3402 3401/3401/3401
f 3404/3404/3404 3403/3403/3403 3356/3356/3356
f 3405/3405/3405 3356/3356/3356 3357/3357/3357
f 3357/3357/3357 3406/3406/3406 3405/3405/3405
f 3407/3407/3407 3358/3358/3358 3408/3408/3408
f 3359/3359/3359 3408/3408/3408 3358/3358/3358
f 3411/3411/3411 3409/3409/3409 3410/3410/3410
f 3413/3413/3413 3409/3409/3409 3414/3414/3414
f 3416/3416/3416 3410/3410/3410 3409/3409/3409
f 3410/3410/3410 3416/3416/3416 3415/3415/3415
f 3419/3419/3419 3417/3417/3417 3418/3418/3418
f 3421/3421/3421 3417/3417/3417 3422/3422/3422
f 3424/3424/3424 3418/3418/3418 3417/3417/3417
f 3418/3418/3418 3424/3424/3424 3423/3423/3423
f 3425/3425/3425 3426/3426/3426 3427/3427/3427
f 3428/3428/3428 3429/3429/3429 3430/3430/3430
f 3431/3431/3431 3432/3432/3432 3433/3433/3433
f 3434/3434/3434 3435/3435/3435 3436/3436/3436
f 3437/3437/3437 3438/3438/3438 3439/3439/3439
f 3440/3440/3440 3441/3441/3441 3442/3442/3442
f 3443/3443/3443 3444/3444/3444 3445/3445/3445
f 3446/3446/3446 3447/3447/3447 3448/3448/3448
f 3449/3449/3449 3450/3450/3450 3451/3451/3451
f 3450/3450/3450 3449/3449/3449 3452/3452/3452
f 3449/3449/3449 3451/3451/3451 3453/3453/3453
f 3454/3454/3454 3453/3453/3453 3455/3455/3455
f 3454/3454/3454 3456/3456/3456 3449/3449/3449
f 3453/3453/3453 3454/3454/3454 3449/3449/3449
f 3459/3459/3459 3458/3458/3458 3460/3460/3460
f 3461/3461/3461 3460/3460/3460 3462/3462/3462
f 3465/3465/3465 3467/3467/3467 3468/3468/3468
f 3469/3469/3469 3468/3468/3468 3470/3470/3470
f 3460/3460/3460 3464/3464/3464 3462/3462/3462
f 3457/3457/3457 3464/3464/3464 3460/3460/3460
f 3457/3457/3457 3460/3460/3460 3458/3458/3458
f 3459/3459/3459 3461/3461/3461 3468/3468/3468
f 3461/3461/3461 3463/3463/3463 3470/3470/3470
f 3472/3472/3472 3469/3469/3469 3471/3471/3471
f 3466/3466/3466 3465/3465/3465 3469/3469/3469
f 3469/3469/3469 3472/3472/3472 3466/3466/3466
f 3473/3473/3473 3474/3474/3474 3457/3457/3457
f 3458/3458/3458 3476/3476/3476 3457/3457/3457
f 3475/3475/3475 3476/3476/3476 3458/3458/3458
f 3477/3477/3477 3478/3478/3478 3465/3465/3465
f 3466/3466/3466 3480/3480/3480 3465/3465/3465
f 3479/3479/3479 3480/3480/3480 3466/3466/3466
f 3485/3485/3485 3486/3486/3486 3464/3464/3464
f 3488/3488/3488 3457/3457/3457 3487/3487/3487
f 3490/3490/3490 3459/3459/3459 3467/3467/3467
f 3467/3467/3467 3489/3489/3489 3490/3490/3490
f 3491/3491/3491 3492/3492/3492 3459/3459/3459
f 3459/3459/3459 3492/3492/3492 3458/3458/3458
f 3475/3475/3475 3458/3458/3458 3492/3492/3492
f 3474/3474/3474 3487/3487/3487 3457/3457/3457
f 3485/3485/3485 3464/3464/3464 3457/3457/3457
f 3457/3457/3457 3493/3493/3493 3485/3485/3485
f 3497/3497/3497 3472/3472/3472 3496/3496/3496
f 3465/3465/3465 3500/3500/3500 3467/3467/3467
f 3478/3478/3478 3500/3500/3500 3465/3465/3465
f 3501/3501/3501 3479/3479/3479 3466/3466/3466
f 3466/3466/3466 3502/3502/3502 3503/3503/3503
f 3472/3472/3472 3504/3504/3504 3466/3466/3466
f 3502/3502/3502 3466/3466/3466 3504/3504/3504
f 3510/3510/3510 3509/3509/3509 3511/3511/3511
f 3512/3512/3512 3511/3511/3511 3513/3513/3513
f 3516/3516/3516 3518/3518/3518 3519/3519/3519
f 3520/3520/3520 3519/3519/3519 3521/3521/3521
f 3511/3511/3511 3515/3515/3515 3513/3513/3513
f 3508/3508/3508 3515/3515/3515 3511/3511/3511
f 3508/3508/3508 3511/3511/3511 3509/3509/3509
f 3510/3510/3510 3512/3512/3512 3519/3519/3519
f 3512/3512/3512 3514/3514/3514 3521/3521/3521
f 3523/3523/3523 3520/3520/3520 3522/3522/3522
f 3517/3517/3517 3516/3516/3516 3520/3520/3520
f 3520/3520/3520 3523/3523/3523 3517/3517/3517
f 3524/3524/3524 3525/3525/3525 3508/3508/3508
f 3509/3509/3509 3527/3527/3527 3508/3508/3508
f 3526/3526/3526 3527/3527/3527 3509/3509/3509
f 3528/3528/3528 3529/3529/3529 3516/3516/3516
f 3517/3517/3517 3531/3531/3531 3516/3516/3516
f 3530/3530/3530 3531/3531/3531 3517/3517/3517
f 3536/3536/3536 3537/3537/3537 3515/3515/3515
f 3539/3539/3539 3508/3508/3508 3538/3538/3538
f 3518/3518/3518 3540/3540/3540 3510/3510/3510
f 3541/3541/3541 3510/3510/3510 3540/3540/3540
f 3542/3542/3542 3543/3543/3543 3518/3518/3518
f 3510/3510/3510 3544/3544/3544 3509/3509/3509
f 3526/3526/3526 3509/3509/3509 3544/3544/3544
f 3525/3525/3525 3538/3538/3538 3508/3508/3508
f 3536/3536/3536 3515/3515/3515 3508/3508/3508
f 3508/3508/3508 3545/3545/3545 3536/3536/3536
f 3547/3547/3547 3523/3523/3523 3546/3546/3546
f 3516/3516/3516 3551/3551/3551 3518/3518/3518
f 3529/3529/3529 3551/3551/3551 3516/3516/3516
f 3552/3552/3552 3553/3553/3553 3517/3517/3517
f 3517/3517/3517 3554/3554/3554 3555/3555/3555
f 3523/3523/3523 3556/3556/3556 3517/3517/3517
f 3554/3554/3554 3517/3517/3517 3556/3556/3556
f 3464/3464/3464 3557/3557/3557 3462/3462/3462
f 3557/3557/3557 3464/3464/3464 3558/3558/3558
f 3560/3560/3560 3559/3559/3559 3462/3462/3462
f 3471/3471/3471 3561/3561/3561 3472/3472/3472
f 3561/3561/3561 3471/3471/3471 3562/3562/3562
f 3561/3561/3561 3563/3563/3563 3472/3472/3472
f 3462/3462/3462 3564/3564/3564 3463/3463/3463
f 3564/3564/3564 3462/3462/3462 3565/3565/3565
f 3463/3463/3463 3566/3566/3566 3470/3470/3470
f 3463/3463/3463 3564/3564/3564 3566/3566/3566
f 3568/3568/3568 3567/3567/3567 3470/3470/3470
f 3570/3570/3570 3569/3569/3569 3464/3464/3464
f 3572/3572/3572 3471/3471/3471 3470/3470/3470
f 3571/3571/3571 3471/3471/3471 3572/3572/3572
f 3573/3573/3573 3472/3472/3472 3574/3574/3574
f 3482/3482/3482 3576/3576/3576 3481/3481/3481
f 3575/3575/3575 3481/3481/3481 3576/3576/3576
f 3482/3482/3482 3578/3578/3578 3577/3577/3577
f 3579/3579/3579 3484/3484/3484 3580/3580/3580
f 3484/3484/3484 3582/3582/3582 3483/3483/3483
f 3581/3581/3581 3464/3464/3464 3486/3486/3486
f 3583/3583/3583 3464/3464/3464 3581/3581/3581
f 3585/3585/3585 3584/3584/3584 3494/3494/3494
f 3586/3586/3586 3494/3494/3494 3495/3495/3495
f 3588/3588/3588 3496/3496/3496 3472/3472/3472
f 3472/3472/3472 3589/3589/3589 3588/3588/3588
f 3591/3591/3591 3590/3590/3590 3498/3498/3498
f 3592/3592/3592 3498/3498/3498 3499/3499/3499
f 3499/3499/3499 3593/3593/3593 3592/3592/3592
f 3595/3595/3595 3594/3594/3594 3506/3506/3506
f 3596/3596/3596 3506/3506/3506 3505/3505/3505
f 3505/3505/3505 3597/3597/3597 3596/3596/3596
f 3594/3594/3594 3598/3598/3598 3507/3507/3507
f 3507/3507/3507 3506/3506/3506 3594/3594/3594
f 3515/3515/3515 3599/3599/3599 3513/3513/3513
f 3599/3599/3599 3515/3515/3515 3600/3600/3600
f 3602/3602/3602 3601/3601/3601 3513/3513/3513
f 3522/3522/3522 3603/3603/3603 3523/3523/3523
f 3603/3603/3603 3522/3522/3522 3604/3604/3604
f 3606/3606/3606 3605/3605/3605 3523/3523/3523
f 3513/3513/3513 3607/3607/3607 3514/3514/3514
f 3607/3607/3607 3513/3513/3513 3608/3608/3608
f 3514/3514/3514 3609/3609/3609 3521/3521/3521
f 3514/3514/3514 3610/3610/3610 3609/3609/3609
f 3609/3609/3609 3611/3611/3611 3521/3521/3521
f 3612/3612/3612 3600/3600/3600 3515/3515/3515
f 3521/3521/3521 3614/3614/3614 3522/3522/3522
f 3613/3613/3613 3522/3522/3522 3614/3614/3614
f 3615/3615/3615 3523/3523/3523 3605/3605/3605
f 3533/3533/3533 3617/3617/3617 3532/3532/3532
f 3616/3616/3616 3532/3532/3532 3617/3617/3617
f 3533/3533/3533 3619/3619/3619 3618/3618/3618
f 3620/3620/3620 3535/3535/3535 3616/3616/3616
f 3535/3535/3535 3622/3622/3622 3534/3534/3534
f 3621/3621/3621 3515/3515/3515 3537/3537/3537
f 3623/3623/3623 3515/3515/3515 3621/3621/3621
f 3624/3624/3624 3546/3546/3546 3523/3523/3523
f 3523/3523/3523 3625/3625/3625 3624/3624/3624
f 3627/3627/3627 3626/3626/3626 3548/3548/3548
f 3546/3546/3546 3628/3628/3628 3548/3548/3548
f 3631/3631/3631 3630/3630/3630 3549/3549/3549
f 3633/3633/3633 3549/3549/3549 3550/3550/3550
f 3550/3550/3550 3632/3632/3632 3633/3633/3633
f 3640/3640/3640 3639/3639/3639 3641/3641/3641
f 3642/3642/3642 3641/3641/3641 3643/3643/3643
f 3646/3646/3646 3648/3648/3648 3649/3649/3649
f 3650/3650/3650 3649/3649/3649 3651/3651/3651
f 3641/3641/3641 3645/3645/3645 3643/3643/3643
f 3641/3641/3641 3638/3638/3638 3645/3645/3645
f 3638/3638/3638 3641/3641/3641 3639/3639/3639
f 3640/3640/3640 3642/3642/3642 3649/3649/3649
f 3642/3642/3642 3644/3644/3644 3651/3651/3651
f 3653/3653/3653 3650/3650/3650 3652/3652/3652
f 3647/3647/3647 3646/3646/3646 3650/3650/3650
f 3650/3650/3650 3653/3653/3653 3647/3647/3647
f 3654/3654/3654 3655/3655/3655 3638/3638/3638
f 3639/3639/3639 3657/3657/3657 3638/3638/3638
f 3656/3656/3656 3657/3657/3657 3639/3639/3639
f 3658/3658/3658 3659/3659/3659 3646/3646/3646
f 3647/3647/3647 3661/3661/3661 3646/3646/3646
f 3660/3660/3660 3661/3661/3661 3647/3647/3647
f 3666/3666/3666 3667/3667/3667 3645/3645/3645
f 3669/3669/3669 3638/3638/3638 3668/3668/3668
f 3640/3640/3640 3670/3670/3670 3639/3639/3639
f 3656/3656/3656 3639/3639/3639 3670/3670/3670
f 3671/3671/3671 3672/3672/3672 3638/3638/3638
f 3674/3674/3674 3645/3645/3645 3638/3638/3638
f 3638/3638/3638 3673/3673/3673 3674/3674/3674
f 3675/3675/3675 3676/3676/3676 3640/3640/3640
f 3648/3648/3648 3678/3678/3678 3640/3640/3640
f 3677/3677/3677 3678/3678/3678 3648/3648/3648
f 3682/3682/3682 3653/3653/3653 3681/3681/3681
f 3646/3646/3646 3686/3686/3686 3648/3648/3648
f 3685/3685/3685 3686/3686/3686 3646/3646/3646
f 3687/3687/3687 3660/3660/3660 3647/3647/3647
f 3647/3647/3647 3688/3688/3688 3689/3689/3689
f 3653/3653/3653 3690/3690/3690 3647/3647/3647
f 3691/3691/3691 3647/3647/3647 3690/3690/3690
f 3697/3697/3697 3696/3696/3696 3634/3634/3634
f 3698/3698/3698 3634/3634/3634 3635/3635/3635
f 3635/3635/3635 3699/3699/3699 3698/3698/3698
f 3701/3701/3701 3700/3700/3700 3636/3636/3636
f 3637/3637/3637 3701/3701/3701 3636/3636/3636
f 3645/3645/3645 3702/3702/3702 3643/3643/3643
f 3645/3645/3645 3703/3703/3703 3702/3702/3702
f 3705/3705/3705 3704/3704/3704 3643/3643/3643
f 3652/3652/3652 3706/3706/3706 3653/3653/3653
f 3652/3652/3652 3707/3707/3707 3706/3706/3706
f 3709/3709/3709 3708/3708/3708 3653/3653/3653
f 3711/3711/3711 3710/3710/3710 3651/3651/3651
f 3644/3644/3644 3712/3712/3712 3651/3651/3651
f 3713/3713/3713 3712/3712/3712 3644/3644/3644
f 3643/3643/3643 3714/3714/3714 3644/3644/3644
f 3643/3643/3643 3715/3715/3715 3714/3714/3714
f 3716/3716/3716 3703/3703/3703 3645/3645/3645
f 3651/3651/3651 3710/3710/3710 3652/3652/3652
f 3717/3717/3717 3652/3652/3652 3710/3710/3710
f 3718/3718/3718 3653/3653/3653 3719/3719/3719
f 3663/3663/3663 3721/3721/3721 3662/3662/3662
f 3663/3663/3663 3722/3722/3722 3721/3721/3721
f 3665/3665/3665 3724/3724/3724 3664/3664/3664
f 3723/3723/3723 3664/3664/3664 3724/3724/3724
f 3665/3665/3665 3726/3726/3726 3725/3725/3725
f 3728/3728/3728 3645/3645/3645 3667/3667/3667
f 3727/3727/3727 3645/3645/3645 3728/3728/3728
f 3730/3730/3730 3729/3729/3729 3679/3679/3679
f 3731/3731/3731 3679/3679/3679 3680/3680/3680
f 3733/3733/3733 3681/3681/3681 3653/3653/3653
f 3653/3653/3653 3734/3734/3734 3733/3733/3733
f 3736/3736/3736 3735/3735/3735 3683/3683/3683
f 3737/3737/3737 3683/3683/3683 3684/3684/3684
f 3684/3684/3684 3738/3738/3738 3737/3737/3737
f 3740/3740/3740 3739/3739/3739 3692/3692/3692
f 3741/3741/3741 3692/3692/3692 3693/3693/3693
f 3693/3693/3693 3742/3742/3742 3741/3741/3741
f 3743/3743/3743 3694/3694/3694 3744/3744/3744
f 3695/3695/3695 3744/3744/3744 3694/3694/3694
f 3747/3747/3747 3745/3745/3745 3746/3746/3746
f 3749/3749/3749 3745/3745/3745 3750/3750/3750
f 3752/3752/3752 3746/3746/3746 3745/3745/3745
f 3746/3746/3746 3752/3752/3752 3751/3751/3751
f 3755/3755/3755 3753/3753/3753 3754/3754/3754
f 3757/3757/3757 3753/3753/3753 3758/3758/3758
f 3760/3760/3760 3754/3754/3754 3753/3753/3753
f 3754/3754/3754 3760/3760/3760 3759/3759/3759
f 3761/3761/3761 3762/3762/3762 3763/3763/3763
f 3764/3764/3764 3765/3765/3765 3766/3766/3766
f 3767/3767/3767 3768/3768/3768 3769/3769/3769
f 3770/3770/3770 3771/3771/3771 3772/3772/3772
f 3773/3773/3773 3774/3774/3774 3775/3775/3775
f 3776/3776/3776 3777/3777/3777 3778/3778/3778
f 3779/3779/3779 3780/3780/3780 3781/3781/3781
f 3782/3782/3782 3783/3783/3783 3784/3784/3784
f 3785/3785/3785 3786/3786/3786 3787/3787/3787
f 3786/3786/3786 3785/3785/3785 3788/3788/3788
f 3785/3785/3785 3787/3787/3787 3789/3789/3789
f 3790/3790/3790 3789/3789/3789 3791/3791/3791
f 3790/3790/3790 3792/3792/3792 3785/3785/3785
f 3789/3789/3789 3790/3790/3790 3785/3785/3785
f 3795/3795/3795 3794/3794/3794 3796/3796/3796
f 3797/3797/3797 3796/3796/3796 3798/3798/3798
f 3801/3801/3801 3803/3803/3803 3804/3804/3804
f 3805/3805/3805 3804/3804/3804 3806/3806/3806
f 3796/3796/3796 3800/3800/3800 3798/3798/3798
f 3793/3793/3793 3800/3800/3800 3796/3796/3796
f 3793/3793/3793 3796/3796/3796 3794/3794/3794
f 3795/3795/3795 3797/3797/3797 3804/3804/3804
f 3797/3797/3797 3799/3799/3799 3806/3806/3806
f 3808/3808/3808 3805/3805/3805 3807/3807/3807
f 3802/3802/3802 3801/3801/3801 3805/3805/3805
f 3805/3805/3805 3808/3808/3808 3802/3802/3802
f 3809/3809/3809 3810/3810/3810 3793/3793/3793
f 3794/3794/3794 3812/3812/3812 3793/3793/3793
f 3811/3811/3811 3812/3812/3812 3794/3794/3794
f 3813/3813/3813 3814/3814/3814 3801/3801/3801
f 3802/3802/3802 3816/3816/3816 3801/3801/3801
f 3815/3815/3815 3816/3816/3816 3802/3802/3802
f 3821/3821/3821 3822/3822/3822 3800/3800/3800
f 3824/3824/3824 3793/3793/3793 3823/3823/3823
f 3826/3826/3826 3795/3795/3795 3803/3803/3803
f 3803/3803/3803 3825/3825/3825 3826/3826/3826
f 3827/3827/3827 3828/3828/3828 3795/3795/3795
f 3795/3795/3795 3828/3828/3828 3794/3794/3794
f 3811/3811/3811 3794/3794/3794 3828/3828/3828
f 3810/3810/3810 3823/3823/3823 3793/3793/3793
f 3821/3821/3821 3800/3800/3800 3793/3793/3793
f 3793/3793/3793 3829/3829/3829 3821/3821/3821
f 3833/3833/3833 3808/3808/3808 3832/3832/3832
f 3801/3801/3801 3836/3836/3836 3803/3803/3803
f 3814/3814/3814 3836/3836/3836 3801/3801/3801
f 3837/3837/3837 3815/3815/3815 3802/3802/3802
f 3802/3802/3802 3838/3838/3838 3839/3839/3839
f 3808/3808/3808 3840/3840/3840 3802/3802/3802
f 3838/3838/3838 3802/3802/3802 3840/3840/3840
f 3846/3846/3846 3845/3845/3845 3847/3847/3847
f 3848/3848/3848 3847/3847/3847 3849/3849/3849
f 3852/3852/3852 3854/3854/3854 3855/3855/3855
f 3856/3856/3856 3855/3855/3855 3857/3857/3857
f 3847/3847/3847 3851/3851/3851 3849/3849/3849
f 3844/3844/3844 3851/3851/3851 3847/3847/3847
f 3844/3844/3844 3847/3847/3847 3845/3845/3845
f 3846/3846/3846 3848/3848/3848 3855/3855/3855
f 3848/3848/3848 3850/3850/3850 3857/3857/3857
f 3859/3859/3859 3856/3856/3856 3858/3858/3858
f 3853/3853/3853 3852/3852/3852 3856/3856/3856
f 3856/3856/3856 3859/3859/3859 3853/3853/3853
f 3860/3860/3860 3861/3861/3861 3844/3844/3844
f 3845/3845/3845 3863/3863/3863 3844/3844/3844
f 3862/3862/3862 3863/3863/3863 3845/3845/3845
f 3864/3864/3864 3865/3865/3865 3852/3852/3852
f 3853/3853/3853 3867/3867/3867 3852/3852/3852
f 3866/3866/3866 3867/3867/3867 3853/3853/3853
f 3872/3872/3872 3873/3873/3873 3851/3851/3851
f 3875/3875/3875 3844/3844/3844 3874/3874/3874
f 3854/3854/3854 3876/3876/3876 3846/3846/3846
f 3877/3877/3877 3846/3846/3846 3876/3876/3876
f 3878/3878/3878 3879/3879/3879 3854/3854/3854
f 3846/3846/3846 3880/3880/3880 3845/3845/3845
f 3862/3862/3862 3845/3845/3845 3880/3880/3880
f 3861/3861/3861 3874/3874/3874 3844/3844/3844
f 3872/3872/3872 3851/3851/3851 3844/3844/3844
f 3844/3844/3844 3881/3881/3881 3872/3872/3872
f 3883/3883/3883 3859/3859/3859 3882/3882/3882
f 3852/3852/3852 3887/3887/3887 3854/3854/3854
f 3865/3865/3865 3887/3887/3887 3852/3852/3852
f 3888/3888/3888 3889/3889/3889 3853/3853/3853
f 3853/3853/3853 3890/3890/3890 3891/3891/3891
f 3859/3859/3859 3892/3892/3892 3853/3853/3853
f 3890/3890/3890 3853/3853/3853 3892/3892/3892
f 3800/3800/3800 3893/3893/3893 3798/3798/3798
f 3893/3893/3893 3800/3800/3800 3894/3894/3894
f 3896/3896/3896 3895/3895/3895 3798/3798/3798
f 3807/3807/3807 3897/3897/3897 3808/3808/3808
f 3897/3897/3897 3807/3807/3807 3898/3898/3898
f 3897/3897/3897 3899/3899/3899 3808/3808/3808
f 3798/3798/3798 3900/3900/3900 3799/3799/3799
f 3900/3900/3900 3798/3798/3798 3901/3901/3901
f 3799/3799/3799 3902/3902/3902 3806/3806/3806
f 3799/3799/3799 3900/3900/3900 3902/3902/3902
f 3904/3904/3904 3903/3903/3903 3806/3806/3806
f 3906/3906/3906 3905/3905/3905 3800/3800/3800
f 3908/3908/3908 3807/3807/3807 3806/3806/3806
f 3907/3907/3907 3807/3807/3807 3908/3908/3908
f 3909/3909/3909 3808/3808/3808 3910/3910/3910
f 3818/3818/3818 3912/3912/3912 3817/3817/3817
f 3911/3911/3911 3817/3817/3817 3912/3912/3912
f 3818/3818/3818 3914/3914/3914 3913/3913/3913
f 3915/3915/3915 3820/3820/3820 3916/3916/3916
f 3820/3820/3820 3918/3918/3918 3819/3819/3819
f 3917/3917/3917 3800/3800/3800 3822/3822/3822
f 3919/3919/3919 3800/3800/3800 3917/3917/3917
f 3921/3921/3921 3920/3920/3920 3830/3830/3830
f 3922/3922/3922 3830/3830/3830 3831/3831/3831
f 3924/3924/3924 3832/3832/3832 3808/3808/3808
f 3808/3808/3808 3925/3925/3925 3924/3924/3924
f 3927/3927/3927 3926/3926/3926 3834/3834/3834
f 3928/3928/3928 3834/3834/3834 3835/3835/3835
f 3835/3835/3835 3929/3929/3929 3928/3928/3928
f 3931/3931/3931 3930/3930/3930 3842/3842/3842
f 3932/3932/3932 3842/3842/3842 3841/3841/3841
f 3841/3841/3841 3933/3933/3933 3932/3932/3932
f 3930/3930/3930 3934/3934/3934 3843/3843/3843
f 3843/3843/3843 3842/3842/3842 3930/3930/3930
f 3851/3851/3851 3935/3935/3935 3849/3849/3849
f 3935/3935/3935 3851/3851/3851 3936/3936/3936
f 3938/3938/3938 3937/3937/3937 3849/3849/3849
f 3858/3858/3858 3939/3939/3939 3859/3859/3859
f 3939/3939/3939 3858/3858/3858 3940/3940/3940
f 3942/3942/3942 3941/3941/3941 3859/3859/3859
f 3849/3849/3849 3943/3943/3943 3850/3850/3850
f 3943/3943/3943 3849/3849/3849 3944/3944/3944
f 3850/3850/3850 3945/3945/3945 3857/3857/3857
f 3850/3850/3850 3946/3946/3946 3945/3945/3945
f 3945/3945/3945 3947/3947/3947 3857/3857/3857
f 3948/3948/3948 3936/3936/3936 3851/3851/3851
f 3857/3857/3857 3950/3950/3950 3858/3858/3858
f 3949/3949/3949 3858/3858/3858 3950/3950/3950
f 3951/3951/3951 3859/3859/3859 3941/3941/3941
f 3869/3869/3869 3953/3953/3953 3868/3868/3868
f 3952/3952/3952 3868/3868/3868 3953/3953/3953
f 3869/3869/3869 3955/3955/3955 3954/3954/3954
f 3956/3956/3956 3871/3871/3871 3952/3952/3952
f 3871/3871/3871 3958/3958/3958 3870/3870/3870
f 3957/3957/3957 3851/3851/3851 3873/3873/3873
f 3959/3959/3959 3851/3851/3851 3957/3957/3957
f 3960/3960/3960 3882/3882/3882 3859/3859/3859
f 3859/3859/3859 3961/3961/3961 3960/3960/3960
f 3963/3963/3963 3962/3962/3962 3884/3884/3884
f 3882/3882/3882 3964/3964/3964 3884/3884/3884
f 3967/3967/3967 3966/3966/3966 3885/3885/3885
f 3969/3969/3969 3885/3885/3885 3886/3886/3886
f 3886/3886/3886 3968/3968/3968 3969/3969/3969
f 3976/3976/3976 3975/3975/3975 3977/3977/3977
f 3978/3978/3978 3977/3977/3977 3979/3979/3979
f 3982/3982/3982 3984/3984/3984 3985/3985/3985
f 3986/3986/3986 3985/3985/3985 3987/3987/3987
f 3977/3977/3977 3981/3981/3981 3979/3979/3979
f 3977/3977/3977 3974/3974/3974 3981/3981/3981
f 3974/3974/3974 3977/3977/3977 3975/3975/3975
f 3976/3976/3976 3978/3978/3978 3985/3985/3985
f 3978/3978/3978 3980/3980/3980 3987/3987/3987
f 3989/3989/3989 3986/3986/3986 3988/3988/3988
f 3983/3983/3983 3982/3982/3982 3986/3986/3986
f 3986/3986/3986 3989/3989/3989 3983/3983/3983
f 3990/3990/3990 3991/3991/3991 3974/3974/3974
f 3975/3975/3975 3993/3993/3993 3974/3974/3974
f 3992/3992/3992 3993/3993/3993 3975/3975/3975
f 3994/3994/3994 3995/3995/3995 3982/3982/3982
f 3983/3983/3983 3997/3997/3997 3982/3982/3982
f 3996/3996/3996 3997/3997/3997 3983/3983/3983
f 4002/4002/4002 4003/4003/4003 3981/3981/3981
f 4005/4005/4005 3974/3974/3974 4004/4004/4004
f 3976/3976/3976 4006/4006/4006 3975/3975/3975
f 3992/3992/3992 3975/3975/3975 4006/4006/4006
f 4007/4007/4007 4008/4008/4008 3974/3974/3974
f 4010/4010/4010 3981/3981/3981 3974/3974/3974
f 3974/3974/3974 4009/4009/4009 4010/4010/4010
f 4011/4011/4011 4012/4012/4012 3976/3976/3976
f 3984/3984/3984 4014/4014/4014 3976/3976/3976
f 4013/4013/4013 4014/4014/4014 3984/3984/3984
f 4018/4018/4018 3989/3989/3989 4017/4017/4017
f 3982/3982/3982 4022/4022/4022 3984/3984/3984
f 4021/4021/4021 4022/4022/4022 3982/3982/3982
f 4023/4023/4023 3996/3996/3996 3983/3983/3983
f 3983/3983/3983 4024/4024/4024 4025/4025/4025
f 3989/3989/3989 4026/4026/4026 3983/3983/3983
f 4027/4027/4027 3983/3983/3983 4026/4026/4026
f 4033/4033/4033 4032/4032/4032 3970/3970/3970
f 4034/4034/4034 3970/3970/3970 3971/3971/3971
f 3971/3971/3971 4035/4035/4035 4034/4034/4034
f 4037/4037/4037 4036/4036/4036 3972/3972/3972
f 3973/3973/3973 4037/4037/4037 3972/3972/3972
f 3981/3981/3981 4038/4038/4038 3979/3979/3979
f 3981/3981/3981 4039/4039/4039 4038/4038/4038
f 4041/4041/4041 4040/4040/4040 3979/3979/3979
f 3988/3988/3988 4042/4042/4042 3989/3989/3989
f 3988/3988/3988 4043/4043/4043 4042/4042/4042
f 4045/4045/4045 4044/4044/4044 3989/3989/3989
f 4047/4047/4047 4046/4046/4046 3987/3987/3987
f 3980/3980/3980 4048/4048/4048 3987/3987/3987
f 4049/4049/4049 4048/4048/4048 3980/3980/3980
f 3979/3979/3979 4050/4050/4050 3980/3980/3980
f 3979/3979/3979 4051/4051/4051 4050/4050/4050
f 4052/4052/4052 4039/4039/4039 3981/3981/3981
f 3987/3987/3987 4046/4046/4046 3988/3988/3988
f 4053/4053/4053 3988/3988/3988 4046/4046/4046
f 4054/4054/4054 3989/3989/3989 4055/4055/4055
f 3999/3999/3999 4057/4057/4057 3998/3998/3998
f 3999/3999/3999 4058/4058/4058 4057/4057/4057
f 4001/4001/4001 4060/4060/4060 4000/4000/4000
f 4059/4059/4059 4000/4000/4000 4060/4060/4060
f 4001/4001/4001 4062/4062/4062 4061/4061/4061
f 4064/4064/4064 3981/3981/3981 4003/4003/4003
f 4063/4063/4063 3981/3981/3981 4064/4064/4064
f 4066/4066/4066 4065/4065/4065 4015/4015/4015
f 4067/4067/4067 4015/4015/4015 4016/4016/4016
f 4069/4069/4069 4017/4017/4017 3989/3989/3989
f 3989/3989/3989 4070/4070/4070 4069/4069/4069
f 4072/4072/4072 4071/4071/4071 4019/4019/4019
f 4073/4073/4073 4019/4019/4019 4020/4020/4020
f 4020/4020/4020 4074/4074/4074 4073/4073/4073
f 4076/4076/4076 4075/4075/4075 4028/4028/4028
f 4077/4077/4077 4028/4028/4028 4029/4029/4029
f 4029/4029/4029 4078/4078/4078 4077/4077/4077
f 4079/4079/4079 4030/4030/4030 4080/4080/4080
f 4031/4031/4031 4080/4080/4080 4030/4030/4030
f 4083/4083/4083 4081/4081/4081 4082/4082/4082
f 4085/4085/4085 4081/4081/4081 4086/4086/4086
f 4088/4088/4088 4082/4082/4082 4081/4081/4081
f 4082/4082/4082 4088/4088/4088 4087/4087/4087
f 4091/4091/4091 4089/4089/4089 4090/4090/4090
f 4093/4093/4093 4089/4089/4089 4094/4094/4094
f 4096/4096/4096 4090/4090/4090 4089/4089/4089
f 4090/4090/4090 4096/4096/4096 4095/4095/4095
f 4097/4097/4097 4098/4098/4098 4099/4099/4099
f 4100/4100/4100 4101/4101/4101 4102/4102/4102
f 4103/4103/4103 4104/4104/4104 4105/4105/4105
f 4106/4106/4106 4107/4107/4107 4108/4108/4108
f 4109/4109/4109 4110/4110/4110 4111/4111/4111
f 4112/4112/4112 4113/4113/4113 4114/4114/4114
f 4115/4115/4115 4116/4116/4116 4117/4117/4117
f 4118/4118/4118 4119/4119/4119 4120/4120/4120
f 4121/4121/4121 4122/4122/4122 4123/4123/4123
f 4122/4122/4122 4121/4121/4121 4124/4124/4124
f 4121/4121/4121 4123/4123/4123 4125/4125/4125
f 4126/4126/4126 4125/4125/4125 4127/4127/4127
f 4126/4126/4126 4128/4128/4128 4121/4121/4121
f 4125/4125/4125 4126/4126/4126 4121/4121/4121
f 4131/4131/4131 4130/4130/4130 4132/4132/4132
f 4133/4133/4133 4132/4132/4132 4134/4134/4134
f 4137/4137/4137 4139/4139/4139 4140/4140/4140
f 4141/4141/4141 4140/4140/4140 4142/4142/4142
f 4132/4132/4132 4136/4136/4136 4134/4134/4134
f 4129/4129/4129 4136/4136/4136 4132/4132/4132
f 4129/4129/4129 4132/4132/4132 4130/4130/4130
f 4131/4131/4131 4133/4133/4133 4140/4140/4140
f 4133/4133/4133 4135/4135/4135 4142/4142/4142
f 4144/4144/4144 4141/4141/4141 4143/4143/4143
f 4138/4138/4138 4137/4137/4137 4141/4141/4141
f 4141/4141/4141 4144/4144/4144 4138/4138/4138
f 4145/4145/4145 4146/4146/4146 4129/4129/4129
f 4130/4130/4130 4148/4148/4148 4129/4129/4129
f 4147/4147/4147 4148/4148/4148 4130/4130/4130
f 4149/4149/4149 4150/4150/4150 4137/4137/4137
f 4138/4138/4138 4152/4152/4152 4137/4137/4137
f 4151/4151/4151 4152/4152/4152 4138/4138/4138
f 4157/4157/4157 4158/4158/4158 4136/4136/4136
f 4160/4160/4160 4129/4129/4129 4159/4159/4159
f 4162/4162/4162 4131/4131/4131 4139/4139/4139
f 4139/4139/4139 4161/4161/4161 4162/4162/4162
f 4163/4163/4163 4164/4164/4164 4131/4131/4131
f 4131/4131/4131 4164/4164/4164 4130/4130/4130
f 4147/4147/4147 4130/4130/4130 4164/4164/4164
f 4146/4146/4146 4159/4159/4159 4129/4129/4129
f 4157/4157/4157 4136/4136/4136 4129/4129/4129
f 4129/4129/4129 4165/4165/4165 4157/4157/4157
f 4169/4169/4169 4144/4144/4144 4168/4168/4168
f 4137/4137/4137 4172/4172/4172 4139/4139/4139
f 4150/4150/4150 4172/4172/4172 4137/4137/4137
f 4173/4173/4173 4151/4151/4151 4138/4138/4138
f 4138/4138/4138 4174/4174/4174 4175/4175/4175
f 4144/4144/4144 4176/4176/4176 4138/4138/4138
f 4174/4174/4174 4138/4138/4138 4176/4176/4176
f 4182/4182/4182 4181/4181/4181 4183/4183/4183
f 4184/4184/4184 4183/4183/4183 4185/4185/4185
f 4188/4188/4188 4190/4190/4190 4191/4191/4191
f 4192/4192/4192 4191/4191/4191 4193/4193/4193
f 4183/4183/4183 4187/4187/4187 4185/4185/4185
f 4180/4180/4180 4187/4187/4187 4183/4183/4183
f 4180/4180/4180 4183/4183/4183 4181/4181/4181
f 4182/4182/4182 4184/4184/4184 4191/4191/4191
f 4184/4184/4184 4186/4186/4186 4193/4193/4193
f 4195/4195/4195 4192/4192/4192 4194/4194/4194
f 4189/4189/4189 4188/4188/4188 4192/4192/4192
f 4192/4192/4192 4195/4195/4195 4189/4189/4189
f 4196/4196/4196 4197/4197/4197 4180/4180/4180
f 4181/4181/4181 4199/4199/4199 4180/4180/4180
f 4198/4198/4198 4199/4199/4199 4181/4181/4181
f 4200/4200/4200 4201/4201/4201 4188/4188/4188
f 4189/4189/4189 4203/4203/4203 4188/4188/4188
f 4202/4202/4202 4203/4203/4203 4189/4189/4189
f 4208/4208/4208 4209/4209/4209 4187/4187/4187
f 4211/4211/4211 4180/4180/4180 4210/4210/4210
f 4190/4190/4190 4212/4212/4212 4182/4182/4182
f 4213/4213/4213 4182/4182/4182 4212/4212/4212
f 4214/4214/4214 4215/4215/4215 4190/4190/4190
f 4182/4182/4182 4216/4216/4216 4181/4181/4181
f 4198/4198/4198 4181/4181/4181 4216/4216/4216
f 4197/4197/4197 4210/4210/4210 4180/4180/4180
f 4208/4208/4208 4187/4187/4187 4180/4180/4180
f 4180/4180/4180 4217/4217/4217 4208/4208/4208
f 4219/4219/4219 4195/4195/4195 4218/4218/4218
f 4188/4188/4188 4223/4223/4223 4190/4190/4190
f 4201/4201/4201 4223/4223/4223 4188/4188/4188
f 4224/4224/4224 4225/4225/4225 4189/4189/4189
f 4189/4189/4189 4226/4226/4226 4227/4227/4227
f 4195/4195/4195 4228/4228/4228 4189/4189/4189
f 4226/4226/4226 4189/4189/4189 4228/4228/4228
f 4136/4136/4136 4229/4229/4229 4134/4134/4134
f 4229/4229/4229 4136/4136/4136 4230/4230/4230
f 4232/4232/4232 4231/4231/4231 4134/4134/4134
f 4143/4143/4143 4233/4233/4233 4144/4144/4144
f 4233/4233/4233 4143/4143/4143 4234/4234/4234
f 4233/4233/4233 4235/4235/4235 4144/4144/4144
f 4134/4134/4134 4236/4236/4236 4135/4135/4135
f 4236/4236/4236 4134/4134/4134 4237/4237/4237
f 4135/4135/4135 4238/4238/4238 4142/4142/4142
f 4135/4135/4135 4236/4236/4236 4238/4238/4238
f 4240/4240/4240 4239/4239/4239 4142/4142/4142
f 4242/4242/4242 4241/4241/4241 4136/4136/4136
f 4244/4244/4244 4143/4143/4143 4142/4142/4142
f 4243/4243/4243 4143/4143/4143 4244/4244/4244
f 4245/4245/4245 4144/4144/4144 4246/4246/4246
f 4154/4154/4154 4248/4248/4248 4153/4153/4153
f 4247/4247/4247 4153/4153/4153 4248/4248/4248
f 4154/4154/4154 4250/4250/4250 4249/4249/4249
f 4251/4251/4251 4156/4156/4156 4252/4252/4252
f 4156/4156/4156 4254/4254/4254 4155/4155/4155
f 4253/4253/4253 4136/4136/4136 4158/4158/4158
f 4255/4255/4255 4136/4136/4136 4253/4253/4253
f 4257/4257/4257 4256/4256/4256 4166/4166/4166
f 4258/4258/4258 4166/4166/4166 4167/4167/4167
f 4260/4260/4260 4168/4168/4168 4144/4144/4144
f 4144/4144/4144 4261/4261/4261 4260/4260/4260
f 4263/4263/4263 4262/4262/4262 4170/4170/4170
f 4264/4264/4264 4170/4170/4170 4171/4171/4171
f 4171/4171/4171 4265/4265/4265 4264/4264/4264
f 4267/4267/4267 4266/4266/4266 4178/4178/4178
f 4268/4268/4268 4178/4178/4178 4177/4177/4177
f 4177/4177/4177 4269/4269/4269 4268/4268/4268
f 4266/4266/4266 4270/4270/4270 4179/4179/4179
f 4179/4179/4179 4178/4178/4178 4266/4266/4266
f 4187/4187/4187 4271/4271/4271 4185/4185/4185
f 4271/4271/4271 4187/4187/4187 4272/4272/4272
f 4274/4274/4274 4273/4273/4273 4185/4185/4185
f 4194/4194/4194 4275/4275/4275 4195/4195/4195
f 4275/4275/4275 4194/4194/4194 4276/4276/4276
f 4278/4278/4278 4277/4277/4277 4195/4195/4195
f 4185/4185/4185 4279/4279/4279 4186/4186/4186
f 4279/4279/4279 4185/4185/4185 4280/4280/4280
f 4186/4186/4186 4281/4281/4281 4193/4193/4193
f 4186/4186/4186 4282/4282/4282 4281/4281/4281
f 4281/4281/4281 4283/4283/4283 4193/4193/4193
f 4284/4284/4284 4272/4272/4272 4187/4187/4187
f 4193/4193/4193 4286/4286/4286 4194/4194/4194
f 4285/4285/4285 4194/4194/4194 4286/4286/4286
f 4287/4287/4287 4195/4195/4195 4277/4277/4277
f 4205/4205/4205 4289/4289/4289 4204/4204/4204
f 4288/4288/4288 4204/4204/4204 4289/4289/4289
f 4205/4205/4205 4291/4291/4291 4290/4290/4290
f 4292/4292/4292 4207/4207/4207 4288/4288/4288
f 4207/4207/4207 4294/4294/4294 4206/4206/4206
f 4293/4293/4293 4187/4187/4187 4209/4209/4209
f 4295/4295/4295 4187/4187/4187 4293/4293/4293
f 4296/4296/4296 4218/4218/4218 4195/4195/4195
f 4195/4195/4195 4297/4297/4297 4296/4296/4296
f 4299/4299/4299 4298/4298/4298 4220/4220/4220
f 4218/4218/4218 4300/4300/4300 4220/4220/4220
f 4303/4303/4303 4302/4302/4302 4221/4221/4221
f 4305/4305/4305 4221/4221/4221 4222/4222/4222
f 4222/4222/4222 4304/4304/4304 4305/4305/4305
f 4312/4312/4312 4311/4311/4311 4313/4313/4313
f 4314/4314/4314 4313/4313/4313 4315/4315/4315
f 4318/4318/4318 4320/4320/4320 4321/4321/4321
f 4322/4322/4322 4321/4321/4321 4323/4323/4323
f 4313/4313/4313 4317/4317/4317 4315/4315/4315
f 4313/4313/4313 4310/4310/4310 4317/4317/4317
f 4310/4310/4310 4313/4313/4313 4311/4311/4311
f 4312/4312/4312 4314/4314/4314 4321/4321/4321
f 4314/4314/4314 4316/4316/4316 4323/4323/4323
f 4325/4325/4325 4322/4322/4322 4324/4324/4324
f 4319/4319/4319 4318/4318/4318 4322/4322/4322
f 4322/4322/4322 4325/4325/4325 4319/4319/4319
f 4326/4326/4326 4327/4327/4327 4310/4310/4310
f 4311/4311/4311 4329/4329/4329 4310/4310/4310
f 4328/4328/4328 4329/4329/4329 4311/4311/4311
f 4330/4330/4330 4331/4331/4331 4318/4318/4318
f 4319/4319/4319 4333/4333/4333 4318/4318/4318
f 4332/4332/4332 4333/4333/4333 4319/4319/4319
f 4338/4338/4338 4339/4339/4339 4317/4317/4317
f 4341/4341/4341 4310/4310/4310 4340/4340/4340
f 4312/4312/4312 4342/4342/4342 4311/4311/4311
f 4328/4328/4328 4311/4311/4311 4342/4342/4342
f 4343/4343/4343 4344/4344/4344 4310/4310/4310
f 4346/4346/4346 4317/4317/4317 4310/4310/4310
f 4310/4310/4310 4345/4345/4345 4346/4346/4346
f 4347/4347/4347 4348/4348/4348 4312/4312/4312
f 4320/4320/4320 4350/4350/4350 4312/4312/4312
f 4349/4349/4349 4350/4350/4350 4320/4320/4320
f 4354/4354/4354 4325/4325/4325 4353/4353/4353
f 4318/4318/4318 4358/4358/4358 4320/4320/4320
f 4357/4357/4357 4358/4358/4358 4318/4318/4318
f 4359/4359/4359 4332/4332/4332 4319/4319/4319
f 4319/4319/4319 4360/4360/4360 4361/4361/4361
f 4325/4325/4325 4362/4362/4362 4319/4319/4319
f 4363/4363/4363 4319/4319/4319 4362/4362/4362
f 4369/4369/4369 4368/4368/4368 4306/4306/4306
f 4370/4370/4370 4306/4306/4306 4307/4307/4307
f 4307/4307/4307 4371/4371/4371 4370/4370/4370
f 4373/4373/4373 4372/4372/4372 4308/4308/4308
f 4309/4309/4309 4373/4373/4373 4308/4308/4308
f 4317/4317/4317 4374/4374/4374 4315/4315/4315
f 4317/4317/4317 4375/4375/4375 4374/4374/4374
f 4377/4377/4377 4376/4376/4376 4315/4315/4315
f 4324/4324/4324 4378/4378/4378 4325/4325/4325
f 4324/4324/4324 4379/4379/4379 4378/4378/4378
f 4381/4381/4381 4380/4380/4380 4325/4325/4325
f 4383/4383/4383 4382/4382/4382 4323/4323/4323
f 4316/4316/4316 4384/4384/4384 4323/4323/4323
f 4385/4385/4385 4384/4384/4384 4316/4316/4316
f 4315/4315/4315 4386/4386/4386 4316/4316/4316
f 4315/4315/4315 4387/4387/4387 4386/4386/4386
f 4388/4388/4388 4375/4375/4375 4317/4317/4317
f 4323/4323/4323 4382/4382/4382 4324/4324/4324
f 4389/4389/4389 4324/4324/4324 4382/4382/4382
f 4390/4390/4390 4325/4325/4325 4391/4391/4391
f 4335/4335/4335 4393/4393/4393 4334/4334/4334
f 4335/4335/4335 4394/4394/4394 4393/4393/4393
f 4337/4337/4337 4396/4396/4396 4336/4336/4336
f 4395/4395/4395 4336/4336/4336 4396/4396/4396
f 4337/4337/4337 4398/4398/4398 4397/4397/4397
f 4400/4400/4400 4317/4317/4317 4339/4339/4339
f 4399/4399/4399 4317/4317/4317 4400/4400/4400
f 4402/4402/4402 4401/4401/4401 4351/4351/4351
f 4403/4403/4403 4351/4351/4351 4352/4352/4352
f 4405/4405/4405 4353/4353/4353 4325/4325/4325
f 4325/4325/4325 4406/4406/4406 4405/4405/4405
f 4408/4408/4408 4407/4407/4407 4355/4355/4355
f 4409/4409/4409 4355/4355/4355 4356/4356/4356
f 4356/4356/4356 4410/4410/4410 4409/4409/4409
f 4412/4412/4412 4411/4411/4411 4364/4364/4364
f 4413/4413/4413 4364/4364/4364 4365/4365/4365
f 4365/4365/4365 4414/4414/4414 4413/4413/4413
f 4415/4415/4415 4366/4366/4366 4416/4416/4416
f 4367/4367/4367 4416/4416/4416 4366/4366/4366
f 4419/4419/4419 4417/4417/4417 4418/4418/4418
f 4421/4421/4421 4417/4417/4417 4422/4422/4422
f 4424/4424/4424 4418/4418/4418 4417/4417/4417
f 4418/4418/4418 4424/4424/4424 4423/4423/4423
f 4427/4427/4427 4425/4425/4425 4426/4426/4426
f 4429/4429/4429 4425/4425/4425 4430/4430/4430
f 4432/4432/4432 4426/4426/4426 4425/4425/4425
f 4426/4426/4426 4432/4432/4432 4431/4431/4431
f 4433/4433/4433 4434/4434/4434 4435/4435/4435
f 4436/4436/4436 4437/4437/4437 4438/4438/4438
f 4439/4439/4439 4440/4440/4440 4441/4441/4441
f 4442/4442/4442 4443/4443/4443 4444/4444/4444
f 4445/4445/4445 4446/4446/4446 4447/4447/4447
f 4448/4448/4448 4449/4449/4449 4450/4450/4450
f 4451/4451/4451 4452/4452/4452 4453/4453/4453
f 4454/4454/4454 4455/4455/4455 4456/4456/4456
f 4457/4457/4457 4458/4458/4458 4459/4459/4459
f 4458/4458/4458 4457/4457/4457 4460/4460/4460
f 4457/4457/4457 4459/4459/4459 4461/4461/4461
f 4462/4462/4462 4461/4461/4461 4463/4463/4463
f 4462/4462/4462 4464/4464/4464 4457/4457/4457
f 4461/4461/4461 4462/4462/4462 4457/4457/4457
f 4467/4467/4467 4466/4466/4466 4468/4468/4468
f 4469/4469/4469 4468/4468/4468 4470/4470/4470
f 4473/4473/4473 4475/4475/4475 4476/4476/4476
f 4477/4477/4477 4476/4476/4476 4478/4478/4478
f 4468/4468/4468 4472/4472/4472 4470/4470/4470
f 4465/4465/4465 4472/4472/4472 4468/4468/4468
f 4465/4465/4465 4468/4468/4468 4466/4466/4466
f 4467/4467/4467 4469/4469/4469 4476/4476/4476
f 4469/4469/4469 4471/4471/4471 4478/4478/4478
f 4480/4480/4480 4477/4477/4477 4479/4479/4479
f 4474/4474/4474 4473/4473/4473 4477/4477/4477
f 4477/4477/4477 4480/4480/4480 4474/4474/4474
f 4481/4481/4481 4482/4482/4482 4465/4465/4465
f 4466/4466/4466 4484/4484/4484 4465/4465/4465
f 4483/4483/4483 4484/4484/4484 4466/4466/4466
f 4485/4485/4485 4486/4486/4486 4473/4473/4473
f 4474/4474/4474 4488/4488/4488 4473/4473/4473
f 4487/4487/4487 4488/4488/4488 4474/4474/4474
f 4493/4493/4493 4494/4494/4494 4472/4472/4472
f 4496/4496/4496 4465/4465/4465 4495/4495/4495
f 4498/4498/4498 4467/4467/4467 4475/4475/4475
f 4475/4475/4475 4497/4497/4497 4498/4498/4498
f 4499/4499/4499 4500/4500/4500 4467/4467/4467
f 4467/4467/4467 4500/4500/4500 4466/4466/4466
f 4483/4483/4483 4466/4466/4466 4500/4500/4500
f 4482/4482/4482 4495/4495/4495 4465/4465/4465
f 4493/4493/4493 4472/4472/4472 4465/4465/4465
f 4465/4465/4465 4501/4501/4501 4493/4493/4493
f 4505/4505/4505 4480/4480/4480 4504/4504/4504
f 4473/4473/4473 4508/4508/4508 4475/4475/4475
f 4486/4486/4486 4508/4508/4508 4473/4473/4473
f 4509/4509/4509 4487/4487/4487 4474/4474/4474
f 4474/4474/4474 4510/4510/4510 4511/4511/4511
f 4480/4480/4480 4512/4512/4512 4474/4474/4474
f 4510/4510/4510 4474/4474/4474 4512/4512/4512
f 4518/4518/4518 4517/4517/4517 4519/4519/4519
f 4520/4520/4520 4519/4519/4519 4521/4521/4521
f 4524/4524/4524 4526/4526/4526 4527/4527/4527
f 4528/4528/4528 4527/4527/4527 4529/4529/4529
f 4519/4519/4519 4523/4523/4523 4521/4521/4521
f 4516/4516/4516 4523/4523/4523 4519/4519/4519
f 4516/4516/4516 4519/4519/4519 4517/4517/4517
f 4518/4518/4518 4520/4520/4520 4527/4527/4527
f 4520/4520/4520 4522/4522/4522 4529/4529/4529
f 4531/4531/4531 4528/4528/4528 4530/4530/4530
f 4525/4525/4525 4524/4524/4524 4528/4528/4528
f 4528/4528/4528 4531/4531/4531 4525/4525/4525
f 4532/4532/4532 4533/4533/4533 4516/4516/4516
f 4517/4517/4517 4535/4535/4535 4516/4516/4516
f 4534/4534/4534 4535/4535/4535 4517/4517/4517
f 4536/4536/4536 4537/4537/4537 4524/4524/4524
f 4525/4525/4525 4539/4539/4539 4524/4524/4524
f 4538/4538/4538 4539/4539/4539 4525/4525/4525
f 4544/4544/4544 4545/4545/4545 4523/4523/4523
f 4547/4547/4547 4516/4516/4516 4546/4546/4546
f 4526/4526/4526 4548/4548/4548 4518/4518/4518
f 4549/4549/4549 4518/4518/4518 4548/4548/4548
f 4550/4550/4550 4551/4551/4551 4526/4526/4526
f 4518/4518/4518 4552/4552/4552 4517/4517/4517
f 4534/4534/4534 4517/4517/4517 4552/4552/4552
f 4533/4533/4533 4546/4546/4546 4516/4516/4516
f 4544/4544/4544 4523/4523/4523 4516/4516/4516
f 4516/4516/4516 4553/4553/4553 4544/4544/4544
f 4555/4555/4555 4531/4531/4531 4554/4554/4554
f 4524/4524/4524 4559/4559/4559 4526/4526/4526
f 4537/4537/4537 4559/4559/4559 4524/4524/4524
f 4560/4560/4560 4561/4561/4561 4525/4525/4525
f 4525/4525/4525 4562/4562/4562 4563/4563/4563
f 4531/4531/4531 4564/4564/4564 4525/4525/4525
f 4562/4562/4562 4525/4525/4525 4564/4564/4564
f 4472/4472/4472 4565/4565/4565 4470/4470/4470
f 4565/4565/4565 4472/4472/4472 4566/4566/4566
f 4568/4568/4568 4567/4567/4567 4470/4470/4470
f 4479/4479/4479 4569/4569/4569 4480/4480/4480
f 4569/4569/4569 4479/4479/4479 4570/4570/4570
f 4569/4569/4569 4571/4571/4571 4480/4480/4480
f 4470/4470/4470 4572/4572/4572 4471/4471/4471
f 4572/4572/4572 4470/4470/4470 4573/4573/4573
f 4471/4471/4471 4574/4574/4574 4478/4478/4478
f 4471/4471/4471 4572/4572/4572 4574/4574/4574
f 4576/4576/4576 4575/4575/4575 4478/4478/4478
f 4578/4578/4578 4577/4577/4577 4472/4472/4472
f 4580/4580/4580 4479/4479/4479 4478/4478/4478
f 4579/4579/4579 4479/4479/4479 4580/4580/4580
f 4581/4581/4581 4480/4480/4480 4582/4582/4582
f 4490/4490/4490 4584/4584/4584 4489/4489/4489
f 4583/4583/4583 4489/4489/4489 4584/4584/4584
f 4490/4490/4490 4586/4586/4586 4585/4585/4585
f 4587/4587/4587 4492/4492/4492 4588/4588/4588
f 4492/4492/4492 4590/4590/4590 4491/4491/4491
f 4589/4589/4589 4472/4472/4472 4494/4494/4494
f 4591/4591/4591 4472/4472/4472 4589/4589/4589
f 4593/4593/4593 4592/4592/4592 4502/4502/4502
f 4594/4594/4594 4502/4502/4502 4503/4503/4503
f 4596/4596/4596 4504/4504/4504 4480/4480/4480
f 4480/4480/4480 4597/4597/4597 4596/4596/4596
f 4599/4599/4599 4598/4598/4598 4506/4506/4506
f 4600/4600/4600 4506/4506/4506 4507/4507/4507
f 4507/4507/4507 4601/4601/4601 4600/4600/4600
f 4603/4603/4603 4602/4602/4602 4514/4514/4514
f 4604/4604/4604 4514/4514/4514 4513/4513/4513
f 4513/4513/4513 4605/4605/4605 4604/4604/4604
f 4602/4602/4602 4606/4606/4606 4515/4515/4515
f 4515/4515/4515 4514/4514/4514 4602/4602/4602
f 4523/4523/4523 4607/4607/4607 4521/4521/4521
f 4607/4607/4607 4523/4523/4523 4608/4608/4608
f 4610/4610/4610 4609/4609/4609 4521/4521/4521
f 4530/4530/4530 4611/4611/4611 4531/4531/4531
f 4611/4611/4611 4530/4530/4530 4612/4612/4612
f 4614/4614/4614 4613/4613/4613 4531/4531/4531
f 4521/4521/4521 4615/4615/4615 4522/4522/4522
f 4615/4615/4615 4521/4521/4521 4616/4616/4616
f 4522/4522/4522 4617/4617/4617 4529/4529/4529
f 4522/4522/4522 4618/4618/4618 4617/4617/4617
f 4617/4617/4617 4619/4619/4619 4529/4529/4529
f 4620/4620/4620 4608/4608/4608 4523/4523/4523
f 4529/4529/4529 4622/4622/4622 4530/4530/4530
f 4621/4621/4621 4530/4530/4530 4622/4622/4622
f 4623/4623/4623 4531/4531/4531 4613/4613/4613
f 4541/4541/4541 4625/4625/4625 4540/4540/4540
f 4624/4624/4624 4540/4540/4540 4625/4625/4625
f 4541/4541/4541 4627/4627/4627 4626/4626/4626
f 4628/4628/4628 4543/4543/4543 4624/4624/4624
f 4543/4543/4543 4630/4630/4630 4542/4542/4542
f 4629/4629/4629 4523/4523/4523 4545/4545/4545
f 4631/4631/4631 4523/4523/4523 4629/4629/4629
f 4632/4632/4632 4554/4554/4554 4531/4531/4531
f 4531/4531/4531 4633/4633/4633 4632/4632/4632
f 4635/4635/4635 4634/4634/4634 4556/4556/4556
f 4554/4554/4554 4636/4636/4636 4556/4556/4556
f 4639/4639/4639 4638/4638/4638 4557/4557/4557
f 4641/4641/4641 4557/4557/4557 4558/4558/4558
f 4558/4558/4558 4640/4640/4640 4641/4641/4641
f 4648/4648/4648 4647/4647/4647 4649/4649/4649
f 4650/4650/4650 4649/4649/4649 4651/4651/4651
f 4654/4654/4654 4656/4656/4656 4657/4657/4657
f 4658/4658/4658 4657/4657/4657 4659/4659/4659
f 4649/4649/4649 4653/4653/4653 4651/4651/4651
f 4649/4649/4649 4646/4646/4646 4653/4653/4653
f 4646/4646/4646 4649/4649/4649 4647/4647/4647
f 4648/4648/4648 4650/4650/4650 4657/4657/4657
f 4650/4650/4650 4652/4652/4652 4659/4659/4659
f 4661/4661/4661 4658/4658/4658 4660/4660/4660
f 4655/4655/4655 4654/4654/4654 4658/4658/4658
f 4658/4658/4658 4661/4661/4661 4655/4655/4655
f 4662/4662/4662 4663/4663/4663 4646/4646/4646
f 4647/4647/4647 4665/4665/4665 4646/4646/4646
f 4664/4664/4664 4665/4665/4665 4647/4647/4647
f 4666/4666/4666 4667/4667/4667 4654/4654/4654
f 4655/4655/4655 4669/4669/4669 4654/4654/4654
f 4668/4668/4668 4669/4669/4669 4655/4655/4655
f 4674/4674/4674 4675/4675/4675 4653/4653/4653
f 4677/4677/4677 4646/4646/4646 4676/4676/4676
f 4648/4648/4648 4678/4678/4678 4647/4647/4647
f 4664/4664/4664 4647/4647/4647 4678/4678/4678
f 4679/4679/4679 4680/4680/4680 4646/4646/4646
f 4682/4682/4682 4653/4653/4653 4646/4646/4646
f 4646/4646/4646 4681/4681/4681 4682/4682/4682
f 4683/4683/4683 4684/4684/4684 4648/4648/4648
f 4656/4656/4656 4686/4686/4686 4648/4648/4648
f 4685/4685/4685 4686/4686/4686 4656/4656/4656
f 4690/4690/4690 4661/4661/4661 4689/4689/4689
f 4654/4654/4654 4694/4694/4694 4656/4656/4656
f 4693/4693/4693 4694/4694/4694 4654/4654/4654
f 4695/4695/4695 4668/4668/4668 4655/4655/4655
f 4655/4655/4655 4696/4696/4696 4697/4697/4697
f 4661/4661/4661 4698/4698/4698 4655/4655/4655
f 4699/4699/4699 4655/4655/4655 4698/4698/4698
f 4705/4705/4705 4704/4704/4704 4642/4642/4642
f 4706/4706/4706 4642/4642/4642 4643/4643/4643
f 4643/4643/4643 4707/4707/4707 4706/4706/4706
f 4709/4709/4709 4708/4708/4708 4644/4644/4644
f 4645/4645/4645 4709/4709/4709 4644/4644/4644
f 4653/4653/4653 4710/4710/4710 4651/4651/4651
f 4653/4653/4653 4711/4711/4711 4710/4710/4710
f 4713/4713/4713 4712/4712/4712 4651/4651/4651
f 4660/4660/4660 4714/4714/4714 4661/4661/4661
f 4660/4660/4660 4715/4715/4715 4714/4714/4714
f 4717/4717/4717 4716/4716/4716 4661/4661/4661
f 4719/4719/4719 4718/4718/4718 4659/4659/4659
f 4652/4652/4652 4720/4720/4720 4659/4659/4659
f 4721/4721/4721 4720/4720/4720 4652/4652/4652
f 4651/4651/4651 4722/4722/4722 4652/4652/4652
f 4651/4651/4651 4723/4723/4723 4722/4722/4722
f 4724/4724/4724 4711/4711/4711 4653/4653/4653
f 4659/4659/4659 4718/4718/4718 4660/4660/4660
f 4725/4725/4725 4660/4660/4660 4718/4718/4718
f 4726/4726/4726 4661/4661/4661 4727/4727/4727
f 4671/4671/4671 4729/4729/4729 4670/4670/4670
f 4671/4671/4671 4730/4730/4730 4729/4729/4729
f 4673/4673/4673 4732/4732/4732 4672/4672/4672
f 4731/4731/4731 4672/4672/4672 4732/4732/4732
f 4673/4673/4673 4734/4734/4734 4733/4733/4733
f 4736/4736/4736 4653/4653/4653 4675/4675/4675
f 4735/4735/4735 4653/4653/4653 4736/4736/4736
f 4738/4738/4738 4737/4737/4737 4687/4687/4687
f 4739/4739/4739 4687/4687/4687 4688/4688/4688
f 4741/4741/4741 4689/4689/4689 4661/4661/4661
f 4661/4661/4661 4742/4742/4742 4741/4741/4741
f 4744/4744/4744 4743/4743/4743 4691/4691/4691
f 4745/4745/4745 4691/4691/4691 4692/4692/4692
f 4692/4692/4692 4746/4746/4746 4745/4745/4745
f 4748/4748/4748 4747/4747/4747 4700/4700/4700
f 4749/4749/4749 4700/4700/4700 4701/4701/4701
f 4701/4701/4701 4750/4750/4750 4749/4749/4749
f 4751/4751/4751 4702/4702/4702 4752/4752/4752
f 4703/4703/4703 4752/4752/4752 4702/4702/4702
f 4785/4785/4785 4784/4784/4784 4763/4763/4763
f 4764/4764/4764 4763/4763/4763 4784/4784/4784
f 4786/4786/4786 4785/4785/4785 4762/4762/4762
f 4763/4763/4763 4762/4762/4762 4785/4785/4785
f 4761/4761/4761 4786/4786/4786 4762/4762/4762
f 4782/4782/4782 4765/4765/4765 4764/4764/4764
f 4764/4764/4764 4783/4783/4783 4782/4782/4782
f 4765/4765/4765 4782/4782/4782 4781/4781/4781
f 4781/4781/4781 4766/4766/4766 4765/4765/4765
f 4784/4784/4784 4783/4783/4783 4764/4764/4764
f 4760/4760/4760 4787/4787/4787 4761/4761/4761
f 4786/4786/4786 4761/4761/4761 4787/4787/4787
f 4759/4759/4759 4788/4788/4788 4760/4760/4760
f 4789/4789/4789 4759/4759/4759 4758/4758/4758
f 4787/4787/4787 4760/4760/4760 4788/4788/4788
f 4789/4789/4789 4758/4758/4758 4790/4790/4790
f 4757/4757/4757 4791/4791/4791 4790/4790/4790
f 4756/4756/4756 4791/4791/4791 4757/4757/4757
f 4790/4790/4790 4758/4758/4758 4757/4757/4757
f 4788/4788/4788 4759/4759/4759 4789/4789/4789
f 4779/4779/4779 4766/4766/4766 4780/4780/4780
f 4781/4781/4781 4780/4780/4780 4766/4766/4766
f 4779/4779/4779 4778/4778/4778 4767/4767/4767
f 4778/4778/4778 4777/4777/4777 4768/4768/4768
f 4766/4766/4766 4779/4779/4779 4767/4767/4767
f 4777/4777/4777 4775/4775/4775 4768/4768/4768
f 4770/4770/4770 4769/4769/4769 4773/4773/4773
f 4774/4774/4774 4769/4769/4769 4768/4768/4768
f 4767/4767/4767 4778/4778/4778 4768/4768/4768
f 4770/4770/4770 4772/4772/4772 4771/4771/4771
f 4775/4775/4775 4777/4777/4777 4776/4776/4776
f 4755/4755/4755 4792/4792/4792 4756/4756/4756
f 4756/4756/4756 4792/4792/4792 4791/4791/4791
f 4792/4792/4792 4755/4755/4755 4793/4793/4793
f 4774/4774/4774 4773/4773/4773 4769/4769/4769
f 4774/4774/4774 4768/4768/4768 4775/4775/4775
f 4754/4754/4754 4753/4753/4753 4793/4793/4793
f 4755/4755/4755 4754/4754/4754 4793/4793/4793
f 4770/4770/4770 4773/4773/4773 4772/4772/4772
f 4801/4801/4801 4796/4796/4796 4794/4794/4794
f 4801/4801/4801 4795/4795/4795 4797/4797/4797
f 4797/4797/4797 4796/4796/4796 4801/4801/4801
f 4796/4796/4796 4797/4797/4797 4800/4800/4800
f 4800/4800/4800 4797/4797/4797 4799/4799/4799
f 4798/4798/4798 4796/4796/4796 4800/4800/4800
f 4809/4809/4809 4804/4804/4804 4802/4802/4802
f 4809/4809/4809 4803/4803/4803 4805/4805/4805
f 4805/4805/4805 4804/4804/4804 4809/4809/4809
f 4805/4805/4805 4808/4808/4808 4804/4804/4804
f 4808/4808/4808 4805/4805/4805 4807/4807/4807
f 4817/4817/4817 4812/4812/4812 4810/4810/4810
f 4817/4817/4817 4811/4811/4811 4813/4813/4813
f 4813/4813/4813 4812/4812/4812 4817/4817/4817
f 4813/4813/4813 4815/4815/4815 4816/4816/4816
f 4814/4814/4814 4812/4812/4812 4816/4816/4816
f 4825/4825/4825 4820/4820/4820 4818/4818/4818
f 4825/4825/4825 4819/4819/4819 4821/4821/4821
f 4821/4821/4821 4820/4820/4820 4825/4825/4825
f 4821/4821/4821 4823/4823/4823 4824/4824/4824
f 4822/4822/4822 4820/4820/4820 4824/4824/4824
f 4833/4833/4833 4828/4828/4828 4826/4826/4826
f 4833/4833/4833 4827/4827/4827 4829/4829/4829
f 4829/4829/4829 4828/4828/4828 4833/4833/4833
f 4829/4829/4829 4831/4831/4831 4832/4832/4832
f 4830/4830/4830 4828/4828/4828 4832/4832/4832
f 4841/4841/4841 4836/4836/4836 4834/4834/4834
f 4841/4841/4841 4835/4835/4835 4837/4837/4837
f 4837/4837/4837 4836/4836/4836 4841/4841/4841
f 4836/4836/4836 4837/4837/4837 4840/4840/4840
f 4840/4840/4840 4837/4837/4837 4839/4839/4839
f 4838/4838/4838 4836/4836/4836 4840/4840/4840
f 4849/4849/4849 4844/4844/4844 4842/4842/4842
f 4849/4849/4849 4843/4843/4843 4845/4845/4845
f 4845/4845/4845 4844/4844/4844 4849/4849/4849
f 4845/4845/4845 4848/4848/4848 4844/4844/4844
f 4848/4848/4848 4845/4845/4845 4847/4847/4847
f 4859/4859/4859 4852/4852/4852 4850/4850/4850
f 4851/4851/4851 4853/4853/4853 4859/4859/4859
f 4852/4852/4852 4859/4859/4859 4853/4853/4853
f 4853/4853/4853 4855/4855/4855 4854/4854/4854
f 4858/4858/4858 4856/4856/4856 4854/4854/4854
f 4857/4857/4857 4858/4858/4858 4855/4855/4855
f 4854/4854/4854 4855/4855/4855 4858/4858/4858
f 4866/4866/4866 4862/4862/4862 4860/4860/4860
f 4866/4866/4866 4861/4861/4861 4863/4863/4863
f 4863/4863/4863 4862/4862/4862 4866/4866/4866
f 4862/4862/4862 4863/4863/4863 4867/4867/4867
f 4867/4867/4867 4863/4863/4863 4865/4865/4865
f 4864/4864/4864 4862/4862/4862 4867/4867/4867
f 4874/4874/4874 4870/4870/4870 4868/4868/4868
f 4874/4874/4874 4869/4869/4869 4871/4871/4871
f 4871/4871/4871 4870/4870/4870 4874/4874/4874
f 4870/4870/4870 4871/4871/4871 4875/4875/4875
f 4875/4875/4875 4871/4871/4871 4873/4873/4873
f 4872/4872/4872 4870/4870/4870 4875/4875/4875
f 4883/4883/4883 4878/4878/4878 4876/4876/4876
f 4883/4883/4883 4877/4877/4877 4879/4879/4879
f 4879/4879/4879 4878/4878/4878 4883/4883/4883
f 4878/4878/4878 4879/4879/4879 4882/4882/4882
f 4882/4882/4882 4879/4879/4879 4881/4881/4881
f 4880/4880/4880 4878/4878/4878 4882/4882/4882
f 4891/4891/4891 4886/4886/4886 4884/4884/4884
f 4891/4891/4891 4885/4885/4885 4887/4887/4887
f 4887/4887/4887 4886/4886/4886 4891/4891/4891
f 4886/4886/4886 4887/4887/4887 4890/4890/4890
f 4890/4890/4890 4887/4887/4887 4889/4889/4889
f 4888/4888/4888 4886/4886/4886 4890/4890/4890
f 4899/4899/4899 4894/4894/4894 4892/4892/4892
f 4899/4899/4899 4893/4893/4893 4895/4895/4895
f 4895/4895/4895 4894/4894/4894 4899/4899/4899
f 4894/4894/4894 4895/4895/4895 4898/4898/4898
f 4898/4898/4898 4895/4895/4895 4897/4897/4897
f 4896/4896/4896 4894/4894/4894 4898/4898/4898
f 4907/4907/4907 4902/4902/4902 4900/4900/4900
f 4907/4907/4907 4901/4901/4901 4903/4903/4903
f 4903/4903/4903 4902/4902/4902 4907/4907/4907
f 4903/4903/4903 4906/4906/4906 4902/4902/4902
f 4906/4906/4906 4903/4903/4903 4905/4905/4905
f 4915/4915/4915 4910/4910/4910 4908/4908/4908
f 4915/4915/4915 4909/4909/4909 4911/4911/4911
f 4911/4911/4911 4910/4910/4910 4915/4915/4915
f 4911/4911/4911 4914/4914/4914 4910/4910/4910
f 4914/4914/4914 4911/4911/4911 4913/4913/4913
f 4923/4923/4923 4918/4918/4918 4916/4916/4916
f 4923/4923/4923 4917/4917/4917 4919/4919/4919
f 4919/4919/4919 4918/4918/4918 4923/4923/4923
f 4919/4919/4919 4921/4921/4921 4922/4922/4922
f 4920/4920/4920 4918/4918/4918 4922/4922/4922
f 4931/4931/4931 4926/4926/4926 4924/4924/4924
f 4931/4931/4931 4925/4925/4925 4927/4927/4927
f 4927/4927/4927 4926/4926/4926 4931/4931/4931
f 4927/4927/4927 4929/4929/4929 4930/4930/4930
f 4928/4928/4928 4926/4926/4926 4930/4930/4930
f 4941/4941/4941 4934/4934/4934 4932/4932/4932
f 4933/4933/4933 4935/4935/4935 4941/4941/4941
f 4934/4934/4934 4941/4941/4941 4935/4935/4935
f 4935/4935/4935 4937/4937/4937 4936/4936/4936
f 4940/4940/4940 4938/4938/4938 4936/4936/4936
f 4939/4939/4939 4940/4940/4940 4937/4937/4937
f 4936/4936/4936 4937/4937/4937 4940/4940/4940
f 4949/4949/4949 4944/4944/4944 4942/4942/4942
f 4949/4949/4949 4943/4943/4943 4945/4945/4945
f 4945/4945/4945 4944/4944/4944 4949/4949/4949
f 4944/4944/4944 4945/4945/4945 4948/4948/4948
f 4948/4948/4948 4945/4945/4945 4947/4947/4947
f 4946/4946/4946 4944/4944/4944 4948/4948/4948
f 4954/4954/4954 4955/4955/4955 4952/4952/4952
f 4951/4951/4951 4953/4953/4953 4955/4955/4955
f 4988/4988/4988 4966/4966/4966 4987/4987/4987
f 4967/4967/4967 4987/4987/4987 4966/4966/4966
f 4989/4989/4989 4965/4965/4965 4988/4988/4988
f 4966/4966/4966 4988/4988/4988 4965/4965/4965
f 4964/4964/4964 4965/4965/4965 4989/4989/4989
f 4985/4985/4985 4967/4967/4967 4968/4968/4968
f 4967/4967/4967 4985/4985/4985 4986/4986/4986
f 4968/4968/4968 4984/4984/4984 4985/4985/4985
f 4984/4984/4984 4968/4968/4968 4969/4969/4969
f 4987/4987/4987 4967/4967/4967 4986/4986/4986
f 4963/4963/4963 4964/4964/4964 4990/4990/4990
f 4989/4989/4989 4990/4990/4990 4964/4964/4964
f 4962/4962/4962 4963/4963/4963 4991/4991/4991
f 4992/4992/4992 4961/4961/4961 4962/4962/4962
f 4990/4990/4990 4991/4991/4991 4963/4963/4963
f 4992/4992/4992 4993/4993/4993 4961/4961/4961
f 4960/4960/4960 4993/4993/4993 4994/4994/4994
f 4959/4959/4959 4960/4960/4960 4994/4994/4994
f 4993/4993/4993 4960/4960/4960 4961/4961/4961
f 4991/4991/4991 4992/4992/4992 4962/4962/4962
f 4982/4982/4982 4983/4983/4983 4969/4969/4969
f 4984/4984/4984 4969/4969/4969 4983/4983/4983
f 4982/4982/4982 4970/4970/4970 4981/4981/4981
f 4981/4981/4981 4971/4971/4971 4980/4980/4980
f 4969/4969/4969 4970/4970/4970 4982/4982/4982
f 4980/4980/4980 4971/4971/4971 4978/4978/4978
f 4973/4973/4973 4976/4976/4976 4972/4972/4972
f 4977/4977/4977 4971/4971/4971 4972/4972/4972
f 4970/4970/4970 4971/4971/4971 4981/4981/4981
f 4973/4973/4973 4974/4974/4974 4975/4975/4975
f 4978/4978/4978 4979/4979/4979 4980/4980/4980
f 4958/4958/4958 4959/4959/4959 4995/4995/4995
f 4959/4959/4959 4994/4994/4994 4995/4995/4995
f 4995/4995/4995 4996/4996/4996 4958/4958/4958
f 4977/4977/4977 4972/4972/4972 4976/4976/4976
f 4977/4977/4977 4978/4978/4978 4971/4971/4971
f 4957/4957/4957 4996/4996/4996 4956/4956/4956
f 4958/4958/4958 4996/4996/4996 4957/4957/4957
f 4973/4973/4973 4975/4975/4975 4976/4976/4976
f 5047/5047/5047 5022/5022/5022 5021/5021/5021
f 5046/5046/5046 5022/5022/5022 5047/5047/5047
f 5041/5041/5041 5047/5047/5047 5021/5021/5021
f 5021/5021/5021 5020/5020/5020 5041/5041/5041
f 5042/5042/5042 5041/5041/5041 5020/5020/5020
f 5042/5042/5042 5020/5020/5020 5019/5019/5019
f 5044/5044/5044 5024/5024/5024 5023/5023/5023
f 5045/5045/5045 5044/5044/5044 5023/5023/5023
f 5046/5046/5046 5045/5045/5045 5022/5022/5022
f 5043/5043/5043 5024/5024/5024 5044/5044/5044
f 5023/5023/5023 5022/5022/5022 5045/5045/5045
f 5039/5039/5039 5042/5042/5042 5018/5018/5018
f 5019/5019/5019 5018/5018/5018 5042/5042/5042
f 5017/5017/5017 5040/5040/5040 5039/5039/5039
f 5018/5018/5018 5017/5017/5017 5039/5039/5039
f 5009/5009/5009 5008/5008/5008 5007/5007/5007
f 5016/5016/5016 5040/5040/5040 5017/5017/5017
f 5015/5015/5015 5038/5038/5038 5037/5037/5037
f 5015/5015/5015 5035/5035/5035 5038/5038/5038
f 5016/5016/5016 5015/5015/5015 5037/5037/5037
f 5002/5002/5002 5011/5011/5011 5010/5010/5010
f 5003/5003/5003 5010/5010/5010 5009/5009/5009
f 5040/5040/5040 5016/5016/5016 5037/5037/5037
f 5006/5006/5006 5009/5009/5009 5007/5007/5007
f 5014/5014/5014 5035/5035/5035 5015/5015/5015
f 5043/5043/5043 5026/5026/5026 5025/5025/5025
f 5048/5048/5048 5026/5026/5026 5043/5043/5043
f 5048/5048/5048 5033/5033/5033 5027/5027/5027
f 5027/5027/5027 5026/5026/5026 5048/5048/5048
f 5029/5029/5029 4997/4997/4997 5030/5030/5030
f 5029/5029/5029 5032/5032/5032 5031/5031/5031
f 5032/5032/5032 5029/5029/5029 5028/5028/5028
f 5032/5032/5032 5028/5028/5028 5033/5033/5033
f 5034/5034/5034 4997/4997/4997 5029/5029/5029
f 5029/5029/5029 5031/5031/5031 5034/5034/5034
f 5028/5028/5028 5027/5027/5027 5033/5033/5033
f 5013/5013/5013 4997/4997/4997 5034/5034/5034
f 5012/5012/5012 4999/4999/4999 4998/4998/4998
f 5036/5036/5036 5035/5035/5035 5014/5014/5014
f 5012/5012/5012 5000/5000/5000 4999/4999/4999
f 5000/5000/5000 5011/5011/5011 5001/5001/5001
f 5013/5013/5013 5036/5036/5036 5014/5014/5014
f 5011/5011/5011 5002/5002/5002 5001/5001/5001
f 4998/4998/4998 5013/5013/5013 5012/5012/5012
f 4998/4998/4998 4997/4997/4997 5013/5013/5013
f 5009/5009/5009 5006/5006/5006 5004/5004/5004
f 5004/5004/5004 5006/5006/5006 5005/5005/5005
f 5003/5003/5003 5009/5009/5009 5004/5004/5004
f 5010/5010/5010 5003/5003/5003 5002/5002/5002
f 5013/5013/5013 5034/5034/5034 5036/5036/5036
f 5000/5000/5000 5012/5012/5012 5011/5011/5011
f 5025/5025/5025 5024/5024/5024 5043/5043/5043
f 5050/5050/5050 5052/5052/5052 5051/5051/5051
f 5055/5055/5055 5053/5053/5053 5059/5059/5059
f 5056/5056/5056 5059/5059/5059 5054/5054/5054
f 5057/5057/5057 5055/5055/5055 5056/5056/5056
f 5059/5059/5059 5056/5056/5056 5055/5055/5055
f 5067/5067/5067 5062/5062/5062 5060/5060/5060
f 5067/5067/5067 5061/5061/5061 5063/5063/5063
f 5063/5063/5063 5062/5062/5062 5067/5067/5067
f 5062/5062/5062 5063/5063/5063 5066/5066/5066
f 5066/5066/5066 5063/5063/5063 5065/5065/5065
f 5064/5064/5064 5062/5062/5062 5066/5066/5066
f 5075/5075/5075 5070/5070/5070 5068/5068/5068
f 5075/5075/5075 5069/5069/5069 5071/5071/5071
f 5071/5071/5071 5070/5070/5070 5075/5075/5075
f 5070/5070/5070 5071/5071/5071 5074/5074/5074
f 5074/5074/5074 5071/5071/5071 5073/5073/5073
f 5072/5072/5072 5070/5070/5070 5074/5074/5074
f 5077/5077/5077 5079/5079/5079 5080/5080/5080
f 5076/5076/5076 5080/5080/5080 5078/5078/5078
f 5082/5082/5082 5084/5084/5084 5083/5083/5083
f 5086/5086/5086 5088/5088/5088 5087/5087/5087
f 5090/5090/5090 5092/5092/5092 5091/5091/5091
f 5095/5095/5095 5093/5093/5093 5097/5097/5097
f 5094/5094/5094 5096/5096/5096 5097/5097/5097
f 5095/5095/5095 5097/5097/5097 5096/5096/5096
f 5105/5105/5105 5100/5100/5100 5098/5098/5098
f 5105/5105/5105 5099/5099/5099 5101/5101/5101
f 5101/5101/5101 5100/5100/5100 5105/5105/5105
f 5101/5101/5101 5104/5104/5104 5100/5100/5100
f 5104/5104/5104 5101/5101/5101 5103/5103/5103
f 5110/5110/5110 5106/5106/5106 5107/5107/5107
f 5106/5106/5106 5110/5110/5110 5108/5108/5108
f 5107/5107/5107 5109/5109/5109 5110/5110/5110
f 5112/5112/5112 5114/5114/5114 5113/5113/5113
f 5117/5117/5117 5115/5115/5115 5121/5121/5121
f 5118/5118/5118 5121/5121/5121 5116/5116/5116
f 5119/5119/5119 5117/5117/5117 5118/5118/5118
f 5121/5121/5121 5118/5118/5118 5117/5117/5117
f 5129/5129/5129 5124/5124/5124 5122/5122/5122
f 5129/5129/5129 5123/5123/5123 5125/5125/5125
f 5125/5125/5125 5124/5124/5124 5129/5129/5129
f 5125/5125/5125 5128/5128/5128 5124/5124/5124
f 5128/5128/5128 5125/5125/5125 5127/5127/5127
f 5137/5137/5137 5132/5132/5132 5130/5130/5130
f 5137/5137/5137 5131/5131/5131 5133/5133/5133
f 5133/5133/5133 5132/5132/5132 5137/5137/5137
f 5132/5132/5132 5133/5133/5133 5136/5136/5136
f 5136/5136/5136 5133/5133/5133 5135/5135/5135
f 5134/5134/5134 5132/5132/5132 5136/5136/5136
f 5145/5145/5145 5140/5140/5140 5138/5138/5138
f 5145/5145/5145 5139/5139/5139 5141/5141/5141
f 5141/5141/5141 5140/5140/5140 5145/5145/5145
f 5140/5140/5140 5141/5141/5141 5144/5144/5144
f 5144/5144/5144 5141/5141/5141 5143/5143/5143
f 5142/5142/5142 5140/5140/5140 5144/5144/5144
f 5150/5150/5150 5146/5146/5146 5147/5147/5147
f 5146/5146/5146 5150/5150/5150 5148/5148/5148
f 5147/5147/5147 5149/5149/5149 5150/5150/5150
f 5153/5153/5153 5151/5151/5151 5155/5155/5155
f 5152/5152/5152 5154/5154/5154 5155/5155/5155
f 5153/5153/5153 5155/5155/5155 5154/5154/5154
f 5163/5163/5163 5158/5158/5158 5156/5156/5156
f 5163/5163/5163 5157/5157/5157 5159/5159/5159
f 5159/5159/5159 5158/5158/5158 5163/5163/5163
f 5159/5159/5159 5162/5162/5162 5158/5158/5158
f 5162/5162/5162 5159/5159/5159 5161/5161/5161
f 5171/5171/5171 5166/5166/5166 5164/5164/5164
f 5171/5171/5171 5165/5165/5165 5167/5167/5167
f 5167/5167/5167 5166/5166/5166 5171/5171/5171
f 5167/5167/5167 5169/5169/5169 5170/5170/5170
f 5168/5168/5168 5166/5166/5166 5170/5170/5170
f 5173/5173/5173 5175/5175/5175 5174/5174/5174
f 5175/5175/5175 5177/5177/5177 5178/5178/5178
f 5176/5176/5176 5174/5174/5174 5178/5178/5178
f 5180/5180/5180 5182/5182/5182 5181/5181/5181
f 5184/5184/5184 5186/5186/5186 5185/5185/5185
f 5189/5189/5189 5187/5187/5187 5191/5191/5191
f 5188/5188/5188 5190/5190/5190 5191/5191/5191
f 5189/5189/5189 5191/5191/5191 5190/5190/5190
f 5242/5242/5242 5216/5216/5216 5217/5217/5217
f 5241/5241/5241 5242/5242/5242 5217/5217/5217
f 5236/5236/5236 5216/5216/5216 5242/5242/5242
f 5216/5216/5216 5236/5236/5236 5215/5215/5215
f 5237/5237/5237 5215/5215/5215 5236/5236/5236
f 5237/5237/5237 5214/5214/5214 5215/5215/5215
f 5239/5239/5239 5218/5218/5218 5219/5219/5219
f 5240/5240/5240 5218/5218/5218 5239/5239/5239
f 5241/5241/5241 5217/5217/5217 5240/5240/5240
f 5238/5238/5238 5239/5239/5239 5219/5219/5219
f 5218/5218/5218 5240/5240/5240 5217/5217/5217
f 5234/5234/5234 5213/5213/5213 5237/5237/5237
f 5214/5214/5214 5237/5237/5237 5213/5213/5213
f 5212/5212/5212 5234/5234/5234 5235/5235/5235
f 5213/5213/5213 5234/5234/5234 5212/5212/5212
f 5204/5204/5204 5202/5202/5202 5203/5203/5203
f 5211/5211/5211 5212/5212/5212 5235/5235/5235
f 5210/5210/5210 5232/5232/5232 5233/5233/5233
f 5210/5210/5210 5233/5233/5233 5230/5230/5230
f 5211/5211/5211 5232/5232/5232 5210/5210/5210
f 5197/5197/5197 5205/5205/5205 5206/5206/5206
f 5198/5198/5198 5204/5204/5204 5205/5205/5205
f 5235/5235/5235 5232/5232/5232 5211/5211/5211
f 5201/5201/5201 5202/5202/5202 5204/5204/5204
f 5209/5209/5209 5210/5210/5210 5230/5230/5230
f 5238/5238/5238 5220/5220/5220 5221/5221/5221
f 5243/5243/5243 5238/5238/5238 5221/5221/5221
f 5243/5243/5243 5222/5222/5222 5228/5228/5228
f 5222/5222/5222 5243/5243/5243 5221/5221/5221
f 5224/5224/5224 5225/5225/5225 5192/5192/5192
f 5224/5224/5224 5226/5226/5226 5227/5227/5227
f 5227/5227/5227 5223/5223/5223 5224/5224/5224
f 5227/5227/5227 5228/5228/5228 5223/5223/5223
f 5229/5229/5229 5224/5224/5224 5192/5192/5192
f 5224/5224/5224 5229/5229/5229 5226/5226/5226
f 5223/5223/5223 5228/5228/5228 5222/5222/5222
f 5208/5208/5208 5229/5229/5229 5192/5192/5192
f 5207/5207/5207 5193/5193/5193 5194/5194/5194
f 5231/5231/5231 5209/5209/5209 5230/5230/5230
f 5207/5207/5207 5194/5194/5194 5195/5195/5195
f 5195/5195/5195 5196/5196/5196 5206/5206/5206
f 5208/5208/5208 5209/5209/5209 5231/5231/5231
f 5206/5206/5206 5196/5196/5196 5197/5197/5197
f 5193/5193/5193 5207/5207/5207 5208/5208/5208
f 5193/5193/5193 5208/5208/5208 5192/5192/5192
f 5204/5204/5204 5199/5199/5199 5201/5201/5201
f 5199/5199/5199 5200/5200/5200 5201/5201/5201
f 5198/5198/5198 5199/5199/5199 5204/5204/5204
f 5205/5205/5205 5197/5197/5197 5198/5198/5198
f 5208/5208/5208 5231/5231/5231 5229/5229/5229
f 5195/5195/5195 5206/5206/5206 5207/5207/5207
f 5220/5220/5220 5238/5238/5238 5219/5219/5219
f 5245/5245/5245 5247/5247/5247 5246/5246/5246
f 5246/5246/5246 5247/5247/5247 5250/5250/5250
f 5250/5250/5250 5247/5247/5247 5249/5249/5249
f 5248/5248/5248 5246/5246/5246 5250/5250/5250
f 5257/5257/5257 5253/5253/5253 5251/5251/5251
f 5257/5257/5257 5252/5252/5252 5254/5254/5254
f 5254/5254/5254 5253/5253/5253 5257/5257/5257
f 5254/5254/5254 5258/5258/5258 5253/5253/5253
f 5258/5258/5258 5254/5254/5254 5256/5256/5256
f 5265/5265/5265 5261/5261/5261 5259/5259/5259
f 5265/5265/5265 5260/5260/5260 5262/5262/5262
f 5262/5262/5262 5261/5261/5261 5265/5265/5265
f 5262/5262/5262 5266/5266/5266 5261/5261/5261
f 5266/5266/5266 5262/5262/5262 5264/5264/5264
f 5273/5273/5273 5269/5269/5269 5267/5267/5267
f 5273/5273/5273 5268/5268/5268 5270/5270/5270
f 5270/5270/5270 5269/5269/5269 5273/5273/5273
f 5270/5270/5270 5274/5274/5274 5269/5269/5269
f 5274/5274/5274 5270/5270/5270 5272/5272/5272
f 5287/5287/5287 5277/5277/5277 5275/5275/5275
f 5279/5279/5279 5277/5277/5277 5278/5278/5278
f 5278/5278/5278 5287/5287/5287 5276/5276/5276
f 5277/5277/5277 5287/5287/5287 5278/5278/5278
f 5280/5280/5280 5282/5282/5282 5281/5281/5281
f 5283/5283/5283 5281/5281/5281 5282/5282/5282
f 5288/5288/5288 5285/5285/5285 5283/5283/5283
f 5284/5284/5284 5286/5286/5286 5288/5288/5288
f 5284/5284/5284 5288/5288/5288 5283/5283/5283
f 5295/5295/5295 5291/5291/5291 5289/5289/5289
f 5295/5295/5295 5290/5290/5290 5292/5292/5292
f 5292/5292/5292 5291/5291/5291 5295/5295/5295
f 5292/5292/5292 5296/5296/5296 5291/5291/5291
f 5296/5296/5296 5292/5292/5292 5294/5294/5294
f 5304/5304/5304 5299/5299/5299 5297/5297/5297
f 5304/5304/5304 5298/5298/5298 5300/5300/5300
f 5300/5300/5300 5299/5299/5299 5304/5304/5304
f 5299/5299/5299 5300/5300/5300 5303/5303/5303
f 5303/5303/5303 5300/5300/5300 5302/5302/5302
f 5301/5301/5301 5299/5299/5299 5303/5303/5303
f 5313/5313/5313 5339/5339/5339 5314/5314/5314
f 5342/5342/5342 5314/5314/5314 5339/5339/5339
f 5340/5340/5340 5313/5313/5313 5312/5312/5312
f 5339/5339/5339 5313/5313/5313 5340/5340/5340
f 5337/5337/5337 5340/5340/5340 5312/5312/5312
f 5316/5316/5316 5315/5315/5315 5344/5344/5344
f 5314/5314/5314 5342/5342/5342 5315/5315/5315
f 5315/5315/5315 5342/5342/5342 5341/5341/5341
f 5315/5315/5315 5341/5341/5341 5344/5344/5344
f 5338/5338/5338 5337/5337/5337 5311/5311/5311
f 5312/5312/5312 5311/5311/5311 5337/5337/5337
f 5309/5309/5309 5338/5338/5338 5310/5310/5310
f 5311/5311/5311 5310/5310/5310 5338/5338/5338
f 5335/5335/5335 5338/5338/5338 5309/5309/5309
f 5308/5308/5308 5336/5336/5336 5335/5335/5335
f 5308/5308/5308 5307/5307/5307 5336/5336/5336
f 5333/5333/5333 5336/5336/5336 5307/5307/5307
f 5306/5306/5306 5333/5333/5333 5307/5307/5307
f 5309/5309/5309 5308/5308/5308 5335/5335/5335
f 5316/5316/5316 5345/5345/5345 5317/5317/5317
f 5344/5344/5344 5343/5343/5343 5316/5316/5316
f 5316/5316/5316 5343/5343/5343 5345/5345/5345
f 5345/5345/5345 5332/5332/5332 5317/5317/5317
f 5319/5319/5319 5323/5323/5323 5320/5320/5320
f 5321/5321/5321 5320/5320/5320 5323/5323/5323
f 5323/5323/5323 5319/5319/5319 5318/5318/5318
f 5323/5323/5323 5318/5318/5318 5317/5317/5317
f 5317/5317/5317 5324/5324/5324 5323/5323/5323
f 5323/5323/5323 5322/5322/5322 5321/5321/5321
f 5331/5331/5331 5317/5317/5317 5332/5332/5332
f 5324/5324/5324 5331/5331/5331 5330/5330/5330
f 5305/5305/5305 5334/5334/5334 5306/5306/5306
f 5306/5306/5306 5334/5334/5334 5333/5333/5333
f 5330/5330/5330 5334/5334/5334 5305/5305/5305
f 5305/5305/5305 5325/5325/5325 5330/5330/5330
f 5305/5305/5305 5329/5329/5329 5326/5326/5326
f 5325/5325/5325 5305/5305/5305 5326/5326/5326
f 5328/5328/5328 5327/5327/5327 5329/5329/5329
f 5326/5326/5326 5329/5329/5329 5327/5327/5327
f 5324/5324/5324 5330/5330/5330 5325/5325/5325
f 5324/5324/5324 5317/5317/5317 5331/5331/5331
f 5348/5348/5348 5346/5346/5346 5350/5350/5350
f 5347/5347/5347 5349/5349/5349 5350/5350/5350
f 5348/5348/5348 5350/5350/5350 5349/5349/5349
f 5356/5356/5356 5355/5355/5355 5353/5353/5353
f 5352/5352/5352 5354/5354/5354 5355/5355/5355
f 5364/5364/5364 5359/5359/5359 5357/5357/5357
f 5364/5364/5364 5358/5358/5358 5360/5360/5360
f 5360/5360/5360 5359/5359/5359 5364/5364/5364
f 5359/5359/5359 5360/5360/5360 5363/5363/5363
f 5363/5363/5363 5360/5360/5360 5362/5362/5362
f 5361/5361/5361 5359/5359/5359 5363/5363/5363
f 5372/5372/5372 5367/5367/5367 5365/5365/5365
f 5372/5372/5372 5366/5366/5366 5368/5368/5368
f 5368/5368/5368 5367/5367/5367 5372/5372/5372
f 5367/5367/5367 5368/5368/5368 5371/5371/5371
f 5371/5371/5371 5368/5368/5368 5370/5370/5370
f 5369/5369/5369 5367/5367/5367 5371/5371/5371
f 5380/5380/5380 5375/5375/5375 5373/5373/5373
f 5380/5380/5380 5374/5374/5374 5376/5376/5376
f 5376/5376/5376 5375/5375/5375 5380/5380/5380
f 5376/5376/5376 5378/5378/5378 5379/5379/5379
f 5377/5377/5377 5375/5375/5375 5379/5379/5379
f 5388/5388/5388 5383/5383/5383 5381/5381/5381
f 5388/5388/5388 5382/5382/5382 5384/5384/5384
f 5384/5384/5384 5383/5383/5383 5388/5388/5388
f 5384/5384/5384 5387/5387/5387 5383/5383/5383
f 5387/5387/5387 5384/5384/5384 5386/5386/5386
f 5390/5390/5390 5392/5392/5392 5391/5391/5391
f 5391/5391/5391 5392/5392/5392 5395/5395/5395
f 5395/5395/5395 5392/5392/5392 5394/5394/5394
f 5393/5393/5393 5391/5391/5391 5395/5395/5395
f 5397/5397/5397 5399/5399/5399 5398/5398/5398
f 5402/5402/5402 5400/5400/5400 5404/5404/5404
f 5401/5401/5401 5403/5403/5403 5404/5404/5404
f 5402/5402/5402 5404/5404/5404 5403/5403/5403
f 5411/5411/5411 5407/5407/5407 5405/5405/5405
f 5411/5411/5411 5406/5406/5406 5408/5408/5408
f 5408/5408/5408 5407/5407/5407 5411/5411/5411
f 5408/5408/5408 5412/5412/5412 5407/5407/5407
f 5412/5412/5412 5408/5408/5408 5410/5410/5410
f 5417/5417/5417 5413/5413/5413 5414/5414/5414
f 5413/5413/5413 5417/5417/5417 5415/5415/5415
f 5414/5414/5414 5416/5416/5416 5417/5417/5417
f 5419/5419/5419 5421/5421/5421 5420/5420/5420
f 5423/5423/5423 5425/5425/5425 5424/5424/5424
f 5428/5428/5428 5426/5426/5426 5430/5430/5430
f 5427/5427/5427 5429/5429/5429 5430/5430/5430
f 5428/5428/5428 5430/5430/5430 5429/5429/5429
f 5438/5438/5438 5433/5433/5433 5431/5431/5431
f 5438/5438/5438 5432/5432/5432 5434/5434/5434
f 5434/5434/5434 5433/5433/5433 5438/5438/5438
f 5434/5434/5434 5437/5437/5437 5433/5433/5433
f 5437/5437/5437 5434/5434/5434 5436/5436/5436
f 5440/5440/5440 5442/5442/5442 5443/5443/5443
f 5439/5439/5439 5443/5443/5443 5441/5441/5441
f 5445/5445/5445 5447/5447/5447 5446/5446/5446
f 5449/5449/5449 5451/5451/5451 5450/5450/5450
f 5457/5457/5457 5456/5456/5456 5454/5454/5454
f 5453/5453/5453 5455/5455/5455 5456/5456/5456
f 5464/5464/5464 5460/5460/5460 5458/5458/5458
f 5464/5464/5464 5459/5459/5459 5461/5461/5461
f 5461/5461/5461 5460/5460/5460 5464/5464/5464
f 5460/5460/5460 5461/5461/5461 5465/5465/5465
f 5465/5465/5465 5461/5461/5461 5463/5463/5463
f 5462/5462/5462 5460/5460/5460 5465/5465/5465
f 5474/5474/5474 5475/5475/5475 5500/5500/5500
f 5503/5503/5503 5500/5500/5500 5475/5475/5475
f 5501/5501/5501 5473/5473/5473 5474/5474/5474
f 5500/5500/5500 5501/5501/5501 5474/5474/5474
f 5498/5498/5498 5473/5473/5473 5501/5501/5501
f 5477/5477/5477 5505/5505/5505 5476/5476/5476
f 5475/5475/5475 5476/5476/5476 5503/5503/5503
f 5476/5476/5476 5502/5502/5502 5503/5503/5503
f 5476/5476/5476 5505/5505/5505 5502/5502/5502
f 5499/5499/5499 5472/5472/5472 5498/5498/5498
f 5473/5473/5473 5498/5498/5498 5472/5472/5472
f 5470/5470/5470 5471/5471/5471 5499/5499/5499
f 5472/5472/5472 5499/5499/5499 5471/5471/5471
f 5496/5496/5496 5470/5470/5470 5499/5499/5499
f 5469/5469/5469 5496/5496/5496 5497/5497/5497
f 5469/5469/5469 5497/5497/5497 5468/5468/5468
f 5494/5494/5494 5468/5468/5468 5497/5497/5497
f 5467/5467/5467 5468/5468/5468 5494/5494/5494
f 5470/5470/5470 5496/5496/5496 5469/5469/5469
f 5477/5477/5477 5478/5478/5478 5506/5506/5506
f 5505/5505/5505 5477/5477/5477 5504/5504/5504
f 5477/5477/5477 5506/5506/5506 5504/5504/5504
f 5506/5506/5506 5478/5478/5478 5493/5493/5493
f 5480/5480/5480 5481/5481/5481 5484/5484/5484
f 5482/5482/5482 5484/5484/5484 5481/5481/5481
f 5484/5484/5484 5479/5479/5479 5480/5480/5480
f 5484/5484/5484 5478/5478/5478 5479/5479/5479
f 5478/5478/5478 5484/5484/5484 5485/5485/5485
f 5484/5484/5484 5482/5482/5482 5483/5483/5483
f 5492/5492/5492 5493/5493/5493 5478/5478/5478
f 5485/5485/5485 5491/5491/5491 5492/5492/5492
f 5466/5466/5466 5467/5467/5467 5495/5495/5495
f 5467/5467/5467 5494/5494/5494 5495/5495/5495
f 5491/5491/5491 5466/5466/5466 5495/5495/5495
f 5466/5466/5466 5491/5491/5491 5486/5486/5486
f 5466/5466/5466 5487/5487/5487 5490/5490/5490
f 5486/5486/5486 5487/5487/5487 5466/5466/5466
f 5489/5489/5489 5490/5490/5490 5488/5488/5488
f 5487/5487/5487 5488/5488/5488 5490/5490/5490
f 5485/5485/5485 5486/5486/5486 5491/5491/5491
f 5485/5485/5485 5492/5492/5492 5478/5478/5478
f 5513/5513/5513 5509/5509/5509 5507/5507/5507
f 5513/5513/5513 5508/5508/5508 5510/5510/5510
f 5510/5510/5510 5509/5509/5509 5513/5513/5513
f 5510/5510/5510 5512/5512/5512 5514/5514/5514
f 5511/5511/5511 5509/5509/5509 5514/5514/5514
f 5521/5521/5521 5517/5517/5517 5515/5515/5515
f 5521/5521/5521 5516/5516/5516 5518/5518/5518
f 5518/5518/5518 5517/5517/5517 5521/5521/5521
f 5517/5517/5517 5518/5518/5518 5522/5522/5522
f 5522/5522/5522 5518/5518/5518 5520/5520/5520
f 5519/5519/5519 5517/5517/5517 5522/5522/5522
f 5529/5529/5529 5525/5525/5525 5523/5523/5523
f 5529/5529/5529 5524/5524/5524 5526/5526/5526
f 5526/5526/5526 5525/5525/5525 5529/5529/5529
f 5525/5525/5525 5526/5526/5526 5530/5530/5530
f 5530/5530/5530 5526/5526/5526 5528/5528/5528
f 5527/5527/5527 5525/5525/5525 5530/5530/5530
f 5537/5537/5537 5533/5533/5533 5531/5531/5531
f 5537/5537/5537 5532/5532/5532 5534/5534/5534
f 5534/5534/5534 5533/5533/5533 5537/5537/5537
f 5534/5534/5534 5538/5538/5538 5533/5533/5533
f 5538/5538/5538 5534/5534/5534 5536/5536/5536
f 5545/5545/5545 5541/5541/5541 5539/5539/5539
f 5545/5545/5545 5540/5540/5540 5542/5542/5542
f 5542/5542/5542 5541/5541/5541 5545/5545/5545
f 5542/5542/5542 5544/5544/5544 5546/5546/5546
f 5543/5543/5543 5541/5541/5541 5546/5546/5546
f 5553/5553/5553 5549/5549/5549 5547/5547/5547
f 5553/5553/5553 5548/5548/5548 5550/5550/5550
f 5550/5550/5550 5549/5549/5549 5553/5553/5553
f 5549/5549/5549 5550/5550/5550 5554/5554/5554
f 5554/5554/5554 5550/5550/5550 5552/5552/5552
f 5551/5551/5551 5549/5549/5549 5554/5554/5554
f 5560/5560/5560 5559/5559/5559 5557/5557/5557
f 5556/5556/5556 5558/5558/5558 5559/5559/5559
f 5610/5610/5610 5586/5586/5586 5585/5585/5585
f 5609/5609/5609 5586/5586/5586 5610/5610/5610
f 5604/5604/5604 5610/5610/5610 5585/5585/5585
f 5585/5585/5585 5584/5584/5584 5604/5604/5604
f 5605/5605/5605 5604/5604/5604 5584/5584/5584
f 5605/5605/5605 5584/5584/5584 5583/5583/5583
f 5607/5607/5607 5587/5587/5587 5608/5608/5608
f 5586/5586/5586 5609/5609/5609 5608/5608/5608
f 5588/5588/5588 5587/5587/5587 5607/5607/5607
f 5587/5587/5587 5586/5586/5586 5608/5608/5608
f 5602/5602/5602 5605/5605/5605 5582/5582/5582
f 5583/5583/5583 5582/5582/5582 5605/5605/5605
f 5581/5581/5581 5603/5603/5603 5602/5602/5602
f 5582/5582/5582 5581/5581/5581 5602/5602/5602
f 5573/5573/5573 5572/5572/5572 5571/5571/5571
f 5580/5580/5580 5603/5603/5603 5581/5581/5581
f 5579/5579/5579 5601/5601/5601 5600/5600/5600
f 5579/5579/5579 5599/5599/5599 5601/5601/5601
f 5580/5580/5580 5579/5579/5579 5600/5600/5600
f 5566/5566/5566 5575/5575/5575 5574/5574/5574
f 5567/5567/5567 5574/5574/5574 5573/5573/5573
f 5603/5603/5603 5580/5580/5580 5600/5600/5600
f 5570/5570/5570 5573/5573/5573 5571/5571/5571
f 5578/5578/5578 5599/5599/5599 5579/5579/5579
f 5589/5589/5589 5588/5588/5588 5606/5606/5606
f 5590/5590/5590 5589/5589/5589 5606/5606/5606
f 5590/5590/5590 5606/5606/5606 5611/5611/5611
f 5611/5611/5611 5597/5597/5597 5591/5591/5591
f 5591/5591/5591 5590/5590/5590 5611/5611/5611
f 5593/5593/5593 5561/5561/5561 5594/5594/5594
f 5593/5593/5593 5596/5596/5596 5595/5595/5595
f 5596/5596/5596 5593/5593/5593 5592/5592/5592
f 5596/5596/5596 5592/5592/5592 5597/5597/5597
f 5593/5593/5593 5595/5595/5595 5598/5598/5598
f 5598/5598/5598 5561/5561/5561 5593/5593/5593
f 5592/5592/5592 5591/5591/5591 5597/5597/5597
f 5562/5562/5562 5576/5576/5576 5563/5563/5563
f 5564/5564/5564 5563/5563/5563 5576/5576/5576
f 5565/5565/5565 5575/5575/5575 5566/5566/5566
f 5564/5564/5564 5575/5575/5575 5565/5565/5565
f 5564/5564/5564 5576/5576/5576 5575/5575/5575
f 5562/5562/5562 5561/5561/5561 5577/5577/5577
f 5599/5599/5599 5578/5578/5578 5577/5577/5577
f 5561/5561/5561 5598/5598/5598 5577/5577/5577
f 5577/5577/5577 5576/5576/5576 5562/5562/5562
f 5573/5573/5573 5570/5570/5570 5568/5568/5568
f 5568/5568/5568 5570/5570/5570 5569/5569/5569
f 5567/5567/5567 5573/5573/5573 5568/5568/5568
f 5599/5599/5599 5577/5577/5577 5598/5598/5598
f 5574/5574/5574 5567/5567/5567 5566/5566/5566
f 5607/5607/5607 5606/5606/5606 5588/5588/5588
f 5613/5613/5613 5615/5615/5615 5614/5614/5614
f 5618/5618/5618 5616/5616/5616 5622/5622/5622
f 5619/5619/5619 5622/5622/5622 5617/5617/5617
f 5620/5620/5620 5618/5618/5618 5619/5619/5619
f 5622/5622/5622 5619/5619/5619 5618/5618/5618
f 5630/5630/5630 5625/5625/5625 5623/5623/5623
f 5630/5630/5630 5624/5624/5624 5626/5626/5626
f 5626/5626/5626 5625/5625/5625 5630/5630/5630
f 5626/5626/5626 5629/5629/5629 5625/5625/5625
f 5629/5629/5629 5626/5626/5626 5628/5628/5628
f 5638/5638/5638 5633/5633/5633 5631/5631/5631
f 5638/5638/5638 5632/5632/5632 5634/5634/5634
f 5634/5634/5634 5633/5633/5633 5638/5638/5638
f 5633/5633/5633 5634/5634/5634 5637/5637/5637
f 5637/5637/5637 5634/5634/5634 5636/5636/5636
f 5635/5635/5635 5633/5633/5633 5637/5637/5637
f 5643/5643/5643 5639/5639/5639 5640/5640/5640
f 5639/5639/5639 5643/5643/5643 5641/5641/5641
f 5640/5640/5640 5642/5642/5642 5643/5643/5643
f 5645/5645/5645 5647/5647/5647 5646/5646/5646
f 5649/5649/5649 5651/5651/5651 5650/5650/5650
f 5653/5653/5653 5655/5655/5655 5654/5654/5654
f 5658/5658/5658 5656/5656/5656 5660/5660/5660
f 5657/5657/5657 5659/5659/5659 5660/5660/5660
f 5658/5658/5658 5660/5660/5660 5659/5659/5659
f 5668/5668/5668 5663/5663/5663 5661/5661/5661
f 5668/5668/5668 5662/5662/5662 5664/5664/5664
f 5664/5664/5664 5663/5663/5663 5668/5668/5668
f 5663/5663/5663 5664/5664/5664 5667/5667/5667
f 5667/5667/5667 5664/5664/5664 5666/5666/5666
f 5665/5665/5665 5663/5663/5663 5667/5667/5667
f 5670/5670/5670 5673/5673/5673 5669/5669/5669
f 5670/5670/5670 5672/5672/5672 5673/5673/5673
f 5675/5675/5675 5677/5677/5677 5676/5676/5676
f 5680/5680/5680 5678/5678/5678 5684/5684/5684
f 5681/5681/5681 5684/5684/5684 5679/5679/5679
f 5682/5682/5682 5680/5680/5680 5681/5681/5681
f 5684/5684/5684 5681/5681/5681 5680/5680/5680
f 5692/5692/5692 5687/5687/5687 5685/5685/5685
f 5692/5692/5692 5686/5686/5686 5688/5688/5688
f 5688/5688/5688 5687/5687/5687 5692/5692/5692
f 5688/5688/5688 5691/5691/5691 5687/5687/5687
f 5691/5691/5691 5688/5688/5688 5690/5690/5690
f 5700/5700/5700 5695/5695/5695 5693/5693/5693
f 5700/5700/5700 5694/5694/5694 5696/5696/5696
f 5696/5696/5696 5695/5695/5695 5700/5700/5700
f 5696/5696/5696 5699/5699/5699 5695/5695/5695
f 5699/5699/5699 5696/5696/5696 5698/5698/5698
f 5708/5708/5708 5703/5703/5703 5701/5701/5701
f 5708/5708/5708 5702/5702/5702 5704/5704/5704
f 5704/5704/5704 5703/5703/5703 5708/5708/5708
f 5704/5704/5704 5707/5707/5707 5703/5703/5703
f 5707/5707/5707 5704/5704/5704 5706/5706/5706
f 5710/5710/5710 5713/5713/5713 5709/5709/5709
f 5710/5710/5710 5712/5712/5712 5713/5713/5713
f 5716/5716/5716 5714/5714/5714 5718/5718/5718
f 5715/5715/5715 5717/5717/5717 5718/5718/5718
f 5716/5716/5716 5718/5718/5718 5717/5717/5717
f 5726/5726/5726 5721/5721/5721 5719/5719/5719
f 5726/5726/5726 5720/5720/5720 5722/5722/5722
f 5722/5722/5722 5721/5721/5721 5726/5726/5726
f 5721/5721/5721 5722/5722/5722 5725/5725/5725
f 5725/5725/5725 5722/5722/5722 5724/5724/5724
f 5723/5723/5723 5721/5721/5721 5725/5725/5725
f 5734/5734/5734 5729/5729/5729 5727/5727/5727
f 5734/5734/5734 5728/5728/5728 5730/5730/5730
f 5730/5730/5730 5729/5729/5729 5734/5734/5734
f 5730/5730/5730 5733/5733/5733 5729/5729/5729
f 5733/5733/5733 5730/5730/5730 5732/5732/5732
f 5736/5736/5736 5738/5738/5738 5737/5737/5737
f 5738/5738/5738 5741/5741/5741 5737/5737/5737
f 5741/5741/5741 5738/5738/5738 5740/5740/5740
f 5743/5743/5743 5745/5745/5745 5744/5744/5744
f 5747/5747/5747 5749/5749/5749 5748/5748/5748
f 5752/5752/5752 5750/5750/5750 5754/5754/5754
f 5751/5751/5751 5753/5753/5753 5754/5754/5754
f 5752/5752/5752 5754/5754/5754 5753/5753/5753
f 5804/5804/5804 5779/5779/5779 5780/5780/5780
f 5803/5803/5803 5804/5804/5804 5780/5780/5780
f 5798/5798/5798 5779/5779/5779 5804/5804/5804
f 5779/5779/5779 5798/5798/5798 5778/5778/5778
f 5799/5799/5799 5778/5778/5778 5798/5798/5798
f 5799/5799/5799 5777/5777/5777 5778/5778/5778
f 5801/5801/5801 5802/5802/5802 5781/5781/5781
f 5780/5780/5780 5802/5802/5802 5803/5803/5803
f 5782/5782/5782 5801/5801/5801 5781/5781/5781
f 5781/5781/5781 5802/5802/5802 5780/5780/5780
f 5796/5796/5796 5776/5776/5776 5799/5799/5799
f 5777/5777/5777 5799/5799/5799 5776/5776/5776
f 5775/5775/5775 5796/5796/5796 5797/5797/5797
f 5776/5776/5776 5796/5796/5796 5775/5775/5775
f 5767/5767/5767 5765/5765/5765 5766/5766/5766
f 5774/5774/5774 5775/5775/5775 5797/5797/5797
f 5773/5773/5773 5794/5794/5794 5795/5795/5795
f 5773/5773/5773 5795/5795/5795 5793/5793/5793
f 5774/5774/5774 5794/5794/5794 5773/5773/5773
f 5760/5760/5760 5768/5768/5768 5769/5769/5769
f 5761/5761/5761 5767/5767/5767 5768/5768/5768
f 5797/5797/5797 5794/5794/5794 5774/5774/5774
f 5764/5764/5764 5765/5765/5765 5767/5767/5767
f 5772/5772/5772 5773/5773/5773 5793/5793/5793
f 5783/5783/5783 5800/5800/5800 5782/5782/5782
f 5784/5784/5784 5800/5800/5800 5783/5783/5783
f 5784/5784/5784 5805/5805/5805 5800/5800/5800
f 5805/5805/5805 5785/5785/5785 5791/5791/5791
f 5785/5785/5785 5805/5805/5805 5784/5784/5784
f 5787/5787/5787 5788/5788/5788 5755/5755/5755
f 5787/5787/5787 5789/5789/5789 5790/5790/5790
f 5790/5790/5790 5786/5786/5786 5787/5787/5787
f 5790/5790/5790 5791/5791/5791 5786/5786/5786
f 5787/5787/5787 5792/5792/5792 5789/5789/5789
f 5792/5792/5792 5787/5787/5787 5755/5755/5755
f 5786/5786/5786 5791/5791/5791 5785/5785/5785
f 5756/5756/5756 5757/5757/5757 5770/5770/5770
f 5758/5758/5758 5770/5770/5770 5757/5757/5757
f 5759/5759/5759 5760/5760/5760 5769/5769/5769
f 5758/5758/5758 5759/5759/5759 5769/5769/5769
f 5758/5758/5758 5769/5769/5769 5770/5770/5770
f 5756/5756/5756 5771/5771/5771 5755/5755/5755
f 5793/5793/5793 5771/5771/5771 5772/5772/5772
f 5755/5755/5755 5771/5771/5771 5792/5792/5792
f 5771/5771/5771 5756/5756/5756 5770/5770/5770
f 5767/5767/5767 5762/5762/5762 5764/5764/5764
f 5762/5762/5762 5763/5763/5763 5764/5764/5764
f 5761/5761/5761 5762/5762/5762 5767/5767/5767
f 5793/5793/5793 5792/5792/5792 5771/5771/5771
f 5768/5768/5768 5760/5760/5760 5761/5761/5761
f 5801/5801/5801 5782/5782/5782 5800/5800/5800
f 5807/5807/5807 5809/5809/5809 5810/5810/5810
f 5806/5806/5806 5810/5810/5810 5808/5808/5808
f 5817/5817/5817 5813/5813/5813 5811/5811/5811
f 5817/5817/5817 5812/5812/5812 5814/5814/5814
f 5814/5814/5814 5813/5813/5813 5817/5817/5817
f 5814/5814/5814 5818/5818/5818 5813/5813/5813
f 5818/5818/5818 5814/5814/5814 5816/5816/5816
f 5825/5825/5825 5821/5821/5821 5819/5819/5819
f 5825/5825/5825 5820/5820/5820 5822/5822/5822
f 5822/5822/5822 5821/5821/5821 5825/5825/5825
f 5822/5822/5822 5824/5824/5824 5826/5826/5826
f 5823/5823/5823 5821/5821/5821 5826/5826/5826
f 5833/5833/5833 5829/5829/5829 5827/5827/5827
f 5833/5833/5833 5828/5828/5828 5830/5830/5830
f 5830/5830/5830 5829/5829/5829 5833/5833/5833
f 5830/5830/5830 5834/5834/5834 5829/5829/5829
f 5834/5834/5834 5830/5830/5830 5832/5832/5832
f 5847/5847/5847 5837/5837/5837 5835/5835/5835
f 5839/5839/5839 5837/5837/5837 5838/5838/5838
f 5838/5838/5838 5847/5847/5847 5836/5836/5836
f 5837/5837/5837 5847/5847/5847 5838/5838/5838
f 5840/5840/5840 5842/5842/5842 5841/5841/5841
f 5843/5843/5843 5841/5841/5841 5842/5842/5842
f 5848/5848/5848 5845/5845/5845 5843/5843/5843
f 5844/5844/5844 5846/5846/5846 5848/5848/5848
f 5844/5844/5844 5848/5848/5848 5843/5843/5843
f 5855/5855/5855 5851/5851/5851 5849/5849/5849
f 5855/5855/5855 5850/5850/5850 5852/5852/5852
f 5852/5852/5852 5851/5851/5851 5855/5855/5855
f 5851/5851/5851 5852/5852/5852 5856/5856/5856
f 5856/5856/5856 5852/5852/5852 5854/5854/5854
f 5853/5853/5853 5851/5851/5851 5856/5856/5856
f 5864/5864/5864 5859/5859/5859 5857/5857/5857
f 5864/5864/5864 5858/5858/5858 5860/5860/5860
f 5860/5860/5860 5859/5859/5859 5864/5864/5864
f 5860/5860/5860 5863/5863/5863 5859/5859/5859
f 5863/5863/5863 5860/5860/5860 5862/5862/5862
f 5873/5873/5873 5872/5872/5872 5866/5866/5866
f 5871/5871/5871 5866/5866/5866 5872/5872/5872
f 5874/5874/5874 5873/5873/5873 5875/5875/5875
f 5866/5866/5866 5875/5875/5875 5873/5873/5873
f 5865/5865/5865 5871/5871/5871 5870/5870/5870
f 5866/5866/5866 5871/5871/5871 5865/5865/5865
f 5867/5867/5867 5865/5865/5865 5870/5870/5870
f 5868/5868/5868 5870/5870/5870 5869/5869/5869
f 5867/5867/5867 5870/5870/5870 5868/5868/5868
f 5877/5877/5877 5879/5879/5879 5878/5878/5878
f 5881/5881/5881 5883/5883/5883 5882/5882/5882
f 5885/5885/5885 5887/5887/5887 5886/5886/5886
f 5889/5889/5889 5891/5891/5891 5890/5890/5890
f 5893/5893/5893 5895/5895/5895 5894/5894/5894
f 5897/5897/5897 5899/5899/5899 5898/5898/5898
f 5902/5902/5902 5900/5900/5900 5904/5904/5904
f 5901/5901/5901 5903/5903/5903 5904/5904/5904
f 5902/5902/5902 5904/5904/5904 5903/5903/5903
f 5906/5906/5906 5908/5908/5908 5907/5907/5907
f 5908/5908/5908 5910/5910/5910 5911/5911/5911
f 5909/5909/5909 5907/5907/5907 5911/5911/5911
f 5913/5913/5913 5915/5915/5915 5914/5914/5914
f 5917/5917/5917 5919/5919/5919 5918/5918/5918
f 5928/5928/5928 5921/5921/5921 5927/5927/5927
f 5926/5926/5926 5927/5927/5927 5921/5921/5921
f 5929/5929/5929 5930/5930/5930 5928/5928/5928
f 5921/5921/5921 5928/5928/5928 5930/5930/5930
f 5920/5920/5920 5925/5925/5925 5926/5926/5926
f 5921/5921/5921 5920/5920/5920 5926/5926/5926
f 5922/5922/5922 5925/5925/5925 5920/5920/5920
f 5923/5923/5923 5924/5924/5924 5925/5925/5925
f 5922/5922/5922 5923/5923/5923 5925/5925/5925
f 5945/5945/5945 5944/5944/5944 5943/5943/5943
f 5931/5931/5931 5945/5945/5945 5943/5943/5943
f 5943/5943/5943 5941/5941/5941 5931/5931/5931
f 5941/5941/5941 5943/5943/5943 5942/5942/5942
f 5941/5941/5941 5940/5940/5940 5939/5939/5939
f 5939/5939/5939 5937/5937/5937 5941/5941/5941
f 5946/5946/5946 5945/5945/5945 5931/5931/5931
f 5933/5933/5933 5932/5932/5932 5931/5931/5931
f 5935/5935/5935 5933/5933/5933 5931/5931/5931
f 5934/5934/5934 5933/5933/5933 5935/5935/5935
f 5938/5938/5938 5937/5937/5937 5939/5939/5939
f 5937/5937/5937 5936/5936/5936 5935/5935/5935
f 5937/5937/5937 5935/5935/5935 5931/5931/5931
f 5931/5931/5931 5941/5941/5941 5937/5937/5937
f 5954/5954/5954 5949/5949/5949 5947/5947/5947
f 5954/5954/5954 5948/5948/5948 5950/5950/5950
f 5950/5950/5950 5949/5949/5949 5954/5954/5954
f 5949/5949/5949 5950/5950/5950 5953/5953/5953
f 5953/5953/5953 5950/5950/5950 5952/5952/5952
f 5951/5951/5951 5949/5949/5949 5953/5953/5953
f 5962/5962/5962 5957/5957/5957 5955/5955/5955
f 5962/5962/5962 5956/5956/5956 5958/5958/5958
f 5958/5958/5958 5957/5957/5957 5962/5962/5962
f 5958/5958/5958 5961/5961/5961 5957/5957/5957
f 5961/5961/5961 5958/5958/5958 5960/5960/5960
f 5970/5970/5970 5965/5965/5965 5963/5963/5963
f 5970/5970/5970 5964/5964/5964 5966/5966/5966
f 5966/5966/5966 5965/5965/5965 5970/5970/5970
f 5966/5966/5966 5968/5968/5968 5969/5969/5969
f 5967/5967/5967 5965/5965/5965 5969/5969/5969
f 5978/5978/5978 5973/5973/5973 5971/5971/5971
f 5978/5978/5978 5972/5972/5972 5974/5974/5974
f 5974/5974/5974 5973/5973/5973 5978/5978/5978
f 5973/5973/5973 5974/5974/5974 5977/5977/5977
f 5977/5977/5977 5974/5974/5974 5976/5976/5976
f 5975/5975/5975 5973/5973/5973 5977/5977/5977
f 5986/5986/5986 5981/5981/5981 5979/5979/5979
f 5986/5986/5986 5980/5980/5980 5982/5982/5982
f 5982/5982/5982 5981/5981/5981 5986/5986/5986
f 5982/5982/5982 5984/5984/5984 5985/5985/5985
f 5983/5983/5983 5981/5981/5981 5985/5985/5985
f 5994/5994/5994 5989/5989/5989 5987/5987/5987
f 5994/5994/5994 5988/5988/5988 5990/5990/5990
f 5990/5990/5990 5989/5989/5989 5994/5994/5994
f 5989/5989/5989 5990/5990/5990 5993/5993/5993
f 5993/5993/5993 5990/5990/5990 5992/5992/5992
f 5991/5991/5991 5989/5989/5989 5993/5993/5993
f 6002/6002/6002 5997/5997/5997 5995/5995/5995
f 6002/6002/6002 5996/5996/5996 5998/5998/5998
f 5998/5998/5998 5997/5997/5997 6002/6002/6002
f 5997/5997/5997 5998/5998/5998 6001/6001/6001
f 6001/6001/6001 5998/5998/5998 6000/6000/6000
f 5999/5999/5999 5997/5997/5997 6001/6001/6001
f 6009/6009/6009 6005/6005/6005 6003/6003/6003
f 6009/6009/6009 6004/6004/6004 6006/6006/6006
f 6006/6006/6006 6005/6005/6005 6009/6009/6009
f 6006/6006/6006 6008/6008/6008 6010/6010/6010
f 6007/6007/6007 6005/6005/6005 6010/6010/6010
f 6025/6025/6025 6023/6023/6023 6024/6024/6024
f 6011/6011/6011 6023/6023/6023 6025/6025/6025
f 6023/6023/6023 6011/6011/6011 6021/6021/6021
f 6021/6021/6021 6022/6022/6022 6023/6023/6023
f 6021/6021/6021 6019/6019/6019 6020/6020/6020
f 6019/6019/6019 6021/6021/6021 6017/6017/6017
f 6026/6026/6026 6011/6011/6011 6025/6025/6025
f 6013/6013/6013 6011/6011/6011 6012/6012/6012
f 6015/6015/6015 6011/6011/6011 6013/6013/6013
f 6014/6014/6014 6015/6015/6015 6013/6013/6013
f 6018/6018/6018 6019/6019/6019 6017/6017/6017
f 6017/6017/6017 6015/6015/6015 6016/6016/6016
f 6017/6017/6017 6011/6011/6011 6015/6015/6015
f 6011/6011/6011 6017/6017/6017 6021/6021/6021
f 6048/6048/6048 6029/6029/6029 6028/6028/6028
f 6048/6048/6048 6028/6028/6028 6045/6045/6045
f 6027/6027/6027 6045/6045/6045 6028/6028/6028
f 6048/6048/6048 6052/6052/6052 6029/6029/6029
f 6050/6050/6050 6031/6031/6031 6030/6030/6030
f 6051/6051/6051 6029/6029/6029 6052/6052/6052
f 6030/6030/6030 6051/6051/6051 6050/6050/6050
f 6030/6030/6030 6029/6029/6029 6051/6051/6051
f 6027/6027/6027 6044/6044/6044 6046/6046/6046
f 6043/6043/6043 6047/6047/6047 6044/6044/6044
f 6046/6046/6046 6044/6044/6044 6047/6047/6047
f 6064/6064/6064 6047/6047/6047 6043/6043/6043
f 6045/6045/6045 6027/6027/6027 6046/6046/6046
f 6042/6042/6042 6065/6065/6065 6064/6064/6064
f 6042/6042/6042 6041/6041/6041 6065/6065/6065
f 6062/6062/6062 6065/6065/6065 6041/6041/6041
f 6063/6063/6063 6062/6062/6062 6041/6041/6041
f 6043/6043/6043 6042/6042/6042 6064/6064/6064
f 6049/6049/6049 6031/6031/6031 6050/6050/6050
f 6054/6054/6054 6032/6032/6032 6049/6049/6049
f 6031/6031/6031 6049/6049/6049 6032/6032/6032
f 6054/6054/6054 6053/6053/6053 6033/6033/6033
f 6033/6033/6033 6053/6053/6053 6056/6056/6056
f 6033/6033/6033 6032/6032/6032 6054/6054/6054
f 6056/6056/6056 6055/6055/6055 6034/6034/6034
f 6055/6055/6055 6058/6058/6058 6034/6034/6034
f 6035/6035/6035 6034/6034/6034 6058/6058/6058
f 6057/6057/6057 6035/6035/6035 6058/6058/6058
f 6033/6033/6033 6056/6056/6056 6034/6034/6034
f 6038/6038/6038 6059/6059/6059 6061/6061/6061
f 6040/6040/6040 6060/6060/6060 6063/6063/6063
f 6060/6060/6060 6040/6040/6040 6039/6039/6039
f 6041/6041/6041 6040/6040/6040 6063/6063/6063
f 6039/6039/6039 6061/6061/6061 6060/6060/6060
f 6037/6037/6037 6036/6036/6036 6057/6057/6057
f 6035/6035/6035 6057/6057/6057 6036/6036/6036
f 6061/6061/6061 6039/6039/6039 6038/6038/6038
f 6038/6038/6038 6037/6037/6037 6059/6059/6059
f 6037/6037/6037 6057/6057/6057 6059/6059/6059
f 6067/6067/6067 6069/6069/6069 6068/6068/6068
f 6072/6072/6072 6070/6070/6070 6076/6076/6076
f 6073/6073/6073 6076/6076/6076 6071/6071/6071
f 6074/6074/6074 6072/6072/6072 6073/6073/6073
f 6076/6076/6076 6073/6073/6073 6072/6072/6072
f 6084/6084/6084 6079/6079/6079 6077/6077/6077
f 6084/6084/6084 6078/6078/6078 6080/6080/6080
f 6080/6080/6080 6079/6079/6079 6084/6084/6084
f 6079/6079/6079 6080/6080/6080 6083/6083/6083
f 6083/6083/6083 6080/6080/6080 6082/6082/6082
f 6081/6081/6081 6079/6079/6079 6083/6083/6083
f 6086/6086/6086 6088/6088/6088 6087/6087/6087
f 6088/6088/6088 6091/6091/6091 6087/6087/6087
f 6091/6091/6091 6088/6088/6088 6090/6090/6090
f 6093/6093/6093 6095/6095/6095 6094/6094/6094
f 6096/6096/6096 6094/6094/6094 6095/6095/6095
f 6099/6099/6099 6101/6101/6101 6100/6100/6100
f 6104/6104/6104 6102/6102/6102 6108/6108/6108
f 6105/6105/6105 6108/6108/6108 6103/6103/6103
f 6106/6106/6106 6104/6104/6104 6105/6105/6105
f 6108/6108/6108 6105/6105/6105 6104/6104/6104
f 6116/6116/6116 6111/6111/6111 6109/6109/6109
f 6116/6116/6116 6110/6110/6110 6112/6112/6112
f 6112/6112/6112 6111/6111/6111 6116/6116/6116
f 6112/6112/6112 6115/6115/6115 6111/6111/6111
f 6115/6115/6115 6112/6112/6112 6114/6114/6114
f 6119/6119/6119 6117/6117/6117 6118/6118/6118
f 6120/6120/6120 6122/6122/6122 6121/6121/6121
f 6125/6125/6125 6123/6123/6123 6121/6121/6121
f 6124/6124/6124 6125/6125/6125 6122/6122/6122
f 6121/6121/6121 6122/6122/6122 6125/6125/6125
f 6127/6127/6127 6129/6129/6129 6128/6128/6128
f 6131/6131/6131 6134/6134/6134 6130/6130/6130
f 6131/6131/6131 6133/6133/6133 6134/6134/6134
f 6156/6156/6156 6136/6136/6136 6137/6137/6137
f 6156/6156/6156 6153/6153/6153 6136/6136/6136
f 6135/6135/6135 6136/6136/6136 6153/6153/6153
f 6156/6156/6156 6137/6137/6137 6160/6160/6160
f 6158/6158/6158 6138/6138/6138 6139/6139/6139
f 6159/6159/6159 6160/6160/6160 6137/6137/6137
f 6138/6138/6138 6158/6158/6158 6159/6159/6159
f 6138/6138/6138 6159/6159/6159 6137/6137/6137
f 6135/6135/6135 6154/6154/6154 6152/6152/6152
f 6151/6151/6151 6152/6152/6152 6155/6155/6155
f 6154/6154/6154 6155/6155/6155 6152/6152/6152
f 6172/6172/6172 6151/6151/6151 6155/6155/6155
f 6153/6153/6153 6154/6154/6154 6135/6135/6135
f 6150/6150/6150 6172/6172/6172 6173/6173/6173
f 6150/6150/6150 6173/6173/6173 6149/6149/6149
f 6170/6170/6170 6149/6149/6149 6173/6173/6173
f 6171/6171/6171 6149/6149/6149 6170/6170/6170
f 6151/6151/6151 6172/6172/6172 6150/6150/6150
f 6157/6157/6157 6158/6158/6158 6139/6139/6139
f 6162/6162/6162 6157/6157/6157 6140/6140/6140
f 6139/6139/6139 6140/6140/6140 6157/6157/6157
f 6162/6162/6162 6141/6141/6141 6161/6161/6161
f 6141/6141/6141 6164/6164/6164 6161/6161/6161
f 6141/6141/6141 6162/6162/6162 6140/6140/6140
f 6164/6164/6164 6142/6142/6142 6163/6163/6163
f 6163/6163/6163 6142/6142/6142 6166/6166/6166
f 6143/6143/6143 6166/6166/6166 6142/6142/6142
f 6165/6165/6165 6166/6166/6166 6143/6143/6143
f 6141/6141/6141 6142/6142/6142 6164/6164/6164
f 6146/6146/6146 6169/6169/6169 6167/6167/6167
f 6148/6148/6148 6171/6171/6171 6168/6168/6168
f 6168/6168/6168 6147/6147/6147 6148/6148/6148
f 6149/6149/6149 6171/6171/6171 6148/6148/6148
f 6147/6147/6147 6168/6168/6168 6169/6169/6169
f 6145/6145/6145 6165/6165/6165 6144/6144/6144
f 6143/6143/6143 6144/6144/6144 6165/6165/6165
f 6169/6169/6169 6146/6146/6146 6147/6147/6147
f 6146/6146/6146 6167/6167/6167 6145/6145/6145
f 6145/6145/6145 6167/6167/6167 6165/6165/6165
f 6184/6184/6184 6176/6176/6176 6174/6174/6174
f 6177/6177/6177 6179/6179/6179 6178/6178/6178
f 6175/6175/6175 6177/6177/6177 6184/6184/6184
f 6176/6176/6176 6184/6184/6184 6177/6177/6177
f 6185/6185/6185 6182/6182/6182 6180/6180/6180
f 6181/6181/6181 6185/6185/6185 6180/6180/6180
f 6180/6180/6180 6178/6178/6178 6179/6179/6179
f 6185/6185/6185 6181/6181/6181 6183/6183/6183
f 6192/6192/6192 6188/6188/6188 6186/6186/6186
f 6192/6192/6192 6187/6187/6187 6189/6189/6189
f 6189/6189/6189 6188/6188/6188 6192/6192/6192
f 6189/6189/6189 6191/6191/6191 6193/6193/6193
f 6190/6190/6190 6188/6188/6188 6193/6193/6193
f 6200/6200/6200 6196/6196/6196 6194/6194/6194
f 6200/6200/6200 6195/6195/6195 6197/6197/6197
f 6197/6197/6197 6196/6196/6196 6200/6200/6200
f 6197/6197/6197 6199/6199/6199 6201/6201/6201
f 6198/6198/6198 6196/6196/6196 6201/6201/6201
f 6204/6204/6204 6202/6202/6202 6208/6208/6208
f 6205/6205/6205 6208/6208/6208 6203/6203/6203
f 6206/6206/6206 6204/6204/6204 6205/6205/6205
f 6208/6208/6208 6205/6205/6205 6204/6204/6204
f 6219/6219/6219 6215/6215/6215 6213/6213/6213
f 6215/6215/6215 6217/6217/6217 6216/6216/6216
f 6213/6213/6213 6216/6216/6216 6209/6209/6209
f 6211/6211/6211 6209/6209/6209 6216/6216/6216
f 6218/6218/6218 6213/6213/6213 6210/6210/6210
f 6209/6209/6209 6210/6210/6210 6213/6213/6213
f 6212/6212/6212 6218/6218/6218 6210/6210/6210
f 6214/6214/6214 6211/6211/6211 6217/6217/6217
f 6216/6216/6216 6217/6217/6217 6211/6211/6211
f 6215/6215/6215 6214/6214/6214 6217/6217/6217
f 6215/6215/6215 6219/6219/6219 6214/6214/6214
f 6212/6212/6212 6214/6214/6214 6219/6219/6219
f 6218/6218/6218 6212/6212/6212 6219/6219/6219
f 6226/6226/6226 6222/6222/6222 6220/6220/6220
f 6226/6226/6226 6221/6221/6221 6223/6223/6223
f 6223/6223/6223 6222/6222/6222 6226/6226/6226
f 6222/6222/6222 6223/6223/6223 6227/6227/6227
f 6227/6227/6227 6223/6223/6223 6225/6225/6225
f 6224/6224/6224 6222/6222/6222 6227/6227/6227
f 6234/6234/6234 6230/6230/6230 6228/6228/6228
f 6234/6234/6234 6229/6229/6229 6231/6231/6231
f 6231/6231/6231 6230/6230/6230 6234/6234/6234
f 6231/6231/6231 6235/6235/6235 6230/6230/6230
f 6235/6235/6235 6231/6231/6231 6233/6233/6233
f 6244/6244/6244 6238/6238/6238 6236/6236/6236
f 6237/6237/6237 6239/6239/6239 6244/6244/6244
f 6238/6238/6238 6244/6244/6244 6239/6239/6239
f 6239/6239/6239 6241/6241/6241 6240/6240/6240
f 6245/6245/6245 6242/6242/6242 6240/6240/6240
f 6243/6243/6243 6245/6245/6245 6241/6241/6241
f 6240/6240/6240 6241/6241/6241 6245/6245/6245
f 6248/6248/6248 6246/6246/6246 6252/6252/6252
f 6249/6249/6249 6252/6252/6252 6247/6247/6247
f 6250/6250/6250 6248/6248/6248 6249/6249/6249
f 6252/6252/6252 6249/6249/6249 6248/6248/6248
f 1/1/1 3/3/3 2/2/2
f 5/5/5 7/7/7 8/8/8
f 9/9/9 11/11/11 10/10/10
f 13/13/13 15/15/15 14/14/14
f 17/17/17 19/19/19 18/18/18
f 21/21/21 23/23/23 22/22/22
f 25/25/25 27/27/27 26/26/26
f 29/29/29 31/31/31 32/32/32
f 33/33/33 35/35/35 34/34/34
f 37/37/37 39/39/39 38/38/38
f 41/41/41 43/43/43 42/42/42
f 45/45/45 47/47/47 46/46/46
f 51/51/51 50/50/50 52/52/52
f 59/59/59 58/58/58 60/60/60
f 99/99/99 100/100/100 101/101/101
f 101/101/101 102/102/102 103/103/103
f 105/105/105 108/108/108 109/109/109
f 109/109/109 110/110/110 111/111/111
f 99/99/99 108/108/108 107/107/107
f 101/101/101 110/110/110 108/108/108
f 150/150/150 151/151/151 152/152/152
f 152/152/152 153/153/153 154/154/154
f 156/156/156 159/159/159 160/160/160
f 160/160/160 161/161/161 162/162/162
f 150/150/150 159/159/159 158/158/158
f 152/152/152 161/161/161 159/159/159
f 280/280/280 281/281/281 282/282/282
f 282/282/282 283/283/283 284/284/284
f 286/286/286 289/289/289 290/290/290
f 290/290/290 291/291/291 292/292/292
f 280/280/280 289/289/289 288/288/288
f 282/282/282 291/291/291 289/289/289
f 387/387/387 386/386/386 388/388/388
f 395/395/395 394/394/394 396/396/396
f 435/435/435 436/436/436 437/437/437
f 437/437/437 438/438/438 439/439/439
f 441/441/441 444/444/444 445/445/445
f 445/445/445 446/446/446 447/447/447
f 435/435/435 444/444/444 443/443/443
f 437/437/437 446/446/446 444/444/444
f 486/486/486 487/487/487 488/488/488
f 488/488/488 489/489/489 490/490/490
f 492/492/492 495/495/495 496/496/496
f 496/496/496 497/497/497 498/498/498
f 486/486/486 495/495/495 494/494/494
f 488/488/488 497/497/497 495/495/495
f 616/616/616 617/617/617 618/618/618
f 618/618/618 619/619/619 620/620/620
f 622/622/622 625/625/625 626/626/626
f 626/626/626 627/627/627 628/628/628
f 616/616/616 625/625/625 624/624/624
f 618/618/618 627/627/627 625/625/625
f 723/723/723 722/722/722 724/724/724
f 731/731/731 730/730/730 732/732/732
f 771/771/771 772/772/772 773/773/773
f 773/773/773 774/774/774 775/775/775
f 777/777/777 780/780/780 781/781/781
f 781/781/781 782/782/782 783/783/783
f 771/771/771 780/780/780 779/779/779
f 773/773/773 782/782/782 780/780/780
f 822/822/822 823/823/823 824/824/824
f 824/824/824 825/825/825 826/826/826
f 828/828/828 831/831/831 832/832/832
f 832/832/832 833/833/833 834/834/834
f 822/822/822 831/831/831 830/830/830
f 824/824/824 833/833/833 831/831/831
f 952/952/952 953/953/953 954/954/954
f 954/954/954 955/955/955 956/956/956
f 958/958/958 961/961/961 962/962/962
f 962/962/962 963/963/963 964/964/964
f 952/952/952 961/961/961 960/960/960
f 954/954/954 963/963/963 961/961/961
f 1059/1059/1059 1058/1058/1058 1060/1060/1060
f 1067/1067/1067 1066/1066/1066 1068/1068/1068
f 1107/1107/1107 1108/1108/1108 1109/1109/1109
f 1109/1109/1109 1110/1110/1110 1111/1111/1111
f 1113/1113/1113 1116/1116/1116 1117/1117/1117
f 1117/1117/1117 1118/1118/1118 1119/1119/1119
f 1107/1107/1107 1116/1116/1116 1115/1115/1115
f 1109/1109/1109 1118/1118/1118 1116/1116/1116
f 1158/1158/1158 1159/1159/1159 1160/1160/1160
f 1160/1160/1160 1161/1161/1161 1162/1162/1162
f 1164/1164/1164 1167/1167/1167 1168/1168/1168
f 1168/1168/1168 1169/1169/1169 1170/1170/1170
f 1158/1158/1158 1167/1167/1167 1166/1166/1166
f 1160/1160/1160 1169/1169/1169 1167/1167/1167
f 1288/1288/1288 1289/1289/1289 1290/1290/1290
f 1290/1290/1290 1291/1291/1291 1292/1292/1292
f 1294/1294/1294 1297/1297/1297 1298/1298/1298
f 1298/1298/1298 1299/1299/1299 1300/1300/1300
f 1288/1288/1288 1297/1297/1297 1296/1296/1296
f 1290/1290/1290 1299/1299/1299 1297/1297/1297
f 1395/1395/1395 1394/1394/1394 1396/1396/1396
f 1403/1403/1403 1402/1402/1402 1404/1404/1404
f 1443/1443/1443 1444/1444/1444 1445/1445/1445
f 1445/1445/1445 1446/1446/1446 1447/1447/1447
f 1449/1449/1449 1452/1452/1452 1453/1453/1453
f 1453/1453/1453 1454/1454/1454 1455/1455/1455
f 1443/1443/1443 1452/1452/1452 1451/1451/1451
f 1445/1445/1445 1454/1454/1454 1452/1452/1452
f 1494/1494/1494 1495/1495/1495 1496/1496/1496
f 1496/1496/1496 1497/1497/1497 1498/1498/1498
f 1500/1500/1500 1503/1503/1503 1504/1504/1504
f 1504/1504/1504 1505/1505/1505 1506/1506/1506
f 1494/1494/1494 1503/1503/1503 1502/1502/1502
f 1496/1496/1496 1505/1505/1505 1503/1503/1503
f 1624/1624/1624 1625/1625/1625 1626/1626/1626
f 1626/1626/1626 1627/1627/1627 1628/1628/1628
f 1630/1630/1630 1633/1633/1633 1634/1634/1634
f 1634/1634/1634 1635/1635/1635 1636/1636/1636
f 1624/1624/1624 1633/1633/1633 1632/1632/1632
f 1626/1626/1626 1635/1635/1635 1633/1633/1633
f 1731/1731/1731 1730/1730/1730 1732/1732/1732
f 1739/1739/1739 1738/1738/1738 1740/1740/1740
f 1779/1779/1779 1780/1780/1780 1781/1781/1781
f 1781/1781/1781 1782/1782/1782 1783/1783/1783
f 1785/1785/1785 1788/1788/1788 1789/1789/1789
f 1789/1789/1789 1790/1790/1790 1791/1791/1791
f 1779/1779/1779 1788/1788/1788 1787/1787/1787
f 1781/1781/1781 1790/1790/1790 1788/1788/1788
f 1830/1830/1830 1831/1831/1831 1832/1832/1832
f 1832/1832/1832 1833/1833/1833 1834/1834/1834
f 1836/1836/1836 1839/1839/1839 1840/1840/1840
f 1840/1840/1840 1841/1841/1841 1842/1842/1842
f 1830/1830/1830 1839/1839/1839 1838/1838/1838
f 1832/1832/1832 1841/1841/1841 1839/1839/1839
f 1960/1960/1960 1961/1961/1961 1962/1962/1962
f 1962/1962/1962 1963/1963/1963 1964/1964/1964
f 1966/1966/1966 1969/1969/1969 1970/1970/1970
f 1970/1970/1970 1971/1971/1971 1972/1972/1972
f 1960/1960/1960 1969/1969/1969 1968/1968/1968
f 1962/1962/1962 1971/1971/1971 1969/1969/1969
f 2067/2067/2067 2066/2066/2066 2068/2068/2068
f 2075/2075/2075 2074/2074/2074 2076/2076/2076
f 2115/2115/2115 2116/2116/2116 2117/2117/2117
f 2117/2117/2117 2118/2118/2118 2119/2119/2119
f 2121/2121/2121 2124/2124/2124 2125/2125/2125
f 2125/2125/2125 2126/2126/2126 2127/2127/2127
f 2115/2115/2115 2124/2124/2124 2123/2123/2123
f 2117/2117/2117 2126/2126/2126 2124/2124/2124
f 2166/2166/2166 2167/2167/2167 2168/2168/2168
f 2168/2168/2168 2169/2169/2169 2170/2170/2170
f 2172/2172/2172 2175/2175/2175 2176/2176/2176
f 2176/2176/2176 2177/2177/2177 2178/2178/2178
f 2166/2166/2166 2175/2175/2175 2174/2174/2174
f 2168/2168/2168 2177/2177/2177 2175/2175/2175
f 2296/2296/2296 2297/2297/2297 2298/2298/2298
f 2298/2298/2298 2299/2299/2299 2300/2300/2300
f 2302/2302/2302 2305/2305/2305 2306/2306/2306
f 2306/2306/2306 2307/2307/2307 2308/2308/2308
f 2296/2296/2296 2305/2305/2305 2304/2304/2304
f 2298/2298/2298 2307/2307/2307 2305/2305/2305
f 2403/2403/2403 2402/2402/2402 2404/2404/2404
f 2411/2411/2411 2410/2410/2410 2412/2412/2412
f 2451/2451/2451 2452/2452/2452 2453/2453/2453
f 2453/2453/2453 2454/2454/2454 2455/2455/2455
f 2457/2457/2457 2460/2460/2460 2461/2461/2461
f 2461/2461/2461 2462/2462/2462 2463/2463/2463
f 2451/2451/2451 2460/2460/2460 2459/2459/2459
f 2453/2453/2453 2462/2462/2462 2460/2460/2460
f 2502/2502/2502 2503/2503/2503 2504/2504/2504
f 2504/2504/2504 2505/2505/2505 2506/2506/2506
f 2508/2508/2508 2511/2511/2511 2512/2512/2512
f 2512/2512/2512 2513/2513/2513 2514/2514/2514
f 2502/2502/2502 2511/2511/2511 2510/2510/2510
f 2504/2504/2504 2513/2513/2513 2511/2511/2511
f 2632/2632/2632 2633/2633/2633 2634/2634/2634
f 2634/2634/2634 2635/2635/2635 2636/2636/2636
f 2638/2638/2638 2641/2641/2641 2642/2642/2642
f 2642/2642/2642 2643/2643/2643 2644/2644/2644
f 2632/2632/2632 2641/2641/2641 2640/2640/2640
f 2634/2634/2634 2643/2643/2643 2641/2641/2641
f 2739/2739/2739 2738/2738/2738 2740/2740/2740
f 2747/2747/2747 2746/2746/2746 2748/2748/2748
f 2787/2787/2787 2788/2788/2788 2789/2789/2789
f 2789/2789/2789 2790/2790/2790 2791/2791/2791
f 2793/2793/2793 2796/2796/2796 2797/2797/2797
f 2797/2797/2797 2798/2798/2798 2799/2799/2799
f 2787/2787/2787 2796/2796/2796 2795/2795/2795
f 2789/2789/2789 2798/2798/2798 2796/2796/2796
f 2838/2838/2838 2839/2839/2839 2840/2840/2840
f 2840/2840/2840 2841/2841/2841 2842/2842/2842
f 2844/2844/2844 2847/2847/2847 2848/2848/2848
f 2848/2848/2848 2849/2849/2849 2850/2850/2850
f 2838/2838/2838 2847/2847/2847 2846/2846/2846
f 2840/2840/2840 2849/2849/2849 2847/2847/2847
f 2968/2968/2968 2969/2969/2969 2970/2970/2970
f 2970/2970/2970 2971/2971/2971 2972/2972/2972
f 2974/2974/2974 2977/2977/2977 2978/2978/2978
f 2978/2978/2978 2979/2979/2979 2980/2980/2980
f 2968/2968/2968 2977/2977/2977 2976/2976/2976
f 2970/2970/2970 2979/2979/2979 2977/2977/2977
f 3075/3075/3075 3074/3074/3074 3076/3076/3076
f 3083/3083/3083 3082/3082/3082 3084/3084/3084
f 3123/3123/3123 3124/3124/3124 3125/3125/3125
f 3125/3125/3125 3126/3126/3126 3127/3127/3127
f 3129/3129/3129 3132/3132/3132 3133/3133/3133
f 3133/3133/3133 3134/3134/3134 3135/3135/3135
f 3123/3123/3123 3132/3132/3132 3131/3131/3131
f 3125/3125/3125 3134/3134/3134 3132/3132/3132
f 3174/3174/3174 3175/3175/3175 3176/3176/3176
f 3176/3176/3176 3177/3177/3177 3178/3178/3178
f 3180/3180/3180 3183/3183/3183 3184/3184/3184
f 3184/3184/3184 3185/3185/3185 3186/3186/3186
f 3174/3174/3174 3183/3183/3183 3182/3182/3182
f 3176/3176/3176 3185/3185/3185 3183/3183/3183
f 3304/3304/3304 3305/3305/3305 3306/3306/3306
f 3306/3306/3306 3307/3307/3307 3308/3308/3308
f 3310/3310/3310 3313/3313/3313 3314/3314/3314
f 3314/3314/3314 3315/3315/3315 3316/3316/3316
f 3304/3304/3304 3313/3313/3313 3312/3312/3312
f 3306/3306/3306 3315/3315/3315 3313/3313/3313
f 3411/3411/3411 3410/3410/3410 3412/3412/3412
f 3419/3419/3419 3418/3418/3418 3420/3420/3420
f 3459/3459/3459 3460/3460/3460 3461/3461/3461
f 3461/3461/3461 3462/3462/3462 3463/3463/3463
f 3465/3465/3465 3468/3468/3468 3469/3469/3469
f 3469/3469/3469 3470/3470/3470 3471/3471/3471
f 3459/3459/3459 3468/3468/3468 3467/3467/3467
f 3461/3461/3461 3470/3470/3470 3468/3468/3468
f 3510/3510/3510 3511/3511/3511 3512/3512/3512
f 3512/3512/3512 3513/3513/3513 3514/3514/3514
f 3516/3516/3516 3519/3519/3519 3520/3520/3520
f 3520/3520/3520 3521/3521/3521 3522/3522/3522
f 3510/3510/3510 3519/3519/3519 3518/3518/3518
f 3512/3512/3512 3521/3521/3521 3519/3519/3519
f 3640/3640/3640 3641/3641/3641 3642/3642/3642
f 3642/3642/3642 3643/3643/3643 3644/3644/3644
f 3646/3646/3646 3649/3649/3649 3650/3650/3650
f 3650/3650/3650 3651/3651/3651 3652/3652/3652
f 3640/3640/3640 3649/3649/3649 3648/3648/3648
f 3642/3642/3642 3651/3651/3651 3649/3649/3649
f 3747/3747/3747 3746/3746/3746 3748/3748/3748
f 3755/3755/3755 3754/3754/3754 3756/3756/3756
f 3795/3795/3795 3796/3796/3796 3797/3797/3797
f 3797/3797/3797 3798/3798/3798 3799/3799/3799
f 3801/3801/3801 3804/3804/3804 3805/3805/3805
f 3805/3805/3805 3806/3806/3806 3807/3807/3807
f 3795/3795/3795 3804/3804/3804 3803/3803/3803
f 3797/3797/3797 3806/3806/3806 3804/3804/3804
f 3846/3846/3846 3847/3847/3847 3848/3848/3848
f 3848/3848/3848 3849/3849/3849 3850/3850/3850
f 3852/3852/3852 3855/3855/3855 3856/3856/3856
f 3856/3856/3856 3857/3857/3857 3858/3858/3858
f 3846/3846/3846 3855/3855/3855 3854/3854/3854
f 3848/3848/3848 3857/3857/3857 3855/3855/3855
f 3976/3976/3976 3977/3977/3977 3978/3978/3978
f 3978/3978/3978 3979/3979/3979 3980/3980/3980
f 3982/3982/3982 3985/3985/3985 3986/3986/3986
f 3986/3986/3986 3987/3987/3987 3988/3988/3988
f 3976/3976/3976 3985/3985/3985 3984/3984/3984
f 3978/3978/3978 3987/3987/3987 3985/3985/3985
f 4083/4083/4083 4082/4082/4082 4084/4084/4084
f 4091/4091/4091 4090/4090/4090 4092/4092/4092
f 4131/4131/4131 4132/4132/4132 4133/4133/4133
f 4133/4133/4133 4134/4134/4134 4135/4135/4135
f 4137/4137/4137 4140/4140/4140 4141/4141/4141
f 4141/4141/4141 4142/4142/4142 4143/4143/4143
f 4131/4131/4131 4140/4140/4140 4139/4139/4139
f 4133/4133/4133 4142/4142/4142 4140/4140/4140
f 4182/4182/4182 4183/4183/4183 4184/4184/4184
f 4184/4184/4184 4185/4185/4185 4186/4186/4186
f 4188/4188/4188 4191/4191/4191 4192/4192/4192
f 4192/4192/4192 4193/4193/4193 4194/4194/4194
f 4182/4182/4182 4191/4191/4191 4190/4190/4190
f 4184/4184/4184 4193/4193/4193 4191/4191/4191
f 4312/4312/4312 4313/4313/4313 4314/4314/4314
f 4314/4314/4314 4315/4315/4315 4316/4316/4316
f 4318/4318/4318 4321/4321/4321 4322/4322/4322
f 4322/4322/4322 4323/4323/4323 4324/4324/4324
f 4312/4312/4312 4321/4321/4321 4320/4320/4320
f 4314/4314/4314 4323/4323/4323 4321/4321/4321
f 4419/4419/4419 4418/4418/4418 4420/4420/4420
f 4427/4427/4427 4426/4426/4426 4428/4428/4428
f 4467/4467/4467 4468/4468/4468 4469/4469/4469
f 4469/4469/4469 4470/4470/4470 4471/4471/4471
f 4473/4473/4473 4476/4476/4476 4477/4477/4477
f 4477/4477/4477 4478/4478/4478 4479/4479/4479
f 4467/4467/4467 4476/4476/4476 4475/4475/4475
f 4469/4469/4469 4478/4478/4478 4476/4476/4476
f 4518/4518/4518 4519/4519/4519 4520/4520/4520
f 4520/4520/4520 4521/4521/4521 4522/4522/4522
f 4524/4524/4524 4527/4527/4527 4528/4528/4528
f 4528/4528/4528 4529/4529/4529 4530/4530/4530
f 4518/4518/4518 4527/4527/4527 4526/4526/4526
f 4520/4520/4520 4529/4529/4529 4527/4527/4527
f 4648/4648/4648 4649/4649/4649 4650/4650/4650
f 4650/4650/4650 4651/4651/4651 4652/4652/4652
f 4654/4654/4654 4657/4657/4657 4658/4658/4658
f 4658/4658/4658 4659/4659/4659 4660/4660/4660
f 4648/4648/4648 4657/4657/4657 4656/4656/4656
f 4650/4650/4650 4659/4659/4659 4657/4657/4657
f 4808/4808/4808 4806/4806/4806 4804/4804/4804
f 4813/4813/4813 4816/4816/4816 4812/4812/4812
f 4821/4821/4821 4824/4824/4824 4820/4820/4820
f 4829/4829/4829 4832/4832/4832 4828/4828/4828
f 4848/4848/4848 4846/4846/4846 4844/4844/4844
f 4853/4853/4853 4854/4854/4854 4852/4852/4852
f 4906/4906/4906 4904/4904/4904 4902/4902/4902
f 4914/4914/4914 4912/4912/4912 4910/4910/4910
f 4919/4919/4919 4922/4922/4922 4918/4918/4918
f 4927/4927/4927 4930/4930/4930 4926/4926/4926
f 4935/4935/4935 4936/4936/4936 4934/4934/4934
f 4954/4954/4954 4952/4952/4952 4950/4950/4950
f 4951/4951/4951 4955/4955/4955 4954/4954/4954
f 5050/5050/5050 5051/5051/5051 5049/5049/5049
f 5057/5057/5057 5056/5056/5056 5058/5058/5058
f 5077/5077/5077 5080/5080/5080 5076/5076/5076
f 5082/5082/5082 5083/5083/5083 5081/5081/5081
f 5086/5086/5086 5087/5087/5087 5085/5085/5085
f 5090/5090/5090 5091/5091/5091 5089/5089/5089
f 5104/5104/5104 5102/5102/5102 5100/5100/5100
f 5112/5112/5112 5113/5113/5113 5111/5111/5111
f 5119/5119/5119 5118/5118/5118 5120/5120/5120
f 5128/5128/5128 5126/5126/5126 5124/5124/5124
f 5162/5162/5162 5160/5160/5160 5158/5158/5158
f 5167/5167/5167 5170/5170/5170 5166/5166/5166
f 5173/5173/5173 5174/5174/5174 5172/5172/5172
f 5175/5175/5175 5178/5178/5178 5174/5174/5174
f 5180/5180/5180 5181/5181/5181 5179/5179/5179
f 5184/5184/5184 5185/5185/5185 5183/5183/5183
f 5245/5245/5245 5246/5246/5246 5244/5244/5244
f 5258/5258/5258 5255/5255/5255 5253/5253/5253
f 5266/5266/5266 5263/5263/5263 5261/5261/5261
f 5274/5274/5274 5271/5271/5271 5269/5269/5269
f 5279/5279/5279 5278/5278/5278 5280/5280/5280
f 5280/5280/5280 5281/5281/5281 5279/5279/5279
f 5283/5283/5283 5282/5282/5282 5284/5284/5284
f 5296/5296/5296 5293/5293/5293 5291/5291/5291
f 5356/5356/5356 5353/5353/5353 5351/5351/5351
f 5352/5352/5352 5355/5355/5355 5356/5356/5356
f 5376/5376/5376 5379/5379/5379 5375/5375/5375
f 5387/5387/5387 5385/5385/5385 5383/5383/5383
f 5390/5390/5390 5391/5391/5391 5389/5389/5389
f 5397/5397/5397 5398/5398/5398 5396/5396/5396
f 5412/5412/5412 5409/5409/5409 5407/5407/5407
f 5419/5419/5419 5420/5420/5420 5418/5418/5418
f 5423/5423/5423 5424/5424/5424 5422/5422/5422
f 5437/5437/5437 5435/5435/5435 5433/5433/5433
f 5440/5440/5440 5443/5443/5443 5439/5439/5439
f 5445/5445/5445 5446/5446/5446 5444/5444/5444
f 5449/5449/5449 5450/5450/5450 5448/5448/5448
f 5457/5457/5457 5454/5454/5454 5452/5452/5452
f 5453/5453/5453 5456/5456/5456 5457/5457/5457
f 5510/5510/5510 5514/5514/5514 5509/5509/5509
f 5538/5538/5538 5535/5535/5535 5533/5533/5533
f 5542/5542/5542 5546/5546/5546 5541/5541/5541
f 5560/5560/5560 5557/5557/5557 5555/5555/5555
f 5556/5556/5556 5559/5559/5559 5560/5560/5560
f 5613/5613/5613 5614/5614/5614 5612/5612/5612
f 5620/5620/5620 5619/5619/5619 5621/5621/5621
f 5629/5629/5629 5627/5627/5627 5625/5625/5625
f 5645/5645/5645 5646/5646/5646 5644/5644/5644
f 5649/5649/5649 5650/5650/5650 5648/5648/5648
f 5653/5653/5653 5654/5654/5654 5652/5652/5652
f 5673/5673/5673 5671/5671/5671 5669/5669/5669
f 5675/5675/5675 5676/5676/5676 5674/5674/5674
f 5682/5682/5682 5681/5681/5681 5683/5683/5683
f 5691/5691/5691 5689/5689/5689 5687/5687/5687
f 5699/5699/5699 5697/5697/5697 5695/5695/5695
f 5707/5707/5707 5705/5705/5705 5703/5703/5703
f 5713/5713/5713 5711/5711/5711 5709/5709/5709
f 5733/5733/5733 5731/5731/5731 5729/5729/5729
f 5736/5736/5736 5737/5737/5737 5735/5735/5735
f 5741/5741/5741 5739/5739/5739 5737/5737/5737
f 5743/5743/5743 5744/5744/5744 5742/5742/5742
f 5747/5747/5747 5748/5748/5748 5746/5746/5746
f 5807/5807/5807 5810/5810/5810 5806/5806/5806
f 5818/5818/5818 5815/5815/5815 5813/5813/5813
f 5822/5822/5822 5826/5826/5826 5821/5821/5821
f 5834/5834/5834 5831/5831/5831 5829/5829/5829
f 5839/5839/5839 5838/5838/5838 5840/5840/5840
f 5840/5840/5840 5841/5841/5841 5839/5839/5839
f 5843/5843/5843 5842/5842/5842 5844/5844/5844
f 5863/5863/5863 5861/5861/5861 5859/5859/5859
f 5877/5877/5877 5878/5878/5878 5876/5876/5876
f 5881/5881/5881 5882/5882/5882 5880/5880/5880
f 5885/5885/5885 5886/5886/5886 5884/5884/5884
f 5889/5889/5889 5890/5890/5890 5888/5888/5888
f 5893/5893/5893 5894/5894/5894 5892/5892/5892
f 5897/5897/5897 5898/5898/5898 5896/5896/5896
f 5906/5906/5906 5907/5907/5907 5905/5905/5905
f 5908/5908/5908 5911/5911/5911 5907/5907/5907
f 5913/5913/5913 5914/5914/5914 5912/5912/5912
f 5917/5917/5917 5918/5918/5918 5916/5916/5916
f 5961/5961/5961 5959/5959/5959 5957/5957/5957
f 5966/5966/5966 5969/5969/5969 5965/5965/5965
f 5982/5982/5982 5985/5985/5985 5981/5981/5981
f 6006/6006/6006 6010/6010/6010 6005/6005/6005
f 6067/6067/6067 6068/6068/6068 6066/6066/6066
f 6074/6074/6074 6073/6073/6073 6075/6075/6075
f 6086/6086/6086 6087/6087/6087 6085/6085/6085
f 6091/6091/6091 6089/6089/6089 6087/6087/6087
f 6093/6093/6093 6094/6094/6094 6092/6092/6092
f 6096/6096/6096 6095/6095/6095 6097/6097/6097
f 6099/6099/6099 6100/6100/6100 6098/6098/6098
f 6106/6106/6106 6105/6105/6105 6107/6107/6107
f 6115/6115/6115 6113/6113/6113 6111/6111/6111
f 6119/6119/6119 6118/6118/6118 6120/6120/6120
f 6120/6120/6120 6121/6121/6121 6119/6119/6119
f 6127/6127/6127 6128/6128/6128 6126/6126/6126
f 6134/6134/6134 6132/6132/6132 6130/6130/6130
f 6177/6177/6177 6178/6178/6178 6176/6176/6176
f 6180/6180/6180 6179/6179/6179 6181/6181/6181
f 6189/6189/6189 6193/6193/6193 6188/6188/6188
f 6197/6197/6197 6201/6201/6201 6196/6196/6196
f 6206/6206/6206 6205/6205/6205 6207/6207/6207
f 6219/6219/6219 6213/6213/6213 6218/6218/6218
f 6215/6215/6215 6216/6216/6216 6213/6213/6213
f 6235/6235/6235 6232/6232/6232 6230/6230/6230
f 6239/6239/6239 6240/6240/6240 6238/6238/6238
f 6250/6250/6250 6249/6249/6249 6251/6251/6251

