g mesh_step_20
v 0.010000 2.990000 5.510000
v 0.010000 3.250000 5.510000
v -1.010000 3.250000 5.510000
v -1.010000 2.990000 5.510000
v -3.990000 2.990000 5.510000
v -3.990000 3.250000 5.510000
v -5.010000 3.250000 5.510000
v -5.010000 2.990000 5.510000
v -7.990000 2.990000 5.510000
v -7.990000 3.250000 5.510000
v -9.010000 3.250000 5.510000
v -9.010000 2.990000 5.510000
v 0.010000 3.250000 -0.010000
v -9.010000 3.250000 0.000000
v -9.010000 3.250000 1.010000
v 0.010000 3.250000 1.000000
v -9.010000 2.990000 1.010000
v 0.010000 2.990000 1.000000
v 0.010000 3.250000 1.000000
v -9.010000 3.250000 1.010000
v -9.010000 2.990000 0.000000
v -9.010000 2.990000 1.010000
v -9.010000 3.250000 1.010000
v -9.010000 3.250000 0.000000
v 0.010000 2.990000 -0.010000
v -9.010000 2.990000 0.000000
v -9.010000 3.250000 0.000000
v 0.010000 3.250000 -0.010000
v 0.010000 2.990000 1.000000
v 0.010000 2.990000 -0.010000
v 0.010000 3.250000 -0.010000
v 0.010000 3.250000 1.000000
v 0.010000 2.990000 -0.010000
v 0.010000 2.990000 1.000000
v -9.010000 2.990000 1.010000
v -9.010000 2.990000 0.000000
v -1.010000 3.250000 5.510000
v 0.010000 3.250000 5.510000
v 0.010000 3.250000 -0.010000
v -1.010000 3.250000 -0.010000
v 0.010000 2.990000 -0.010000
v 0.010000 3.250000 -0.010000
v 0.010000 3.250000 5.510000
v 0.010000 2.990000 5.510000
v -1.010000 2.990000 -0.010000
v -1.010000 3.250000 -0.010000
v 0.010000 3.250000 -0.010000
v 0.010000 2.990000 -0.010000
v -1.010000 2.990000 5.510000
v -1.010000 3.250000 5.510000
v -1.010000 3.250000 -0.010000
v -1.010000 2.990000 -0.010000
v -1.010000 2.990000 5.510000
v -1.010000 2.990000 -0.010000
v 0.010000 2.990000 -0.010000
v 0.010000 2.990000 5.510000
v -5.010000 3.250000 5.510000
v -3.990000 3.250000 5.510000
v -3.990000 3.250000 -0.010000
v -5.010000 3.250000 -0.010000
v -3.990000 2.990000 -0.010000
v -3.990000 3.250000 -0.010000
v -3.990000 3.250000 5.510000
v -3.990000 2.990000 5.510000
v -5.010000 2.990000 -0.010000
v -5.010000 3.250000 -0.010000
v -3.990000 3.250000 -0.010000
v -3.990000 2.990000 -0.010000
v -5.010000 2.990000 5.510000
v -5.010000 3.250000 5.510000
v -5.010000 3.250000 -0.010000
v -5.010000 2.990000 -0.010000
v -5.010000 2.990000 5.510000
v -5.010000 2.990000 -0.010000
v -3.990000 2.990000 -0.010000
v -3.990000 2.990000 5.510000
v -9.010000 2.990000 5.510000
v -9.010000 2.990000 -0.010000
v -7.990000 2.990000 -0.010000
v -7.990000 2.990000 5.510000
v -9.010000 2.990000 5.510000
v -9.010000 3.250000 5.510000
v -9.010000 3.250000 -0.010000
v -9.010000 2.990000 -0.010000
v -9.010000 2.990000 -0.010000
v -9.010000 3.250000 -0.010000
v -7.990000 3.250000 -0.010000
v -7.990000 2.990000 -0.010000
v -7.990000 2.990000 -0.010000
v -7.990000 3.250000 -0.010000
v -7.990000 3.250000 5.510000
v -7.990000 2.990000 5.510000
v -9.010000 3.250000 5.510000
v -7.990000 3.250000 5.510000
v -7.990000 3.250000 -0.010000
v -9.010000 3.250000 -0.010000
v -0.570207 3.313144 1.825362
v -0.459293 3.313144 2.078514
v -0.527802 3.313144 2.111534
v -0.534647 3.313144 2.111534
v -0.534647 3.313144 1.874891
v -0.534904 3.313144 1.860027
v -0.536622 3.313144 1.845401
v -0.539776 3.313144 1.840166
v -0.544807 3.313144 1.836511
v -0.570207 3.313144 1.832981
v -0.464373 3.313144 1.825362
v -0.464373 3.313144 1.832981
v -0.489988 3.313144 1.836436
v -0.494750 3.313144 1.839768
v -0.498103 3.313144 1.844481
v -0.500358 3.313144 1.874891
v -0.500358 3.313144 2.026444
v -0.500056 3.313144 2.046534
v -0.498313 3.313144 2.065744
v -0.496471 3.313144 2.071089
v -0.493023 3.313144 2.075479
v -0.488684 3.313144 2.077827
v -0.483778 3.313144 2.078584
v -0.462398 3.313144 2.072164
v -0.527802 3.313144 2.111534
v -0.527802 3.293144 2.111534
v -0.459293 3.313144 2.078514
v -0.459293 3.293144 2.078514
v -0.534647 3.313144 2.111534
v -0.534647 3.293144 2.111534
v -0.527802 3.313144 2.111534
v -0.527802 3.293144 2.111534
v -0.534647 3.313144 1.874891
v -0.534647 3.293144 1.874891
v -0.534647 3.313144 2.111534
v -0.534647 3.293144 2.111534
v -0.536622 3.313144 1.845401
v -0.536622 3.293144 1.845401
v -0.534904 3.313144 1.860027
v -0.534904 3.293144 1.860027
v -0.534647 3.313144 1.874891
v -0.534647 3.293144 1.874891
v -0.536622 3.303144 1.845401
v -0.544807 3.313144 1.836511
v -0.544807 3.293144 1.836511
v -0.539776 3.313144 1.840166
v -0.539776 3.293144 1.840166
v -0.536622 3.313144 1.845401
v -0.536622 3.293144 1.845401
v -0.536622 3.303144 1.845401
v -0.544807 3.303144 1.836511
v -0.570207 3.313144 1.832981
v -0.570207 3.293144 1.832981
v -0.544807 3.313144 1.836511
v -0.544807 3.293144 1.836511
v -0.544807 3.303144 1.836511
v -0.570207 3.313144 1.825362
v -0.570207 3.293144 1.825362
v -0.570207 3.313144 1.832981
v -0.570207 3.293144 1.832981
v -0.464373 3.313144 1.825362
v -0.464373 3.293144 1.825362
v -0.570207 3.313144 1.825362
v -0.570207 3.293144 1.825362
v -0.464373 3.313144 1.832981
v -0.464373 3.293144 1.832981
v -0.464373 3.313144 1.825362
v -0.464373 3.293144 1.825362
v -0.489988 3.313144 1.836436
v -0.489988 3.293144 1.836436
v -0.464373 3.313144 1.832981
v -0.464373 3.293144 1.832981
v -0.489988 3.303144 1.836436
v -0.498103 3.313144 1.844481
v -0.498103 3.293144 1.844481
v -0.494750 3.313144 1.839768
v -0.494750 3.293144 1.839768
v -0.489988 3.313144 1.836436
v -0.489988 3.293144 1.836436
v -0.489988 3.303144 1.836436
v -0.498103 3.303144 1.844481
v -0.500358 3.313144 1.874891
v -0.500358 3.293144 1.874891
v -0.498103 3.313144 1.844481
v -0.498103 3.293144 1.844481
v -0.498103 3.303144 1.844481
v -0.500358 3.313144 2.026444
v -0.500358 3.293144 2.026444
v -0.500358 3.313144 1.874891
v -0.500358 3.293144 1.874891
v -0.498313 3.313144 2.065744
v -0.498313 3.293144 2.065744
v -0.500056 3.313144 2.046534
v -0.500056 3.293144 2.046534
v -0.500358 3.313144 2.026444
v -0.500358 3.293144 2.026444
v -0.498313 3.303144 2.065744
v -0.493023 3.313144 2.075479
v -0.493023 3.293144 2.075479
v -0.496471 3.313144 2.071089
v -0.496471 3.293144 2.071089
v -0.498313 3.313144 2.065744
v -0.498313 3.293144 2.065744
v -0.498313 3.303144 2.065744
v -0.493023 3.303144 2.075479
v -0.483778 3.313144 2.078584
v -0.483778 3.293144 2.078584
v -0.488684 3.313144 2.077827
v -0.488684 3.293144 2.077827
v -0.493023 3.313144 2.075479
v -0.493023 3.293144 2.075479
v -0.493023 3.303144 2.075479
v -0.483778 3.303144 2.078584
v -0.462398 3.313144 2.072164
v -0.462398 3.293144 2.072164
v -0.483778 3.313144 2.078584
v -0.483778 3.293144 2.078584
v -0.483778 3.303144 2.078584
v -0.459293 3.313144 2.078514
v -0.459293 3.293144 2.078514
v -0.462398 3.313144 2.072164
v -0.462398 3.293144 2.072164
v -0.570207 3.293144 1.825362
v -0.459293 3.293144 2.078514
v -0.527802 3.293144 2.111534
v -0.534647 3.293144 2.111534
v -0.534647 3.293144 1.874891
v -0.534904 3.293144 1.860027
v -0.536622 3.293144 1.845401
v -0.539776 3.293144 1.840166
v -0.544807 3.293144 1.836511
v -0.570207 3.293144 1.832981
v -0.464373 3.293144 1.825362
v -0.464373 3.293144 1.832981
v -0.489988 3.293144 1.836436
v -0.494750 3.293144 1.839768
v -0.498103 3.293144 1.844481
v -0.500358 3.293144 1.874891
v -0.500358 3.293144 2.026444
v -0.500056 3.293144 2.046534
v -0.498313 3.293144 2.065744
v -0.496471 3.293144 2.071089
v -0.493023 3.293144 2.075479
v -0.488684 3.293144 2.077827
v -0.483778 3.293144 2.078584
v -0.462398 3.293144 2.072164
v -8.570207 3.313144 1.825362
v -8.459293 3.313144 2.078514
v -8.527802 3.313144 2.111534
v -8.534647 3.313144 2.111534
v -8.534647 3.313144 1.874891
v -8.534904 3.313144 1.860027
v -8.536622 3.313144 1.845401
v -8.539776 3.313144 1.840166
v -8.544807 3.313144 1.836511
v -8.570207 3.313144 1.832981
v -8.464373 3.313144 1.825362
v -8.464373 3.313144 1.832981
v -8.477599 3.313144 1.833687
v -8.489987 3.313144 1.836436
v -8.494750 3.313144 1.839768
v -8.498103 3.313144 1.844481
v -8.500358 3.313144 1.874891
v -8.500358 3.313144 2.026444
v -8.498313 3.313144 2.065744
v -8.496470 3.313144 2.071089
v -8.493023 3.313144 2.075479
v -8.488684 3.313144 2.077827
v -8.483778 3.313144 2.078584
v -8.462399 3.313144 2.072164
v -8.527802 3.313144 2.111534
v -8.527802 3.293144 2.111534
v -8.459293 3.313144 2.078514
v -8.459293 3.293144 2.078514
v -8.534647 3.313144 2.111534
v -8.534647 3.293144 2.111534
v -8.527802 3.313144 2.111534
v -8.527802 3.293144 2.111534
v -8.534647 3.313144 1.874891
v -8.534647 3.293144 1.874891
v -8.534647 3.313144 2.111534
v -8.534647 3.293144 2.111534
v -8.536622 3.313144 1.845401
v -8.536622 3.293144 1.845401
v -8.534904 3.313144 1.860027
v -8.534904 3.293144 1.860027
v -8.534647 3.313144 1.874891
v -8.534647 3.293144 1.874891
v -8.536622 3.303144 1.845401
v -8.544807 3.313144 1.836511
v -8.544807 3.293144 1.836511
v -8.539776 3.313144 1.840166
v -8.539776 3.293144 1.840166
v -8.536622 3.313144 1.845401
v -8.536622 3.293144 1.845401
v -8.536622 3.303144 1.845401
v -8.544807 3.303144 1.836511
v -8.570207 3.313144 1.832981
v -8.570207 3.293144 1.832981
v -8.544807 3.313144 1.836511
v -8.544807 3.293144 1.836511
v -8.544807 3.303144 1.836511
v -8.570207 3.313144 1.825362
v -8.570207 3.293144 1.825362
v -8.570207 3.313144 1.832981
v -8.570207 3.293144 1.832981
v -8.464373 3.313144 1.825362
v -8.464373 3.293144 1.825362
v -8.570207 3.313144 1.825362
v -8.570207 3.293144 1.825362
v -8.464373 3.313144 1.832981
v -8.464373 3.293144 1.832981
v -8.464373 3.313144 1.825362
v -8.464373 3.293144 1.825362
v -8.489987 3.313144 1.836436
v -8.489987 3.293144 1.836436
v -8.477599 3.313144 1.833687
v -8.477599 3.293144 1.833687
v -8.464373 3.313144 1.832981
v -8.464373 3.293144 1.832981
v -8.489987 3.303144 1.836436
v -8.498103 3.313144 1.844481
v -8.498103 3.293144 1.844481
v -8.494750 3.313144 1.839768
v -8.494750 3.293144 1.839768
v -8.489987 3.313144 1.836436
v -8.489987 3.293144 1.836436
v -8.489987 3.303144 1.836436
v -8.498103 3.303144 1.844481
v -8.500358 3.313144 1.874891
v -8.500358 3.293144 1.874891
v -8.498103 3.313144 1.844481
v -8.498103 3.293144 1.844481
v -8.498103 3.303144 1.844481
v -8.500358 3.313144 2.026444
v -8.500358 3.293144 2.026444
v -8.500358 3.313144 1.874891
v -8.500358 3.293144 1.874891
v -8.498313 3.313144 2.065744
v -8.498313 3.293144 2.065744
v -8.500358 3.313144 2.026444
v -8.500358 3.293144 2.026444
v -8.498313 3.303144 2.065744
v -8.493023 3.313144 2.075479
v -8.493023 3.293144 2.075479
v -8.496470 3.313144 2.071089
v -8.496470 3.293144 2.071089
v -8.498313 3.313144 2.065744
v -8.498313 3.293144 2.065744
v -8.498313 3.303144 2.065744
v -8.493023 3.303144 2.075479
v -8.483778 3.313144 2.078584
v -8.483778 3.293144 2.078584
v -8.488684 3.313144 2.077827
v -8.488684 3.293144 2.077827
v -8.493023 3.313144 2.075479
v -8.493023 3.293144 2.075479
v -8.493023 3.303144 2.075479
v -8.483778 3.303144 2.078584
v -8.462399 3.313144 2.072164
v -8.462399 3.293144 2.072164
v -8.483778 3.313144 2.078584
v -8.483778 3.293144 2.078584
v -8.483778 3.303144 2.078584
v -8.459293 3.313144 2.078514
v -8.459293 3.293144 2.078514
v -8.462399 3.313144 2.072164
v -8.462399 3.293144 2.072164
v -8.570207 3.293144 1.825362
v -8.459293 3.293144 2.078514
v -8.527802 3.293144 2.111534
v -8.534647 3.293144 2.111534
v -8.534647 3.293144 1.874891
v -8.534904 3.293144 1.860027
v -8.536622 3.293144 1.845401
v -8.539776 3.293144 1.840166
v -8.544807 3.293144 1.836511
v -8.570207 3.293144 1.832981
v -8.464373 3.293144 1.825362
v -8.464373 3.293144 1.832981
v -8.477599 3.293144 1.833687
v -8.489987 3.293144 1.836436
v -8.494750 3.293144 1.839768
v -8.498103 3.293144 1.844481
v -8.500358 3.293144 1.874891
v -8.500358 3.293144 2.026444
v -8.498313 3.293144 2.065744
v -8.496470 3.293144 2.071089
v -8.493023 3.293144 2.075479
v -8.488684 3.293144 2.077827
v -8.483778 3.293144 2.078584
v -8.462399 3.293144 2.072164
v -4.456437 3.325297 1.618392
v -4.641430 3.325297 1.672861
v -4.621820 3.325297 1.618392
v -4.456437 3.325297 1.626152
v -4.510837 3.325297 1.678470
v -4.559165 3.325297 1.734805
v -4.579963 3.325297 1.771355
v -4.588940 3.325297 1.811855
v -4.584965 3.325297 1.835848
v -4.572570 3.325297 1.855669
v -4.554671 3.325297 1.868530
v -4.533556 3.325297 1.872814
v -4.513902 3.325297 1.869839
v -4.496441 3.325297 1.860889
v -4.481713 3.325297 1.845529
v -4.472101 3.325297 1.825825
v -4.464481 3.325297 1.825825
v -4.472855 3.325297 1.857441
v -4.491081 3.325297 1.884244
v -4.515718 3.325297 1.899694
v -4.544631 3.325297 1.904564
v -4.575757 3.325297 1.899139
v -4.601640 3.325297 1.882619
v -4.618748 3.325297 1.858829
v -4.624500 3.325297 1.830905
v -4.614550 3.325297 1.788290
v -4.564950 3.325297 1.717381
v -4.501311 3.325297 1.650141
v -4.573771 3.325297 1.650141
v -4.604815 3.325297 1.651766
v -4.613261 3.325297 1.654295
v -4.620900 3.325297 1.658536
v -4.633390 3.325297 1.672861
v -4.621820 3.325297 1.618392
v -4.621820 3.305297 1.618392
v -4.641430 3.325297 1.672861
v -4.641430 3.305297 1.672861
v -4.456437 3.325297 1.618392
v -4.456437 3.305297 1.618392
v -4.621820 3.325297 1.618392
v -4.621820 3.305297 1.618392
v -4.456437 3.325297 1.626152
v -4.456437 3.305297 1.626152
v -4.456437 3.325297 1.618392
v -4.456437 3.305297 1.618392
v -4.559165 3.325297 1.734805
v -4.559165 3.305297 1.734805
v -4.510837 3.325297 1.678470
v -4.510837 3.305297 1.678470
v -4.456437 3.325297 1.626152
v -4.456437 3.305297 1.626152
v -4.588940 3.325297 1.811855
v -4.588940 3.305297 1.811855
v -4.579963 3.325297 1.771355
v -4.579963 3.305297 1.771355
v -4.559165 3.325297 1.734805
v -4.559165 3.305297 1.734805
v -4.588940 3.315297 1.811855
v -4.572570 3.325297 1.855669
v -4.572570 3.305297 1.855669
v -4.584965 3.325297 1.835848
v -4.584965 3.305297 1.835848
v -4.588940 3.325297 1.811855
v -4.588940 3.305297 1.811855
v -4.588940 3.315297 1.811855
v -4.572570 3.315297 1.855669
v -4.533556 3.325297 1.872814
v -4.533556 3.305297 1.872814
v -4.554671 3.325297 1.868530
v -4.554671 3.305297 1.868530
v -4.572570 3.325297 1.855669
v -4.572570 3.305297 1.855669
v -4.572570 3.315297 1.855669
v -4.533556 3.315297 1.872814
v -4.496441 3.325297 1.860889
v -4.496441 3.305297 1.860889
v -4.513902 3.325297 1.869839
v -4.513902 3.305297 1.869839
v -4.533556 3.325297 1.872814
v -4.533556 3.305297 1.872814
v -4.533556 3.315297 1.872814
v -4.496441 3.315297 1.860889
v -4.472101 3.325297 1.825825
v -4.472101 3.305297 1.825825
v -4.481713 3.325297 1.845529
v -4.481713 3.305297 1.845529
v -4.496441 3.325297 1.860889
v -4.496441 3.305297 1.860889
v -4.496441 3.315297 1.860889
v -4.464481 3.325297 1.825825
v -4.464481 3.305297 1.825825
v -4.472101 3.325297 1.825825
v -4.472101 3.305297 1.825825
v -4.491081 3.325297 1.884244
v -4.491081 3.305297 1.884244
v -4.472855 3.325297 1.857441
v -4.472855 3.305297 1.857441
v -4.464481 3.325297 1.825825
v -4.464481 3.305297 1.825825
v -4.544631 3.325297 1.904564
v -4.544631 3.305297 1.904564
v -4.515718 3.325297 1.899694
v -4.515718 3.305297 1.899694
v -4.491081 3.325297 1.884244
v -4.491081 3.305297 1.884244
v -4.601640 3.325297 1.882619
v -4.601640 3.305297 1.882619
v -4.575757 3.325297 1.899139
v -4.575757 3.305297 1.899139
v -4.544631 3.325297 1.904564
v -4.544631 3.305297 1.904564
v -4.624500 3.325297 1.830905
v -4.624500 3.305297 1.830905
v -4.618748 3.325297 1.858829
v -4.618748 3.305297 1.858829
v -4.601640 3.325297 1.882619
v -4.601640 3.305297 1.882619
v -4.614550 3.325297 1.788290
v -4.614550 3.305297 1.788290
v -4.624500 3.325297 1.830905
v -4.624500 3.305297 1.830905
v -4.564950 3.325297 1.717381
v -4.564950 3.305297 1.717381
v -4.614550 3.325297 1.788290
v -4.614550 3.305297 1.788290
v -4.501311 3.325297 1.650141
v -4.501311 3.305297 1.650141
v -4.564950 3.325297 1.717381
v -4.564950 3.305297 1.717381
v -4.573771 3.325297 1.650141
v -4.573771 3.305297 1.650141
v -4.501311 3.325297 1.650141
v -4.501311 3.305297 1.650141
v -4.604815 3.325297 1.651766
v -4.604815 3.305297 1.651766
v -4.573771 3.325297 1.650141
v -4.573771 3.305297 1.650141
v -4.604815 3.315297 1.651766
v -4.620900 3.325297 1.658536
v -4.620900 3.305297 1.658536
v -4.613261 3.325297 1.654295
v -4.613261 3.305297 1.654295
v -4.604815 3.325297 1.651766
v -4.604815 3.305297 1.651766
v -4.604815 3.315297 1.651766
v -4.620900 3.315297 1.658536
v -4.633390 3.325297 1.672861
v -4.633390 3.305297 1.672861
v -4.620900 3.325297 1.658536
v -4.620900 3.305297 1.658536
v -4.620900 3.315297 1.658536
v -4.641430 3.325297 1.672861
v -4.641430 3.305297 1.672861
v -4.633390 3.325297 1.672861
v -4.633390 3.305297 1.672861
v -4.456437 3.305297 1.618392
v -4.641430 3.305297 1.672861
v -4.621820 3.305297 1.618392
v -4.456437 3.305297 1.626152
v -4.510837 3.305297 1.678470
v -4.559165 3.305297 1.734805
v -4.579963 3.305297 1.771355
v -4.588940 3.305297 1.811855
v -4.584965 3.305297 1.835848
v -4.572570 3.305297 1.855669
v -4.554671 3.305297 1.868530
v -4.533556 3.305297 1.872814
v -4.513902 3.305297 1.869839
v -4.496441 3.305297 1.860889
v -4.481713 3.305297 1.845529
v -4.472101 3.305297 1.825825
v -4.464481 3.305297 1.825825
v -4.472855 3.305297 1.857441
v -4.491081 3.305297 1.884244
v -4.515718 3.305297 1.899694
v -4.544631 3.305297 1.904564
v -4.575757 3.305297 1.899139
v -4.601640 3.305297 1.882619
v -4.618748 3.305297 1.858829
v -4.624500 3.305297 1.830905
v -4.614550 3.305297 1.788290
v -4.564950 3.305297 1.717381
v -4.501311 3.305297 1.650141
v -4.573771 3.305297 1.650141
v -4.604815 3.305297 1.651766
v -4.613261 3.305297 1.654295
v -4.620900 3.305297 1.658536
v -4.633390 3.305297 1.672861
v -2.413058 3.315459 0.495276
v -2.443398 3.315459 0.539090
v -2.464598 3.315459 0.550886
v -2.489047 3.315459 0.554540
v -2.517592 3.315459 0.549594
v -2.540767 3.315459 0.532665
v -2.550906 3.315459 0.516077
v -2.554452 3.315459 0.497741
v -2.548480 3.315459 0.473333
v -2.534288 3.315459 0.452406
v -2.515927 3.315459 0.434526
v -2.537732 3.315459 0.422927
v -2.555157 3.315459 0.405596
v -2.565233 3.315459 0.384723
v -2.568421 3.315459 0.361432
v -2.562606 3.315459 0.327479
v -2.545212 3.315459 0.298423
v -2.506146 3.315459 0.271589
v -2.457653 3.315459 0.263713
v -2.437569 3.315459 0.264874
v -2.419058 3.315459 0.270768
v -2.414088 3.315459 0.274807
v -2.410333 3.315459 0.279814
v -2.408828 3.315459 0.285868
v -2.410107 3.315459 0.291626
v -2.413693 3.315459 0.296378
v -2.419113 3.315459 0.299834
v -2.425408 3.315459 0.300962
v -2.435988 3.315459 0.299273
v -2.451938 3.315459 0.291653
v -2.460522 3.315459 0.287310
v -2.469152 3.315459 0.283818
v -2.477187 3.315459 0.282058
v -2.485522 3.315459 0.281493
v -2.505625 3.315459 0.285732
v -2.522277 3.315459 0.297858
v -2.534056 3.315459 0.315759
v -2.537942 3.315459 0.336522
v -2.530677 3.315459 0.368347
v -2.525576 3.315459 0.377718
v -2.518892 3.315459 0.385912
v -2.507275 3.315459 0.394414
v -2.494412 3.315459 0.400941
v -2.478781 3.315459 0.405940
v -2.462662 3.315459 0.407641
v -2.456028 3.315459 0.407641
v -2.456028 3.315459 0.413991
v -2.472832 3.315459 0.418135
v -2.488837 3.315459 0.425776
v -2.502377 3.315459 0.435863
v -2.512682 3.315459 0.449131
v -2.520162 3.315459 0.479116
v -2.517056 3.315459 0.497732
v -2.506827 3.315459 0.513475
v -2.491522 3.315459 0.523424
v -2.473527 3.315459 0.526600
v -2.452249 3.315459 0.522298
v -2.433677 3.315459 0.509501
v -2.419903 3.315459 0.491956
v -2.443398 3.315459 0.539090
v -2.443398 3.295459 0.539090
v -2.413058 3.315459 0.495276
v -2.413058 3.295459 0.495276
v -2.443398 3.305459 0.539090
v -2.489047 3.315459 0.554540
v -2.489047 3.295459 0.554540
v -2.464598 3.315459 0.550886
v -2.464598 3.295459 0.550886
v -2.443398 3.315459 0.539090
v -2.443398 3.295459 0.539090
v -2.443398 3.305459 0.539090
v -2.489047 3.305459 0.554540
v -2.540767 3.315459 0.532665
v -2.540767 3.295459 0.532665
v -2.517592 3.315459 0.549594
v -2.517592 3.295459 0.549594
v -2.489047 3.315459 0.554540
v -2.489047 3.295459 0.554540
v -2.489047 3.305459 0.554540
v -2.540767 3.305459 0.532665
v -2.554452 3.315459 0.497741
v -2.554452 3.295459 0.497741
v -2.550906 3.315459 0.516077
v -2.550906 3.295459 0.516077
v -2.540767 3.315459 0.532665
v -2.540767 3.295459 0.532665
v -2.540767 3.305459 0.532665
v -2.554452 3.305459 0.497741
v -2.515927 3.315459 0.434526
v -2.515927 3.295459 0.434526
v -2.534288 3.315459 0.452406
v -2.534288 3.295459 0.452406
v -2.548480 3.315459 0.473333
v -2.548480 3.295459 0.473333
v -2.554452 3.315459 0.497741
v -2.554452 3.295459 0.497741
v -2.554452 3.305459 0.497741
v -2.515927 3.305459 0.434526
v -2.555157 3.315459 0.405596
v -2.555157 3.295459 0.405596
v -2.537732 3.315459 0.422927
v -2.537732 3.295459 0.422927
v -2.515927 3.315459 0.434526
v -2.515927 3.295459 0.434526
v -2.515927 3.305459 0.434526
v -2.555157 3.305459 0.405596
v -2.568421 3.315459 0.361432
v -2.568421 3.295459 0.361432
v -2.565233 3.315459 0.384723
v -2.565233 3.295459 0.384723
v -2.555157 3.315459 0.405596
v -2.555157 3.295459 0.405596
v -2.555157 3.305459 0.405596
v -2.568421 3.305459 0.361432
v -2.545212 3.315459 0.298423
v -2.545212 3.295459 0.298423
v -2.562606 3.315459 0.327479
v -2.562606 3.295459 0.327479
v -2.568421 3.315459 0.361432
v -2.568421 3.295459 0.361432
v -2.568421 3.305459 0.361432
v -2.457653 3.315459 0.263713
v -2.457653 3.295459 0.263713
v -2.506146 3.315459 0.271589
v -2.506146 3.295459 0.271589
v -2.545212 3.315459 0.298423
v -2.545212 3.295459 0.298423
v -2.457653 3.305459 0.263713
v -2.419058 3.315459 0.270768
v -2.419058 3.295459 0.270768
v -2.437569 3.315459 0.264874
v -2.437569 3.295459 0.264874
v -2.457653 3.315459 0.263713
v -2.457653 3.295459 0.263713
v -2.457653 3.305459 0.263713
v -2.419058 3.305459 0.270768
v -2.408828 3.315459 0.285868
v -2.408828 3.295459 0.285868
v -2.410333 3.315459 0.279814
v -2.410333 3.295459 0.279814
v -2.414088 3.315459 0.274807
v -2.414088 3.295459 0.274807
v -2.419058 3.315459 0.270768
v -2.419058 3.295459 0.270768
v -2.419058 3.305459 0.270768
v -2.408828 3.305459 0.285868
v -2.413693 3.315459 0.296378
v -2.413693 3.295459 0.296378
v -2.410107 3.315459 0.291626
v -2.410107 3.295459 0.291626
v -2.408828 3.315459 0.285868
v -2.408828 3.295459 0.285868
v -2.408828 3.305459 0.285868
v -2.413693 3.305459 0.296378
v -2.425408 3.315459 0.300962
v -2.425408 3.295459 0.300962
v -2.419113 3.315459 0.299834
v -2.419113 3.295459 0.299834
v -2.413693 3.315459 0.296378
v -2.413693 3.295459 0.296378
v -2.413693 3.305459 0.296378
v -2.425408 3.305459 0.300962
v -2.435988 3.315459 0.299273
v -2.435988 3.295459 0.299273
v -2.425408 3.315459 0.300962
v -2.425408 3.295459 0.300962
v -2.425408 3.305459 0.300962
v -2.435988 3.305459 0.299273
v -2.451938 3.315459 0.291653
v -2.451938 3.295459 0.291653
v -2.435988 3.315459 0.299273
v -2.435988 3.295459 0.299273
v -2.435988 3.305459 0.299273
v -2.451938 3.305459 0.291653
v -2.469152 3.315459 0.283818
v -2.469152 3.295459 0.283818
v -2.460522 3.315459 0.287310
v -2.460522 3.295459 0.287310
v -2.451938 3.315459 0.291653
v -2.451938 3.295459 0.291653
v -2.451938 3.305459 0.291653
v -2.469152 3.305459 0.283818
v -2.485522 3.315459 0.281493
v -2.485522 3.295459 0.281493
v -2.477187 3.315459 0.282058
v -2.477187 3.295459 0.282058
v -2.469152 3.315459 0.283818
v -2.469152 3.295459 0.283818
v -2.469152 3.305459 0.283818
v -2.485522 3.305459 0.281493
v -2.522277 3.315459 0.297858
v -2.522277 3.295459 0.297858
v -2.505625 3.315459 0.285732
v -2.505625 3.295459 0.285732
v -2.485522 3.315459 0.281493
v -2.485522 3.295459 0.281493
v -2.485522 3.305459 0.281493
v -2.522277 3.305459 0.297858
v -2.537942 3.315459 0.336522
v -2.537942 3.295459 0.336522
v -2.534056 3.315459 0.315759
v -2.534056 3.295459 0.315759
v -2.522277 3.315459 0.297858
v -2.522277 3.295459 0.297858
v -2.522277 3.305459 0.297858
v -2.537942 3.305459 0.336522
v -2.530677 3.315459 0.368347
v -2.530677 3.295459 0.368347
v -2.537942 3.315459 0.336522
v -2.537942 3.295459 0.336522
v -2.537942 3.305459 0.336522
v -2.530677 3.305459 0.368347
v -2.518892 3.315459 0.385912
v -2.518892 3.295459 0.385912
v -2.525576 3.315459 0.377718
v -2.525576 3.295459 0.377718
v -2.530677 3.315459 0.368347
v -2.530677 3.295459 0.368347
v -2.530677 3.305459 0.368347
v -2.518892 3.305459 0.385912
v -2.494412 3.315459 0.400941
v -2.494412 3.295459 0.400941
v -2.507275 3.315459 0.394414
v -2.507275 3.295459 0.394414
v -2.518892 3.315459 0.385912
v -2.518892 3.295459 0.385912
v -2.518892 3.305459 0.385912
v -2.494412 3.305459 0.400941
v -2.462662 3.315459 0.407641
v -2.462662 3.295459 0.407641
v -2.478781 3.315459 0.405940
v -2.478781 3.295459 0.405940
v -2.494412 3.315459 0.400941
v -2.494412 3.295459 0.400941
v -2.494412 3.305459 0.400941
v -2.456028 3.315459 0.407641
v -2.456028 3.295459 0.407641
v -2.462662 3.315459 0.407641
v -2.462662 3.295459 0.407641
v -2.456028 3.315459 0.413991
v -2.456028 3.295459 0.413991
v -2.456028 3.315459 0.407641
v -2.456028 3.295459 0.407641
v -2.488837 3.315459 0.425776
v -2.488837 3.295459 0.425776
v -2.472832 3.315459 0.418135
v -2.472832 3.295459 0.418135
v -2.456028 3.315459 0.413991
v -2.456028 3.295459 0.413991
v -2.488837 3.305459 0.425776
v -2.512682 3.315459 0.449131
v -2.512682 3.295459 0.449131
v -2.502377 3.315459 0.435863
v -2.502377 3.295459 0.435863
v -2.488837 3.315459 0.425776
v -2.488837 3.295459 0.425776
v -2.488837 3.305459 0.425776
v -2.512682 3.305459 0.449131
v -2.520162 3.315459 0.479116
v -2.520162 3.295459 0.479116
v -2.512682 3.315459 0.449131
v -2.512682 3.295459 0.449131
v -2.512682 3.305459 0.449131
v -2.520162 3.305459 0.479116
v -2.506827 3.315459 0.513475
v -2.506827 3.295459 0.513475
v -2.517056 3.315459 0.497732
v -2.517056 3.295459 0.497732
v -2.520162 3.315459 0.479116
v -2.520162 3.295459 0.479116
v -2.520162 3.305459 0.479116
v -2.506827 3.305459 0.513475
v -2.473527 3.315459 0.526600
v -2.473527 3.295459 0.526600
v -2.491522 3.315459 0.523424
v -2.491522 3.295459 0.523424
v -2.506827 3.315459 0.513475
v -2.506827 3.295459 0.513475
v -2.506827 3.305459 0.513475
v -2.473527 3.305459 0.526600
v -2.419903 3.315459 0.491956
v -2.419903 3.295459 0.491956
v -2.433677 3.315459 0.509501
v -2.433677 3.295459 0.509501
v -2.452249 3.315459 0.522298
v -2.452249 3.295459 0.522298
v -2.473527 3.315459 0.526600
v -2.473527 3.295459 0.526600
v -2.473527 3.305459 0.526600
v -2.413058 3.315459 0.495276
v -2.413058 3.295459 0.495276
v -2.419903 3.315459 0.491956
v -2.419903 3.295459 0.491956
v -2.413058 3.295459 0.495276
v -2.443398 3.295459 0.539090
v -2.464598 3.295459 0.550886
v -2.489047 3.295459 0.554540
v -2.517592 3.295459 0.549594
v -2.540767 3.295459 0.532665
v -2.550906 3.295459 0.516077
v -2.554452 3.295459 0.497741
v -2.548480 3.295459 0.473333
v -2.534288 3.295459 0.452406
v -2.515927 3.295459 0.434526
v -2.537732 3.295459 0.422927
v -2.555157 3.295459 0.405596
v -2.565233 3.295459 0.384723
v -2.568421 3.295459 0.361432
v -2.562606 3.295459 0.327479
v -2.545212 3.295459 0.298423
v -2.506146 3.295459 0.271589
v -2.457653 3.295459 0.263713
v -2.437569 3.295459 0.264874
v -2.419058 3.295459 0.270768
v -2.414088 3.295459 0.274807
v -2.410333 3.295459 0.279814
v -2.408828 3.295459 0.285868
v -2.410107 3.295459 0.291626
v -2.413693 3.295459 0.296378
v -2.419113 3.295459 0.299834
v -2.425408 3.295459 0.300962
v -2.435988 3.295459 0.299273
v -2.451938 3.295459 0.291653
v -2.460522 3.295459 0.287310
v -2.469152 3.295459 0.283818
v -2.477187 3.295459 0.282058
v -2.485522 3.295459 0.281493
v -2.505625 3.295459 0.285732
v -2.522277 3.295459 0.297858
v -2.534056 3.295459 0.315759
v -2.537942 3.295459 0.336522
v -2.530677 3.295459 0.368347
v -2.525576 3.295459 0.377718
v -2.518892 3.295459 0.385912
v -2.507275 3.295459 0.394414
v -2.494412 3.295459 0.400941
v -2.478781 3.295459 0.405940
v -2.462662 3.295459 0.407641
v -2.456028 3.295459 0.407641
v -2.456028 3.295459 0.413991
v -2.472832 3.295459 0.418135
v -2.488837 3.295459 0.425776
v -2.502377 3.295459 0.435863
v -2.512682 3.295459 0.449131
v -2.520162 3.295459 0.479116
v -2.517056 3.295459 0.497732
v -2.506827 3.295459 0.513475
v -2.491522 3.295459 0.523424
v -2.473527 3.295459 0.526600
v -2.452249 3.295459 0.522298
v -2.433677 3.295459 0.509501
v -2.419903 3.295459 0.491956
v 0.740000 3.230000 3.480000
v 0.260000 3.230000 3.480000
v 0.260000 3.250000 3.480000
v 0.740000 3.250000 3.480000
v 0.740000 3.250000 3.480000
v 0.260000 3.250000 3.480000
v 0.260000 3.250000 3.500000
v 0.740000 3.250000 3.500000
v 0.740000 3.250000 3.500000
v 0.260000 3.250000 3.500000
v 0.260000 3.230000 3.500000
v 0.740000 3.230000 3.500000
v 0.740000 3.230000 3.500000
v 0.260000 3.230000 3.500000
v 0.260000 3.230000 3.480000
v 0.740000 3.230000 3.480000
v 0.260000 3.250000 3.500000
v 0.260000 3.250000 3.480000
v 0.260000 3.230000 3.480000
v 0.260000 3.230000 3.500000
v 0.760000 3.230000 3.000000
v 0.760000 3.250000 3.000000
v 0.760000 3.250000 3.500000
v 0.760000 3.230000 3.500000
v 0.760000 3.250000 3.000000
v 0.740000 3.250000 3.000000
v 0.740000 3.250000 3.500000
v 0.760000 3.250000 3.500000
v 0.740000 3.250000 3.000000
v 0.740000 3.230000 3.000000
v 0.740000 3.230000 3.500000
v 0.740000 3.250000 3.500000
v 0.740000 3.230000 3.000000
v 0.760000 3.230000 3.000000
v 0.760000 3.230000 3.500000
v 0.740000 3.230000 3.500000
v 0.760000 3.230000 3.000000
v 0.740000 3.230000 3.000000
v 0.740000 3.250000 3.000000
v 0.760000 3.250000 3.000000
v 0.760000 3.230000 3.500000
v 0.740000 3.250000 3.500000
v 0.740000 3.230000 3.500000
v 0.760000 3.250000 3.500000
v -9.740000 3.230000 3.490000
v -9.740000 3.230000 3.010000
v -9.740000 3.250000 3.010000
v -9.740000 3.250000 3.490000
v -9.740000 3.250000 3.490000
v -9.740000 3.250000 3.010000
v -9.760000 3.250000 3.010000
v -9.760000 3.250000 3.490000
v -9.760000 3.250000 3.490000
v -9.760000 3.250000 3.010000
v -9.760000 3.230000 3.010000
v -9.760000 3.230000 3.490000
v -9.760000 3.230000 3.490000
v -9.760000 3.230000 3.010000
v -9.740000 3.230000 3.010000
v -9.740000 3.230000 3.490000
v -9.760000 3.250000 3.010000
v -9.740000 3.250000 3.010000
v -9.740000 3.230000 3.010000
v -9.760000 3.230000 3.010000
v -9.260000 3.230000 3.510000
v -9.260000 3.250000 3.510000
v -9.760000 3.250000 3.510000
v -9.760000 3.230000 3.510000
v -9.260000 3.250000 3.510000
v -9.260000 3.250000 3.490000
v -9.760000 3.250000 3.490000
v -9.760000 3.250000 3.510000
v -9.260000 3.250000 3.490000
v -9.260000 3.230000 3.490000
v -9.760000 3.230000 3.490000
v -9.760000 3.250000 3.490000
v -9.260000 3.230000 3.490000
v -9.260000 3.230000 3.510000
v -9.760000 3.230000 3.510000
v -9.760000 3.230000 3.490000
v -9.260000 3.230000 3.510000
v -9.260000 3.230000 3.490000
v -9.260000 3.250000 3.490000
v -9.260000 3.250000 3.510000
v -9.760000 3.230000 3.510000
v -9.760000 3.250000 3.490000
v -9.760000 3.230000 3.490000
v -9.760000 3.250000 3.510000
v -9.345295 3.256056 3.062297
v -9.347749 3.256056 3.074641
v -9.335345 3.256056 3.093127
v -9.352350 3.256056 3.086707
v -9.311990 3.256056 3.052772
v -9.346972 3.256056 3.056024
v -9.371115 3.256056 3.130662
v -9.377680 3.256056 3.145902
v -9.434051 3.256056 3.324127
v -9.426220 3.256056 3.259147
v -9.479770 3.256056 3.130662
v -9.473495 3.256056 3.145902
v -9.351430 3.256056 3.051007
v -9.301329 3.256056 3.047485
v -9.289270 3.256056 3.037107
v -9.289270 3.256056 3.044727
v -9.377750 3.256056 3.037107
v -9.364165 3.256056 3.046386
v -9.377750 3.256056 3.044727
v -9.441035 3.256056 3.324127
v -9.538615 3.256056 3.090657
v -9.504680 3.256056 3.061942
v -9.496425 3.256056 3.090727
v -9.503210 3.256056 3.055546
v -9.559995 3.256056 3.054112
v -9.476175 3.256056 3.037107
v -9.498825 3.256056 3.050302
v -9.488066 3.256056 3.046067
v -9.476175 3.256056 3.044727
v -9.586805 3.256056 3.037107
v -9.572592 3.256056 3.047226
v -9.586805 3.256056 3.044727
v -9.371115 3.236056 3.130662
v -9.479770 3.236056 3.130662
v -9.479770 3.256056 3.130662
v -9.371115 3.256056 3.130662
v -9.352350 3.236056 3.086707
v -9.371115 3.236056 3.130662
v -9.371115 3.256056 3.130662
v -9.352350 3.256056 3.086707
v -9.347749 3.256056 3.074641
v -9.345295 3.256056 3.062297
v -9.345295 3.246056 3.062297
v -9.347749 3.236056 3.074641
v -9.345295 3.236056 3.062297
v -9.352350 3.256056 3.086707
v -9.352350 3.236056 3.086707
v -9.351430 3.246056 3.051007
v -9.346972 3.256056 3.056024
v -9.351430 3.256056 3.051007
v -9.351430 3.236056 3.051007
v -9.346972 3.236056 3.056024
v -9.345295 3.246056 3.062297
v -9.345295 3.236056 3.062297
v -9.345295 3.256056 3.062297
v -9.377750 3.236056 3.044727
v -9.364165 3.236056 3.046386
v -9.364165 3.256056 3.046386
v -9.377750 3.256056 3.044727
v -9.351430 3.236056 3.051007
v -9.351430 3.246056 3.051007
v -9.351430 3.256056 3.051007
v -9.377750 3.236056 3.037107
v -9.377750 3.236056 3.044727
v -9.377750 3.256056 3.044727
v -9.377750 3.256056 3.037107
v -9.289270 3.236056 3.037107
v -9.377750 3.236056 3.037107
v -9.377750 3.256056 3.037107
v -9.289270 3.256056 3.037107
v -9.289270 3.236056 3.044727
v -9.289270 3.236056 3.037107
v -9.289270 3.256056 3.037107
v -9.289270 3.256056 3.044727
v -9.301329 3.256056 3.047485
v -9.311990 3.256056 3.052772
v -9.311990 3.246056 3.052772
v -9.301329 3.236056 3.047485
v -9.311990 3.236056 3.052772
v -9.289270 3.256056 3.044727
v -9.289270 3.236056 3.044727
v -9.335345 3.236056 3.093127
v -9.311990 3.236056 3.052772
v -9.311990 3.246056 3.052772
v -9.335345 3.256056 3.093127
v -9.311990 3.256056 3.052772
v -9.434051 3.236056 3.324127
v -9.335345 3.236056 3.093127
v -9.335345 3.256056 3.093127
v -9.434051 3.256056 3.324127
v -9.441035 3.236056 3.324127
v -9.434051 3.236056 3.324127
v -9.434051 3.256056 3.324127
v -9.441035 3.256056 3.324127
v -9.538615 3.236056 3.090657
v -9.441035 3.236056 3.324127
v -9.441035 3.256056 3.324127
v -9.538615 3.256056 3.090657
v -9.538615 3.256056 3.090657
v -9.559995 3.256056 3.054112
v -9.559995 3.246056 3.054112
v -9.559995 3.236056 3.054112
v -9.538615 3.236056 3.090657
v -9.586805 3.236056 3.044727
v -9.572592 3.236056 3.047226
v -9.572592 3.256056 3.047226
v -9.586805 3.256056 3.044727
v -9.559995 3.246056 3.054112
v -9.559995 3.236056 3.054112
v -9.559995 3.256056 3.054112
v -9.586805 3.236056 3.037107
v -9.586805 3.236056 3.044727
v -9.586805 3.256056 3.044727
v -9.586805 3.256056 3.037107
v -9.476175 3.236056 3.037107
v -9.586805 3.236056 3.037107
v -9.586805 3.256056 3.037107
v -9.476175 3.256056 3.037107
v -9.476175 3.236056 3.044727
v -9.476175 3.236056 3.037107
v -9.476175 3.256056 3.037107
v -9.476175 3.256056 3.044727
v -9.488066 3.256056 3.046067
v -9.498825 3.256056 3.050302
v -9.498825 3.246056 3.050302
v -9.488066 3.236056 3.046067
v -9.498825 3.236056 3.050302
v -9.476175 3.256056 3.044727
v -9.476175 3.236056 3.044727
v -9.504680 3.246056 3.061942
v -9.503210 3.256056 3.055546
v -9.504680 3.256056 3.061942
v -9.504680 3.236056 3.061942
v -9.503210 3.236056 3.055546
v -9.498825 3.246056 3.050302
v -9.498825 3.236056 3.050302
v -9.498825 3.256056 3.050302
v -9.496425 3.236056 3.090727
v -9.504680 3.236056 3.061942
v -9.504680 3.246056 3.061942
v -9.496425 3.256056 3.090727
v -9.504680 3.256056 3.061942
v -9.479770 3.236056 3.130662
v -9.496425 3.236056 3.090727
v -9.496425 3.256056 3.090727
v -9.479770 3.256056 3.130662
v -9.426220 3.236056 3.259147
v -9.473495 3.236056 3.145902
v -9.473495 3.256056 3.145902
v -9.426220 3.256056 3.259147
v -9.377680 3.236056 3.145902
v -9.426220 3.236056 3.259147
v -9.426220 3.256056 3.259147
v -9.377680 3.256056 3.145902
v -9.473495 3.236056 3.145902
v -9.377680 3.236056 3.145902
v -9.377680 3.256056 3.145902
v -9.473495 3.256056 3.145902
v -9.345295 3.236056 3.062297
v -9.335345 3.236056 3.093127
v -9.347749 3.236056 3.074641
v -9.352350 3.236056 3.086707
v -9.311990 3.236056 3.052772
v -9.346972 3.236056 3.056024
v -9.377680 3.236056 3.145902
v -9.371115 3.236056 3.130662
v -9.434051 3.236056 3.324127
v -9.426220 3.236056 3.259147
v -9.479770 3.236056 3.130662
v -9.473495 3.236056 3.145902
v -9.351430 3.236056 3.051007
v -9.289270 3.236056 3.037107
v -9.301329 3.236056 3.047485
v -9.289270 3.236056 3.044727
v -9.377750 3.236056 3.037107
v -9.364165 3.236056 3.046386
v -9.377750 3.236056 3.044727
v -9.441035 3.236056 3.324127
v -9.538615 3.236056 3.090657
v -9.504680 3.236056 3.061942
v -9.496425 3.236056 3.090727
v -9.559995 3.236056 3.054112
v -9.503210 3.236056 3.055546
v -9.476175 3.236056 3.037107
v -9.488066 3.236056 3.046067
v -9.498825 3.236056 3.050302
v -9.476175 3.236056 3.044727
v -9.586805 3.236056 3.037107
v -9.572592 3.236056 3.047226
v -9.586805 3.236056 3.044727
v 0.549271 3.256056 3.062297
v 0.546817 3.256056 3.074641
v 0.559221 3.256056 3.093127
v 0.542216 3.256056 3.086707
v 0.582576 3.256056 3.052772
v 0.547595 3.256056 3.056024
v 0.523451 3.256056 3.130662
v 0.516886 3.256056 3.145902
v 0.460516 3.256056 3.324127
v 0.468346 3.256056 3.259147
v 0.414796 3.256056 3.130662
v 0.421071 3.256056 3.145902
v 0.543136 3.256056 3.051007
v 0.593238 3.256056 3.047485
v 0.605296 3.256056 3.037107
v 0.605296 3.256056 3.044727
v 0.516816 3.256056 3.037107
v 0.530401 3.256056 3.046386
v 0.516816 3.256056 3.044727
v 0.453531 3.256056 3.324127
v 0.355951 3.256056 3.090657
v 0.389886 3.256056 3.061942
v 0.398141 3.256056 3.090727
v 0.391356 3.256056 3.055546
v 0.334571 3.256056 3.054112
v 0.418391 3.256056 3.037107
v 0.395741 3.256056 3.050302
v 0.406501 3.256056 3.046067
v 0.418391 3.256056 3.044727
v 0.307761 3.256056 3.037107
v 0.321974 3.256056 3.047226
v 0.307761 3.256056 3.044727
v 0.523451 3.236056 3.130662
v 0.414796 3.236056 3.130662
v 0.414796 3.256056 3.130662
v 0.523451 3.256056 3.130662
v 0.542216 3.236056 3.086707
v 0.523451 3.236056 3.130662
v 0.523451 3.256056 3.130662
v 0.542216 3.256056 3.086707
v 0.546817 3.256056 3.074641
v 0.549271 3.256056 3.062297
v 0.549271 3.246056 3.062297
v 0.546817 3.236056 3.074641
v 0.549271 3.236056 3.062297
v 0.542216 3.256056 3.086707
v 0.542216 3.236056 3.086707
v 0.543136 3.246056 3.051007
v 0.547595 3.256056 3.056024
v 0.543136 3.256056 3.051007
v 0.543136 3.236056 3.051007
v 0.547595 3.236056 3.056024
v 0.549271 3.236056 3.062297
v 0.549271 3.246056 3.062297
v 0.549271 3.256056 3.062297
v 0.516816 3.236056 3.044727
v 0.530401 3.236056 3.046386
v 0.530401 3.256056 3.046386
v 0.516816 3.256056 3.044727
v 0.543136 3.236056 3.051007
v 0.543136 3.246056 3.051007
v 0.543136 3.256056 3.051007
v 0.516816 3.236056 3.037107
v 0.516816 3.236056 3.044727
v 0.516816 3.256056 3.044727
v 0.516816 3.256056 3.037107
v 0.605296 3.236056 3.037107
v 0.516816 3.236056 3.037107
v 0.516816 3.256056 3.037107
v 0.605296 3.256056 3.037107
v 0.605296 3.236056 3.044727
v 0.605296 3.236056 3.037107
v 0.605296 3.256056 3.037107
v 0.605296 3.256056 3.044727
v 0.593238 3.256056 3.047485
v 0.582576 3.256056 3.052772
v 0.582576 3.246056 3.052772
v 0.593238 3.236056 3.047485
v 0.582576 3.236056 3.052772
v 0.605296 3.256056 3.044727
v 0.605296 3.236056 3.044727
v 0.582576 3.246056 3.052772
v 0.559221 3.256056 3.093127
v 0.559221 3.236056 3.093127
v 0.582576 3.256056 3.052772
v 0.582576 3.236056 3.052772
v 0.460516 3.236056 3.324127
v 0.559221 3.236056 3.093127
v 0.559221 3.256056 3.093127
v 0.460516 3.256056 3.324127
v 0.453531 3.236056 3.324127
v 0.460516 3.236056 3.324127
v 0.460516 3.256056 3.324127
v 0.453531 3.256056 3.324127
v 0.355951 3.236056 3.090657
v 0.453531 3.236056 3.324127
v 0.453531 3.256056 3.324127
v 0.355951 3.256056 3.090657
v 0.355951 3.256056 3.090657
v 0.334571 3.256056 3.054112
v 0.334571 3.246056 3.054112
v 0.334571 3.236056 3.054112
v 0.355951 3.236056 3.090657
v 0.307761 3.236056 3.044727
v 0.321974 3.236056 3.047226
v 0.321974 3.256056 3.047226
v 0.307761 3.256056 3.044727
v 0.334571 3.236056 3.054112
v 0.334571 3.246056 3.054112
v 0.334571 3.256056 3.054112
v 0.307761 3.236056 3.037107
v 0.307761 3.236056 3.044727
v 0.307761 3.256056 3.044727
v 0.307761 3.256056 3.037107
v 0.418391 3.236056 3.037107
v 0.307761 3.236056 3.037107
v 0.307761 3.256056 3.037107
v 0.418391 3.256056 3.037107
v 0.418391 3.236056 3.044727
v 0.418391 3.236056 3.037107
v 0.418391 3.256056 3.037107
v 0.418391 3.256056 3.044727
v 0.406501 3.256056 3.046067
v 0.395741 3.256056 3.050302
v 0.395741 3.246056 3.050302
v 0.406501 3.236056 3.046067
v 0.395741 3.236056 3.050302
v 0.418391 3.256056 3.044727
v 0.418391 3.236056 3.044727
v 0.389886 3.246056 3.061942
v 0.391356 3.256056 3.055546
v 0.389886 3.256056 3.061942
v 0.389886 3.236056 3.061942
v 0.391356 3.236056 3.055546
v 0.395741 3.246056 3.050302
v 0.395741 3.236056 3.050302
v 0.395741 3.256056 3.050302
v 0.389886 3.246056 3.061942
v 0.398141 3.256056 3.090727
v 0.398141 3.236056 3.090727
v 0.389886 3.256056 3.061942
v 0.389886 3.236056 3.061942
v 0.414796 3.236056 3.130662
v 0.398141 3.236056 3.090727
v 0.398141 3.256056 3.090727
v 0.414796 3.256056 3.130662
v 0.468346 3.236056 3.259147
v 0.421071 3.236056 3.145902
v 0.421071 3.256056 3.145902
v 0.468346 3.256056 3.259147
v 0.516886 3.236056 3.145902
v 0.468346 3.236056 3.259147
v 0.468346 3.256056 3.259147
v 0.516886 3.256056 3.145902
v 0.421071 3.236056 3.145902
v 0.516886 3.236056 3.145902
v 0.516886 3.256056 3.145902
v 0.421071 3.256056 3.145902
v 0.549271 3.236056 3.062297
v 0.559221 3.236056 3.093127
v 0.546817 3.236056 3.074641
v 0.542216 3.236056 3.086707
v 0.582576 3.236056 3.052772
v 0.547595 3.236056 3.056024
v 0.516886 3.236056 3.145902
v 0.523451 3.236056 3.130662
v 0.460516 3.236056 3.324127
v 0.468346 3.236056 3.259147
v 0.414796 3.236056 3.130662
v 0.421071 3.236056 3.145902
v 0.543136 3.236056 3.051007
v 0.605296 3.236056 3.037107
v 0.593238 3.236056 3.047485
v 0.605296 3.236056 3.044727
v 0.516816 3.236056 3.037107
v 0.530401 3.236056 3.046386
v 0.516816 3.236056 3.044727
v 0.453531 3.236056 3.324127
v 0.355951 3.236056 3.090657
v 0.389886 3.236056 3.061942
v 0.398141 3.236056 3.090727
v 0.334571 3.236056 3.054112
v 0.391356 3.236056 3.055546
v 0.418391 3.236056 3.037107
v 0.406501 3.236056 3.046067
v 0.395741 3.236056 3.050302
v 0.418391 3.236056 3.044727
v 0.307761 3.236056 3.037107
v 0.321974 3.236056 3.047226
v 0.307761 3.236056 3.044727
v 0.740000 3.230000 0.480000
v 0.260000 3.230000 0.480000
v 0.260000 3.250000 0.480000
v 0.740000 3.250000 0.480000
v 0.740000 3.250000 0.480000
v 0.260000 3.250000 0.480000
v 0.260000 3.250000 0.500000
v 0.740000 3.250000 0.500000
v 0.740000 3.250000 0.500000
v 0.260000 3.250000 0.500000
v 0.260000 3.230000 0.500000
v 0.740000 3.230000 0.500000
v 0.740000 3.230000 0.500000
v 0.260000 3.230000 0.500000
v 0.260000 3.230000 0.480000
v 0.740000 3.230000 0.480000
v 0.260000 3.250000 0.500000
v 0.260000 3.250000 0.480000
v 0.260000 3.230000 0.480000
v 0.260000 3.230000 0.500000
v 0.760000 3.230000 0.000000
v 0.760000 3.250000 0.000000
v 0.760000 3.250000 0.500000
v 0.760000 3.230000 0.500000
v 0.760000 3.250000 0.000000
v 0.740000 3.250000 0.000000
v 0.740000 3.250000 0.500000
v 0.760000 3.250000 0.500000
v 0.740000 3.250000 0.000000
v 0.740000 3.230000 0.000000
v 0.740000 3.230000 0.500000
v 0.740000 3.250000 0.500000
v 0.740000 3.230000 0.000000
v 0.760000 3.230000 0.000000
v 0.760000 3.230000 0.500000
v 0.740000 3.230000 0.500000
v 0.760000 3.230000 0.000000
v 0.740000 3.230000 0.000000
v 0.740000 3.250000 0.000000
v 0.760000 3.250000 0.000000
v 0.760000 3.230000 0.500000
v 0.740000 3.250000 0.500000
v 0.740000 3.230000 0.500000
v 0.760000 3.250000 0.500000
v -9.740000 3.230000 0.490000
v -9.740000 3.230000 0.010000
v -9.740000 3.250000 0.010000
v -9.740000 3.250000 0.490000
v -9.740000 3.250000 0.490000
v -9.740000 3.250000 0.010000
v -9.760000 3.250000 0.010000
v -9.760000 3.250000 0.490000
v -9.760000 3.250000 0.490000
v -9.760000 3.250000 0.010000
v -9.760000 3.230000 0.010000
v -9.760000 3.230000 0.490000
v -9.760000 3.230000 0.490000
v -9.760000 3.230000 0.010000
v -9.740000 3.230000 0.010000
v -9.740000 3.230000 0.490000
v -9.760000 3.250000 0.010000
v -9.740000 3.250000 0.010000
v -9.740000 3.230000 0.010000
v -9.760000 3.230000 0.010000
v -9.260000 3.230000 0.510000
v -9.260000 3.250000 0.510000
v -9.760000 3.250000 0.510000
v -9.760000 3.230000 0.510000
v -9.260000 3.250000 0.510000
v -9.260000 3.250000 0.490000
v -9.760000 3.250000 0.490000
v -9.760000 3.250000 0.510000
v -9.260000 3.250000 0.490000
v -9.260000 3.230000 0.490000
v -9.760000 3.230000 0.490000
v -9.760000 3.250000 0.490000
v -9.260000 3.230000 0.490000
v -9.260000 3.230000 0.510000
v -9.760000 3.230000 0.510000
v -9.760000 3.230000 0.490000
v -9.260000 3.230000 0.510000
v -9.260000 3.230000 0.490000
v -9.260000 3.250000 0.490000
v -9.260000 3.250000 0.510000
v -9.760000 3.230000 0.510000
v -9.760000 3.250000 0.490000
v -9.760000 3.230000 0.490000
v -9.760000 3.250000 0.510000
v -9.370971 3.256056 0.324315
v -9.381415 3.256056 0.324315
v -9.370971 3.256056 0.331935
v -9.394623 3.256056 0.322287
v -9.450981 3.256056 0.313450
v -9.405261 3.256056 0.315215
v -9.409411 3.256056 0.305153
v -9.410830 3.256056 0.294069
v -9.491906 3.256056 0.331935
v -9.488166 3.256056 0.317965
v -9.518981 3.256056 0.314450
v -9.546161 3.256056 0.326995
v -9.450981 3.256056 0.206135
v -9.411191 3.256056 0.282405
v -9.487531 3.256056 0.188425
v -9.490001 3.256056 0.203240
v -9.468410 3.256056 0.203950
v -9.458266 3.256056 0.187505
v -9.537131 3.256056 0.179745
v -9.450981 3.256056 0.186590
v -9.450981 3.256056 0.071655
v -9.406461 3.256056 0.070035
v -9.399796 3.256056 0.063518
v -9.411191 3.256056 0.100795
v -9.410494 3.256056 0.085078
v -9.381415 3.256056 0.058885
v -9.370971 3.256056 0.058885
v -9.370971 3.256056 0.051265
v -9.391065 3.256056 0.059908
v -9.503126 3.256056 0.051265
v -9.465661 3.256056 0.188000
v -9.474696 3.256056 0.067487
v -9.498466 3.256056 0.066080
v -9.528820 3.256056 0.069540
v -9.571973 3.256056 0.317481
v -9.546515 3.256056 0.300680
v -9.559263 3.256056 0.285778
v -9.559216 3.256056 0.194635
v -9.548697 3.256056 0.217894
v -9.535366 3.256056 0.209735
v -9.558580 3.256056 0.229630
v -9.580343 3.256056 0.204328
v -9.596961 3.256056 0.219330
v -9.565542 3.256056 0.247895
v -9.565869 3.256056 0.267635
v -9.593436 3.256056 0.300610
v -9.605685 3.256056 0.280204
v -9.609735 3.256056 0.257075
v -9.606523 3.256056 0.237032
v -9.553843 3.256056 0.169940
v -9.602820 3.256056 0.174740
v -9.566271 3.256056 0.155970
v -9.573089 3.256056 0.140835
v -9.582482 3.256056 0.187525
v -9.573396 3.256056 0.060085
v -9.555756 3.256056 0.082945
v -9.570523 3.256056 0.101776
v -9.593746 3.256056 0.071273
v -9.617900 3.256056 0.153429
v -9.575446 3.256056 0.124575
v -9.622856 3.256056 0.128170
v -9.609661 3.256056 0.088025
v -9.619425 3.256056 0.107223
v -9.602820 3.246056 0.174740
v -9.582482 3.256056 0.187525
v -9.602820 3.256056 0.174740
v -9.602820 3.236056 0.174740
v -9.582482 3.236056 0.187525
v -9.559216 3.246056 0.194635
v -9.559216 3.256056 0.194635
v -9.559216 3.236056 0.194635
v -9.622856 3.246056 0.128170
v -9.617900 3.256056 0.153429
v -9.622856 3.256056 0.128170
v -9.622856 3.236056 0.128170
v -9.617900 3.236056 0.153429
v -9.602820 3.246056 0.174740
v -9.602820 3.236056 0.174740
v -9.602820 3.256056 0.174740
v -9.609661 3.246056 0.088025
v -9.619425 3.256056 0.107223
v -9.609661 3.256056 0.088025
v -9.609661 3.236056 0.088025
v -9.619425 3.236056 0.107223
v -9.622856 3.246056 0.128170
v -9.622856 3.256056 0.128170
v -9.622856 3.236056 0.128170
v -9.573396 3.246056 0.060085
v -9.593746 3.256056 0.071273
v -9.573396 3.256056 0.060085
v -9.573396 3.236056 0.060085
v -9.593746 3.236056 0.071273
v -9.609661 3.246056 0.088025
v -9.609661 3.256056 0.088025
v -9.609661 3.236056 0.088025
v -9.573396 3.246056 0.060085
v -9.503126 3.256056 0.051265
v -9.503126 3.236056 0.051265
v -9.573396 3.256056 0.060085
v -9.573396 3.236056 0.060085
v -9.370971 3.236056 0.051265
v -9.503126 3.236056 0.051265
v -9.503126 3.256056 0.051265
v -9.370971 3.256056 0.051265
v -9.370971 3.236056 0.058885
v -9.370971 3.236056 0.051265
v -9.370971 3.256056 0.051265
v -9.370971 3.256056 0.058885
v -9.381415 3.236056 0.058885
v -9.370971 3.236056 0.058885
v -9.370971 3.256056 0.058885
v -9.381415 3.256056 0.058885
v -9.406461 3.246056 0.070035
v -9.399796 3.256056 0.063518
v -9.406461 3.256056 0.070035
v -9.406461 3.236056 0.070035
v -9.399796 3.236056 0.063518
v -9.381415 3.256056 0.058885
v -9.391065 3.256056 0.059908
v -9.391065 3.236056 0.059908
v -9.381415 3.236056 0.058885
v -9.411191 3.236056 0.100795
v -9.410494 3.236056 0.085078
v -9.410494 3.256056 0.085078
v -9.411191 3.256056 0.100795
v -9.406461 3.246056 0.070035
v -9.406461 3.236056 0.070035
v -9.406461 3.256056 0.070035
v -9.411191 3.236056 0.282405
v -9.411191 3.236056 0.100795
v -9.411191 3.256056 0.100795
v -9.411191 3.256056 0.282405
v -9.405261 3.246056 0.315215
v -9.409411 3.256056 0.305153
v -9.405261 3.256056 0.315215
v -9.405261 3.236056 0.315215
v -9.409411 3.236056 0.305153
v -9.411191 3.256056 0.282405
v -9.410830 3.256056 0.294069
v -9.410830 3.236056 0.294069
v -9.411191 3.236056 0.282405
v -9.381415 3.236056 0.324315
v -9.394623 3.236056 0.322287
v -9.394623 3.256056 0.322287
v -9.381415 3.256056 0.324315
v -9.405261 3.246056 0.315215
v -9.405261 3.256056 0.315215
v -9.405261 3.236056 0.315215
v -9.370971 3.236056 0.324315
v -9.381415 3.236056 0.324315
v -9.381415 3.256056 0.324315
v -9.370971 3.256056 0.324315
v -9.370971 3.236056 0.331935
v -9.370971 3.236056 0.324315
v -9.370971 3.256056 0.324315
v -9.370971 3.256056 0.331935
v -9.491906 3.236056 0.331935
v -9.370971 3.236056 0.331935
v -9.370971 3.256056 0.331935
v -9.491906 3.256056 0.331935
v -9.546161 3.236056 0.326995
v -9.491906 3.236056 0.331935
v -9.491906 3.256056 0.331935
v -9.546161 3.256056 0.326995
v -9.571973 3.256056 0.317481
v -9.593436 3.256056 0.300610
v -9.593436 3.246056 0.300610
v -9.571973 3.236056 0.317481
v -9.593436 3.236056 0.300610
v -9.546161 3.256056 0.326995
v -9.546161 3.236056 0.326995
v -9.609735 3.246056 0.257075
v -9.605685 3.256056 0.280204
v -9.609735 3.256056 0.257075
v -9.609735 3.236056 0.257075
v -9.605685 3.236056 0.280204
v -9.593436 3.246056 0.300610
v -9.593436 3.236056 0.300610
v -9.593436 3.256056 0.300610
v -9.596961 3.246056 0.219330
v -9.606523 3.256056 0.237032
v -9.596961 3.256056 0.219330
v -9.596961 3.236056 0.219330
v -9.606523 3.236056 0.237032
v -9.609735 3.246056 0.257075
v -9.609735 3.256056 0.257075
v -9.609735 3.236056 0.257075
v -9.559216 3.246056 0.194635
v -9.580343 3.256056 0.204328
v -9.559216 3.256056 0.194635
v -9.559216 3.236056 0.194635
v -9.580343 3.236056 0.204328
v -9.596961 3.246056 0.219330
v -9.596961 3.236056 0.219330
v -9.596961 3.256056 0.219330
v -9.450981 3.236056 0.313450
v -9.488166 3.236056 0.317965
v -9.488166 3.256056 0.317965
v -9.450981 3.256056 0.313450
v -9.450981 3.241056 0.259792
v -9.450981 3.246056 0.259792
v -9.450981 3.246056 0.232963
v -9.450981 3.241056 0.232963
v -9.450981 3.251056 0.259792
v -9.450981 3.251056 0.232963
v -9.450981 3.246056 0.206135
v -9.450981 3.256056 0.206135
v -9.450981 3.236056 0.206135
v -9.450981 3.256056 0.313450
v -9.450981 3.236056 0.313450
v -9.450981 3.246056 0.186590
v -9.458266 3.256056 0.187505
v -9.450981 3.256056 0.186590
v -9.450981 3.236056 0.186590
v -9.458266 3.236056 0.187505
v -9.465661 3.246056 0.188000
v -9.465661 3.236056 0.188000
v -9.465661 3.256056 0.188000
v -9.450981 3.241056 0.157856
v -9.450981 3.246056 0.157856
v -9.450981 3.246056 0.129122
v -9.450981 3.241056 0.129122
v -9.450981 3.246056 0.100388
v -9.450981 3.241056 0.100388
v -9.450981 3.251056 0.129122
v -9.450981 3.251056 0.100388
v -9.450981 3.251056 0.157856
v -9.450981 3.256056 0.071655
v -9.450981 3.256056 0.186590
v -9.450981 3.246056 0.071655
v -9.450981 3.236056 0.071655
v -9.450981 3.246056 0.186590
v -9.450981 3.236056 0.186590
v -9.370971 3.236056 0.324315
v -9.370971 3.236056 0.331935
v -9.381415 3.236056 0.324315
v -9.394623 3.236056 0.322287
v -9.450981 3.236056 0.313450
v -9.405261 3.236056 0.315215
v -9.410830 3.236056 0.294069
v -9.409411 3.236056 0.305153
v -9.491906 3.236056 0.331935
v -9.488166 3.236056 0.317965
v -9.518981 3.236056 0.314450
v -9.546161 3.236056 0.326995
v -9.450981 3.236056 0.206135
v -9.411191 3.236056 0.282405
v -9.487531 3.236056 0.188425
v -9.468410 3.236056 0.203950
v -9.490001 3.236056 0.203240
v -9.458266 3.236056 0.187505
v -9.537131 3.236056 0.179745
v -9.450981 3.236056 0.186590
v -9.450981 3.236056 0.071655
v -9.399796 3.236056 0.063518
v -9.406461 3.236056 0.070035
v -9.410494 3.236056 0.085078
v -9.411191 3.236056 0.100795
v -9.381415 3.236056 0.058885
v -9.370971 3.236056 0.051265
v -9.370971 3.236056 0.058885
v -9.391065 3.236056 0.059908
v -9.503126 3.236056 0.051265
v -9.465661 3.236056 0.188000
v -9.474696 3.236056 0.067487
v -9.498466 3.236056 0.066080
v -9.528820 3.236056 0.069540
v -9.571973 3.236056 0.317481
v -9.559263 3.236056 0.285778
v -9.546515 3.236056 0.300680
v -9.559216 3.236056 0.194635
v -9.535366 3.236056 0.209735
v -9.548697 3.236056 0.217894
v -9.558580 3.236056 0.229630
v -9.580343 3.236056 0.204328
v -9.596961 3.236056 0.219330
v -9.565542 3.236056 0.247895
v -9.565869 3.236056 0.267635
v -9.593436 3.236056 0.300610
v -9.605685 3.236056 0.280204
v -9.609735 3.236056 0.257075
v -9.606523 3.236056 0.237032
v -9.553843 3.236056 0.169940
v -9.602820 3.236056 0.174740
v -9.573089 3.236056 0.140835
v -9.566271 3.236056 0.155970
v -9.582482 3.236056 0.187525
v -9.573396 3.236056 0.060085
v -9.555756 3.236056 0.082945
v -9.570523 3.236056 0.101776
v -9.593746 3.236056 0.071273
v -9.617900 3.236056 0.153429
v -9.575446 3.236056 0.124575
v -9.622856 3.236056 0.128170
v -9.609661 3.236056 0.088025
v -9.619425 3.236056 0.107223
v -9.488166 3.236056 0.317965
v -9.518981 3.236056 0.314450
v -9.518981 3.256056 0.314450
v -9.488166 3.256056 0.317965
v -9.546515 3.246056 0.300680
v -9.546515 3.236056 0.300680
v -9.546515 3.256056 0.300680
v -9.546515 3.246056 0.300680
v -9.559263 3.256056 0.285778
v -9.546515 3.256056 0.300680
v -9.559263 3.236056 0.285778
v -9.565869 3.236056 0.267635
v -9.565869 3.256056 0.267635
v -9.546515 3.236056 0.300680
v -9.558580 3.246056 0.229630
v -9.558580 3.256056 0.229630
v -9.565542 3.256056 0.247895
v -9.565542 3.236056 0.247895
v -9.558580 3.236056 0.229630
v -9.558580 3.246056 0.229630
v -9.548697 3.256056 0.217894
v -9.558580 3.256056 0.229630
v -9.558580 3.236056 0.229630
v -9.548697 3.236056 0.217894
v -9.535366 3.246056 0.209735
v -9.535366 3.236056 0.209735
v -9.535366 3.256056 0.209735
v -9.535366 3.246056 0.209735
v -9.490001 3.246056 0.203240
v -9.490001 3.256056 0.203240
v -9.535366 3.256056 0.209735
v -9.535366 3.236056 0.209735
v -9.490001 3.236056 0.203240
v -9.490001 3.246056 0.203240
v -9.468410 3.246056 0.203950
v -9.468410 3.256056 0.203950
v -9.490001 3.256056 0.203240
v -9.490001 3.236056 0.203240
v -9.468410 3.236056 0.203950
v -9.468410 3.246056 0.203950
v -9.450981 3.246056 0.206135
v -9.450981 3.256056 0.206135
v -9.468410 3.256056 0.203950
v -9.468410 3.236056 0.203950
v -9.450981 3.236056 0.206135
v -9.465661 3.246056 0.188000
v -9.487531 3.246056 0.188425
v -9.487531 3.256056 0.188425
v -9.465661 3.256056 0.188000
v -9.465661 3.236056 0.188000
v -9.487531 3.236056 0.188425
v -9.487531 3.246056 0.188425
v -9.537131 3.246056 0.179745
v -9.537131 3.256056 0.179745
v -9.487531 3.256056 0.188425
v -9.487531 3.236056 0.188425
v -9.537131 3.236056 0.179745
v -9.537131 3.246056 0.179745
v -9.553843 3.256056 0.169940
v -9.537131 3.256056 0.179745
v -9.537131 3.236056 0.179745
v -9.553843 3.236056 0.169940
v -9.566271 3.246056 0.155970
v -9.566271 3.236056 0.155970
v -9.566271 3.256056 0.155970
v -9.566271 3.246056 0.155970
v -9.573089 3.256056 0.140835
v -9.566271 3.256056 0.155970
v -9.566271 3.236056 0.155970
v -9.573089 3.236056 0.140835
v -9.575446 3.246056 0.124575
v -9.575446 3.236056 0.124575
v -9.575446 3.256056 0.124575
v -9.575446 3.246056 0.124575
v -9.570523 3.256056 0.101776
v -9.575446 3.256056 0.124575
v -9.575446 3.236056 0.124575
v -9.570523 3.236056 0.101776
v -9.555756 3.246056 0.082945
v -9.555756 3.256056 0.082945
v -9.555756 3.236056 0.082945
v -9.555756 3.246056 0.082945
v -9.528820 3.256056 0.069540
v -9.555756 3.256056 0.082945
v -9.555756 3.236056 0.082945
v -9.528820 3.236056 0.069540
v -9.498466 3.246056 0.066080
v -9.498466 3.236056 0.066080
v -9.498466 3.256056 0.066080
v -9.498466 3.246056 0.066080
v -9.474696 3.256056 0.067487
v -9.498466 3.256056 0.066080
v -9.498466 3.236056 0.066080
v -9.474696 3.236056 0.067487
v -9.450981 3.246056 0.071655
v -9.450981 3.236056 0.071655
v -9.450981 3.256056 0.071655
v -9.370971 3.256056 0.324315
v -9.370971 3.256056 0.331935
v -9.381415 3.256056 0.324315
v -9.395296 3.256056 0.322039
v -9.450981 3.256056 0.313450
v -9.405261 3.256056 0.315215
v -9.409709 3.256056 0.303627
v -9.407856 3.256056 0.310625
v -9.491906 3.256056 0.331935
v -9.488166 3.256056 0.317965
v -9.521917 3.256056 0.313635
v -9.546161 3.256056 0.326995
v -9.450981 3.256056 0.206135
v -9.411191 3.256056 0.282405
v -9.487531 3.256056 0.188425
v -9.468410 3.256056 0.203950
v -9.490001 3.256056 0.203240
v -9.465661 3.256056 0.188000
v -9.537131 3.256056 0.179745
v -9.450981 3.256056 0.186590
v -9.450981 3.256056 0.071655
v -9.406461 3.256056 0.070035
v -9.410016 3.256056 0.081338
v -9.402041 3.256056 0.065166
v -9.381415 3.256056 0.058885
v -9.370971 3.256056 0.051265
v -9.370971 3.256056 0.058885
v -9.396399 3.256056 0.061681
v -9.503126 3.256056 0.051265
v -9.411191 3.256056 0.100795
v -9.498466 3.256056 0.066080
v -9.573396 3.256056 0.060085
v -9.531585 3.256056 0.070305
v -9.561534 3.256056 0.281560
v -9.546515 3.256056 0.300680
v -9.573477 3.256056 0.316662
v -9.548745 3.256056 0.217935
v -9.559216 3.256056 0.194635
v -9.535366 3.256056 0.209735
v -9.596961 3.256056 0.219330
v -9.558580 3.256056 0.229630
v -9.564549 3.256056 0.243599
v -9.593436 3.256056 0.300610
v -9.605660 3.256056 0.280271
v -9.566551 3.256056 0.258840
v -9.609735 3.256056 0.257075
v -9.581132 3.256056 0.204837
v -9.606551 3.256056 0.237117
v -9.554425 3.256056 0.169472
v -9.566271 3.256056 0.155970
v -9.584669 3.256056 0.186564
v -9.602820 3.256056 0.174740
v -9.573161 3.256056 0.140589
v -9.555756 3.256056 0.082945
v -9.570522 3.256056 0.101774
v -9.593992 3.256056 0.071462
v -9.617839 3.256056 0.153572
v -9.575446 3.256056 0.124575
v -9.622856 3.256056 0.128170
v -9.609661 3.256056 0.088025
v -9.619566 3.256056 0.107647
v 0.587825 3.256056 0.324315
v 0.577380 3.256056 0.324315
v 0.587825 3.256056 0.331935
v 0.564173 3.256056 0.322287
v 0.507815 3.256056 0.313450
v 0.553535 3.256056 0.315215
v 0.549384 3.256056 0.305153
v 0.547964 3.256056 0.294069
v 0.466890 3.256056 0.331935
v 0.470630 3.256056 0.317965
v 0.439815 3.256056 0.314450
v 0.412635 3.256056 0.326995
v 0.507815 3.256056 0.206135
v 0.547605 3.256056 0.282405
v 0.471265 3.256056 0.188425
v 0.468795 3.256056 0.203240
v 0.490385 3.256056 0.203950
v 0.500529 3.256056 0.187505
v 0.421665 3.256056 0.179745
v 0.507815 3.256056 0.186590
v 0.507815 3.256056 0.071655
v 0.552335 3.256056 0.070035
v 0.559000 3.256056 0.063518
v 0.547605 3.256056 0.100795
v 0.548302 3.256056 0.085078
v 0.577380 3.256056 0.058885
v 0.587825 3.256056 0.058885
v 0.587825 3.256056 0.051265
v 0.567731 3.256056 0.059908
v 0.455670 3.256056 0.051265
v 0.493135 3.256056 0.188000
v 0.484099 3.256056 0.067487
v 0.460330 3.256056 0.066080
v 0.429976 3.256056 0.069540
v 0.386823 3.256056 0.317481
v 0.412280 3.256056 0.300680
v 0.399532 3.256056 0.285778
v 0.399580 3.256056 0.194635
v 0.410098 3.256056 0.217894
v 0.423430 3.256056 0.209735
v 0.400215 3.256056 0.229630
v 0.378452 3.256056 0.204328
v 0.361835 3.256056 0.219330
v 0.393253 3.256056 0.247895
v 0.392926 3.256056 0.267635
v 0.365360 3.256056 0.300610
v 0.353110 3.256056 0.280204
v 0.349060 3.256056 0.257075
v 0.352273 3.256056 0.237032
v 0.404953 3.256056 0.169940
v 0.355975 3.256056 0.174740
v 0.392525 3.256056 0.155970
v 0.385707 3.256056 0.140835
v 0.376313 3.256056 0.187525
v 0.385400 3.256056 0.060085
v 0.403040 3.256056 0.082945
v 0.388272 3.256056 0.101776
v 0.365049 3.256056 0.071273
v 0.340895 3.256056 0.153429
v 0.383350 3.256056 0.124575
v 0.335940 3.256056 0.128170
v 0.349135 3.256056 0.088025
v 0.339370 3.256056 0.107223
v 0.355975 3.246056 0.174740
v 0.376313 3.256056 0.187525
v 0.355975 3.256056 0.174740
v 0.355975 3.236056 0.174740
v 0.376313 3.236056 0.187525
v 0.399580 3.246056 0.194635
v 0.399580 3.236056 0.194635
v 0.399580 3.256056 0.194635
v 0.335940 3.246056 0.128170
v 0.340895 3.256056 0.153429
v 0.335940 3.256056 0.128170
v 0.335940 3.236056 0.128170
v 0.340895 3.236056 0.153429
v 0.355975 3.246056 0.174740
v 0.355975 3.236056 0.174740
v 0.355975 3.256056 0.174740
v 0.349135 3.246056 0.088025
v 0.339370 3.256056 0.107223
v 0.349135 3.256056 0.088025
v 0.349135 3.236056 0.088025
v 0.339370 3.236056 0.107223
v 0.335940 3.246056 0.128170
v 0.335940 3.236056 0.128170
v 0.335940 3.256056 0.128170
v 0.385400 3.246056 0.060085
v 0.365049 3.256056 0.071273
v 0.385400 3.256056 0.060085
v 0.385400 3.236056 0.060085
v 0.365049 3.236056 0.071273
v 0.349135 3.246056 0.088025
v 0.349135 3.256056 0.088025
v 0.349135 3.236056 0.088025
v 0.385400 3.246056 0.060085
v 0.455670 3.256056 0.051265
v 0.455670 3.236056 0.051265
v 0.385400 3.256056 0.060085
v 0.385400 3.236056 0.060085
v 0.587825 3.236056 0.051265
v 0.455670 3.236056 0.051265
v 0.455670 3.256056 0.051265
v 0.587825 3.256056 0.051265
v 0.587825 3.236056 0.058885
v 0.587825 3.236056 0.051265
v 0.587825 3.256056 0.051265
v 0.587825 3.256056 0.058885
v 0.577380 3.236056 0.058885
v 0.587825 3.236056 0.058885
v 0.587825 3.256056 0.058885
v 0.577380 3.256056 0.058885
v 0.552335 3.246056 0.070035
v 0.559000 3.256056 0.063518
v 0.552335 3.256056 0.070035
v 0.552335 3.236056 0.070035
v 0.559000 3.236056 0.063518
v 0.577380 3.256056 0.058885
v 0.567731 3.256056 0.059908
v 0.567731 3.236056 0.059908
v 0.577380 3.236056 0.058885
v 0.547605 3.236056 0.100795
v 0.548302 3.236056 0.085078
v 0.548302 3.256056 0.085078
v 0.547605 3.256056 0.100795
v 0.552335 3.246056 0.070035
v 0.552335 3.236056 0.070035
v 0.552335 3.256056 0.070035
v 0.547605 3.236056 0.282405
v 0.547605 3.236056 0.100795
v 0.547605 3.256056 0.100795
v 0.547605 3.256056 0.282405
v 0.553535 3.246056 0.315215
v 0.549384 3.256056 0.305153
v 0.553535 3.256056 0.315215
v 0.553535 3.236056 0.315215
v 0.549384 3.236056 0.305153
v 0.547605 3.256056 0.282405
v 0.547964 3.256056 0.294069
v 0.547964 3.236056 0.294069
v 0.547605 3.236056 0.282405
v 0.577380 3.236056 0.324315
v 0.564173 3.236056 0.322287
v 0.564173 3.256056 0.322287
v 0.577380 3.256056 0.324315
v 0.553535 3.246056 0.315215
v 0.553535 3.256056 0.315215
v 0.553535 3.236056 0.315215
v 0.587825 3.236056 0.324315
v 0.577380 3.236056 0.324315
v 0.577380 3.256056 0.324315
v 0.587825 3.256056 0.324315
v 0.587825 3.236056 0.331935
v 0.587825 3.236056 0.324315
v 0.587825 3.256056 0.324315
v 0.587825 3.256056 0.331935
v 0.466890 3.236056 0.331935
v 0.587825 3.236056 0.331935
v 0.587825 3.256056 0.331935
v 0.466890 3.256056 0.331935
v 0.412635 3.236056 0.326995
v 0.466890 3.236056 0.331935
v 0.466890 3.256056 0.331935
v 0.412635 3.256056 0.326995
v 0.386823 3.256056 0.317481
v 0.365360 3.256056 0.300610
v 0.365360 3.246056 0.300610
v 0.386823 3.236056 0.317481
v 0.365360 3.236056 0.300610
v 0.412635 3.256056 0.326995
v 0.412635 3.236056 0.326995
v 0.349060 3.246056 0.257075
v 0.353110 3.256056 0.280204
v 0.349060 3.256056 0.257075
v 0.349060 3.236056 0.257075
v 0.353110 3.236056 0.280204
v 0.365360 3.246056 0.300610
v 0.365360 3.256056 0.300610
v 0.365360 3.236056 0.300610
v 0.361835 3.246056 0.219330
v 0.352273 3.256056 0.237032
v 0.361835 3.256056 0.219330
v 0.361835 3.236056 0.219330
v 0.352273 3.236056 0.237032
v 0.349060 3.246056 0.257075
v 0.349060 3.236056 0.257075
v 0.349060 3.256056 0.257075
v 0.399580 3.246056 0.194635
v 0.378452 3.256056 0.204328
v 0.399580 3.256056 0.194635
v 0.399580 3.236056 0.194635
v 0.378452 3.236056 0.204328
v 0.361835 3.246056 0.219330
v 0.361835 3.236056 0.219330
v 0.361835 3.256056 0.219330
v 0.507815 3.236056 0.313450
v 0.470630 3.236056 0.317965
v 0.470630 3.256056 0.317965
v 0.507815 3.256056 0.313450
v 0.507815 3.241056 0.259792
v 0.507815 3.246056 0.259792
v 0.507815 3.246056 0.232963
v 0.507815 3.241056 0.232963
v 0.507815 3.251056 0.259792
v 0.507815 3.251056 0.232963
v 0.507815 3.246056 0.206135
v 0.507815 3.256056 0.206135
v 0.507815 3.236056 0.206135
v 0.507815 3.256056 0.313450
v 0.507815 3.236056 0.313450
v 0.507815 3.246056 0.186590
v 0.500529 3.256056 0.187505
v 0.507815 3.256056 0.186590
v 0.507815 3.236056 0.186590
v 0.500529 3.236056 0.187505
v 0.493135 3.246056 0.188000
v 0.493135 3.256056 0.188000
v 0.493135 3.236056 0.188000
v 0.507815 3.241056 0.157856
v 0.507815 3.246056 0.157856
v 0.507815 3.246056 0.129122
v 0.507815 3.241056 0.129122
v 0.507815 3.246056 0.100388
v 0.507815 3.241056 0.100388
v 0.507815 3.251056 0.129122
v 0.507815 3.251056 0.100388
v 0.507815 3.251056 0.157856
v 0.507815 3.256056 0.071655
v 0.507815 3.256056 0.186590
v 0.507815 3.246056 0.071655
v 0.507815 3.236056 0.071655
v 0.507815 3.246056 0.186590
v 0.507815 3.236056 0.186590
v 0.587825 3.236056 0.324315
v 0.587825 3.236056 0.331935
v 0.577380 3.236056 0.324315
v 0.564173 3.236056 0.322287
v 0.507815 3.236056 0.313450
v 0.553535 3.236056 0.315215
v 0.547964 3.236056 0.294069
v 0.549384 3.236056 0.305153
v 0.466890 3.236056 0.331935
v 0.470630 3.236056 0.317965
v 0.439815 3.236056 0.314450
v 0.412635 3.236056 0.326995
v 0.507815 3.236056 0.206135
v 0.547605 3.236056 0.282405
v 0.471265 3.236056 0.188425
v 0.490385 3.236056 0.203950
v 0.468795 3.236056 0.203240
v 0.500529 3.236056 0.187505
v 0.421665 3.236056 0.179745
v 0.507815 3.236056 0.186590
v 0.507815 3.236056 0.071655
v 0.559000 3.236056 0.063518
v 0.552335 3.236056 0.070035
v 0.548302 3.236056 0.085078
v 0.547605 3.236056 0.100795
v 0.577380 3.236056 0.058885
v 0.587825 3.236056 0.051265
v 0.587825 3.236056 0.058885
v 0.567731 3.236056 0.059908
v 0.455670 3.236056 0.051265
v 0.493135 3.236056 0.188000
v 0.484099 3.236056 0.067487
v 0.460330 3.236056 0.066080
v 0.429976 3.236056 0.069540
v 0.386823 3.236056 0.317481
v 0.399532 3.236056 0.285778
v 0.412280 3.236056 0.300680
v 0.399580 3.236056 0.194635
v 0.423430 3.236056 0.209735
v 0.410098 3.236056 0.217894
v 0.400215 3.236056 0.229630
v 0.378452 3.236056 0.204328
v 0.361835 3.236056 0.219330
v 0.393253 3.236056 0.247895
v 0.392926 3.236056 0.267635
v 0.365360 3.236056 0.300610
v 0.353110 3.236056 0.280204
v 0.349060 3.236056 0.257075
v 0.352273 3.236056 0.237032
v 0.404953 3.236056 0.169940
v 0.355975 3.236056 0.174740
v 0.385707 3.236056 0.140835
v 0.392525 3.236056 0.155970
v 0.376313 3.236056 0.187525
v 0.385400 3.236056 0.060085
v 0.403040 3.236056 0.082945
v 0.388272 3.236056 0.101776
v 0.365049 3.236056 0.071273
v 0.340895 3.236056 0.153429
v 0.383350 3.236056 0.124575
v 0.335940 3.236056 0.128170
v 0.349135 3.236056 0.088025
v 0.339370 3.236056 0.107223
v 0.470630 3.236056 0.317965
v 0.439815 3.236056 0.314450
v 0.439815 3.256056 0.314450
v 0.470630 3.256056 0.317965
v 0.412280 3.246056 0.300680
v 0.412280 3.236056 0.300680
v 0.412280 3.256056 0.300680
v 0.412280 3.246056 0.300680
v 0.399532 3.256056 0.285778
v 0.412280 3.256056 0.300680
v 0.399532 3.236056 0.285778
v 0.392926 3.236056 0.267635
v 0.392926 3.256056 0.267635
v 0.412280 3.236056 0.300680
v 0.400215 3.246056 0.229630
v 0.400215 3.256056 0.229630
v 0.393253 3.256056 0.247895
v 0.393253 3.236056 0.247895
v 0.400215 3.236056 0.229630
v 0.400215 3.246056 0.229630
v 0.410098 3.256056 0.217894
v 0.400215 3.256056 0.229630
v 0.400215 3.236056 0.229630
v 0.410098 3.236056 0.217894
v 0.423430 3.246056 0.209735
v 0.423430 3.236056 0.209735
v 0.423430 3.256056 0.209735
v 0.423430 3.246056 0.209735
v 0.468795 3.246056 0.203240
v 0.468795 3.256056 0.203240
v 0.423430 3.256056 0.209735
v 0.423430 3.236056 0.209735
v 0.468795 3.236056 0.203240
v 0.468795 3.246056 0.203240
v 0.490385 3.246056 0.203950
v 0.490385 3.256056 0.203950
v 0.468795 3.256056 0.203240
v 0.468795 3.236056 0.203240
v 0.490385 3.236056 0.203950
v 0.490385 3.246056 0.203950
v 0.507815 3.246056 0.206135
v 0.507815 3.256056 0.206135
v 0.490385 3.256056 0.203950
v 0.490385 3.236056 0.203950
v 0.507815 3.236056 0.206135
v 0.493135 3.246056 0.188000
v 0.471265 3.246056 0.188425
v 0.471265 3.256056 0.188425
v 0.493135 3.256056 0.188000
v 0.493135 3.236056 0.188000
v 0.471265 3.236056 0.188425
v 0.471265 3.246056 0.188425
v 0.421665 3.246056 0.179745
v 0.421665 3.256056 0.179745
v 0.471265 3.256056 0.188425
v 0.471265 3.236056 0.188425
v 0.421665 3.236056 0.179745
v 0.421665 3.246056 0.179745
v 0.404953 3.256056 0.169940
v 0.421665 3.256056 0.179745
v 0.421665 3.236056 0.179745
v 0.404953 3.236056 0.169940
v 0.392525 3.246056 0.155970
v 0.392525 3.236056 0.155970
v 0.392525 3.256056 0.155970
v 0.392525 3.246056 0.155970
v 0.385707 3.256056 0.140835
v 0.392525 3.256056 0.155970
v 0.392525 3.236056 0.155970
v 0.385707 3.236056 0.140835
v 0.383350 3.246056 0.124575
v 0.383350 3.236056 0.124575
v 0.383350 3.256056 0.124575
v 0.383350 3.246056 0.124575
v 0.388272 3.256056 0.101776
v 0.383350 3.256056 0.124575
v 0.383350 3.236056 0.124575
v 0.388272 3.236056 0.101776
v 0.403040 3.246056 0.082945
v 0.403040 3.236056 0.082945
v 0.403040 3.256056 0.082945
v 0.403040 3.246056 0.082945
v 0.429976 3.256056 0.069540
v 0.403040 3.256056 0.082945
v 0.403040 3.236056 0.082945
v 0.429976 3.236056 0.069540
v 0.460330 3.246056 0.066080
v 0.460330 3.236056 0.066080
v 0.460330 3.256056 0.066080
v 0.460330 3.246056 0.066080
v 0.484099 3.256056 0.067487
v 0.460330 3.256056 0.066080
v 0.460330 3.236056 0.066080
v 0.484099 3.236056 0.067487
v 0.507815 3.246056 0.071655
v 0.507815 3.236056 0.071655
v 0.507815 3.256056 0.071655
v 0.587825 3.256056 0.324315
v 0.587825 3.256056 0.331935
v 0.577380 3.256056 0.324315
v 0.563500 3.256056 0.322039
v 0.507815 3.256056 0.313450
v 0.553535 3.256056 0.315215
v 0.549086 3.256056 0.303627
v 0.550940 3.256056 0.310625
v 0.466890 3.256056 0.331935
v 0.470630 3.256056 0.317965
v 0.436878 3.256056 0.313635
v 0.412635 3.256056 0.326995
v 0.507815 3.256056 0.206135
v 0.547605 3.256056 0.282405
v 0.471265 3.256056 0.188425
v 0.490385 3.256056 0.203950
v 0.468795 3.256056 0.203240
v 0.493135 3.256056 0.188000
v 0.421665 3.256056 0.179745
v 0.507815 3.256056 0.186590
v 0.507815 3.256056 0.071655
v 0.552335 3.256056 0.070035
v 0.548779 3.256056 0.081338
v 0.556754 3.256056 0.065166
v 0.577380 3.256056 0.058885
v 0.587825 3.256056 0.051265
v 0.587825 3.256056 0.058885
v 0.562397 3.256056 0.061681
v 0.455670 3.256056 0.051265
v 0.547605 3.256056 0.100795
v 0.460330 3.256056 0.066080
v 0.385400 3.256056 0.060085
v 0.427211 3.256056 0.070305
v 0.397261 3.256056 0.281560
v 0.412280 3.256056 0.300680
v 0.385318 3.256056 0.316662
v 0.410050 3.256056 0.217935
v 0.399580 3.256056 0.194635
v 0.423430 3.256056 0.209735
v 0.361835 3.256056 0.219330
v 0.400215 3.256056 0.229630
v 0.394246 3.256056 0.243599
v 0.365360 3.256056 0.300610
v 0.353135 3.256056 0.280271
v 0.392245 3.256056 0.258840
v 0.349060 3.256056 0.257075
v 0.377664 3.256056 0.204837
v 0.352245 3.256056 0.237117
v 0.404370 3.256056 0.169472
v 0.392525 3.256056 0.155970
v 0.374126 3.256056 0.186564
v 0.355975 3.256056 0.174740
v 0.385635 3.256056 0.140589
v 0.403040 3.256056 0.082945
v 0.388273 3.256056 0.101774
v 0.364803 3.256056 0.071462
v 0.340956 3.256056 0.153572
v 0.383350 3.256056 0.124575
v 0.335940 3.256056 0.128170
v 0.349135 3.256056 0.088025
v 0.339230 3.256056 0.107647
v -0.490000 3.230000 -0.760000
v -0.490000 3.250000 -0.740000
v -0.490000 3.230000 -0.740000
v -0.490000 3.250000 -0.760000
v -0.990000 3.230000 -0.760000
v -0.990000 3.230000 -0.740000
v -0.990000 3.250000 -0.740000
v -0.990000 3.250000 -0.760000
v -0.990000 3.230000 -0.740000
v -0.990000 3.230000 -0.760000
v -0.490000 3.230000 -0.760000
v -0.490000 3.230000 -0.740000
v -0.990000 3.250000 -0.740000
v -0.990000 3.230000 -0.740000
v -0.490000 3.230000 -0.740000
v -0.490000 3.250000 -0.740000
v -0.990000 3.250000 -0.760000
v -0.990000 3.250000 -0.740000
v -0.490000 3.250000 -0.740000
v -0.490000 3.250000 -0.760000
v -0.990000 3.230000 -0.760000
v -0.990000 3.250000 -0.760000
v -0.490000 3.250000 -0.760000
v -0.490000 3.230000 -0.760000
v -0.490000 3.250000 -0.260000
v -0.510000 3.250000 -0.260000
v -0.510000 3.230000 -0.260000
v -0.490000 3.230000 -0.260000
v -0.490000 3.230000 -0.740000
v -0.490000 3.230000 -0.260000
v -0.510000 3.230000 -0.260000
v -0.510000 3.230000 -0.740000
v -0.490000 3.250000 -0.740000
v -0.490000 3.250000 -0.260000
v -0.490000 3.230000 -0.260000
v -0.490000 3.230000 -0.740000
v -0.510000 3.250000 -0.740000
v -0.510000 3.250000 -0.260000
v -0.490000 3.250000 -0.260000
v -0.490000 3.250000 -0.740000
v -0.510000 3.230000 -0.740000
v -0.510000 3.230000 -0.260000
v -0.510000 3.250000 -0.260000
v -0.510000 3.250000 -0.740000
v -0.990000 3.230000 -0.760000
v -0.990000 3.250000 -0.760000
v -0.490000 3.250000 -0.760000
v -0.490000 3.230000 -0.760000
v -0.990000 3.250000 -0.760000
v -0.990000 3.250000 -0.740000
v -0.490000 3.250000 -0.740000
v -0.490000 3.250000 -0.760000
v -0.990000 3.250000 -0.740000
v -0.990000 3.230000 -0.740000
v -0.490000 3.230000 -0.740000
v -0.490000 3.250000 -0.740000
v -0.990000 3.230000 -0.740000
v -0.990000 3.230000 -0.760000
v -0.490000 3.230000 -0.760000
v -0.490000 3.230000 -0.740000
v -0.990000 3.230000 -0.760000
v -0.990000 3.230000 -0.740000
v -0.990000 3.250000 -0.740000
v -0.990000 3.250000 -0.760000
v -0.490000 3.230000 -0.760000
v -0.490000 3.250000 -0.740000
v -0.490000 3.230000 -0.740000
v -0.490000 3.250000 -0.760000
v -0.510000 3.230000 -0.740000
v -0.510000 3.230000 -0.260000
v -0.510000 3.250000 -0.260000
v -0.510000 3.250000 -0.740000
v -0.510000 3.250000 -0.740000
v -0.510000 3.250000 -0.260000
v -0.490000 3.250000 -0.260000
v -0.490000 3.250000 -0.740000
v -0.490000 3.250000 -0.740000
v -0.490000 3.250000 -0.260000
v -0.490000 3.230000 -0.260000
v -0.490000 3.230000 -0.740000
v -0.490000 3.230000 -0.740000
v -0.490000 3.230000 -0.260000
v -0.510000 3.230000 -0.260000
v -0.510000 3.230000 -0.740000
v -0.490000 3.250000 -0.260000
v -0.510000 3.250000 -0.260000
v -0.510000 3.230000 -0.260000
v -0.490000 3.230000 -0.260000
v -0.681584 3.316103 -0.310446
v -0.671069 3.316103 -0.302826
v -0.671069 3.316103 -0.310446
v -0.694829 3.316103 -0.312475
v -0.751079 3.316103 -0.324486
v -0.705504 3.316103 -0.319546
v -0.785159 3.316103 -0.302826
v -0.751079 3.316103 -0.443691
v -0.711289 3.316103 -0.352356
v -0.709583 3.316103 -0.329603
v -0.710946 3.316103 -0.340684
v -0.772041 3.316103 -0.320192
v -0.691344 3.316103 -0.574843
v -0.671069 3.316103 -0.583496
v -0.796309 3.316103 -0.583496
v -0.681584 3.316103 -0.575876
v -0.671069 3.316103 -0.575876
v -0.700149 3.316103 -0.571177
v -0.751079 3.316103 -0.562896
v -0.711289 3.316103 -0.533966
v -0.710643 3.316103 -0.549559
v -0.706774 3.316103 -0.564516
v -0.793344 3.316103 -0.318486
v -0.834032 3.316103 -0.305498
v -0.837596 3.316103 -0.326534
v -0.874484 3.316103 -0.352001
v -0.880764 3.316103 -0.317076
v -0.898623 3.316103 -0.393061
v -0.910805 3.316103 -0.336545
v -0.948668 3.316103 -0.401467
v -0.933469 3.316103 -0.364701
v -0.906024 3.316103 -0.443586
v -0.862046 3.316103 -0.574399
v -0.874484 3.316103 -0.534956
v -0.838862 3.316103 -0.560235
v -0.795039 3.316103 -0.568681
v -0.917874 3.316103 -0.539611
v -0.944739 3.316103 -0.494925
v -0.953434 3.316103 -0.441681
v -0.898848 3.316103 -0.493158
v -0.671069 3.296103 -0.575876
v -0.671069 3.296103 -0.583496
v -0.671069 3.316103 -0.583496
v -0.671069 3.316103 -0.575876
v -0.681584 3.296103 -0.575876
v -0.671069 3.296103 -0.575876
v -0.671069 3.316103 -0.575876
v -0.681584 3.316103 -0.575876
v -0.706774 3.306103 -0.564516
v -0.700149 3.316103 -0.571177
v -0.706774 3.316103 -0.564516
v -0.706774 3.296103 -0.564516
v -0.700149 3.296103 -0.571177
v -0.681584 3.316103 -0.575876
v -0.691344 3.316103 -0.574843
v -0.691344 3.296103 -0.574843
v -0.681584 3.296103 -0.575876
v -0.711289 3.296103 -0.533966
v -0.710643 3.296103 -0.549559
v -0.710643 3.316103 -0.549559
v -0.711289 3.316103 -0.533966
v -0.706774 3.296103 -0.564516
v -0.706774 3.306103 -0.564516
v -0.706774 3.316103 -0.564516
v -0.711289 3.296103 -0.352356
v -0.711289 3.296103 -0.533966
v -0.711289 3.316103 -0.533966
v -0.711289 3.316103 -0.352356
v -0.705504 3.306103 -0.319546
v -0.709583 3.316103 -0.329603
v -0.705504 3.316103 -0.319546
v -0.705504 3.296103 -0.319546
v -0.709583 3.296103 -0.329603
v -0.711289 3.316103 -0.352356
v -0.710946 3.316103 -0.340684
v -0.710946 3.296103 -0.340684
v -0.711289 3.296103 -0.352356
v -0.681584 3.296103 -0.310446
v -0.694829 3.296103 -0.312475
v -0.694829 3.316103 -0.312475
v -0.681584 3.316103 -0.310446
v -0.705504 3.306103 -0.319546
v -0.705504 3.296103 -0.319546
v -0.705504 3.316103 -0.319546
v -0.671069 3.296103 -0.310446
v -0.681584 3.296103 -0.310446
v -0.681584 3.316103 -0.310446
v -0.671069 3.316103 -0.310446
v -0.671069 3.296103 -0.302826
v -0.671069 3.296103 -0.310446
v -0.671069 3.316103 -0.310446
v -0.671069 3.316103 -0.302826
v -0.785159 3.296103 -0.302826
v -0.671069 3.296103 -0.302826
v -0.671069 3.316103 -0.302826
v -0.785159 3.316103 -0.302826
v -0.880764 3.296103 -0.317076
v -0.834032 3.296103 -0.305498
v -0.834032 3.316103 -0.305498
v -0.880764 3.316103 -0.317076
v -0.785159 3.316103 -0.302826
v -0.785159 3.296103 -0.302826
v -0.933469 3.296103 -0.364701
v -0.910805 3.296103 -0.336545
v -0.910805 3.316103 -0.336545
v -0.933469 3.316103 -0.364701
v -0.880764 3.316103 -0.317076
v -0.880764 3.296103 -0.317076
v -0.953434 3.296103 -0.441681
v -0.948668 3.296103 -0.401467
v -0.948668 3.316103 -0.401467
v -0.953434 3.316103 -0.441681
v -0.933469 3.316103 -0.364701
v -0.933469 3.296103 -0.364701
v -0.917874 3.296103 -0.539611
v -0.944739 3.296103 -0.494925
v -0.944739 3.316103 -0.494925
v -0.917874 3.316103 -0.539611
v -0.953434 3.316103 -0.441681
v -0.953434 3.296103 -0.441681
v -0.796309 3.296103 -0.583496
v -0.862046 3.296103 -0.574399
v -0.862046 3.316103 -0.574399
v -0.796309 3.316103 -0.583496
v -0.917874 3.316103 -0.539611
v -0.917874 3.296103 -0.539611
v -0.671069 3.296103 -0.583496
v -0.796309 3.296103 -0.583496
v -0.796309 3.316103 -0.583496
v -0.671069 3.316103 -0.583496
v -0.751079 3.306103 -0.324486
v -0.772041 3.316103 -0.320192
v -0.751079 3.316103 -0.324486
v -0.751079 3.296103 -0.324486
v -0.772041 3.296103 -0.320192
v -0.793344 3.306103 -0.318486
v -0.793344 3.296103 -0.318486
v -0.793344 3.316103 -0.318486
v -0.751079 3.301103 -0.354287
v -0.751079 3.306103 -0.354287
v -0.751079 3.306103 -0.384088
v -0.751079 3.301103 -0.384088
v -0.751079 3.311103 -0.354287
v -0.751079 3.311103 -0.384088
v -0.751079 3.316103 -0.443691
v -0.751079 3.316103 -0.562896
v -0.751079 3.296103 -0.562896
v -0.751079 3.296103 -0.443691
v -0.751079 3.316103 -0.324486
v -0.751079 3.306103 -0.324486
v -0.751079 3.296103 -0.324486
v -0.681584 3.296103 -0.310446
v -0.671069 3.296103 -0.310446
v -0.671069 3.296103 -0.302826
v -0.694829 3.296103 -0.312475
v -0.751079 3.296103 -0.324486
v -0.705504 3.296103 -0.319546
v -0.785159 3.296103 -0.302826
v -0.751079 3.296103 -0.443691
v -0.711289 3.296103 -0.352356
v -0.709583 3.296103 -0.329603
v -0.710946 3.296103 -0.340684
v -0.772041 3.296103 -0.320192
v -0.691344 3.296103 -0.574843
v -0.796309 3.296103 -0.583496
v -0.671069 3.296103 -0.583496
v -0.671069 3.296103 -0.575876
v -0.681584 3.296103 -0.575876
v -0.700149 3.296103 -0.571177
v -0.751079 3.296103 -0.562896
v -0.711289 3.296103 -0.533966
v -0.706774 3.296103 -0.564516
v -0.710643 3.296103 -0.549559
v -0.793344 3.296103 -0.318486
v -0.834032 3.296103 -0.305498
v -0.837596 3.296103 -0.326534
v -0.880764 3.296103 -0.317076
v -0.874484 3.296103 -0.352001
v -0.910805 3.296103 -0.336545
v -0.898623 3.296103 -0.393061
v -0.948668 3.296103 -0.401467
v -0.933469 3.296103 -0.364701
v -0.906024 3.296103 -0.443586
v -0.862046 3.296103 -0.574399
v -0.838862 3.296103 -0.560235
v -0.874484 3.296103 -0.534956
v -0.795039 3.296103 -0.568681
v -0.917874 3.296103 -0.539611
v -0.944739 3.296103 -0.494925
v -0.953434 3.296103 -0.441681
v -0.898848 3.296103 -0.493158
v -0.837596 3.316103 -0.326534
v -0.793344 3.316103 -0.318486
v -0.793344 3.306103 -0.318486
v -0.837596 3.296103 -0.326534
v -0.793344 3.296103 -0.318486
v -0.874484 3.316103 -0.352001
v -0.874484 3.296103 -0.352001
v -0.898623 3.316103 -0.393061
v -0.874484 3.316103 -0.352001
v -0.874484 3.296103 -0.352001
v -0.898623 3.296103 -0.393061
v -0.906024 3.296103 -0.443586
v -0.906024 3.316103 -0.443586
v -0.874484 3.316103 -0.534956
v -0.898848 3.316103 -0.493158
v -0.898848 3.296103 -0.493158
v -0.874484 3.296103 -0.534956
v -0.874484 3.296103 -0.534956
v -0.838862 3.296103 -0.560235
v -0.838862 3.316103 -0.560235
v -0.874484 3.316103 -0.534956
v -0.795039 3.316103 -0.568681
v -0.795039 3.296103 -0.568681
v -0.795039 3.296103 -0.568681
v -0.751079 3.296103 -0.562896
v -0.751079 3.316103 -0.562896
v -0.795039 3.316103 -0.568681
v -0.490000 3.230000 6.260000
v -0.510000 3.250000 6.260000
v -0.510000 3.230000 6.260000
v -0.490000 3.250000 6.260000
v -0.490000 3.230000 5.760000
v -0.510000 3.230000 5.760000
v -0.510000 3.250000 5.760000
v -0.490000 3.250000 5.760000
v -0.510000 3.230000 5.760000
v -0.490000 3.230000 5.760000
v -0.490000 3.230000 6.260000
v -0.510000 3.230000 6.260000
v -0.510000 3.250000 5.760000
v -0.510000 3.230000 5.760000
v -0.510000 3.230000 6.260000
v -0.510000 3.250000 6.260000
v -0.490000 3.250000 5.760000
v -0.510000 3.250000 5.760000
v -0.510000 3.250000 6.260000
v -0.490000 3.250000 6.260000
v -0.490000 3.230000 5.760000
v -0.490000 3.250000 5.760000
v -0.490000 3.250000 6.260000
v -0.490000 3.230000 6.260000
v -0.990000 3.250000 6.260000
v -0.990000 3.250000 6.240000
v -0.990000 3.230000 6.240000
v -0.990000 3.230000 6.260000
v -0.510000 3.230000 6.260000
v -0.990000 3.230000 6.260000
v -0.990000 3.230000 6.240000
v -0.510000 3.230000 6.240000
v -0.510000 3.250000 6.260000
v -0.990000 3.250000 6.260000
v -0.990000 3.230000 6.260000
v -0.510000 3.230000 6.260000
v -0.510000 3.250000 6.240000
v -0.990000 3.250000 6.240000
v -0.990000 3.250000 6.260000
v -0.510000 3.250000 6.260000
v -0.510000 3.230000 6.240000
v -0.990000 3.230000 6.240000
v -0.990000 3.250000 6.240000
v -0.510000 3.250000 6.240000
v -0.490000 3.230000 5.760000
v -0.490000 3.250000 5.760000
v -0.490000 3.250000 6.260000
v -0.490000 3.230000 6.260000
v -0.490000 3.250000 5.760000
v -0.510000 3.250000 5.760000
v -0.510000 3.250000 6.260000
v -0.490000 3.250000 6.260000
v -0.510000 3.250000 5.760000
v -0.510000 3.230000 5.760000
v -0.510000 3.230000 6.260000
v -0.510000 3.250000 6.260000
v -0.510000 3.230000 5.760000
v -0.490000 3.230000 5.760000
v -0.490000 3.230000 6.260000
v -0.510000 3.230000 6.260000
v -0.490000 3.230000 5.760000
v -0.510000 3.230000 5.760000
v -0.510000 3.250000 5.760000
v -0.490000 3.250000 5.760000
v -0.490000 3.230000 6.260000
v -0.510000 3.250000 6.260000
v -0.510000 3.230000 6.260000
v -0.490000 3.250000 6.260000
v -0.510000 3.230000 6.240000
v -0.990000 3.230000 6.240000
v -0.990000 3.250000 6.240000
v -0.510000 3.250000 6.240000
v -0.510000 3.250000 6.240000
v -0.990000 3.250000 6.240000
v -0.990000 3.250000 6.260000
v -0.510000 3.250000 6.260000
v -0.510000 3.250000 6.260000
v -0.990000 3.250000 6.260000
v -0.990000 3.230000 6.260000
v -0.510000 3.230000 6.260000
v -0.510000 3.230000 6.260000
v -0.990000 3.230000 6.260000
v -0.990000 3.230000 6.240000
v -0.510000 3.230000 6.240000
v -0.990000 3.250000 6.260000
v -0.990000 3.250000 6.240000
v -0.990000 3.230000 6.240000
v -0.990000 3.230000 6.260000
v -0.681584 3.316103 6.099981
v -0.671069 3.316103 6.107601
v -0.671069 3.316103 6.099981
v -0.694829 3.316103 6.097952
v -0.751079 3.316103 6.085941
v -0.705504 3.316103 6.090881
v -0.785159 3.316103 6.107601
v -0.751079 3.316103 5.966736
v -0.711289 3.316103 6.058071
v -0.709583 3.316103 6.080823
v -0.710946 3.316103 6.069742
v -0.772041 3.316103 6.090234
v -0.691344 3.316103 5.835584
v -0.671069 3.316103 5.826931
v -0.796309 3.316103 5.826931
v -0.681584 3.316103 5.834551
v -0.671069 3.316103 5.834551
v -0.700149 3.316103 5.839250
v -0.751079 3.316103 5.847531
v -0.711289 3.316103 5.876461
v -0.710643 3.316103 5.860868
v -0.706774 3.316103 5.845911
v -0.793344 3.316103 6.091941
v -0.834032 3.316103 6.104928
v -0.837596 3.316103 6.083893
v -0.874484 3.316103 6.058426
v -0.880764 3.316103 6.093351
v -0.898623 3.316103 6.017365
v -0.910805 3.316103 6.073882
v -0.948668 3.316103 6.008960
v -0.933469 3.316103 6.045726
v -0.906024 3.316103 5.966841
v -0.862046 3.316103 5.836027
v -0.874484 3.316103 5.875471
v -0.838862 3.316103 5.850192
v -0.795039 3.316103 5.841746
v -0.917874 3.316103 5.870816
v -0.944739 3.316103 5.915502
v -0.953434 3.316103 5.968746
v -0.898848 3.316103 5.917269
v -0.671069 3.296103 5.834551
v -0.671069 3.296103 5.826931
v -0.671069 3.316103 5.826931
v -0.671069 3.316103 5.834551
v -0.681584 3.296103 5.834551
v -0.671069 3.296103 5.834551
v -0.671069 3.316103 5.834551
v -0.681584 3.316103 5.834551
v -0.706774 3.306103 5.845911
v -0.700149 3.316103 5.839250
v -0.706774 3.316103 5.845911
v -0.706774 3.296103 5.845911
v -0.700149 3.296103 5.839250
v -0.681584 3.316103 5.834551
v -0.691344 3.316103 5.835584
v -0.691344 3.296103 5.835584
v -0.681584 3.296103 5.834551
v -0.711289 3.296103 5.876461
v -0.710643 3.296103 5.860868
v -0.710643 3.316103 5.860868
v -0.711289 3.316103 5.876461
v -0.706774 3.306103 5.845911
v -0.706774 3.296103 5.845911
v -0.706774 3.316103 5.845911
v -0.711289 3.296103 6.058071
v -0.711289 3.296103 5.876461
v -0.711289 3.316103 5.876461
v -0.711289 3.316103 6.058071
v -0.705504 3.306103 6.090881
v -0.709583 3.316103 6.080823
v -0.705504 3.316103 6.090881
v -0.705504 3.296103 6.090881
v -0.709583 3.296103 6.080823
v -0.711289 3.316103 6.058071
v -0.710946 3.316103 6.069742
v -0.710946 3.296103 6.069742
v -0.711289 3.296103 6.058071
v -0.681584 3.296103 6.099981
v -0.694829 3.296103 6.097952
v -0.694829 3.316103 6.097952
v -0.681584 3.316103 6.099981
v -0.705504 3.296103 6.090881
v -0.705504 3.306103 6.090881
v -0.705504 3.316103 6.090881
v -0.671069 3.296103 6.099981
v -0.681584 3.296103 6.099981
v -0.681584 3.316103 6.099981
v -0.671069 3.316103 6.099981
v -0.671069 3.296103 6.107601
v -0.671069 3.296103 6.099981
v -0.671069 3.316103 6.099981
v -0.671069 3.316103 6.107601
v -0.785159 3.296103 6.107601
v -0.671069 3.296103 6.107601
v -0.671069 3.316103 6.107601
v -0.785159 3.316103 6.107601
v -0.880764 3.296103 6.093351
v -0.834032 3.296103 6.104928
v -0.834032 3.316103 6.104928
v -0.880764 3.316103 6.093351
v -0.785159 3.316103 6.107601
v -0.785159 3.296103 6.107601
v -0.933469 3.296103 6.045726
v -0.910805 3.296103 6.073882
v -0.910805 3.316103 6.073882
v -0.933469 3.316103 6.045726
v -0.880764 3.316103 6.093351
v -0.880764 3.296103 6.093351
v -0.953434 3.296103 5.968746
v -0.948668 3.296103 6.008960
v -0.948668 3.316103 6.008960
v -0.953434 3.316103 5.968746
v -0.933469 3.316103 6.045726
v -0.933469 3.296103 6.045726
v -0.917874 3.296103 5.870816
v -0.944739 3.296103 5.915502
v -0.944739 3.316103 5.915502
v -0.917874 3.316103 5.870816
v -0.953434 3.316103 5.968746
v -0.953434 3.296103 5.968746
v -0.796309 3.296103 5.826931
v -0.862046 3.296103 5.836027
v -0.862046 3.316103 5.836027
v -0.796309 3.316103 5.826931
v -0.917874 3.316103 5.870816
v -0.917874 3.296103 5.870816
v -0.671069 3.296103 5.826931
v -0.796309 3.296103 5.826931
v -0.796309 3.316103 5.826931
v -0.671069 3.316103 5.826931
v -0.751079 3.306103 6.085941
v -0.772041 3.316103 6.090234
v -0.751079 3.316103 6.085941
v -0.751079 3.296103 6.085941
v -0.772041 3.296103 6.090234
v -0.793344 3.306103 6.091941
v -0.793344 3.296103 6.091941
v -0.793344 3.316103 6.091941
v -0.751079 3.301103 6.056140
v -0.751079 3.306103 6.056140
v -0.751079 3.306103 6.026339
v -0.751079 3.301103 6.026339
v -0.751079 3.311103 6.056140
v -0.751079 3.311103 6.026339
v -0.751079 3.316103 5.966736
v -0.751079 3.316103 5.847531
v -0.751079 3.296103 5.847531
v -0.751079 3.296103 5.966736
v -0.751079 3.316103 6.085941
v -0.751079 3.306103 6.085941
v -0.751079 3.296103 6.085941
v -0.681584 3.296103 6.099981
v -0.671069 3.296103 6.099981
v -0.671069 3.296103 6.107601
v -0.694829 3.296103 6.097952
v -0.751079 3.296103 6.085941
v -0.705504 3.296103 6.090881
v -0.785159 3.296103 6.107601
v -0.751079 3.296103 5.966736
v -0.711289 3.296103 6.058071
v -0.709583 3.296103 6.080823
v -0.710946 3.296103 6.069742
v -0.772041 3.296103 6.090234
v -0.691344 3.296103 5.835584
v -0.796309 3.296103 5.826931
v -0.671069 3.296103 5.826931
v -0.671069 3.296103 5.834551
v -0.681584 3.296103 5.834551
v -0.700149 3.296103 5.839250
v -0.751079 3.296103 5.847531
v -0.711289 3.296103 5.876461
v -0.706774 3.296103 5.845911
v -0.710643 3.296103 5.860868
v -0.793344 3.296103 6.091941
v -0.834032 3.296103 6.104928
v -0.837596 3.296103 6.083893
v -0.880764 3.296103 6.093351
v -0.874484 3.296103 6.058426
v -0.910805 3.296103 6.073882
v -0.898623 3.296103 6.017365
v -0.948668 3.296103 6.008960
v -0.933469 3.296103 6.045726
v -0.906024 3.296103 5.966841
v -0.862046 3.296103 5.836027
v -0.838862 3.296103 5.850192
v -0.874484 3.296103 5.875471
v -0.795039 3.296103 5.841746
v -0.917874 3.296103 5.870816
v -0.944739 3.296103 5.915502
v -0.953434 3.296103 5.968746
v -0.898848 3.296103 5.917269
v -0.837596 3.316103 6.083893
v -0.793344 3.316103 6.091941
v -0.793344 3.306103 6.091941
v -0.837596 3.296103 6.083893
v -0.793344 3.296103 6.091941
v -0.874484 3.316103 6.058426
v -0.874484 3.296103 6.058426
v -0.898623 3.316103 6.017365
v -0.874484 3.316103 6.058426
v -0.874484 3.296103 6.058426
v -0.898623 3.296103 6.017365
v -0.906024 3.296103 5.966841
v -0.906024 3.316103 5.966841
v -0.874484 3.316103 5.875471
v -0.898848 3.316103 5.917269
v -0.898848 3.296103 5.917269
v -0.874484 3.296103 5.875471
v -0.874484 3.296103 5.875471
v -0.838862 3.296103 5.850192
v -0.838862 3.316103 5.850192
v -0.874484 3.316103 5.875471
v -0.795039 3.316103 5.841746
v -0.795039 3.296103 5.841746
v -0.795039 3.296103 5.841746
v -0.751079 3.296103 5.847531
v -0.751079 3.316103 5.847531
v -0.795039 3.316103 5.841746
v -2.510000 3.230000 -0.740000
v -2.510000 3.230000 -0.260000
v -2.510000 3.250000 -0.260000
v -2.510000 3.250000 -0.740000
v -2.510000 3.250000 -0.740000
v -2.510000 3.250000 -0.260000
v -2.490000 3.250000 -0.260000
v -2.490000 3.250000 -0.740000
v -2.490000 3.250000 -0.740000
v -2.490000 3.250000 -0.260000
v -2.490000 3.230000 -0.260000
v -2.490000 3.230000 -0.740000
v -2.490000 3.230000 -0.740000
v -2.490000 3.230000 -0.260000
v -2.510000 3.230000 -0.260000
v -2.510000 3.230000 -0.740000
v -2.490000 3.250000 -0.260000
v -2.510000 3.250000 -0.260000
v -2.510000 3.230000 -0.260000
v -2.490000 3.230000 -0.260000
v -2.990000 3.230000 -0.760000
v -2.990000 3.250000 -0.760000
v -2.490000 3.250000 -0.760000
v -2.490000 3.230000 -0.760000
v -2.990000 3.250000 -0.760000
v -2.990000 3.250000 -0.740000
v -2.490000 3.250000 -0.740000
v -2.490000 3.250000 -0.760000
v -2.990000 3.250000 -0.740000
v -2.990000 3.230000 -0.740000
v -2.490000 3.230000 -0.740000
v -2.490000 3.250000 -0.740000
v -2.990000 3.230000 -0.740000
v -2.990000 3.230000 -0.760000
v -2.490000 3.230000 -0.760000
v -2.490000 3.230000 -0.740000
v -2.990000 3.230000 -0.760000
v -2.990000 3.230000 -0.740000
v -2.990000 3.250000 -0.740000
v -2.990000 3.250000 -0.760000
v -2.490000 3.230000 -0.760000
v -2.490000 3.250000 -0.740000
v -2.490000 3.230000 -0.740000
v -2.490000 3.250000 -0.760000
v -2.709118 3.251045 -0.336414
v -2.675277 3.251045 -0.330775
v -2.694608 3.251045 -0.362250
v -2.653118 3.251045 -0.361895
v -2.638995 3.251045 -0.399010
v -2.681763 3.251045 -0.439434
v -2.704698 3.251045 -0.307355
v -2.753850 3.251045 -0.306357
v -2.776523 3.251045 -0.288025
v -2.739322 3.251045 -0.292789
v -2.729953 3.251045 -0.317020
v -2.641233 3.251045 -0.486949
v -2.634353 3.251045 -0.439085
v -2.662858 3.251045 -0.529680
v -2.693903 3.251045 -0.505475
v -2.709008 3.251045 -0.529999
v -2.709078 3.251045 -0.568592
v -2.730448 3.251045 -0.548304
v -2.770523 3.251045 -0.581394
v -2.757071 3.251045 -0.559606
v -2.786118 3.251045 -0.563190
v -2.780188 3.251045 -0.302840
v -2.810423 3.251045 -0.307359
v -2.836283 3.251045 -0.302910
v -2.837058 3.251045 -0.321680
v -2.848628 3.251045 -0.307495
v -2.853861 3.251045 -0.306476
v -2.863163 3.251045 -0.296318
v -2.873538 3.251045 -0.288025
v -2.865918 3.251045 -0.288025
v -2.858298 3.251045 -0.303545
v -2.859776 3.251045 -0.349536
v -2.837128 3.251045 -0.564110
v -2.834093 3.251045 -0.551549
v -2.811272 3.251045 -0.560387
v -2.805475 3.251045 -0.577313
v -2.886238 3.251045 -0.509430
v -2.879888 3.251045 -0.383275
v -2.873538 3.251045 -0.383275
v -2.879813 3.251045 -0.505194
v -2.879888 3.231045 -0.383275
v -2.873538 3.231045 -0.288025
v -2.873538 3.251045 -0.288025
v -2.879888 3.251045 -0.383275
v -2.873538 3.231045 -0.383275
v -2.879888 3.231045 -0.383275
v -2.879888 3.251045 -0.383275
v -2.873538 3.251045 -0.383275
v -2.837058 3.231045 -0.321680
v -2.859776 3.231045 -0.349536
v -2.859776 3.251045 -0.349536
v -2.837058 3.251045 -0.321680
v -2.873538 3.251045 -0.383275
v -2.873538 3.231045 -0.383275
v -2.810423 3.251045 -0.307359
v -2.780188 3.251045 -0.302840
v -2.780188 3.241045 -0.302840
v -2.810423 3.231045 -0.307359
v -2.780188 3.231045 -0.302840
v -2.837058 3.251045 -0.321680
v -2.837058 3.231045 -0.321680
v -2.729953 3.241045 -0.317020
v -2.753850 3.251045 -0.306357
v -2.729953 3.251045 -0.317020
v -2.729953 3.231045 -0.317020
v -2.753850 3.231045 -0.306357
v -2.780188 3.241045 -0.302840
v -2.780188 3.231045 -0.302840
v -2.780188 3.251045 -0.302840
v -2.694608 3.231045 -0.362250
v -2.709118 3.231045 -0.336414
v -2.709118 3.251045 -0.336414
v -2.694608 3.251045 -0.362250
v -2.729953 3.241045 -0.317020
v -2.729953 3.251045 -0.317020
v -2.729953 3.231045 -0.317020
v -2.681763 3.231045 -0.439434
v -2.694608 3.231045 -0.362250
v -2.694608 3.251045 -0.362250
v -2.681763 3.251045 -0.439434
v -2.693903 3.231045 -0.505475
v -2.681763 3.231045 -0.439434
v -2.681763 3.251045 -0.439434
v -2.693903 3.251045 -0.505475
v -2.730448 3.231045 -0.548304
v -2.709008 3.231045 -0.529999
v -2.709008 3.251045 -0.529999
v -2.730448 3.251045 -0.548304
v -2.693903 3.251045 -0.505475
v -2.693903 3.231045 -0.505475
v -2.757071 3.251045 -0.559606
v -2.786118 3.251045 -0.563190
v -2.786118 3.241045 -0.563190
v -2.757071 3.231045 -0.559606
v -2.786118 3.231045 -0.563190
v -2.730448 3.251045 -0.548304
v -2.730448 3.231045 -0.548304
v -2.834093 3.241045 -0.551549
v -2.811272 3.251045 -0.560387
v -2.834093 3.251045 -0.551549
v -2.834093 3.231045 -0.551549
v -2.811272 3.231045 -0.560387
v -2.786118 3.241045 -0.563190
v -2.786118 3.251045 -0.563190
v -2.786118 3.231045 -0.563190
v -2.879813 3.231045 -0.505194
v -2.834093 3.241045 -0.551549
v -2.834093 3.251045 -0.551549
v -2.879813 3.251045 -0.505194
v -2.834093 3.231045 -0.551549
v -2.886238 3.231045 -0.509430
v -2.879813 3.231045 -0.505194
v -2.879813 3.251045 -0.505194
v -2.886238 3.251045 -0.509430
v -2.837128 3.231045 -0.564110
v -2.886238 3.231045 -0.509430
v -2.886238 3.251045 -0.509430
v -2.837128 3.251045 -0.564110
v -2.770523 3.231045 -0.581394
v -2.805475 3.231045 -0.577313
v -2.805475 3.251045 -0.577313
v -2.770523 3.251045 -0.581394
v -2.837128 3.251045 -0.564110
v -2.837128 3.231045 -0.564110
v -2.662858 3.231045 -0.529680
v -2.709078 3.231045 -0.568592
v -2.709078 3.251045 -0.568592
v -2.662858 3.251045 -0.529680
v -2.770523 3.251045 -0.581394
v -2.770523 3.231045 -0.581394
v -2.634353 3.231045 -0.439085
v -2.641233 3.231045 -0.486949
v -2.641233 3.251045 -0.486949
v -2.634353 3.251045 -0.439085
v -2.662858 3.251045 -0.529680
v -2.662858 3.231045 -0.529680
v -2.653118 3.231045 -0.361895
v -2.638995 3.231045 -0.399010
v -2.638995 3.251045 -0.399010
v -2.653118 3.251045 -0.361895
v -2.634353 3.251045 -0.439085
v -2.634353 3.231045 -0.439085
v -2.704698 3.231045 -0.307355
v -2.675277 3.231045 -0.330775
v -2.675277 3.251045 -0.330775
v -2.704698 3.251045 -0.307355
v -2.653118 3.251045 -0.361895
v -2.653118 3.231045 -0.361895
v -2.776523 3.231045 -0.288025
v -2.739322 3.231045 -0.292789
v -2.739322 3.251045 -0.292789
v -2.776523 3.251045 -0.288025
v -2.704698 3.251045 -0.307355
v -2.704698 3.231045 -0.307355
v -2.776523 3.251045 -0.288025
v -2.836283 3.251045 -0.302910
v -2.836283 3.241045 -0.302910
v -2.836283 3.231045 -0.302910
v -2.776523 3.231045 -0.288025
v -2.848628 3.241045 -0.307495
v -2.836283 3.241045 -0.302910
v -2.836283 3.251045 -0.302910
v -2.848628 3.251045 -0.307495
v -2.848628 3.231045 -0.307495
v -2.836283 3.231045 -0.302910
v -2.858298 3.241045 -0.303545
v -2.853861 3.251045 -0.306476
v -2.858298 3.251045 -0.303545
v -2.858298 3.231045 -0.303545
v -2.853861 3.231045 -0.306476
v -2.848628 3.241045 -0.307495
v -2.848628 3.231045 -0.307495
v -2.848628 3.251045 -0.307495
v -2.865918 3.231045 -0.288025
v -2.863163 3.231045 -0.296318
v -2.863163 3.251045 -0.296318
v -2.865918 3.251045 -0.288025
v -2.858298 3.241045 -0.303545
v -2.858298 3.251045 -0.303545
v -2.858298 3.231045 -0.303545
v -2.873538 3.231045 -0.288025
v -2.865918 3.231045 -0.288025
v -2.865918 3.251045 -0.288025
v -2.873538 3.251045 -0.288025
v -2.709118 3.231045 -0.336414
v -2.694608 3.231045 -0.362250
v -2.675277 3.231045 -0.330775
v -2.638995 3.231045 -0.399010
v -2.653118 3.231045 -0.361895
v -2.681763 3.231045 -0.439434
v -2.704698 3.231045 -0.307355
v -2.753850 3.231045 -0.306357
v -2.739322 3.231045 -0.292789
v -2.776523 3.231045 -0.288025
v -2.729953 3.231045 -0.317020
v -2.641233 3.231045 -0.486949
v -2.634353 3.231045 -0.439085
v -2.662858 3.231045 -0.529680
v -2.693903 3.231045 -0.505475
v -2.709008 3.231045 -0.529999
v -2.709078 3.231045 -0.568592
v -2.730448 3.231045 -0.548304
v -2.770523 3.231045 -0.581394
v -2.757071 3.231045 -0.559606
v -2.786118 3.231045 -0.563190
v -2.780188 3.231045 -0.302840
v -2.810423 3.231045 -0.307359
v -2.836283 3.231045 -0.302910
v -2.837058 3.231045 -0.321680
v -2.848628 3.231045 -0.307495
v -2.853861 3.231045 -0.306476
v -2.863163 3.231045 -0.296318
v -2.865918 3.231045 -0.288025
v -2.873538 3.231045 -0.288025
v -2.858298 3.231045 -0.303545
v -2.859776 3.231045 -0.349536
v -2.837128 3.231045 -0.564110
v -2.811272 3.231045 -0.560387
v -2.834093 3.231045 -0.551549
v -2.805475 3.231045 -0.577313
v -2.886238 3.231045 -0.509430
v -2.879888 3.231045 -0.383275
v -2.873538 3.231045 -0.383275
v -2.879813 3.231045 -0.505194
v -2.510000 3.230000 6.240000
v -2.990000 3.230000 6.240000
v -2.990000 3.250000 6.240000
v -2.510000 3.250000 6.240000
v -2.510000 3.250000 6.240000
v -2.990000 3.250000 6.240000
v -2.990000 3.250000 6.260000
v -2.510000 3.250000 6.260000
v -2.510000 3.250000 6.260000
v -2.990000 3.250000 6.260000
v -2.990000 3.230000 6.260000
v -2.510000 3.230000 6.260000
v -2.510000 3.230000 6.260000
v -2.990000 3.230000 6.260000
v -2.990000 3.230000 6.240000
v -2.510000 3.230000 6.240000
v -2.990000 3.250000 6.260000
v -2.990000 3.250000 6.240000
v -2.990000 3.230000 6.240000
v -2.990000 3.230000 6.260000
v -2.490000 3.230000 5.760000
v -2.490000 3.250000 5.760000
v -2.490000 3.250000 6.260000
v -2.490000 3.230000 6.260000
v -2.490000 3.250000 5.760000
v -2.510000 3.250000 5.760000
v -2.510000 3.250000 6.260000
v -2.490000 3.250000 6.260000
v -2.510000 3.250000 5.760000
v -2.510000 3.230000 5.760000
v -2.510000 3.230000 6.260000
v -2.510000 3.250000 6.260000
v -2.510000 3.230000 5.760000
v -2.490000 3.230000 5.760000
v -2.490000 3.230000 6.260000
v -2.510000 3.230000 6.260000
v -2.490000 3.230000 5.760000
v -2.510000 3.230000 5.760000
v -2.510000 3.250000 5.760000
v -2.490000 3.250000 5.760000
v -2.490000 3.230000 6.260000
v -2.510000 3.250000 6.260000
v -2.510000 3.230000 6.260000
v -2.490000 3.250000 6.260000
v -2.709118 3.251045 6.068275
v -2.675277 3.251045 6.073914
v -2.694608 3.251045 6.042439
v -2.653118 3.251045 6.042794
v -2.638995 3.251045 6.005679
v -2.681763 3.251045 5.965254
v -2.704698 3.251045 6.097334
v -2.753850 3.251045 6.098331
v -2.776523 3.251045 6.116664
v -2.739322 3.251045 6.111899
v -2.729953 3.251045 6.087669
v -2.641233 3.251045 5.917739
v -2.634353 3.251045 5.965604
v -2.662858 3.251045 5.875009
v -2.693903 3.251045 5.899214
v -2.709008 3.251045 5.874690
v -2.709078 3.251045 5.836096
v -2.730448 3.251045 5.856384
v -2.770523 3.251045 5.823294
v -2.757071 3.251045 5.845083
v -2.786118 3.251045 5.841499
v -2.780188 3.251045 6.101849
v -2.810423 3.251045 6.097330
v -2.836283 3.251045 6.101779
v -2.837058 3.251045 6.083009
v -2.848628 3.251045 6.097194
v -2.853861 3.251045 6.098213
v -2.863163 3.251045 6.108370
v -2.873538 3.251045 6.116664
v -2.865918 3.251045 6.116664
v -2.858298 3.251045 6.101144
v -2.859776 3.251045 6.055152
v -2.837128 3.251045 5.840579
v -2.834093 3.251045 5.853139
v -2.811272 3.251045 5.844302
v -2.805475 3.251045 5.827376
v -2.886238 3.251045 5.895259
v -2.879888 3.251045 6.021414
v -2.873538 3.251045 6.021414
v -2.879813 3.251045 5.899494
v -2.879888 3.231045 6.021414
v -2.873538 3.231045 6.116664
v -2.873538 3.251045 6.116664
v -2.879888 3.251045 6.021414
v -2.873538 3.231045 6.021414
v -2.879888 3.231045 6.021414
v -2.879888 3.251045 6.021414
v -2.873538 3.251045 6.021414
v -2.837058 3.231045 6.083009
v -2.859776 3.231045 6.055152
v -2.859776 3.251045 6.055152
v -2.837058 3.251045 6.083009
v -2.873538 3.251045 6.021414
v -2.873538 3.231045 6.021414
v -2.810423 3.251045 6.097330
v -2.780188 3.251045 6.101849
v -2.780188 3.241045 6.101849
v -2.810423 3.231045 6.097330
v -2.780188 3.231045 6.101849
v -2.837058 3.251045 6.083009
v -2.837058 3.231045 6.083009
v -2.729953 3.241045 6.087669
v -2.753850 3.251045 6.098331
v -2.729953 3.251045 6.087669
v -2.729953 3.231045 6.087669
v -2.753850 3.231045 6.098331
v -2.780188 3.241045 6.101849
v -2.780188 3.251045 6.101849
v -2.780188 3.231045 6.101849
v -2.694608 3.231045 6.042439
v -2.709118 3.231045 6.068275
v -2.709118 3.251045 6.068275
v -2.694608 3.251045 6.042439
v -2.729953 3.241045 6.087669
v -2.729953 3.251045 6.087669
v -2.729953 3.231045 6.087669
v -2.681763 3.231045 5.965254
v -2.694608 3.231045 6.042439
v -2.694608 3.251045 6.042439
v -2.681763 3.251045 5.965254
v -2.693903 3.231045 5.899214
v -2.681763 3.231045 5.965254
v -2.681763 3.251045 5.965254
v -2.693903 3.251045 5.899214
v -2.730448 3.231045 5.856384
v -2.709008 3.231045 5.874690
v -2.709008 3.251045 5.874690
v -2.730448 3.251045 5.856384
v -2.693903 3.251045 5.899214
v -2.693903 3.231045 5.899214
v -2.757071 3.251045 5.845083
v -2.786118 3.251045 5.841499
v -2.786118 3.241045 5.841499
v -2.757071 3.231045 5.845083
v -2.786118 3.231045 5.841499
v -2.730448 3.251045 5.856384
v -2.730448 3.231045 5.856384
v -2.834093 3.241045 5.853139
v -2.811272 3.251045 5.844302
v -2.834093 3.251045 5.853139
v -2.834093 3.231045 5.853139
v -2.811272 3.231045 5.844302
v -2.786118 3.241045 5.841499
v -2.786118 3.251045 5.841499
v -2.786118 3.231045 5.841499
v -2.879813 3.231045 5.899494
v -2.834093 3.241045 5.853139
v -2.834093 3.251045 5.853139
v -2.879813 3.251045 5.899494
v -2.834093 3.231045 5.853139
v -2.886238 3.231045 5.895259
v -2.879813 3.231045 5.899494
v -2.879813 3.251045 5.899494
v -2.886238 3.251045 5.895259
v -2.837128 3.231045 5.840579
v -2.886238 3.231045 5.895259
v -2.886238 3.251045 5.895259
v -2.837128 3.251045 5.840579
v -2.770523 3.231045 5.823294
v -2.805475 3.231045 5.827376
v -2.805475 3.251045 5.827376
v -2.770523 3.251045 5.823294
v -2.837128 3.251045 5.840579
v -2.837128 3.231045 5.840579
v -2.662858 3.231045 5.875009
v -2.709078 3.231045 5.836096
v -2.709078 3.251045 5.836096
v -2.662858 3.251045 5.875009
v -2.770523 3.251045 5.823294
v -2.770523 3.231045 5.823294
v -2.634353 3.231045 5.965604
v -2.641233 3.231045 5.917739
v -2.641233 3.251045 5.917739
v -2.634353 3.251045 5.965604
v -2.662858 3.251045 5.875009
v -2.662858 3.231045 5.875009
v -2.653118 3.231045 6.042794
v -2.638995 3.231045 6.005679
v -2.638995 3.251045 6.005679
v -2.653118 3.251045 6.042794
v -2.634353 3.251045 5.965604
v -2.634353 3.231045 5.965604
v -2.704698 3.231045 6.097334
v -2.675277 3.231045 6.073914
v -2.675277 3.251045 6.073914
v -2.704698 3.251045 6.097334
v -2.653118 3.251045 6.042794
v -2.653118 3.231045 6.042794
v -2.776523 3.231045 6.116664
v -2.739322 3.231045 6.111899
v -2.739322 3.251045 6.111899
v -2.776523 3.251045 6.116664
v -2.704698 3.251045 6.097334
v -2.704698 3.231045 6.097334
v -2.776523 3.251045 6.116664
v -2.836283 3.251045 6.101779
v -2.836283 3.241045 6.101779
v -2.836283 3.231045 6.101779
v -2.776523 3.231045 6.116664
v -2.848628 3.241045 6.097194
v -2.836283 3.241045 6.101779
v -2.836283 3.251045 6.101779
v -2.848628 3.251045 6.097194
v -2.848628 3.231045 6.097194
v -2.836283 3.231045 6.101779
v -2.858298 3.241045 6.101144
v -2.853861 3.251045 6.098213
v -2.858298 3.251045 6.101144
v -2.858298 3.231045 6.101144
v -2.853861 3.231045 6.098213
v -2.848628 3.241045 6.097194
v -2.848628 3.231045 6.097194
v -2.848628 3.251045 6.097194
v -2.865918 3.231045 6.116664
v -2.863163 3.231045 6.108370
v -2.863163 3.251045 6.108370
v -2.865918 3.251045 6.116664
v -2.858298 3.241045 6.101144
v -2.858298 3.231045 6.101144
v -2.858298 3.251045 6.101144
v -2.873538 3.231045 6.116664
v -2.865918 3.231045 6.116664
v -2.865918 3.251045 6.116664
v -2.873538 3.251045 6.116664
v -2.709118 3.231045 6.068275
v -2.694608 3.231045 6.042439
v -2.675277 3.231045 6.073914
v -2.638995 3.231045 6.005679
v -2.653118 3.231045 6.042794
v -2.681763 3.231045 5.965254
v -2.704698 3.231045 6.097334
v -2.753850 3.231045 6.098331
v -2.739322 3.231045 6.111899
v -2.776523 3.231045 6.116664
v -2.729953 3.231045 6.087669
v -2.641233 3.231045 5.917739
v -2.634353 3.231045 5.965604
v -2.662858 3.231045 5.875009
v -2.693903 3.231045 5.899214
v -2.709008 3.231045 5.874690
v -2.709078 3.231045 5.836096
v -2.730448 3.231045 5.856384
v -2.770523 3.231045 5.823294
v -2.757071 3.231045 5.845083
v -2.786118 3.231045 5.841499
v -2.780188 3.231045 6.101849
v -2.810423 3.231045 6.097330
v -2.836283 3.231045 6.101779
v -2.837058 3.231045 6.083009
v -2.848628 3.231045 6.097194
v -2.853861 3.231045 6.098213
v -2.863163 3.231045 6.108370
v -2.865918 3.231045 6.116664
v -2.873538 3.231045 6.116664
v -2.858298 3.231045 6.101144
v -2.859776 3.231045 6.055152
v -2.837128 3.231045 5.840579
v -2.811272 3.231045 5.844302
v -2.834093 3.231045 5.853139
v -2.805475 3.231045 5.827376
v -2.886238 3.231045 5.895259
v -2.879888 3.231045 6.021414
v -2.873538 3.231045 6.021414
v -2.879813 3.231045 5.899494
v -4.490000 3.230000 5.760000
v -4.490000 3.250000 5.760000
v -4.490000 3.250000 6.260000
v -4.490000 3.230000 6.260000
v -4.490000 3.250000 5.760000
v -4.510000 3.250000 5.760000
v -4.510000 3.250000 6.260000
v -4.490000 3.250000 6.260000
v -4.510000 3.250000 5.760000
v -4.510000 3.230000 5.760000
v -4.510000 3.230000 6.260000
v -4.510000 3.250000 6.260000
v -4.510000 3.230000 5.760000
v -4.490000 3.230000 5.760000
v -4.490000 3.230000 6.260000
v -4.510000 3.230000 6.260000
v -4.490000 3.230000 5.760000
v -4.510000 3.230000 5.760000
v -4.510000 3.250000 5.760000
v -4.490000 3.250000 5.760000
v -4.490000 3.230000 6.260000
v -4.510000 3.250000 6.260000
v -4.510000 3.230000 6.260000
v -4.490000 3.250000 6.260000
v -4.510000 3.230000 6.240000
v -4.990000 3.230000 6.240000
v -4.990000 3.250000 6.240000
v -4.510000 3.250000 6.240000
v -4.510000 3.250000 6.240000
v -4.990000 3.250000 6.240000
v -4.990000 3.250000 6.260000
v -4.510000 3.250000 6.260000
v -4.510000 3.250000 6.260000
v -4.990000 3.250000 6.260000
v -4.990000 3.230000 6.260000
v -4.510000 3.230000 6.260000
v -4.510000 3.230000 6.260000
v -4.990000 3.230000 6.260000
v -4.990000 3.230000 6.240000
v -4.510000 3.230000 6.240000
v -4.990000 3.250000 6.260000
v -4.990000 3.250000 6.240000
v -4.990000 3.230000 6.240000
v -4.990000 3.230000 6.260000
v -4.651408 3.316103 6.129190
v -4.661358 3.316103 6.129190
v -4.651408 3.316103 6.136811
v -4.674739 3.316103 6.127602
v -4.731419 3.316103 6.121571
v -4.686264 3.316103 6.120935
v -4.690135 3.316103 6.110608
v -4.691628 3.316103 6.088130
v -4.691333 3.316103 6.099572
v -4.731419 3.316103 6.010655
v -4.793228 3.316103 5.995416
v -4.793228 3.316103 6.010655
v -4.731419 3.316103 5.995416
v -4.867733 3.316103 6.136811
v -4.691628 3.316103 5.905671
v -4.735378 3.316103 5.876512
v -4.689229 3.316103 5.878506
v -4.685786 3.316103 5.872673
v -4.738828 3.316103 5.873781
v -4.680198 3.316103 5.868561
v -4.651408 3.316103 5.856141
v -4.661358 3.316103 5.863760
v -4.651408 3.316103 5.863760
v -4.746535 3.316103 5.871753
v -4.733043 3.316103 5.880200
v -4.731419 3.316103 5.902851
v -4.754563 3.316103 5.871381
v -4.867663 3.316103 5.856141
v -4.802048 3.316103 5.871381
v -4.808328 3.316103 6.121571
v -4.837463 3.316103 6.118465
v -4.834410 3.316103 6.033322
v -4.825258 3.316103 6.017856
v -4.831469 3.316103 5.979896
v -4.819263 3.316103 5.991256
v -4.810129 3.316103 6.011849
v -4.844873 3.316103 6.051296
v -4.837254 3.316103 6.051296
v -4.853058 3.316103 6.105696
v -4.846315 3.316103 6.113214
v -4.870698 3.316103 6.075006
v -4.862653 3.316103 6.075006
v -4.844873 3.316103 5.953506
v -4.806495 3.316103 5.994660
v -4.826376 3.316103 5.986510
v -4.837254 3.316103 5.953506
v -4.857153 3.316103 5.887751
v -4.836548 3.316103 5.874696
v -4.891863 3.316103 5.926415
v -4.883399 3.316103 5.926415
v -4.731419 3.296103 6.010655
v -4.731419 3.296103 6.121571
v -4.731419 3.316103 6.121571
v -4.731419 3.316103 6.010655
v -4.793228 3.296103 6.010655
v -4.731419 3.296103 6.010655
v -4.731419 3.316103 6.010655
v -4.793228 3.316103 6.010655
v -4.810129 3.316103 6.011849
v -4.825258 3.316103 6.017856
v -4.825258 3.306103 6.017856
v -4.810129 3.296103 6.011849
v -4.825258 3.296103 6.017856
v -4.793228 3.316103 6.010655
v -4.793228 3.296103 6.010655
v -4.837254 3.296103 6.051296
v -4.834410 3.296103 6.033322
v -4.834410 3.316103 6.033322
v -4.837254 3.316103 6.051296
v -4.825258 3.296103 6.017856
v -4.825258 3.306103 6.017856
v -4.825258 3.316103 6.017856
v -4.844873 3.296103 6.051296
v -4.837254 3.296103 6.051296
v -4.837254 3.316103 6.051296
v -4.844873 3.316103 6.051296
v -4.844873 3.296103 5.953506
v -4.844873 3.296103 6.051296
v -4.844873 3.316103 6.051296
v -4.844873 3.316103 5.953506
v -4.837254 3.296103 5.953506
v -4.844873 3.296103 5.953506
v -4.844873 3.316103 5.953506
v -4.837254 3.316103 5.953506
v -4.837254 3.316103 5.953506
v -4.831469 3.316103 5.979896
v -4.831469 3.306103 5.979896
v -4.831469 3.296103 5.979896
v -4.837254 3.296103 5.953506
v -4.819263 3.306103 5.991256
v -4.826376 3.316103 5.986510
v -4.819263 3.316103 5.991256
v -4.819263 3.296103 5.991256
v -4.826376 3.296103 5.986510
v -4.831469 3.306103 5.979896
v -4.831469 3.296103 5.979896
v -4.831469 3.316103 5.979896
v -4.793228 3.296103 5.995416
v -4.806495 3.296103 5.994660
v -4.806495 3.316103 5.994660
v -4.793228 3.316103 5.995416
v -4.819263 3.296103 5.991256
v -4.819263 3.306103 5.991256
v -4.819263 3.316103 5.991256
v -4.731419 3.296103 5.995416
v -4.793228 3.296103 5.995416
v -4.793228 3.316103 5.995416
v -4.731419 3.316103 5.995416
v -4.731419 3.296103 5.902851
v -4.731419 3.296103 5.995416
v -4.731419 3.316103 5.995416
v -4.731419 3.316103 5.902851
v -4.731419 3.316103 5.902851
v -4.733043 3.316103 5.880200
v -4.733043 3.306103 5.880200
v -4.733043 3.296103 5.880200
v -4.731419 3.296103 5.902851
v -4.738828 3.306103 5.873781
v -4.735378 3.316103 5.876512
v -4.738828 3.316103 5.873781
v -4.738828 3.296103 5.873781
v -4.735378 3.296103 5.876512
v -4.733043 3.306103 5.880200
v -4.733043 3.296103 5.880200
v -4.733043 3.316103 5.880200
v -4.754563 3.296103 5.871381
v -4.746535 3.296103 5.871753
v -4.746535 3.316103 5.871753
v -4.754563 3.316103 5.871381
v -4.738828 3.296103 5.873781
v -4.738828 3.306103 5.873781
v -4.738828 3.316103 5.873781
v -4.802048 3.296103 5.871381
v -4.754563 3.296103 5.871381
v -4.754563 3.316103 5.871381
v -4.802048 3.316103 5.871381
v -4.802048 3.316103 5.871381
v -4.836548 3.316103 5.874696
v -4.836548 3.306103 5.874696
v -4.836548 3.296103 5.874696
v -4.802048 3.296103 5.871381
v -4.857153 3.306103 5.887751
v -4.836548 3.306103 5.874696
v -4.836548 3.316103 5.874696
v -4.857153 3.316103 5.887751
v -4.857153 3.296103 5.887751
v -4.836548 3.296103 5.874696
v -4.857153 3.306103 5.887751
v -4.883399 3.316103 5.926415
v -4.883399 3.296103 5.926415
v -4.857153 3.316103 5.887751
v -4.857153 3.296103 5.887751
v -4.891863 3.296103 5.926415
v -4.883399 3.296103 5.926415
v -4.883399 3.316103 5.926415
v -4.891863 3.316103 5.926415
v -4.867663 3.296103 5.856141
v -4.891863 3.296103 5.926415
v -4.891863 3.316103 5.926415
v -4.867663 3.316103 5.856141
v -4.651408 3.296103 5.856141
v -4.867663 3.296103 5.856141
v -4.867663 3.316103 5.856141
v -4.651408 3.316103 5.856141
v -4.651408 3.296103 5.863760
v -4.651408 3.296103 5.856141
v -4.651408 3.316103 5.856141
v -4.651408 3.316103 5.863760
v -4.661358 3.296103 5.863760
v -4.651408 3.296103 5.863760
v -4.651408 3.316103 5.863760
v -4.661358 3.316103 5.863760
v -4.661358 3.316103 5.863760
v -4.680198 3.316103 5.868561
v -4.680198 3.306103 5.868561
v -4.680198 3.296103 5.868561
v -4.661358 3.296103 5.863760
v -4.689229 3.306103 5.878506
v -4.685786 3.316103 5.872673
v -4.689229 3.316103 5.878506
v -4.689229 3.296103 5.878506
v -4.685786 3.296103 5.872673
v -4.680198 3.296103 5.868561
v -4.680198 3.306103 5.868561
v -4.680198 3.316103 5.868561
v -4.689229 3.306103 5.878506
v -4.691628 3.316103 5.905671
v -4.691628 3.296103 5.905671
v -4.689229 3.316103 5.878506
v -4.689229 3.296103 5.878506
v -4.691628 3.296103 6.088130
v -4.691628 3.296103 5.905671
v -4.691628 3.316103 5.905671
v -4.691628 3.316103 6.088130
v -4.686264 3.306103 6.120935
v -4.690135 3.316103 6.110608
v -4.686264 3.316103 6.120935
v -4.686264 3.296103 6.120935
v -4.690135 3.296103 6.110608
v -4.691628 3.316103 6.088130
v -4.691333 3.316103 6.099572
v -4.691333 3.296103 6.099572
v -4.691628 3.296103 6.088130
v -4.661358 3.296103 6.129190
v -4.674739 3.296103 6.127602
v -4.674739 3.316103 6.127602
v -4.661358 3.316103 6.129190
v -4.686264 3.306103 6.120935
v -4.686264 3.296103 6.120935
v -4.686264 3.316103 6.120935
v -4.651408 3.296103 6.129190
v -4.661358 3.296103 6.129190
v -4.661358 3.316103 6.129190
v -4.651408 3.316103 6.129190
v -4.651408 3.296103 6.136811
v -4.651408 3.296103 6.129190
v -4.651408 3.316103 6.129190
v -4.651408 3.316103 6.136811
v -4.867733 3.296103 6.136811
v -4.651408 3.296103 6.136811
v -4.651408 3.316103 6.136811
v -4.867733 3.316103 6.136811
v -4.870698 3.296103 6.075006
v -4.867733 3.296103 6.136811
v -4.867733 3.316103 6.136811
v -4.870698 3.316103 6.075006
v -4.862653 3.296103 6.075006
v -4.870698 3.296103 6.075006
v -4.870698 3.316103 6.075006
v -4.862653 3.316103 6.075006
v -4.862653 3.316103 6.075006
v -4.853058 3.316103 6.105696
v -4.853058 3.306103 6.105696
v -4.853058 3.296103 6.105696
v -4.862653 3.296103 6.075006
v -4.837463 3.306103 6.118465
v -4.846315 3.316103 6.113214
v -4.837463 3.316103 6.118465
v -4.837463 3.296103 6.118465
v -4.846315 3.296103 6.113214
v -4.853058 3.306103 6.105696
v -4.853058 3.296103 6.105696
v -4.853058 3.316103 6.105696
v -4.837463 3.306103 6.118465
v -4.808328 3.316103 6.121571
v -4.808328 3.296103 6.121571
v -4.837463 3.316103 6.118465
v -4.837463 3.296103 6.118465
v -4.731419 3.296103 6.121571
v -4.808328 3.296103 6.121571
v -4.808328 3.316103 6.121571
v -4.731419 3.316103 6.121571
v -4.651408 3.296103 6.129190
v -4.651408 3.296103 6.136811
v -4.661358 3.296103 6.129190
v -4.674739 3.296103 6.127602
v -4.731419 3.296103 6.121571
v -4.686264 3.296103 6.120935
v -4.690135 3.296103 6.110608
v -4.691628 3.296103 6.088130
v -4.691333 3.296103 6.099572
v -4.731419 3.296103 6.010655
v -4.793228 3.296103 5.995416
v -4.731419 3.296103 5.995416
v -4.793228 3.296103 6.010655
v -4.867733 3.296103 6.136811
v -4.691628 3.296103 5.905671
v -4.735378 3.296103 5.876512
v -4.685786 3.296103 5.872673
v -4.689229 3.296103 5.878506
v -4.738828 3.296103 5.873781
v -4.680198 3.296103 5.868561
v -4.651408 3.296103 5.856141
v -4.651408 3.296103 5.863760
v -4.661358 3.296103 5.863760
v -4.746535 3.296103 5.871753
v -4.731419 3.296103 5.902851
v -4.733043 3.296103 5.880200
v -4.754563 3.296103 5.871381
v -4.867663 3.296103 5.856141
v -4.802048 3.296103 5.871381
v -4.837463 3.296103 6.118465
v -4.808328 3.296103 6.121571
v -4.834410 3.296103 6.033322
v -4.831469 3.296103 5.979896
v -4.825258 3.296103 6.017856
v -4.819263 3.296103 5.991256
v -4.810129 3.296103 6.011849
v -4.837254 3.296103 6.051296
v -4.844873 3.296103 6.051296
v -4.853058 3.296103 6.105696
v -4.846315 3.296103 6.113214
v -4.870698 3.296103 6.075006
v -4.862653 3.296103 6.075006
v -4.844873 3.296103 5.953506
v -4.806495 3.296103 5.994660
v -4.826376 3.296103 5.986510
v -4.837254 3.296103 5.953506
v -4.836548 3.296103 5.874696
v -4.857153 3.296103 5.887751
v -4.891863 3.296103 5.926415
v -4.883399 3.296103 5.926415
v -4.990000 3.230000 -0.760000
v -4.990000 3.250000 -0.760000
v -4.490000 3.250000 -0.760000
v -4.490000 3.230000 -0.760000
v -4.990000 3.250000 -0.760000
v -4.990000 3.250000 -0.740000
v -4.490000 3.250000 -0.740000
v -4.490000 3.250000 -0.760000
v -4.990000 3.250000 -0.740000
v -4.990000 3.230000 -0.740000
v -4.490000 3.230000 -0.740000
v -4.490000 3.250000 -0.740000
v -4.990000 3.230000 -0.740000
v -4.990000 3.230000 -0.760000
v -4.490000 3.230000 -0.760000
v -4.490000 3.230000 -0.740000
v -4.990000 3.230000 -0.760000
v -4.990000 3.230000 -0.740000
v -4.990000 3.250000 -0.740000
v -4.990000 3.250000 -0.760000
v -4.490000 3.230000 -0.760000
v -4.490000 3.250000 -0.740000
v -4.490000 3.230000 -0.740000
v -4.490000 3.250000 -0.760000
v -4.510000 3.230000 -0.740000
v -4.510000 3.230000 -0.260000
v -4.510000 3.250000 -0.260000
v -4.510000 3.250000 -0.740000
v -4.510000 3.250000 -0.740000
v -4.510000 3.250000 -0.260000
v -4.490000 3.250000 -0.260000
v -4.490000 3.250000 -0.740000
v -4.490000 3.250000 -0.740000
v -4.490000 3.250000 -0.260000
v -4.490000 3.230000 -0.260000
v -4.490000 3.230000 -0.740000
v -4.490000 3.230000 -0.740000
v -4.490000 3.230000 -0.260000
v -4.510000 3.230000 -0.260000
v -4.510000 3.230000 -0.740000
v -4.490000 3.250000 -0.260000
v -4.510000 3.250000 -0.260000
v -4.510000 3.230000 -0.260000
v -4.490000 3.230000 -0.260000
v -4.651408 3.316103 -0.332390
v -4.661358 3.316103 -0.332390
v -4.651408 3.316103 -0.324770
v -4.674739 3.316103 -0.333979
v -4.731419 3.316103 -0.340010
v -4.686264 3.316103 -0.340645
v -4.690135 3.316103 -0.350973
v -4.691628 3.316103 -0.373450
v -4.691333 3.316103 -0.362008
v -4.731419 3.316103 -0.450925
v -4.793228 3.316103 -0.466165
v -4.793228 3.316103 -0.450925
v -4.731419 3.316103 -0.466165
v -4.867733 3.316103 -0.324770
v -4.691628 3.316103 -0.555910
v -4.735378 3.316103 -0.585069
v -4.689229 3.316103 -0.583075
v -4.685786 3.316103 -0.588908
v -4.738828 3.316103 -0.587800
v -4.680198 3.316103 -0.593020
v -4.651408 3.316103 -0.605440
v -4.661358 3.316103 -0.597820
v -4.651408 3.316103 -0.597820
v -4.746535 3.316103 -0.589828
v -4.733043 3.316103 -0.581380
v -4.731419 3.316103 -0.558730
v -4.754563 3.316103 -0.590200
v -4.867663 3.316103 -0.605440
v -4.802048 3.316103 -0.590200
v -4.808328 3.316103 -0.340010
v -4.837463 3.316103 -0.343115
v -4.834410 3.316103 -0.428258
v -4.825258 3.316103 -0.443725
v -4.831469 3.316103 -0.481685
v -4.819263 3.316103 -0.470325
v -4.810129 3.316103 -0.449732
v -4.844873 3.316103 -0.410285
v -4.837254 3.316103 -0.410285
v -4.853058 3.316103 -0.355885
v -4.846315 3.316103 -0.348366
v -4.870698 3.316103 -0.386575
v -4.862653 3.316103 -0.386575
v -4.844873 3.316103 -0.508075
v -4.806495 3.316103 -0.466921
v -4.826376 3.316103 -0.475070
v -4.837254 3.316103 -0.508075
v -4.857153 3.316103 -0.573830
v -4.836548 3.316103 -0.586885
v -4.891863 3.316103 -0.535165
v -4.883399 3.316103 -0.535165
v -4.731419 3.296103 -0.450925
v -4.731419 3.296103 -0.340010
v -4.731419 3.316103 -0.340010
v -4.731419 3.316103 -0.450925
v -4.793228 3.296103 -0.450925
v -4.731419 3.296103 -0.450925
v -4.731419 3.316103 -0.450925
v -4.793228 3.316103 -0.450925
v -4.810129 3.316103 -0.449732
v -4.825258 3.316103 -0.443725
v -4.825258 3.306103 -0.443725
v -4.810129 3.296103 -0.449732
v -4.825258 3.296103 -0.443725
v -4.793228 3.316103 -0.450925
v -4.793228 3.296103 -0.450925
v -4.837254 3.296103 -0.410285
v -4.834410 3.296103 -0.428258
v -4.834410 3.316103 -0.428258
v -4.837254 3.316103 -0.410285
v -4.825258 3.306103 -0.443725
v -4.825258 3.296103 -0.443725
v -4.825258 3.316103 -0.443725
v -4.844873 3.296103 -0.410285
v -4.837254 3.296103 -0.410285
v -4.837254 3.316103 -0.410285
v -4.844873 3.316103 -0.410285
v -4.844873 3.296103 -0.508075
v -4.844873 3.296103 -0.410285
v -4.844873 3.316103 -0.410285
v -4.844873 3.316103 -0.508075
v -4.837254 3.296103 -0.508075
v -4.844873 3.296103 -0.508075
v -4.844873 3.316103 -0.508075
v -4.837254 3.316103 -0.508075
v -4.837254 3.316103 -0.508075
v -4.831469 3.316103 -0.481685
v -4.831469 3.306103 -0.481685
v -4.831469 3.296103 -0.481685
v -4.837254 3.296103 -0.508075
v -4.819263 3.306103 -0.470325
v -4.826376 3.316103 -0.475070
v -4.819263 3.316103 -0.470325
v -4.819263 3.296103 -0.470325
v -4.826376 3.296103 -0.475070
v -4.831469 3.306103 -0.481685
v -4.831469 3.296103 -0.481685
v -4.831469 3.316103 -0.481685
v -4.793228 3.296103 -0.466165
v -4.806495 3.296103 -0.466921
v -4.806495 3.316103 -0.466921
v -4.793228 3.316103 -0.466165
v -4.819263 3.306103 -0.470325
v -4.819263 3.296103 -0.470325
v -4.819263 3.316103 -0.470325
v -4.731419 3.296103 -0.466165
v -4.793228 3.296103 -0.466165
v -4.793228 3.316103 -0.466165
v -4.731419 3.316103 -0.466165
v -4.731419 3.296103 -0.558730
v -4.731419 3.296103 -0.466165
v -4.731419 3.316103 -0.466165
v -4.731419 3.316103 -0.558730
v -4.731419 3.316103 -0.558730
v -4.733043 3.316103 -0.581380
v -4.733043 3.306103 -0.581380
v -4.733043 3.296103 -0.581380
v -4.731419 3.296103 -0.558730
v -4.738828 3.306103 -0.587800
v -4.735378 3.316103 -0.585069
v -4.738828 3.316103 -0.587800
v -4.738828 3.296103 -0.587800
v -4.735378 3.296103 -0.585069
v -4.733043 3.306103 -0.581380
v -4.733043 3.296103 -0.581380
v -4.733043 3.316103 -0.581380
v -4.754563 3.296103 -0.590200
v -4.746535 3.296103 -0.589828
v -4.746535 3.316103 -0.589828
v -4.754563 3.316103 -0.590200
v -4.738828 3.306103 -0.587800
v -4.738828 3.296103 -0.587800
v -4.738828 3.316103 -0.587800
v -4.802048 3.296103 -0.590200
v -4.754563 3.296103 -0.590200
v -4.754563 3.316103 -0.590200
v -4.802048 3.316103 -0.590200
v -4.802048 3.316103 -0.590200
v -4.836548 3.316103 -0.586885
v -4.836548 3.306103 -0.586885
v -4.836548 3.296103 -0.586885
v -4.802048 3.296103 -0.590200
v -4.857153 3.306103 -0.573830
v -4.836548 3.306103 -0.586885
v -4.836548 3.316103 -0.586885
v -4.857153 3.316103 -0.573830
v -4.857153 3.296103 -0.573830
v -4.836548 3.296103 -0.586885
v -4.857153 3.306103 -0.573830
v -4.883399 3.316103 -0.535165
v -4.883399 3.296103 -0.535165
v -4.857153 3.316103 -0.573830
v -4.857153 3.296103 -0.573830
v -4.891863 3.296103 -0.535165
v -4.883399 3.296103 -0.535165
v -4.883399 3.316103 -0.535165
v -4.891863 3.316103 -0.535165
v -4.867663 3.296103 -0.605440
v -4.891863 3.296103 -0.535165
v -4.891863 3.316103 -0.535165
v -4.867663 3.316103 -0.605440
v -4.651408 3.296103 -0.605440
v -4.867663 3.296103 -0.605440
v -4.867663 3.316103 -0.605440
v -4.651408 3.316103 -0.605440
v -4.651408 3.296103 -0.597820
v -4.651408 3.296103 -0.605440
v -4.651408 3.316103 -0.605440
v -4.651408 3.316103 -0.597820
v -4.661358 3.296103 -0.597820
v -4.651408 3.296103 -0.597820
v -4.651408 3.316103 -0.597820
v -4.661358 3.316103 -0.597820
v -4.661358 3.316103 -0.597820
v -4.680198 3.316103 -0.593020
v -4.680198 3.306103 -0.593020
v -4.680198 3.296103 -0.593020
v -4.661358 3.296103 -0.597820
v -4.689229 3.306103 -0.583075
v -4.685786 3.316103 -0.588908
v -4.689229 3.316103 -0.583075
v -4.689229 3.296103 -0.583075
v -4.685786 3.296103 -0.588908
v -4.680198 3.306103 -0.593020
v -4.680198 3.296103 -0.593020
v -4.680198 3.316103 -0.593020
v -4.689229 3.306103 -0.583075
v -4.691628 3.316103 -0.555910
v -4.691628 3.296103 -0.555910
v -4.689229 3.316103 -0.583075
v -4.689229 3.296103 -0.583075
v -4.691628 3.296103 -0.373450
v -4.691628 3.296103 -0.555910
v -4.691628 3.316103 -0.555910
v -4.691628 3.316103 -0.373450
v -4.686264 3.306103 -0.340645
v -4.690135 3.316103 -0.350973
v -4.686264 3.316103 -0.340645
v -4.686264 3.296103 -0.340645
v -4.690135 3.296103 -0.350973
v -4.691628 3.316103 -0.373450
v -4.691333 3.316103 -0.362008
v -4.691333 3.296103 -0.362008
v -4.691628 3.296103 -0.373450
v -4.661358 3.296103 -0.332390
v -4.674739 3.296103 -0.333979
v -4.674739 3.316103 -0.333979
v -4.661358 3.316103 -0.332390
v -4.686264 3.306103 -0.340645
v -4.686264 3.296103 -0.340645
v -4.686264 3.316103 -0.340645
v -4.651408 3.296103 -0.332390
v -4.661358 3.296103 -0.332390
v -4.661358 3.316103 -0.332390
v -4.651408 3.316103 -0.332390
v -4.651408 3.296103 -0.324770
v -4.651408 3.296103 -0.332390
v -4.651408 3.316103 -0.332390
v -4.651408 3.316103 -0.324770
v -4.867733 3.296103 -0.324770
v -4.651408 3.296103 -0.324770
v -4.651408 3.316103 -0.324770
v -4.867733 3.316103 -0.324770
v -4.870698 3.296103 -0.386575
v -4.867733 3.296103 -0.324770
v -4.867733 3.316103 -0.324770
v -4.870698 3.316103 -0.386575
v -4.862653 3.296103 -0.386575
v -4.870698 3.296103 -0.386575
v -4.870698 3.316103 -0.386575
v -4.862653 3.316103 -0.386575
v -4.862653 3.316103 -0.386575
v -4.853058 3.316103 -0.355885
v -4.853058 3.306103 -0.355885
v -4.853058 3.296103 -0.355885
v -4.862653 3.296103 -0.386575
v -4.837463 3.306103 -0.343115
v -4.846315 3.316103 -0.348366
v -4.837463 3.316103 -0.343115
v -4.837463 3.296103 -0.343115
v -4.846315 3.296103 -0.348366
v -4.853058 3.306103 -0.355885
v -4.853058 3.296103 -0.355885
v -4.853058 3.316103 -0.355885
v -4.837463 3.306103 -0.343115
v -4.808328 3.316103 -0.340010
v -4.808328 3.296103 -0.340010
v -4.837463 3.316103 -0.343115
v -4.837463 3.296103 -0.343115
v -4.731419 3.296103 -0.340010
v -4.808328 3.296103 -0.340010
v -4.808328 3.316103 -0.340010
v -4.731419 3.316103 -0.340010
v -4.651408 3.296103 -0.332390
v -4.651408 3.296103 -0.324770
v -4.661358 3.296103 -0.332390
v -4.674739 3.296103 -0.333979
v -4.731419 3.296103 -0.340010
v -4.686264 3.296103 -0.340645
v -4.690135 3.296103 -0.350973
v -4.691628 3.296103 -0.373450
v -4.691333 3.296103 -0.362008
v -4.731419 3.296103 -0.450925
v -4.793228 3.296103 -0.466165
v -4.731419 3.296103 -0.466165
v -4.793228 3.296103 -0.450925
v -4.867733 3.296103 -0.324770
v -4.691628 3.296103 -0.555910
v -4.735378 3.296103 -0.585069
v -4.685786 3.296103 -0.588908
v -4.689229 3.296103 -0.583075
v -4.738828 3.296103 -0.587800
v -4.680198 3.296103 -0.593020
v -4.651408 3.296103 -0.605440
v -4.651408 3.296103 -0.597820
v -4.661358 3.296103 -0.597820
v -4.746535 3.296103 -0.589828
v -4.731419 3.296103 -0.558730
v -4.733043 3.296103 -0.581380
v -4.754563 3.296103 -0.590200
v -4.867663 3.296103 -0.605440
v -4.802048 3.296103 -0.590200
v -4.837463 3.296103 -0.343115
v -4.808328 3.296103 -0.340010
v -4.834410 3.296103 -0.428258
v -4.831469 3.296103 -0.481685
v -4.825258 3.296103 -0.443725
v -4.819263 3.296103 -0.470325
v -4.810129 3.296103 -0.449732
v -4.837254 3.296103 -0.410285
v -4.844873 3.296103 -0.410285
v -4.853058 3.296103 -0.355885
v -4.846315 3.296103 -0.348366
v -4.870698 3.296103 -0.386575
v -4.862653 3.296103 -0.386575
v -4.844873 3.296103 -0.508075
v -4.806495 3.296103 -0.466921
v -4.826376 3.296103 -0.475070
v -4.837254 3.296103 -0.508075
v -4.836548 3.296103 -0.586885
v -4.857153 3.296103 -0.573830
v -4.891863 3.296103 -0.535165
v -4.883399 3.296103 -0.535165
vt 0.086093 0.043046
vt 0.086093 0.000000
vt 0.254967 0.000000
vt 0.254967 0.043046
vt 0.086093 0.043046
vt 0.086093 0.000000
vt 0.254967 0.000000
vt 0.254967 0.043046
vt 0.086093 0.043046
vt 0.086093 0.000000
vt 0.254967 0.000000
vt 0.254967 0.043046
vt 0.054507 0.675399
vt 0.998535 0.675399
vt 0.998535 0.569529
vt 0.054507 0.569529
vt 0.027254 0.000000
vt 0.027254 0.944028
vt 0.053042 0.944028
vt 0.053042 0.000000
vt 0.054507 0.124036
vt 0.160377 0.124036
vt 0.160377 0.096783
vt 0.054507 0.096783
vt 0.000000 0.000000
vt 0.000000 0.944028
vt 0.025789 0.944028
vt 0.025789 0.000000
vt 0.054507 0.027254
vt 0.160377 0.027254
vt 0.160377 0.000000
vt 0.054507 0.000000
vt 0.054507 0.299435
vt 0.054507 0.193565
vt 0.998535 0.193565
vt 0.998535 0.299435
vt 0.086093 0.718647
vt 0.086093 0.549772
vt 0.998535 0.549772
vt 0.998535 0.718647
vt 0.043046 0.000000
vt 0.084628 0.000000
vt 0.084628 0.912442
vt 0.043046 0.912442
vt 0.086093 0.135865
vt 0.086093 0.092819
vt 0.254967 0.092819
vt 0.254967 0.135865
vt 0.000000 0.000000
vt 0.041582 0.000000
vt 0.041582 0.912442
vt 0.000000 0.912442
vt 0.086093 0.354512
vt 0.998535 0.354512
vt 0.998535 0.185637
vt 0.086093 0.185637
vt 0.086093 0.718647
vt 0.086093 0.549772
vt 0.998535 0.549772
vt 0.998535 0.718647
vt 0.043046 0.000000
vt 0.084628 0.000000
vt 0.084628 0.912442
vt 0.043046 0.912442
vt 0.086093 0.135865
vt 0.086093 0.092819
vt 0.254967 0.092819
vt 0.254967 0.135865
vt 0.000000 0.000000
vt 0.041582 0.000000
vt 0.041582 0.912442
vt 0.000000 0.912442
vt 0.086093 0.354512
vt 0.998535 0.354512
vt 0.998535 0.185637
vt 0.086093 0.185637
vt 0.086093 0.354512
vt 0.998535 0.354512
vt 0.998535 0.185637
vt 0.086093 0.185637
vt 0.000000 0.000000
vt 0.041582 0.000000
vt 0.041582 0.912442
vt 0.000000 0.912442
vt 0.086093 0.135865
vt 0.086093 0.092819
vt 0.254967 0.092819
vt 0.254967 0.135865
vt 0.043046 0.000000
vt 0.084628 0.000000
vt 0.084628 0.912442
vt 0.043046 0.912442
vt 0.086093 0.718647
vt 0.086093 0.549772
vt 0.998535 0.549772
vt 0.998535 0.718647
vt 0.217203 0.933573
vt 0.908382 0.631643
vt 0.998535 0.818139
vt 0.998535 0.836773
vt 0.352433 0.836773
vt 0.311851 0.837471
vt 0.271917 0.842149
vt 0.257622 0.850734
vt 0.247645 0.864430
vt 0.238008 0.933573
vt 0.217203 0.645472
vt 0.238008 0.645472
vt 0.247441 0.715200
vt 0.256537 0.728163
vt 0.269406 0.737291
vt 0.352433 0.743429
vt 0.766217 0.743429
vt 0.821068 0.742609
vt 0.873517 0.737862
vt 0.888109 0.732848
vt 0.900096 0.723462
vt 0.906507 0.711651
vt 0.908573 0.698296
vt 0.891045 0.640096
vt 0.053243 0.000000
vt 0.000000 0.000000
vt 0.053243 0.208032
vt 0.000000 0.208032
vt 0.271911 0.164124
vt 0.217203 0.164124
vt 0.271911 0.182848
vt 0.217203 0.182848
vt 0.215738 0.000000
vt 0.162495 0.000000
vt 0.215738 0.647314
vt 0.162495 0.647314
vt 0.581475 0.109416
vt 0.581475 0.162660
vt 0.632983 0.109416
vt 0.632983 0.162660
vt 0.662526 0.109416
vt 0.662526 0.162660
vt 0.581475 0.136038
vt 0.779534 0.218832
vt 0.779534 0.272076
vt 0.796015 0.218832
vt 0.796015 0.272076
vt 0.813478 0.218832
vt 0.813478 0.272076
vt 0.813478 0.245454
vt 0.779534 0.245454
vt 0.217203 0.109416
vt 0.217203 0.162660
vt 0.287747 0.109416
vt 0.287747 0.162660
vt 0.287747 0.136038
vt 0.271911 0.244942
vt 0.217203 0.244942
vt 0.271911 0.265786
vt 0.217203 0.265786
vt 0.217203 0.000000
vt 0.217203 0.053243
vt 0.506702 0.000000
vt 0.506702 0.053243
vt 0.271911 0.216343
vt 0.217203 0.216343
vt 0.271911 0.237187
vt 0.217203 0.237187
vt 0.581475 0.054708
vt 0.581475 0.107951
vt 0.652610 0.054708
vt 0.652610 0.107951
vt 0.581475 0.081330
vt 0.572532 0.218832
vt 0.572532 0.272076
vt 0.589121 0.218832
vt 0.589121 0.272076
vt 0.604403 0.218832
vt 0.604403 0.272076
vt 0.604403 0.245454
vt 0.572532 0.245454
vt 0.054708 0.000000
vt 0.054708 0.054708
vt 0.138396 0.000000
vt 0.138396 0.054708
vt 0.138396 0.027354
vt 0.217203 0.273541
vt 0.217203 0.326784
vt 0.631763 0.273541
vt 0.631763 0.326784
vt 0.054708 0.467519
vt 0.054708 0.522227
vt 0.120636 0.467519
vt 0.120636 0.522227
vt 0.161030 0.467519
vt 0.161030 0.522227
vt 0.054708 0.494873
vt 0.772690 0.164124
vt 0.772690 0.217368
vt 0.789455 0.164124
vt 0.789455 0.217368
vt 0.803580 0.164124
vt 0.803580 0.217368
vt 0.803580 0.190746
vt 0.772690 0.190746
vt 0.572532 0.164124
vt 0.572532 0.217368
vt 0.585879 0.164124
vt 0.585879 0.217368
vt 0.599732 0.164124
vt 0.599732 0.217368
vt 0.599732 0.190746
vt 0.572532 0.190746
vt 0.217203 0.054708
vt 0.217203 0.107951
vt 0.278700 0.054708
vt 0.278700 0.107951
vt 0.278700 0.081330
vt 0.271911 0.189814
vt 0.217203 0.189814
vt 0.271911 0.209149
vt 0.217203 0.209149
vt 0.217203 0.630178
vt 0.908382 0.328249
vt 0.998535 0.514745
vt 0.998535 0.533378
vt 0.352433 0.533378
vt 0.311851 0.534076
vt 0.271917 0.538754
vt 0.257622 0.547340
vt 0.247645 0.561035
vt 0.238008 0.630178
vt 0.217203 0.342077
vt 0.238008 0.342077
vt 0.247441 0.411806
vt 0.256537 0.424769
vt 0.269406 0.433896
vt 0.352433 0.440035
vt 0.766217 0.440035
vt 0.821068 0.439214
vt 0.873517 0.434468
vt 0.888109 0.429454
vt 0.900096 0.420068
vt 0.906507 0.408256
vt 0.908573 0.394901
vt 0.891045 0.336701
vt 0.217203 0.933573
vt 0.908382 0.631643
vt 0.998535 0.818139
vt 0.998535 0.836773
vt 0.352433 0.836773
vt 0.311851 0.837471
vt 0.271917 0.842149
vt 0.257622 0.850734
vt 0.247645 0.864430
vt 0.238008 0.933573
vt 0.217203 0.645472
vt 0.238008 0.645472
vt 0.239934 0.681477
vt 0.247441 0.715200
vt 0.256537 0.728163
vt 0.269406 0.737291
vt 0.352433 0.743429
vt 0.766217 0.743429
vt 0.873517 0.737862
vt 0.888109 0.732848
vt 0.900096 0.723462
vt 0.906507 0.711651
vt 0.908573 0.698296
vt 0.891045 0.640096
vt 0.053243 0.000000
vt 0.000000 0.000000
vt 0.053243 0.208032
vt 0.000000 0.208032
vt 0.271911 0.164124
vt 0.217203 0.164124
vt 0.271911 0.182848
vt 0.217203 0.182848
vt 0.215738 0.000000
vt 0.162495 0.000000
vt 0.215738 0.647314
vt 0.162495 0.647314
vt 0.581475 0.109416
vt 0.581475 0.162660
vt 0.632983 0.109416
vt 0.632983 0.162660
vt 0.662526 0.109416
vt 0.662526 0.162660
vt 0.581475 0.136038
vt 0.779534 0.218832
vt 0.779534 0.272076
vt 0.796015 0.218832
vt 0.796015 0.272076
vt 0.813478 0.218832
vt 0.813478 0.272076
vt 0.813478 0.245454
vt 0.779534 0.245454
vt 0.217203 0.109416
vt 0.217203 0.162660
vt 0.287747 0.109416
vt 0.287747 0.162660
vt 0.287747 0.136038
vt 0.271911 0.244942
vt 0.217203 0.244942
vt 0.271911 0.265786
vt 0.217203 0.265786
vt 0.217203 0.000000
vt 0.217203 0.053243
vt 0.506702 0.000000
vt 0.506702 0.053243
vt 0.271911 0.216343
vt 0.217203 0.216343
vt 0.271911 0.237187
vt 0.217203 0.237187
vt 0.581475 0.054708
vt 0.581475 0.107951
vt 0.625206 0.054708
vt 0.625206 0.107951
vt 0.652610 0.054708
vt 0.652610 0.107951
vt 0.581475 0.081330
vt 0.572532 0.218832
vt 0.572532 0.272076
vt 0.589121 0.218832
vt 0.589121 0.272076
vt 0.604403 0.218832
vt 0.604403 0.272076
vt 0.604403 0.245454
vt 0.572532 0.245454
vt 0.054708 0.000000
vt 0.054708 0.054708
vt 0.138396 0.000000
vt 0.138396 0.054708
vt 0.138396 0.027354
vt 0.217203 0.273541
vt 0.217203 0.326784
vt 0.631763 0.273541
vt 0.631763 0.326784
vt 0.054708 0.467519
vt 0.054708 0.522227
vt 0.161030 0.467519
vt 0.161030 0.522227
vt 0.054708 0.494873
vt 0.772690 0.164124
vt 0.772690 0.217368
vt 0.789455 0.164124
vt 0.789455 0.217368
vt 0.803580 0.164124
vt 0.803580 0.217368
vt 0.803580 0.190746
vt 0.772690 0.190746
vt 0.572532 0.164124
vt 0.572532 0.217368
vt 0.585879 0.164124
vt 0.585879 0.217368
vt 0.599732 0.164124
vt 0.599732 0.217368
vt 0.599732 0.190746
vt 0.572532 0.190746
vt 0.217203 0.054708
vt 0.217203 0.107951
vt 0.278700 0.054708
vt 0.278700 0.107951
vt 0.278700 0.081330
vt 0.271911 0.189814
vt 0.217203 0.189814
vt 0.271911 0.209149
vt 0.217203 0.209149
vt 0.217203 0.630178
vt 0.908382 0.328249
vt 0.998535 0.514745
vt 0.998535 0.533378
vt 0.352433 0.533378
vt 0.311851 0.534076
vt 0.271917 0.538754
vt 0.257622 0.547340
vt 0.247645 0.561035
vt 0.238008 0.630178
vt 0.217203 0.342077
vt 0.238008 0.342077
vt 0.239934 0.378082
vt 0.247441 0.411806
vt 0.256537 0.424769
vt 0.269406 0.433896
vt 0.352433 0.440035
vt 0.766217 0.440035
vt 0.873517 0.434468
vt 0.888109 0.429454
vt 0.900096 0.420068
vt 0.906507 0.408256
vt 0.908573 0.394901
vt 0.891045 0.336701
vt 0.588892 0.635957
vt 0.998535 0.514911
vt 0.955112 0.635957
vt 0.588892 0.618713
vt 0.709354 0.502445
vt 0.816372 0.377252
vt 0.862426 0.296029
vt 0.882304 0.206026
vt 0.873502 0.152707
vt 0.846055 0.108658
vt 0.806419 0.080078
vt 0.759662 0.070557
vt 0.716142 0.077169
vt 0.677477 0.097058
vt 0.644863 0.131192
vt 0.623579 0.174981
vt 0.606706 0.174981
vt 0.625247 0.104721
vt 0.665608 0.045156
vt 0.720164 0.010822
vt 0.784186 0.000000
vt 0.853111 0.012056
vt 0.910426 0.048768
vt 0.948309 0.101635
vt 0.961046 0.163692
vt 0.939013 0.258394
vt 0.829182 0.415975
vt 0.688260 0.565400
vt 0.848712 0.565400
vt 0.917457 0.561789
vt 0.936159 0.556169
vt 0.953075 0.546745
vt 0.980732 0.514911
vt 0.078398 0.171062
vt 0.078398 0.215508
vt 0.207050 0.171062
vt 0.207050 0.215508
vt 0.176318 0.425482
vt 0.133337 0.425482
vt 0.176318 0.793011
vt 0.133337 0.793011
vt 0.066031 0.000000
vt 0.066031 0.044446
vt 0.083275 0.000000
vt 0.083275 0.044446
vt 0.131873 0.425482
vt 0.088892 0.425482
vt 0.131873 0.616389
vt 0.088892 0.616389
vt 0.131873 0.758344
vt 0.088892 0.758344
vt 0.492184 0.088892
vt 0.447738 0.088892
vt 0.492184 0.190398
vt 0.447738 0.190398
vt 0.492184 0.273861
vt 0.447738 0.273861
vt 0.469961 0.088892
vt 0.078398 0.118931
vt 0.078398 0.163376
vt 0.132443 0.118931
vt 0.132443 0.163376
vt 0.185053 0.118931
vt 0.185053 0.163376
vt 0.185053 0.141154
vt 0.078398 0.141154
vt 0.351031 0.088892
vt 0.306585 0.088892
vt 0.351031 0.137649
vt 0.306585 0.137649
vt 0.351031 0.186428
vt 0.306585 0.186428
vt 0.328808 0.186428
vt 0.328808 0.088892
vt 0.306585 0.000000
vt 0.306585 0.042981
vt 0.350632 0.000000
vt 0.350632 0.042981
vt 0.394730 0.000000
vt 0.394730 0.042981
vt 0.394730 0.021490
vt 0.306585 0.021490
vt 0.306585 0.044446
vt 0.306585 0.087427
vt 0.353126 0.044446
vt 0.353126 0.087427
vt 0.402983 0.044446
vt 0.402983 0.087427
vt 0.402983 0.065936
vt 0.000000 0.000000
vt 0.000000 0.044446
vt 0.016934 0.000000
vt 0.016934 0.044446
vt 0.042981 0.425482
vt 0.000000 0.425482
vt 0.042981 0.503088
vt 0.000000 0.503088
vt 0.042981 0.570913
vt 0.000000 0.570913
vt 0.044446 0.118931
vt 0.000000 0.118931
vt 0.044446 0.182852
vt 0.000000 0.182852
vt 0.044446 0.249511
vt 0.000000 0.249511
vt 0.000000 0.366733
vt 0.000000 0.411179
vt 0.070102 0.366733
vt 0.070102 0.411179
vt 0.139308 0.366733
vt 0.139308 0.411179
vt 0.078398 0.223194
vt 0.078398 0.267640
vt 0.143290 0.223194
vt 0.143290 0.267640
vt 0.207763 0.223194
vt 0.207763 0.267640
vt 0.421608 0.088892
vt 0.377162 0.088892
vt 0.421608 0.186932
vt 0.377162 0.186932
vt 0.000000 0.066799
vt 0.000000 0.111245
vt 0.193073 0.066799
vt 0.193073 0.111245
vt 0.562761 0.000000
vt 0.518315 0.000000
vt 0.562761 0.205770
vt 0.518315 0.205770
vt 0.087427 0.425482
vt 0.044446 0.425482
vt 0.087427 0.586507
vt 0.044446 0.586507
vt 0.131446 0.275325
vt 0.087000 0.275325
vt 0.131446 0.344479
vt 0.087000 0.344479
vt 0.109223 0.275325
vt 0.177720 0.020957
vt 0.133275 0.020957
vt 0.177720 0.040548
vt 0.133275 0.040548
vt 0.177720 0.060040
vt 0.133275 0.060040
vt 0.155497 0.060040
vt 0.155497 0.020957
vt 0.000000 0.275325
vt 0.000000 0.319771
vt 0.042594 0.275325
vt 0.042594 0.319771
vt 0.042594 0.297548
vt 0.177720 0.000000
vt 0.133275 0.000000
vt 0.177720 0.017867
vt 0.133275 0.017867
vt 0.177783 0.909818
vt 0.587427 0.789050
vt 0.544003 0.909818
vt 0.177783 0.892613
vt 0.298245 0.776613
vt 0.405263 0.651709
vt 0.451317 0.570672
vt 0.471196 0.480877
vt 0.462394 0.427681
vt 0.434947 0.383733
vt 0.395311 0.355219
vt 0.348554 0.345720
vt 0.305033 0.352317
vt 0.266368 0.372159
vt 0.233755 0.406216
vt 0.212471 0.449904
vt 0.195598 0.449904
vt 0.214139 0.379805
vt 0.254499 0.320378
vt 0.309055 0.286123
vt 0.373078 0.275325
vt 0.442002 0.287354
vt 0.499318 0.323981
vt 0.537201 0.376727
vt 0.549938 0.438641
vt 0.527905 0.533124
vt 0.418073 0.690342
vt 0.277152 0.839424
vt 0.437604 0.839424
vt 0.506348 0.835821
vt 0.525051 0.830214
vt 0.541966 0.820811
vt 0.569623 0.789050
vt 0.626920 0.142299
vt 0.699490 0.037096
vt 0.750199 0.008774
vt 0.808679 0.000000
vt 0.876957 0.011875
vt 0.932388 0.052523
vt 0.956640 0.092352
vt 0.965121 0.136380
vt 0.950837 0.194986
vt 0.916892 0.245232
vt 0.872973 0.288163
vt 0.925129 0.316013
vt 0.966807 0.357626
vt 0.990908 0.407746
vt 0.998535 0.463669
vt 0.984624 0.545192
vt 0.943020 0.614960
vt 0.849577 0.679389
vt 0.733586 0.698301
vt 0.685548 0.695512
vt 0.641272 0.681361
vt 0.629384 0.671663
vt 0.620403 0.659641
vt 0.616803 0.645105
vt 0.619861 0.631280
vt 0.628439 0.619870
vt 0.641403 0.611572
vt 0.656460 0.608861
vt 0.681766 0.612919
vt 0.719917 0.631215
vt 0.740449 0.641642
vt 0.761093 0.650027
vt 0.780310 0.654253
vt 0.800248 0.655610
vt 0.848333 0.645431
vt 0.888162 0.616317
vt 0.916337 0.573334
vt 0.925631 0.523479
vt 0.908253 0.447066
vt 0.896054 0.424565
vt 0.880065 0.404891
vt 0.852279 0.384476
vt 0.821512 0.368803
vt 0.784124 0.356801
vt 0.745570 0.352716
vt 0.729699 0.352716
vt 0.729699 0.337469
vt 0.769894 0.327519
vt 0.808177 0.309173
vt 0.840562 0.284954
vt 0.865212 0.253096
vt 0.883103 0.181100
vt 0.875674 0.136400
vt 0.851207 0.098600
vt 0.814598 0.074711
vt 0.771557 0.067086
vt 0.720662 0.077416
vt 0.676239 0.108143
vt 0.643293 0.150270
vt 0.301030 0.118741
vt 0.301030 0.165297
vt 0.430179 0.118741
vt 0.430179 0.165297
vt 0.301030 0.142019
vt 0.427995 0.000000
vt 0.379973 0.000000
vt 0.427995 0.057036
vt 0.379973 0.057036
vt 0.427995 0.117276
vt 0.379973 0.117276
vt 0.403984 0.117276
vt 0.403984 0.000000
vt 0.585976 0.118741
vt 0.537955 0.118741
vt 0.585976 0.191935
vt 0.537955 0.191935
vt 0.585976 0.258385
vt 0.537955 0.258385
vt 0.561966 0.258385
vt 0.561966 0.118741
vt 0.148365 0.000000
vt 0.100343 0.000000
vt 0.148365 0.046766
vt 0.100343 0.046766
vt 0.148365 0.091996
vt 0.100343 0.091996
vt 0.124354 0.091996
vt 0.124354 0.000000
vt 0.000000 0.206896
vt 0.000000 0.254917
vt 0.050700 0.206896
vt 0.050700 0.254917
vt 0.111154 0.206896
vt 0.111154 0.254917
vt 0.183341 0.206896
vt 0.183341 0.254917
vt 0.183341 0.230907
vt 0.000000 0.230907
vt 0.585881 0.000000
vt 0.537859 0.000000
vt 0.585881 0.061487
vt 0.537859 0.061487
vt 0.585881 0.117276
vt 0.537859 0.117276
vt 0.561870 0.117276
vt 0.561870 0.000000
vt 0.349052 0.000000
vt 0.301030 0.000000
vt 0.349052 0.055108
vt 0.301030 0.055108
vt 0.349052 0.112547
vt 0.301030 0.112547
vt 0.325041 0.112547
vt 0.325041 0.000000
vt 0.048022 0.000000
vt 0.000000 0.000000
vt 0.048022 0.082423
vt 0.000000 0.082423
vt 0.048022 0.164911
vt 0.000000 0.164911
vt 0.024011 0.164911
vt 0.000000 0.844723
vt 0.000000 0.892745
vt 0.110584 0.844723
vt 0.110584 0.892745
vt 0.232140 0.844723
vt 0.232140 0.892745
vt 0.000000 0.868734
vt 0.248709 0.000000
vt 0.200687 0.000000
vt 0.248709 0.056548
vt 0.200687 0.056548
vt 0.248709 0.095382
vt 0.200687 0.095382
vt 0.224698 0.095382
vt 0.224698 0.000000
vt 0.059239 0.728340
vt 0.059239 0.776361
vt 0.076774 0.728340
vt 0.076774 0.776361
vt 0.091977 0.728340
vt 0.091977 0.776361
vt 0.104848 0.728340
vt 0.104848 0.776361
vt 0.104848 0.752350
vt 0.059239 0.752350
vt 0.301030 0.166762
vt 0.301030 0.213319
vt 0.314995 0.166762
vt 0.314995 0.213319
vt 0.329692 0.166762
vt 0.329692 0.213319
vt 0.329692 0.190041
vt 0.301030 0.190041
vt 0.360225 0.166762
vt 0.360225 0.213319
vt 0.375540 0.166762
vt 0.375540 0.213319
vt 0.391199 0.166762
vt 0.391199 0.213319
vt 0.391199 0.190041
vt 0.360225 0.190041
vt 0.506938 0.078001
vt 0.458916 0.078001
vt 0.506938 0.103826
vt 0.458916 0.103826
vt 0.482927 0.103826
vt 0.482927 0.078001
vt 0.248709 0.157441
vt 0.200687 0.157441
vt 0.248709 0.199918
vt 0.200687 0.199918
vt 0.224698 0.199918
vt 0.224698 0.157441
vt 0.000000 0.728340
vt 0.000000 0.776361
vt 0.027596 0.728340
vt 0.027596 0.776361
vt 0.045481 0.728340
vt 0.045481 0.776361
vt 0.045481 0.752350
vt 0.000000 0.752350
vt 0.248709 0.111050
vt 0.200687 0.111050
vt 0.248709 0.130692
vt 0.200687 0.130692
vt 0.248709 0.150896
vt 0.200687 0.150896
vt 0.224698 0.150896
vt 0.224698 0.111050
vt 0.101529 0.262806
vt 0.101529 0.310827
vt 0.150319 0.262806
vt 0.150319 0.310827
vt 0.201007 0.262806
vt 0.201007 0.310827
vt 0.201007 0.286817
vt 0.101529 0.286817
vt 0.101529 0.379189
vt 0.101529 0.427211
vt 0.152734 0.379189
vt 0.152734 0.427211
vt 0.204336 0.379189
vt 0.204336 0.427211
vt 0.204336 0.403200
vt 0.101529 0.403200
vt 0.000000 0.379189
vt 0.000000 0.427211
vt 0.079029 0.379189
vt 0.079029 0.427211
vt 0.079029 0.403200
vt 0.000000 0.403200
vt 0.424197 0.166762
vt 0.424197 0.213319
vt 0.452150 0.166762
vt 0.452150 0.213319
vt 0.475289 0.166762
vt 0.475289 0.213319
vt 0.475289 0.190041
vt 0.424197 0.190041
vt 0.424197 0.214784
vt 0.424197 0.261341
vt 0.455986 0.214784
vt 0.455986 0.261341
vt 0.493480 0.214784
vt 0.493480 0.261341
vt 0.493480 0.238062
vt 0.424197 0.238062
vt 0.000000 0.262806
vt 0.000000 0.310827
vt 0.039442 0.262806
vt 0.039442 0.310827
vt 0.078455 0.262806
vt 0.078455 0.310827
vt 0.078455 0.286817
vt 0.506938 0.024053
vt 0.458916 0.024053
vt 0.506938 0.039984
vt 0.458916 0.039984
vt 0.506938 0.000000
vt 0.458916 0.000000
vt 0.506938 0.015247
vt 0.458916 0.015247
vt 0.118644 0.611956
vt 0.118644 0.659978
vt 0.159687 0.611956
vt 0.159687 0.659978
vt 0.202931 0.611956
vt 0.202931 0.659978
vt 0.118644 0.635967
vt 0.148365 0.111050
vt 0.100343 0.111050
vt 0.148365 0.153746
vt 0.100343 0.153746
vt 0.148365 0.192180
vt 0.100343 0.192180
vt 0.124354 0.192180
vt 0.124354 0.111050
vt 0.301030 0.214784
vt 0.301030 0.261341
vt 0.376044 0.214784
vt 0.376044 0.261341
vt 0.376044 0.238062
vt 0.301030 0.238062
vt 0.000000 0.611956
vt 0.000000 0.659978
vt 0.047085 0.611956
vt 0.047085 0.659978
vt 0.091006 0.611956
vt 0.091006 0.659978
vt 0.091006 0.635967
vt 0.000000 0.635967
vt 0.118644 0.728340
vt 0.118644 0.776361
vt 0.162061 0.728340
vt 0.162061 0.776361
vt 0.206907 0.728340
vt 0.206907 0.776361
vt 0.206907 0.752350
vt 0.118644 0.752350
vt 0.000000 0.495573
vt 0.000000 0.543594
vt 0.047816 0.495573
vt 0.047816 0.543594
vt 0.104069 0.495573
vt 0.104069 0.543594
vt 0.160645 0.495573
vt 0.160645 0.543594
vt 0.160645 0.519584
vt 0.506938 0.049185
vt 0.458916 0.049185
vt 0.506938 0.067451
vt 0.458916 0.067451
vt 0.243723 0.404806
vt 0.316292 0.299824
vt 0.367001 0.271562
vt 0.425482 0.262806
vt 0.493760 0.274655
vt 0.549190 0.315219
vt 0.573443 0.354964
vt 0.581923 0.398900
vt 0.567639 0.457383
vt 0.533695 0.507524
vt 0.489776 0.550365
vt 0.541931 0.578156
vt 0.583609 0.619682
vt 0.607710 0.669696
vt 0.615338 0.725502
vt 0.601427 0.806854
vt 0.559822 0.876476
vt 0.466380 0.940769
vt 0.350389 0.959642
vt 0.302350 0.956858
vt 0.258074 0.942738
vt 0.246187 0.933060
vt 0.237206 0.921063
vt 0.233605 0.906558
vt 0.236663 0.892762
vt 0.245242 0.881376
vt 0.258206 0.873095
vt 0.273263 0.870390
vt 0.298569 0.874439
vt 0.336719 0.892697
vt 0.357251 0.903102
vt 0.377895 0.911470
vt 0.397113 0.915687
vt 0.417051 0.917040
vt 0.465136 0.906883
vt 0.504964 0.877829
vt 0.533140 0.834937
vt 0.542433 0.785187
vt 0.525056 0.708934
vt 0.512856 0.686481
vt 0.496868 0.666847
vt 0.469081 0.646475
vt 0.438314 0.630835
vt 0.400927 0.618859
vt 0.362372 0.614782
vt 0.346502 0.614782
vt 0.346502 0.599567
vt 0.386696 0.589638
vt 0.424980 0.571330
vt 0.457365 0.547162
vt 0.482014 0.515371
vt 0.499905 0.443526
vt 0.492476 0.398919
vt 0.468010 0.361199
vt 0.431401 0.337360
vt 0.388360 0.329751
vt 0.337464 0.340059
vt 0.293041 0.370722
vt 0.260095 0.412761
vt 0.040000 0.720000
vt 0.998535 0.720000
vt 0.998535 0.760000
vt 0.040000 0.760000
vt 0.040000 0.480000
vt 0.998535 0.480000
vt 0.998535 0.520000
vt 0.040000 0.520000
vt 0.040000 0.240000
vt 0.998535 0.240000
vt 0.998535 0.280000
vt 0.040000 0.280000
vt 0.000000 0.958535
vt 0.000000 0.000000
vt 0.038535 0.000000
vt 0.038535 0.958535
vt 0.040000 0.000000
vt 0.040000 0.040000
vt 0.080000 0.040000
vt 0.080000 0.000000
vt 0.000000 0.000000
vt 0.208333 0.000000
vt 0.208333 1.000000
vt 0.000000 1.000000
vt 0.208333 0.000000
vt 0.416666 0.000000
vt 0.416666 1.000000
vt 0.208333 1.000000
vt 0.416666 0.000000
vt 0.624999 0.000000
vt 0.624999 1.000000
vt 0.416666 1.000000
vt 0.624999 0.000000
vt 0.833333 0.000000
vt 0.833333 1.000000
vt 0.624999 1.000000
vt 1.000000 0.040000
vt 0.833333 0.040000
vt 0.833333 0.000000
vt 1.000000 0.000000
vt 1.000000 0.960000
vt 0.833333 1.000000
vt 0.833333 0.960000
vt 1.000000 1.000000
vt 0.040000 0.720000
vt 0.998535 0.720000
vt 0.998535 0.760000
vt 0.040000 0.760000
vt 0.000000 0.958535
vt 0.000000 0.000000
vt 0.038535 0.000000
vt 0.038535 0.958535
vt 0.040000 0.480000
vt 0.998535 0.480000
vt 0.998535 0.520000
vt 0.040000 0.520000
vt 0.040000 0.240000
vt 0.998535 0.240000
vt 0.998535 0.280000
vt 0.040000 0.280000
vt 0.040000 0.000000
vt 0.040000 0.040000
vt 0.080000 0.040000
vt 0.080000 0.000000
vt 0.000000 0.000000
vt 0.208333 0.000000
vt 0.208333 1.000000
vt 0.000000 1.000000
vt 0.208333 0.000000
vt 0.416666 0.000000
vt 0.416666 1.000000
vt 0.208333 1.000000
vt 0.416666 0.000000
vt 0.624999 0.000000
vt 0.624999 1.000000
vt 0.416666 1.000000
vt 0.624999 0.000000
vt 0.833333 0.000000
vt 0.833333 1.000000
vt 0.624999 1.000000
vt 1.000000 0.040000
vt 0.833333 0.040000
vt 0.833333 0.000000
vt 1.000000 0.000000
vt 1.000000 0.960000
vt 0.833333 1.000000
vt 0.833333 0.960000
vt 1.000000 1.000000
vt 0.042964 0.095842
vt 0.064017 0.100040
vt 0.095548 0.078821
vt 0.084598 0.107911
vt 0.026718 0.038867
vt 0.032265 0.098710
vt 0.159567 0.140013
vt 0.185561 0.151243
vt 0.489541 0.247676
vt 0.378711 0.234281
vt 0.159567 0.325889
vt 0.185561 0.315154
vt 0.023708 0.106337
vt 0.017700 0.020628
vt 0.000000 0.000000
vt 0.012997 0.000000
vt 0.000000 0.151363
vt 0.015826 0.128123
vt 0.012997 0.151363
vt 0.489541 0.259625
vt 0.091335 0.426555
vt 0.042359 0.368503
vt 0.091454 0.354381
vt 0.031449 0.365987
vt 0.029004 0.463130
vt 0.000000 0.319739
vt 0.022505 0.358486
vt 0.015281 0.340080
vt 0.012997 0.319739
vt 0.000000 0.508994
vt 0.017259 0.484679
vt 0.012997 0.508994
vt 0.630082 0.312233
vt 0.815959 0.312233
vt 0.815959 0.278360
vt 0.630082 0.278360
vt 0.491006 0.000000
vt 0.491006 0.081760
vt 0.525220 0.081760
vt 0.525220 0.000000
vt 0.597768 0.104966
vt 0.572088 0.104966
vt 0.572088 0.122073
vt 0.597768 0.139180
vt 0.572088 0.139180
vt 0.615797 0.104966
vt 0.615797 0.139180
vt 0.773860 0.129699
vt 0.790967 0.140575
vt 0.790967 0.129699
vt 0.756753 0.129699
vt 0.756753 0.140575
vt 0.773860 0.152488
vt 0.756753 0.152488
vt 0.790967 0.152488
vt 0.630082 0.382908
vt 0.648256 0.382908
vt 0.648256 0.349035
vt 0.630082 0.349035
vt 0.676878 0.382908
vt 0.676878 0.365971
vt 0.676878 0.349035
vt 0.756753 0.083804
vt 0.756753 0.096840
vt 0.790967 0.096840
vt 0.790967 0.083804
vt 0.715858 0.382908
vt 0.867221 0.382908
vt 0.867221 0.349035
vt 0.715858 0.349035
vt 0.877514 0.034214
vt 0.890550 0.034214
vt 0.890550 0.000000
vt 0.877514 0.000000
vt 0.597118 0.000000
vt 0.572088 0.000000
vt 0.572088 0.017107
vt 0.597118 0.034214
vt 0.572088 0.034214
vt 0.613790 0.000000
vt 0.613790 0.034214
vt 0.491006 0.418246
vt 0.571234 0.418246
vt 0.571234 0.401871
vt 0.491006 0.385496
vt 0.571234 0.385496
vt 0.491006 0.242681
vt 0.920742 0.242681
vt 0.920742 0.209932
vt 0.491006 0.209932
vt 0.756753 0.034214
vt 0.768703 0.034214
vt 0.768703 0.000000
vt 0.756753 0.000000
vt 0.491006 0.276895
vt 0.923885 0.276895
vt 0.923885 0.244146
vt 0.491006 0.244146
vt 0.600565 0.349817
vt 0.600565 0.278360
vt 0.583458 0.278360
vt 0.566351 0.278360
vt 0.566351 0.349817
vt 0.630082 0.418246
vt 0.652819 0.418246
vt 0.652819 0.384373
vt 0.630082 0.384373
vt 0.679564 0.401309
vt 0.679564 0.418246
vt 0.679564 0.384373
vt 0.836110 0.034214
vt 0.849146 0.034214
vt 0.849146 0.000000
vt 0.836110 0.000000
vt 0.675671 0.000000
vt 0.675671 0.189255
vt 0.709885 0.189255
vt 0.709885 0.000000
vt 0.794707 0.034214
vt 0.807742 0.034214
vt 0.807742 0.000000
vt 0.794707 0.000000
vt 0.514879 0.307763
vt 0.491006 0.307763
vt 0.491006 0.324870
vt 0.514879 0.341977
vt 0.491006 0.341977
vt 0.531454 0.307763
vt 0.531454 0.341977
vt 0.508113 0.278360
vt 0.525220 0.290012
vt 0.525220 0.278360
vt 0.491006 0.278360
vt 0.491006 0.290012
vt 0.508113 0.301476
vt 0.491006 0.301476
vt 0.525220 0.301476
vt 0.837835 0.083804
vt 0.837835 0.135297
vt 0.854943 0.135297
vt 0.872050 0.083804
vt 0.872050 0.135297
vt 0.491006 0.384032
vt 0.565026 0.384032
vt 0.565026 0.351282
vt 0.491006 0.351282
vt 0.918918 0.000000
vt 0.918918 0.208467
vt 0.953132 0.208467
vt 0.953132 0.000000
vt 0.630082 0.347570
vt 0.840857 0.347570
vt 0.840857 0.313697
vt 0.630082 0.313697
vt 0.715858 0.418246
vt 0.879769 0.418246
vt 0.879769 0.384373
vt 0.715858 0.384373
vt 0.586572 0.866287
vt 0.569600 0.813704
vt 0.590758 0.845235
vt 0.598607 0.824654
vt 0.529761 0.882533
vt 0.589432 0.876987
vt 0.641814 0.723691
vt 0.630616 0.749684
vt 0.737969 0.419710
vt 0.724613 0.530540
vt 0.815957 0.749684
vt 0.805253 0.723691
vt 0.597037 0.885544
vt 0.491006 0.909252
vt 0.511574 0.891552
vt 0.491006 0.896255
vt 0.641933 0.909252
vt 0.618760 0.893426
vt 0.641933 0.896255
vt 0.749884 0.419710
vt 0.916334 0.817917
vt 0.858448 0.866893
vt 0.844367 0.817797
vt 0.952803 0.880248
vt 0.855940 0.877803
vt 0.809825 0.909252
vt 0.830107 0.893971
vt 0.848461 0.886746
vt 0.809825 0.896255
vt 0.998535 0.909252
vt 0.974290 0.891993
vt 0.998535 0.896255
vt 0.042964 0.095842
vt 0.064017 0.100040
vt 0.095548 0.078821
vt 0.084598 0.107911
vt 0.026718 0.038867
vt 0.032265 0.098710
vt 0.159567 0.140013
vt 0.185561 0.151243
vt 0.489541 0.247676
vt 0.378711 0.234281
vt 0.159567 0.325889
vt 0.185561 0.315154
vt 0.023708 0.106337
vt 0.017700 0.020628
vt 0.000000 0.000000
vt 0.012997 0.000000
vt 0.000000 0.151363
vt 0.015826 0.128123
vt 0.012997 0.151363
vt 0.489541 0.259625
vt 0.091335 0.426555
vt 0.042359 0.368503
vt 0.091454 0.354381
vt 0.031449 0.365987
vt 0.029004 0.463130
vt 0.000000 0.319739
vt 0.022505 0.358486
vt 0.015281 0.340080
vt 0.012997 0.319739
vt 0.000000 0.508994
vt 0.017259 0.484679
vt 0.012997 0.508994
vt 0.630082 0.312233
vt 0.815959 0.312233
vt 0.815959 0.278360
vt 0.630082 0.278360
vt 0.491006 0.000000
vt 0.491006 0.081760
vt 0.525220 0.081760
vt 0.525220 0.000000
vt 0.597768 0.104966
vt 0.572088 0.104966
vt 0.572088 0.122073
vt 0.597768 0.139180
vt 0.572088 0.139180
vt 0.615797 0.104966
vt 0.615797 0.139180
vt 0.773860 0.129699
vt 0.790967 0.140575
vt 0.790967 0.129699
vt 0.756753 0.129699
vt 0.756753 0.140575
vt 0.756753 0.152488
vt 0.773860 0.152488
vt 0.790967 0.152488
vt 0.630082 0.382908
vt 0.648256 0.382908
vt 0.648256 0.349035
vt 0.630082 0.349035
vt 0.676878 0.382908
vt 0.676878 0.365971
vt 0.676878 0.349035
vt 0.756753 0.083804
vt 0.756753 0.096840
vt 0.790967 0.096840
vt 0.790967 0.083804
vt 0.715858 0.382908
vt 0.867221 0.382908
vt 0.867221 0.349035
vt 0.715858 0.349035
vt 0.877514 0.034214
vt 0.890550 0.034214
vt 0.890550 0.000000
vt 0.877514 0.000000
vt 0.597118 0.000000
vt 0.572088 0.000000
vt 0.572088 0.017107
vt 0.597118 0.034214
vt 0.572088 0.034214
vt 0.613790 0.000000
vt 0.613790 0.034214
vt 0.571234 0.401871
vt 0.491006 0.385496
vt 0.491006 0.418246
vt 0.571234 0.385496
vt 0.571234 0.418246
vt 0.491006 0.242681
vt 0.920742 0.242681
vt 0.920742 0.209932
vt 0.491006 0.209932
vt 0.756753 0.034214
vt 0.768703 0.034214
vt 0.768703 0.000000
vt 0.756753 0.000000
vt 0.491006 0.276895
vt 0.923885 0.276895
vt 0.923885 0.244146
vt 0.491006 0.244146
vt 0.600565 0.349817
vt 0.600565 0.278360
vt 0.583458 0.278360
vt 0.566351 0.278360
vt 0.566351 0.349817
vt 0.630082 0.418246
vt 0.652819 0.418246
vt 0.652819 0.384373
vt 0.630082 0.384373
vt 0.679564 0.418246
vt 0.679564 0.401309
vt 0.679564 0.384373
vt 0.836110 0.034214
vt 0.849146 0.034214
vt 0.849146 0.000000
vt 0.836110 0.000000
vt 0.675671 0.000000
vt 0.675671 0.189255
vt 0.709885 0.189255
vt 0.709885 0.000000
vt 0.794707 0.034214
vt 0.807742 0.034214
vt 0.807742 0.000000
vt 0.794707 0.000000
vt 0.514879 0.307763
vt 0.491006 0.307763
vt 0.491006 0.324870
vt 0.514879 0.341977
vt 0.491006 0.341977
vt 0.531454 0.307763
vt 0.531454 0.341977
vt 0.508113 0.278360
vt 0.525220 0.290012
vt 0.525220 0.278360
vt 0.491006 0.278360
vt 0.491006 0.290012
vt 0.508113 0.301476
vt 0.491006 0.301476
vt 0.525220 0.301476
vt 0.854943 0.135297
vt 0.872050 0.083804
vt 0.837835 0.083804
vt 0.872050 0.135297
vt 0.837835 0.135297
vt 0.491006 0.384032
vt 0.565026 0.384032
vt 0.565026 0.351282
vt 0.491006 0.351282
vt 0.918918 0.000000
vt 0.918918 0.208467
vt 0.953132 0.208467
vt 0.953132 0.000000
vt 0.630082 0.347570
vt 0.840857 0.347570
vt 0.840857 0.313697
vt 0.630082 0.313697
vt 0.715858 0.418246
vt 0.879769 0.418246
vt 0.879769 0.384373
vt 0.715858 0.384373
vt 0.586572 0.866287
vt 0.569600 0.813704
vt 0.590758 0.845235
vt 0.598607 0.824654
vt 0.529761 0.882533
vt 0.589432 0.876987
vt 0.641814 0.723691
vt 0.630616 0.749684
vt 0.737969 0.419710
vt 0.724613 0.530540
vt 0.815957 0.749684
vt 0.805253 0.723691
vt 0.597037 0.885544
vt 0.491006 0.909252
vt 0.511574 0.891552
vt 0.491006 0.896255
vt 0.641933 0.909252
vt 0.618760 0.893426
vt 0.641933 0.896255
vt 0.749884 0.419710
vt 0.916334 0.817917
vt 0.858448 0.866893
vt 0.844367 0.817797
vt 0.952803 0.880248
vt 0.855940 0.877803
vt 0.809825 0.909252
vt 0.830107 0.893971
vt 0.848461 0.886746
vt 0.809825 0.896255
vt 0.998535 0.909252
vt 0.974290 0.891993
vt 0.998535 0.896255
vt 0.040000 0.720000
vt 0.998535 0.720000
vt 0.998535 0.760000
vt 0.040000 0.760000
vt 0.040000 0.240000
vt 0.998535 0.240000
vt 0.998535 0.280000
vt 0.040000 0.280000
vt 0.040000 0.480000
vt 0.998535 0.480000
vt 0.998535 0.520000
vt 0.040000 0.520000
vt 0.000000 0.958535
vt 0.000000 0.000000
vt 0.038535 0.000000
vt 0.038535 0.958535
vt 0.040000 0.000000
vt 0.040000 0.040000
vt 0.080000 0.040000
vt 0.080000 0.000000
vt 0.000000 0.000000
vt 0.208333 0.000000
vt 0.208333 1.000000
vt 0.000000 1.000000
vt 0.208333 0.000000
vt 0.416666 0.000000
vt 0.416666 1.000000
vt 0.208333 1.000000
vt 0.416666 0.000000
vt 0.624999 0.000000
vt 0.624999 1.000000
vt 0.416666 1.000000
vt 0.624999 0.000000
vt 0.833333 0.000000
vt 0.833333 1.000000
vt 0.624999 1.000000
vt 1.000000 0.040000
vt 0.833333 0.040000
vt 0.833333 0.000000
vt 1.000000 0.000000
vt 1.000000 0.960000
vt 0.833333 1.000000
vt 0.833333 0.960000
vt 1.000000 1.000000
vt 0.040000 0.720000
vt 0.998535 0.720000
vt 0.998535 0.760000
vt 0.040000 0.760000
vt 0.000000 0.958535
vt 0.000000 0.000000
vt 0.038535 0.000000
vt 0.038535 0.958535
vt 0.040000 0.480000
vt 0.998535 0.480000
vt 0.998535 0.520000
vt 0.040000 0.520000
vt 0.040000 0.240000
vt 0.998535 0.240000
vt 0.998535 0.280000
vt 0.040000 0.280000
vt 0.040000 0.000000
vt 0.040000 0.040000
vt 0.080000 0.040000
vt 0.080000 0.000000
vt 0.000000 0.000000
vt 0.208333 0.000000
vt 0.208333 1.000000
vt 0.000000 1.000000
vt 0.208333 0.000000
vt 0.416666 0.000000
vt 0.416666 1.000000
vt 0.208333 1.000000
vt 0.416666 0.000000
vt 0.624999 0.000000
vt 0.624999 1.000000
vt 0.416666 1.000000
vt 0.624999 0.000000
vt 0.833333 0.000000
vt 0.833333 1.000000
vt 0.624999 1.000000
vt 1.000000 0.040000
vt 0.833333 0.040000
vt 0.833333 0.000000
vt 1.000000 0.000000
vt 1.000000 0.960000
vt 0.833333 1.000000
vt 0.833333 0.960000
vt 1.000000 1.000000
vt 0.531863 0.014162
vt 0.551215 0.014162
vt 0.531863 0.000000
vt 0.575683 0.017931
vt 0.680099 0.034355
vt 0.595393 0.031075
vt 0.603083 0.049774
vt 0.605713 0.070375
vt 0.755922 0.000000
vt 0.748992 0.025964
vt 0.806084 0.032497
vt 0.856441 0.009181
vt 0.680099 0.233804
vt 0.606379 0.092053
vt 0.747816 0.266718
vt 0.752392 0.239184
vt 0.712392 0.237865
vt 0.693597 0.268428
vt 0.839711 0.282850
vt 0.680099 0.270129
vt 0.680099 0.483739
vt 0.597616 0.486750
vt 0.585268 0.498862
vt 0.606379 0.429582
vt 0.605088 0.458791
vt 0.551215 0.507473
vt 0.531863 0.507473
vt 0.531863 0.521635
vt 0.569091 0.505571
vt 0.776709 0.521635
vt 0.707297 0.267508
vt 0.724037 0.491486
vt 0.768075 0.494101
vt 0.824312 0.487669
vt 0.904263 0.026863
vt 0.857099 0.058089
vt 0.880716 0.085783
vt 0.880628 0.255177
vt 0.861140 0.211949
vt 0.836441 0.227113
vt 0.879452 0.190137
vt 0.919771 0.237161
vt 0.950559 0.209280
vt 0.892349 0.156190
vt 0.892955 0.119504
vt 0.944028 0.058219
vt 0.966723 0.096144
vt 0.974227 0.139130
vt 0.968274 0.176379
vt 0.870672 0.301072
vt 0.961416 0.292152
vt 0.893699 0.327037
vt 0.906331 0.355166
vt 0.923734 0.268391
vt 0.906900 0.505243
vt 0.874218 0.462757
vt 0.901578 0.427758
vt 0.944604 0.484449
vt 0.989353 0.331758
vt 0.910698 0.385386
vt 0.998535 0.378704
vt 0.974089 0.453315
vt 0.992179 0.417634
vt 0.475375 0.715573
vt 0.493227 0.765106
vt 0.493227 0.715573
vt 0.457522 0.715573
vt 0.457522 0.765106
vt 0.475375 0.805742
vt 0.493227 0.805742
vt 0.457522 0.805742
vt 0.017853 0.567385
vt 0.035706 0.615604
vt 0.035706 0.567385
vt 0.000000 0.567385
vt 0.000000 0.615604
vt 0.017853 0.664415
vt 0.000000 0.664415
vt 0.035706 0.664415
vt 0.109383 0.468137
vt 0.127968 0.507188
vt 0.127968 0.468137
vt 0.090797 0.468137
vt 0.090797 0.507188
vt 0.109383 0.547923
vt 0.127968 0.547923
vt 0.090797 0.547923
vt 0.372691 0.621913
vt 0.415324 0.604060
vt 0.372691 0.604060
vt 0.372691 0.639766
vt 0.415324 0.639766
vt 0.459126 0.621913
vt 0.459126 0.604060
vt 0.459126 0.639766
vt 0.391276 0.600401
vt 0.409861 0.468137
vt 0.372691 0.468137
vt 0.409861 0.600401
vt 0.372691 0.600401
vt 0.223024 0.845508
vt 0.468639 0.845508
vt 0.468639 0.809802
vt 0.223024 0.809802
vt 0.255387 0.505308
vt 0.269549 0.505308
vt 0.269549 0.468137
vt 0.255387 0.468137
vt 0.287749 0.491923
vt 0.287749 0.511335
vt 0.324920 0.511335
vt 0.324920 0.491923
vt 0.260195 0.762687
vt 0.278604 0.744102
vt 0.260195 0.744102
vt 0.260195 0.781273
vt 0.278604 0.781273
vt 0.311889 0.744102
vt 0.296264 0.744102
vt 0.296264 0.781273
vt 0.311889 0.781273
vt 0.297857 0.606800
vt 0.297857 0.629326
vt 0.335028 0.629326
vt 0.335028 0.606800
vt 0.316443 0.665236
vt 0.297857 0.665236
vt 0.335028 0.665236
vt 0.185853 0.468137
vt 0.185853 0.805665
vt 0.221559 0.805665
vt 0.221559 0.468137
vt 0.313354 0.734158
vt 0.341798 0.715573
vt 0.313354 0.715573
vt 0.313354 0.752743
vt 0.341798 0.752743
vt 0.376265 0.715573
vt 0.360761 0.715573
vt 0.360761 0.752743
vt 0.376265 0.752743
vt 0.260195 0.715573
vt 0.283302 0.715573
vt 0.283302 0.678402
vt 0.260195 0.678402
vt 0.309152 0.696987
vt 0.309152 0.678402
vt 0.309152 0.715573
vt 0.287749 0.468137
vt 0.287749 0.487549
vt 0.324920 0.487549
vt 0.324920 0.468137
vt 0.223024 0.505308
vt 0.237186 0.505308
vt 0.237186 0.468137
vt 0.223024 0.468137
vt 0.148683 0.567385
vt 0.148683 0.792147
vt 0.184389 0.792147
vt 0.184389 0.567385
vt 0.037171 0.567385
vt 0.037171 0.668862
vt 0.072877 0.668862
vt 0.072877 0.567385
vt 0.258730 0.732775
vt 0.258730 0.678402
vt 0.240877 0.678402
vt 0.223024 0.732775
vt 0.223024 0.678402
vt 0.258730 0.780698
vt 0.223024 0.780698
vt 0.372691 0.659084
vt 0.416725 0.641231
vt 0.372691 0.641231
vt 0.372691 0.676937
vt 0.416725 0.676937
vt 0.461034 0.659084
vt 0.461034 0.676937
vt 0.461034 0.641231
vt 0.063984 0.468137
vt 0.082569 0.505697
vt 0.082569 0.468137
vt 0.045399 0.468137
vt 0.045399 0.505697
vt 0.063984 0.543594
vt 0.082569 0.543594
vt 0.045399 0.543594
vt 0.420848 0.547572
vt 0.461650 0.529719
vt 0.420848 0.529719
vt 0.420848 0.565425
vt 0.461650 0.565425
vt 0.505987 0.547572
vt 0.505987 0.565425
vt 0.505987 0.529719
vt 0.313354 0.799858
vt 0.381715 0.799858
vt 0.381715 0.762687
vt 0.313354 0.762687
vt 0.083268 0.667110
vt 0.092194 0.667110
vt 0.092194 0.617247
vt 0.083268 0.617247
vt 0.101121 0.667110
vt 0.101121 0.617247
vt 0.092194 0.567385
vt 0.110047 0.567385
vt 0.074341 0.567385
vt 0.110047 0.766834
vt 0.074341 0.766834
vt 0.439433 0.468137
vt 0.458018 0.482926
vt 0.458018 0.468137
vt 0.420848 0.468137
vt 0.420848 0.482926
vt 0.439433 0.494778
vt 0.420848 0.494778
vt 0.458018 0.494778
vt 0.120439 0.727593
vt 0.129365 0.727593
vt 0.129365 0.674191
vt 0.120439 0.674191
vt 0.129365 0.620788
vt 0.120439 0.620788
vt 0.138291 0.674191
vt 0.138291 0.620788
vt 0.138291 0.727593
vt 0.147218 0.567385
vt 0.147218 0.780996
vt 0.129365 0.567385
vt 0.111512 0.567385
vt 0.129365 0.780996
vt 0.111512 0.780996
vt 0.507473 0.000000
vt 0.521635 0.000000
vt 0.507473 0.019352
vt 0.503704 0.043820
vt 0.487280 0.148236
vt 0.490560 0.063530
vt 0.451260 0.073850
vt 0.471860 0.071220
vt 0.521635 0.224059
vt 0.495671 0.217129
vt 0.489138 0.274221
vt 0.512454 0.324578
vt 0.287831 0.148236
vt 0.429582 0.074516
vt 0.254917 0.215953
vt 0.283770 0.180529
vt 0.282451 0.220529
vt 0.253207 0.161734
vt 0.238785 0.307848
vt 0.251506 0.148236
vt 0.037896 0.148236
vt 0.022773 0.053405
vt 0.034885 0.065753
vt 0.062844 0.073225
vt 0.092053 0.074516
vt 0.014162 0.019352
vt 0.000000 0.000000
vt 0.014162 0.000000
vt 0.016064 0.037228
vt 0.000000 0.244846
vt 0.254127 0.175434
vt 0.030149 0.192174
vt 0.027534 0.236212
vt 0.033965 0.292449
vt 0.494772 0.372400
vt 0.435852 0.348853
vt 0.463546 0.325236
vt 0.266458 0.348765
vt 0.294522 0.304578
vt 0.309685 0.329277
vt 0.331498 0.347589
vt 0.284474 0.387908
vt 0.312355 0.418696
vt 0.365445 0.360486
vt 0.402131 0.361092
vt 0.463416 0.412165
vt 0.425491 0.434860
vt 0.382505 0.442364
vt 0.345256 0.436411
vt 0.220563 0.338809
vt 0.229483 0.429553
vt 0.166469 0.374468
vt 0.194598 0.361836
vt 0.253244 0.391871
vt 0.016392 0.375037
vt 0.058878 0.342355
vt 0.093877 0.369715
vt 0.037186 0.412741
vt 0.189876 0.457490
vt 0.136249 0.378835
vt 0.142931 0.466672
vt 0.068320 0.442226
vt 0.104001 0.460316
vt 0.223024 0.598425
vt 0.275061 0.598425
vt 0.275061 0.561255
vt 0.223024 0.561255
vt 0.338546 0.579840
vt 0.338546 0.598425
vt 0.338546 0.561255
vt 0.313354 0.696255
vt 0.342374 0.678402
vt 0.313354 0.678402
vt 0.342374 0.714108
vt 0.372946 0.714108
vt 0.372946 0.678402
vt 0.313354 0.714108
vt 0.459447 0.696255
vt 0.459447 0.678402
vt 0.412313 0.678402
vt 0.412313 0.714108
vt 0.459447 0.714108
vt 0.241609 0.606800
vt 0.260195 0.635822
vt 0.260195 0.606800
vt 0.223024 0.606800
vt 0.223024 0.635822
vt 0.241609 0.664605
vt 0.223024 0.664605
vt 0.260195 0.664605
vt 0.420848 0.584743
vt 0.506536 0.584743
vt 0.506536 0.566890
vt 0.420848 0.566890
vt 0.420848 0.602596
vt 0.506536 0.602596
vt 0.136196 0.486722
vt 0.176353 0.486722
vt 0.176353 0.468137
vt 0.136196 0.468137
vt 0.136196 0.505308
vt 0.176353 0.505308
vt 0.439433 0.496242
vt 0.439433 0.528254
vt 0.458018 0.528254
vt 0.458018 0.496242
vt 0.420848 0.496242
vt 0.420848 0.528254
vt 0.136196 0.536346
vt 0.176854 0.536346
vt 0.176854 0.517761
vt 0.136196 0.517761
vt 0.136196 0.554932
vt 0.176854 0.554932
vt 0.512545 0.715573
vt 0.512545 0.808337
vt 0.530398 0.808337
vt 0.530398 0.715573
vt 0.494692 0.715573
vt 0.494692 0.808337
vt 0.018585 0.468137
vt 0.037171 0.502254
vt 0.037171 0.468137
vt 0.000000 0.468137
vt 0.000000 0.502254
vt 0.018585 0.539191
vt 0.000000 0.539191
vt 0.037171 0.539191
vt 0.494941 0.468137
vt 0.513526 0.497726
vt 0.513526 0.468137
vt 0.476355 0.468137
vt 0.476355 0.497726
vt 0.494941 0.528254
vt 0.476355 0.528254
vt 0.513526 0.528254
vt 0.401033 0.715573
vt 0.418886 0.759829
vt 0.418886 0.715573
vt 0.383180 0.715573
vt 0.383180 0.759829
vt 0.401033 0.804094
vt 0.418886 0.804094
vt 0.383180 0.804094
vt 0.223024 0.534294
vt 0.285081 0.515709
vt 0.223024 0.515709
vt 0.223024 0.552880
vt 0.285081 0.552880
vt 0.336361 0.534294
vt 0.336361 0.552880
vt 0.336361 0.515709
vt 0.438204 0.715573
vt 0.456057 0.760453
vt 0.456057 0.715573
vt 0.420351 0.715573
vt 0.420351 0.760453
vt 0.438204 0.804627
vt 0.420351 0.804627
vt 0.456057 0.804627
vt 0.000000 0.027149
vt 0.000000 0.000000
vt 0.041467 0.027149
vt 0.096572 0.035257
vt 0.317645 0.065860
vt 0.136134 0.059572
vt 0.153793 0.100859
vt 0.146436 0.075926
vt 0.480120 0.000000
vt 0.465272 0.049774
vt 0.599269 0.065201
vt 0.695516 0.017601
vt 0.317645 0.448213
vt 0.159676 0.176471
vt 0.462751 0.511312
vt 0.386843 0.455998
vt 0.472557 0.458528
vt 0.375926 0.512826
vt 0.659666 0.542238
vt 0.317645 0.517850
vt 0.317645 0.927352
vt 0.140898 0.933124
vt 0.155014 0.892850
vt 0.123352 0.950470
vt 0.041467 0.972851
vt 0.000000 1.000000
vt 0.000000 0.972851
vt 0.100949 0.962888
vt 0.524664 1.000000
vt 0.159676 0.823529
vt 0.506164 0.947216
vt 0.803641 0.968575
vt 0.637647 0.932162
vt 0.756548 0.179481
vt 0.696925 0.111359
vt 0.803963 0.054417
vt 0.705776 0.406171
vt 0.747345 0.489187
vt 0.652659 0.435387
vt 0.897195 0.401201
vt 0.744824 0.364503
vt 0.768520 0.314731
vt 0.883201 0.111608
vt 0.931732 0.184073
vt 0.776465 0.260430
vt 0.947913 0.266719
vt 0.834351 0.452836
vt 0.935268 0.337828
vt 0.728326 0.578840
vt 0.775354 0.626946
vt 0.848396 0.517941
vt 0.920460 0.560071
vt 0.802708 0.681746
vt 0.733609 0.887127
vt 0.792234 0.820040
vt 0.885409 0.928041
vt 0.980083 0.635491
vt 0.811779 0.738804
vt 1.000000 0.725995
vt 0.947615 0.869028
vt 0.986938 0.799115
vt 0.531863 0.014162
vt 0.551215 0.014162
vt 0.531863 0.000000
vt 0.575683 0.017931
vt 0.680099 0.034355
vt 0.595393 0.031075
vt 0.603083 0.049774
vt 0.605713 0.070375
vt 0.755922 0.000000
vt 0.748992 0.025964
vt 0.806084 0.032497
vt 0.856441 0.009181
vt 0.680099 0.233804
vt 0.606379 0.092053
vt 0.747816 0.266718
vt 0.752392 0.239184
vt 0.712392 0.237865
vt 0.693597 0.268428
vt 0.839711 0.282850
vt 0.680099 0.270129
vt 0.680099 0.483739
vt 0.597616 0.486750
vt 0.585268 0.498862
vt 0.606379 0.429582
vt 0.605088 0.458791
vt 0.551215 0.507473
vt 0.531863 0.507473
vt 0.531863 0.521635
vt 0.569091 0.505571
vt 0.776709 0.521635
vt 0.707297 0.267508
vt 0.724037 0.491486
vt 0.768075 0.494101
vt 0.824312 0.487669
vt 0.904263 0.026863
vt 0.857099 0.058089
vt 0.880716 0.085783
vt 0.880628 0.255177
vt 0.861140 0.211949
vt 0.836441 0.227113
vt 0.879452 0.190137
vt 0.919771 0.237161
vt 0.950559 0.209280
vt 0.892349 0.156190
vt 0.892955 0.119504
vt 0.944028 0.058219
vt 0.966723 0.096144
vt 0.974227 0.139130
vt 0.968274 0.176379
vt 0.870672 0.301072
vt 0.961416 0.292152
vt 0.893699 0.327037
vt 0.906331 0.355166
vt 0.923734 0.268391
vt 0.906900 0.505243
vt 0.874218 0.462757
vt 0.901578 0.427758
vt 0.944604 0.484449
vt 0.989353 0.331758
vt 0.910698 0.385386
vt 0.998535 0.378704
vt 0.974089 0.453315
vt 0.992179 0.417634
vt 0.475375 0.715573
vt 0.493227 0.765106
vt 0.493227 0.715573
vt 0.457522 0.715573
vt 0.457522 0.765106
vt 0.475375 0.805742
vt 0.457522 0.805742
vt 0.493227 0.805742
vt 0.017853 0.567385
vt 0.035706 0.615604
vt 0.035706 0.567385
vt 0.000000 0.567385
vt 0.000000 0.615604
vt 0.017853 0.664415
vt 0.000000 0.664415
vt 0.035706 0.664415
vt 0.109383 0.468137
vt 0.127968 0.507188
vt 0.127968 0.468137
vt 0.090797 0.468137
vt 0.090797 0.507188
vt 0.109383 0.547923
vt 0.090797 0.547923
vt 0.127968 0.547923
vt 0.372691 0.621913
vt 0.415324 0.604060
vt 0.372691 0.604060
vt 0.372691 0.639766
vt 0.415324 0.639766
vt 0.459126 0.621913
vt 0.459126 0.604060
vt 0.459126 0.639766
vt 0.391276 0.600401
vt 0.409861 0.468137
vt 0.372691 0.468137
vt 0.409861 0.600401
vt 0.372691 0.600401
vt 0.223024 0.845508
vt 0.468639 0.845508
vt 0.468639 0.809802
vt 0.223024 0.809802
vt 0.255387 0.505308
vt 0.269549 0.505308
vt 0.269549 0.468137
vt 0.255387 0.468137
vt 0.287749 0.491923
vt 0.287749 0.511335
vt 0.324920 0.511335
vt 0.324920 0.491923
vt 0.260195 0.762687
vt 0.278604 0.744102
vt 0.260195 0.744102
vt 0.260195 0.781273
vt 0.278604 0.781273
vt 0.311889 0.744102
vt 0.296264 0.744102
vt 0.296264 0.781273
vt 0.311889 0.781273
vt 0.297857 0.606800
vt 0.297857 0.629326
vt 0.335028 0.629326
vt 0.335028 0.606800
vt 0.316443 0.665236
vt 0.297857 0.665236
vt 0.335028 0.665236
vt 0.185853 0.468137
vt 0.185853 0.805665
vt 0.221559 0.805665
vt 0.221559 0.468137
vt 0.313354 0.734158
vt 0.341798 0.715573
vt 0.313354 0.715573
vt 0.313354 0.752743
vt 0.341798 0.752743
vt 0.376265 0.715573
vt 0.360761 0.715573
vt 0.360761 0.752743
vt 0.376265 0.752743
vt 0.260195 0.715573
vt 0.283302 0.715573
vt 0.283302 0.678402
vt 0.260195 0.678402
vt 0.309152 0.696987
vt 0.309152 0.678402
vt 0.309152 0.715573
vt 0.287749 0.468137
vt 0.287749 0.487549
vt 0.324920 0.487549
vt 0.324920 0.468137
vt 0.223024 0.505308
vt 0.237186 0.505308
vt 0.237186 0.468137
vt 0.223024 0.468137
vt 0.148683 0.567385
vt 0.148683 0.792147
vt 0.184389 0.792147
vt 0.184389 0.567385
vt 0.037171 0.567385
vt 0.037171 0.668862
vt 0.072877 0.668862
vt 0.072877 0.567385
vt 0.258730 0.732775
vt 0.258730 0.678402
vt 0.240877 0.678402
vt 0.223024 0.732775
vt 0.223024 0.678402
vt 0.258730 0.780698
vt 0.223024 0.780698
vt 0.372691 0.659084
vt 0.416725 0.641231
vt 0.372691 0.641231
vt 0.372691 0.676937
vt 0.416725 0.676937
vt 0.461034 0.659084
vt 0.461034 0.641231
vt 0.461034 0.676937
vt 0.063984 0.468137
vt 0.082569 0.505697
vt 0.082569 0.468137
vt 0.045399 0.468137
vt 0.045399 0.505697
vt 0.063984 0.543594
vt 0.045399 0.543594
vt 0.082569 0.543594
vt 0.420848 0.547572
vt 0.461650 0.529719
vt 0.420848 0.529719
vt 0.420848 0.565425
vt 0.461650 0.565425
vt 0.505987 0.547572
vt 0.505987 0.565425
vt 0.505987 0.529719
vt 0.313354 0.799858
vt 0.381715 0.799858
vt 0.381715 0.762687
vt 0.313354 0.762687
vt 0.083268 0.667110
vt 0.092194 0.667110
vt 0.092194 0.617247
vt 0.083268 0.617247
vt 0.101121 0.667110
vt 0.101121 0.617247
vt 0.092194 0.567385
vt 0.110047 0.567385
vt 0.074341 0.567385
vt 0.110047 0.766834
vt 0.074341 0.766834
vt 0.439433 0.468137
vt 0.458018 0.482926
vt 0.458018 0.468137
vt 0.420848 0.468137
vt 0.420848 0.482926
vt 0.439433 0.494778
vt 0.458018 0.494778
vt 0.420848 0.494778
vt 0.120439 0.727593
vt 0.129365 0.727593
vt 0.129365 0.674191
vt 0.120439 0.674191
vt 0.129365 0.620788
vt 0.120439 0.620788
vt 0.138291 0.674191
vt 0.138291 0.620788
vt 0.138291 0.727593
vt 0.147218 0.567385
vt 0.147218 0.780996
vt 0.129365 0.567385
vt 0.111512 0.567385
vt 0.129365 0.780996
vt 0.111512 0.780996
vt 0.507473 0.000000
vt 0.521635 0.000000
vt 0.507473 0.019352
vt 0.503704 0.043820
vt 0.487280 0.148236
vt 0.490560 0.063530
vt 0.451260 0.073850
vt 0.471860 0.071220
vt 0.521635 0.224059
vt 0.495671 0.217129
vt 0.489138 0.274221
vt 0.512454 0.324578
vt 0.287831 0.148236
vt 0.429582 0.074516
vt 0.254917 0.215953
vt 0.283770 0.180529
vt 0.282451 0.220529
vt 0.253207 0.161734
vt 0.238785 0.307848
vt 0.251506 0.148236
vt 0.037896 0.148236
vt 0.022773 0.053405
vt 0.034885 0.065753
vt 0.062844 0.073225
vt 0.092053 0.074516
vt 0.014162 0.019352
vt 0.000000 0.000000
vt 0.014162 0.000000
vt 0.016064 0.037228
vt 0.000000 0.244846
vt 0.254127 0.175434
vt 0.030149 0.192174
vt 0.027534 0.236212
vt 0.033965 0.292449
vt 0.494772 0.372400
vt 0.435852 0.348853
vt 0.463546 0.325236
vt 0.266458 0.348765
vt 0.294522 0.304578
vt 0.309685 0.329277
vt 0.331498 0.347589
vt 0.284474 0.387908
vt 0.312355 0.418696
vt 0.365445 0.360486
vt 0.402131 0.361092
vt 0.463416 0.412165
vt 0.425491 0.434860
vt 0.382505 0.442364
vt 0.345256 0.436411
vt 0.220563 0.338809
vt 0.229483 0.429553
vt 0.166469 0.374468
vt 0.194598 0.361836
vt 0.253244 0.391871
vt 0.016392 0.375037
vt 0.058878 0.342355
vt 0.093877 0.369715
vt 0.037186 0.412741
vt 0.189876 0.457490
vt 0.136249 0.378835
vt 0.142931 0.466672
vt 0.068320 0.442226
vt 0.104001 0.460316
vt 0.223024 0.598425
vt 0.275061 0.598425
vt 0.275061 0.561255
vt 0.223024 0.561255
vt 0.338546 0.579840
vt 0.338546 0.598425
vt 0.338546 0.561255
vt 0.313354 0.696255
vt 0.342374 0.678402
vt 0.313354 0.678402
vt 0.342374 0.714108
vt 0.372946 0.714108
vt 0.372946 0.678402
vt 0.313354 0.714108
vt 0.459447 0.696255
vt 0.459447 0.678402
vt 0.412313 0.678402
vt 0.412313 0.714108
vt 0.459447 0.714108
vt 0.241609 0.606800
vt 0.260195 0.635822
vt 0.260195 0.606800
vt 0.223024 0.606800
vt 0.223024 0.635822
vt 0.241609 0.664605
vt 0.223024 0.664605
vt 0.260195 0.664605
vt 0.420848 0.584743
vt 0.506536 0.584743
vt 0.506536 0.566890
vt 0.420848 0.566890
vt 0.420848 0.602596
vt 0.506536 0.602596
vt 0.136196 0.486722
vt 0.176353 0.486722
vt 0.176353 0.468137
vt 0.136196 0.468137
vt 0.136196 0.505308
vt 0.176353 0.505308
vt 0.439433 0.496242
vt 0.439433 0.528254
vt 0.458018 0.528254
vt 0.458018 0.496242
vt 0.420848 0.496242
vt 0.420848 0.528254
vt 0.136196 0.536346
vt 0.176854 0.536346
vt 0.176854 0.517761
vt 0.136196 0.517761
vt 0.136196 0.554932
vt 0.176854 0.554932
vt 0.512545 0.715573
vt 0.512545 0.808337
vt 0.530398 0.808337
vt 0.530398 0.715573
vt 0.494692 0.715573
vt 0.494692 0.808337
vt 0.018585 0.468137
vt 0.037171 0.502254
vt 0.037171 0.468137
vt 0.000000 0.468137
vt 0.000000 0.502254
vt 0.018585 0.539191
vt 0.000000 0.539191
vt 0.037171 0.539191
vt 0.494941 0.468137
vt 0.513526 0.497726
vt 0.513526 0.468137
vt 0.476355 0.468137
vt 0.476355 0.497726
vt 0.494941 0.528254
vt 0.476355 0.528254
vt 0.513526 0.528254
vt 0.401033 0.715573
vt 0.418886 0.759829
vt 0.418886 0.715573
vt 0.383180 0.715573
vt 0.383180 0.759829
vt 0.401033 0.804094
vt 0.383180 0.804094
vt 0.418886 0.804094
vt 0.223024 0.534294
vt 0.285081 0.515709
vt 0.223024 0.515709
vt 0.223024 0.552880
vt 0.285081 0.552880
vt 0.336361 0.534294
vt 0.336361 0.552880
vt 0.336361 0.515709
vt 0.438204 0.715573
vt 0.456057 0.760453
vt 0.456057 0.715573
vt 0.420351 0.715573
vt 0.420351 0.760453
vt 0.438204 0.804627
vt 0.420351 0.804627
vt 0.456057 0.804627
vt 0.000000 0.027149
vt 0.000000 0.000000
vt 0.041467 0.027149
vt 0.096572 0.035257
vt 0.317645 0.065860
vt 0.136134 0.059572
vt 0.153793 0.100859
vt 0.146436 0.075926
vt 0.480120 0.000000
vt 0.465272 0.049774
vt 0.599269 0.065201
vt 0.695516 0.017601
vt 0.317645 0.448213
vt 0.159676 0.176471
vt 0.462751 0.511312
vt 0.386843 0.455998
vt 0.472557 0.458528
vt 0.375926 0.512826
vt 0.659666 0.542238
vt 0.317645 0.517850
vt 0.317645 0.927352
vt 0.140898 0.933124
vt 0.155014 0.892850
vt 0.123352 0.950470
vt 0.041467 0.972851
vt 0.000000 1.000000
vt 0.000000 0.972851
vt 0.100949 0.962888
vt 0.524664 1.000000
vt 0.159676 0.823529
vt 0.506164 0.947216
vt 0.803641 0.968575
vt 0.637647 0.932162
vt 0.756548 0.179481
vt 0.696925 0.111359
vt 0.803963 0.054417
vt 0.705776 0.406171
vt 0.747345 0.489187
vt 0.652659 0.435387
vt 0.897195 0.401201
vt 0.744824 0.364503
vt 0.768520 0.314731
vt 0.883201 0.111608
vt 0.931732 0.184073
vt 0.776465 0.260430
vt 0.947913 0.266719
vt 0.834351 0.452836
vt 0.935268 0.337828
vt 0.728326 0.578840
vt 0.775354 0.626946
vt 0.848396 0.517941
vt 0.920460 0.560071
vt 0.802708 0.681746
vt 0.733609 0.887127
vt 0.792234 0.820040
vt 0.885409 0.928041
vt 0.980083 0.635491
vt 0.811779 0.738804
vt 1.000000 0.725995
vt 0.947615 0.869028
vt 0.986938 0.799115
vt 1.000000 0.960000
vt 0.833333 1.000000
vt 0.833333 0.960000
vt 1.000000 1.000000
vt 1.000000 0.040000
vt 0.833333 0.040000
vt 0.833333 0.000000
vt 1.000000 0.000000
vt 0.624999 0.000000
vt 0.833333 0.000000
vt 0.833333 1.000000
vt 0.624999 1.000000
vt 0.416666 0.000000
vt 0.624999 0.000000
vt 0.624999 1.000000
vt 0.416666 1.000000
vt 0.208333 0.000000
vt 0.416666 0.000000
vt 0.416666 1.000000
vt 0.208333 1.000000
vt 0.000000 0.000000
vt 0.208333 0.000000
vt 0.208333 1.000000
vt 0.000000 1.000000
vt 0.040000 0.000000
vt 0.040000 0.040000
vt 0.080000 0.040000
vt 0.080000 0.000000
vt 0.000000 0.958535
vt 0.000000 0.000000
vt 0.038535 0.000000
vt 0.038535 0.958535
vt 0.040000 0.480000
vt 0.998535 0.480000
vt 0.998535 0.520000
vt 0.040000 0.520000
vt 0.040000 0.240000
vt 0.998535 0.240000
vt 0.998535 0.280000
vt 0.040000 0.280000
vt 0.040000 0.720000
vt 0.998535 0.720000
vt 0.998535 0.760000
vt 0.040000 0.760000
vt 0.000000 0.000000
vt 0.208333 0.000000
vt 0.208333 1.000000
vt 0.000000 1.000000
vt 0.208333 0.000000
vt 0.416666 0.000000
vt 0.416666 1.000000
vt 0.208333 1.000000
vt 0.416666 0.000000
vt 0.624999 0.000000
vt 0.624999 1.000000
vt 0.416666 1.000000
vt 0.624999 0.000000
vt 0.833333 0.000000
vt 0.833333 1.000000
vt 0.624999 1.000000
vt 1.000000 0.040000
vt 0.833333 0.040000
vt 0.833333 0.000000
vt 1.000000 0.000000
vt 1.000000 0.960000
vt 0.833333 1.000000
vt 0.833333 0.960000
vt 1.000000 1.000000
vt 0.040000 0.720000
vt 0.998535 0.720000
vt 0.998535 0.760000
vt 0.040000 0.760000
vt 0.040000 0.240000
vt 0.998535 0.240000
vt 0.998535 0.280000
vt 0.040000 0.280000
vt 0.040000 0.480000
vt 0.998535 0.480000
vt 0.998535 0.520000
vt 0.040000 0.520000
vt 0.000000 0.958535
vt 0.000000 0.000000
vt 0.038535 0.000000
vt 0.038535 0.958535
vt 0.040000 0.000000
vt 0.040000 0.040000
vt 0.080000 0.040000
vt 0.080000 0.000000
vt 0.517116 0.510799
vt 0.498495 0.497305
vt 0.498495 0.510799
vt 0.540572 0.514392
vt 0.640185 0.535662
vt 0.559476 0.526914
vt 0.700537 0.497305
vt 0.640185 0.746758
vt 0.569720 0.585016
vt 0.566698 0.544724
vt 0.569112 0.564348
vt 0.677306 0.528059
vt 0.534400 0.979012
vt 0.498495 0.994335
vt 0.720282 0.994335
vt 0.517116 0.980841
vt 0.498495 0.980841
vt 0.549992 0.972521
vt 0.640185 0.957855
vt 0.569720 0.906624
vt 0.568576 0.934237
vt 0.561725 0.960724
vt 0.715032 0.525037
vt 0.787086 0.502038
vt 0.793397 0.539289
vt 0.858723 0.584387
vt 0.869844 0.522540
vt 0.901469 0.657101
vt 0.923043 0.557017
vt 0.990095 0.671985
vt 0.963179 0.606877
vt 0.914577 0.746572
vt 0.836695 0.978227
vt 0.858723 0.908377
vt 0.795640 0.953143
vt 0.718033 0.968099
vt 0.935562 0.916620
vt 0.983137 0.837487
vt 0.998535 0.743199
vt 0.901868 0.834358
vt 0.498495 0.015362
vt 0.498495 0.028896
vt 0.534017 0.028896
vt 0.534017 0.015362
vt 0.579062 0.066245
vt 0.597737 0.066245
vt 0.597737 0.030724
vt 0.579062 0.030724
vt 0.561516 0.355218
vt 0.579277 0.373564
vt 0.579277 0.355218
vt 0.543755 0.355218
vt 0.543755 0.373564
vt 0.579277 0.406521
vt 0.579277 0.391087
vt 0.543755 0.391087
vt 0.543755 0.406521
vt 0.498495 0.420672
vt 0.498495 0.441721
vt 0.534017 0.441721
vt 0.534017 0.420672
vt 0.498495 0.476071
vt 0.516256 0.476071
vt 0.534017 0.476071
vt 0.589015 0.495840
vt 0.911571 0.495840
vt 0.911571 0.461783
vt 0.589015 0.461783
vt 0.561516 0.420672
vt 0.579277 0.448023
vt 0.579277 0.420672
vt 0.543755 0.420672
vt 0.543755 0.448023
vt 0.579277 0.480737
vt 0.579277 0.466034
vt 0.543755 0.466034
vt 0.543755 0.480737
vt 0.498495 0.355218
vt 0.498495 0.377365
vt 0.534017 0.377365
vt 0.534017 0.355218
vt 0.516256 0.402124
vt 0.498495 0.402124
vt 0.534017 0.402124
vt 0.498495 0.066245
vt 0.517170 0.066245
vt 0.517170 0.030724
vt 0.498495 0.030724
vt 0.498495 0.000000
vt 0.498495 0.013534
vt 0.534017 0.013534
vt 0.534017 0.000000
vt 0.498495 0.318231
vt 0.701129 0.318231
vt 0.701129 0.284174
vt 0.498495 0.284174
vt 0.498495 0.211666
vt 0.596337 0.211666
vt 0.596337 0.177609
vt 0.498495 0.177609
vt 0.671279 0.177609
vt 0.671279 0.211666
vt 0.589015 0.389275
vt 0.652039 0.389275
vt 0.652039 0.355218
vt 0.589015 0.355218
vt 0.717314 0.355218
vt 0.717314 0.389275
vt 0.589015 0.424796
vt 0.658963 0.424796
vt 0.658963 0.390739
vt 0.589015 0.390739
vt 0.732038 0.390739
vt 0.732038 0.424796
vt 0.498495 0.282709
vt 0.594282 0.282709
vt 0.594282 0.248652
vt 0.498495 0.248652
vt 0.687996 0.248652
vt 0.687996 0.282709
vt 0.589015 0.460318
vt 0.696756 0.460318
vt 0.696756 0.426261
vt 0.589015 0.426261
vt 0.825565 0.426261
vt 0.825565 0.460318
vt 0.498495 0.140622
vt 0.720932 0.140622
vt 0.720932 0.106565
vt 0.498495 0.106565
vt 0.659629 0.017028
vt 0.695006 0.000000
vt 0.659629 0.000000
vt 0.659629 0.034057
vt 0.695006 0.034057
vt 0.735640 0.017028
vt 0.735640 0.034057
vt 0.735640 0.000000
vt 0.869002 0.345239
vt 0.869002 0.336724
vt 0.816073 0.336724
vt 0.816073 0.345239
vt 0.869002 0.328210
vt 0.816073 0.328210
vt 0.710213 0.319696
vt 0.498495 0.319696
vt 0.498495 0.353753
vt 0.710213 0.353753
vt 0.921932 0.319696
vt 0.921932 0.336724
vt 0.921932 0.353753
vt 0.483536 0.018676
vt 0.483536 0.000000
vt 0.497030 0.000000
vt 0.479942 0.042200
vt 0.458673 0.142105
vt 0.467421 0.061160
vt 0.497030 0.202634
vt 0.247576 0.142105
vt 0.409319 0.071434
vt 0.449610 0.068403
vt 0.429987 0.070824
vt 0.466276 0.179335
vt 0.015323 0.036010
vt 0.000000 0.222437
vt 0.000000 0.000000
vt 0.013494 0.000000
vt 0.013494 0.018676
vt 0.021814 0.051648
vt 0.036480 0.142105
vt 0.087711 0.071434
vt 0.033611 0.063415
vt 0.060098 0.070286
vt 0.469298 0.217171
vt 0.492297 0.289436
vt 0.455046 0.295766
vt 0.471795 0.372437
vt 0.409947 0.361283
vt 0.437318 0.425792
vt 0.337234 0.404155
vt 0.322349 0.493040
vt 0.387457 0.466046
vt 0.247762 0.417301
vt 0.016108 0.339191
vt 0.041191 0.298016
vt 0.085958 0.361283
vt 0.026235 0.220182
vt 0.077715 0.438348
vt 0.156848 0.486062
vt 0.251136 0.501505
vt 0.159977 0.404555
vt 0.577246 0.142087
vt 0.498495 0.142087
vt 0.498495 0.159116
vt 0.577246 0.176144
vt 0.498495 0.176144
vt 0.659120 0.142087
vt 0.659120 0.176144
vt 0.589321 0.213131
vt 0.498495 0.213131
vt 0.498495 0.247188
vt 0.589321 0.247188
vt 0.674657 0.247188
vt 0.674657 0.213131
vt 0.850820 0.213131
vt 0.758683 0.213131
vt 0.758683 0.247188
vt 0.850820 0.247188
vt 0.498495 0.105100
vt 0.577370 0.105100
vt 0.577370 0.071044
vt 0.498495 0.071044
vt 0.656454 0.071044
vt 0.656454 0.105100
vt 0.659629 0.069579
vt 0.738527 0.069579
vt 0.738527 0.035522
vt 0.659629 0.035522
vt 1.000000 0.960000
vt 0.833333 1.000000
vt 0.833333 0.960000
vt 1.000000 1.000000
vt 1.000000 0.040000
vt 0.833333 0.040000
vt 0.833333 0.000000
vt 1.000000 0.000000
vt 0.624999 0.000000
vt 0.833333 0.000000
vt 0.833333 1.000000
vt 0.624999 1.000000
vt 0.416666 0.000000
vt 0.624999 0.000000
vt 0.624999 1.000000
vt 0.416666 1.000000
vt 0.208333 0.000000
vt 0.416666 0.000000
vt 0.416666 1.000000
vt 0.208333 1.000000
vt 0.000000 0.000000
vt 0.208333 0.000000
vt 0.208333 1.000000
vt 0.000000 1.000000
vt 0.040000 0.000000
vt 0.040000 0.040000
vt 0.080000 0.040000
vt 0.080000 0.000000
vt 0.040000 0.240000
vt 0.998535 0.240000
vt 0.998535 0.280000
vt 0.040000 0.280000
vt 0.040000 0.480000
vt 0.998535 0.480000
vt 0.998535 0.520000
vt 0.040000 0.520000
vt 0.000000 0.958535
vt 0.000000 0.000000
vt 0.038535 0.000000
vt 0.038535 0.958535
vt 0.040000 0.720000
vt 0.998535 0.720000
vt 0.998535 0.760000
vt 0.040000 0.760000
vt 0.000000 0.000000
vt 0.208333 0.000000
vt 0.208333 1.000000
vt 0.000000 1.000000
vt 0.208333 0.000000
vt 0.416666 0.000000
vt 0.416666 1.000000
vt 0.208333 1.000000
vt 0.416666 0.000000
vt 0.624999 0.000000
vt 0.624999 1.000000
vt 0.416666 1.000000
vt 0.624999 0.000000
vt 0.833333 0.000000
vt 0.833333 1.000000
vt 0.624999 1.000000
vt 1.000000 0.040000
vt 0.833333 0.040000
vt 0.833333 0.000000
vt 1.000000 0.000000
vt 1.000000 0.960000
vt 0.833333 1.000000
vt 0.833333 0.960000
vt 1.000000 1.000000
vt 0.040000 0.720000
vt 0.998535 0.720000
vt 0.998535 0.760000
vt 0.040000 0.760000
vt 0.000000 0.958535
vt 0.000000 0.000000
vt 0.038535 0.000000
vt 0.038535 0.958535
vt 0.040000 0.480000
vt 0.998535 0.480000
vt 0.998535 0.520000
vt 0.040000 0.520000
vt 0.040000 0.240000
vt 0.998535 0.240000
vt 0.998535 0.280000
vt 0.040000 0.280000
vt 0.040000 0.000000
vt 0.040000 0.040000
vt 0.080000 0.040000
vt 0.080000 0.000000
vt 0.517116 0.510799
vt 0.498495 0.497305
vt 0.498495 0.510799
vt 0.540572 0.514392
vt 0.640185 0.535662
vt 0.559476 0.526914
vt 0.700537 0.497305
vt 0.640185 0.746758
vt 0.569720 0.585016
vt 0.566698 0.544724
vt 0.569112 0.564348
vt 0.677306 0.528059
vt 0.534400 0.979012
vt 0.498495 0.994335
vt 0.720282 0.994335
vt 0.517116 0.980841
vt 0.498495 0.980841
vt 0.549992 0.972521
vt 0.640185 0.957855
vt 0.569720 0.906624
vt 0.568576 0.934237
vt 0.561725 0.960724
vt 0.715032 0.525037
vt 0.787086 0.502038
vt 0.793397 0.539289
vt 0.858723 0.584387
vt 0.869844 0.522540
vt 0.901469 0.657101
vt 0.923043 0.557017
vt 0.990095 0.671985
vt 0.963179 0.606877
vt 0.914577 0.746572
vt 0.836695 0.978227
vt 0.858723 0.908377
vt 0.795640 0.953143
vt 0.718033 0.968099
vt 0.935562 0.916620
vt 0.983137 0.837487
vt 0.998535 0.743199
vt 0.901868 0.834358
vt 0.498495 0.015362
vt 0.498495 0.028896
vt 0.534017 0.028896
vt 0.534017 0.015362
vt 0.579062 0.066245
vt 0.597737 0.066245
vt 0.597737 0.030724
vt 0.579062 0.030724
vt 0.561516 0.355218
vt 0.579277 0.373564
vt 0.579277 0.355218
vt 0.543755 0.355218
vt 0.543755 0.373564
vt 0.579277 0.406521
vt 0.579277 0.391087
vt 0.543755 0.391087
vt 0.543755 0.406521
vt 0.498495 0.420672
vt 0.498495 0.441721
vt 0.534017 0.441721
vt 0.534017 0.420672
vt 0.516256 0.476071
vt 0.498495 0.476071
vt 0.534017 0.476071
vt 0.589015 0.495840
vt 0.911571 0.495840
vt 0.911571 0.461783
vt 0.589015 0.461783
vt 0.561516 0.420672
vt 0.579277 0.448023
vt 0.579277 0.420672
vt 0.543755 0.420672
vt 0.543755 0.448023
vt 0.579277 0.480737
vt 0.579277 0.466034
vt 0.543755 0.466034
vt 0.543755 0.480737
vt 0.498495 0.355218
vt 0.498495 0.377365
vt 0.534017 0.377365
vt 0.534017 0.355218
vt 0.498495 0.402124
vt 0.516256 0.402124
vt 0.534017 0.402124
vt 0.498495 0.066245
vt 0.517170 0.066245
vt 0.517170 0.030724
vt 0.498495 0.030724
vt 0.498495 0.000000
vt 0.498495 0.013534
vt 0.534017 0.013534
vt 0.534017 0.000000
vt 0.498495 0.318231
vt 0.701129 0.318231
vt 0.701129 0.284174
vt 0.498495 0.284174
vt 0.498495 0.211666
vt 0.596337 0.211666
vt 0.596337 0.177609
vt 0.498495 0.177609
vt 0.671279 0.177609
vt 0.671279 0.211666
vt 0.589015 0.389275
vt 0.652039 0.389275
vt 0.652039 0.355218
vt 0.589015 0.355218
vt 0.717314 0.355218
vt 0.717314 0.389275
vt 0.589015 0.424796
vt 0.658963 0.424796
vt 0.658963 0.390739
vt 0.589015 0.390739
vt 0.732038 0.390739
vt 0.732038 0.424796
vt 0.498495 0.282709
vt 0.594282 0.282709
vt 0.594282 0.248652
vt 0.498495 0.248652
vt 0.687996 0.248652
vt 0.687996 0.282709
vt 0.589015 0.460318
vt 0.696756 0.460318
vt 0.696756 0.426261
vt 0.589015 0.426261
vt 0.825565 0.426261
vt 0.825565 0.460318
vt 0.498495 0.140622
vt 0.720932 0.140622
vt 0.720932 0.106565
vt 0.498495 0.106565
vt 0.659629 0.017028
vt 0.695006 0.000000
vt 0.659629 0.000000
vt 0.659629 0.034057
vt 0.695006 0.034057
vt 0.735640 0.017028
vt 0.735640 0.034057
vt 0.735640 0.000000
vt 0.869002 0.345239
vt 0.869002 0.336724
vt 0.816073 0.336724
vt 0.816073 0.345239
vt 0.869002 0.328210
vt 0.816073 0.328210
vt 0.710213 0.319696
vt 0.498495 0.319696
vt 0.498495 0.353753
vt 0.710213 0.353753
vt 0.921932 0.319696
vt 0.921932 0.336724
vt 0.921932 0.353753
vt 0.483536 0.018676
vt 0.483536 0.000000
vt 0.497030 0.000000
vt 0.479942 0.042200
vt 0.458673 0.142105
vt 0.467421 0.061160
vt 0.497030 0.202634
vt 0.247576 0.142105
vt 0.409319 0.071434
vt 0.449610 0.068403
vt 0.429987 0.070824
vt 0.466276 0.179335
vt 0.015323 0.036010
vt 0.000000 0.222437
vt 0.000000 0.000000
vt 0.013494 0.000000
vt 0.013494 0.018676
vt 0.021814 0.051648
vt 0.036480 0.142105
vt 0.087711 0.071434
vt 0.033611 0.063415
vt 0.060098 0.070286
vt 0.469298 0.217171
vt 0.492297 0.289436
vt 0.455046 0.295766
vt 0.471795 0.372437
vt 0.409947 0.361283
vt 0.437318 0.425792
vt 0.337234 0.404155
vt 0.322349 0.493040
vt 0.387457 0.466046
vt 0.247762 0.417301
vt 0.016108 0.339191
vt 0.041191 0.298016
vt 0.085958 0.361283
vt 0.026235 0.220182
vt 0.077715 0.438348
vt 0.156848 0.486062
vt 0.251136 0.501505
vt 0.159977 0.404555
vt 0.577246 0.142087
vt 0.498495 0.142087
vt 0.498495 0.159116
vt 0.577246 0.176144
vt 0.498495 0.176144
vt 0.659120 0.142087
vt 0.659120 0.176144
vt 0.589321 0.213131
vt 0.498495 0.213131
vt 0.498495 0.247188
vt 0.589321 0.247188
vt 0.674657 0.247188
vt 0.674657 0.213131
vt 0.850820 0.213131
vt 0.758683 0.213131
vt 0.758683 0.247188
vt 0.850820 0.247188
vt 0.498495 0.105100
vt 0.577370 0.105100
vt 0.577370 0.071044
vt 0.498495 0.071044
vt 0.656454 0.071044
vt 0.656454 0.105100
vt 0.659629 0.069579
vt 0.738527 0.069579
vt 0.738527 0.035522
vt 0.659629 0.035522
vt 0.040000 0.720000
vt 0.998535 0.720000
vt 0.998535 0.760000
vt 0.040000 0.760000
vt 0.040000 0.240000
vt 0.998535 0.240000
vt 0.998535 0.280000
vt 0.040000 0.280000
vt 0.040000 0.480000
vt 0.998535 0.480000
vt 0.998535 0.520000
vt 0.040000 0.520000
vt 0.000000 0.958535
vt 0.000000 0.000000
vt 0.038535 0.000000
vt 0.038535 0.958535
vt 0.040000 0.000000
vt 0.040000 0.040000
vt 0.080000 0.040000
vt 0.080000 0.000000
vt 0.000000 0.000000
vt 0.208333 0.000000
vt 0.208333 1.000000
vt 0.000000 1.000000
vt 0.208333 0.000000
vt 0.416666 0.000000
vt 0.416666 1.000000
vt 0.208333 1.000000
vt 0.416666 0.000000
vt 0.624999 0.000000
vt 0.624999 1.000000
vt 0.416666 1.000000
vt 0.624999 0.000000
vt 0.833333 0.000000
vt 0.833333 1.000000
vt 0.624999 1.000000
vt 1.000000 0.040000
vt 0.833333 0.040000
vt 0.833333 0.000000
vt 1.000000 0.000000
vt 1.000000 0.960000
vt 0.833333 1.000000
vt 0.833333 0.960000
vt 1.000000 1.000000
vt 0.910031 0.599984
vt 0.920344 0.538115
vt 0.862777 0.573456
vt 0.863426 0.497605
vt 0.795541 0.471786
vt 0.721605 0.549973
vt 0.963180 0.591903
vt 0.965004 0.681761
vt 0.998535 0.723212
vt 0.989821 0.655202
vt 0.945503 0.638074
vt 0.634700 0.475877
vt 0.722245 0.463299
vt 0.556545 0.515411
vt 0.600817 0.572167
vt 0.555961 0.599783
vt 0.485374 0.599910
vt 0.522480 0.638979
vt 0.461958 0.712243
vt 0.501810 0.687651
vt 0.495255 0.740754
vt 0.971438 0.729913
vt 0.963172 0.785187
vt 0.971310 0.832465
vt 0.936980 0.833882
vt 0.962924 0.855034
vt 0.964788 0.864600
vt 0.983366 0.881607
vt 0.998535 0.900574
vt 0.998535 0.886643
vt 0.970149 0.872712
vt 0.886030 0.875415
vt 0.493573 0.834010
vt 0.516545 0.828461
vt 0.500381 0.786740
vt 0.469424 0.776143
vt 0.593583 0.923792
vt 0.824322 0.912183
vt 0.824322 0.900574
vt 0.601329 0.912046
vt 0.531253 0.286025
vt 0.531253 0.461102
vt 0.567933 0.461102
vt 0.567933 0.286025
vt 0.730979 0.035215
vt 0.742625 0.035215
vt 0.742625 0.000000
vt 0.730979 0.000000
vt 0.739137 0.358873
vt 0.812301 0.358873
vt 0.812301 0.322193
vt 0.739137 0.322193
vt 0.872450 0.322193
vt 0.872450 0.358873
vt 0.588312 0.099542
vt 0.588312 0.044656
vt 0.569972 0.044656
vt 0.551632 0.099542
vt 0.551632 0.044656
vt 0.588312 0.156718
vt 0.551632 0.156718
vt 0.549593 0.181087
vt 0.567933 0.229806
vt 0.567933 0.181087
vt 0.531253 0.181087
vt 0.531253 0.229806
vt 0.549593 0.278134
vt 0.531253 0.278134
vt 0.567933 0.278134
vt 0.461958 0.286025
vt 0.461958 0.337137
vt 0.498638 0.337137
vt 0.498638 0.286025
vt 0.480298 0.393004
vt 0.498638 0.393004
vt 0.461958 0.393004
vt 0.820653 0.036680
vt 0.820653 0.179622
vt 0.857333 0.179622
vt 0.857333 0.036680
vt 0.739137 0.264802
vt 0.863153 0.264802
vt 0.863153 0.228122
vt 0.739137 0.228122
vt 0.600547 0.181087
vt 0.600547 0.233174
vt 0.637228 0.233174
vt 0.637228 0.181087
vt 0.637228 0.284560
vt 0.600547 0.284560
vt 0.498638 0.097261
vt 0.498638 0.044656
vt 0.480298 0.044656
vt 0.461958 0.097261
vt 0.461958 0.044656
vt 0.498638 0.151714
vt 0.461958 0.151714
vt 0.480298 0.181087
vt 0.498638 0.227717
vt 0.498638 0.181087
vt 0.461958 0.181087
vt 0.461958 0.227717
vt 0.480298 0.272639
vt 0.498638 0.272639
vt 0.461958 0.272639
vt 0.739137 0.217767
vt 0.859420 0.199427
vt 0.859420 0.181087
vt 0.739137 0.181087
vt 0.859420 0.217767
vt 0.808359 0.035215
vt 0.822472 0.035215
vt 0.822472 0.000000
vt 0.808359 0.000000
vt 0.739137 0.405908
vt 0.875364 0.405908
vt 0.875364 0.369228
vt 0.739137 0.369228
vt 0.739137 0.311838
vt 0.801201 0.311838
vt 0.801201 0.275158
vt 0.739137 0.275158
vt 0.866985 0.275158
vt 0.866985 0.311838
vt 0.669842 0.181087
vt 0.669842 0.295623
vt 0.706522 0.295623
vt 0.706522 0.181087
vt 0.706522 0.409118
vt 0.669842 0.409118
vt 0.600547 0.286025
vt 0.600547 0.372346
vt 0.637228 0.372346
vt 0.637228 0.286025
vt 0.637228 0.461834
vt 0.600547 0.461834
vt 0.910326 0.000000
vt 0.910326 0.074052
vt 0.947006 0.074052
vt 0.947006 0.000000
vt 0.947006 0.147189
vt 0.910326 0.147189
vt 0.730979 0.036680
vt 0.730979 0.106718
vt 0.767659 0.106718
vt 0.767659 0.036680
vt 0.767659 0.176152
vt 0.730979 0.176152
vt 0.739137 0.452944
vt 0.807754 0.452944
vt 0.807754 0.416263
vt 0.739137 0.416263
vt 0.877221 0.416263
vt 0.877221 0.452944
vt 0.677986 0.114007
vt 0.677986 0.000000
vt 0.659645 0.000000
vt 0.641305 0.000000
vt 0.641305 0.114007
vt 0.461958 0.018340
vt 0.486286 0.018340
vt 0.486286 0.000000
vt 0.461958 0.000000
vt 0.461958 0.036680
vt 0.486286 0.036680
vt 0.850982 0.017608
vt 0.860696 0.000000
vt 0.850982 0.000000
vt 0.850982 0.035215
vt 0.860696 0.035215
vt 0.870632 0.017608
vt 0.870632 0.035215
vt 0.870632 0.000000
vt 0.539270 0.036680
vt 0.554196 0.036680
vt 0.554196 0.000000
vt 0.539270 0.000000
vt 0.571378 0.018340
vt 0.571378 0.000000
vt 0.571378 0.036680
vt 0.766152 0.035215
vt 0.780127 0.035215
vt 0.780127 0.000000
vt 0.766152 0.000000
vt 0.136685 0.088746
vt 0.110158 0.136129
vt 0.074816 0.078405
vt 0.008487 0.203548
vt 0.034306 0.135478
vt 0.086674 0.277687
vt 0.128604 0.035451
vt 0.218462 0.033622
vt 0.191903 0.008738
vt 0.259914 0.000000
vt 0.174775 0.053177
vt 0.012579 0.364829
vt 0.000000 0.277045
vt 0.052113 0.443196
vt 0.108869 0.398804
vt 0.136484 0.443783
vt 0.136612 0.514562
vt 0.175680 0.477355
vt 0.248944 0.538042
vt 0.224352 0.498081
vt 0.277455 0.504654
vt 0.266614 0.027171
vt 0.321888 0.035460
vt 0.369166 0.027299
vt 0.370583 0.061723
vt 0.391735 0.035708
vt 0.401301 0.033840
vt 0.418308 0.015211
vt 0.423345 0.000000
vt 0.437275 0.000000
vt 0.409414 0.028464
vt 0.412116 0.112813
vt 0.370711 0.506341
vt 0.323441 0.499514
vt 0.365162 0.483306
vt 0.312844 0.530555
vt 0.460493 0.406058
vt 0.448884 0.174689
vt 0.437275 0.174689
vt 0.448747 0.398291
vt 0.040000 0.720000
vt 0.998535 0.720000
vt 0.998535 0.760000
vt 0.040000 0.760000
vt 0.000000 0.958535
vt 0.000000 0.000000
vt 0.038535 0.000000
vt 0.038535 0.958535
vt 0.040000 0.480000
vt 0.998535 0.480000
vt 0.998535 0.520000
vt 0.040000 0.520000
vt 0.040000 0.240000
vt 0.998535 0.240000
vt 0.998535 0.280000
vt 0.040000 0.280000
vt 0.040000 0.000000
vt 0.040000 0.040000
vt 0.080000 0.040000
vt 0.080000 0.000000
vt 0.000000 0.000000
vt 0.208333 0.000000
vt 0.208333 1.000000
vt 0.000000 1.000000
vt 0.208333 0.000000
vt 0.416666 0.000000
vt 0.416666 1.000000
vt 0.208333 1.000000
vt 0.416666 0.000000
vt 0.624999 0.000000
vt 0.624999 1.000000
vt 0.416666 1.000000
vt 0.624999 0.000000
vt 0.833333 0.000000
vt 0.833333 1.000000
vt 0.624999 1.000000
vt 1.000000 0.040000
vt 0.833333 0.040000
vt 0.833333 0.000000
vt 1.000000 0.000000
vt 1.000000 0.960000
vt 0.833333 1.000000
vt 0.833333 0.960000
vt 1.000000 1.000000
vt 0.910031 0.599984
vt 0.920344 0.538115
vt 0.862777 0.573456
vt 0.863426 0.497605
vt 0.795541 0.471786
vt 0.721605 0.549973
vt 0.963180 0.591903
vt 0.965004 0.681761
vt 0.998535 0.723212
vt 0.989821 0.655202
vt 0.945503 0.638074
vt 0.634700 0.475877
vt 0.722245 0.463299
vt 0.556545 0.515411
vt 0.600817 0.572167
vt 0.555961 0.599783
vt 0.485374 0.599910
vt 0.522480 0.638979
vt 0.461958 0.712243
vt 0.501810 0.687651
vt 0.495255 0.740754
vt 0.971438 0.729913
vt 0.963172 0.785187
vt 0.971310 0.832465
vt 0.936980 0.833882
vt 0.962924 0.855034
vt 0.964788 0.864600
vt 0.983366 0.881607
vt 0.998535 0.900574
vt 0.998535 0.886643
vt 0.970149 0.872712
vt 0.886030 0.875415
vt 0.493573 0.834010
vt 0.516545 0.828461
vt 0.500381 0.786740
vt 0.469424 0.776143
vt 0.593583 0.923792
vt 0.824322 0.912183
vt 0.824322 0.900574
vt 0.601329 0.912046
vt 0.531253 0.286025
vt 0.531253 0.461102
vt 0.567933 0.461102
vt 0.567933 0.286025
vt 0.730979 0.035215
vt 0.742625 0.035215
vt 0.742625 0.000000
vt 0.730979 0.000000
vt 0.739137 0.358873
vt 0.812301 0.358873
vt 0.812301 0.322193
vt 0.739137 0.322193
vt 0.872450 0.322193
vt 0.872450 0.358873
vt 0.588312 0.099542
vt 0.588312 0.044656
vt 0.569972 0.044656
vt 0.551632 0.099542
vt 0.551632 0.044656
vt 0.588312 0.156718
vt 0.551632 0.156718
vt 0.549593 0.181087
vt 0.567933 0.229806
vt 0.567933 0.181087
vt 0.531253 0.181087
vt 0.531253 0.229806
vt 0.549593 0.278134
vt 0.567933 0.278134
vt 0.531253 0.278134
vt 0.461958 0.286025
vt 0.461958 0.337137
vt 0.498638 0.337137
vt 0.498638 0.286025
vt 0.480298 0.393004
vt 0.498638 0.393004
vt 0.461958 0.393004
vt 0.820653 0.036680
vt 0.820653 0.179622
vt 0.857333 0.179622
vt 0.857333 0.036680
vt 0.739137 0.264802
vt 0.863153 0.264802
vt 0.863153 0.228122
vt 0.739137 0.228122
vt 0.600547 0.181087
vt 0.600547 0.233174
vt 0.637228 0.233174
vt 0.637228 0.181087
vt 0.637228 0.284560
vt 0.600547 0.284560
vt 0.498638 0.097261
vt 0.498638 0.044656
vt 0.480298 0.044656
vt 0.461958 0.097261
vt 0.461958 0.044656
vt 0.498638 0.151714
vt 0.461958 0.151714
vt 0.480298 0.181087
vt 0.498638 0.227717
vt 0.498638 0.181087
vt 0.461958 0.181087
vt 0.461958 0.227717
vt 0.480298 0.272639
vt 0.498638 0.272639
vt 0.461958 0.272639
vt 0.739137 0.217767
vt 0.859420 0.199427
vt 0.859420 0.181087
vt 0.739137 0.181087
vt 0.859420 0.217767
vt 0.808359 0.035215
vt 0.822472 0.035215
vt 0.822472 0.000000
vt 0.808359 0.000000
vt 0.739137 0.405908
vt 0.875364 0.405908
vt 0.875364 0.369228
vt 0.739137 0.369228
vt 0.739137 0.311838
vt 0.801201 0.311838
vt 0.801201 0.275158
vt 0.739137 0.275158
vt 0.866985 0.275158
vt 0.866985 0.311838
vt 0.669842 0.181087
vt 0.669842 0.295623
vt 0.706522 0.295623
vt 0.706522 0.181087
vt 0.706522 0.409118
vt 0.669842 0.409118
vt 0.600547 0.286025
vt 0.600547 0.372346
vt 0.637228 0.372346
vt 0.637228 0.286025
vt 0.637228 0.461834
vt 0.600547 0.461834
vt 0.910326 0.000000
vt 0.910326 0.074052
vt 0.947006 0.074052
vt 0.947006 0.000000
vt 0.947006 0.147189
vt 0.910326 0.147189
vt 0.730979 0.036680
vt 0.730979 0.106718
vt 0.767659 0.106718
vt 0.767659 0.036680
vt 0.767659 0.176152
vt 0.730979 0.176152
vt 0.739137 0.452944
vt 0.807754 0.452944
vt 0.807754 0.416263
vt 0.739137 0.416263
vt 0.877221 0.416263
vt 0.877221 0.452944
vt 0.677986 0.114007
vt 0.677986 0.000000
vt 0.659645 0.000000
vt 0.641305 0.000000
vt 0.641305 0.114007
vt 0.461958 0.018340
vt 0.486286 0.018340
vt 0.486286 0.000000
vt 0.461958 0.000000
vt 0.461958 0.036680
vt 0.486286 0.036680
vt 0.850982 0.017608
vt 0.860696 0.000000
vt 0.850982 0.000000
vt 0.850982 0.035215
vt 0.860696 0.035215
vt 0.870632 0.017608
vt 0.870632 0.035215
vt 0.870632 0.000000
vt 0.539270 0.036680
vt 0.554196 0.036680
vt 0.554196 0.000000
vt 0.539270 0.000000
vt 0.571378 0.018340
vt 0.571378 0.036680
vt 0.571378 0.000000
vt 0.766152 0.035215
vt 0.780127 0.035215
vt 0.780127 0.000000
vt 0.766152 0.000000
vt 0.136685 0.088746
vt 0.110158 0.136129
vt 0.074816 0.078405
vt 0.008487 0.203548
vt 0.034306 0.135478
vt 0.086674 0.277687
vt 0.128604 0.035451
vt 0.218462 0.033622
vt 0.191903 0.008738
vt 0.259914 0.000000
vt 0.174775 0.053177
vt 0.012579 0.364829
vt 0.000000 0.277045
vt 0.052113 0.443196
vt 0.108869 0.398804
vt 0.136484 0.443783
vt 0.136612 0.514562
vt 0.175680 0.477355
vt 0.248944 0.538042
vt 0.224352 0.498081
vt 0.277455 0.504654
vt 0.266614 0.027171
vt 0.321888 0.035460
vt 0.369166 0.027299
vt 0.370583 0.061723
vt 0.391735 0.035708
vt 0.401301 0.033840
vt 0.418308 0.015211
vt 0.423345 0.000000
vt 0.437275 0.000000
vt 0.409414 0.028464
vt 0.412116 0.112813
vt 0.370711 0.506341
vt 0.323441 0.499514
vt 0.365162 0.483306
vt 0.312844 0.530555
vt 0.460493 0.406058
vt 0.448884 0.174689
vt 0.437275 0.174689
vt 0.448747 0.398291
vt 0.000000 0.000000
vt 0.208333 0.000000
vt 0.208333 1.000000
vt 0.000000 1.000000
vt 0.208333 0.000000
vt 0.416666 0.000000
vt 0.416666 1.000000
vt 0.208333 1.000000
vt 0.416666 0.000000
vt 0.624999 0.000000
vt 0.624999 1.000000
vt 0.416666 1.000000
vt 0.624999 0.000000
vt 0.833333 0.000000
vt 0.833333 1.000000
vt 0.624999 1.000000
vt 1.000000 0.040000
vt 0.833333 0.040000
vt 0.833333 0.000000
vt 1.000000 0.000000
vt 1.000000 0.960000
vt 0.833333 1.000000
vt 0.833333 0.960000
vt 1.000000 1.000000
vt 0.040000 0.720000
vt 0.998535 0.720000
vt 0.998535 0.760000
vt 0.040000 0.760000
vt 0.000000 0.958535
vt 0.000000 0.000000
vt 0.038535 0.000000
vt 0.038535 0.958535
vt 0.040000 0.480000
vt 0.998535 0.480000
vt 0.998535 0.520000
vt 0.040000 0.520000
vt 0.040000 0.240000
vt 0.998535 0.240000
vt 0.998535 0.280000
vt 0.040000 0.280000
vt 0.040000 0.000000
vt 0.040000 0.040000
vt 0.080000 0.040000
vt 0.080000 0.000000
vt 0.983708 0.469133
vt 0.983708 0.488485
vt 0.998535 0.469133
vt 0.980616 0.514509
vt 0.968881 0.624747
vt 0.967646 0.536924
vt 0.947549 0.544454
vt 0.903813 0.547358
vt 0.926077 0.546783
vt 0.753062 0.624747
vt 0.723408 0.744963
vt 0.753062 0.744963
vt 0.723408 0.624747
vt 0.998535 0.889870
vt 0.548782 0.547358
vt 0.492045 0.632448
vt 0.495924 0.542690
vt 0.484575 0.535994
vt 0.486730 0.639159
vt 0.476573 0.525128
vt 0.452406 0.469133
vt 0.467233 0.488485
vt 0.467233 0.469133
vt 0.482785 0.654148
vt 0.499223 0.627908
vt 0.543295 0.624747
vt 0.482061 0.669762
vt 0.452406 0.889734
vt 0.482061 0.762118
vt 0.968881 0.774332
vt 0.962839 0.830997
vt 0.797168 0.825058
vt 0.767072 0.807259
vt 0.693209 0.819337
vt 0.715314 0.795600
vt 0.755385 0.777833
vt 0.832140 0.845409
vt 0.832140 0.830589
vt 0.937991 0.861328
vt 0.952622 0.848212
vt 0.878275 0.895637
vt 0.878275 0.879990
vt 0.641860 0.845409
vt 0.721937 0.770765
vt 0.706080 0.809434
vt 0.641860 0.830589
vt 0.513913 0.869293
vt 0.488511 0.829218
vt 0.589148 0.936801
vt 0.589148 0.920338
vt 0.165698 0.000000
vt 0.165698 0.216398
vt 0.204719 0.216398
vt 0.204719 0.000000
vt 0.220502 0.211593
vt 0.220502 0.332186
vt 0.259523 0.332186
vt 0.259523 0.211593
vt 0.375475 0.378832
vt 0.375475 0.340147
vt 0.355965 0.340147
vt 0.336454 0.378832
vt 0.336454 0.340147
vt 0.375475 0.405400
vt 0.336454 0.405400
vt 0.096423 0.588149
vt 0.127132 0.588149
vt 0.127132 0.549129
vt 0.096423 0.549129
vt 0.167531 0.588149
vt 0.167531 0.568639
vt 0.167531 0.549129
vt 0.000000 0.151713
vt 0.000000 0.166580
vt 0.039020 0.166580
vt 0.039020 0.151713
vt 0.110894 0.000000
vt 0.110894 0.190791
vt 0.149915 0.190791
vt 0.149915 0.000000
vt 0.000000 0.101142
vt 0.000000 0.116009
vt 0.039020 0.116009
vt 0.039020 0.101142
vt 0.381819 0.157956
vt 0.381819 0.105102
vt 0.362309 0.105102
vt 0.342798 0.105102
vt 0.342798 0.157956
vt 0.413941 0.274102
vt 0.433451 0.290173
vt 0.433451 0.274102
vt 0.394430 0.274102
vt 0.394430 0.290173
vt 0.413941 0.307215
vt 0.394430 0.307215
vt 0.433451 0.307215
vt 0.342798 0.000000
vt 0.342798 0.021988
vt 0.381819 0.021988
vt 0.381819 0.000000
vt 0.342798 0.051833
vt 0.362309 0.051833
vt 0.381819 0.051833
vt 0.057402 0.471301
vt 0.057402 0.591894
vt 0.094958 0.591894
vt 0.094958 0.471301
vt 0.096423 0.665977
vt 0.277019 0.665977
vt 0.277019 0.626956
vt 0.096423 0.626956
vt 0.319742 0.000000
vt 0.275306 0.000000
vt 0.275306 0.019510
vt 0.275306 0.039020
vt 0.319742 0.039020
vt 0.074957 0.094700
vt 0.094467 0.103144
vt 0.094467 0.094700
vt 0.055447 0.094700
vt 0.055447 0.103144
vt 0.074957 0.111881
vt 0.055447 0.111881
vt 0.094467 0.111881
vt 0.394430 0.211593
vt 0.394430 0.224056
vt 0.433451 0.224056
vt 0.433451 0.211593
vt 0.394430 0.242933
vt 0.413941 0.242933
vt 0.433451 0.242933
vt 0.220502 0.000000
vt 0.220502 0.092644
vt 0.259523 0.092644
vt 0.259523 0.000000
vt 0.164248 0.471301
vt 0.096423 0.471301
vt 0.096423 0.490811
vt 0.096423 0.510322
vt 0.164248 0.510322
vt 0.275306 0.125307
vt 0.323361 0.125307
vt 0.323361 0.105797
vt 0.275306 0.105797
vt 0.275306 0.144817
vt 0.323361 0.144817
vt 0.075600 0.293788
vt 0.095110 0.202284
vt 0.056090 0.202284
vt 0.095110 0.293788
vt 0.056090 0.293788
vt 0.055447 0.046146
vt 0.055447 0.062661
vt 0.094467 0.062661
vt 0.094467 0.046146
vt 0.210879 0.510322
vt 0.355889 0.510322
vt 0.355889 0.471301
vt 0.210879 0.471301
vt 0.000000 0.821632
vt 0.421918 0.821632
vt 0.421918 0.782611
vt 0.000000 0.782611
vt 0.000000 0.050571
vt 0.000000 0.065438
vt 0.039020 0.065438
vt 0.039020 0.050571
vt 0.000000 0.510322
vt 0.019413 0.510322
vt 0.019413 0.471301
vt 0.000000 0.471301
vt 0.039020 0.240609
vt 0.039020 0.202284
vt 0.019510 0.202284
vt 0.000000 0.202284
vt 0.000000 0.240609
vt 0.024050 0.490811
vt 0.037545 0.471301
vt 0.024050 0.471301
vt 0.024050 0.510322
vt 0.037545 0.510322
vt 0.050971 0.510322
vt 0.050971 0.490811
vt 0.050971 0.471301
vt 0.417113 0.158494
vt 0.436623 0.105102
vt 0.397602 0.105102
vt 0.436623 0.158494
vt 0.397602 0.158494
vt 0.096423 0.743804
vt 0.450942 0.743804
vt 0.450942 0.704784
vt 0.096423 0.704784
vt 0.413941 0.340147
vt 0.433451 0.371105
vt 0.433451 0.340147
vt 0.394430 0.340147
vt 0.394430 0.371105
vt 0.433451 0.405904
vt 0.433451 0.390390
vt 0.394430 0.390390
vt 0.394430 0.405904
vt 0.397602 0.000000
vt 0.397602 0.023124
vt 0.436623 0.023124
vt 0.436623 0.000000
vt 0.417113 0.052695
vt 0.397602 0.052695
vt 0.436623 0.052695
vt 0.055447 0.145211
vt 0.055447 0.164624
vt 0.094467 0.164624
vt 0.094467 0.145211
vt 0.000000 0.000000
vt 0.000000 0.014867
vt 0.039020 0.014867
vt 0.039020 0.000000
vt 0.000000 0.899459
vt 0.422055 0.899459
vt 0.422055 0.860439
vt 0.000000 0.860439
vt 0.278478 0.211593
vt 0.278478 0.332315
vt 0.317499 0.332315
vt 0.317499 0.211593
vt 0.055447 0.000000
vt 0.055447 0.015696
vt 0.094467 0.015696
vt 0.094467 0.000000
vt 0.375475 0.274617
vt 0.375475 0.211593
vt 0.355965 0.211593
vt 0.336454 0.211593
vt 0.336454 0.274617
vt 0.000000 0.355094
vt 0.019486 0.335584
vt 0.000000 0.335584
vt 0.000000 0.374604
vt 0.019486 0.374604
vt 0.039936 0.355094
vt 0.039936 0.374604
vt 0.039936 0.335584
vt 0.055938 0.646466
vt 0.000000 0.626956
vt 0.000000 0.665977
vt 0.055938 0.626956
vt 0.055938 0.665977
vt 0.210879 0.588149
vt 0.360932 0.588149
vt 0.360932 0.549129
vt 0.210879 0.549129
vt 0.983708 0.000000
vt 0.998535 0.000000
vt 0.983708 0.019352
vt 0.980616 0.045376
vt 0.968881 0.155614
vt 0.967646 0.067791
vt 0.947549 0.075321
vt 0.903813 0.078225
vt 0.926077 0.077650
vt 0.753062 0.155614
vt 0.723408 0.275830
vt 0.723408 0.155614
vt 0.753062 0.275830
vt 0.998535 0.420737
vt 0.548782 0.078225
vt 0.492045 0.163315
vt 0.484575 0.066861
vt 0.495924 0.073557
vt 0.486730 0.170026
vt 0.476573 0.055995
vt 0.452406 0.000000
vt 0.467233 0.000000
vt 0.467233 0.019352
vt 0.482785 0.185014
vt 0.543295 0.155614
vt 0.499223 0.158774
vt 0.482061 0.200629
vt 0.452406 0.420601
vt 0.482061 0.292984
vt 0.962839 0.361864
vt 0.968881 0.305199
vt 0.797168 0.355925
vt 0.693209 0.350204
vt 0.767072 0.338126
vt 0.715314 0.326466
vt 0.755385 0.308700
vt 0.832140 0.361456
vt 0.832140 0.376276
vt 0.937991 0.392195
vt 0.952622 0.379079
vt 0.878275 0.426504
vt 0.878275 0.410857
vt 0.641860 0.376276
vt 0.721937 0.301632
vt 0.706080 0.340301
vt 0.641860 0.361456
vt 0.488511 0.360084
vt 0.513913 0.400160
vt 0.589148 0.467668
vt 0.589148 0.451204
vt 0.000000 0.000000
vt 0.208333 0.000000
vt 0.208333 1.000000
vt 0.000000 1.000000
vt 0.208333 0.000000
vt 0.416666 0.000000
vt 0.416666 1.000000
vt 0.208333 1.000000
vt 0.416666 0.000000
vt 0.624999 0.000000
vt 0.624999 1.000000
vt 0.416666 1.000000
vt 0.624999 0.000000
vt 0.833333 0.000000
vt 0.833333 1.000000
vt 0.624999 1.000000
vt 1.000000 0.040000
vt 0.833333 0.040000
vt 0.833333 0.000000
vt 1.000000 0.000000
vt 1.000000 0.960000
vt 0.833333 1.000000
vt 0.833333 0.960000
vt 1.000000 1.000000
vt 0.040000 0.720000
vt 0.998535 0.720000
vt 0.998535 0.760000
vt 0.040000 0.760000
vt 0.000000 0.958535
vt 0.000000 0.000000
vt 0.038535 0.000000
vt 0.038535 0.958535
vt 0.040000 0.480000
vt 0.998535 0.480000
vt 0.998535 0.520000
vt 0.040000 0.520000
vt 0.040000 0.240000
vt 0.998535 0.240000
vt 0.998535 0.280000
vt 0.040000 0.280000
vt 0.040000 0.000000
vt 0.040000 0.040000
vt 0.080000 0.040000
vt 0.080000 0.000000
vt 0.983708 0.469133
vt 0.983708 0.488485
vt 0.998535 0.469133
vt 0.980616 0.514509
vt 0.968881 0.624747
vt 0.967646 0.536924
vt 0.947549 0.544454
vt 0.903813 0.547358
vt 0.926077 0.546783
vt 0.753062 0.624747
vt 0.723408 0.744963
vt 0.753062 0.744963
vt 0.723408 0.624747
vt 0.998535 0.889870
vt 0.548782 0.547358
vt 0.492045 0.632448
vt 0.495924 0.542690
vt 0.484575 0.535994
vt 0.486730 0.639159
vt 0.476573 0.525128
vt 0.452406 0.469133
vt 0.467233 0.488485
vt 0.467233 0.469133
vt 0.482785 0.654148
vt 0.499223 0.627908
vt 0.543295 0.624747
vt 0.482061 0.669762
vt 0.452406 0.889734
vt 0.482061 0.762118
vt 0.968881 0.774332
vt 0.962839 0.830997
vt 0.797168 0.825058
vt 0.767072 0.807259
vt 0.693209 0.819337
vt 0.715314 0.795600
vt 0.755385 0.777833
vt 0.832140 0.845409
vt 0.832140 0.830589
vt 0.937991 0.861328
vt 0.952622 0.848212
vt 0.878275 0.895637
vt 0.878275 0.879990
vt 0.641860 0.845409
vt 0.721937 0.770765
vt 0.706080 0.809434
vt 0.641860 0.830589
vt 0.513913 0.869293
vt 0.488511 0.829218
vt 0.589148 0.936801
vt 0.589148 0.920338
vt 0.165698 0.000000
vt 0.165698 0.216398
vt 0.204719 0.216398
vt 0.204719 0.000000
vt 0.220502 0.211593
vt 0.220502 0.332186
vt 0.259523 0.332186
vt 0.259523 0.211593
vt 0.375475 0.378832
vt 0.375475 0.340147
vt 0.355965 0.340147
vt 0.336454 0.378832
vt 0.336454 0.340147
vt 0.375475 0.405400
vt 0.336454 0.405400
vt 0.096423 0.588149
vt 0.127132 0.588149
vt 0.127132 0.549129
vt 0.096423 0.549129
vt 0.167531 0.568639
vt 0.167531 0.588149
vt 0.167531 0.549129
vt 0.000000 0.151713
vt 0.000000 0.166580
vt 0.039020 0.166580
vt 0.039020 0.151713
vt 0.110894 0.000000
vt 0.110894 0.190791
vt 0.149915 0.190791
vt 0.149915 0.000000
vt 0.000000 0.101142
vt 0.000000 0.116009
vt 0.039020 0.116009
vt 0.039020 0.101142
vt 0.381819 0.157956
vt 0.381819 0.105102
vt 0.362309 0.105102
vt 0.342798 0.105102
vt 0.342798 0.157956
vt 0.413941 0.274102
vt 0.433451 0.290173
vt 0.433451 0.274102
vt 0.394430 0.274102
vt 0.394430 0.290173
vt 0.413941 0.307215
vt 0.394430 0.307215
vt 0.433451 0.307215
vt 0.342798 0.000000
vt 0.342798 0.021988
vt 0.381819 0.021988
vt 0.381819 0.000000
vt 0.362309 0.051833
vt 0.342798 0.051833
vt 0.381819 0.051833
vt 0.057402 0.471301
vt 0.057402 0.591894
vt 0.094958 0.591894
vt 0.094958 0.471301
vt 0.096423 0.665977
vt 0.277019 0.665977
vt 0.277019 0.626956
vt 0.096423 0.626956
vt 0.319742 0.000000
vt 0.275306 0.000000
vt 0.275306 0.019510
vt 0.275306 0.039020
vt 0.319742 0.039020
vt 0.074957 0.094700
vt 0.094467 0.103144
vt 0.094467 0.094700
vt 0.055447 0.094700
vt 0.055447 0.103144
vt 0.074957 0.111881
vt 0.055447 0.111881
vt 0.094467 0.111881
vt 0.394430 0.211593
vt 0.394430 0.224056
vt 0.433451 0.224056
vt 0.433451 0.211593
vt 0.413941 0.242933
vt 0.394430 0.242933
vt 0.433451 0.242933
vt 0.220502 0.000000
vt 0.220502 0.092644
vt 0.259523 0.092644
vt 0.259523 0.000000
vt 0.164248 0.471301
vt 0.096423 0.471301
vt 0.096423 0.490811
vt 0.096423 0.510322
vt 0.164248 0.510322
vt 0.275306 0.125307
vt 0.323361 0.125307
vt 0.323361 0.105797
vt 0.275306 0.105797
vt 0.275306 0.144817
vt 0.323361 0.144817
vt 0.075600 0.293788
vt 0.095110 0.202284
vt 0.056090 0.202284
vt 0.095110 0.293788
vt 0.056090 0.293788
vt 0.055447 0.046146
vt 0.055447 0.062661
vt 0.094467 0.062661
vt 0.094467 0.046146
vt 0.210879 0.510322
vt 0.355889 0.510322
vt 0.355889 0.471301
vt 0.210879 0.471301
vt 0.000000 0.821632
vt 0.421918 0.821632
vt 0.421918 0.782611
vt 0.000000 0.782611
vt 0.000000 0.050571
vt 0.000000 0.065438
vt 0.039020 0.065438
vt 0.039020 0.050571
vt 0.000000 0.510322
vt 0.019413 0.510322
vt 0.019413 0.471301
vt 0.000000 0.471301
vt 0.039020 0.240609
vt 0.039020 0.202284
vt 0.019510 0.202284
vt 0.000000 0.202284
vt 0.000000 0.240609
vt 0.024050 0.490811
vt 0.037545 0.471301
vt 0.024050 0.471301
vt 0.024050 0.510322
vt 0.037545 0.510322
vt 0.050971 0.490811
vt 0.050971 0.510322
vt 0.050971 0.471301
vt 0.417113 0.158494
vt 0.436623 0.105102
vt 0.397602 0.105102
vt 0.436623 0.158494
vt 0.397602 0.158494
vt 0.096423 0.743804
vt 0.450942 0.743804
vt 0.450942 0.704784
vt 0.096423 0.704784
vt 0.413941 0.340147
vt 0.433451 0.371105
vt 0.433451 0.340147
vt 0.394430 0.340147
vt 0.394430 0.371105
vt 0.433451 0.405904
vt 0.433451 0.390390
vt 0.394430 0.390390
vt 0.394430 0.405904
vt 0.397602 0.000000
vt 0.397602 0.023124
vt 0.436623 0.023124
vt 0.436623 0.000000
vt 0.417113 0.052695
vt 0.397602 0.052695
vt 0.436623 0.052695
vt 0.055447 0.145211
vt 0.055447 0.164624
vt 0.094467 0.164624
vt 0.094467 0.145211
vt 0.000000 0.000000
vt 0.000000 0.014867
vt 0.039020 0.014867
vt 0.039020 0.000000
vt 0.000000 0.899459
vt 0.422055 0.899459
vt 0.422055 0.860439
vt 0.000000 0.860439
vt 0.278478 0.211593
vt 0.278478 0.332315
vt 0.317499 0.332315
vt 0.317499 0.211593
vt 0.055447 0.000000
vt 0.055447 0.015696
vt 0.094467 0.015696
vt 0.094467 0.000000
vt 0.375475 0.274617
vt 0.375475 0.211593
vt 0.355965 0.211593
vt 0.336454 0.211593
vt 0.336454 0.274617
vt 0.000000 0.355094
vt 0.019486 0.335584
vt 0.000000 0.335584
vt 0.000000 0.374604
vt 0.019486 0.374604
vt 0.039936 0.355094
vt 0.039936 0.374604
vt 0.039936 0.335584
vt 0.055938 0.646466
vt 0.000000 0.626956
vt 0.000000 0.665977
vt 0.055938 0.626956
vt 0.055938 0.665977
vt 0.210879 0.588149
vt 0.360932 0.588149
vt 0.360932 0.549129
vt 0.210879 0.549129
vt 0.983708 0.000000
vt 0.998535 0.000000
vt 0.983708 0.019352
vt 0.980616 0.045376
vt 0.968881 0.155614
vt 0.967646 0.067791
vt 0.947549 0.075321
vt 0.903813 0.078225
vt 0.926077 0.077650
vt 0.753062 0.155614
vt 0.723408 0.275830
vt 0.723408 0.155614
vt 0.753062 0.275830
vt 0.998535 0.420737
vt 0.548782 0.078225
vt 0.492045 0.163315
vt 0.484575 0.066861
vt 0.495924 0.073557
vt 0.486730 0.170026
vt 0.476573 0.055995
vt 0.452406 0.000000
vt 0.467233 0.000000
vt 0.467233 0.019352
vt 0.482785 0.185014
vt 0.543295 0.155614
vt 0.499223 0.158774
vt 0.482061 0.200629
vt 0.452406 0.420601
vt 0.482061 0.292984
vt 0.962839 0.361864
vt 0.968881 0.305199
vt 0.797168 0.355925
vt 0.693209 0.350204
vt 0.767072 0.338126
vt 0.715314 0.326466
vt 0.755385 0.308700
vt 0.832140 0.361456
vt 0.832140 0.376276
vt 0.937991 0.392195
vt 0.952622 0.379079
vt 0.878275 0.426504
vt 0.878275 0.410857
vt 0.641860 0.376276
vt 0.721937 0.301632
vt 0.706080 0.340301
vt 0.641860 0.361456
vt 0.488511 0.360084
vt 0.513913 0.400160
vt 0.589148 0.467668
vt 0.589148 0.451204
vn -0.000000 0.000000 1.000000
vn -0.000000 0.000000 1.000000
vn -0.000000 0.000000 1.000000
vn -0.000000 0.000000 1.000000
vn -0.000000 0.000000 1.000000
vn -0.000000 0.000000 1.000000
vn -0.000000 0.000000 1.000000
vn -0.000000 0.000000 1.000000
vn -0.000000 0.000000 1.000000
vn -0.000000 0.000000 1.000000
vn -0.000000 0.000000 1.000000
vn -0.000000 0.000000 1.000000
vn -0.000000 1.000000 0.000000
vn -0.000000 1.000000 0.000000
vn -0.000000 1.000000 0.000000
vn -0.000000 1.000000 0.000000
vn 0.001109 0.000000 0.999999
vn 0.001109 0.000000 0.999999
vn 0.001109 0.000000 0.999999
vn 0.001109 0.000000 0.999999
vn -1.000000 0.000000 0.000000
vn -1.000000 0.000000 0.000000
vn -1.000000 0.000000 0.000000
vn -1.000000 0.000000 0.000000
vn -0.001109 0.000000 -0.999999
vn -0.001109 0.000000 -0.999999
vn -0.001109 0.000000 -0.999999
vn -0.001109 0.000000 -0.999999
vn 1.000000 -0.000000 -0.000000
vn 1.000000 -0.000000 -0.000000
vn 1.000000 -0.000000 -0.000000
vn 1.000000 -0.000000 -0.000000
vn -0.000000 -1.000000 0.000000
vn -0.000000 -1.000000 0.000000
vn -0.000000 -1.000000 0.000000
vn -0.000000 -1.000000 0.000000
vn -0.000000 1.000000 0.000000
vn -0.000000 1.000000 0.000000
vn -0.000000 1.000000 0.000000
vn -0.000000 1.000000 0.000000
vn 1.000000 0.000000 0.000000
vn 1.000000 0.000000 0.000000
vn 1.000000 0.000000 0.000000
vn 1.000000 0.000000 0.000000
vn 0.000000 -0.000000 -1.000000
vn 0.000000 -0.000000 -1.000000
vn 0.000000 -0.000000 -1.000000
vn 0.000000 -0.000000 -1.000000
vn -1.000000 0.000000 0.000000
vn -1.000000 0.000000 0.000000
vn -1.000000 0.000000 0.000000
vn -1.000000 0.000000 0.000000
vn -0.000000 -1.000000 0.000000
vn -0.000000 -1.000000 0.000000
vn -0.000000 -1.000000 0.000000
vn -0.000000 -1.000000 0.000000
vn -0.000000 1.000000 0.000000
vn -0.000000 1.000000 0.000000
vn -0.000000 1.000000 0.000000
vn -0.000000 1.000000 0.000000
vn 1.000000 0.000000 0.000000
vn 1.000000 0.000000 0.000000
vn 1.000000 0.000000 0.000000
vn 1.000000 0.000000 0.000000
vn 0.000000 -0.000000 -1.000000
vn 0.000000 -0.000000 -1.000000
vn 0.000000 -0.000000 -1.000000
vn 0.000000 -0.000000 -1.000000
vn -1.000000 0.000000 0.000000
vn -1.000000 0.000000 0.000000
vn -1.000000 0.000000 0.000000
vn -1.000000 0.000000 0.000000
vn -0.000000 -1.000000 0.000000
vn -0.000000 -1.000000 0.000000
vn -0.000000 -1.000000 0.000000
vn -0.000000 -1.000000 0.000000
vn -0.000000 -1.000000 0.000000
vn -0.000000 -1.000000 0.000000
vn -0.000000 -1.000000 0.000000
vn -0.000000 -1.000000 0.000000
vn -1.000000 0.000000 0.000000
vn -1.000000 0.000000 0.000000
vn -1.000000 0.000000 0.000000
vn -1.000000 0.000000 0.000000
vn 0.000000 -0.000000 -1.000000
vn 0.000000 -0.000000 -1.000000
vn 0.000000 -0.000000 -1.000000
vn 0.000000 -0.000000 -1.000000
vn 1.000000 0.000000 0.000000
vn 1.000000 0.000000 0.000000
vn 1.000000 0.000000 0.000000
vn 1.000000 0.000000 0.000000
vn -0.000000 1.000000 0.000000
vn -0.000000 1.000000 0.000000
vn -0.000000 1.000000 0.000000
vn -0.000000 1.000000 0.000000
vn 0.000000 1.000000 -0.000000
vn 0.000000 1.000000 -0.000000
vn 0.000000 1.000000 -0.000000
vn 0.000000 1.000000 -0.000000
vn 0.000000 1.000000 -0.000000
vn 0.000000 1.000000 -0.000000
vn 0.000000 1.000000 -0.000000
vn 0.000000 1.000000 -0.000000
vn 0.000000 1.000000 -0.000000
vn 0.000000 1.000000 -0.000000
vn 0.000000 1.000000 -0.000000
vn 0.000000 1.000000 -0.000000
vn 0.000000 1.000000 -0.000000
vn 0.000000 1.000000 -0.000000
vn 0.000000 1.000000 -0.000000
vn 0.000000 1.000000 -0.000000
vn 0.000000 1.000000 -0.000000
vn 0.000000 1.000000 -0.000000
vn 0.000000 1.000000 -0.000000
vn 0.000000 1.000000 -0.000000
vn 0.000000 1.000000 -0.000000
vn 0.000000 1.000000 -0.000000
vn 0.000000 1.000000 -0.000000
vn 0.000000 1.000000 -0.000000
vn 0.434175 -0.000000 0.900828
vn 0.434175 -0.000000 0.900828
vn 0.434175 -0.000000 0.900828
vn 0.434175 -0.000000 0.900828
vn -0.000000 0.000000 1.000000
vn -0.000000 0.000000 1.000000
vn -0.000000 0.000000 1.000000
vn -0.000000 0.000000 1.000000
vn -1.000000 -0.000000 -0.000000
vn -1.000000 -0.000000 -0.000000
vn -1.000000 -0.000000 -0.000000
vn -1.000000 -0.000000 -0.000000
vn -0.945218 0.000000 0.326441
vn -0.945218 0.000000 0.326441
vn -0.999150 0.000000 0.041223
vn -0.999150 0.000000 0.041223
vn -1.000000 -0.000000 -0.000000
vn -1.000000 -0.000000 -0.000000
vn -0.945218 0.000000 0.326441
vn -0.441163 0.000000 0.897427
vn -0.441163 0.000000 0.897427
vn -0.731085 0.000000 0.682287
vn -0.731085 0.000000 0.682287
vn -0.943355 0.000000 0.331784
vn -0.943355 0.000000 0.331784
vn -0.943355 0.000000 0.331784
vn -0.441163 0.000000 0.897427
vn -0.021921 0.000000 0.999760
vn -0.021921 0.000000 0.999760
vn -0.441604 0.000000 0.897210
vn -0.441604 0.000000 0.897210
vn -0.441604 0.000000 0.897210
vn -1.000000 -0.000000 -0.000000
vn -1.000000 -0.000000 -0.000000
vn -1.000000 -0.000000 -0.000000
vn -1.000000 -0.000000 -0.000000
vn -0.000000 -0.000000 -1.000000
vn -0.000000 -0.000000 -1.000000
vn -0.000000 -0.000000 -1.000000
vn -0.000000 -0.000000 -1.000000
vn 1.000000 -0.000000 -0.000000
vn 1.000000 -0.000000 -0.000000
vn 1.000000 -0.000000 -0.000000
vn 1.000000 -0.000000 -0.000000
vn 0.472927 -0.000000 0.881101
vn 0.472927 -0.000000 0.881101
vn 0.021103 -0.000000 0.999777
vn 0.021103 -0.000000 0.999777
vn 0.472927 -0.000000 0.881101
vn 0.908704 -0.000000 0.417440
vn 0.908704 -0.000000 0.417440
vn 0.694689 -0.000000 0.719310
vn 0.694689 -0.000000 0.719310
vn 0.454545 -0.000000 0.890724
vn 0.454545 -0.000000 0.890724
vn 0.454545 -0.000000 0.890724
vn 0.908704 -0.000000 0.417440
vn 1.000000 -0.000000 -0.000000
vn 1.000000 -0.000000 -0.000000
vn 0.916250 -0.000000 0.400606
vn 0.916250 -0.000000 0.400606
vn 0.916250 -0.000000 0.400606
vn 1.000000 -0.000000 -0.000000
vn 1.000000 -0.000000 -0.000000
vn 1.000000 -0.000000 -0.000000
vn 1.000000 -0.000000 -0.000000
vn 0.974206 -0.000000 -0.225659
vn 0.974206 -0.000000 -0.225659
vn 0.999375 -0.000000 -0.035349
vn 0.999375 -0.000000 -0.035349
vn 1.000000 -0.000000 -0.000000
vn 1.000000 -0.000000 -0.000000
vn 0.974206 -0.000000 -0.225659
vn 0.627123 -0.000000 -0.778920
vn 0.627123 -0.000000 -0.778920
vn 0.892023 -0.000000 -0.451990
vn 0.892023 -0.000000 -0.451990
vn 0.976084 -0.000000 -0.217395
vn 0.976084 -0.000000 -0.217395
vn 0.976084 -0.000000 -0.217395
vn 0.627123 -0.000000 -0.778920
vn -0.000000 -0.000000 -1.000000
vn -0.000000 -0.000000 -1.000000
vn 0.315187 -0.000000 -0.949030
vn 0.315187 -0.000000 -0.949030
vn 0.616024 -0.000000 -0.787727
vn 0.616024 -0.000000 -0.787727
vn 0.616024 -0.000000 -0.787727
vn -0.000000 -0.000000 -1.000000
vn -0.427446 -0.000000 -0.904041
vn -0.427446 -0.000000 -0.904041
vn -0.000000 -0.000000 -1.000000
vn -0.000000 -0.000000 -1.000000
vn -0.000000 -0.000000 -1.000000
vn 0.898353 -0.000000 -0.439274
vn 0.898353 -0.000000 -0.439274
vn 0.898353 -0.000000 -0.439274
vn 0.898353 -0.000000 -0.439274
vn -0.000000 -1.000000 0.000000
vn -0.000000 -1.000000 0.000000
vn -0.000000 -1.000000 0.000000
vn -0.000000 -1.000000 0.000000
vn -0.000000 -1.000000 0.000000
vn -0.000000 -1.000000 0.000000
vn -0.000000 -1.000000 0.000000
vn -0.000000 -1.000000 0.000000
vn -0.000000 -1.000000 0.000000
vn -0.000000 -1.000000 0.000000
vn -0.000000 -1.000000 0.000000
vn -0.000000 -1.000000 0.000000
vn -0.000000 -1.000000 0.000000
vn -0.000000 -1.000000 0.000000
vn -0.000000 -1.000000 0.000000
vn -0.000000 -1.000000 0.000000
vn -0.000000 -1.000000 0.000000
vn -0.000000 -1.000000 0.000000
vn -0.000000 -1.000000 0.000000
vn -0.000000 -1.000000 0.000000
vn -0.000000 -1.000000 0.000000
vn -0.000000 -1.000000 0.000000
vn -0.000000 -1.000000 0.000000
vn -0.000000 -1.000000 0.000000
vn 0.000000 1.000000 -0.000000
vn 0.000000 1.000000 -0.000000
vn 0.000000 1.000000 -0.000000
vn 0.000000 1.000000 -0.000000
vn 0.000000 1.000000 -0.000000
vn 0.000000 1.000000 -0.000000
vn 0.000000 1.000000 -0.000000
vn 0.000000 1.000000 -0.000000
vn 0.000000 1.000000 -0.000000
vn 0.000000 1.000000 -0.000000
vn 0.000000 1.000000 -0.000000
vn 0.000000 1.000000 -0.000000
vn 0.000000 1.000000 -0.000000
vn 0.000000 1.000000 -0.000000
vn 0.000000 1.000000 -0.000000
vn 0.000000 1.000000 -0.000000
vn 0.000000 1.000000 -0.000000
vn 0.000000 1.000000 -0.000000
vn 0.000000 1.000000 -0.000000
vn 0.000000 1.000000 -0.000000
vn 0.000000 1.000000 -0.000000
vn 0.000000 1.000000 -0.000000
vn 0.000000 1.000000 -0.000000
vn 0.000000 1.000000 -0.000000
vn 0.434175 -0.000000 0.900828
vn 0.434175 -0.000000 0.900828
vn 0.434175 -0.000000 0.900828
vn 0.434175 -0.000000 0.900828
vn -0.000000 0.000000 1.000000
vn -0.000000 0.000000 1.000000
vn -0.000000 0.000000 1.000000
vn -0.000000 0.000000 1.000000
vn -1.000000 -0.000000 -0.000000
vn -1.000000 -0.000000 -0.000000
vn -1.000000 -0.000000 -0.000000
vn -1.000000 -0.000000 -0.000000
vn -0.945218 0.000000 0.326441
vn -0.945218 0.000000 0.326441
vn -0.999150 0.000000 0.041223
vn -0.999150 0.000000 0.041223
vn -1.000000 -0.000000 -0.000000
vn -1.000000 -0.000000 -0.000000
vn -0.945218 0.000000 0.326441
vn -0.441163 0.000000 0.897427
vn -0.441163 0.000000 0.897427
vn -0.731085 0.000000 0.682287
vn -0.731085 0.000000 0.682287
vn -0.943355 0.000000 0.331784
vn -0.943355 0.000000 0.331784
vn -0.943355 0.000000 0.331784
vn -0.441163 0.000000 0.897427
vn -0.021921 0.000000 0.999760
vn -0.021921 0.000000 0.999760
vn -0.441604 0.000000 0.897210
vn -0.441604 0.000000 0.897210
vn -0.441604 0.000000 0.897210
vn -1.000000 -0.000000 -0.000000
vn -1.000000 -0.000000 -0.000000
vn -1.000000 -0.000000 -0.000000
vn -1.000000 -0.000000 -0.000000
vn -0.000000 -0.000000 -1.000000
vn -0.000000 -0.000000 -1.000000
vn -0.000000 -0.000000 -1.000000
vn -0.000000 -0.000000 -1.000000
vn 1.000000 -0.000000 -0.000000
vn 1.000000 -0.000000 -0.000000
vn 1.000000 -0.000000 -0.000000
vn 1.000000 -0.000000 -0.000000
vn 0.472927 -0.000000 0.881101
vn 0.472927 -0.000000 0.881101
vn 0.097679 -0.000000 0.995218
vn 0.097679 -0.000000 0.995218
vn 0.021103 -0.000000 0.999777
vn 0.021103 -0.000000 0.999777
vn 0.472927 -0.000000 0.881101
vn 0.908704 -0.000000 0.417440
vn 0.908704 -0.000000 0.417440
vn 0.694689 -0.000000 0.719310
vn 0.694689 -0.000000 0.719310
vn 0.454545 -0.000000 0.890724
vn 0.454545 -0.000000 0.890724
vn 0.454545 -0.000000 0.890724
vn 0.908704 -0.000000 0.417440
vn 1.000000 -0.000000 -0.000000
vn 1.000000 -0.000000 -0.000000
vn 0.916250 -0.000000 0.400606
vn 0.916250 -0.000000 0.400606
vn 0.916250 -0.000000 0.400606
vn 1.000000 -0.000000 -0.000000
vn 1.000000 -0.000000 -0.000000
vn 1.000000 -0.000000 -0.000000
vn 1.000000 -0.000000 -0.000000
vn 0.974206 -0.000000 -0.225659
vn 0.974206 -0.000000 -0.225659
vn 1.000000 -0.000000 -0.000000
vn 1.000000 -0.000000 -0.000000
vn 0.974206 -0.000000 -0.225659
vn 0.627123 -0.000000 -0.778920
vn 0.627123 -0.000000 -0.778920
vn 0.892023 -0.000000 -0.451990
vn 0.892023 -0.000000 -0.451990
vn 0.976084 -0.000000 -0.217395
vn 0.976084 -0.000000 -0.217395
vn 0.976084 -0.000000 -0.217395
vn 0.627123 -0.000000 -0.778920
vn -0.000000 -0.000000 -1.000000
vn -0.000000 -0.000000 -1.000000
vn 0.315187 -0.000000 -0.949030
vn 0.315187 -0.000000 -0.949030
vn 0.616024 -0.000000 -0.787727
vn 0.616024 -0.000000 -0.787727
vn 0.616024 -0.000000 -0.787727
vn -0.000000 -0.000000 -1.000000
vn -0.427446 -0.000000 -0.904041
vn -0.427446 -0.000000 -0.904041
vn -0.000000 -0.000000 -1.000000
vn -0.000000 -0.000000 -1.000000
vn -0.000000 -0.000000 -1.000000
vn 0.898353 -0.000000 -0.439274
vn 0.898353 -0.000000 -0.439274
vn 0.898353 -0.000000 -0.439274
vn 0.898353 -0.000000 -0.439274
vn -0.000000 -1.000000 0.000000
vn -0.000000 -1.000000 0.000000
vn -0.000000 -1.000000 0.000000
vn -0.000000 -1.000000 0.000000
vn -0.000000 -1.000000 0.000000
vn -0.000000 -1.000000 0.000000
vn -0.000000 -1.000000 0.000000
vn -0.000000 -1.000000 0.000000
vn -0.000000 -1.000000 0.000000
vn -0.000000 -1.000000 0.000000
vn -0.000000 -1.000000 0.000000
vn -0.000000 -1.000000 0.000000
vn -0.000000 -1.000000 0.000000
vn -0.000000 -1.000000 0.000000
vn -0.000000 -1.000000 0.000000
vn -0.000000 -1.000000 0.000000
vn -0.000000 -1.000000 0.000000
vn -0.000000 -1.000000 0.000000
vn -0.000000 -1.000000 0.000000
vn -0.000000 -1.000000 0.000000
vn -0.000000 -1.000000 0.000000
vn -0.000000 -1.000000 0.000000
vn -0.000000 -1.000000 0.000000
vn -0.000000 -1.000000 0.000000
vn 0.000000 1.000000 -0.000000
vn 0.000000 1.000000 -0.000000
vn 0.000000 1.000000 -0.000000
vn 0.000000 1.000000 -0.000000
vn 0.000000 1.000000 -0.000000
vn 0.000000 1.000000 -0.000000
vn 0.000000 1.000000 -0.000000
vn 0.000000 1.000000 -0.000000
vn 0.000000 1.000000 -0.000000
vn 0.000000 1.000000 -0.000000
vn 0.000000 1.000000 -0.000000
vn 0.000000 1.000000 -0.000000
vn 0.000000 1.000000 -0.000000
vn 0.000000 1.000000 -0.000000
vn 0.000000 1.000000 -0.000000
vn 0.000000 1.000000 -0.000000
vn 0.000000 1.000000 -0.000000
vn 0.000000 1.000000 -0.000000
vn 0.000000 1.000000 -0.000000
vn 0.000000 1.000000 -0.000000
vn 0.000000 1.000000 -0.000000
vn 0.000000 1.000000 -0.000000
vn 0.000000 1.000000 -0.000000
vn 0.000000 1.000000 -0.000000
vn 0.000000 1.000000 -0.000000
vn 0.000000 1.000000 -0.000000
vn 0.000000 1.000000 -0.000000
vn 0.000000 1.000000 -0.000000
vn 0.000000 1.000000 -0.000000
vn 0.000000 1.000000 -0.000000
vn 0.000000 1.000000 -0.000000
vn 0.000000 1.000000 -0.000000
vn 0.000000 1.000000 -0.000000
vn -0.940883 -0.000000 -0.338732
vn -0.940883 -0.000000 -0.338732
vn -0.940883 -0.000000 -0.338732
vn -0.940883 -0.000000 -0.338732
vn -0.000000 -0.000000 -1.000000
vn -0.000000 -0.000000 -1.000000
vn -0.000000 -0.000000 -1.000000
vn -0.000000 -0.000000 -1.000000
vn 1.000000 -0.000000 -0.000000
vn 1.000000 -0.000000 -0.000000
vn 1.000000 -0.000000 -0.000000
vn 1.000000 -0.000000 -0.000000
vn 0.816915 -0.000000 0.576757
vn 0.816915 -0.000000 0.576757
vn 0.717112 -0.000000 0.696958
vn 0.717112 -0.000000 0.696958
vn 0.673677 -0.000000 0.739026
vn 0.673677 -0.000000 0.739026
vn 1.000000 -0.000000 -0.000000
vn 1.000000 -0.000000 -0.000000
vn 0.921816 -0.000000 0.387627
vn 0.921816 -0.000000 0.387627
vn 0.816964 -0.000000 0.576689
vn 0.816964 -0.000000 0.576689
vn 1.000000 -0.000000 -0.000000
vn 0.722580 -0.000000 -0.691287
vn 0.722580 -0.000000 -0.691287
vn 0.938736 -0.000000 -0.344637
vn 0.938736 -0.000000 -0.344637
vn 1.000000 -0.000000 -0.000000
vn 1.000000 -0.000000 -0.000000
vn 1.000000 -0.000000 -0.000000
vn 0.722580 -0.000000 -0.691287
vn -0.000000 -0.000000 -1.000000
vn -0.000000 -0.000000 -1.000000
vn 0.402353 -0.000000 -0.915484
vn 0.402353 -0.000000 -0.915484
vn 0.724794 -0.000000 -0.688966
vn 0.724794 -0.000000 -0.688966
vn 0.724794 -0.000000 -0.688966
vn -0.000000 -0.000000 -1.000000
vn -0.589248 -0.000000 -0.807953
vn -0.589248 -0.000000 -0.807953
vn -0.305762 -0.000000 -0.952108
vn -0.305762 -0.000000 -0.952108
vn -0.000000 -0.000000 -1.000000
vn -0.000000 -0.000000 -1.000000
vn -0.000000 -0.000000 -1.000000
vn -0.589248 -0.000000 -0.807953
vn -0.945628 -0.000000 -0.325252
vn -0.945628 -0.000000 -0.325252
vn -0.828266 -0.000000 -0.560335
vn -0.828266 -0.000000 -0.560335
vn -0.586551 -0.000000 -0.809912
vn -0.586551 -0.000000 -0.809912
vn -0.586551 -0.000000 -0.809912
vn -0.000000 -0.000000 -1.000000
vn -0.000000 -0.000000 -1.000000
vn -0.000000 -0.000000 -1.000000
vn -0.000000 -0.000000 -1.000000
vn 0.690820 -0.000000 0.723027
vn 0.690820 -0.000000 0.723027
vn 0.919228 -0.000000 0.393725
vn 0.919228 -0.000000 0.393725
vn 0.990825 -0.000000 0.135148
vn 0.990825 -0.000000 0.135148
vn -0.000000 0.000000 1.000000
vn -0.000000 0.000000 1.000000
vn 0.346979 -0.000000 0.937873
vn 0.346979 -0.000000 0.937873
vn 0.688950 -0.000000 0.724809
vn 0.688950 -0.000000 0.724809
vn -0.691905 0.000000 0.721988
vn -0.691905 0.000000 0.721988
vn -0.356907 0.000000 0.934140
vn -0.356907 0.000000 0.934140
vn -0.000000 0.000000 1.000000
vn -0.000000 0.000000 1.000000
vn -1.000000 -0.000000 -0.000000
vn -1.000000 -0.000000 -0.000000
vn -0.914016 0.000000 0.405678
vn -0.914016 0.000000 0.405678
vn -0.691905 0.000000 0.721988
vn -0.691905 0.000000 0.721988
vn -0.905750 -0.000000 -0.423812
vn -0.905750 -0.000000 -0.423812
vn -1.000000 -0.000000 -0.000000
vn -1.000000 -0.000000 -0.000000
vn -0.737650 -0.000000 -0.675183
vn -0.737650 -0.000000 -0.675183
vn -0.909968 -0.000000 -0.414679
vn -0.909968 -0.000000 -0.414679
vn -0.674528 -0.000000 -0.738249
vn -0.674528 -0.000000 -0.738249
vn -0.736357 -0.000000 -0.676594
vn -0.736357 -0.000000 -0.676594
vn -0.000000 0.000000 1.000000
vn -0.000000 0.000000 1.000000
vn -0.000000 0.000000 1.000000
vn -0.000000 0.000000 1.000000
vn 0.175963 -0.000000 0.984397
vn 0.175963 -0.000000 0.984397
vn -0.000000 0.000000 1.000000
vn -0.000000 0.000000 1.000000
vn 0.175963 -0.000000 0.984397
vn 0.576717 -0.000000 0.816944
vn 0.576717 -0.000000 0.816944
vn 0.387495 -0.000000 0.921872
vn 0.387495 -0.000000 0.921872
vn 0.186541 -0.000000 0.982447
vn 0.186541 -0.000000 0.982447
vn 0.186541 -0.000000 0.982447
vn 0.576717 -0.000000 0.816944
vn 0.869361 -0.000000 0.494178
vn 0.869361 -0.000000 0.494178
vn 0.568274 -0.000000 0.822840
vn 0.568274 -0.000000 0.822840
vn 0.568274 -0.000000 0.822840
vn -0.000000 0.000000 1.000000
vn -0.000000 0.000000 1.000000
vn -0.000000 0.000000 1.000000
vn -0.000000 0.000000 1.000000
vn -0.000000 -1.000000 0.000000
vn -0.000000 -1.000000 0.000000
vn -0.000000 -1.000000 0.000000
vn -0.000000 -1.000000 0.000000
vn -0.000000 -1.000000 0.000000
vn -0.000000 -1.000000 0.000000
vn -0.000000 -1.000000 0.000000
vn -0.000000 -1.000000 0.000000
vn -0.000000 -1.000000 0.000000
vn -0.000000 -1.000000 0.000000
vn -0.000000 -1.000000 0.000000
vn -0.000000 -1.000000 0.000000
vn -0.000000 -1.000000 0.000000
vn -0.000000 -1.000000 0.000000
vn -0.000000 -1.000000 0.000000
vn -0.000000 -1.000000 0.000000
vn -0.000000 -1.000000 0.000000
vn -0.000000 -1.000000 0.000000
vn -0.000000 -1.000000 0.000000
vn -0.000000 -1.000000 0.000000
vn -0.000000 -1.000000 0.000000
vn -0.000000 -1.000000 0.000000
vn -0.000000 -1.000000 0.000000
vn -0.000000 -1.000000 0.000000
vn -0.000000 -1.000000 0.000000
vn -0.000000 -1.000000 0.000000
vn -0.000000 -1.000000 0.000000
vn -0.000000 -1.000000 0.000000
vn -0.000000 -1.000000 0.000000
vn -0.000000 -1.000000 0.000000
vn -0.000000 -1.000000 0.000000
vn -0.000000 -1.000000 0.000000
vn -0.000000 -1.000000 0.000000
vn 0.000000 1.000000 -0.000000
vn 0.000000 1.000000 -0.000000
vn 0.000000 1.000000 -0.000000
vn 0.000000 1.000000 -0.000000
vn 0.000000 1.000000 -0.000000
vn 0.000000 1.000000 -0.000000
vn 0.000000 1.000000 -0.000000
vn 0.000000 1.000000 -0.000000
vn 0.000000 1.000000 -0.000000
vn 0.000000 1.000000 -0.000000
vn 0.000000 1.000000 -0.000000
vn 0.000000 1.000000 -0.000000
vn 0.000000 1.000000 -0.000000
vn 0.000000 1.000000 -0.000000
vn 0.000000 1.000000 -0.000000
vn 0.000000 1.000000 -0.000000
vn 0.000000 1.000000 -0.000000
vn 0.000000 1.000000 -0.000000
vn 0.000000 1.000000 -0.000000
vn 0.000000 1.000000 -0.000000
vn 0.000000 1.000000 -0.000000
vn 0.000000 1.000000 -0.000000
vn 0.000000 1.000000 -0.000000
vn 0.000000 1.000000 -0.000000
vn 0.000000 1.000000 -0.000000
vn 0.000000 1.000000 -0.000000
vn 0.000000 1.000000 -0.000000
vn 0.000000 1.000000 -0.000000
vn 0.000000 1.000000 -0.000000
vn 0.000000 1.000000 -0.000000
vn 0.000000 1.000000 -0.000000
vn 0.000000 1.000000 -0.000000
vn 0.000000 1.000000 -0.000000
vn 0.000000 1.000000 -0.000000
vn 0.000000 1.000000 -0.000000
vn 0.000000 1.000000 -0.000000
vn 0.000000 1.000000 -0.000000
vn 0.000000 1.000000 -0.000000
vn 0.000000 1.000000 -0.000000
vn 0.000000 1.000000 -0.000000
vn 0.000000 1.000000 -0.000000
vn 0.000000 1.000000 -0.000000
vn 0.000000 1.000000 -0.000000
vn 0.000000 1.000000 -0.000000
vn 0.000000 1.000000 -0.000000
vn 0.000000 1.000000 -0.000000
vn 0.000000 1.000000 -0.000000
vn 0.000000 1.000000 -0.000000
vn 0.000000 1.000000 -0.000000
vn 0.000000 1.000000 -0.000000
vn 0.000000 1.000000 -0.000000
vn 0.000000 1.000000 -0.000000
vn 0.000000 1.000000 -0.000000
vn 0.000000 1.000000 -0.000000
vn 0.000000 1.000000 -0.000000
vn 0.000000 1.000000 -0.000000
vn 0.000000 1.000000 -0.000000
vn 0.000000 1.000000 -0.000000
vn 0.000000 1.000000 -0.000000
vn 0.645128 -0.000000 0.764075
vn 0.645128 -0.000000 0.764075
vn 0.921374 -0.000000 0.388678
vn 0.921374 -0.000000 0.388678
vn 0.645128 -0.000000 0.764075
vn -0.000000 0.000000 1.000000
vn -0.000000 0.000000 1.000000
vn 0.311073 -0.000000 0.950386
vn 0.311073 -0.000000 0.950386
vn 0.644945 -0.000000 0.764229
vn 0.644945 -0.000000 0.764229
vn 0.644945 -0.000000 0.764229
vn -0.000000 0.000000 1.000000
vn -0.772777 0.000000 0.634677
vn -0.772777 0.000000 0.634677
vn -0.368573 0.000000 0.929599
vn -0.368573 0.000000 0.929599
vn -0.000000 0.000000 1.000000
vn -0.000000 0.000000 1.000000
vn -0.000000 0.000000 1.000000
vn -0.772777 0.000000 0.634677
vn -1.000000 -0.000000 -0.000000
vn -1.000000 -0.000000 -0.000000
vn -0.928692 0.000000 0.370852
vn -0.928692 0.000000 0.370852
vn -0.766628 0.000000 0.642091
vn -0.766628 0.000000 0.642091
vn -0.766628 0.000000 0.642091
vn -1.000000 -0.000000 -0.000000
vn -0.645882 -0.000000 -0.763437
vn -0.645882 -0.000000 -0.763437
vn -0.754682 -0.000000 -0.656091
vn -0.754682 -0.000000 -0.656091
vn -0.900458 -0.000000 -0.434944
vn -0.900458 -0.000000 -0.434944
vn -1.000000 -0.000000 -0.000000
vn -1.000000 -0.000000 -0.000000
vn -1.000000 -0.000000 -0.000000
vn -0.645882 -0.000000 -0.763437
vn -0.816229 0.000000 0.577729
vn -0.816229 0.000000 0.577729
vn -0.581616 0.000000 0.813463
vn -0.581616 0.000000 0.813463
vn -0.364836 0.000000 0.931072
vn -0.364836 0.000000 0.931072
vn -0.364836 0.000000 0.931072
vn -0.816229 0.000000 0.577729
vn -1.000000 -0.000000 -0.000000
vn -1.000000 -0.000000 -0.000000
vn -0.959530 0.000000 0.281605
vn -0.959530 0.000000 0.281605
vn -0.816750 0.000000 0.576991
vn -0.816750 0.000000 0.576991
vn -0.816750 0.000000 0.576991
vn -1.000000 -0.000000 -0.000000
vn -0.754834 -0.000000 -0.655916
vn -0.754834 -0.000000 -0.655916
vn -0.938163 -0.000000 -0.346193
vn -0.938163 -0.000000 -0.346193
vn -1.000000 -0.000000 -0.000000
vn -1.000000 -0.000000 -0.000000
vn -1.000000 -0.000000 -0.000000
vn -0.000000 -0.000000 -1.000000
vn -0.000000 -0.000000 -1.000000
vn -0.348771 -0.000000 -0.937208
vn -0.348771 -0.000000 -0.937208
vn -0.754795 -0.000000 -0.655961
vn -0.754795 -0.000000 -0.655961
vn -0.000000 -0.000000 -1.000000
vn 0.568491 -0.000000 -0.822689
vn 0.568491 -0.000000 -0.822689
vn 0.135126 -0.000000 -0.990828
vn 0.135126 -0.000000 -0.990828
vn -0.000000 -0.000000 -1.000000
vn -0.000000 -0.000000 -1.000000
vn -0.000000 -0.000000 -1.000000
vn 0.568491 -0.000000 -0.822689
vn 1.000000 -0.000000 -0.000000
vn 1.000000 -0.000000 -0.000000
vn 0.890824 -0.000000 -0.454348
vn 0.890824 -0.000000 -0.454348
vn 0.706057 -0.000000 -0.708155
vn 0.706057 -0.000000 -0.708155
vn 0.562343 -0.000000 -0.826904
vn 0.562343 -0.000000 -0.826904
vn 0.562343 -0.000000 -0.826904
vn 1.000000 -0.000000 -0.000000
vn 0.683080 -0.000000 0.730344
vn 0.683080 -0.000000 0.730344
vn 0.902236 -0.000000 0.431243
vn 0.902236 -0.000000 0.431243
vn 1.000000 -0.000000 -0.000000
vn 1.000000 -0.000000 -0.000000
vn 1.000000 -0.000000 -0.000000
vn 0.683080 -0.000000 0.730344
vn -0.000000 0.000000 1.000000
vn -0.000000 0.000000 1.000000
vn 0.361887 -0.000000 0.932222
vn 0.361887 -0.000000 0.932222
vn 0.683080 -0.000000 0.730344
vn 0.683080 -0.000000 0.730344
vn 0.683080 -0.000000 0.730344
vn -0.000000 0.000000 1.000000
vn -0.298653 0.000000 0.954362
vn -0.298653 0.000000 0.954362
vn -0.000000 0.000000 1.000000
vn -0.000000 0.000000 1.000000
vn -0.000000 0.000000 1.000000
vn -0.298653 0.000000 0.954362
vn -0.464980 0.000000 0.885321
vn -0.464980 0.000000 0.885321
vn -0.289608 0.000000 0.957145
vn -0.289608 0.000000 0.957145
vn -0.289608 0.000000 0.957145
vn -0.464980 0.000000 0.885321
vn -0.258609 0.000000 0.965982
vn -0.258609 0.000000 0.965982
vn -0.429002 0.000000 0.903303
vn -0.429002 0.000000 0.903303
vn -0.468281 0.000000 0.883580
vn -0.468281 0.000000 0.883580
vn -0.468281 0.000000 0.883580
vn -0.258609 0.000000 0.965982
vn -0.000000 0.000000 1.000000
vn -0.000000 0.000000 1.000000
vn -0.138280 0.000000 0.990393
vn -0.138280 0.000000 0.990393
vn -0.291836 0.000000 0.956468
vn -0.291836 0.000000 0.956468
vn -0.291836 0.000000 0.956468
vn -0.000000 0.000000 1.000000
vn 0.723288 -0.000000 0.690547
vn 0.723288 -0.000000 0.690547
vn 0.414130 -0.000000 0.910218
vn 0.414130 -0.000000 0.910218
vn -0.000000 0.000000 1.000000
vn -0.000000 0.000000 1.000000
vn -0.000000 0.000000 1.000000
vn 0.723288 -0.000000 0.690547
vn 1.000000 -0.000000 -0.000000
vn 1.000000 -0.000000 -0.000000
vn 0.927470 -0.000000 0.373897
vn 0.927470 -0.000000 0.373897
vn 0.721062 -0.000000 0.692870
vn 0.721062 -0.000000 0.692870
vn 0.721062 -0.000000 0.692870
vn 1.000000 -0.000000 -0.000000
vn 0.904291 -0.000000 -0.426917
vn 0.904291 -0.000000 -0.426917
vn 1.000000 -0.000000 -0.000000
vn 1.000000 -0.000000 -0.000000
vn 1.000000 -0.000000 -0.000000
vn 0.904291 -0.000000 -0.426917
vn 0.682072 -0.000000 -0.731285
vn 0.682072 -0.000000 -0.731285
vn 0.839633 -0.000000 -0.543154
vn 0.839633 -0.000000 -0.543154
vn 0.907136 -0.000000 -0.420837
vn 0.907136 -0.000000 -0.420837
vn 0.907136 -0.000000 -0.420837
vn 0.682072 -0.000000 -0.731285
vn 0.399195 -0.000000 -0.916866
vn 0.399195 -0.000000 -0.916866
vn 0.512355 -0.000000 -0.858774
vn 0.512355 -0.000000 -0.858774
vn 0.676364 -0.000000 -0.736567
vn 0.676364 -0.000000 -0.736567
vn 0.676364 -0.000000 -0.736567
vn 0.399195 -0.000000 -0.916866
vn -0.000000 -0.000000 -1.000000
vn -0.000000 -0.000000 -1.000000
vn 0.208065 -0.000000 -0.978115
vn 0.208065 -0.000000 -0.978115
vn 0.393812 -0.000000 -0.919191
vn 0.393812 -0.000000 -0.919191
vn 0.393812 -0.000000 -0.919191
vn -0.000000 -0.000000 -1.000000
vn -0.000000 -0.000000 -1.000000
vn -0.000000 -0.000000 -1.000000
vn -0.000000 -0.000000 -1.000000
vn 1.000000 -0.000000 -0.000000
vn 1.000000 -0.000000 -0.000000
vn 1.000000 -0.000000 -0.000000
vn 1.000000 -0.000000 -0.000000
vn 0.507806 -0.000000 0.861471
vn 0.507806 -0.000000 0.861471
vn 0.342632 -0.000000 0.939470
vn 0.342632 -0.000000 0.939470
vn 0.128331 -0.000000 0.991731
vn 0.128331 -0.000000 0.991731
vn 0.507806 -0.000000 0.861471
vn 0.879166 -0.000000 0.476516
vn 0.879166 -0.000000 0.476516
vn 0.688903 -0.000000 0.724853
vn 0.688903 -0.000000 0.724853
vn 0.510384 -0.000000 0.859946
vn 0.510384 -0.000000 0.859946
vn 0.510384 -0.000000 0.859946
vn 0.879166 -0.000000 0.476516
vn 1.000000 -0.000000 -0.000000
vn 1.000000 -0.000000 -0.000000
vn 0.876013 -0.000000 0.482288
vn 0.876013 -0.000000 0.482288
vn 0.876013 -0.000000 0.482288
vn 1.000000 -0.000000 -0.000000
vn 0.701473 -0.000000 -0.712696
vn 0.701473 -0.000000 -0.712696
vn 0.937332 -0.000000 -0.348438
vn 0.937332 -0.000000 -0.348438
vn 1.000000 -0.000000 -0.000000
vn 1.000000 -0.000000 -0.000000
vn 1.000000 -0.000000 -0.000000
vn 0.701473 -0.000000 -0.712696
vn -0.000000 -0.000000 -1.000000
vn -0.000000 -0.000000 -1.000000
vn 0.360724 -0.000000 -0.932673
vn 0.360724 -0.000000 -0.932673
vn 0.698673 -0.000000 -0.715441
vn 0.698673 -0.000000 -0.715441
vn 0.698673 -0.000000 -0.715441
vn -0.000000 -0.000000 -1.000000
vn -0.848442 -0.000000 -0.529288
vn -0.848442 -0.000000 -0.529288
vn -0.701938 -0.000000 -0.712238
vn -0.701938 -0.000000 -0.712238
vn -0.395564 -0.000000 -0.918438
vn -0.395564 -0.000000 -0.918438
vn -0.000000 -0.000000 -1.000000
vn -0.000000 -0.000000 -1.000000
vn -0.000000 -0.000000 -1.000000
vn 0.436402 -0.000000 -0.899752
vn 0.436402 -0.000000 -0.899752
vn 0.436402 -0.000000 -0.899752
vn 0.436402 -0.000000 -0.899752
vn -0.000000 -1.000000 0.000000
vn -0.000000 -1.000000 0.000000
vn -0.000000 -1.000000 0.000000
vn -0.000000 -1.000000 0.000000
vn -0.000000 -1.000000 0.000000
vn -0.000000 -1.000000 0.000000
vn -0.000000 -1.000000 0.000000
vn -0.000000 -1.000000 0.000000
vn -0.000000 -1.000000 0.000000
vn -0.000000 -1.000000 0.000000
vn -0.000000 -1.000000 0.000000
vn -0.000000 -1.000000 0.000000
vn -0.000000 -1.000000 0.000000
vn -0.000000 -1.000000 0.000000
vn -0.000000 -1.000000 0.000000
vn -0.000000 -1.000000 0.000000
vn -0.000000 -1.000000 0.000000
vn -0.000000 -1.000000 0.000000
vn -0.000000 -1.000000 0.000000
vn -0.000000 -1.000000 0.000000
vn -0.000000 -1.000000 0.000000
vn -0.000000 -1.000000 0.000000
vn -0.000000 -1.000000 0.000000
vn -0.000000 -1.000000 0.000000
vn -0.000000 -1.000000 0.000000
vn -0.000000 -1.000000 0.000000
vn -0.000000 -1.000000 0.000000
vn -0.000000 -1.000000 0.000000
vn -0.000000 -1.000000 0.000000
vn -0.000000 -1.000000 0.000000
vn -0.000000 -1.000000 0.000000
vn -0.000000 -1.000000 0.000000
vn -0.000000 -1.000000 0.000000
vn -0.000000 -1.000000 0.000000
vn -0.000000 -1.000000 0.000000
vn -0.000000 -1.000000 0.000000
vn -0.000000 -1.000000 0.000000
vn -0.000000 -1.000000 0.000000
vn -0.000000 -1.000000 0.000000
vn -0.000000 -1.000000 0.000000
vn -0.000000 -1.000000 0.000000
vn -0.000000 -1.000000 0.000000
vn -0.000000 -1.000000 0.000000
vn -0.000000 -1.000000 0.000000
vn -0.000000 -1.000000 0.000000
vn -0.000000 -1.000000 0.000000
vn -0.000000 -1.000000 0.000000
vn -0.000000 -1.000000 0.000000
vn -0.000000 -1.000000 0.000000
vn -0.000000 -1.000000 0.000000
vn -0.000000 -1.000000 0.000000
vn -0.000000 -1.000000 0.000000
vn -0.000000 -1.000000 0.000000
vn -0.000000 -1.000000 0.000000
vn -0.000000 -1.000000 0.000000
vn -0.000000 -1.000000 0.000000
vn -0.000000 -1.000000 0.000000
vn -0.000000 -1.000000 0.000000
vn -0.000000 -1.000000 0.000000
vn -0.000000 0.000000 -1.000000
vn -0.000000 0.000000 -1.000000
vn -0.000000 0.000000 -1.000000
vn -0.000000 0.000000 -1.000000
vn -0.000000 1.000000 0.000000
vn -0.000000 1.000000 0.000000
vn -0.000000 1.000000 0.000000
vn -0.000000 1.000000 0.000000
vn -0.000000 0.000000 1.000000
vn -0.000000 0.000000 1.000000
vn -0.000000 0.000000 1.000000
vn -0.000000 0.000000 1.000000
vn 0.000000 -1.000000 -0.000000
vn 0.000000 -1.000000 -0.000000
vn 0.000000 -1.000000 -0.000000
vn 0.000000 -1.000000 -0.000000
vn -1.000000 0.000000 0.000000
vn -1.000000 0.000000 0.000000
vn -1.000000 0.000000 0.000000
vn -1.000000 0.000000 0.000000
vn 1.000000 0.000000 0.000000
vn 1.000000 0.000000 0.000000
vn 1.000000 0.000000 0.000000
vn 1.000000 0.000000 0.000000
vn -0.000000 1.000000 0.000000
vn -0.000000 1.000000 0.000000
vn -0.000000 1.000000 0.000000
vn -0.000000 1.000000 0.000000
vn -1.000000 0.000000 0.000000
vn -1.000000 0.000000 0.000000
vn -1.000000 0.000000 0.000000
vn -1.000000 0.000000 0.000000
vn -0.000000 -1.000000 0.000000
vn -0.000000 -1.000000 0.000000
vn -0.000000 -1.000000 0.000000
vn -0.000000 -1.000000 0.000000
vn 0.000000 -0.000000 -1.000000
vn 0.000000 -0.000000 -1.000000
vn 0.000000 -0.000000 -1.000000
vn 0.000000 -0.000000 -1.000000
vn -0.000000 0.000000 1.000000
vn -0.000000 0.000000 1.000000
vn -0.000000 0.000000 1.000000
vn -0.000000 0.000000 1.000000
vn 1.000000 0.000000 0.000000
vn 1.000000 0.000000 0.000000
vn 1.000000 0.000000 0.000000
vn 1.000000 0.000000 0.000000
vn -0.000000 1.000000 0.000000
vn -0.000000 1.000000 0.000000
vn -0.000000 1.000000 0.000000
vn -0.000000 1.000000 0.000000
vn -1.000000 0.000000 0.000000
vn -1.000000 0.000000 0.000000
vn -1.000000 0.000000 0.000000
vn -1.000000 0.000000 0.000000
vn -0.000000 -1.000000 0.000000
vn -0.000000 -1.000000 0.000000
vn -0.000000 -1.000000 0.000000
vn -0.000000 -1.000000 0.000000
vn -0.000000 0.000000 -1.000000
vn -0.000000 0.000000 -1.000000
vn -0.000000 0.000000 -1.000000
vn -0.000000 0.000000 -1.000000
vn -0.000000 0.000000 1.000000
vn -0.000000 0.000000 1.000000
vn -0.000000 0.000000 1.000000
vn -0.000000 0.000000 1.000000
vn -0.000000 1.000000 0.000000
vn -0.000000 1.000000 0.000000
vn -0.000000 1.000000 0.000000
vn -0.000000 1.000000 0.000000
vn -0.000000 0.000000 -1.000000
vn -0.000000 0.000000 -1.000000
vn -0.000000 0.000000 -1.000000
vn -0.000000 0.000000 -1.000000
vn -0.000000 -1.000000 0.000000
vn -0.000000 -1.000000 0.000000
vn -0.000000 -1.000000 0.000000
vn -0.000000 -1.000000 0.000000
vn 1.000000 -0.000000 -0.000000
vn 1.000000 -0.000000 -0.000000
vn 1.000000 -0.000000 -0.000000
vn 1.000000 -0.000000 -0.000000
vn -1.000000 0.000000 0.000000
vn -1.000000 0.000000 0.000000
vn -1.000000 0.000000 0.000000
vn -1.000000 0.000000 0.000000
vn -0.000000 1.000000 0.000000
vn -0.000000 1.000000 0.000000
vn -0.000000 1.000000 0.000000
vn -0.000000 1.000000 0.000000
vn -0.000000 1.000000 0.000000
vn -0.000000 1.000000 0.000000
vn -0.000000 1.000000 0.000000
vn -0.000000 1.000000 0.000000
vn -0.000000 1.000000 0.000000
vn -0.000000 1.000000 0.000000
vn -0.000000 1.000000 0.000000
vn -0.000000 1.000000 0.000000
vn -0.000000 1.000000 0.000000
vn -0.000000 1.000000 0.000000
vn -0.000000 1.000000 0.000000
vn -0.000000 1.000000 0.000000
vn -0.000000 1.000000 0.000000
vn -0.000000 1.000000 0.000000
vn -0.000000 1.000000 0.000000
vn -0.000000 1.000000 0.000000
vn -0.000000 1.000000 0.000000
vn -0.000000 1.000000 0.000000
vn -0.000000 1.000000 0.000000
vn -0.000000 1.000000 0.000000
vn -0.000000 1.000000 0.000000
vn -0.000000 1.000000 0.000000
vn -0.000000 1.000000 0.000000
vn -0.000000 1.000000 0.000000
vn -0.000000 1.000000 0.000000
vn -0.000000 1.000000 0.000000
vn -0.000000 1.000000 0.000000
vn -0.000000 1.000000 0.000000
vn -0.000000 0.000000 -1.000000
vn -0.000000 0.000000 -1.000000
vn -0.000000 0.000000 -1.000000
vn -0.000000 0.000000 -1.000000
vn -0.919696 0.000000 -0.392631
vn -0.919696 0.000000 -0.392631
vn -0.919696 0.000000 -0.392631
vn -0.919696 0.000000 -0.392631
vn -0.952170 0.000000 -0.305569
vn -1.000000 0.000000 0.000000
vn -1.000000 0.000000 0.000000
vn -0.952170 0.000000 -0.305569
vn -1.000000 0.000000 0.000000
vn -0.919036 0.000000 -0.394175
vn -0.919036 0.000000 -0.394175
vn -0.621537 0.000000 0.783385
vn -0.868869 0.000000 0.495041
vn -0.621537 0.000000 0.783385
vn -0.621537 0.000000 0.783385
vn -0.868869 0.000000 0.495041
vn -1.000000 0.000000 0.000000
vn -1.000000 0.000000 0.000000
vn -1.000000 0.000000 0.000000
vn -0.073272 0.000000 0.997312
vn -0.185189 0.000000 0.982703
vn -0.185189 0.000000 0.982703
vn -0.073272 0.000000 0.997312
vn -0.619328 0.000000 0.785132
vn -0.619328 0.000000 0.785132
vn -0.619328 0.000000 0.785132
vn -1.000000 0.000000 0.000000
vn -1.000000 0.000000 0.000000
vn -1.000000 0.000000 0.000000
vn -1.000000 0.000000 0.000000
vn -0.000000 0.000000 -1.000000
vn -0.000000 0.000000 -1.000000
vn -0.000000 0.000000 -1.000000
vn -0.000000 0.000000 -1.000000
vn 1.000000 -0.000000 -0.000000
vn 1.000000 -0.000000 -0.000000
vn 1.000000 -0.000000 -0.000000
vn 1.000000 -0.000000 -0.000000
vn 0.290981 0.000000 0.956729
vn 0.692879 0.000000 0.721054
vn 0.692879 0.000000 0.721054
vn 0.290981 0.000000 0.956729
vn 0.692879 0.000000 0.721054
vn 0.171962 0.000000 0.985104
vn 0.171962 0.000000 0.985104
vn 0.921413 0.000000 0.388586
vn 0.684817 0.000000 0.728715
vn 0.684817 0.000000 0.728715
vn 0.921413 0.000000 0.388586
vn 0.684817 0.000000 0.728715
vn 0.919570 0.000000 0.392927
vn 0.919570 0.000000 0.392927
vn 0.919570 0.000000 0.392927
vn 0.919570 0.000000 0.392927
vn -0.000000 0.000000 1.000000
vn -0.000000 0.000000 1.000000
vn -0.000000 0.000000 1.000000
vn -0.000000 0.000000 1.000000
vn -0.922654 0.000000 0.385628
vn -0.922654 0.000000 0.385628
vn -0.922654 0.000000 0.385628
vn -0.922654 0.000000 0.385628
vn -0.922793 0.000000 0.385296
vn -0.660325 0.000000 0.750980
vn -0.660325 0.000000 0.750980
vn -0.660325 0.000000 0.750980
vn -0.922793 0.000000 0.385296
vn -0.061189 0.000000 0.998126
vn -0.305107 0.000000 0.952318
vn -0.305107 0.000000 0.952318
vn -0.061189 0.000000 0.998126
vn -0.655669 0.000000 0.755048
vn -0.655669 0.000000 0.755048
vn -0.655669 0.000000 0.755048
vn -1.000000 0.000000 0.000000
vn -1.000000 0.000000 0.000000
vn -1.000000 0.000000 0.000000
vn -1.000000 0.000000 0.000000
vn -0.000000 0.000000 -1.000000
vn -0.000000 0.000000 -1.000000
vn -0.000000 0.000000 -1.000000
vn -0.000000 0.000000 -1.000000
vn 1.000000 -0.000000 -0.000000
vn 1.000000 -0.000000 -0.000000
vn 1.000000 -0.000000 -0.000000
vn 1.000000 -0.000000 -0.000000
vn 0.193576 0.000000 0.981085
vn 0.626017 0.000000 0.779810
vn 0.626017 0.000000 0.779810
vn 0.193576 0.000000 0.981085
vn 0.626017 0.000000 0.779810
vn 0.050630 0.000000 0.998717
vn 0.050630 0.000000 0.998717
vn 1.000000 -0.000000 -0.000000
vn 0.892663 0.000000 0.450725
vn 1.000000 -0.000000 -0.000000
vn 1.000000 -0.000000 -0.000000
vn 0.892663 0.000000 0.450725
vn 0.626498 0.000000 0.779423
vn 0.626498 0.000000 0.779423
vn 0.626498 0.000000 0.779423
vn 0.922243 -0.000000 -0.386611
vn 1.000000 -0.000000 -0.000000
vn 1.000000 -0.000000 -0.000000
vn 0.922243 -0.000000 -0.386611
vn 1.000000 -0.000000 -0.000000
vn 0.922950 -0.000000 -0.384919
vn 0.922950 -0.000000 -0.384919
vn 0.922950 -0.000000 -0.384919
vn 0.922950 -0.000000 -0.384919
vn 0.922818 -0.000000 -0.385237
vn 0.922818 -0.000000 -0.385237
vn 0.922818 -0.000000 -0.385237
vn 0.922818 -0.000000 -0.385237
vn -0.919126 0.000000 -0.393963
vn -0.919126 0.000000 -0.393963
vn -0.919126 0.000000 -0.393963
vn -0.919126 0.000000 -0.393963
vn -0.000000 0.000000 1.000000
vn -0.000000 0.000000 1.000000
vn -0.000000 0.000000 1.000000
vn -0.000000 0.000000 1.000000
vn -0.000000 -1.000000 0.000000
vn -0.000000 -1.000000 0.000000
vn -0.000000 -1.000000 0.000000
vn -0.000000 -1.000000 0.000000
vn -0.000000 -1.000000 0.000000
vn -0.000000 -1.000000 0.000000
vn -0.000000 -1.000000 0.000000
vn -0.000000 -1.000000 0.000000
vn -0.000000 -1.000000 0.000000
vn -0.000000 -1.000000 0.000000
vn -0.000000 -1.000000 0.000000
vn -0.000000 -1.000000 0.000000
vn -0.000000 -1.000000 0.000000
vn -0.000000 -1.000000 0.000000
vn -0.000000 -1.000000 0.000000
vn -0.000000 -1.000000 0.000000
vn -0.000000 -1.000000 0.000000
vn -0.000000 -1.000000 0.000000
vn -0.000000 -1.000000 0.000000
vn -0.000000 -1.000000 0.000000
vn -0.000000 -1.000000 0.000000
vn -0.000000 -1.000000 0.000000
vn -0.000000 -1.000000 0.000000
vn -0.000000 -1.000000 0.000000
vn -0.000000 -1.000000 0.000000
vn -0.000000 -1.000000 0.000000
vn -0.000000 -1.000000 0.000000
vn -0.000000 -1.000000 0.000000
vn -0.000000 -1.000000 0.000000
vn -0.000000 -1.000000 0.000000
vn -0.000000 -1.000000 0.000000
vn -0.000000 -1.000000 0.000000
vn -0.000000 1.000000 0.000000
vn -0.000000 1.000000 0.000000
vn -0.000000 1.000000 0.000000
vn -0.000000 1.000000 0.000000
vn -0.000000 1.000000 0.000000
vn -0.000000 1.000000 0.000000
vn -0.000000 1.000000 0.000000
vn -0.000000 1.000000 0.000000
vn -0.000000 1.000000 0.000000
vn -0.000000 1.000000 0.000000
vn -0.000000 1.000000 0.000000
vn -0.000000 1.000000 0.000000
vn -0.000000 1.000000 0.000000
vn -0.000000 1.000000 0.000000
vn -0.000000 1.000000 0.000000
vn -0.000000 1.000000 0.000000
vn -0.000000 1.000000 0.000000
vn -0.000000 1.000000 0.000000
vn -0.000000 1.000000 0.000000
vn -0.000000 1.000000 0.000000
vn -0.000000 1.000000 0.000000
vn -0.000000 1.000000 0.000000
vn -0.000000 1.000000 0.000000
vn -0.000000 1.000000 0.000000
vn -0.000000 1.000000 0.000000
vn -0.000000 1.000000 0.000000
vn -0.000000 1.000000 0.000000
vn -0.000000 1.000000 0.000000
vn -0.000000 1.000000 0.000000
vn -0.000000 1.000000 0.000000
vn -0.000000 1.000000 0.000000
vn -0.000000 1.000000 0.000000
vn -0.000000 0.000000 -1.000000
vn -0.000000 0.000000 -1.000000
vn -0.000000 0.000000 -1.000000
vn -0.000000 0.000000 -1.000000
vn -0.919696 0.000000 -0.392631
vn -0.919696 0.000000 -0.392631
vn -0.919696 0.000000 -0.392631
vn -0.919696 0.000000 -0.392631
vn -0.952170 0.000000 -0.305569
vn -1.000000 0.000000 0.000000
vn -1.000000 0.000000 0.000000
vn -0.952170 0.000000 -0.305569
vn -1.000000 0.000000 0.000000
vn -0.919036 0.000000 -0.394175
vn -0.919036 0.000000 -0.394175
vn -0.621537 0.000000 0.783385
vn -0.868869 0.000000 0.495041
vn -0.621537 0.000000 0.783385
vn -0.621537 0.000000 0.783385
vn -0.868869 0.000000 0.495041
vn -1.000000 0.000000 0.000000
vn -1.000000 0.000000 0.000000
vn -1.000000 0.000000 0.000000
vn -0.073272 0.000000 0.997312
vn -0.185189 0.000000 0.982703
vn -0.185189 0.000000 0.982703
vn -0.073272 0.000000 0.997312
vn -0.619328 0.000000 0.785132
vn -0.619328 0.000000 0.785132
vn -0.619328 0.000000 0.785132
vn -1.000000 0.000000 0.000000
vn -1.000000 0.000000 0.000000
vn -1.000000 0.000000 0.000000
vn -1.000000 0.000000 0.000000
vn -0.000000 0.000000 -1.000000
vn -0.000000 0.000000 -1.000000
vn -0.000000 0.000000 -1.000000
vn -0.000000 0.000000 -1.000000
vn 1.000000 -0.000000 -0.000000
vn 1.000000 -0.000000 -0.000000
vn 1.000000 -0.000000 -0.000000
vn 1.000000 -0.000000 -0.000000
vn 0.290981 0.000000 0.956729
vn 0.692879 0.000000 0.721054
vn 0.692879 0.000000 0.721054
vn 0.290981 0.000000 0.956729
vn 0.692879 0.000000 0.721054
vn 0.171962 0.000000 0.985104
vn 0.171962 0.000000 0.985104
vn 0.684817 0.000000 0.728715
vn 0.921413 0.000000 0.388586
vn 0.921413 0.000000 0.388586
vn 0.684817 0.000000 0.728715
vn 0.684817 0.000000 0.728715
vn 0.919570 0.000000 0.392927
vn 0.919570 0.000000 0.392927
vn 0.919570 0.000000 0.392927
vn 0.919570 0.000000 0.392927
vn -0.000000 0.000000 1.000000
vn -0.000000 0.000000 1.000000
vn -0.000000 0.000000 1.000000
vn -0.000000 0.000000 1.000000
vn -0.922654 0.000000 0.385628
vn -0.922654 0.000000 0.385628
vn -0.922654 0.000000 0.385628
vn -0.922654 0.000000 0.385628
vn -0.922793 0.000000 0.385296
vn -0.660325 0.000000 0.750980
vn -0.660325 0.000000 0.750980
vn -0.660325 0.000000 0.750980
vn -0.922793 0.000000 0.385296
vn -0.061189 0.000000 0.998126
vn -0.305107 0.000000 0.952318
vn -0.305107 0.000000 0.952318
vn -0.061189 0.000000 0.998126
vn -0.655669 0.000000 0.755048
vn -0.655669 0.000000 0.755048
vn -0.655669 0.000000 0.755048
vn -1.000000 0.000000 0.000000
vn -1.000000 0.000000 0.000000
vn -1.000000 0.000000 0.000000
vn -1.000000 0.000000 0.000000
vn -0.000000 0.000000 -1.000000
vn -0.000000 0.000000 -1.000000
vn -0.000000 0.000000 -1.000000
vn -0.000000 0.000000 -1.000000
vn 1.000000 -0.000000 -0.000000
vn 1.000000 -0.000000 -0.000000
vn 1.000000 -0.000000 -0.000000
vn 1.000000 -0.000000 -0.000000
vn 0.193576 0.000000 0.981085
vn 0.626017 0.000000 0.779810
vn 0.626017 0.000000 0.779810
vn 0.193576 0.000000 0.981085
vn 0.626017 0.000000 0.779810
vn 0.050630 0.000000 0.998717
vn 0.050630 0.000000 0.998717
vn 1.000000 -0.000000 -0.000000
vn 0.892663 0.000000 0.450725
vn 1.000000 -0.000000 -0.000000
vn 1.000000 -0.000000 -0.000000
vn 0.892663 0.000000 0.450725
vn 0.626498 0.000000 0.779423
vn 0.626498 0.000000 0.779423
vn 0.626498 0.000000 0.779423
vn 1.000000 -0.000000 -0.000000
vn 0.922243 -0.000000 -0.386611
vn 0.922243 -0.000000 -0.386611
vn 1.000000 -0.000000 -0.000000
vn 1.000000 -0.000000 -0.000000
vn 0.922950 -0.000000 -0.384919
vn 0.922950 -0.000000 -0.384919
vn 0.922950 -0.000000 -0.384919
vn 0.922950 -0.000000 -0.384919
vn 0.922818 -0.000000 -0.385237
vn 0.922818 -0.000000 -0.385237
vn 0.922818 -0.000000 -0.385237
vn 0.922818 -0.000000 -0.385237
vn -0.919126 0.000000 -0.393963
vn -0.919126 0.000000 -0.393963
vn -0.919126 0.000000 -0.393963
vn -0.919126 0.000000 -0.393963
vn -0.000000 0.000000 1.000000
vn -0.000000 0.000000 1.000000
vn -0.000000 0.000000 1.000000
vn -0.000000 0.000000 1.000000
vn -0.000000 -1.000000 0.000000
vn -0.000000 -1.000000 0.000000
vn -0.000000 -1.000000 0.000000
vn -0.000000 -1.000000 0.000000
vn -0.000000 -1.000000 0.000000
vn -0.000000 -1.000000 0.000000
vn -0.000000 -1.000000 0.000000
vn -0.000000 -1.000000 0.000000
vn -0.000000 -1.000000 0.000000
vn -0.000000 -1.000000 0.000000
vn -0.000000 -1.000000 0.000000
vn -0.000000 -1.000000 0.000000
vn -0.000000 -1.000000 0.000000
vn -0.000000 -1.000000 0.000000
vn -0.000000 -1.000000 0.000000
vn -0.000000 -1.000000 0.000000
vn -0.000000 -1.000000 0.000000
vn -0.000000 -1.000000 0.000000
vn -0.000000 -1.000000 0.000000
vn -0.000000 -1.000000 0.000000
vn -0.000000 -1.000000 0.000000
vn -0.000000 -1.000000 0.000000
vn -0.000000 -1.000000 0.000000
vn -0.000000 -1.000000 0.000000
vn -0.000000 -1.000000 0.000000
vn -0.000000 -1.000000 0.000000
vn -0.000000 -1.000000 0.000000
vn -0.000000 -1.000000 0.000000
vn -0.000000 -1.000000 0.000000
vn -0.000000 -1.000000 0.000000
vn -0.000000 -1.000000 0.000000
vn -0.000000 -1.000000 0.000000
vn -0.000000 0.000000 -1.000000
vn -0.000000 0.000000 -1.000000
vn -0.000000 0.000000 -1.000000
vn -0.000000 0.000000 -1.000000
vn -0.000000 1.000000 0.000000
vn -0.000000 1.000000 0.000000
vn -0.000000 1.000000 0.000000
vn -0.000000 1.000000 0.000000
vn -0.000000 0.000000 1.000000
vn -0.000000 0.000000 1.000000
vn -0.000000 0.000000 1.000000
vn -0.000000 0.000000 1.000000
vn 0.000000 -1.000000 -0.000000
vn 0.000000 -1.000000 -0.000000
vn 0.000000 -1.000000 -0.000000
vn 0.000000 -1.000000 -0.000000
vn -1.000000 0.000000 0.000000
vn -1.000000 0.000000 0.000000
vn -1.000000 0.000000 0.000000
vn -1.000000 0.000000 0.000000
vn 1.000000 0.000000 0.000000
vn 1.000000 0.000000 0.000000
vn 1.000000 0.000000 0.000000
vn 1.000000 0.000000 0.000000
vn -0.000000 1.000000 0.000000
vn -0.000000 1.000000 0.000000
vn -0.000000 1.000000 0.000000
vn -0.000000 1.000000 0.000000
vn -1.000000 0.000000 0.000000
vn -1.000000 0.000000 0.000000
vn -1.000000 0.000000 0.000000
vn -1.000000 0.000000 0.000000
vn -0.000000 -1.000000 0.000000
vn -0.000000 -1.000000 0.000000
vn -0.000000 -1.000000 0.000000
vn -0.000000 -1.000000 0.000000
vn 0.000000 -0.000000 -1.000000
vn 0.000000 -0.000000 -1.000000
vn 0.000000 -0.000000 -1.000000
vn 0.000000 -0.000000 -1.000000
vn -0.000000 0.000000 1.000000
vn -0.000000 0.000000 1.000000
vn -0.000000 0.000000 1.000000
vn -0.000000 0.000000 1.000000
vn 1.000000 0.000000 0.000000
vn 1.000000 0.000000 0.000000
vn 1.000000 0.000000 0.000000
vn 1.000000 0.000000 0.000000
vn -0.000000 1.000000 0.000000
vn -0.000000 1.000000 0.000000
vn -0.000000 1.000000 0.000000
vn -0.000000 1.000000 0.000000
vn -1.000000 0.000000 0.000000
vn -1.000000 0.000000 0.000000
vn -1.000000 0.000000 0.000000
vn -1.000000 0.000000 0.000000
vn -0.000000 -1.000000 0.000000
vn -0.000000 -1.000000 0.000000
vn -0.000000 -1.000000 0.000000
vn -0.000000 -1.000000 0.000000
vn -0.000000 0.000000 -1.000000
vn -0.000000 0.000000 -1.000000
vn -0.000000 0.000000 -1.000000
vn -0.000000 0.000000 -1.000000
vn -0.000000 0.000000 1.000000
vn -0.000000 0.000000 1.000000
vn -0.000000 0.000000 1.000000
vn -0.000000 0.000000 1.000000
vn -0.000000 1.000000 0.000000
vn -0.000000 1.000000 0.000000
vn -0.000000 1.000000 0.000000
vn -0.000000 1.000000 0.000000
vn -0.000000 0.000000 -1.000000
vn -0.000000 0.000000 -1.000000
vn -0.000000 0.000000 -1.000000
vn -0.000000 0.000000 -1.000000
vn -0.000000 -1.000000 0.000000
vn -0.000000 -1.000000 0.000000
vn -0.000000 -1.000000 0.000000
vn -0.000000 -1.000000 0.000000
vn 1.000000 -0.000000 -0.000000
vn 1.000000 -0.000000 -0.000000
vn 1.000000 -0.000000 -0.000000
vn 1.000000 -0.000000 -0.000000
vn -1.000000 0.000000 0.000000
vn -1.000000 0.000000 0.000000
vn -1.000000 0.000000 0.000000
vn -1.000000 0.000000 0.000000
vn -0.000000 1.000000 0.000000
vn -0.000000 1.000000 0.000000
vn -0.000000 1.000000 0.000000
vn -0.000000 1.000000 0.000000
vn -0.000000 1.000000 0.000000
vn -0.000000 1.000000 0.000000
vn -0.000000 1.000000 0.000000
vn -0.000000 1.000000 0.000000
vn -0.000000 1.000000 0.000000
vn -0.000000 1.000000 0.000000
vn -0.000000 1.000000 0.000000
vn -0.000000 1.000000 0.000000
vn -0.000000 1.000000 0.000000
vn -0.000000 1.000000 0.000000
vn -0.000000 1.000000 0.000000
vn -0.000000 1.000000 0.000000
vn -0.000000 1.000000 0.000000
vn -0.000000 1.000000 0.000000
vn -0.000000 1.000000 0.000000
vn -0.000000 1.000000 0.000000
vn -0.000000 1.000000 0.000000
vn -0.000000 1.000000 0.000000
vn -0.000000 1.000000 0.000000
vn -0.000000 1.000000 0.000000
vn -0.000000 1.000000 0.000000
vn -0.000000 1.000000 0.000000
vn -0.000000 1.000000 0.000000
vn -0.000000 1.000000 0.000000
vn -0.000000 1.000000 0.000000
vn -0.000000 1.000000 0.000000
vn -0.000000 1.000000 0.000000
vn -0.000000 1.000000 0.000000
vn -0.000000 1.000000 0.000000
vn -0.000000 1.000000 0.000000
vn -0.000000 1.000000 0.000000
vn -0.000000 1.000000 0.000000
vn -0.000000 1.000000 0.000000
vn -0.000000 1.000000 0.000000
vn -0.000000 1.000000 0.000000
vn -0.000000 1.000000 0.000000
vn -0.000000 1.000000 0.000000
vn -0.000000 1.000000 0.000000
vn -0.000000 1.000000 0.000000
vn -0.000000 1.000000 0.000000
vn -0.000000 1.000000 0.000000
vn -0.000000 1.000000 0.000000
vn -0.000000 1.000000 0.000000
vn -0.000000 1.000000 0.000000
vn -0.000000 1.000000 0.000000
vn -0.000000 1.000000 0.000000
vn -0.000000 1.000000 0.000000
vn -0.000000 1.000000 0.000000
vn -0.000000 1.000000 0.000000
vn -0.000000 1.000000 0.000000
vn -0.000000 1.000000 0.000000
vn -0.000000 1.000000 0.000000
vn -0.000000 1.000000 0.000000
vn -0.000000 1.000000 0.000000
vn -0.000000 1.000000 0.000000
vn -0.000000 1.000000 0.000000
vn -0.000000 1.000000 0.000000
vn -0.000000 1.000000 0.000000
vn -0.000000 1.000000 0.000000
vn -0.688098 0.000000 0.725617
vn -0.390430 0.000000 0.920632
vn -0.688098 0.000000 0.725617
vn -0.688098 0.000000 0.725617
vn -0.390430 0.000000 0.920632
vn -0.209856 0.000000 0.977732
vn -0.209856 0.000000 0.977732
vn -0.209856 0.000000 0.977732
vn -1.000000 0.000000 0.000000
vn -0.919517 0.000000 0.393050
vn -1.000000 0.000000 0.000000
vn -1.000000 0.000000 0.000000
vn -0.919517 0.000000 0.393050
vn -0.689655 0.000000 0.724138
vn -0.689655 0.000000 0.724138
vn -0.689655 0.000000 0.724138
vn -0.822818 0.000000 -0.568305
vn -0.948101 0.000000 -0.317971
vn -0.822818 0.000000 -0.568305
vn -0.822818 0.000000 -0.568305
vn -0.948101 0.000000 -0.317971
vn -1.000000 0.000000 0.000000
vn -1.000000 0.000000 0.000000
vn -1.000000 0.000000 0.000000
vn -0.355680 0.000000 -0.934608
vn -0.607180 0.000000 -0.794564
vn -0.355680 0.000000 -0.934608
vn -0.355680 0.000000 -0.934608
vn -0.607180 0.000000 -0.794564
vn -0.822969 0.000000 -0.568087
vn -0.822969 0.000000 -0.568087
vn -0.822969 0.000000 -0.568087
vn -0.357200 0.000000 -0.934028
vn -0.000000 0.000000 -1.000000
vn -0.000000 0.000000 -1.000000
vn -0.357200 0.000000 -0.934028
vn -0.357200 0.000000 -0.934028
vn -0.000000 0.000000 -1.000000
vn -0.000000 0.000000 -1.000000
vn -0.000000 0.000000 -1.000000
vn -0.000000 0.000000 -1.000000
vn 1.000000 -0.000000 -0.000000
vn 1.000000 -0.000000 -0.000000
vn 1.000000 -0.000000 -0.000000
vn 1.000000 -0.000000 -0.000000
vn -0.000000 0.000000 1.000000
vn -0.000000 0.000000 1.000000
vn -0.000000 0.000000 1.000000
vn -0.000000 0.000000 1.000000
vn 0.824788 0.000000 0.565442
vn 0.543166 0.000000 0.839625
vn 0.824788 0.000000 0.565442
vn 0.824788 0.000000 0.565442
vn 0.543166 0.000000 0.839625
vn -0.000000 0.000000 1.000000
vn 0.227680 0.000000 0.973736
vn 0.227680 0.000000 0.973736
vn -0.000000 0.000000 1.000000
vn 1.000000 -0.000000 -0.000000
vn 0.994531 0.000000 0.104442
vn 0.994531 0.000000 0.104442
vn 1.000000 -0.000000 -0.000000
vn 0.833785 0.000000 0.552089
vn 0.833785 0.000000 0.552089
vn 0.833785 0.000000 0.552089
vn 1.000000 -0.000000 -0.000000
vn 1.000000 -0.000000 -0.000000
vn 1.000000 -0.000000 -0.000000
vn 1.000000 -0.000000 -0.000000
vn 0.752215 -0.000000 -0.658917
vn 0.978689 -0.000000 -0.205348
vn 0.752215 -0.000000 -0.658917
vn 0.752215 -0.000000 -0.658917
vn 0.978689 -0.000000 -0.205348
vn 1.000000 -0.000000 -0.000000
vn 0.997655 -0.000000 -0.068443
vn 0.997655 -0.000000 -0.068443
vn 1.000000 -0.000000 -0.000000
vn -0.000000 0.000000 -1.000000
vn 0.333928 -0.000000 -0.942599
vn 0.333928 -0.000000 -0.942599
vn -0.000000 0.000000 -1.000000
vn 0.749315 -0.000000 -0.662214
vn 0.749315 -0.000000 -0.662214
vn 0.749315 -0.000000 -0.662214
vn -0.000000 0.000000 -1.000000
vn -0.000000 0.000000 -1.000000
vn -0.000000 0.000000 -1.000000
vn -0.000000 0.000000 -1.000000
vn 1.000000 -0.000000 -0.000000
vn 1.000000 -0.000000 -0.000000
vn 1.000000 -0.000000 -0.000000
vn 1.000000 -0.000000 -0.000000
vn -0.000000 0.000000 1.000000
vn -0.000000 0.000000 1.000000
vn -0.000000 0.000000 1.000000
vn -0.000000 0.000000 1.000000
vn -0.236907 0.000000 0.971532
vn -0.000000 0.000000 1.000000
vn -0.000000 0.000000 1.000000
vn -0.236907 0.000000 0.971532
vn -0.469611 0.000000 0.882873
vn -0.758090 0.000000 0.652150
vn -0.758090 0.000000 0.652150
vn -0.469611 0.000000 0.882873
vn -0.758090 0.000000 0.652150
vn -0.235284 0.000000 0.971927
vn -0.235284 0.000000 0.971927
vn -1.000000 0.000000 0.000000
vn -0.936811 0.000000 0.349835
vn -1.000000 0.000000 0.000000
vn -1.000000 0.000000 0.000000
vn -0.936811 0.000000 0.349835
vn -0.758090 0.000000 0.652150
vn -0.758090 0.000000 0.652150
vn -0.758090 0.000000 0.652150
vn -0.793761 0.000000 -0.608230
vn -0.946822 0.000000 -0.321758
vn -0.793761 0.000000 -0.608230
vn -0.793761 0.000000 -0.608230
vn -0.946822 0.000000 -0.321758
vn -1.000000 0.000000 0.000000
vn -1.000000 0.000000 0.000000
vn -1.000000 0.000000 0.000000
vn -0.306435 0.000000 -0.951892
vn -0.537277 0.000000 -0.843406
vn -0.306435 0.000000 -0.951892
vn -0.306435 0.000000 -0.951892
vn -0.537277 0.000000 -0.843406
vn -0.792212 0.000000 -0.610246
vn -0.792212 0.000000 -0.610246
vn -0.792212 0.000000 -0.610246
vn -0.265747 0.000000 -0.964043
vn -0.000000 0.000000 -1.000000
vn -0.000000 0.000000 -1.000000
vn -0.265747 0.000000 -0.964043
vn -1.000000 0.000000 0.000000
vn -1.000000 0.000000 -0.000000
vn -1.000000 0.000000 0.000000
vn -1.000000 0.000000 0.000000
vn -1.000000 0.000000 0.000000
vn -1.000000 0.000000 0.000000
vn -1.000000 0.000000 0.000000
vn -1.000000 0.000000 0.000000
vn -1.000000 0.000000 0.000000
vn -1.000000 0.000000 0.000000
vn -1.000000 0.000000 0.000000
vn -0.167391 0.000000 -0.985891
vn -0.090621 0.000000 -0.995885
vn -0.167391 0.000000 -0.985891
vn -0.167391 0.000000 -0.985891
vn -0.090621 0.000000 -0.995885
vn -0.046080 0.000000 -0.998938
vn -0.046080 0.000000 -0.998938
vn -0.046080 0.000000 -0.998938
vn -1.000000 0.000000 0.000000
vn -1.000000 0.000000 -0.000000
vn -1.000000 0.000000 -0.000000
vn -1.000000 0.000000 0.000000
vn -1.000000 0.000000 0.000000
vn -1.000000 0.000000 0.000000
vn -1.000000 0.000000 0.000000
vn -1.000000 0.000000 0.000000
vn -1.000000 0.000000 -0.000000
vn -1.000000 0.000000 0.000000
vn -1.000000 0.000000 0.000000
vn -1.000000 0.000000 0.000000
vn -1.000000 0.000000 0.000000
vn -1.000000 0.000000 0.000000
vn -1.000000 0.000000 0.000000
vn -0.000000 -1.000000 0.000000
vn -0.000000 -1.000000 0.000000
vn -0.000000 -1.000000 0.000000
vn -0.000000 -1.000000 0.000000
vn -0.000000 -1.000000 0.000000
vn -0.000000 -1.000000 0.000000
vn -0.000000 -1.000000 0.000000
vn -0.000000 -1.000000 0.000000
vn -0.000000 -1.000000 0.000000
vn -0.000000 -1.000000 0.000000
vn -0.000000 -1.000000 0.000000
vn -0.000000 -1.000000 0.000000
vn -0.000000 -1.000000 0.000000
vn -0.000000 -1.000000 0.000000
vn -0.000000 -1.000000 0.000000
vn -0.000000 -1.000000 0.000000
vn -0.000000 -1.000000 0.000000
vn -0.000000 -1.000000 0.000000
vn -0.000000 -1.000000 0.000000
vn -0.000000 -1.000000 0.000000
vn -0.000000 -1.000000 0.000000
vn -0.000000 -1.000000 0.000000
vn -0.000000 -1.000000 0.000000
vn -0.000000 -1.000000 0.000000
vn -0.000000 -1.000000 0.000000
vn -0.000000 -1.000000 0.000000
vn -0.000000 -1.000000 0.000000
vn -0.000000 -1.000000 0.000000
vn -0.000000 -1.000000 0.000000
vn -0.000000 -1.000000 0.000000
vn -0.000000 -1.000000 0.000000
vn -0.000000 -1.000000 0.000000
vn -0.000000 -1.000000 0.000000
vn -0.000000 -1.000000 0.000000
vn -0.000000 -1.000000 0.000000
vn -0.000000 -1.000000 0.000000
vn -0.000000 -1.000000 0.000000
vn -0.000000 -1.000000 0.000000
vn -0.000000 -1.000000 0.000000
vn -0.000000 -1.000000 0.000000
vn -0.000000 -1.000000 0.000000
vn -0.000000 -1.000000 0.000000
vn -0.000000 -1.000000 0.000000
vn -0.000000 -1.000000 0.000000
vn -0.000000 -1.000000 0.000000
vn -0.000000 -1.000000 0.000000
vn -0.000000 -1.000000 0.000000
vn -0.000000 -1.000000 0.000000
vn -0.000000 -1.000000 0.000000
vn -0.000000 -1.000000 0.000000
vn -0.000000 -1.000000 0.000000
vn -0.000000 -1.000000 0.000000
vn -0.000000 -1.000000 0.000000
vn -0.000000 -1.000000 0.000000
vn -0.000000 -1.000000 0.000000
vn -0.000000 -1.000000 0.000000
vn -0.000000 -1.000000 0.000000
vn -0.000000 -1.000000 0.000000
vn -0.000000 -1.000000 0.000000
vn -0.000000 -1.000000 0.000000
vn -0.000000 -1.000000 0.000000
vn -0.000000 -1.000000 0.000000
vn -0.000000 -1.000000 0.000000
vn -0.000000 0.000000 -1.000000
vn 0.250806 -0.000000 -0.968037
vn 0.250806 -0.000000 -0.968037
vn -0.000000 0.000000 -1.000000
vn 0.653080 -0.000000 -0.757289
vn 0.653080 -0.000000 -0.757289
vn 0.653080 -0.000000 -0.757289
vn 0.655351 -0.000000 -0.755325
vn 0.857862 -0.000000 -0.513880
vn 0.655351 -0.000000 -0.755325
vn 0.857862 -0.000000 -0.513880
vn 0.987525 -0.000000 -0.157462
vn 0.987525 -0.000000 -0.157462
vn 0.655351 -0.000000 -0.755325
vn 0.859364 0.000000 0.511365
vn 0.859364 0.000000 0.511365
vn 0.982498 0.000000 0.186276
vn 0.982498 0.000000 0.186276
vn 0.859364 0.000000 0.511365
vn 0.857957 0.000000 0.513721
vn 0.649489 0.000000 0.760371
vn 0.857957 0.000000 0.513721
vn 0.857957 0.000000 0.513721
vn 0.649489 0.000000 0.760371
vn 0.392048 0.000000 0.919945
vn 0.392048 0.000000 0.919945
vn 0.392048 0.000000 0.919945
vn 0.392434 0.000000 0.919780
vn -0.000000 0.000000 1.000000
vn -0.000000 0.000000 1.000000
vn 0.392434 0.000000 0.919780
vn 0.392434 0.000000 0.919780
vn -0.000000 0.000000 1.000000
vn -0.000000 0.000000 1.000000
vn -0.075243 0.000000 0.997165
vn -0.075243 0.000000 0.997165
vn -0.000000 0.000000 1.000000
vn -0.000000 0.000000 1.000000
vn -0.075243 0.000000 0.997165
vn -0.075286 0.000000 0.997162
vn -0.191283 0.000000 0.981535
vn -0.191283 0.000000 0.981535
vn -0.075286 0.000000 0.997162
vn -0.075286 0.000000 0.997162
vn -0.191283 0.000000 0.981535
vn -0.046939 0.000000 -0.998898
vn -0.000000 0.000000 -1.000000
vn -0.000000 0.000000 -1.000000
vn -0.046939 0.000000 -0.998898
vn -0.046939 0.000000 -0.998898
vn -0.000000 0.000000 -1.000000
vn -0.000000 0.000000 -1.000000
vn 0.398273 -0.000000 -0.917267
vn 0.398273 -0.000000 -0.917267
vn -0.000000 0.000000 -1.000000
vn -0.000000 0.000000 -1.000000
vn 0.398273 -0.000000 -0.917267
vn 0.397984 -0.000000 -0.917392
vn 0.621932 -0.000000 -0.783071
vn 0.397984 -0.000000 -0.917392
vn 0.397984 -0.000000 -0.917392
vn 0.621932 -0.000000 -0.783071
vn 0.856893 -0.000000 -0.515495
vn 0.856893 -0.000000 -0.515495
vn 0.856893 -0.000000 -0.515495
vn 0.852650 -0.000000 -0.522482
vn 0.958839 -0.000000 -0.283952
vn 0.852650 -0.000000 -0.522482
vn 0.852650 -0.000000 -0.522482
vn 0.958839 -0.000000 -0.283952
vn 1.000000 -0.000000 -0.000000
vn 1.000000 -0.000000 -0.000000
vn 1.000000 -0.000000 -0.000000
vn 1.000000 -0.000000 -0.000000
vn 0.904047 0.000000 0.427434
vn 1.000000 -0.000000 -0.000000
vn 1.000000 -0.000000 -0.000000
vn 0.904047 0.000000 0.427434
vn 0.649789 0.000000 0.760114
vn 0.649789 0.000000 0.760114
vn 0.649789 0.000000 0.760114
vn 0.649932 0.000000 0.759992
vn 0.250704 0.000000 0.968064
vn 0.649932 0.000000 0.759992
vn 0.649932 0.000000 0.759992
vn 0.250704 0.000000 0.968064
vn -0.000000 0.000000 1.000000
vn -0.000000 0.000000 1.000000
vn -0.000000 0.000000 1.000000
vn -0.000000 0.000000 1.000000
vn -0.117065 0.000000 0.993124
vn -0.000000 0.000000 1.000000
vn -0.000000 0.000000 1.000000
vn -0.117065 0.000000 0.993124
vn -0.227345 0.000000 0.973814
vn -0.227345 0.000000 0.973814
vn -0.227345 0.000000 0.973814
vn -0.000000 -1.000000 0.000000
vn 0.000000 -1.000000 -0.000000
vn -0.000000 -1.000000 0.000000
vn -0.000000 -1.000000 0.000000
vn -0.000000 -1.000000 0.000000
vn -0.000000 -1.000000 0.000000
vn -0.000000 -1.000000 0.000000
vn -0.000000 -1.000000 0.000000
vn -0.000000 -1.000000 0.000000
vn -0.000000 -1.000000 0.000000
vn -0.000000 -1.000000 0.000000
vn -0.000000 -1.000000 0.000000
vn -0.000000 -1.000000 0.000000
vn -0.000000 -1.000000 0.000000
vn -0.000000 -1.000000 0.000000
vn -0.000000 -1.000000 0.000000
vn -0.000000 -1.000000 0.000000
vn -0.000000 -1.000000 0.000000
vn -0.000000 -1.000000 0.000000
vn -0.000000 -1.000000 0.000000
vn -0.000000 -1.000000 0.000000
vn -0.000000 -1.000000 0.000000
vn -0.000000 -1.000000 0.000000
vn -0.000000 -1.000000 0.000000
vn -0.000000 -1.000000 0.000000
vn -0.000000 -1.000000 0.000000
vn -0.000000 -1.000000 0.000000
vn -0.000000 -1.000000 0.000000
vn -0.000000 -1.000000 0.000000
vn -0.000000 -1.000000 0.000000
vn -0.000000 -1.000000 0.000000
vn -0.000000 -1.000000 0.000000
vn -0.000000 -1.000000 0.000000
vn -0.000000 -1.000000 0.000000
vn -0.000000 -1.000000 0.000000
vn -0.000000 -1.000000 0.000000
vn -0.000000 -1.000000 0.000000
vn -0.000000 -1.000000 0.000000
vn -0.000000 -1.000000 0.000000
vn -0.000000 -1.000000 0.000000
vn -0.000000 -1.000000 0.000000
vn -0.000000 -1.000000 0.000000
vn -0.000000 -1.000000 0.000000
vn -0.000000 -1.000000 0.000000
vn -0.000000 -1.000000 0.000000
vn -0.000000 -1.000000 0.000000
vn -0.000000 -1.000000 0.000000
vn -0.000000 -1.000000 0.000000
vn -0.000000 -1.000000 0.000000
vn -0.000000 -1.000000 0.000000
vn -0.000000 -1.000000 0.000000
vn -0.000000 -1.000000 0.000000
vn -0.000000 -1.000000 0.000000
vn -0.000000 -1.000000 0.000000
vn -0.000000 -1.000000 0.000000
vn -0.000000 -1.000000 0.000000
vn -0.000000 -1.000000 0.000000
vn -0.000000 -1.000000 0.000000
vn -0.000000 -1.000000 0.000000
vn -0.000000 -1.000000 0.000000
vn -0.000000 -1.000000 0.000000
vn -0.000000 1.000000 0.000000
vn -0.000000 1.000000 0.000000
vn -0.000000 1.000000 0.000000
vn -0.000000 1.000000 0.000000
vn -0.000000 1.000000 0.000000
vn -0.000000 1.000000 0.000000
vn -0.000000 1.000000 0.000000
vn -0.000000 1.000000 0.000000
vn -0.000000 1.000000 0.000000
vn -0.000000 1.000000 0.000000
vn -0.000000 1.000000 0.000000
vn -0.000000 1.000000 0.000000
vn -0.000000 1.000000 0.000000
vn -0.000000 1.000000 0.000000
vn -0.000000 1.000000 0.000000
vn -0.000000 1.000000 0.000000
vn -0.000000 1.000000 0.000000
vn -0.000000 1.000000 0.000000
vn -0.000000 1.000000 0.000000
vn -0.000000 1.000000 0.000000
vn -0.000000 1.000000 0.000000
vn -0.000000 1.000000 0.000000
vn -0.000000 1.000000 0.000000
vn -0.000000 1.000000 0.000000
vn -0.000000 1.000000 0.000000
vn -0.000000 1.000000 0.000000
vn -0.000000 1.000000 0.000000
vn -0.000000 1.000000 0.000000
vn -0.000000 1.000000 0.000000
vn -0.000000 1.000000 0.000000
vn -0.000000 1.000000 0.000000
vn -0.000000 1.000000 0.000000
vn -0.000000 1.000000 0.000000
vn -0.000000 1.000000 0.000000
vn -0.000000 1.000000 0.000000
vn -0.000000 1.000000 0.000000
vn -0.000000 1.000000 0.000000
vn -0.000000 1.000000 0.000000
vn -0.000000 1.000000 0.000000
vn -0.000000 1.000000 0.000000
vn -0.000000 1.000000 0.000000
vn -0.000000 1.000000 0.000000
vn -0.000000 1.000000 0.000000
vn -0.000000 1.000000 0.000000
vn -0.000000 1.000000 0.000000
vn -0.000000 1.000000 0.000000
vn -0.000000 1.000000 0.000000
vn -0.000000 1.000000 0.000000
vn -0.000000 1.000000 0.000000
vn -0.000000 1.000000 0.000000
vn -0.000000 1.000000 0.000000
vn -0.000000 1.000000 0.000000
vn -0.000000 1.000000 0.000000
vn -0.000000 1.000000 0.000000
vn -0.000000 1.000000 0.000000
vn -0.000000 1.000000 0.000000
vn -0.000000 1.000000 0.000000
vn -0.000000 1.000000 0.000000
vn -0.000000 1.000000 0.000000
vn -0.000000 1.000000 0.000000
vn -0.000000 1.000000 0.000000
vn -0.000000 1.000000 0.000000
vn -0.000000 1.000000 0.000000
vn -0.688098 0.000000 0.725617
vn -0.390430 0.000000 0.920632
vn -0.688098 0.000000 0.725617
vn -0.688098 0.000000 0.725617
vn -0.390430 0.000000 0.920632
vn -0.209856 0.000000 0.977732
vn -0.209856 0.000000 0.977732
vn -0.209856 0.000000 0.977732
vn -1.000000 0.000000 0.000000
vn -0.919517 0.000000 0.393050
vn -1.000000 0.000000 0.000000
vn -1.000000 0.000000 0.000000
vn -0.919517 0.000000 0.393050
vn -0.689655 0.000000 0.724138
vn -0.689655 0.000000 0.724138
vn -0.689655 0.000000 0.724138
vn -0.822818 0.000000 -0.568305
vn -0.948101 0.000000 -0.317971
vn -0.822818 0.000000 -0.568305
vn -0.822818 0.000000 -0.568305
vn -0.948101 0.000000 -0.317971
vn -1.000000 0.000000 0.000000
vn -1.000000 0.000000 0.000000
vn -1.000000 0.000000 0.000000
vn -0.355680 0.000000 -0.934608
vn -0.607180 0.000000 -0.794564
vn -0.355680 0.000000 -0.934608
vn -0.355680 0.000000 -0.934608
vn -0.607180 0.000000 -0.794564
vn -0.822969 0.000000 -0.568087
vn -0.822969 0.000000 -0.568087
vn -0.822969 0.000000 -0.568087
vn -0.357200 0.000000 -0.934028
vn -0.000000 0.000000 -1.000000
vn -0.000000 0.000000 -1.000000
vn -0.357200 0.000000 -0.934028
vn -0.357200 0.000000 -0.934028
vn -0.000000 0.000000 -1.000000
vn -0.000000 0.000000 -1.000000
vn -0.000000 0.000000 -1.000000
vn -0.000000 0.000000 -1.000000
vn 1.000000 -0.000000 -0.000000
vn 1.000000 -0.000000 -0.000000
vn 1.000000 -0.000000 -0.000000
vn 1.000000 -0.000000 -0.000000
vn -0.000000 0.000000 1.000000
vn -0.000000 0.000000 1.000000
vn -0.000000 0.000000 1.000000
vn -0.000000 0.000000 1.000000
vn 0.824788 0.000000 0.565442
vn 0.543166 0.000000 0.839625
vn 0.824788 0.000000 0.565442
vn 0.824788 0.000000 0.565442
vn 0.543166 0.000000 0.839625
vn -0.000000 0.000000 1.000000
vn 0.227680 0.000000 0.973736
vn 0.227680 0.000000 0.973736
vn -0.000000 0.000000 1.000000
vn 1.000000 -0.000000 -0.000000
vn 0.994531 0.000000 0.104442
vn 0.994531 0.000000 0.104442
vn 1.000000 -0.000000 -0.000000
vn 0.833785 0.000000 0.552089
vn 0.833785 0.000000 0.552089
vn 0.833785 0.000000 0.552089
vn 1.000000 -0.000000 -0.000000
vn 1.000000 -0.000000 -0.000000
vn 1.000000 -0.000000 -0.000000
vn 1.000000 -0.000000 -0.000000
vn 0.752215 -0.000000 -0.658917
vn 0.978689 -0.000000 -0.205348
vn 0.752215 -0.000000 -0.658917
vn 0.752215 -0.000000 -0.658917
vn 0.978689 -0.000000 -0.205348
vn 1.000000 -0.000000 -0.000000
vn 0.997655 -0.000000 -0.068443
vn 0.997655 -0.000000 -0.068443
vn 1.000000 -0.000000 -0.000000
vn -0.000000 0.000000 -1.000000
vn 0.333928 -0.000000 -0.942599
vn 0.333928 -0.000000 -0.942599
vn -0.000000 0.000000 -1.000000
vn 0.749315 -0.000000 -0.662214
vn 0.749315 -0.000000 -0.662214
vn 0.749315 -0.000000 -0.662214
vn -0.000000 0.000000 -1.000000
vn -0.000000 0.000000 -1.000000
vn -0.000000 0.000000 -1.000000
vn -0.000000 0.000000 -1.000000
vn 1.000000 -0.000000 -0.000000
vn 1.000000 -0.000000 -0.000000
vn 1.000000 -0.000000 -0.000000
vn 1.000000 -0.000000 -0.000000
vn -0.000000 0.000000 1.000000
vn -0.000000 0.000000 1.000000
vn -0.000000 0.000000 1.000000
vn -0.000000 0.000000 1.000000
vn -0.236907 0.000000 0.971532
vn -0.000000 0.000000 1.000000
vn -0.000000 0.000000 1.000000
vn -0.236907 0.000000 0.971532
vn -0.469611 0.000000 0.882873
vn -0.758090 0.000000 0.652150
vn -0.758090 0.000000 0.652150
vn -0.469611 0.000000 0.882873
vn -0.758090 0.000000 0.652150
vn -0.235284 0.000000 0.971927
vn -0.235284 0.000000 0.971927
vn -1.000000 0.000000 0.000000
vn -0.936811 0.000000 0.349835
vn -1.000000 0.000000 0.000000
vn -1.000000 0.000000 0.000000
vn -0.936811 0.000000 0.349835
vn -0.758090 0.000000 0.652150
vn -0.758090 0.000000 0.652150
vn -0.758090 0.000000 0.652150
vn -0.793761 0.000000 -0.608230
vn -0.946822 0.000000 -0.321758
vn -0.793761 0.000000 -0.608230
vn -0.793761 0.000000 -0.608230
vn -0.946822 0.000000 -0.321758
vn -1.000000 0.000000 0.000000
vn -1.000000 0.000000 0.000000
vn -1.000000 0.000000 0.000000
vn -0.306435 0.000000 -0.951892
vn -0.537277 0.000000 -0.843406
vn -0.306435 0.000000 -0.951892
vn -0.306435 0.000000 -0.951892
vn -0.537277 0.000000 -0.843406
vn -0.792212 0.000000 -0.610246
vn -0.792212 0.000000 -0.610246
vn -0.792212 0.000000 -0.610246
vn -0.265747 0.000000 -0.964043
vn -0.000000 0.000000 -1.000000
vn -0.000000 0.000000 -1.000000
vn -0.265747 0.000000 -0.964043
vn -1.000000 0.000000 0.000000
vn -1.000000 0.000000 0.000000
vn -1.000000 0.000000 0.000000
vn -1.000000 0.000000 0.000000
vn -1.000000 0.000000 0.000000
vn -1.000000 0.000000 0.000000
vn -1.000000 0.000000 0.000000
vn -1.000000 0.000000 0.000000
vn -1.000000 0.000000 0.000000
vn -1.000000 0.000000 0.000000
vn -1.000000 0.000000 0.000000
vn -0.167391 0.000000 -0.985891
vn -0.090621 0.000000 -0.995885
vn -0.167391 0.000000 -0.985891
vn -0.167391 0.000000 -0.985891
vn -0.090621 0.000000 -0.995885
vn -0.046080 0.000000 -0.998938
vn -0.046080 0.000000 -0.998938
vn -0.046080 0.000000 -0.998938
vn -1.000000 0.000000 0.000000
vn -1.000000 0.000000 0.000000
vn -1.000000 0.000000 0.000000
vn -1.000000 0.000000 0.000000
vn -1.000000 0.000000 0.000000
vn -1.000000 0.000000 0.000000
vn -1.000000 0.000000 0.000000
vn -1.000000 0.000000 0.000000
vn -1.000000 0.000000 0.000000
vn -1.000000 0.000000 0.000000
vn -1.000000 0.000000 0.000000
vn -1.000000 0.000000 0.000000
vn -1.000000 0.000000 0.000000
vn -1.000000 0.000000 0.000000
vn -1.000000 0.000000 0.000000
vn -0.000000 -1.000000 0.000000
vn -0.000000 -1.000000 0.000000
vn -0.000000 -1.000000 0.000000
vn -0.000000 -1.000000 0.000000
vn -0.000000 -1.000000 0.000000
vn -0.000000 -1.000000 0.000000
vn -0.000000 -1.000000 0.000000
vn -0.000000 -1.000000 0.000000
vn -0.000000 -1.000000 0.000000
vn -0.000000 -1.000000 0.000000
vn -0.000000 -1.000000 0.000000
vn -0.000000 -1.000000 0.000000
vn -0.000000 -1.000000 0.000000
vn -0.000000 -1.000000 0.000000
vn -0.000000 -1.000000 0.000000
vn -0.000000 -1.000000 0.000000
vn -0.000000 -1.000000 0.000000
vn -0.000000 -1.000000 0.000000
vn -0.000000 -1.000000 0.000000
vn -0.000000 -1.000000 0.000000
vn -0.000000 -1.000000 0.000000
vn -0.000000 -1.000000 0.000000
vn -0.000000 -1.000000 0.000000
vn -0.000000 -1.000000 0.000000
vn -0.000000 -1.000000 0.000000
vn -0.000000 -1.000000 0.000000
vn -0.000000 -1.000000 0.000000
vn -0.000000 -1.000000 0.000000
vn -0.000000 -1.000000 0.000000
vn -0.000000 -1.000000 0.000000
vn -0.000000 -1.000000 0.000000
vn -0.000000 -1.000000 0.000000
vn -0.000000 -1.000000 0.000000
vn -0.000000 -1.000000 0.000000
vn -0.000000 -1.000000 0.000000
vn -0.000000 -1.000000 0.000000
vn -0.000000 -1.000000 0.000000
vn -0.000000 -1.000000 0.000000
vn -0.000000 -1.000000 0.000000
vn -0.000000 -1.000000 0.000000
vn -0.000000 -1.000000 0.000000
vn -0.000000 -1.000000 0.000000
vn -0.000000 -1.000000 0.000000
vn -0.000000 -1.000000 0.000000
vn -0.000000 -1.000000 0.000000
vn -0.000000 -1.000000 0.000000
vn -0.000000 -1.000000 0.000000
vn -0.000000 -1.000000 0.000000
vn -0.000000 -1.000000 0.000000
vn -0.000000 -1.000000 0.000000
vn -0.000000 -1.000000 0.000000
vn -0.000000 -1.000000 0.000000
vn -0.000000 -1.000000 0.000000
vn -0.000000 -1.000000 0.000000
vn -0.000000 -1.000000 0.000000
vn -0.000000 -1.000000 0.000000
vn -0.000000 -1.000000 0.000000
vn -0.000000 -1.000000 0.000000
vn -0.000000 -1.000000 0.000000
vn -0.000000 -1.000000 0.000000
vn -0.000000 -1.000000 0.000000
vn -0.000000 -1.000000 0.000000
vn -0.000000 -1.000000 0.000000
vn -0.000000 0.000000 -1.000000
vn 0.250806 -0.000000 -0.968037
vn 0.250806 -0.000000 -0.968037
vn -0.000000 0.000000 -1.000000
vn 0.653080 -0.000000 -0.757289
vn 0.653080 -0.000000 -0.757289
vn 0.653080 -0.000000 -0.757289
vn 0.655351 -0.000000 -0.755325
vn 0.857862 -0.000000 -0.513880
vn 0.655351 -0.000000 -0.755325
vn 0.857862 -0.000000 -0.513880
vn 0.987525 -0.000000 -0.157462
vn 0.987525 -0.000000 -0.157462
vn 0.655351 -0.000000 -0.755325
vn 0.859364 0.000000 0.511365
vn 0.859364 0.000000 0.511365
vn 0.982498 0.000000 0.186276
vn 0.982498 0.000000 0.186276
vn 0.859364 0.000000 0.511365
vn 0.857957 0.000000 0.513721
vn 0.649489 0.000000 0.760371
vn 0.857957 0.000000 0.513721
vn 0.857957 0.000000 0.513721
vn 0.649489 0.000000 0.760371
vn 0.392048 0.000000 0.919945
vn 0.392048 0.000000 0.919945
vn 0.392048 0.000000 0.919945
vn 0.392434 0.000000 0.919780
vn -0.000000 0.000000 1.000000
vn -0.000000 0.000000 1.000000
vn 0.392434 0.000000 0.919780
vn 0.392434 0.000000 0.919780
vn -0.000000 0.000000 1.000000
vn -0.000000 0.000000 1.000000
vn -0.075243 0.000000 0.997165
vn -0.075243 0.000000 0.997165
vn -0.000000 0.000000 1.000000
vn -0.000000 0.000000 1.000000
vn -0.075243 0.000000 0.997165
vn -0.075286 0.000000 0.997162
vn -0.191283 0.000000 0.981535
vn -0.191283 0.000000 0.981535
vn -0.075286 0.000000 0.997162
vn -0.075286 0.000000 0.997162
vn -0.191283 0.000000 0.981535
vn -0.046939 0.000000 -0.998898
vn -0.000000 0.000000 -1.000000
vn -0.000000 0.000000 -1.000000
vn -0.046939 0.000000 -0.998898
vn -0.046939 0.000000 -0.998898
vn -0.000000 0.000000 -1.000000
vn -0.000000 0.000000 -1.000000
vn 0.398273 -0.000000 -0.917267
vn 0.398273 -0.000000 -0.917267
vn -0.000000 0.000000 -1.000000
vn -0.000000 0.000000 -1.000000
vn 0.398273 -0.000000 -0.917267
vn 0.397984 -0.000000 -0.917392
vn 0.621932 -0.000000 -0.783071
vn 0.397984 -0.000000 -0.917392
vn 0.397984 -0.000000 -0.917392
vn 0.621932 -0.000000 -0.783071
vn 0.856893 -0.000000 -0.515495
vn 0.856893 -0.000000 -0.515495
vn 0.856893 -0.000000 -0.515495
vn 0.852650 -0.000000 -0.522482
vn 0.958839 -0.000000 -0.283952
vn 0.852650 -0.000000 -0.522482
vn 0.852650 -0.000000 -0.522482
vn 0.958839 -0.000000 -0.283952
vn 1.000000 -0.000000 -0.000000
vn 1.000000 -0.000000 -0.000000
vn 1.000000 -0.000000 -0.000000
vn 1.000000 -0.000000 -0.000000
vn 0.904047 0.000000 0.427434
vn 1.000000 -0.000000 -0.000000
vn 1.000000 -0.000000 -0.000000
vn 0.904047 0.000000 0.427434
vn 0.649789 0.000000 0.760114
vn 0.649789 0.000000 0.760114
vn 0.649789 0.000000 0.760114
vn 0.649932 0.000000 0.759992
vn 0.250704 0.000000 0.968064
vn 0.649932 0.000000 0.759992
vn 0.649932 0.000000 0.759992
vn 0.250704 0.000000 0.968064
vn -0.000000 0.000000 1.000000
vn -0.000000 0.000000 1.000000
vn -0.000000 0.000000 1.000000
vn -0.000000 0.000000 1.000000
vn -0.117065 0.000000 0.993124
vn -0.000000 0.000000 1.000000
vn -0.000000 0.000000 1.000000
vn -0.117065 0.000000 0.993124
vn -0.227345 0.000000 0.973814
vn -0.227345 0.000000 0.973814
vn -0.227345 0.000000 0.973814
vn -0.000000 -1.000000 0.000000
vn 0.000000 -1.000000 -0.000000
vn -0.000000 -1.000000 0.000000
vn -0.000000 -1.000000 0.000000
vn -0.000000 -1.000000 0.000000
vn -0.000000 -1.000000 0.000000
vn -0.000000 -1.000000 0.000000
vn -0.000000 -1.000000 0.000000
vn -0.000000 -1.000000 0.000000
vn -0.000000 -1.000000 0.000000
vn -0.000000 -1.000000 0.000000
vn -0.000000 -1.000000 0.000000
vn -0.000000 -1.000000 0.000000
vn -0.000000 -1.000000 0.000000
vn -0.000000 -1.000000 0.000000
vn -0.000000 -1.000000 0.000000
vn -0.000000 -1.000000 0.000000
vn -0.000000 -1.000000 0.000000
vn -0.000000 -1.000000 0.000000
vn -0.000000 -1.000000 0.000000
vn -0.000000 -1.000000 0.000000
vn -0.000000 -1.000000 0.000000
vn -0.000000 -1.000000 0.000000
vn -0.000000 -1.000000 0.000000
vn -0.000000 -1.000000 0.000000
vn -0.000000 -1.000000 0.000000
vn -0.000000 -1.000000 0.000000
vn -0.000000 -1.000000 0.000000
vn -0.000000 -1.000000 0.000000
vn -0.000000 -1.000000 0.000000
vn -0.000000 -1.000000 0.000000
vn -0.000000 -1.000000 0.000000
vn -0.000000 -1.000000 0.000000
vn -0.000000 -1.000000 0.000000
vn -0.000000 -1.000000 0.000000
vn -0.000000 -1.000000 0.000000
vn -0.000000 -1.000000 0.000000
vn -0.000000 -1.000000 0.000000
vn -0.000000 -1.000000 0.000000
vn -0.000000 -1.000000 0.000000
vn -0.000000 -1.000000 0.000000
vn -0.000000 -1.000000 0.000000
vn -0.000000 -1.000000 0.000000
vn -0.000000 -1.000000 0.000000
vn -0.000000 -1.000000 0.000000
vn -0.000000 -1.000000 0.000000
vn -0.000000 -1.000000 0.000000
vn -0.000000 -1.000000 0.000000
vn -0.000000 -1.000000 0.000000
vn -0.000000 -1.000000 0.000000
vn -0.000000 -1.000000 0.000000
vn -0.000000 -1.000000 0.000000
vn -0.000000 -1.000000 0.000000
vn -0.000000 -1.000000 0.000000
vn -0.000000 -1.000000 0.000000
vn -0.000000 -1.000000 0.000000
vn -0.000000 -1.000000 0.000000
vn -0.000000 -1.000000 0.000000
vn -0.000000 -1.000000 0.000000
vn -0.000000 -1.000000 0.000000
vn -0.000000 -1.000000 0.000000
vn 1.000000 0.000000 0.000000
vn 1.000000 0.000000 0.000000
vn 1.000000 0.000000 0.000000
vn 1.000000 0.000000 0.000000
vn -1.000000 0.000000 0.000000
vn -1.000000 0.000000 0.000000
vn -1.000000 0.000000 0.000000
vn -1.000000 0.000000 0.000000
vn 0.000000 -1.000000 -0.000000
vn 0.000000 -1.000000 -0.000000
vn 0.000000 -1.000000 -0.000000
vn 0.000000 -1.000000 -0.000000
vn -0.000000 0.000000 1.000000
vn -0.000000 0.000000 1.000000
vn -0.000000 0.000000 1.000000
vn -0.000000 0.000000 1.000000
vn -0.000000 1.000000 0.000000
vn -0.000000 1.000000 0.000000
vn -0.000000 1.000000 0.000000
vn -0.000000 1.000000 0.000000
vn -0.000000 0.000000 -1.000000
vn -0.000000 0.000000 -1.000000
vn -0.000000 0.000000 -1.000000
vn -0.000000 0.000000 -1.000000
vn -0.000000 0.000000 1.000000
vn -0.000000 0.000000 1.000000
vn -0.000000 0.000000 1.000000
vn -0.000000 0.000000 1.000000
vn -0.000000 -1.000000 0.000000
vn -0.000000 -1.000000 0.000000
vn -0.000000 -1.000000 0.000000
vn -0.000000 -1.000000 0.000000
vn 1.000000 -0.000000 -0.000000
vn 1.000000 -0.000000 -0.000000
vn 1.000000 -0.000000 -0.000000
vn 1.000000 -0.000000 -0.000000
vn -0.000000 1.000000 0.000000
vn -0.000000 1.000000 0.000000
vn -0.000000 1.000000 0.000000
vn -0.000000 1.000000 0.000000
vn -1.000000 0.000000 0.000000
vn -1.000000 0.000000 0.000000
vn -1.000000 0.000000 0.000000
vn -1.000000 0.000000 0.000000
vn -0.000000 0.000000 -1.000000
vn -0.000000 0.000000 -1.000000
vn -0.000000 0.000000 -1.000000
vn -0.000000 0.000000 -1.000000
vn -0.000000 1.000000 0.000000
vn -0.000000 1.000000 0.000000
vn -0.000000 1.000000 0.000000
vn -0.000000 1.000000 0.000000
vn -0.000000 0.000000 1.000000
vn -0.000000 0.000000 1.000000
vn -0.000000 0.000000 1.000000
vn -0.000000 0.000000 1.000000
vn 0.000000 -1.000000 -0.000000
vn 0.000000 -1.000000 -0.000000
vn 0.000000 -1.000000 -0.000000
vn 0.000000 -1.000000 -0.000000
vn -1.000000 0.000000 0.000000
vn -1.000000 0.000000 0.000000
vn -1.000000 0.000000 0.000000
vn -1.000000 0.000000 0.000000
vn 1.000000 0.000000 0.000000
vn 1.000000 0.000000 0.000000
vn 1.000000 0.000000 0.000000
vn 1.000000 0.000000 0.000000
vn -1.000000 0.000000 0.000000
vn -1.000000 0.000000 0.000000
vn -1.000000 0.000000 0.000000
vn -1.000000 0.000000 0.000000
vn -0.000000 1.000000 0.000000
vn -0.000000 1.000000 0.000000
vn -0.000000 1.000000 0.000000
vn -0.000000 1.000000 0.000000
vn 1.000000 -0.000000 -0.000000
vn 1.000000 -0.000000 -0.000000
vn 1.000000 -0.000000 -0.000000
vn 1.000000 -0.000000 -0.000000
vn -0.000000 -1.000000 0.000000
vn -0.000000 -1.000000 0.000000
vn -0.000000 -1.000000 0.000000
vn -0.000000 -1.000000 0.000000
vn -0.000000 0.000000 1.000000
vn -0.000000 0.000000 1.000000
vn -0.000000 0.000000 1.000000
vn -0.000000 0.000000 1.000000
vn -0.000000 1.000000 0.000000
vn -0.000000 1.000000 0.000000
vn -0.000000 1.000000 0.000000
vn -0.000000 1.000000 0.000000
vn -0.000000 1.000000 0.000000
vn -0.000000 1.000000 0.000000
vn -0.000000 1.000000 0.000000
vn -0.000000 1.000000 0.000000
vn -0.000000 1.000000 0.000000
vn -0.000000 1.000000 0.000000
vn -0.000000 1.000000 0.000000
vn -0.000000 1.000000 0.000000
vn -0.000000 1.000000 0.000000
vn -0.000000 1.000000 0.000000
vn -0.000000 1.000000 0.000000
vn -0.000000 1.000000 0.000000
vn -0.000000 1.000000 0.000000
vn -0.000000 1.000000 0.000000
vn -0.000000 1.000000 0.000000
vn -0.000000 1.000000 0.000000
vn -0.000000 1.000000 0.000000
vn -0.000000 1.000000 0.000000
vn -0.000000 1.000000 0.000000
vn -0.000000 1.000000 0.000000
vn -0.000000 1.000000 0.000000
vn -0.000000 1.000000 0.000000
vn -0.000000 1.000000 0.000000
vn -0.000000 1.000000 0.000000
vn -0.000000 1.000000 0.000000
vn -0.000000 1.000000 0.000000
vn -0.000000 1.000000 0.000000
vn -0.000000 1.000000 0.000000
vn -0.000000 1.000000 0.000000
vn -0.000000 1.000000 0.000000
vn -0.000000 1.000000 0.000000
vn -0.000000 1.000000 0.000000
vn -0.000000 1.000000 0.000000
vn -0.000000 1.000000 0.000000
vn -0.000000 1.000000 0.000000
vn -0.000000 1.000000 0.000000
vn 1.000000 -0.000000 -0.000000
vn 1.000000 -0.000000 -0.000000
vn 1.000000 -0.000000 -0.000000
vn 1.000000 -0.000000 -0.000000
vn -0.000000 0.000000 1.000000
vn -0.000000 0.000000 1.000000
vn -0.000000 0.000000 1.000000
vn -0.000000 0.000000 1.000000
vn 0.836794 0.000000 0.547518
vn 0.548839 0.000000 0.835928
vn 0.836794 0.000000 0.547518
vn 0.836794 0.000000 0.547518
vn 0.548839 0.000000 0.835928
vn -0.000000 0.000000 1.000000
vn 0.227754 0.000000 0.973719
vn 0.227754 0.000000 0.973719
vn -0.000000 0.000000 1.000000
vn 1.000000 -0.000000 -0.000000
vn 0.995187 0.000000 0.097991
vn 0.995187 0.000000 0.097991
vn 1.000000 -0.000000 -0.000000
vn 0.830349 0.000000 0.557244
vn 0.830349 0.000000 0.557244
vn 0.830349 0.000000 0.557244
vn 1.000000 -0.000000 -0.000000
vn 1.000000 -0.000000 -0.000000
vn 1.000000 -0.000000 -0.000000
vn 1.000000 -0.000000 -0.000000
vn 0.748164 -0.000000 -0.663514
vn 0.980108 -0.000000 -0.198465
vn 0.748164 -0.000000 -0.663514
vn 0.748164 -0.000000 -0.663514
vn 0.980108 -0.000000 -0.198465
vn 1.000000 -0.000000 -0.000000
vn 0.997857 -0.000000 -0.065435
vn 0.997857 -0.000000 -0.065435
vn 1.000000 -0.000000 -0.000000
vn -0.000000 0.000000 -1.000000
vn 0.332787 -0.000000 -0.943002
vn 0.332787 -0.000000 -0.943002
vn -0.000000 0.000000 -1.000000
vn 0.749008 -0.000000 -0.662561
vn 0.749008 -0.000000 -0.662561
vn 0.749008 -0.000000 -0.662561
vn -0.000000 0.000000 -1.000000
vn -0.000000 0.000000 -1.000000
vn -0.000000 0.000000 -1.000000
vn -0.000000 0.000000 -1.000000
vn 1.000000 -0.000000 -0.000000
vn 1.000000 -0.000000 -0.000000
vn 1.000000 -0.000000 -0.000000
vn 1.000000 -0.000000 -0.000000
vn -0.000000 0.000000 1.000000
vn -0.000000 0.000000 1.000000
vn -0.000000 0.000000 1.000000
vn -0.000000 0.000000 1.000000
vn -0.400301 0.000000 0.916384
vn -0.122920 0.000000 0.992417
vn -0.122920 0.000000 0.992417
vn -0.400301 0.000000 0.916384
vn -0.000000 0.000000 1.000000
vn -0.000000 0.000000 1.000000
vn -0.858684 0.000000 0.512506
vn -0.674597 0.000000 0.738186
vn -0.674597 0.000000 0.738186
vn -0.858684 0.000000 0.512506
vn -0.399301 0.000000 0.916820
vn -0.399301 0.000000 0.916820
vn -1.000000 0.000000 0.000000
vn -0.969539 0.000000 0.244935
vn -0.969539 0.000000 0.244935
vn -1.000000 0.000000 0.000000
vn -0.857493 0.000000 0.514496
vn -0.857493 0.000000 0.514496
vn -0.742035 0.000000 -0.670362
vn -0.941347 0.000000 -0.337441
vn -0.941347 0.000000 -0.337441
vn -0.742035 0.000000 -0.670362
vn -1.000000 0.000000 0.000000
vn -1.000000 0.000000 0.000000
vn -0.000000 0.000000 -1.000000
vn -0.303875 0.000000 -0.952712
vn -0.303875 0.000000 -0.952712
vn -0.000000 0.000000 -1.000000
vn -0.740169 0.000000 -0.672421
vn -0.740169 0.000000 -0.672421
vn -0.000000 0.000000 -1.000000
vn -0.000000 0.000000 -1.000000
vn -0.000000 0.000000 -1.000000
vn -0.000000 0.000000 -1.000000
vn -0.246501 0.000000 -0.969142
vn -0.148469 0.000000 -0.988917
vn -0.246501 0.000000 -0.969142
vn -0.246501 0.000000 -0.969142
vn -0.148469 0.000000 -0.988917
vn -0.000000 0.000000 -1.000000
vn -0.000000 0.000000 -1.000000
vn -0.000000 0.000000 -1.000000
vn -1.000000 0.000000 0.000000
vn -1.000000 0.000000 0.000000
vn -1.000000 0.000000 -0.000000
vn -1.000000 0.000000 0.000000
vn -1.000000 0.000000 -0.000000
vn -1.000000 0.000000 -0.000000
vn -1.000000 0.000000 0.000000
vn -1.000000 0.000000 0.000000
vn -1.000000 0.000000 0.000000
vn -1.000000 0.000000 0.000000
vn -1.000000 0.000000 0.000000
vn -1.000000 0.000000 0.000000
vn -1.000000 0.000000 0.000000
vn -0.000000 -1.000000 0.000000
vn -0.000000 -1.000000 0.000000
vn -0.000000 -1.000000 0.000000
vn -0.000000 -1.000000 0.000000
vn -0.000000 -1.000000 0.000000
vn -0.000000 -1.000000 0.000000
vn -0.000000 -1.000000 0.000000
vn -0.000000 -1.000000 0.000000
vn -0.000000 -1.000000 0.000000
vn -0.000000 -1.000000 0.000000
vn -0.000000 -1.000000 0.000000
vn -0.000000 -1.000000 0.000000
vn -0.000000 -1.000000 0.000000
vn -0.000000 -1.000000 0.000000
vn -0.000000 -1.000000 0.000000
vn -0.000000 -1.000000 0.000000
vn -0.000000 -1.000000 0.000000
vn -0.000000 -1.000000 0.000000
vn -0.000000 -1.000000 0.000000
vn -0.000000 -1.000000 0.000000
vn -0.000000 -1.000000 0.000000
vn -0.000000 -1.000000 0.000000
vn -0.000000 -1.000000 0.000000
vn -0.000000 -1.000000 0.000000
vn -0.000000 -1.000000 0.000000
vn -0.000000 -1.000000 0.000000
vn -0.000000 -1.000000 0.000000
vn -0.000000 -1.000000 0.000000
vn -0.000000 -1.000000 0.000000
vn -0.000000 -1.000000 0.000000
vn -0.000000 -1.000000 0.000000
vn -0.000000 -1.000000 0.000000
vn -0.000000 -1.000000 0.000000
vn -0.000000 -1.000000 0.000000
vn -0.000000 -1.000000 0.000000
vn -0.000000 -1.000000 0.000000
vn -0.000000 -1.000000 0.000000
vn -0.000000 -1.000000 0.000000
vn -0.000000 -1.000000 0.000000
vn -0.000000 -1.000000 0.000000
vn 0.373921 -0.000000 -0.927460
vn -0.000000 0.000000 -1.000000
vn -0.000000 0.000000 -1.000000
vn 0.373921 -0.000000 -0.927460
vn -0.000000 0.000000 -1.000000
vn 0.727459 -0.000000 -0.686151
vn 0.727459 -0.000000 -0.686151
vn 0.949398 -0.000000 -0.314075
vn 0.727524 -0.000000 -0.686082
vn 0.727524 -0.000000 -0.686082
vn 0.949398 -0.000000 -0.314075
vn 1.000000 -0.000000 -0.000000
vn 1.000000 -0.000000 -0.000000
vn 0.729740 0.000000 0.683725
vn 0.950947 0.000000 0.309354
vn 0.950947 0.000000 0.309354
vn 0.729740 0.000000 0.683725
vn 0.729593 0.000000 0.683882
vn 0.391194 0.000000 0.920308
vn 0.391194 0.000000 0.920308
vn 0.729593 0.000000 0.683882
vn -0.000000 0.000000 1.000000
vn -0.000000 0.000000 1.000000
vn -0.000000 0.000000 1.000000
vn -0.216458 0.000000 0.976292
vn -0.216458 0.000000 0.976292
vn -0.000000 0.000000 1.000000
vn -0.000000 0.000000 1.000000
vn -0.000000 0.000000 1.000000
vn -0.000000 0.000000 1.000000
vn -0.000000 0.000000 1.000000
vn 0.000000 -0.000000 -1.000000
vn 0.000000 -0.000000 -1.000000
vn 0.000000 -0.000000 -1.000000
vn 0.000000 -0.000000 -1.000000
vn -0.000000 -1.000000 0.000000
vn -0.000000 -1.000000 0.000000
vn -0.000000 -1.000000 0.000000
vn -0.000000 -1.000000 0.000000
vn -1.000000 0.000000 0.000000
vn -1.000000 0.000000 0.000000
vn -1.000000 0.000000 0.000000
vn -1.000000 0.000000 0.000000
vn -0.000000 1.000000 0.000000
vn -0.000000 1.000000 0.000000
vn -0.000000 1.000000 0.000000
vn -0.000000 1.000000 0.000000
vn 1.000000 0.000000 0.000000
vn 1.000000 0.000000 0.000000
vn 1.000000 0.000000 0.000000
vn 1.000000 0.000000 0.000000
vn -1.000000 0.000000 0.000000
vn -1.000000 0.000000 0.000000
vn -1.000000 0.000000 0.000000
vn -1.000000 0.000000 0.000000
vn 0.000000 -1.000000 -0.000000
vn 0.000000 -1.000000 -0.000000
vn 0.000000 -1.000000 -0.000000
vn 0.000000 -1.000000 -0.000000
vn -0.000000 0.000000 1.000000
vn -0.000000 0.000000 1.000000
vn -0.000000 0.000000 1.000000
vn -0.000000 0.000000 1.000000
vn -0.000000 1.000000 0.000000
vn -0.000000 1.000000 0.000000
vn -0.000000 1.000000 0.000000
vn -0.000000 1.000000 0.000000
vn -0.000000 0.000000 -1.000000
vn -0.000000 0.000000 -1.000000
vn -0.000000 0.000000 -1.000000
vn -0.000000 0.000000 -1.000000
vn 1.000000 0.000000 0.000000
vn 1.000000 0.000000 0.000000
vn 1.000000 0.000000 0.000000
vn 1.000000 0.000000 0.000000
vn -0.000000 1.000000 0.000000
vn -0.000000 1.000000 0.000000
vn -0.000000 1.000000 0.000000
vn -0.000000 1.000000 0.000000
vn -1.000000 0.000000 0.000000
vn -1.000000 0.000000 0.000000
vn -1.000000 0.000000 0.000000
vn -1.000000 0.000000 0.000000
vn -0.000000 -1.000000 0.000000
vn -0.000000 -1.000000 0.000000
vn -0.000000 -1.000000 0.000000
vn -0.000000 -1.000000 0.000000
vn 0.000000 -0.000000 -1.000000
vn 0.000000 -0.000000 -1.000000
vn 0.000000 -0.000000 -1.000000
vn 0.000000 -0.000000 -1.000000
vn -0.000000 0.000000 1.000000
vn -0.000000 0.000000 1.000000
vn -0.000000 0.000000 1.000000
vn -0.000000 0.000000 1.000000
vn -0.000000 0.000000 -1.000000
vn -0.000000 0.000000 -1.000000
vn -0.000000 0.000000 -1.000000
vn -0.000000 0.000000 -1.000000
vn -0.000000 1.000000 0.000000
vn -0.000000 1.000000 0.000000
vn -0.000000 1.000000 0.000000
vn -0.000000 1.000000 0.000000
vn -0.000000 0.000000 1.000000
vn -0.000000 0.000000 1.000000
vn -0.000000 0.000000 1.000000
vn -0.000000 0.000000 1.000000
vn 0.000000 -1.000000 -0.000000
vn 0.000000 -1.000000 -0.000000
vn 0.000000 -1.000000 -0.000000
vn 0.000000 -1.000000 -0.000000
vn -1.000000 0.000000 0.000000
vn -1.000000 0.000000 0.000000
vn -1.000000 0.000000 0.000000
vn -1.000000 0.000000 0.000000
vn -0.000000 1.000000 0.000000
vn -0.000000 1.000000 0.000000
vn -0.000000 1.000000 0.000000
vn -0.000000 1.000000 0.000000
vn -0.000000 1.000000 0.000000
vn -0.000000 1.000000 0.000000
vn -0.000000 1.000000 0.000000
vn -0.000000 1.000000 0.000000
vn -0.000000 1.000000 0.000000
vn -0.000000 1.000000 0.000000
vn -0.000000 1.000000 0.000000
vn -0.000000 1.000000 0.000000
vn -0.000000 1.000000 0.000000
vn -0.000000 1.000000 0.000000
vn -0.000000 1.000000 0.000000
vn -0.000000 1.000000 0.000000
vn -0.000000 1.000000 0.000000
vn -0.000000 1.000000 0.000000
vn -0.000000 1.000000 0.000000
vn -0.000000 1.000000 0.000000
vn -0.000000 1.000000 0.000000
vn -0.000000 1.000000 0.000000
vn -0.000000 1.000000 0.000000
vn -0.000000 1.000000 0.000000
vn -0.000000 1.000000 0.000000
vn -0.000000 1.000000 0.000000
vn -0.000000 1.000000 0.000000
vn -0.000000 1.000000 0.000000
vn -0.000000 1.000000 0.000000
vn -0.000000 1.000000 0.000000
vn -0.000000 1.000000 0.000000
vn -0.000000 1.000000 0.000000
vn -0.000000 1.000000 0.000000
vn -0.000000 1.000000 0.000000
vn -0.000000 1.000000 0.000000
vn -0.000000 1.000000 0.000000
vn -0.000000 1.000000 0.000000
vn -0.000000 1.000000 0.000000
vn -0.000000 1.000000 0.000000
vn -0.000000 1.000000 0.000000
vn 1.000000 -0.000000 -0.000000
vn 1.000000 -0.000000 -0.000000
vn 1.000000 -0.000000 -0.000000
vn 1.000000 -0.000000 -0.000000
vn -0.000000 0.000000 1.000000
vn -0.000000 0.000000 1.000000
vn -0.000000 0.000000 1.000000
vn -0.000000 0.000000 1.000000
vn 0.836794 0.000000 0.547518
vn 0.548839 0.000000 0.835928
vn 0.836794 0.000000 0.547518
vn 0.836794 0.000000 0.547518
vn 0.548839 0.000000 0.835928
vn -0.000000 0.000000 1.000000
vn 0.227754 0.000000 0.973719
vn 0.227754 0.000000 0.973719
vn -0.000000 0.000000 1.000000
vn 1.000000 -0.000000 -0.000000
vn 0.995187 0.000000 0.097991
vn 0.995187 0.000000 0.097991
vn 1.000000 -0.000000 -0.000000
vn 0.830349 0.000000 0.557244
vn 0.830349 0.000000 0.557244
vn 0.830349 0.000000 0.557244
vn 1.000000 -0.000000 -0.000000
vn 1.000000 -0.000000 -0.000000
vn 1.000000 -0.000000 -0.000000
vn 1.000000 -0.000000 -0.000000
vn 0.748164 -0.000000 -0.663514
vn 0.980108 -0.000000 -0.198465
vn 0.748164 -0.000000 -0.663514
vn 0.748164 -0.000000 -0.663514
vn 0.980108 -0.000000 -0.198465
vn 1.000000 -0.000000 -0.000000
vn 0.997857 -0.000000 -0.065435
vn 0.997857 -0.000000 -0.065435
vn 1.000000 -0.000000 -0.000000
vn -0.000000 0.000000 -1.000000
vn 0.332787 -0.000000 -0.943002
vn 0.332787 -0.000000 -0.943002
vn -0.000000 0.000000 -1.000000
vn 0.749008 -0.000000 -0.662561
vn 0.749008 -0.000000 -0.662561
vn 0.749008 -0.000000 -0.662561
vn -0.000000 0.000000 -1.000000
vn -0.000000 0.000000 -1.000000
vn -0.000000 0.000000 -1.000000
vn -0.000000 0.000000 -1.000000
vn 1.000000 -0.000000 -0.000000
vn 1.000000 -0.000000 -0.000000
vn 1.000000 -0.000000 -0.000000
vn 1.000000 -0.000000 -0.000000
vn -0.000000 0.000000 1.000000
vn -0.000000 0.000000 1.000000
vn -0.000000 0.000000 1.000000
vn -0.000000 0.000000 1.000000
vn -0.400301 0.000000 0.916384
vn -0.122920 0.000000 0.992417
vn -0.122920 0.000000 0.992417
vn -0.400301 0.000000 0.916384
vn -0.000000 0.000000 1.000000
vn -0.000000 0.000000 1.000000
vn -0.858684 0.000000 0.512506
vn -0.674597 0.000000 0.738186
vn -0.674597 0.000000 0.738186
vn -0.858684 0.000000 0.512506
vn -0.399301 0.000000 0.916820
vn -0.399301 0.000000 0.916820
vn -1.000000 0.000000 0.000000
vn -0.969539 0.000000 0.244935
vn -0.969539 0.000000 0.244935
vn -1.000000 0.000000 0.000000
vn -0.857493 0.000000 0.514496
vn -0.857493 0.000000 0.514496
vn -0.742035 0.000000 -0.670362
vn -0.941347 0.000000 -0.337441
vn -0.941347 0.000000 -0.337441
vn -0.742035 0.000000 -0.670362
vn -1.000000 0.000000 0.000000
vn -1.000000 0.000000 0.000000
vn -0.000000 0.000000 -1.000000
vn -0.303875 0.000000 -0.952712
vn -0.303875 0.000000 -0.952712
vn -0.000000 0.000000 -1.000000
vn -0.740169 0.000000 -0.672421
vn -0.740169 0.000000 -0.672421
vn -0.000000 0.000000 -1.000000
vn -0.000000 0.000000 -1.000000
vn -0.000000 0.000000 -1.000000
vn -0.000000 0.000000 -1.000000
vn -0.246501 0.000000 -0.969142
vn -0.148469 0.000000 -0.988917
vn -0.246501 0.000000 -0.969142
vn -0.246501 0.000000 -0.969142
vn -0.148469 0.000000 -0.988917
vn -0.000000 0.000000 -1.000000
vn -0.000000 0.000000 -1.000000
vn -0.000000 0.000000 -1.000000
vn -1.000000 0.000000 0.000000
vn -1.000000 0.000000 0.000000
vn -1.000000 0.000000 -0.000000
vn -1.000000 0.000000 0.000000
vn -1.000000 0.000000 -0.000000
vn -1.000000 0.000000 -0.000000
vn -1.000000 0.000000 0.000000
vn -1.000000 0.000000 0.000000
vn -1.000000 0.000000 0.000000
vn -1.000000 0.000000 0.000000
vn -1.000000 0.000000 0.000000
vn -1.000000 0.000000 0.000000
vn -1.000000 0.000000 0.000000
vn -0.000000 -1.000000 0.000000
vn -0.000000 -1.000000 0.000000
vn -0.000000 -1.000000 0.000000
vn -0.000000 -1.000000 0.000000
vn -0.000000 -1.000000 0.000000
vn -0.000000 -1.000000 0.000000
vn -0.000000 -1.000000 0.000000
vn -0.000000 -1.000000 0.000000
vn -0.000000 -1.000000 0.000000
vn -0.000000 -1.000000 0.000000
vn -0.000000 -1.000000 0.000000
vn -0.000000 -1.000000 0.000000
vn -0.000000 -1.000000 0.000000
vn -0.000000 -1.000000 0.000000
vn -0.000000 -1.000000 0.000000
vn -0.000000 -1.000000 0.000000
vn -0.000000 -1.000000 0.000000
vn -0.000000 -1.000000 0.000000
vn -0.000000 -1.000000 0.000000
vn -0.000000 -1.000000 0.000000
vn -0.000000 -1.000000 0.000000
vn -0.000000 -1.000000 0.000000
vn -0.000000 -1.000000 0.000000
vn -0.000000 -1.000000 0.000000
vn -0.000000 -1.000000 0.000000
vn -0.000000 -1.000000 0.000000
vn -0.000000 -1.000000 0.000000
vn -0.000000 -1.000000 0.000000
vn -0.000000 -1.000000 0.000000
vn -0.000000 -1.000000 0.000000
vn -0.000000 -1.000000 0.000000
vn -0.000000 -1.000000 0.000000
vn -0.000000 -1.000000 0.000000
vn -0.000000 -1.000000 0.000000
vn -0.000000 -1.000000 0.000000
vn -0.000000 -1.000000 0.000000
vn -0.000000 -1.000000 0.000000
vn -0.000000 -1.000000 0.000000
vn -0.000000 -1.000000 0.000000
vn -0.000000 -1.000000 0.000000
vn 0.373921 -0.000000 -0.927460
vn -0.000000 0.000000 -1.000000
vn -0.000000 0.000000 -1.000000
vn 0.373921 -0.000000 -0.927460
vn -0.000000 0.000000 -1.000000
vn 0.727459 -0.000000 -0.686151
vn 0.727459 -0.000000 -0.686151
vn 0.949398 -0.000000 -0.314075
vn 0.727524 -0.000000 -0.686082
vn 0.727524 -0.000000 -0.686082
vn 0.949398 -0.000000 -0.314075
vn 1.000000 -0.000000 -0.000000
vn 1.000000 -0.000000 -0.000000
vn 0.729740 0.000000 0.683725
vn 0.950947 0.000000 0.309354
vn 0.950947 0.000000 0.309354
vn 0.729740 0.000000 0.683725
vn 0.729593 0.000000 0.683882
vn 0.391194 0.000000 0.920308
vn 0.391194 0.000000 0.920308
vn 0.729593 0.000000 0.683882
vn -0.000000 0.000000 1.000000
vn -0.000000 0.000000 1.000000
vn -0.000000 0.000000 1.000000
vn -0.216458 0.000000 0.976292
vn -0.216458 0.000000 0.976292
vn -0.000000 0.000000 1.000000
vn -1.000000 0.000000 0.000000
vn -1.000000 0.000000 0.000000
vn -1.000000 0.000000 0.000000
vn -1.000000 0.000000 0.000000
vn -0.000000 1.000000 0.000000
vn -0.000000 1.000000 0.000000
vn -0.000000 1.000000 0.000000
vn -0.000000 1.000000 0.000000
vn 1.000000 -0.000000 -0.000000
vn 1.000000 -0.000000 -0.000000
vn 1.000000 -0.000000 -0.000000
vn 1.000000 -0.000000 -0.000000
vn -0.000000 -1.000000 0.000000
vn -0.000000 -1.000000 0.000000
vn -0.000000 -1.000000 0.000000
vn -0.000000 -1.000000 0.000000
vn -0.000000 0.000000 1.000000
vn -0.000000 0.000000 1.000000
vn -0.000000 0.000000 1.000000
vn -0.000000 0.000000 1.000000
vn -0.000000 0.000000 -1.000000
vn -0.000000 0.000000 -1.000000
vn -0.000000 0.000000 -1.000000
vn -0.000000 0.000000 -1.000000
vn -0.000000 1.000000 0.000000
vn -0.000000 1.000000 0.000000
vn -0.000000 1.000000 0.000000
vn -0.000000 1.000000 0.000000
vn -0.000000 0.000000 1.000000
vn -0.000000 0.000000 1.000000
vn -0.000000 0.000000 1.000000
vn -0.000000 0.000000 1.000000
vn 0.000000 -1.000000 -0.000000
vn 0.000000 -1.000000 -0.000000
vn 0.000000 -1.000000 -0.000000
vn 0.000000 -1.000000 -0.000000
vn -1.000000 0.000000 0.000000
vn -1.000000 0.000000 0.000000
vn -1.000000 0.000000 0.000000
vn -1.000000 0.000000 0.000000
vn 1.000000 0.000000 0.000000
vn 1.000000 0.000000 0.000000
vn 1.000000 0.000000 0.000000
vn 1.000000 0.000000 0.000000
vn -0.000000 1.000000 0.000000
vn -0.000000 1.000000 0.000000
vn -0.000000 1.000000 0.000000
vn -0.000000 1.000000 0.000000
vn -0.000000 1.000000 0.000000
vn -0.000000 1.000000 0.000000
vn -0.000000 1.000000 0.000000
vn -0.000000 1.000000 0.000000
vn -0.000000 1.000000 0.000000
vn -0.000000 1.000000 0.000000
vn -0.000000 1.000000 0.000000
vn -0.000000 1.000000 0.000000
vn -0.000000 1.000000 0.000000
vn -0.000000 1.000000 0.000000
vn -0.000000 1.000000 0.000000
vn -0.000000 1.000000 0.000000
vn -0.000000 1.000000 0.000000
vn -0.000000 1.000000 0.000000
vn -0.000000 1.000000 0.000000
vn -0.000000 1.000000 0.000000
vn -0.000000 1.000000 0.000000
vn -0.000000 1.000000 0.000000
vn -0.000000 1.000000 0.000000
vn -0.000000 1.000000 0.000000
vn -0.000000 1.000000 0.000000
vn -0.000000 1.000000 0.000000
vn -0.000000 1.000000 0.000000
vn -0.000000 1.000000 0.000000
vn -0.000000 1.000000 0.000000
vn -0.000000 1.000000 0.000000
vn -0.000000 1.000000 0.000000
vn -0.000000 1.000000 0.000000
vn -0.000000 1.000000 0.000000
vn -0.000000 1.000000 0.000000
vn -0.000000 1.000000 0.000000
vn -0.000000 1.000000 0.000000
vn -0.000000 1.000000 0.000000
vn -0.000000 1.000000 0.000000
vn -0.000000 1.000000 0.000000
vn -0.000000 1.000000 0.000000
vn -0.997785 0.000000 0.066519
vn -0.997785 0.000000 0.066519
vn -0.997785 0.000000 0.066519
vn -0.997785 0.000000 0.066519
vn -0.000000 0.000000 -1.000000
vn -0.000000 0.000000 -1.000000
vn -0.000000 0.000000 -1.000000
vn -0.000000 0.000000 -1.000000
vn 0.619870 -0.000000 -0.784705
vn 0.875053 -0.000000 -0.484026
vn 0.875053 -0.000000 -0.484026
vn 0.619870 -0.000000 -0.784705
vn 0.957933 -0.000000 -0.286993
vn 0.957933 -0.000000 -0.286993
vn 0.307884 -0.000000 -0.951424
vn -0.000000 0.000000 -1.000000
vn -0.000000 0.000000 -1.000000
vn 0.307884 -0.000000 -0.951424
vn -0.000000 0.000000 -1.000000
vn 0.622155 -0.000000 -0.782894
vn 0.622155 -0.000000 -0.782894
vn -0.534057 0.000000 -0.845449
vn -0.270417 0.000000 -0.962743
vn -0.534057 0.000000 -0.845449
vn -0.534057 0.000000 -0.845449
vn -0.270417 0.000000 -0.962743
vn -0.000000 0.000000 -1.000000
vn -0.000000 0.000000 -1.000000
vn -0.000000 0.000000 -1.000000
vn -0.923688 0.000000 -0.383145
vn -0.796132 0.000000 -0.605123
vn -0.796132 0.000000 -0.605123
vn -0.923688 0.000000 -0.383145
vn -0.534386 0.000000 -0.845240
vn -0.534386 0.000000 -0.845240
vn -0.534386 0.000000 -0.845240
vn -1.000000 0.000000 0.000000
vn -0.924224 0.000000 -0.381851
vn -0.924224 0.000000 -0.381851
vn -1.000000 0.000000 0.000000
vn -0.916761 0.000000 0.399437
vn -1.000000 0.000000 0.000000
vn -1.000000 0.000000 0.000000
vn -0.916761 0.000000 0.399437
vn -0.522778 0.000000 0.852469
vn -0.761763 0.000000 0.647856
vn -0.761763 0.000000 0.647856
vn -0.522778 0.000000 0.852469
vn -0.916890 0.000000 0.399140
vn -0.916890 0.000000 0.399140
vn -0.253304 0.000000 0.967387
vn -0.000000 0.000000 1.000000
vn -0.000000 0.000000 1.000000
vn -0.253304 0.000000 0.967387
vn -0.000000 0.000000 1.000000
vn -0.521026 0.000000 0.853541
vn -0.521026 0.000000 0.853541
vn 0.489467 0.000000 0.872022
vn 0.230981 0.000000 0.972958
vn 0.489467 0.000000 0.872022
vn 0.489467 0.000000 0.872022
vn 0.230981 0.000000 0.972958
vn -0.000000 0.000000 1.000000
vn -0.000000 0.000000 1.000000
vn -0.000000 0.000000 1.000000
vn 0.812878 0.000000 0.582434
vn 0.487455 0.000000 0.873148
vn 0.487455 0.000000 0.873148
vn 0.812878 0.000000 0.582434
vn 0.487455 0.000000 0.873148
vn -0.550344 0.000000 0.834938
vn -0.550344 0.000000 0.834938
vn -0.550344 0.000000 0.834938
vn -0.550344 0.000000 0.834938
vn -0.526151 0.000000 -0.850391
vn -0.871038 0.000000 -0.491216
vn -0.871038 0.000000 -0.491216
vn -0.526151 0.000000 -0.850391
vn -0.000000 0.000000 -1.000000
vn -0.243473 0.000000 -0.969908
vn -0.243473 0.000000 -0.969908
vn -0.000000 0.000000 -1.000000
vn -0.523945 0.000000 -0.851752
vn -0.523945 0.000000 -0.851752
vn 0.805290 -0.000000 -0.592880
vn 0.430727 -0.000000 -0.902482
vn 0.430727 -0.000000 -0.902482
vn 0.805290 -0.000000 -0.592880
vn -0.000000 0.000000 -1.000000
vn -0.000000 0.000000 -1.000000
vn 1.000000 -0.000000 -0.000000
vn 0.955605 -0.000000 -0.294651
vn 0.955605 -0.000000 -0.294651
vn 1.000000 -0.000000 -0.000000
vn 0.804244 -0.000000 -0.594299
vn 0.804244 -0.000000 -0.594299
vn 0.882483 0.000000 0.470344
vn 0.972023 0.000000 0.234884
vn 0.972023 0.000000 0.234884
vn 0.882483 0.000000 0.470344
vn 1.000000 -0.000000 -0.000000
vn 1.000000 -0.000000 -0.000000
vn 0.508404 0.000000 0.861118
vn 0.727042 0.000000 0.686593
vn 0.727042 0.000000 0.686593
vn 0.508404 0.000000 0.861118
vn 0.882987 0.000000 0.469398
vn 0.882987 0.000000 0.469398
vn -0.000000 0.000000 1.000000
vn 0.258095 0.000000 0.966119
vn 0.258095 0.000000 0.966119
vn -0.000000 0.000000 1.000000
vn 0.507140 0.000000 0.861863
vn 0.507140 0.000000 0.861863
vn -0.000000 0.000000 1.000000
vn -0.450928 0.000000 0.892560
vn -0.450928 0.000000 0.892560
vn -0.450928 0.000000 0.892560
vn -0.000000 0.000000 1.000000
vn -0.000000 0.000000 1.000000
vn -0.469023 0.000000 0.883186
vn -0.469023 0.000000 0.883186
vn -0.000000 0.000000 1.000000
vn -0.000000 0.000000 1.000000
vn -0.469023 0.000000 0.883186
vn 0.687745 0.000000 0.725953
vn 0.383161 0.000000 0.923681
vn 0.687745 0.000000 0.725953
vn 0.687745 0.000000 0.725953
vn 0.383161 0.000000 0.923681
vn -0.000000 0.000000 1.000000
vn -0.000000 0.000000 1.000000
vn -0.000000 0.000000 1.000000
vn 0.975822 0.000000 0.218566
vn 0.905723 0.000000 0.423869
vn 0.905723 0.000000 0.423869
vn 0.975822 0.000000 0.218566
vn 0.720944 0.000000 0.692993
vn 0.720944 0.000000 0.692993
vn 0.720944 0.000000 0.692993
vn -0.000000 0.000000 1.000000
vn -0.000000 0.000000 1.000000
vn -0.000000 0.000000 1.000000
vn -0.000000 0.000000 1.000000
vn -0.000000 -1.000000 0.000000
vn -0.000000 -1.000000 0.000000
vn -0.000000 -1.000000 0.000000
vn -0.000000 -1.000000 0.000000
vn -0.000000 -1.000000 0.000000
vn -0.000000 -1.000000 0.000000
vn -0.000000 -1.000000 0.000000
vn -0.000000 -1.000000 0.000000
vn -0.000000 -1.000000 0.000000
vn -0.000000 -1.000000 0.000000
vn -0.000000 -1.000000 0.000000
vn -0.000000 -1.000000 0.000000
vn -0.000000 -1.000000 0.000000
vn -0.000000 -1.000000 0.000000
vn -0.000000 -1.000000 0.000000
vn -0.000000 -1.000000 0.000000
vn -0.000000 -1.000000 0.000000
vn -0.000000 -1.000000 0.000000
vn -0.000000 -1.000000 0.000000
vn -0.000000 -1.000000 0.000000
vn -0.000000 -1.000000 0.000000
vn -0.000000 -1.000000 0.000000
vn -0.000000 -1.000000 0.000000
vn -0.000000 -1.000000 0.000000
vn -0.000000 -1.000000 0.000000
vn -0.000000 -1.000000 0.000000
vn -0.000000 -1.000000 0.000000
vn -0.000000 -1.000000 0.000000
vn -0.000000 -1.000000 0.000000
vn -0.000000 -1.000000 0.000000
vn -0.000000 -1.000000 0.000000
vn -0.000000 -1.000000 0.000000
vn -0.000000 -1.000000 0.000000
vn -0.000000 -1.000000 0.000000
vn -0.000000 -1.000000 0.000000
vn -0.000000 -1.000000 0.000000
vn -0.000000 -1.000000 0.000000
vn -0.000000 -1.000000 0.000000
vn -0.000000 -1.000000 0.000000
vn -0.000000 -1.000000 0.000000
vn -0.000000 0.000000 -1.000000
vn -0.000000 0.000000 -1.000000
vn -0.000000 0.000000 -1.000000
vn -0.000000 0.000000 -1.000000
vn -0.000000 1.000000 0.000000
vn -0.000000 1.000000 0.000000
vn -0.000000 1.000000 0.000000
vn -0.000000 1.000000 0.000000
vn -0.000000 0.000000 1.000000
vn -0.000000 0.000000 1.000000
vn -0.000000 0.000000 1.000000
vn -0.000000 0.000000 1.000000
vn 0.000000 -1.000000 -0.000000
vn 0.000000 -1.000000 -0.000000
vn 0.000000 -1.000000 -0.000000
vn 0.000000 -1.000000 -0.000000
vn -1.000000 0.000000 0.000000
vn -1.000000 0.000000 0.000000
vn -1.000000 0.000000 0.000000
vn -1.000000 0.000000 0.000000
vn 1.000000 0.000000 0.000000
vn 1.000000 0.000000 0.000000
vn 1.000000 0.000000 0.000000
vn 1.000000 0.000000 0.000000
vn -0.000000 1.000000 0.000000
vn -0.000000 1.000000 0.000000
vn -0.000000 1.000000 0.000000
vn -0.000000 1.000000 0.000000
vn -1.000000 0.000000 0.000000
vn -1.000000 0.000000 0.000000
vn -1.000000 0.000000 0.000000
vn -1.000000 0.000000 0.000000
vn -0.000000 -1.000000 0.000000
vn -0.000000 -1.000000 0.000000
vn -0.000000 -1.000000 0.000000
vn -0.000000 -1.000000 0.000000
vn 0.000000 -0.000000 -1.000000
vn 0.000000 -0.000000 -1.000000
vn 0.000000 -0.000000 -1.000000
vn 0.000000 -0.000000 -1.000000
vn -0.000000 0.000000 1.000000
vn -0.000000 0.000000 1.000000
vn -0.000000 0.000000 1.000000
vn -0.000000 0.000000 1.000000
vn -0.000000 1.000000 0.000000
vn -0.000000 1.000000 0.000000
vn -0.000000 1.000000 0.000000
vn -0.000000 1.000000 0.000000
vn -0.000000 1.000000 0.000000
vn -0.000000 1.000000 0.000000
vn -0.000000 1.000000 0.000000
vn -0.000000 1.000000 0.000000
vn -0.000000 1.000000 0.000000
vn -0.000000 1.000000 0.000000
vn -0.000000 1.000000 0.000000
vn -0.000000 1.000000 0.000000
vn -0.000000 1.000000 0.000000
vn -0.000000 1.000000 0.000000
vn -0.000000 1.000000 0.000000
vn -0.000000 1.000000 0.000000
vn -0.000000 1.000000 0.000000
vn -0.000000 1.000000 0.000000
vn -0.000000 1.000000 0.000000
vn -0.000000 1.000000 0.000000
vn -0.000000 1.000000 0.000000
vn -0.000000 1.000000 0.000000
vn -0.000000 1.000000 0.000000
vn -0.000000 1.000000 0.000000
vn -0.000000 1.000000 0.000000
vn -0.000000 1.000000 0.000000
vn -0.000000 1.000000 0.000000
vn -0.000000 1.000000 0.000000
vn -0.000000 1.000000 0.000000
vn -0.000000 1.000000 0.000000
vn -0.000000 1.000000 0.000000
vn -0.000000 1.000000 0.000000
vn -0.000000 1.000000 0.000000
vn -0.000000 1.000000 0.000000
vn -0.000000 1.000000 0.000000
vn -0.000000 1.000000 0.000000
vn -0.000000 1.000000 0.000000
vn -0.000000 1.000000 0.000000
vn -0.000000 1.000000 0.000000
vn -0.000000 1.000000 0.000000
vn -0.997785 0.000000 0.066519
vn -0.997785 0.000000 0.066519
vn -0.997785 0.000000 0.066519
vn -0.997785 0.000000 0.066519
vn -0.000000 0.000000 -1.000000
vn -0.000000 0.000000 -1.000000
vn -0.000000 0.000000 -1.000000
vn -0.000000 0.000000 -1.000000
vn 0.619870 -0.000000 -0.784705
vn 0.875053 -0.000000 -0.484026
vn 0.875053 -0.000000 -0.484026
vn 0.619870 -0.000000 -0.784705
vn 0.957933 -0.000000 -0.286993
vn 0.957933 -0.000000 -0.286993
vn 0.307884 -0.000000 -0.951424
vn -0.000000 0.000000 -1.000000
vn -0.000000 0.000000 -1.000000
vn 0.307884 -0.000000 -0.951424
vn -0.000000 0.000000 -1.000000
vn 0.622155 -0.000000 -0.782894
vn 0.622155 -0.000000 -0.782894
vn -0.534057 0.000000 -0.845449
vn -0.270417 0.000000 -0.962743
vn -0.534057 0.000000 -0.845449
vn -0.534057 0.000000 -0.845449
vn -0.270417 0.000000 -0.962743
vn -0.000000 0.000000 -1.000000
vn -0.000000 0.000000 -1.000000
vn -0.000000 0.000000 -1.000000
vn -0.923688 0.000000 -0.383145
vn -0.796132 0.000000 -0.605123
vn -0.796132 0.000000 -0.605123
vn -0.923688 0.000000 -0.383145
vn -0.534386 0.000000 -0.845240
vn -0.534386 0.000000 -0.845240
vn -0.534386 0.000000 -0.845240
vn -1.000000 0.000000 0.000000
vn -0.924224 0.000000 -0.381851
vn -0.924224 0.000000 -0.381851
vn -1.000000 0.000000 0.000000
vn -0.916761 0.000000 0.399437
vn -1.000000 0.000000 0.000000
vn -1.000000 0.000000 0.000000
vn -0.916761 0.000000 0.399437
vn -0.522778 0.000000 0.852469
vn -0.761763 0.000000 0.647856
vn -0.761763 0.000000 0.647856
vn -0.522778 0.000000 0.852469
vn -0.916890 0.000000 0.399140
vn -0.916890 0.000000 0.399140
vn -0.253304 0.000000 0.967387
vn -0.000000 0.000000 1.000000
vn -0.000000 0.000000 1.000000
vn -0.253304 0.000000 0.967387
vn -0.000000 0.000000 1.000000
vn -0.521026 0.000000 0.853541
vn -0.521026 0.000000 0.853541
vn 0.489467 0.000000 0.872022
vn 0.230981 0.000000 0.972958
vn 0.489467 0.000000 0.872022
vn 0.489467 0.000000 0.872022
vn 0.230981 0.000000 0.972958
vn -0.000000 0.000000 1.000000
vn -0.000000 0.000000 1.000000
vn -0.000000 0.000000 1.000000
vn 0.812878 0.000000 0.582434
vn 0.487455 0.000000 0.873148
vn 0.487455 0.000000 0.873148
vn 0.812878 0.000000 0.582434
vn 0.487455 0.000000 0.873148
vn -0.550344 0.000000 0.834938
vn -0.550344 0.000000 0.834938
vn -0.550344 0.000000 0.834938
vn -0.550344 0.000000 0.834938
vn -0.526151 0.000000 -0.850391
vn -0.871038 0.000000 -0.491216
vn -0.871038 0.000000 -0.491216
vn -0.526151 0.000000 -0.850391
vn -0.000000 0.000000 -1.000000
vn -0.243473 0.000000 -0.969908
vn -0.243473 0.000000 -0.969908
vn -0.000000 0.000000 -1.000000
vn -0.523945 0.000000 -0.851752
vn -0.523945 0.000000 -0.851752
vn 0.805290 -0.000000 -0.592880
vn 0.430727 -0.000000 -0.902482
vn 0.430727 -0.000000 -0.902482
vn 0.805290 -0.000000 -0.592880
vn -0.000000 0.000000 -1.000000
vn -0.000000 0.000000 -1.000000
vn 1.000000 -0.000000 -0.000000
vn 0.955605 -0.000000 -0.294651
vn 0.955605 -0.000000 -0.294651
vn 1.000000 -0.000000 -0.000000
vn 0.804244 -0.000000 -0.594299
vn 0.804244 -0.000000 -0.594299
vn 0.882483 0.000000 0.470344
vn 0.972023 0.000000 0.234884
vn 0.972023 0.000000 0.234884
vn 0.882483 0.000000 0.470344
vn 1.000000 -0.000000 -0.000000
vn 1.000000 -0.000000 -0.000000
vn 0.508404 0.000000 0.861118
vn 0.727042 0.000000 0.686593
vn 0.727042 0.000000 0.686593
vn 0.508404 0.000000 0.861118
vn 0.882987 0.000000 0.469398
vn 0.882987 0.000000 0.469398
vn -0.000000 0.000000 1.000000
vn 0.258095 0.000000 0.966119
vn 0.258095 0.000000 0.966119
vn -0.000000 0.000000 1.000000
vn 0.507140 0.000000 0.861863
vn 0.507140 0.000000 0.861863
vn -0.000000 0.000000 1.000000
vn -0.450928 0.000000 0.892560
vn -0.450928 0.000000 0.892560
vn -0.450928 0.000000 0.892560
vn -0.000000 0.000000 1.000000
vn -0.000000 0.000000 1.000000
vn -0.469023 0.000000 0.883186
vn -0.469023 0.000000 0.883186
vn -0.000000 0.000000 1.000000
vn -0.000000 0.000000 1.000000
vn -0.469023 0.000000 0.883186
vn 0.687745 0.000000 0.725953
vn 0.383161 0.000000 0.923681
vn 0.687745 0.000000 0.725953
vn 0.687745 0.000000 0.725953
vn 0.383161 0.000000 0.923681
vn -0.000000 0.000000 1.000000
vn -0.000000 0.000000 1.000000
vn -0.000000 0.000000 1.000000
vn 0.975822 0.000000 0.218566
vn 0.905723 0.000000 0.423869
vn 0.905723 0.000000 0.423869
vn 0.975822 0.000000 0.218566
vn 0.720944 0.000000 0.692993
vn 0.720944 0.000000 0.692993
vn 0.720944 0.000000 0.692993
vn -0.000000 0.000000 1.000000
vn -0.000000 0.000000 1.000000
vn -0.000000 0.000000 1.000000
vn -0.000000 0.000000 1.000000
vn -0.000000 -1.000000 0.000000
vn -0.000000 -1.000000 0.000000
vn -0.000000 -1.000000 0.000000
vn -0.000000 -1.000000 0.000000
vn -0.000000 -1.000000 0.000000
vn -0.000000 -1.000000 0.000000
vn -0.000000 -1.000000 0.000000
vn -0.000000 -1.000000 0.000000
vn -0.000000 -1.000000 0.000000
vn -0.000000 -1.000000 0.000000
vn -0.000000 -1.000000 0.000000
vn -0.000000 -1.000000 0.000000
vn -0.000000 -1.000000 0.000000
vn -0.000000 -1.000000 0.000000
vn -0.000000 -1.000000 0.000000
vn -0.000000 -1.000000 0.000000
vn -0.000000 -1.000000 0.000000
vn -0.000000 -1.000000 0.000000
vn -0.000000 -1.000000 0.000000
vn -0.000000 -1.000000 0.000000
vn -0.000000 -1.000000 0.000000
vn -0.000000 -1.000000 0.000000
vn -0.000000 -1.000000 0.000000
vn -0.000000 -1.000000 0.000000
vn -0.000000 -1.000000 0.000000
vn -0.000000 -1.000000 0.000000
vn -0.000000 -1.000000 0.000000
vn -0.000000 -1.000000 0.000000
vn -0.000000 -1.000000 0.000000
vn -0.000000 -1.000000 0.000000
vn -0.000000 -1.000000 0.000000
vn -0.000000 -1.000000 0.000000
vn -0.000000 -1.000000 0.000000
vn -0.000000 -1.000000 0.000000
vn -0.000000 -1.000000 0.000000
vn -0.000000 -1.000000 0.000000
vn -0.000000 -1.000000 0.000000
vn -0.000000 -1.000000 0.000000
vn -0.000000 -1.000000 0.000000
vn -0.000000 -1.000000 0.000000
vn 1.000000 0.000000 0.000000
vn 1.000000 0.000000 0.000000
vn 1.000000 0.000000 0.000000
vn 1.000000 0.000000 0.000000
vn -0.000000 1.000000 0.000000
vn -0.000000 1.000000 0.000000
vn -0.000000 1.000000 0.000000
vn -0.000000 1.000000 0.000000
vn -1.000000 0.000000 0.000000
vn -1.000000 0.000000 0.000000
vn -1.000000 0.000000 0.000000
vn -1.000000 0.000000 0.000000
vn -0.000000 -1.000000 0.000000
vn -0.000000 -1.000000 0.000000
vn -0.000000 -1.000000 0.000000
vn -0.000000 -1.000000 0.000000
vn 0.000000 -0.000000 -1.000000
vn 0.000000 -0.000000 -1.000000
vn 0.000000 -0.000000 -1.000000
vn 0.000000 -0.000000 -1.000000
vn -0.000000 0.000000 1.000000
vn -0.000000 0.000000 1.000000
vn -0.000000 0.000000 1.000000
vn -0.000000 0.000000 1.000000
vn -0.000000 0.000000 -1.000000
vn -0.000000 0.000000 -1.000000
vn -0.000000 0.000000 -1.000000
vn -0.000000 0.000000 -1.000000
vn -0.000000 1.000000 0.000000
vn -0.000000 1.000000 0.000000
vn -0.000000 1.000000 0.000000
vn -0.000000 1.000000 0.000000
vn -0.000000 0.000000 1.000000
vn -0.000000 0.000000 1.000000
vn -0.000000 0.000000 1.000000
vn -0.000000 0.000000 1.000000
vn 0.000000 -1.000000 -0.000000
vn 0.000000 -1.000000 -0.000000
vn 0.000000 -1.000000 -0.000000
vn 0.000000 -1.000000 -0.000000
vn -1.000000 0.000000 0.000000
vn -1.000000 0.000000 0.000000
vn -1.000000 0.000000 0.000000
vn -1.000000 0.000000 0.000000
vn -0.000000 1.000000 0.000000
vn -0.000000 1.000000 0.000000
vn 0.000000 1.000000 0.000000
vn -0.000000 1.000000 0.000000
vn -0.000000 1.000000 0.000000
vn -0.000000 1.000000 0.000000
vn -0.000000 1.000000 0.000000
vn -0.000000 1.000000 0.000000
vn -0.000000 1.000000 0.000000
vn -0.000000 1.000000 0.000000
vn -0.000000 1.000000 0.000000
vn -0.000000 1.000000 0.000000
vn -0.000000 1.000000 0.000000
vn -0.000000 1.000000 0.000000
vn -0.000000 1.000000 0.000000
vn -0.000000 1.000000 0.000000
vn -0.000000 1.000000 0.000000
vn -0.000000 1.000000 0.000000
vn -0.000000 1.000000 0.000000
vn -0.000000 1.000000 0.000000
vn -0.000000 1.000000 0.000000
vn -0.000000 1.000000 0.000000
vn -0.000000 1.000000 0.000000
vn -0.000000 1.000000 0.000000
vn -0.000000 1.000000 0.000000
vn -0.000000 1.000000 0.000000
vn -0.000000 1.000000 0.000000
vn -0.000000 1.000000 0.000000
vn -0.000000 1.000000 0.000000
vn -0.000000 1.000000 0.000000
vn -0.000000 1.000000 0.000000
vn -0.000000 1.000000 0.000000
vn -0.000000 1.000000 0.000000
vn -0.000000 1.000000 0.000000
vn -0.000000 1.000000 0.000000
vn -0.000000 1.000000 0.000000
vn -0.000000 1.000000 0.000000
vn -0.000000 1.000000 0.000000
vn -0.000000 1.000000 0.000000
vn -0.000000 1.000000 0.000000
vn -0.000000 1.000000 0.000000
vn -0.000000 1.000000 0.000000
vn -0.000000 1.000000 0.000000
vn -0.000000 1.000000 0.000000
vn -0.000000 1.000000 0.000000
vn -0.000000 1.000000 0.000000
vn -0.000000 1.000000 0.000000
vn -0.000000 1.000000 0.000000
vn -0.000000 1.000000 0.000000
vn -0.000000 1.000000 0.000000
vn -1.000000 0.000000 0.000000
vn -1.000000 0.000000 0.000000
vn -1.000000 0.000000 0.000000
vn -1.000000 0.000000 0.000000
vn -0.000000 0.000000 1.000000
vn -0.000000 0.000000 1.000000
vn -0.000000 0.000000 1.000000
vn -0.000000 0.000000 1.000000
vn 0.165290 0.000000 0.986245
vn 0.667120 0.000000 0.744950
vn 0.667120 0.000000 0.744950
vn 0.165290 0.000000 0.986245
vn 0.667120 0.000000 0.744950
vn -0.000000 0.000000 1.000000
vn -0.000000 0.000000 1.000000
vn 0.998599 0.000000 0.052920
vn 0.957514 0.000000 0.288387
vn 0.957514 0.000000 0.288387
vn 0.998599 0.000000 0.052920
vn 0.661449 0.000000 0.749990
vn 0.661449 0.000000 0.749990
vn 0.661449 0.000000 0.749990
vn -0.000000 0.000000 1.000000
vn -0.000000 0.000000 1.000000
vn -0.000000 0.000000 1.000000
vn -0.000000 0.000000 1.000000
vn -1.000000 0.000000 0.000000
vn -1.000000 0.000000 0.000000
vn -1.000000 0.000000 0.000000
vn -1.000000 0.000000 0.000000
vn -0.000000 0.000000 -1.000000
vn -0.000000 0.000000 -1.000000
vn -0.000000 0.000000 -1.000000
vn -0.000000 0.000000 -1.000000
vn 0.990457 -0.000000 -0.137825
vn 0.897643 -0.000000 -0.440724
vn 0.897643 -0.000000 -0.440724
vn 0.897643 -0.000000 -0.440724
vn 0.990457 -0.000000 -0.137825
vn 0.437953 -0.000000 -0.898998
vn 0.674316 -0.000000 -0.738443
vn 0.437953 -0.000000 -0.898998
vn 0.437953 -0.000000 -0.898998
vn 0.674316 -0.000000 -0.738443
vn 0.889180 -0.000000 -0.457557
vn 0.889180 -0.000000 -0.457557
vn 0.889180 -0.000000 -0.457557
vn -0.000000 0.000000 -1.000000
vn 0.128455 -0.000000 -0.991715
vn 0.128455 -0.000000 -0.991715
vn -0.000000 0.000000 -1.000000
vn 0.437953 -0.000000 -0.898998
vn 0.437953 -0.000000 -0.898998
vn 0.437953 -0.000000 -0.898998
vn -0.000000 0.000000 -1.000000
vn -0.000000 0.000000 -1.000000
vn -0.000000 0.000000 -1.000000
vn -0.000000 0.000000 -1.000000
vn -1.000000 0.000000 0.000000
vn -1.000000 0.000000 0.000000
vn -1.000000 0.000000 0.000000
vn -1.000000 0.000000 0.000000
vn -1.000000 0.000000 0.000000
vn -0.929906 0.000000 0.367798
vn -0.929906 0.000000 0.367798
vn -0.929906 0.000000 0.367798
vn -1.000000 0.000000 0.000000
vn -0.491013 0.000000 0.871152
vn -0.741952 0.000000 0.670453
vn -0.491013 0.000000 0.871152
vn -0.491013 0.000000 0.871152
vn -0.741952 0.000000 0.670453
vn -0.921441 0.000000 0.388518
vn -0.921441 0.000000 0.388518
vn -0.921441 0.000000 0.388518
vn -0.000000 0.000000 1.000000
vn -0.108401 0.000000 0.994107
vn -0.108401 0.000000 0.994107
vn -0.000000 0.000000 1.000000
vn -0.508729 0.000000 0.860927
vn -0.508729 0.000000 0.860927
vn -0.508729 0.000000 0.860927
vn -0.000000 0.000000 1.000000
vn -0.000000 0.000000 1.000000
vn -0.000000 0.000000 1.000000
vn -0.000000 0.000000 1.000000
vn -0.000000 0.000000 1.000000
vn 0.290579 0.000000 0.956851
vn 0.290579 0.000000 0.956851
vn 0.290579 0.000000 0.956851
vn -0.000000 0.000000 1.000000
vn 0.703033 0.000000 0.711157
vn 0.293803 0.000000 0.955866
vn 0.293803 0.000000 0.955866
vn 0.703033 0.000000 0.711157
vn 0.703033 0.000000 0.711157
vn 0.293803 0.000000 0.955866
vn 0.707107 0.000000 0.707107
vn 0.887044 0.000000 0.461685
vn 0.887044 0.000000 0.461685
vn 0.707107 0.000000 0.707107
vn 0.707107 0.000000 0.707107
vn -0.000000 0.000000 1.000000
vn -0.000000 0.000000 1.000000
vn -0.000000 0.000000 1.000000
vn -0.000000 0.000000 1.000000
vn -0.945509 0.000000 -0.325597
vn -0.945509 0.000000 -0.325597
vn -0.945509 0.000000 -0.325597
vn -0.945509 0.000000 -0.325597
vn -0.000000 0.000000 -1.000000
vn -0.000000 0.000000 -1.000000
vn -0.000000 0.000000 -1.000000
vn -0.000000 0.000000 -1.000000
vn 1.000000 -0.000000 -0.000000
vn 1.000000 -0.000000 -0.000000
vn 1.000000 -0.000000 -0.000000
vn 1.000000 -0.000000 -0.000000
vn -0.000000 0.000000 1.000000
vn -0.000000 0.000000 1.000000
vn -0.000000 0.000000 1.000000
vn -0.000000 0.000000 1.000000
vn -0.000000 0.000000 1.000000
vn 0.472015 0.000000 0.881590
vn 0.472015 0.000000 0.881590
vn 0.472015 0.000000 0.881590
vn -0.000000 0.000000 1.000000
vn 0.943908 0.000000 0.330209
vn 0.739085 0.000000 0.673613
vn 0.943908 0.000000 0.330209
vn 0.943908 0.000000 0.330209
vn 0.739085 0.000000 0.673613
vn 0.441146 0.000000 0.897435
vn 0.441146 0.000000 0.897435
vn 0.441146 0.000000 0.897435
vn 0.939546 0.000000 0.342422
vn 1.000000 -0.000000 -0.000000
vn 1.000000 -0.000000 -0.000000
vn 0.939546 0.000000 0.342422
vn 0.939546 0.000000 0.342422
vn 1.000000 -0.000000 -0.000000
vn 1.000000 -0.000000 -0.000000
vn 1.000000 -0.000000 -0.000000
vn 1.000000 -0.000000 -0.000000
vn 0.750641 -0.000000 -0.660711
vn 0.984324 -0.000000 -0.176372
vn 0.750641 -0.000000 -0.660711
vn 0.750641 -0.000000 -0.660711
vn 0.984324 -0.000000 -0.176372
vn 1.000000 -0.000000 -0.000000
vn 0.998351 -0.000000 -0.057414
vn 0.998351 -0.000000 -0.057414
vn 1.000000 -0.000000 -0.000000
vn -0.000000 0.000000 -1.000000
vn 0.267540 -0.000000 -0.963547
vn 0.267540 -0.000000 -0.963547
vn -0.000000 0.000000 -1.000000
vn 0.739575 -0.000000 -0.673074
vn 0.739575 -0.000000 -0.673074
vn 0.739575 -0.000000 -0.673074
vn -0.000000 0.000000 -1.000000
vn -0.000000 0.000000 -1.000000
vn -0.000000 0.000000 -1.000000
vn -0.000000 0.000000 -1.000000
vn 1.000000 -0.000000 -0.000000
vn 1.000000 -0.000000 -0.000000
vn 1.000000 -0.000000 -0.000000
vn 1.000000 -0.000000 -0.000000
vn -0.000000 0.000000 1.000000
vn -0.000000 0.000000 1.000000
vn -0.000000 0.000000 1.000000
vn -0.000000 0.000000 1.000000
vn -0.998851 0.000000 0.047918
vn -0.998851 0.000000 0.047918
vn -0.998851 0.000000 0.047918
vn -0.998851 0.000000 0.047918
vn -0.000000 0.000000 -1.000000
vn -0.000000 0.000000 -1.000000
vn -0.000000 0.000000 -1.000000
vn -0.000000 0.000000 -1.000000
vn 0.981669 -0.000000 -0.190596
vn 0.844876 -0.000000 -0.534962
vn 0.844876 -0.000000 -0.534962
vn 0.844876 -0.000000 -0.534962
vn 0.981669 -0.000000 -0.190596
vn 0.396911 -0.000000 -0.917857
vn 0.626924 -0.000000 -0.779080
vn 0.396911 -0.000000 -0.917857
vn 0.396911 -0.000000 -0.917857
vn 0.626924 -0.000000 -0.779080
vn 0.844876 -0.000000 -0.534962
vn 0.844876 -0.000000 -0.534962
vn 0.844876 -0.000000 -0.534962
vn 0.349256 -0.000000 -0.937027
vn -0.000000 0.000000 -1.000000
vn -0.000000 0.000000 -1.000000
vn 0.349256 -0.000000 -0.937027
vn 0.349256 -0.000000 -0.937027
vn 0.000000 -0.000000 -1.000000
vn 0.000000 -0.000000 -1.000000
vn 0.000000 -0.000000 -1.000000
vn 0.000000 -0.000000 -1.000000
vn -0.000000 -1.000000 0.000000
vn 0.000000 -1.000000 -0.000000
vn -0.000000 -1.000000 0.000000
vn -0.000000 -1.000000 0.000000
vn -0.000000 -1.000000 0.000000
vn -0.000000 -1.000000 0.000000
vn -0.000000 -1.000000 0.000000
vn -0.000000 -1.000000 0.000000
vn -0.000000 -1.000000 0.000000
vn -0.000000 -1.000000 0.000000
vn -0.000000 -1.000000 0.000000
vn -0.000000 -1.000000 0.000000
vn -0.000000 -1.000000 0.000000
vn -0.000000 -1.000000 0.000000
vn -0.000000 -1.000000 0.000000
vn -0.000000 -1.000000 0.000000
vn -0.000000 -1.000000 0.000000
vn -0.000000 -1.000000 0.000000
vn -0.000000 -1.000000 0.000000
vn -0.000000 -1.000000 0.000000
vn -0.000000 -1.000000 0.000000
vn -0.000000 -1.000000 0.000000
vn -0.000000 -1.000000 0.000000
vn -0.000000 -1.000000 0.000000
vn -0.000000 -1.000000 0.000000
vn -0.000000 -1.000000 0.000000
vn -0.000000 -1.000000 0.000000
vn -0.000000 -1.000000 0.000000
vn -0.000000 -1.000000 0.000000
vn -0.000000 -1.000000 0.000000
vn -0.000000 -1.000000 0.000000
vn -0.000000 -1.000000 0.000000
vn -0.000000 -1.000000 0.000000
vn -0.000000 -1.000000 0.000000
vn -0.000000 -1.000000 0.000000
vn -0.000000 -1.000000 0.000000
vn -0.000000 -1.000000 0.000000
vn -0.000000 -1.000000 0.000000
vn -0.000000 -1.000000 0.000000
vn -0.000000 -1.000000 0.000000
vn -0.000000 -1.000000 0.000000
vn -0.000000 -1.000000 0.000000
vn -0.000000 -1.000000 0.000000
vn -0.000000 -1.000000 0.000000
vn -0.000000 -1.000000 0.000000
vn -0.000000 -1.000000 0.000000
vn -0.000000 -1.000000 0.000000
vn -0.000000 -1.000000 0.000000
vn -0.000000 -1.000000 0.000000
vn -0.000000 -1.000000 0.000000
vn -0.000000 0.000000 -1.000000
vn -0.000000 0.000000 -1.000000
vn -0.000000 0.000000 -1.000000
vn -0.000000 0.000000 -1.000000
vn -0.000000 1.000000 0.000000
vn -0.000000 1.000000 0.000000
vn -0.000000 1.000000 0.000000
vn -0.000000 1.000000 0.000000
vn -0.000000 0.000000 1.000000
vn -0.000000 0.000000 1.000000
vn -0.000000 0.000000 1.000000
vn -0.000000 0.000000 1.000000
vn 0.000000 -1.000000 -0.000000
vn 0.000000 -1.000000 -0.000000
vn 0.000000 -1.000000 -0.000000
vn 0.000000 -1.000000 -0.000000
vn -1.000000 0.000000 0.000000
vn -1.000000 0.000000 0.000000
vn -1.000000 0.000000 0.000000
vn -1.000000 0.000000 0.000000
vn 1.000000 0.000000 0.000000
vn 1.000000 0.000000 0.000000
vn 1.000000 0.000000 0.000000
vn 1.000000 0.000000 0.000000
vn -1.000000 0.000000 0.000000
vn -1.000000 0.000000 0.000000
vn -1.000000 0.000000 0.000000
vn -1.000000 0.000000 0.000000
vn -0.000000 1.000000 0.000000
vn -0.000000 1.000000 0.000000
vn -0.000000 1.000000 0.000000
vn -0.000000 1.000000 0.000000
vn 1.000000 -0.000000 -0.000000
vn 1.000000 -0.000000 -0.000000
vn 1.000000 -0.000000 -0.000000
vn 1.000000 -0.000000 -0.000000
vn -0.000000 -1.000000 0.000000
vn -0.000000 -1.000000 0.000000
vn -0.000000 -1.000000 0.000000
vn -0.000000 -1.000000 0.000000
vn -0.000000 0.000000 1.000000
vn -0.000000 0.000000 1.000000
vn -0.000000 0.000000 1.000000
vn -0.000000 0.000000 1.000000
vn -0.000000 1.000000 0.000000
vn -0.000000 1.000000 0.000000
vn 0.000000 1.000000 0.000000
vn -0.000000 1.000000 0.000000
vn -0.000000 1.000000 0.000000
vn -0.000000 1.000000 0.000000
vn -0.000000 1.000000 0.000000
vn -0.000000 1.000000 0.000000
vn -0.000000 1.000000 0.000000
vn -0.000000 1.000000 0.000000
vn -0.000000 1.000000 0.000000
vn -0.000000 1.000000 0.000000
vn -0.000000 1.000000 0.000000
vn -0.000000 1.000000 0.000000
vn -0.000000 1.000000 0.000000
vn -0.000000 1.000000 0.000000
vn -0.000000 1.000000 0.000000
vn -0.000000 1.000000 0.000000
vn -0.000000 1.000000 0.000000
vn -0.000000 1.000000 0.000000
vn -0.000000 1.000000 0.000000
vn -0.000000 1.000000 0.000000
vn -0.000000 1.000000 0.000000
vn -0.000000 1.000000 0.000000
vn -0.000000 1.000000 0.000000
vn -0.000000 1.000000 0.000000
vn -0.000000 1.000000 0.000000
vn -0.000000 1.000000 0.000000
vn -0.000000 1.000000 0.000000
vn -0.000000 1.000000 0.000000
vn -0.000000 1.000000 0.000000
vn -0.000000 1.000000 0.000000
vn -0.000000 1.000000 0.000000
vn -0.000000 1.000000 0.000000
vn -0.000000 1.000000 0.000000
vn -0.000000 1.000000 0.000000
vn -0.000000 1.000000 0.000000
vn -0.000000 1.000000 0.000000
vn -0.000000 1.000000 0.000000
vn -0.000000 1.000000 0.000000
vn -0.000000 1.000000 0.000000
vn -0.000000 1.000000 0.000000
vn -0.000000 1.000000 0.000000
vn -0.000000 1.000000 0.000000
vn -0.000000 1.000000 0.000000
vn -0.000000 1.000000 0.000000
vn -0.000000 1.000000 0.000000
vn -0.000000 1.000000 0.000000
vn -0.000000 1.000000 0.000000
vn -0.000000 1.000000 0.000000
vn -1.000000 0.000000 0.000000
vn -1.000000 0.000000 0.000000
vn -1.000000 0.000000 0.000000
vn -1.000000 0.000000 0.000000
vn -0.000000 0.000000 1.000000
vn -0.000000 0.000000 1.000000
vn -0.000000 0.000000 1.000000
vn -0.000000 0.000000 1.000000
vn 0.165290 0.000000 0.986245
vn 0.667120 0.000000 0.744950
vn 0.667120 0.000000 0.744950
vn 0.165290 0.000000 0.986245
vn 0.667120 0.000000 0.744950
vn -0.000000 0.000000 1.000000
vn -0.000000 0.000000 1.000000
vn 0.998599 0.000000 0.052920
vn 0.957514 0.000000 0.288387
vn 0.957514 0.000000 0.288387
vn 0.998599 0.000000 0.052920
vn 0.661449 0.000000 0.749990
vn 0.661449 0.000000 0.749990
vn 0.661449 0.000000 0.749990
vn -0.000000 0.000000 1.000000
vn -0.000000 0.000000 1.000000
vn -0.000000 0.000000 1.000000
vn -0.000000 0.000000 1.000000
vn -1.000000 0.000000 0.000000
vn -1.000000 0.000000 0.000000
vn -1.000000 0.000000 0.000000
vn -1.000000 0.000000 0.000000
vn -0.000000 0.000000 -1.000000
vn -0.000000 0.000000 -1.000000
vn -0.000000 0.000000 -1.000000
vn -0.000000 0.000000 -1.000000
vn 0.990457 -0.000000 -0.137825
vn 0.897643 -0.000000 -0.440724
vn 0.897643 -0.000000 -0.440724
vn 0.897643 -0.000000 -0.440724
vn 0.990457 -0.000000 -0.137825
vn 0.437953 -0.000000 -0.898998
vn 0.674316 -0.000000 -0.738443
vn 0.437953 -0.000000 -0.898998
vn 0.437953 -0.000000 -0.898998
vn 0.674316 -0.000000 -0.738443
vn 0.889180 -0.000000 -0.457557
vn 0.889180 -0.000000 -0.457557
vn 0.889180 -0.000000 -0.457557
vn -0.000000 0.000000 -1.000000
vn 0.128455 -0.000000 -0.991715
vn 0.128455 -0.000000 -0.991715
vn -0.000000 0.000000 -1.000000
vn 0.437953 -0.000000 -0.898998
vn 0.437953 -0.000000 -0.898998
vn 0.437953 -0.000000 -0.898998
vn -0.000000 0.000000 -1.000000
vn -0.000000 0.000000 -1.000000
vn -0.000000 0.000000 -1.000000
vn -0.000000 0.000000 -1.000000
vn -1.000000 0.000000 0.000000
vn -1.000000 0.000000 0.000000
vn -1.000000 0.000000 0.000000
vn -1.000000 0.000000 0.000000
vn -1.000000 0.000000 0.000000
vn -0.929906 0.000000 0.367798
vn -0.929906 0.000000 0.367798
vn -0.929906 0.000000 0.367798
vn -1.000000 0.000000 0.000000
vn -0.491013 0.000000 0.871152
vn -0.741952 0.000000 0.670453
vn -0.491013 0.000000 0.871152
vn -0.491013 0.000000 0.871152
vn -0.741952 0.000000 0.670453
vn -0.921441 0.000000 0.388518
vn -0.921441 0.000000 0.388518
vn -0.921441 0.000000 0.388518
vn -0.000000 0.000000 1.000000
vn -0.108401 0.000000 0.994107
vn -0.108401 0.000000 0.994107
vn -0.000000 0.000000 1.000000
vn -0.508729 0.000000 0.860927
vn -0.508729 0.000000 0.860927
vn -0.508729 0.000000 0.860927
vn -0.000000 0.000000 1.000000
vn -0.000000 0.000000 1.000000
vn -0.000000 0.000000 1.000000
vn -0.000000 0.000000 1.000000
vn -0.000000 0.000000 1.000000
vn 0.290579 0.000000 0.956851
vn 0.290579 0.000000 0.956851
vn 0.290579 0.000000 0.956851
vn -0.000000 0.000000 1.000000
vn 0.703033 0.000000 0.711157
vn 0.293803 0.000000 0.955866
vn 0.293803 0.000000 0.955866
vn 0.703033 0.000000 0.711157
vn 0.703033 0.000000 0.711157
vn 0.293803 0.000000 0.955866
vn 0.707107 0.000000 0.707107
vn 0.887044 0.000000 0.461685
vn 0.887044 0.000000 0.461685
vn 0.707107 0.000000 0.707107
vn 0.707107 0.000000 0.707107
vn -0.000000 0.000000 1.000000
vn -0.000000 0.000000 1.000000
vn -0.000000 0.000000 1.000000
vn -0.000000 0.000000 1.000000
vn -0.945509 0.000000 -0.325597
vn -0.945509 0.000000 -0.325597
vn -0.945509 0.000000 -0.325597
vn -0.945509 0.000000 -0.325597
vn -0.000000 0.000000 -1.000000
vn -0.000000 0.000000 -1.000000
vn -0.000000 0.000000 -1.000000
vn -0.000000 0.000000 -1.000000
vn 1.000000 -0.000000 -0.000000
vn 1.000000 -0.000000 -0.000000
vn 1.000000 -0.000000 -0.000000
vn 1.000000 -0.000000 -0.000000
vn -0.000000 0.000000 1.000000
vn -0.000000 0.000000 1.000000
vn -0.000000 0.000000 1.000000
vn -0.000000 0.000000 1.000000
vn -0.000000 0.000000 1.000000
vn 0.472015 0.000000 0.881590
vn 0.472015 0.000000 0.881590
vn 0.472015 0.000000 0.881590
vn -0.000000 0.000000 1.000000
vn 0.943908 0.000000 0.330209
vn 0.739085 0.000000 0.673613
vn 0.943908 0.000000 0.330209
vn 0.943908 0.000000 0.330209
vn 0.739085 0.000000 0.673613
vn 0.441146 0.000000 0.897435
vn 0.441146 0.000000 0.897435
vn 0.441146 0.000000 0.897435
vn 0.939546 0.000000 0.342422
vn 1.000000 -0.000000 -0.000000
vn 1.000000 -0.000000 -0.000000
vn 0.939546 0.000000 0.342422
vn 0.939546 0.000000 0.342422
vn 1.000000 -0.000000 -0.000000
vn 1.000000 -0.000000 -0.000000
vn 1.000000 -0.000000 -0.000000
vn 1.000000 -0.000000 -0.000000
vn 0.750641 -0.000000 -0.660711
vn 0.984324 -0.000000 -0.176372
vn 0.750641 -0.000000 -0.660711
vn 0.750641 -0.000000 -0.660711
vn 0.984324 -0.000000 -0.176372
vn 1.000000 -0.000000 -0.000000
vn 0.998351 -0.000000 -0.057414
vn 0.998351 -0.000000 -0.057414
vn 1.000000 -0.000000 -0.000000
vn -0.000000 0.000000 -1.000000
vn 0.267540 -0.000000 -0.963547
vn 0.267540 -0.000000 -0.963547
vn -0.000000 0.000000 -1.000000
vn 0.739575 -0.000000 -0.673074
vn 0.739575 -0.000000 -0.673074
vn 0.739575 -0.000000 -0.673074
vn -0.000000 0.000000 -1.000000
vn -0.000000 0.000000 -1.000000
vn -0.000000 0.000000 -1.000000
vn -0.000000 0.000000 -1.000000
vn 1.000000 -0.000000 -0.000000
vn 1.000000 -0.000000 -0.000000
vn 1.000000 -0.000000 -0.000000
vn 1.000000 -0.000000 -0.000000
vn -0.000000 0.000000 1.000000
vn -0.000000 0.000000 1.000000
vn -0.000000 0.000000 1.000000
vn -0.000000 0.000000 1.000000
vn -0.998851 0.000000 0.047918
vn -0.998851 0.000000 0.047918
vn -0.998851 0.000000 0.047918
vn -0.998851 0.000000 0.047918
vn -0.000000 0.000000 -1.000000
vn -0.000000 0.000000 -1.000000
vn -0.000000 0.000000 -1.000000
vn -0.000000 0.000000 -1.000000
vn 0.981669 -0.000000 -0.190596
vn 0.844876 -0.000000 -0.534962
vn 0.844876 -0.000000 -0.534962
vn 0.844876 -0.000000 -0.534962
vn 0.981669 -0.000000 -0.190596
vn 0.396911 -0.000000 -0.917857
vn 0.626924 -0.000000 -0.779080
vn 0.396911 -0.000000 -0.917857
vn 0.396911 -0.000000 -0.917857
vn 0.626924 -0.000000 -0.779080
vn 0.844876 -0.000000 -0.534962
vn 0.844876 -0.000000 -0.534962
vn 0.844876 -0.000000 -0.534962
vn 0.349256 -0.000000 -0.937027
vn -0.000000 0.000000 -1.000000
vn -0.000000 0.000000 -1.000000
vn 0.349256 -0.000000 -0.937027
vn 0.349256 -0.000000 -0.937027
vn 0.000000 -0.000000 -1.000000
vn 0.000000 -0.000000 -1.000000
vn 0.000000 -0.000000 -1.000000
vn 0.000000 -0.000000 -1.000000
vn -0.000000 -1.000000 0.000000
vn 0.000000 -1.000000 -0.000000
vn -0.000000 -1.000000 0.000000
vn -0.000000 -1.000000 0.000000
vn -0.000000 -1.000000 0.000000
vn -0.000000 -1.000000 0.000000
vn -0.000000 -1.000000 0.000000
vn -0.000000 -1.000000 0.000000
vn -0.000000 -1.000000 0.000000
vn -0.000000 -1.000000 0.000000
vn -0.000000 -1.000000 0.000000
vn -0.000000 -1.000000 0.000000
vn -0.000000 -1.000000 0.000000
vn -0.000000 -1.000000 0.000000
vn -0.000000 -1.000000 0.000000
vn -0.000000 -1.000000 0.000000
vn -0.000000 -1.000000 0.000000
vn -0.000000 -1.000000 0.000000
vn -0.000000 -1.000000 0.000000
vn -0.000000 -1.000000 0.000000
vn -0.000000 -1.000000 0.000000
vn -0.000000 -1.000000 0.000000
vn -0.000000 -1.000000 0.000000
vn -0.000000 -1.000000 0.000000
vn -0.000000 -1.000000 0.000000
vn -0.000000 -1.000000 0.000000
vn -0.000000 -1.000000 0.000000
vn -0.000000 -1.000000 0.000000
vn -0.000000 -1.000000 0.000000
vn -0.000000 -1.000000 0.000000
vn -0.000000 -1.000000 0.000000
vn -0.000000 -1.000000 0.000000
vn -0.000000 -1.000000 0.000000
vn -0.000000 -1.000000 0.000000
vn -0.000000 -1.000000 0.000000
vn -0.000000 -1.000000 0.000000
vn -0.000000 -1.000000 0.000000
vn -0.000000 -1.000000 0.000000
vn -0.000000 -1.000000 0.000000
vn -0.000000 -1.000000 0.000000
vn -0.000000 -1.000000 0.000000
vn -0.000000 -1.000000 0.000000
vn -0.000000 -1.000000 0.000000
vn -0.000000 -1.000000 0.000000
vn -0.000000 -1.000000 0.000000
vn -0.000000 -1.000000 0.000000
vn -0.000000 -1.000000 0.000000
vn -0.000000 -1.000000 0.000000
vn -0.000000 -1.000000 0.000000
vn -0.000000 -1.000000 0.000000
f 1/1/1 2/2/2 3/3/3
f 5/5/5 6/6/6 7/7/7
f 9/9/9 10/10/10 11/11/11
f 13/13/13 14/14/14 16/16/16
f 17/17/17 18/18/18 19/19/19
f 21/21/21 22/22/22 23/23/23
f 25/25/25 26/26/26 27/27/27
f 29/29/29 30/30/30 31/31/31
f 33/33/33 34/34/34 36/36/36
f 37/37/37 38/38/38 39/39/39
f 41/41/41 42/42/42 43/43/43
f 45/45/45 46/46/46 47/47/47
f 49/49/49 50/50/50 51/51/51
f 53/53/53 54/54/54 55/55/55
f 57/57/57 58/58/58 59/59/59
f 61/61/61 62/62/62 63/63/63
f 65/65/65 66/66/66 67/67/67
f 69/69/69 70/70/70 71/71/71
f 73/73/73 74/74/74 75/75/75
f 77/77/77 78/78/78 79/79/79
f 81/81/81 82/82/82 83/83/83
f 85/85/85 86/86/86 87/87/87
f 89/89/89 90/90/90 91/91/91
f 93/93/93 94/94/94 95/95/95
f 120/120/120 119/119/119 98/98/98
f 99/99/99 98/98/98 119/119/119
f 99/99/99 118/118/118 117/117/117
f 99/99/99 117/117/117 116/116/116
f 118/118/118 99/99/99 119/119/119
f 107/107/107 109/109/109 108/108/108
f 97/97/97 109/109/109 107/107/107
f 104/104/104 111/111/111 110/110/110
f 105/105/105 110/110/110 109/109/109
f 115/115/115 99/99/99 116/116/116
f 99/99/99 114/114/114 113/113/113
f 101/101/101 113/113/113 112/112/112
f 113/113/113 101/101/101 100/100/100
f 99/99/99 113/113/113 100/100/100
f 99/99/99 115/115/115 114/114/114
f 102/102/102 101/101/101 112/112/112
f 103/103/103 111/111/111 104/104/104
f 102/102/102 111/111/111 103/103/103
f 97/97/97 106/106/106 105/105/105
f 109/109/109 97/97/97 105/105/105
f 110/110/110 105/105/105 104/104/104
f 102/102/102 112/112/112 111/111/111
f 122/122/122 124/124/124 123/123/123
f 126/126/126 128/128/128 127/127/127
f 130/130/130 132/132/132 131/131/131
f 135/135/135 133/133/133 139/139/139
f 136/136/136 139/139/139 134/134/134
f 137/137/137 135/135/135 136/136/136
f 139/139/139 136/136/136 135/135/135
f 147/147/147 142/142/142 140/140/140
f 147/147/147 141/141/141 143/143/143
f 143/143/143 142/142/142 147/147/147
f 142/142/142 143/143/143 146/146/146
f 146/146/146 143/143/143 145/145/145
f 144/144/144 142/142/142 146/146/146
f 149/149/149 151/151/151 152/152/152
f 148/148/148 152/152/152 150/150/150
f 154/154/154 156/156/156 155/155/155
f 158/158/158 160/160/160 159/159/159
f 162/162/162 164/164/164 163/163/163
f 167/167/167 165/165/165 169/169/169
f 166/166/166 168/168/168 169/169/169
f 167/167/167 169/169/169 168/168/168
f 177/177/177 172/172/172 170/170/170
f 177/177/177 171/171/171 173/173/173
f 173/173/173 172/172/172 177/177/177
f 172/172/172 173/173/173 176/176/176
f 176/176/176 173/173/173 175/175/175
f 174/174/174 172/172/172 176/176/176
f 182/182/182 178/178/178 179/179/179
f 178/178/178 182/182/182 180/180/180
f 179/179/179 181/181/181 182/182/182
f 184/184/184 186/186/186 185/185/185
f 189/189/189 187/187/187 193/193/193
f 190/190/190 193/193/193 188/188/188
f 191/191/191 189/189/189 190/190/190
f 193/193/193 190/190/190 189/189/189
f 201/201/201 196/196/196 194/194/194
f 201/201/201 195/195/195 197/197/197
f 197/197/197 196/196/196 201/201/201
f 197/197/197 199/199/199 200/200/200
f 198/198/198 196/196/196 200/200/200
f 209/209/209 204/204/204 202/202/202
f 209/209/209 203/203/203 205/205/205
f 205/205/205 204/204/204 209/209/209
f 204/204/204 205/205/205 208/208/208
f 208/208/208 205/205/205 207/207/207
f 206/206/206 204/204/204 208/208/208
f 214/214/214 210/210/210 211/211/211
f 210/210/210 214/214/214 212/212/212
f 211/211/211 213/213/213 214/214/214
f 216/216/216 218/218/218 217/217/217
f 242/242/242 220/220/220 241/241/241
f 221/221/221 241/241/241 220/220/220
f 221/221/221 239/239/239 240/240/240
f 221/221/221 238/238/238 239/239/239
f 240/240/240 241/241/241 221/221/221
f 229/229/229 230/230/230 231/231/231
f 219/219/219 229/229/229 231/231/231
f 226/226/226 232/232/232 233/233/233
f 227/227/227 231/231/231 232/232/232
f 237/237/237 238/238/238 221/221/221
f 221/221/221 235/235/235 236/236/236
f 223/223/223 234/234/234 235/235/235
f 235/235/235 222/222/222 223/223/223
f 221/221/221 222/222/222 235/235/235
f 221/221/221 236/236/236 237/237/237
f 224/224/224 234/234/234 223/223/223
f 225/225/225 226/226/226 233/233/233
f 224/224/224 225/225/225 233/233/233
f 219/219/219 227/227/227 228/228/228
f 231/231/231 227/227/227 219/219/219
f 232/232/232 226/226/226 227/227/227
f 224/224/224 233/233/233 234/234/234
f 266/266/266 265/265/265 244/244/244
f 245/245/245 244/244/244 265/265/265
f 245/245/245 264/264/264 263/263/263
f 245/245/245 263/263/263 262/262/262
f 264/264/264 245/245/245 265/265/265
f 253/253/253 255/255/255 254/254/254
f 256/256/256 255/255/255 253/253/253
f 250/250/250 258/258/258 257/257/257
f 251/251/251 257/257/257 256/256/256
f 243/243/243 256/256/256 253/253/253
f 245/245/245 261/261/261 260/260/260
f 247/247/247 260/260/260 259/259/259
f 260/260/260 247/247/247 246/246/246
f 245/245/245 260/260/260 246/246/246
f 245/245/245 262/262/262 261/261/261
f 248/248/248 247/247/247 259/259/259
f 249/249/249 258/258/258 250/250/250
f 248/248/248 258/258/258 249/249/249
f 243/243/243 252/252/252 251/251/251
f 256/256/256 243/243/243 251/251/251
f 257/257/257 251/251/251 250/250/250
f 248/248/248 259/259/259 258/258/258
f 268/268/268 270/270/270 269/269/269
f 272/272/272 274/274/274 273/273/273
f 276/276/276 278/278/278 277/277/277
f 281/281/281 279/279/279 285/285/285
f 282/282/282 285/285/285 280/280/280
f 283/283/283 281/281/281 282/282/282
f 285/285/285 282/282/282 281/281/281
f 293/293/293 288/288/288 286/286/286
f 293/293/293 287/287/287 289/289/289
f 289/289/289 288/288/288 293/293/293
f 288/288/288 289/289/289 292/292/292
f 292/292/292 289/289/289 291/291/291
f 290/290/290 288/288/288 292/292/292
f 298/298/298 294/294/294 295/295/295
f 294/294/294 298/298/298 296/296/296
f 295/295/295 297/297/297 298/298/298
f 300/300/300 302/302/302 301/301/301
f 304/304/304 306/306/306 305/305/305
f 308/308/308 310/310/310 309/309/309
f 313/313/313 311/311/311 317/317/317
f 314/314/314 317/317/317 312/312/312
f 315/315/315 313/313/313 314/314/314
f 317/317/317 314/314/314 313/313/313
f 325/325/325 320/320/320 318/318/318
f 325/325/325 319/319/319 321/321/321
f 321/321/321 320/320/320 325/325/325
f 321/321/321 323/323/323 324/324/324
f 322/322/322 320/320/320 324/324/324
f 330/330/330 326/326/326 327/327/327
f 326/326/326 330/330/330 328/328/328
f 327/327/327 329/329/329 330/330/330
f 332/332/332 334/334/334 333/333/333
f 337/337/337 335/335/335 339/339/339
f 336/336/336 338/338/338 339/339/339
f 337/337/337 339/339/339 338/338/338
f 347/347/347 342/342/342 340/340/340
f 347/347/347 341/341/341 343/343/343
f 343/343/343 342/342/342 347/347/347
f 342/342/342 343/343/343 346/346/346
f 346/346/346 343/343/343 345/345/345
f 344/344/344 342/342/342 346/346/346
f 355/355/355 350/350/350 348/348/348
f 355/355/355 349/349/349 351/351/351
f 351/351/351 350/350/350 355/355/355
f 350/350/350 351/351/351 354/354/354
f 354/354/354 351/351/351 353/353/353
f 352/352/352 350/350/350 354/354/354
f 360/360/360 356/356/356 357/357/357
f 356/356/356 360/360/360 358/358/358
f 357/357/357 359/359/359 360/360/360
f 362/362/362 364/364/364 363/363/363
f 388/388/388 366/366/366 387/387/387
f 367/367/367 387/387/387 366/366/366
f 367/367/367 385/385/385 386/386/386
f 367/367/367 384/384/384 385/385/385
f 386/386/386 387/387/387 367/367/367
f 375/375/375 376/376/376 377/377/377
f 378/378/378 375/375/375 377/377/377
f 372/372/372 379/379/379 380/380/380
f 373/373/373 378/378/378 379/379/379
f 365/365/365 375/375/375 378/378/378
f 367/367/367 382/382/382 383/383/383
f 369/369/369 381/381/381 382/382/382
f 382/382/382 368/368/368 369/369/369
f 367/367/367 368/368/368 382/382/382
f 367/367/367 383/383/383 384/384/384
f 370/370/370 381/381/381 369/369/369
f 371/371/371 372/372/372 380/380/380
f 370/370/370 371/371/371 380/380/380
f 365/365/365 373/373/373 374/374/374
f 378/378/378 373/373/373 365/365/365
f 379/379/379 372/372/372 373/373/373
f 370/370/370 380/380/380 381/381/381
f 402/402/402 401/401/401 407/407/407
f 408/408/408 407/407/407 401/401/401
f 402/402/402 406/406/406 403/403/403
f 407/407/407 406/406/406 402/402/402
f 400/400/400 409/409/409 408/408/408
f 409/409/409 400/400/400 399/399/399
f 399/399/399 410/410/410 409/409/409
f 401/401/401 400/400/400 408/408/408
f 404/404/404 406/406/406 405/405/405
f 392/392/392 389/389/389 416/416/416
f 415/415/415 393/393/393 416/416/416
f 393/393/393 392/392/392 416/416/416
f 415/415/415 394/394/394 393/393/393
f 404/404/404 403/403/403 406/406/406
f 417/417/417 416/416/416 389/389/389
f 411/411/411 398/398/398 397/397/397
f 399/399/399 398/398/398 410/410/410
f 397/397/397 396/396/396 413/413/413
f 410/410/410 398/398/398 411/411/411
f 412/412/412 397/397/397 413/413/413
f 413/413/413 396/396/396 414/414/414
f 411/411/411 397/397/397 412/412/412
f 395/395/395 414/414/414 396/396/396
f 395/395/395 394/394/394 415/415/415
f 391/391/391 418/418/418 417/417/417
f 415/415/415 414/414/414 395/395/395
f 420/420/420 390/390/390 421/421/421
f 391/391/391 420/420/420 419/419/419
f 390/390/390 420/420/420 391/391/391
f 418/418/418 391/391/391 419/419/419
f 389/389/389 391/391/391 417/417/417
f 423/423/423 425/425/425 424/424/424
f 427/427/427 429/429/429 428/428/428
f 431/431/431 433/433/433 432/432/432
f 435/435/435 437/437/437 436/436/436
f 438/438/438 436/436/436 437/437/437
f 442/442/442 440/440/440 446/446/446
f 443/443/443 446/446/446 441/441/441
f 444/444/444 442/442/442 443/443/443
f 446/446/446 443/443/443 442/442/442
f 454/454/454 449/449/449 447/447/447
f 454/454/454 448/448/448 450/450/450
f 450/450/450 449/449/449 454/454/454
f 449/449/449 450/450/450 453/453/453
f 453/453/453 450/450/450 452/452/452
f 451/451/451 449/449/449 453/453/453
f 462/462/462 457/457/457 455/455/455
f 462/462/462 456/456/456 458/458/458
f 458/458/458 457/457/457 462/462/462
f 458/458/458 460/460/460 461/461/461
f 459/459/459 457/457/457 461/461/461
f 470/470/470 465/465/465 463/463/463
f 470/470/470 464/464/464 466/466/466
f 466/466/466 465/465/465 470/470/470
f 465/465/465 466/466/466 469/469/469
f 469/469/469 466/466/466 468/468/468
f 467/467/467 465/465/465 469/469/469
f 472/472/472 474/474/474 473/473/473
f 473/473/473 474/474/474 477/477/477
f 477/477/477 474/474/474 476/476/476
f 475/475/475 473/473/473 477/477/477
f 479/479/479 481/481/481 480/480/480
f 483/483/483 485/485/485 484/484/484
f 486/486/486 484/484/484 485/485/485
f 489/489/489 491/491/491 490/490/490
f 492/492/492 490/490/490 491/491/491
f 495/495/495 497/497/497 496/496/496
f 498/498/498 496/496/496 497/497/497
f 501/501/501 503/503/503 502/502/502
f 504/504/504 502/502/502 503/503/503
f 507/507/507 509/509/509 508/508/508
f 511/511/511 513/513/513 512/512/512
f 515/515/515 517/517/517 516/516/516
f 519/519/519 521/521/521 520/520/520
f 524/524/524 522/522/522 526/526/526
f 523/523/523 525/525/525 526/526/526
f 524/524/524 526/526/526 525/525/525
f 534/534/534 529/529/529 527/527/527
f 534/534/534 528/528/528 530/530/530
f 530/530/530 529/529/529 534/534/534
f 529/529/529 530/530/530 533/533/533
f 533/533/533 530/530/530 532/532/532
f 531/531/531 529/529/529 533/533/533
f 536/536/536 538/538/538 539/539/539
f 535/535/535 539/539/539 537/537/537
f 541/541/541 543/543/543 542/542/542
f 557/557/557 562/562/562 556/556/556
f 563/563/563 556/556/556 562/562/562
f 557/557/557 558/558/558 561/561/561
f 562/562/562 557/557/557 561/561/561
f 555/555/555 563/563/563 564/564/564
f 564/564/564 554/554/554 555/555/555
f 554/554/554 564/564/564 565/565/565
f 556/556/556 563/563/563 555/555/555
f 559/559/559 560/560/560 561/561/561
f 547/547/547 571/571/571 544/544/544
f 570/570/570 571/571/571 548/548/548
f 548/548/548 571/571/571 547/547/547
f 570/570/570 548/548/548 549/549/549
f 559/559/559 561/561/561 558/558/558
f 572/572/572 544/544/544 571/571/571
f 566/566/566 552/552/552 553/553/553
f 554/554/554 565/565/565 553/553/553
f 552/552/552 568/568/568 551/551/551
f 565/565/565 566/566/566 553/553/553
f 567/567/567 568/568/568 552/552/552
f 568/568/568 569/569/569 551/551/551
f 566/566/566 567/567/567 552/552/552
f 550/550/550 551/551/551 569/569/569
f 550/550/550 570/570/570 549/549/549
f 546/546/546 572/572/572 573/573/573
f 570/570/570 550/550/550 569/569/569
f 575/575/575 576/576/576 545/545/545
f 546/546/546 574/574/574 575/575/575
f 545/545/545 546/546/546 575/575/575
f 573/573/573 574/574/574 546/546/546
f 544/544/544 572/572/572 546/546/546
f 633/633/633 578/578/578 634/634/634
f 577/577/577 634/634/634 578/578/578
f 579/579/579 578/578/578 633/633/633
f 634/634/634 577/577/577 635/635/635
f 580/580/580 579/579/579 632/632/632
f 621/621/621 623/623/623 622/622/622
f 621/621/621 620/620/620 624/624/624
f 625/625/625 624/624/624 620/620/620
f 623/623/623 621/621/621 624/624/624
f 579/579/579 633/633/633 632/632/632
f 602/602/602 601/601/601 599/599/599
f 603/603/603 602/602/602 598/598/598
f 599/599/599 601/601/601 600/600/600
f 598/598/598 602/602/602 599/599/599
f 598/598/598 597/597/597 603/603/603
f 603/603/603 597/597/597 604/604/604
f 606/606/606 605/605/605 596/596/596
f 595/595/595 608/608/608 607/607/607
f 607/607/607 606/606/606 595/595/595
f 595/595/595 606/606/606 596/596/596
f 595/595/595 610/610/610 609/609/609
f 595/595/595 609/609/609 608/608/608
f 594/594/594 610/610/610 595/595/595
f 604/604/604 597/597/597 596/596/596
f 604/604/604 596/596/596 605/605/605
f 619/619/619 625/625/625 620/620/620
f 630/630/630 581/581/581 631/631/631
f 581/581/581 630/630/630 629/629/629
f 587/587/587 627/627/627 626/626/626
f 587/587/587 586/586/586 627/627/627
f 587/587/587 626/626/626 618/618/618
f 580/580/580 631/631/631 581/581/581
f 625/625/625 619/619/619 626/626/626
f 629/629/629 583/583/583 582/582/582
f 629/629/629 628/628/628 583/583/583
f 583/583/583 585/585/585 584/584/584
f 585/585/585 628/628/628 586/586/586
f 585/585/585 583/583/583 628/628/628
f 628/628/628 627/627/627 586/586/586
f 581/581/581 629/629/629 582/582/582
f 588/588/588 587/587/587 617/617/617
f 618/618/618 626/626/626 619/619/619
f 617/617/617 587/587/587 618/618/618
f 611/611/611 610/610/610 594/594/594
f 612/612/612 611/611/611 594/594/594
f 593/593/593 612/612/612 594/594/594
f 617/617/617 616/616/616 588/588/588
f 590/590/590 589/589/589 615/615/615
f 588/588/588 616/616/616 615/615/615
f 615/615/615 591/591/591 590/590/590
f 614/614/614 591/591/591 615/615/615
f 593/593/593 614/614/614 613/613/613
f 614/614/614 593/593/593 592/592/592
f 592/592/592 591/591/591 614/614/614
f 612/612/612 593/593/593 613/613/613
f 615/615/615 589/589/589 588/588/588
f 580/580/580 632/632/632 631/631/631
f 638/638/638 636/636/636 640/640/640
f 637/637/637 639/639/639 640/640/640
f 638/638/638 640/640/640 639/639/639
f 648/648/648 643/643/643 641/641/641
f 648/648/648 642/642/642 644/644/644
f 644/644/644 643/643/643 648/648/648
f 644/644/644 646/646/646 647/647/647
f 645/645/645 643/643/643 647/647/647
f 656/656/656 651/651/651 649/649/649
f 656/656/656 650/650/650 652/652/652
f 652/652/652 651/651/651 656/656/656
f 652/652/652 654/654/654 655/655/655
f 653/653/653 651/651/651 655/655/655
f 664/664/664 659/659/659 657/657/657
f 664/664/664 658/658/658 660/660/660
f 660/660/660 659/659/659 664/664/664
f 659/659/659 660/660/660 663/663/663
f 663/663/663 660/660/660 662/662/662
f 661/661/661 659/659/659 663/663/663
f 674/674/674 667/667/667 665/665/665
f 666/666/666 668/668/668 674/674/674
f 667/667/667 674/674/674 668/668/668
f 668/668/668 670/670/670 669/669/669
f 673/673/673 671/671/671 669/669/669
f 672/672/672 673/673/673 670/670/670
f 669/669/669 670/670/670 673/673/673
f 682/682/682 677/677/677 675/675/675
f 682/682/682 676/676/676 678/678/678
f 678/678/678 677/677/677 682/682/682
f 677/677/677 678/678/678 681/681/681
f 681/681/681 678/678/678 680/680/680
f 679/679/679 677/677/677 681/681/681
f 690/690/690 685/685/685 683/683/683
f 690/690/690 684/684/684 686/686/686
f 686/686/686 685/685/685 690/690/690
f 685/685/685 686/686/686 689/689/689
f 689/689/689 686/686/686 688/688/688
f 687/687/687 685/685/685 689/689/689
f 692/692/692 694/694/694 693/693/693
f 693/693/693 694/694/694 697/697/697
f 697/697/697 694/694/694 696/696/696
f 695/695/695 693/693/693 697/697/697
f 700/700/700 698/698/698 704/704/704
f 701/701/701 704/704/704 699/699/699
f 702/702/702 700/700/700 701/701/701
f 704/704/704 701/701/701 700/700/700
f 712/712/712 707/707/707 705/705/705
f 712/712/712 706/706/706 708/708/708
f 708/708/708 707/707/707 712/712/712
f 707/707/707 708/708/708 711/711/711
f 711/711/711 708/708/708 710/710/710
f 709/709/709 707/707/707 711/711/711
f 722/722/722 715/715/715 713/713/713
f 714/714/714 716/716/716 722/722/722
f 715/715/715 722/722/722 716/716/716
f 716/716/716 718/718/718 717/717/717
f 721/721/721 719/719/719 717/717/717
f 720/720/720 721/721/721 718/718/718
f 717/717/717 718/718/718 721/721/721
f 730/730/730 725/725/725 723/723/723
f 730/730/730 724/724/724 726/726/726
f 726/726/726 725/725/725 730/730/730
f 725/725/725 726/726/726 729/729/729
f 729/729/729 726/726/726 728/728/728
f 727/727/727 725/725/725 729/729/729
f 738/738/738 733/733/733 731/731/731
f 738/738/738 732/732/732 734/734/734
f 734/734/734 733/733/733 738/738/738
f 733/733/733 734/734/734 737/737/737
f 737/737/737 734/734/734 736/736/736
f 735/735/735 733/733/733 737/737/737
f 744/744/744 743/743/743 741/741/741
f 740/740/740 742/742/742 743/743/743
f 750/750/750 749/749/749 747/747/747
f 746/746/746 748/748/748 749/749/749
f 758/758/758 753/753/753 751/751/751
f 758/758/758 752/752/752 754/754/754
f 754/754/754 753/753/753 758/758/758
f 753/753/753 754/754/754 757/757/757
f 757/757/757 754/754/754 756/756/756
f 755/755/755 753/753/753 757/757/757
f 766/766/766 761/761/761 759/759/759
f 766/766/766 760/760/760 762/762/762
f 762/762/762 761/761/761 766/766/766
f 762/762/762 764/764/764 765/765/765
f 763/763/763 761/761/761 765/765/765
f 774/774/774 769/769/769 767/767/767
f 774/774/774 768/768/768 770/770/770
f 770/770/770 769/769/769 774/774/774
f 769/769/769 770/770/770 773/773/773
f 773/773/773 770/770/770 772/772/772
f 771/771/771 769/769/769 773/773/773
f 782/782/782 777/777/777 775/775/775
f 782/782/782 776/776/776 778/778/778
f 778/778/778 777/777/777 782/782/782
f 777/777/777 778/778/778 781/781/781
f 781/781/781 778/778/778 780/780/780
f 779/779/779 777/777/777 781/781/781
f 788/788/788 787/787/787 785/785/785
f 784/784/784 786/786/786 787/787/787
f 796/796/796 791/791/791 789/789/789
f 796/796/796 790/790/790 792/792/792
f 792/792/792 791/791/791 796/796/796
f 792/792/792 794/794/794 795/795/795
f 793/793/793 791/791/791 795/795/795
f 804/804/804 799/799/799 797/797/797
f 804/804/804 798/798/798 800/800/800
f 800/800/800 799/799/799 804/804/804
f 799/799/799 800/800/800 803/803/803
f 803/803/803 800/800/800 802/802/802
f 801/801/801 799/799/799 803/803/803
f 806/806/806 808/808/808 807/807/807
f 808/808/808 810/810/810 811/811/811
f 809/809/809 807/807/807 811/811/811
f 813/813/813 815/815/815 814/814/814
f 817/817/817 819/819/819 818/818/818
f 822/822/822 820/820/820 826/826/826
f 823/823/823 826/826/826 821/821/821
f 824/824/824 822/822/822 823/823/823
f 826/826/826 823/823/823 822/822/822
f 834/834/834 829/829/829 827/827/827
f 834/834/834 828/828/828 830/830/830
f 830/830/830 829/829/829 834/834/834
f 830/830/830 832/832/832 833/833/833
f 831/831/831 829/829/829 833/833/833
f 840/840/840 839/839/839 837/837/837
f 836/836/836 838/838/838 839/839/839
f 848/848/848 843/843/843 841/841/841
f 848/848/848 842/842/842 844/844/844
f 844/844/844 843/843/843 848/848/848
f 844/844/844 846/846/846 847/847/847
f 845/845/845 843/843/843 847/847/847
f 856/856/856 851/851/851 849/849/849
f 856/856/856 850/850/850 852/852/852
f 852/852/852 851/851/851 856/856/856
f 851/851/851 852/852/852 855/855/855
f 855/855/855 852/852/852 854/854/854
f 853/853/853 851/851/851 855/855/855
f 859/859/859 857/857/857 858/858/858
f 860/860/860 862/862/862 861/861/861
f 865/865/865 863/863/863 861/861/861
f 864/864/864 865/865/865 862/862/862
f 861/861/861 862/862/862 865/865/865
f 867/867/867 869/869/869 868/868/868
f 926/926/926 927/927/927 871/871/871
f 870/870/870 871/871/871 927/927/927
f 872/872/872 926/926/926 871/871/871
f 927/927/927 928/928/928 870/870/870
f 873/873/873 925/925/925 872/872/872
f 914/914/914 915/915/915 916/916/916
f 914/914/914 917/917/917 913/913/913
f 918/918/918 913/913/913 917/917/917
f 916/916/916 917/917/917 914/914/914
f 872/872/872 925/925/925 926/926/926
f 895/895/895 892/892/892 894/894/894
f 896/896/896 891/891/891 895/895/895
f 892/892/892 893/893/893 894/894/894
f 891/891/891 892/892/892 895/895/895
f 891/891/891 896/896/896 890/890/890
f 896/896/896 897/897/897 890/890/890
f 899/899/899 889/889/889 898/898/898
f 888/888/888 900/900/900 901/901/901
f 900/900/900 888/888/888 899/899/899
f 888/888/888 889/889/889 899/899/899
f 888/888/888 902/902/902 903/903/903
f 888/888/888 901/901/901 902/902/902
f 887/887/887 888/888/888 903/903/903
f 897/897/897 889/889/889 890/890/890
f 897/897/897 898/898/898 889/889/889
f 912/912/912 913/913/913 918/918/918
f 923/923/923 924/924/924 874/874/874
f 874/874/874 922/922/922 923/923/923
f 880/880/880 919/919/919 920/920/920
f 880/880/880 920/920/920 879/879/879
f 880/880/880 911/911/911 919/919/919
f 873/873/873 874/874/874 924/924/924
f 918/918/918 919/919/919 912/912/912
f 922/922/922 875/875/875 876/876/876
f 922/922/922 876/876/876 921/921/921
f 876/876/876 877/877/877 878/878/878
f 878/878/878 879/879/879 921/921/921
f 878/878/878 921/921/921 876/876/876
f 921/921/921 879/879/879 920/920/920
f 874/874/874 875/875/875 922/922/922
f 881/881/881 910/910/910 880/880/880
f 911/911/911 912/912/912 919/919/919
f 910/910/910 911/911/911 880/880/880
f 904/904/904 887/887/887 903/903/903
f 905/905/905 887/887/887 904/904/904
f 886/886/886 887/887/887 905/905/905
f 910/910/910 881/881/881 909/909/909
f 883/883/883 908/908/908 882/882/882
f 881/881/881 908/908/908 909/909/909
f 908/908/908 883/883/883 884/884/884
f 907/907/907 908/908/908 884/884/884
f 886/886/886 906/906/906 907/907/907
f 907/907/907 885/885/885 886/886/886
f 885/885/885 907/907/907 884/884/884
f 905/905/905 906/906/906 886/886/886
f 908/908/908 881/881/881 882/882/882
f 873/873/873 924/924/924 925/925/925
f 929/929/929 930/930/930 931/931/931
f 933/933/933 934/934/934 935/935/935
f 937/937/937 938/938/938 939/939/939
f 941/941/941 942/942/942 943/943/943
f 945/945/945 946/946/946 947/947/947
f 949/949/949 950/950/950 951/951/951
f 953/953/953 954/954/954 955/955/955
f 957/957/957 958/958/958 959/959/959
f 961/961/961 962/962/962 963/963/963
f 965/965/965 966/966/966 967/967/967
f 967/967/967 968/968/968 965/965/965
f 969/969/969 970/970/970 971/971/971
f 970/970/970 969/969/969 972/972/972
f 973/973/973 974/974/974 975/975/975
f 977/977/977 978/978/978 979/979/979
f 981/981/981 982/982/982 983/983/983
f 985/985/985 986/986/986 987/987/987
f 989/989/989 990/990/990 991/991/991
f 993/993/993 994/994/994 995/995/995
f 997/997/997 998/998/998 999/999/999
f 1001/1001/1001 1002/1002/1002 1003/1003/1003
f 1005/1005/1005 1006/1006/1006 1007/1007/1007
f 1009/1009/1009 1010/1010/1010 1011/1011/1011
f 1011/1011/1011 1012/1012/1012 1009/1009/1009
f 1013/1013/1013 1014/1014/1014 1015/1015/1015
f 1014/1014/1014 1013/1013/1013 1016/1016/1016
f 1017/1017/1017 1018/1018/1018 1019/1019/1019
f 1020/1020/1020 1019/1019/1019 1018/1018/1018
f 1021/1021/1021 1017/1017/1017 1019/1019/1019
f 1022/1022/1022 1017/1017/1017 1021/1021/1021
f 1019/1019/1019 1023/1023/1023 1024/1024/1024
f 1019/1019/1019 1020/1020/1020 1023/1023/1023
f 1025/1025/1025 1024/1024/1024 1026/1026/1026
f 1019/1019/1019 1024/1024/1024 1025/1025/1025
f 1027/1027/1027 1028/1028/1028 1024/1024/1024
f 1029/1029/1029 1030/1030/1030 1031/1031/1031
f 1030/1030/1030 1032/1032/1032 1031/1031/1031
f 1029/1029/1029 1021/1021/1021 1030/1030/1030
f 1033/1033/1033 1034/1034/1034 1029/1029/1029
f 1034/1034/1034 1033/1033/1033 1035/1035/1035
f 1031/1031/1031 1033/1033/1033 1029/1029/1029
f 1029/1029/1029 1022/1022/1022 1021/1021/1021
f 1026/1026/1026 1028/1028/1028 1036/1036/1036
f 1028/1028/1028 1027/1027/1027 1037/1037/1037
f 1037/1037/1037 1036/1036/1036 1028/1028/1028
f 1038/1038/1038 1037/1037/1037 1039/1039/1039
f 1027/1027/1027 1039/1039/1039 1037/1037/1037
f 1038/1038/1038 1040/1040/1040 1041/1041/1041
f 1041/1041/1041 1037/1037/1037 1038/1038/1038
f 1042/1042/1042 1043/1043/1043 1044/1044/1044
f 1044/1044/1044 1045/1045/1045 1042/1042/1042
f 1042/1042/1042 1046/1046/1046 1043/1043/1043
f 1043/1043/1043 1046/1046/1046 1047/1047/1047
f 1047/1047/1047 1046/1046/1046 1048/1048/1048
f 1041/1041/1041 1043/1043/1043 1047/1047/1047
f 1041/1041/1041 1040/1040/1040 1043/1043/1043
f 1026/1026/1026 1036/1036/1036 1025/1025/1025
f 1049/1049/1049 1050/1050/1050 1051/1051/1051
f 1053/1053/1053 1054/1054/1054 1055/1055/1055
f 1057/1057/1057 1058/1058/1058 1059/1059/1059
f 1060/1060/1060 1059/1059/1059 1061/1061/1061
f 1062/1062/1062 1057/1057/1057 1060/1060/1060
f 1059/1059/1059 1060/1060/1060 1057/1057/1057
f 1064/1064/1064 1065/1065/1065 1066/1066/1066
f 1064/1064/1064 1067/1067/1067 1068/1068/1068
f 1068/1068/1068 1065/1065/1065 1064/1064/1064
f 1065/1065/1065 1068/1068/1068 1069/1069/1069
f 1069/1069/1069 1068/1068/1068 1070/1070/1070
f 1071/1071/1071 1065/1065/1065 1069/1069/1069
f 1072/1072/1072 1073/1073/1073 1074/1074/1074
f 1073/1073/1073 1076/1076/1076 1077/1077/1077
f 1078/1078/1078 1074/1074/1074 1077/1077/1077
f 1079/1079/1079 1080/1080/1080 1081/1081/1081
f 1083/1083/1083 1084/1084/1084 1085/1085/1085
f 1087/1087/1087 1088/1088/1088 1089/1089/1089
f 1091/1091/1091 1092/1092/1092 1093/1093/1093
f 1094/1094/1094 1093/1093/1093 1095/1095/1095
f 1096/1096/1096 1091/1091/1091 1094/1094/1094
f 1093/1093/1093 1094/1094/1094 1091/1091/1091
f 1098/1098/1098 1099/1099/1099 1100/1100/1100
f 1101/1101/1101 1100/1100/1100 1102/1102/1102
f 1103/1103/1103 1104/1104/1104 1105/1105/1105
f 1107/1107/1107 1108/1108/1108 1109/1109/1109
f 1111/1111/1111 1112/1112/1112 1113/1113/1113
f 1115/1115/1115 1116/1116/1116 1117/1117/1117
f 1118/1118/1118 1119/1119/1119 1117/1117/1117
f 1115/1115/1115 1117/1117/1117 1119/1119/1119
f 1120/1120/1120 1121/1121/1121 1122/1122/1122
f 1122/1122/1122 1121/1121/1121 1124/1124/1124
f 1124/1124/1124 1121/1121/1121 1125/1125/1125
f 1126/1126/1126 1122/1122/1122 1124/1124/1124
f 1127/1127/1127 1128/1128/1128 1129/1129/1129
f 1131/1131/1131 1132/1132/1132 1133/1133/1133
f 1135/1135/1135 1136/1136/1136 1137/1137/1137
f 1139/1139/1139 1140/1140/1140 1141/1141/1141
f 1142/1142/1142 1141/1141/1141 1143/1143/1143
f 1144/1144/1144 1139/1139/1139 1142/1142/1142
f 1141/1141/1141 1142/1142/1142 1139/1139/1139
f 1146/1146/1146 1147/1147/1147 1148/1148/1148
f 1146/1146/1146 1149/1149/1149 1150/1150/1150
f 1150/1150/1150 1147/1147/1147 1146/1146/1146
f 1147/1147/1147 1150/1150/1150 1151/1151/1151
f 1151/1151/1151 1150/1150/1150 1152/1152/1152
f 1153/1153/1153 1147/1147/1147 1151/1151/1151
f 1154/1154/1154 1155/1155/1155 1156/1156/1156
f 1157/1157/1157 1156/1156/1156 1158/1158/1158
f 1159/1159/1159 1160/1160/1160 1161/1161/1161
f 1163/1163/1163 1164/1164/1164 1165/1165/1165
f 1167/1167/1167 1168/1168/1168 1169/1169/1169
f 1171/1171/1171 1172/1172/1172 1173/1173/1173
f 1175/1175/1175 1176/1176/1176 1177/1177/1177
f 1178/1178/1178 1177/1177/1177 1176/1176/1176
f 1179/1179/1179 1176/1176/1176 1175/1175/1175
f 1180/1180/1180 1179/1179/1179 1175/1175/1175
f 1176/1176/1176 1181/1181/1181 1182/1182/1182
f 1176/1176/1176 1182/1182/1182 1178/1178/1178
f 1183/1183/1183 1184/1184/1184 1181/1181/1181
f 1176/1176/1176 1183/1183/1183 1181/1181/1181
f 1185/1185/1185 1182/1182/1182 1181/1181/1181
f 1187/1187/1187 1188/1188/1188 1189/1189/1189
f 1189/1189/1189 1188/1188/1188 1190/1190/1190
f 1187/1187/1187 1189/1189/1189 1179/1179/1179
f 1191/1191/1191 1187/1187/1187 1192/1192/1192
f 1192/1192/1192 1193/1193/1193 1191/1191/1191
f 1188/1188/1188 1187/1187/1187 1191/1191/1191
f 1187/1187/1187 1179/1179/1179 1180/1180/1180
f 1184/1184/1184 1194/1194/1194 1186/1186/1186
f 1186/1186/1186 1195/1195/1195 1185/1185/1185
f 1195/1195/1195 1186/1186/1186 1194/1194/1194
f 1196/1196/1196 1197/1197/1197 1195/1195/1195
f 1185/1185/1185 1195/1195/1195 1197/1197/1197
f 1196/1196/1196 1198/1198/1198 1199/1199/1199
f 1198/1198/1198 1196/1196/1196 1195/1195/1195
f 1200/1200/1200 1201/1201/1201 1202/1202/1202
f 1201/1201/1201 1200/1200/1200 1203/1203/1203
f 1200/1200/1200 1202/1202/1202 1204/1204/1204
f 1202/1202/1202 1205/1205/1205 1204/1204/1204
f 1205/1205/1205 1206/1206/1206 1204/1204/1204
f 1198/1198/1198 1205/1205/1205 1202/1202/1202
f 1198/1198/1198 1202/1202/1202 1199/1199/1199
f 1184/1184/1184 1183/1183/1183 1194/1194/1194
f 1207/1207/1207 1208/1208/1208 1209/1209/1209
f 1210/1210/1210 1209/1209/1209 1208/1208/1208
f 1211/1211/1211 1207/1207/1207 1209/1209/1209
f 1212/1212/1212 1207/1207/1207 1211/1211/1211
f 1209/1209/1209 1213/1213/1213 1214/1214/1214
f 1209/1209/1209 1210/1210/1210 1213/1213/1213
f 1215/1215/1215 1214/1214/1214 1216/1216/1216
f 1209/1209/1209 1214/1214/1214 1215/1215/1215
f 1217/1217/1217 1218/1218/1218 1214/1214/1214
f 1219/1219/1219 1220/1220/1220 1221/1221/1221
f 1220/1220/1220 1222/1222/1222 1221/1221/1221
f 1219/1219/1219 1211/1211/1211 1220/1220/1220
f 1223/1223/1223 1224/1224/1224 1219/1219/1219
f 1224/1224/1224 1223/1223/1223 1225/1225/1225
f 1221/1221/1221 1223/1223/1223 1219/1219/1219
f 1219/1219/1219 1212/1212/1212 1211/1211/1211
f 1216/1216/1216 1218/1218/1218 1226/1226/1226
f 1218/1218/1218 1217/1217/1217 1227/1227/1227
f 1227/1227/1227 1226/1226/1226 1218/1218/1218
f 1228/1228/1228 1227/1227/1227 1229/1229/1229
f 1217/1217/1217 1229/1229/1229 1227/1227/1227
f 1228/1228/1228 1230/1230/1230 1231/1231/1231
f 1231/1231/1231 1227/1227/1227 1228/1228/1228
f 1232/1232/1232 1233/1233/1233 1234/1234/1234
f 1234/1234/1234 1235/1235/1235 1232/1232/1232
f 1232/1232/1232 1236/1236/1236 1233/1233/1233
f 1233/1233/1233 1236/1236/1236 1237/1237/1237
f 1237/1237/1237 1236/1236/1236 1238/1238/1238
f 1231/1231/1231 1233/1233/1233 1237/1237/1237
f 1231/1231/1231 1230/1230/1230 1233/1233/1233
f 1216/1216/1216 1226/1226/1226 1215/1215/1215
f 1239/1239/1239 1240/1240/1240 1241/1241/1241
f 1243/1243/1243 1244/1244/1244 1245/1245/1245
f 1247/1247/1247 1248/1248/1248 1249/1249/1249
f 1250/1250/1250 1249/1249/1249 1251/1251/1251
f 1252/1252/1252 1247/1247/1247 1250/1250/1250
f 1249/1249/1249 1250/1250/1250 1247/1247/1247
f 1254/1254/1254 1255/1255/1255 1256/1256/1256
f 1254/1254/1254 1257/1257/1257 1258/1258/1258
f 1258/1258/1258 1255/1255/1255 1254/1254/1254
f 1258/1258/1258 1259/1259/1259 1260/1260/1260
f 1261/1261/1261 1255/1255/1255 1260/1260/1260
f 1262/1262/1262 1263/1263/1263 1264/1264/1264
f 1263/1263/1263 1266/1266/1266 1267/1267/1267
f 1268/1268/1268 1264/1264/1264 1267/1267/1267
f 1269/1269/1269 1270/1270/1270 1271/1271/1271
f 1273/1273/1273 1274/1274/1274 1275/1275/1275
f 1277/1277/1277 1278/1278/1278 1279/1279/1279
f 1281/1281/1281 1282/1282/1282 1283/1283/1283
f 1284/1284/1284 1283/1283/1283 1285/1285/1285
f 1286/1286/1286 1281/1281/1281 1284/1284/1284
f 1283/1283/1283 1284/1284/1284 1281/1281/1281
f 1288/1288/1288 1289/1289/1289 1290/1290/1290
f 1289/1289/1289 1288/1288/1288 1291/1291/1291
f 1290/1290/1290 1292/1292/1292 1288/1288/1288
f 1293/1293/1293 1294/1294/1294 1295/1295/1295
f 1297/1297/1297 1298/1298/1298 1299/1299/1299
f 1301/1301/1301 1302/1302/1302 1303/1303/1303
f 1305/1305/1305 1306/1306/1306 1307/1307/1307
f 1308/1308/1308 1309/1309/1309 1307/1307/1307
f 1305/1305/1305 1307/1307/1307 1309/1309/1309
f 1310/1310/1310 1311/1311/1311 1312/1312/1312
f 1311/1311/1311 1314/1314/1314 1315/1315/1315
f 1316/1316/1316 1312/1312/1312 1315/1315/1315
f 1317/1317/1317 1318/1318/1318 1319/1319/1319
f 1321/1321/1321 1322/1322/1322 1323/1323/1323
f 1325/1325/1325 1326/1326/1326 1327/1327/1327
f 1329/1329/1329 1330/1330/1330 1331/1331/1331
f 1332/1332/1332 1331/1331/1331 1333/1333/1333
f 1334/1334/1334 1329/1329/1329 1332/1332/1332
f 1331/1331/1331 1332/1332/1332 1329/1329/1329
f 1336/1336/1336 1337/1337/1337 1338/1338/1338
f 1336/1336/1336 1339/1339/1339 1340/1340/1340
f 1340/1340/1340 1337/1337/1337 1336/1336/1336
f 1337/1337/1337 1340/1340/1340 1341/1341/1341
f 1341/1341/1341 1340/1340/1340 1342/1342/1342
f 1343/1343/1343 1337/1337/1337 1341/1341/1341
f 1344/1344/1344 1345/1345/1345 1346/1346/1346
f 1345/1345/1345 1344/1344/1344 1347/1347/1347
f 1346/1346/1346 1348/1348/1348 1344/1344/1344
f 1349/1349/1349 1350/1350/1350 1351/1351/1351
f 1353/1353/1353 1354/1354/1354 1355/1355/1355
f 1357/1357/1357 1358/1358/1358 1359/1359/1359
f 1361/1361/1361 1362/1362/1362 1363/1363/1363
f 1365/1365/1365 1366/1366/1366 1367/1367/1367
f 1368/1368/1368 1367/1367/1367 1366/1366/1366
f 1369/1369/1369 1366/1366/1366 1365/1365/1365
f 1370/1370/1370 1369/1369/1369 1365/1365/1365
f 1366/1366/1366 1371/1371/1371 1372/1372/1372
f 1366/1366/1366 1372/1372/1372 1368/1368/1368
f 1373/1373/1373 1374/1374/1374 1371/1371/1371
f 1366/1366/1366 1373/1373/1373 1371/1371/1371
f 1375/1375/1375 1372/1372/1372 1371/1371/1371
f 1377/1377/1377 1378/1378/1378 1379/1379/1379
f 1379/1379/1379 1378/1378/1378 1380/1380/1380
f 1377/1377/1377 1379/1379/1379 1369/1369/1369
f 1381/1381/1381 1377/1377/1377 1382/1382/1382
f 1382/1382/1382 1383/1383/1383 1381/1381/1381
f 1378/1378/1378 1377/1377/1377 1381/1381/1381
f 1377/1377/1377 1369/1369/1369 1370/1370/1370
f 1374/1374/1374 1384/1384/1384 1376/1376/1376
f 1376/1376/1376 1385/1385/1385 1375/1375/1375
f 1385/1385/1385 1376/1376/1376 1384/1384/1384
f 1386/1386/1386 1387/1387/1387 1385/1385/1385
f 1375/1375/1375 1385/1385/1385 1387/1387/1387
f 1386/1386/1386 1388/1388/1388 1389/1389/1389
f 1388/1388/1388 1386/1386/1386 1385/1385/1385
f 1390/1390/1390 1391/1391/1391 1392/1392/1392
f 1391/1391/1391 1390/1390/1390 1393/1393/1393
f 1390/1390/1390 1392/1392/1392 1394/1394/1394
f 1392/1392/1392 1395/1395/1395 1394/1394/1394
f 1395/1395/1395 1396/1396/1396 1394/1394/1394
f 1388/1388/1388 1395/1395/1395 1392/1392/1392
f 1388/1388/1388 1392/1392/1392 1389/1389/1389
f 1374/1374/1374 1373/1373/1373 1384/1384/1384
f 1397/1397/1397 1398/1398/1398 1399/1399/1399
f 1401/1401/1401 1402/1402/1402 1403/1403/1403
f 1405/1405/1405 1406/1406/1406 1407/1407/1407
f 1409/1409/1409 1410/1410/1410 1411/1411/1411
f 1413/1413/1413 1414/1414/1414 1415/1415/1415
f 1417/1417/1417 1418/1418/1418 1419/1419/1419
f 1421/1421/1421 1422/1422/1422 1423/1423/1423
f 1425/1425/1425 1426/1426/1426 1427/1427/1427
f 1429/1429/1429 1430/1430/1430 1431/1431/1431
f 1433/1433/1433 1434/1434/1434 1435/1435/1435
f 1435/1435/1435 1436/1436/1436 1433/1433/1433
f 1437/1437/1437 1438/1438/1438 1439/1439/1439
f 1438/1438/1438 1437/1437/1437 1440/1440/1440
f 1441/1441/1441 1442/1442/1442 1443/1443/1443
f 1445/1445/1445 1446/1446/1446 1447/1447/1447
f 1449/1449/1449 1450/1450/1450 1451/1451/1451
f 1453/1453/1453 1454/1454/1454 1455/1455/1455
f 1457/1457/1457 1458/1458/1458 1459/1459/1459
f 1461/1461/1461 1462/1462/1462 1463/1463/1463
f 1465/1465/1465 1466/1466/1466 1467/1467/1467
f 1469/1469/1469 1470/1470/1470 1471/1471/1471
f 1473/1473/1473 1474/1474/1474 1475/1475/1475
f 1477/1477/1477 1478/1478/1478 1479/1479/1479
f 1479/1479/1479 1480/1480/1480 1477/1477/1477
f 1481/1481/1481 1482/1482/1482 1483/1483/1483
f 1482/1482/1482 1481/1481/1481 1484/1484/1484
f 1485/1485/1485 1486/1486/1486 1487/1487/1487
f 1488/1488/1488 1487/1487/1487 1486/1486/1486
f 1489/1489/1489 1488/1488/1488 1490/1490/1490
f 1489/1489/1489 1491/1491/1491 1492/1492/1492
f 1491/1491/1491 1489/1489/1489 1490/1490/1490
f 1488/1488/1488 1493/1493/1493 1487/1487/1487
f 1493/1493/1493 1489/1489/1489 1494/1494/1494
f 1494/1494/1494 1495/1495/1495 1493/1493/1493
f 1496/1496/1496 1493/1493/1493 1495/1495/1495
f 1493/1493/1493 1488/1488/1488 1489/1489/1489
f 1497/1497/1497 1489/1489/1489 1498/1498/1498
f 1499/1499/1499 1500/1500/1500 1501/1501/1501
f 1502/1502/1502 1501/1501/1501 1497/1497/1497
f 1500/1500/1500 1499/1499/1499 1503/1503/1503
f 1492/1492/1492 1498/1498/1498 1489/1489/1489
f 1497/1497/1497 1498/1498/1498 1504/1504/1504
f 1505/1505/1505 1506/1506/1506 1507/1507/1507
f 1505/1505/1505 1508/1508/1508 1509/1509/1509
f 1505/1505/1505 1509/1509/1509 1506/1506/1506
f 1510/1510/1510 1511/1511/1511 1512/1512/1512
f 1512/1512/1512 1513/1513/1513 1510/1510/1510
f 1513/1513/1513 1512/1512/1512 1514/1514/1514
f 1514/1514/1514 1507/1507/1507 1513/1513/1513
f 1497/1497/1497 1504/1504/1504 1502/1502/1502
f 1501/1501/1501 1515/1515/1515 1499/1499/1499
f 1515/1515/1515 1501/1501/1501 1502/1502/1502
f 1514/1514/1514 1516/1516/1516 1505/1505/1505
f 1516/1516/1516 1514/1514/1514 1517/1517/1517
f 1507/1507/1507 1514/1514/1514 1505/1505/1505
f 1514/1514/1514 1518/1518/1518 1517/1517/1517
f 1508/1508/1508 1505/1505/1505 1504/1504/1504
f 1508/1508/1508 1504/1504/1504 1498/1498/1498
f 1519/1519/1519 1520/1520/1520 1521/1521/1521
f 1519/1519/1519 1496/1496/1496 1520/1520/1520
f 1522/1522/1522 1523/1523/1523 1524/1524/1524
f 1523/1523/1523 1522/1522/1522 1525/1525/1525
f 1525/1525/1525 1522/1522/1522 1526/1526/1526
f 1503/1503/1503 1522/1522/1522 1524/1524/1524
f 1527/1527/1527 1528/1528/1528 1525/1525/1525
f 1496/1496/1496 1495/1495/1495 1520/1520/1520
f 1529/1529/1529 1530/1530/1530 1521/1521/1521
f 1519/1519/1519 1521/1521/1521 1530/1530/1530
f 1529/1529/1529 1531/1531/1531 1530/1530/1530
f 1532/1532/1532 1531/1531/1531 1529/1529/1529
f 1526/1526/1526 1527/1527/1527 1525/1525/1525
f 1533/1533/1533 1528/1528/1528 1527/1527/1527
f 1532/1532/1532 1528/1528/1528 1533/1533/1533
f 1528/1528/1528 1532/1532/1532 1529/1529/1529
f 1534/1534/1534 1522/1522/1522 1503/1503/1503
f 1535/1535/1535 1536/1536/1536 1537/1537/1537
f 1536/1536/1536 1538/1538/1538 1534/1534/1534
f 1539/1539/1539 1540/1540/1540 1518/1518/1518
f 1540/1540/1540 1539/1539/1539 1541/1541/1541
f 1541/1541/1541 1539/1539/1539 1542/1542/1542
f 1514/1514/1514 1539/1539/1539 1518/1518/1518
f 1537/1537/1537 1543/1543/1543 1535/1535/1535
f 1537/1537/1537 1544/1544/1544 1543/1543/1543
f 1543/1543/1543 1544/1544/1544 1545/1545/1545
f 1544/1544/1544 1541/1541/1541 1546/1546/1546
f 1542/1542/1542 1546/1546/1546 1541/1541/1541
f 1544/1544/1544 1546/1546/1546 1547/1547/1547
f 1547/1547/1547 1545/1545/1545 1544/1544/1544
f 1538/1538/1538 1536/1536/1536 1535/1535/1535
f 1534/1534/1534 1538/1538/1538 1522/1522/1522
f 1524/1524/1524 1500/1500/1500 1503/1503/1503
f 1548/1548/1548 1549/1549/1549 1550/1550/1550
f 1548/1548/1548 1551/1551/1551 1552/1552/1552
f 1552/1552/1552 1549/1549/1549 1548/1548/1548
f 1552/1552/1552 1553/1553/1553 1549/1549/1549
f 1553/1553/1553 1552/1552/1552 1555/1555/1555
f 1556/1556/1556 1557/1557/1557 1558/1558/1558
f 1556/1556/1556 1559/1559/1559 1560/1560/1560
f 1560/1560/1560 1557/1557/1557 1556/1556/1556
f 1557/1557/1557 1560/1560/1560 1561/1561/1561
f 1561/1561/1561 1560/1560/1560 1562/1562/1562
f 1563/1563/1563 1557/1557/1557 1561/1561/1561
f 1564/1564/1564 1565/1565/1565 1566/1566/1566
f 1564/1564/1564 1567/1567/1567 1568/1568/1568
f 1568/1568/1568 1565/1565/1565 1564/1564/1564
f 1568/1568/1568 1569/1569/1569 1565/1565/1565
f 1569/1569/1569 1568/1568/1568 1571/1571/1571
f 1572/1572/1572 1573/1573/1573 1574/1574/1574
f 1572/1572/1572 1575/1575/1575 1576/1576/1576
f 1576/1576/1576 1573/1573/1573 1572/1572/1572
f 1576/1576/1576 1577/1577/1577 1573/1573/1573
f 1577/1577/1577 1576/1576/1576 1579/1579/1579
f 1580/1580/1580 1581/1581/1581 1582/1582/1582
f 1581/1581/1581 1580/1580/1580 1583/1583/1583
f 1582/1582/1582 1584/1584/1584 1580/1580/1580
f 1585/1585/1585 1586/1586/1586 1587/1587/1587
f 1589/1589/1589 1590/1590/1590 1591/1591/1591
f 1593/1593/1593 1594/1594/1594 1595/1595/1595
f 1597/1597/1597 1598/1598/1598 1599/1599/1599
f 1597/1597/1597 1600/1600/1600 1601/1601/1601
f 1601/1601/1601 1598/1598/1598 1597/1597/1597
f 1602/1602/1602 1603/1603/1603 1604/1604/1604
f 1603/1603/1603 1598/1598/1598 1601/1601/1601
f 1606/1606/1606 1607/1607/1607 1608/1608/1608
f 1608/1608/1608 1607/1607/1607 1610/1610/1610
f 1610/1610/1610 1607/1607/1607 1611/1611/1611
f 1612/1612/1612 1608/1608/1608 1610/1610/1610
f 1613/1613/1613 1614/1614/1614 1615/1615/1615
f 1617/1617/1617 1618/1618/1618 1619/1619/1619
f 1617/1617/1617 1620/1620/1620 1621/1621/1621
f 1621/1621/1621 1618/1618/1618 1617/1617/1617
f 1622/1622/1622 1623/1623/1623 1624/1624/1624
f 1623/1623/1623 1618/1618/1618 1621/1621/1621
f 1626/1626/1626 1627/1627/1627 1628/1628/1628
f 1627/1627/1627 1630/1630/1630 1628/1628/1628
f 1630/1630/1630 1627/1627/1627 1632/1632/1632
f 1633/1633/1633 1634/1634/1634 1635/1635/1635
f 1637/1637/1637 1638/1638/1638 1639/1639/1639
f 1641/1641/1641 1642/1642/1642 1643/1643/1643
f 1645/1645/1645 1646/1646/1646 1647/1647/1647
f 1649/1649/1649 1650/1650/1650 1651/1651/1651
f 1652/1652/1652 1651/1651/1651 1653/1653/1653
f 1654/1654/1654 1649/1649/1649 1652/1652/1652
f 1651/1651/1651 1652/1652/1652 1649/1649/1649
f 1656/1656/1656 1657/1657/1657 1658/1658/1658
f 1656/1656/1656 1659/1659/1659 1660/1660/1660
f 1660/1660/1660 1657/1657/1657 1656/1656/1656
f 1657/1657/1657 1660/1660/1660 1661/1661/1661
f 1661/1661/1661 1660/1660/1660 1662/1662/1662
f 1663/1663/1663 1657/1657/1657 1661/1661/1661
f 1664/1664/1664 1665/1665/1665 1666/1666/1666
f 1664/1664/1664 1667/1667/1667 1668/1668/1668
f 1668/1668/1668 1665/1665/1665 1664/1664/1664
f 1668/1668/1668 1669/1669/1669 1665/1665/1665
f 1669/1669/1669 1668/1668/1668 1671/1671/1671
f 1672/1672/1672 1673/1673/1673 1674/1674/1674
f 1672/1672/1672 1675/1675/1675 1676/1676/1676
f 1676/1676/1676 1673/1673/1673 1672/1672/1672
f 1673/1673/1673 1676/1676/1676 1677/1677/1677
f 1677/1677/1677 1676/1676/1676 1678/1678/1678
f 1679/1679/1679 1673/1673/1673 1677/1677/1677
f 1680/1680/1680 1681/1681/1681 1682/1682/1682
f 1684/1684/1684 1685/1685/1685 1686/1686/1686
f 1685/1685/1685 1688/1688/1688 1689/1689/1689
f 1690/1690/1690 1689/1689/1689 1691/1691/1691
f 1688/1688/1688 1691/1691/1691 1689/1689/1689
f 1687/1687/1687 1690/1690/1690 1692/1692/1692
f 1689/1689/1689 1690/1690/1690 1686/1686/1686
f 1686/1686/1686 1690/1690/1690 1687/1687/1687
f 1685/1685/1685 1693/1693/1693 1688/1688/1688
f 1691/1691/1691 1688/1688/1688 1693/1693/1693
f 1694/1694/1694 1693/1693/1693 1685/1685/1685
f 1692/1692/1692 1694/1694/1694 1684/1684/1684
f 1685/1685/1685 1684/1684/1684 1694/1694/1694
f 1687/1687/1687 1692/1692/1692 1684/1684/1684
f 1695/1695/1695 1696/1696/1696 1697/1697/1697
f 1695/1695/1695 1698/1698/1698 1699/1699/1699
f 1699/1699/1699 1696/1696/1696 1695/1695/1695
f 1696/1696/1696 1699/1699/1699 1700/1700/1700
f 1700/1700/1700 1699/1699/1699 1701/1701/1701
f 1702/1702/1702 1696/1696/1696 1700/1700/1700
f 1703/1703/1703 1704/1704/1704 1705/1705/1705
f 1706/1706/1706 1705/1705/1705 1707/1707/1707
f 1705/1705/1705 1709/1709/1709 1710/1710/1710
f 1704/1704/1704 1711/1711/1711 1709/1709/1709
f 1710/1710/1710 1709/1709/1709 1712/1712/1712
f 1713/1713/1713 1712/1712/1712 1709/1709/1709
f 1714/1714/1714 1710/1710/1710 1712/1712/1712
f 1708/1708/1708 1714/1714/1714 1715/1715/1715
f 1714/1714/1714 1708/1708/1708 1707/1707/1707
f 1707/1707/1707 1710/1710/1710 1714/1714/1714
f 1706/1706/1706 1708/1708/1708 1715/1715/1715
f 1716/1716/1716 1711/1711/1711 1704/1704/1704
f 1709/1709/1709 1711/1711/1711 1713/1713/1713
f 1713/1713/1713 1711/1711/1711 1716/1716/1716
f 1717/1717/1717 1703/1703/1703 1706/1706/1706
f 1703/1703/1703 1717/1717/1717 1716/1716/1716
f 1703/1703/1703 1716/1716/1716 1704/1704/1704
f 1715/1715/1715 1717/1717/1717 1706/1706/1706
f 1718/1718/1718 1719/1719/1719 1720/1720/1720
f 1721/1721/1721 1720/1720/1720 1719/1719/1719
f 1722/1722/1722 1723/1723/1723 1721/1721/1721
f 1722/1722/1722 1724/1724/1724 1725/1725/1725
f 1725/1725/1725 1723/1723/1723 1722/1722/1722
f 1721/1721/1721 1719/1719/1719 1726/1726/1726
f 1726/1726/1726 1727/1727/1727 1722/1722/1722
f 1727/1727/1727 1726/1726/1726 1728/1728/1728
f 1729/1729/1729 1728/1728/1728 1726/1726/1726
f 1726/1726/1726 1722/1722/1722 1721/1721/1721
f 1730/1730/1730 1731/1731/1731 1722/1722/1722
f 1732/1732/1732 1733/1733/1733 1734/1734/1734
f 1735/1735/1735 1730/1730/1730 1733/1733/1733
f 1734/1734/1734 1736/1736/1736 1732/1732/1732
f 1724/1724/1724 1722/1722/1722 1731/1731/1731
f 1730/1730/1730 1737/1737/1737 1731/1731/1731
f 1738/1738/1738 1739/1739/1739 1740/1740/1740
f 1738/1738/1738 1741/1741/1741 1742/1742/1742
f 1738/1738/1738 1740/1740/1740 1741/1741/1741
f 1743/1743/1743 1744/1744/1744 1745/1745/1745
f 1744/1744/1744 1743/1743/1743 1746/1746/1746
f 1746/1746/1746 1747/1747/1747 1744/1744/1744
f 1747/1747/1747 1746/1746/1746 1739/1739/1739
f 1730/1730/1730 1735/1735/1735 1737/1737/1737
f 1733/1733/1733 1732/1732/1732 1748/1748/1748
f 1748/1748/1748 1735/1735/1735 1733/1733/1733
f 1747/1747/1747 1738/1738/1738 1749/1749/1749
f 1749/1749/1749 1750/1750/1750 1747/1747/1747
f 1739/1739/1739 1738/1738/1738 1747/1747/1747
f 1747/1747/1747 1750/1750/1750 1751/1751/1751
f 1742/1742/1742 1737/1737/1737 1738/1738/1738
f 1742/1742/1742 1731/1731/1731 1737/1737/1737
f 1752/1752/1752 1753/1753/1753 1754/1754/1754
f 1752/1752/1752 1754/1754/1754 1729/1729/1729
f 1755/1755/1755 1756/1756/1756 1757/1757/1757
f 1757/1757/1757 1758/1758/1758 1755/1755/1755
f 1758/1758/1758 1759/1759/1759 1755/1755/1755
f 1736/1736/1736 1756/1756/1756 1755/1755/1755
f 1760/1760/1760 1758/1758/1758 1761/1761/1761
f 1729/1729/1729 1754/1754/1754 1728/1728/1728
f 1762/1762/1762 1753/1753/1753 1763/1763/1763
f 1752/1752/1752 1763/1763/1763 1753/1753/1753
f 1762/1762/1762 1763/1763/1763 1764/1764/1764
f 1765/1765/1765 1762/1762/1762 1764/1764/1764
f 1759/1759/1759 1758/1758/1758 1760/1760/1760
f 1766/1766/1766 1760/1760/1760 1761/1761/1761
f 1765/1765/1765 1766/1766/1766 1761/1761/1761
f 1761/1761/1761 1762/1762/1762 1765/1765/1765
f 1767/1767/1767 1736/1736/1736 1755/1755/1755
f 1768/1768/1768 1769/1769/1769 1770/1770/1770
f 1770/1770/1770 1767/1767/1767 1771/1771/1771
f 1772/1772/1772 1751/1751/1751 1773/1773/1773
f 1773/1773/1773 1774/1774/1774 1772/1772/1772
f 1774/1774/1774 1775/1775/1775 1772/1772/1772
f 1747/1747/1747 1751/1751/1751 1772/1772/1772
f 1769/1769/1769 1768/1768/1768 1776/1776/1776
f 1769/1769/1769 1776/1776/1776 1777/1777/1777
f 1776/1776/1776 1778/1778/1778 1777/1777/1777
f 1777/1777/1777 1779/1779/1779 1774/1774/1774
f 1775/1775/1775 1774/1774/1774 1779/1779/1779
f 1777/1777/1777 1780/1780/1780 1779/1779/1779
f 1780/1780/1780 1777/1777/1777 1778/1778/1778
f 1771/1771/1771 1768/1768/1768 1770/1770/1770
f 1767/1767/1767 1755/1755/1755 1771/1771/1771
f 1756/1756/1756 1736/1736/1736 1734/1734/1734
f 1781/1781/1781 1782/1782/1782 1783/1783/1783
f 1783/1783/1783 1782/1782/1782 1785/1785/1785
f 1785/1785/1785 1782/1782/1782 1786/1786/1786
f 1787/1787/1787 1783/1783/1783 1785/1785/1785
f 1788/1788/1788 1789/1789/1789 1790/1790/1790
f 1791/1791/1791 1792/1792/1792 1793/1793/1793
f 1794/1794/1794 1791/1791/1791 1788/1788/1788
f 1789/1789/1789 1788/1788/1788 1791/1791/1791
f 1795/1795/1795 1796/1796/1796 1797/1797/1797
f 1798/1798/1798 1795/1795/1795 1797/1797/1797
f 1797/1797/1797 1793/1793/1793 1792/1792/1792
f 1795/1795/1795 1798/1798/1798 1799/1799/1799
f 1800/1800/1800 1801/1801/1801 1802/1802/1802
f 1800/1800/1800 1803/1803/1803 1804/1804/1804
f 1804/1804/1804 1801/1801/1801 1800/1800/1800
f 1801/1801/1801 1804/1804/1804 1805/1805/1805
f 1805/1805/1805 1804/1804/1804 1806/1806/1806
f 1807/1807/1807 1801/1801/1801 1805/1805/1805
f 1808/1808/1808 1809/1809/1809 1810/1810/1810
f 1812/1812/1812 1813/1813/1813 1809/1809/1809
f 1814/1814/1814 1815/1815/1815 1816/1816/1816
f 1818/1818/1818 1819/1819/1819 1815/1815/1815
f 1820/1820/1820 1821/1821/1821 1822/1822/1822
f 1824/1824/1824 1825/1825/1825 1821/1821/1821
f 1826/1826/1826 1827/1827/1827 1828/1828/1828
f 1830/1830/1830 1831/1831/1831 1827/1827/1827
f 1832/1832/1832 1833/1833/1833 1834/1834/1834
f 1836/1836/1836 1837/1837/1837 1833/1833/1833
f 1838/1838/1838 1839/1839/1839 1840/1840/1840
f 1838/1838/1838 1841/1841/1841 1842/1842/1842
f 1842/1842/1842 1839/1839/1839 1838/1838/1838
f 1839/1839/1839 1842/1842/1842 1843/1843/1843
f 1843/1843/1843 1842/1842/1842 1844/1844/1844
f 1845/1845/1845 1839/1839/1839 1843/1843/1843
f 1846/1846/1846 1847/1847/1847 1848/1848/1848
f 1846/1846/1846 1849/1849/1849 1850/1850/1850
f 1850/1850/1850 1847/1847/1847 1846/1846/1846
f 1847/1847/1847 1850/1850/1850 1851/1851/1851
f 1851/1851/1851 1850/1850/1850 1852/1852/1852
f 1853/1853/1853 1847/1847/1847 1851/1851/1851
f 1854/1854/1854 1855/1855/1855 1856/1856/1856
f 1854/1854/1854 1857/1857/1857 1858/1858/1858
f 1858/1858/1858 1855/1855/1855 1854/1854/1854
f 1858/1858/1858 1859/1859/1859 1855/1855/1855
f 1859/1859/1859 1858/1858/1858 1861/1861/1861
f 1862/1862/1862 1863/1863/1863 1864/1864/1864
f 1862/1862/1862 1865/1865/1865 1866/1866/1866
f 1866/1866/1866 1863/1863/1863 1862/1862/1862
f 1863/1863/1863 1866/1866/1866 1867/1867/1867
f 1867/1867/1867 1866/1866/1866 1868/1868/1868
f 1869/1869/1869 1863/1863/1863 1867/1867/1867
f 1870/1870/1870 1871/1871/1871 1872/1872/1872
f 1870/1870/1870 1873/1873/1873 1874/1874/1874
f 1874/1874/1874 1871/1871/1871 1870/1870/1870
f 1871/1871/1871 1874/1874/1874 1875/1875/1875
f 1875/1875/1875 1874/1874/1874 1876/1876/1876
f 1877/1877/1877 1871/1871/1871 1875/1875/1875
f 1878/1878/1878 1879/1879/1879 1880/1880/1880
f 1881/1881/1881 1880/1880/1880 1879/1879/1879
f 1882/1882/1882 1883/1883/1883 1881/1881/1881
f 1882/1882/1882 1884/1884/1884 1885/1885/1885
f 1885/1885/1885 1883/1883/1883 1882/1882/1882
f 1881/1881/1881 1879/1879/1879 1886/1886/1886
f 1886/1886/1886 1887/1887/1887 1882/1882/1882
f 1887/1887/1887 1886/1886/1886 1888/1888/1888
f 1889/1889/1889 1888/1888/1888 1886/1886/1886
f 1886/1886/1886 1882/1882/1882 1881/1881/1881
f 1890/1890/1890 1891/1891/1891 1882/1882/1882
f 1892/1892/1892 1893/1893/1893 1894/1894/1894
f 1895/1895/1895 1890/1890/1890 1893/1893/1893
f 1896/1896/1896 1892/1892/1892 1894/1894/1894
f 1884/1884/1884 1882/1882/1882 1891/1891/1891
f 1890/1890/1890 1897/1897/1897 1891/1891/1891
f 1898/1898/1898 1899/1899/1899 1900/1900/1900
f 1898/1898/1898 1901/1901/1901 1899/1899/1899
f 1902/1902/1902 1903/1903/1903 1904/1904/1904
f 1903/1903/1903 1902/1902/1902 1905/1905/1905
f 1906/1906/1906 1903/1903/1903 1905/1905/1905
f 1905/1905/1905 1901/1901/1901 1898/1898/1898
f 1897/1897/1897 1898/1898/1898 1907/1907/1907
f 1893/1893/1893 1892/1892/1892 1895/1895/1895
f 1895/1895/1895 1897/1897/1897 1890/1890/1890
f 1906/1906/1906 1898/1898/1898 1908/1908/1908
f 1909/1909/1909 1906/1906/1906 1910/1910/1910
f 1908/1908/1908 1910/1910/1910 1906/1906/1906
f 1905/1905/1905 1898/1898/1898 1906/1906/1906
f 1900/1900/1900 1907/1907/1907 1898/1898/1898
f 1907/1907/1907 1891/1891/1891 1897/1897/1897
f 1911/1911/1911 1912/1912/1912 1913/1913/1913
f 1889/1889/1889 1913/1913/1913 1912/1912/1912
f 1914/1914/1914 1915/1915/1915 1916/1916/1916
f 1917/1917/1917 1918/1918/1918 1919/1919/1919
f 1918/1918/1918 1915/1915/1915 1914/1914/1914
f 1889/1889/1889 1912/1912/1912 1888/1888/1888
f 1911/1911/1911 1920/1920/1920 1921/1921/1921
f 1913/1913/1913 1920/1920/1920 1911/1911/1911
f 1911/1911/1911 1921/1921/1921 1922/1922/1922
f 1923/1923/1923 1922/1922/1922 1921/1921/1921
f 1924/1924/1924 1918/1918/1918 1917/1917/1917
f 1925/1925/1925 1917/1917/1917 1919/1919/1919
f 1922/1922/1922 1923/1923/1923 1925/1925/1925
f 1925/1925/1925 1919/1919/1919 1922/1922/1922
f 1918/1918/1918 1924/1924/1924 1915/1915/1915
f 1915/1915/1915 1926/1926/1926 1896/1896/1896
f 1927/1927/1927 1926/1926/1926 1928/1928/1928
f 1929/1929/1929 1930/1930/1930 1927/1927/1927
f 1915/1915/1915 1896/1896/1896 1916/1916/1916
f 1909/1909/1909 1931/1931/1931 1932/1932/1932
f 1909/1909/1909 1932/1932/1932 1933/1933/1933
f 1910/1910/1910 1931/1931/1931 1909/1909/1909
f 1915/1915/1915 1928/1928/1928 1926/1926/1926
f 1930/1930/1930 1929/1929/1929 1934/1934/1934
f 1930/1930/1930 1934/1934/1934 1935/1935/1935
f 1934/1934/1934 1936/1936/1936 1935/1935/1935
f 1935/1935/1935 1937/1937/1937 1932/1932/1932
f 1933/1933/1933 1932/1932/1932 1937/1937/1937
f 1935/1935/1935 1938/1938/1938 1937/1937/1937
f 1938/1938/1938 1935/1935/1935 1936/1936/1936
f 1928/1928/1928 1929/1929/1929 1927/1927/1927
f 1894/1894/1894 1916/1916/1916 1896/1896/1896
f 1939/1939/1939 1940/1940/1940 1941/1941/1941
f 1942/1942/1942 1941/1941/1941 1940/1940/1940
f 1943/1943/1943 1942/1942/1942 1944/1944/1944
f 1943/1943/1943 1945/1945/1945 1946/1946/1946
f 1945/1945/1945 1943/1943/1943 1944/1944/1944
f 1942/1942/1942 1947/1947/1947 1941/1941/1941
f 1947/1947/1947 1943/1943/1943 1948/1948/1948
f 1948/1948/1948 1949/1949/1949 1947/1947/1947
f 1950/1950/1950 1947/1947/1947 1949/1949/1949
f 1947/1947/1947 1942/1942/1942 1943/1943/1943
f 1951/1951/1951 1943/1943/1943 1952/1952/1952
f 1953/1953/1953 1954/1954/1954 1955/1955/1955
f 1956/1956/1956 1955/1955/1955 1951/1951/1951
f 1954/1954/1954 1953/1953/1953 1957/1957/1957
f 1946/1946/1946 1952/1952/1952 1943/1943/1943
f 1951/1951/1951 1952/1952/1952 1958/1958/1958
f 1959/1959/1959 1960/1960/1960 1961/1961/1961
f 1959/1959/1959 1962/1962/1962 1963/1963/1963
f 1959/1959/1959 1963/1963/1963 1960/1960/1960
f 1964/1964/1964 1965/1965/1965 1966/1966/1966
f 1966/1966/1966 1967/1967/1967 1964/1964/1964
f 1967/1967/1967 1966/1966/1966 1968/1968/1968
f 1968/1968/1968 1961/1961/1961 1967/1967/1967
f 1951/1951/1951 1958/1958/1958 1956/1956/1956
f 1955/1955/1955 1969/1969/1969 1953/1953/1953
f 1969/1969/1969 1955/1955/1955 1956/1956/1956
f 1968/1968/1968 1970/1970/1970 1959/1959/1959
f 1970/1970/1970 1968/1968/1968 1971/1971/1971
f 1961/1961/1961 1968/1968/1968 1959/1959/1959
f 1968/1968/1968 1972/1972/1972 1971/1971/1971
f 1962/1962/1962 1959/1959/1959 1958/1958/1958
f 1962/1962/1962 1958/1958/1958 1952/1952/1952
f 1973/1973/1973 1974/1974/1974 1975/1975/1975
f 1973/1973/1973 1950/1950/1950 1974/1974/1974
f 1976/1976/1976 1977/1977/1977 1978/1978/1978
f 1977/1977/1977 1976/1976/1976 1979/1979/1979
f 1979/1979/1979 1976/1976/1976 1980/1980/1980
f 1957/1957/1957 1976/1976/1976 1978/1978/1978
f 1981/1981/1981 1982/1982/1982 1979/1979/1979
f 1950/1950/1950 1949/1949/1949 1974/1974/1974
f 1983/1983/1983 1984/1984/1984 1975/1975/1975
f 1973/1973/1973 1975/1975/1975 1984/1984/1984
f 1983/1983/1983 1985/1985/1985 1984/1984/1984
f 1986/1986/1986 1985/1985/1985 1983/1983/1983
f 1980/1980/1980 1981/1981/1981 1979/1979/1979
f 1987/1987/1987 1982/1982/1982 1981/1981/1981
f 1986/1986/1986 1982/1982/1982 1987/1987/1987
f 1982/1982/1982 1986/1986/1986 1983/1983/1983
f 1988/1988/1988 1976/1976/1976 1957/1957/1957
f 1989/1989/1989 1990/1990/1990 1991/1991/1991
f 1990/1990/1990 1992/1992/1992 1988/1988/1988
f 1993/1993/1993 1994/1994/1994 1972/1972/1972
f 1994/1994/1994 1993/1993/1993 1995/1995/1995
f 1995/1995/1995 1993/1993/1993 1996/1996/1996
f 1968/1968/1968 1993/1993/1993 1972/1972/1972
f 1991/1991/1991 1997/1997/1997 1989/1989/1989
f 1991/1991/1991 1998/1998/1998 1997/1997/1997
f 1997/1997/1997 1998/1998/1998 1999/1999/1999
f 1998/1998/1998 1995/1995/1995 2000/2000/2000
f 1996/1996/1996 2000/2000/2000 1995/1995/1995
f 1998/1998/1998 2000/2000/2000 2001/2001/2001
f 2001/2001/2001 1999/1999/1999 1998/1998/1998
f 1992/1992/1992 1990/1990/1990 1989/1989/1989
f 1988/1988/1988 1992/1992/1992 1976/1976/1976
f 1978/1978/1978 1954/1954/1954 1957/1957/1957
f 2002/2002/2002 2003/2003/2003 2004/2004/2004
f 2002/2002/2002 2005/2005/2005 2006/2006/2006
f 2006/2006/2006 2003/2003/2003 2002/2002/2002
f 2003/2003/2003 2006/2006/2006 2007/2007/2007
f 2007/2007/2007 2006/2006/2006 2008/2008/2008
f 2009/2009/2009 2003/2003/2003 2007/2007/2007
f 2010/2010/2010 2011/2011/2011 2012/2012/2012
f 2010/2010/2010 2013/2013/2013 2014/2014/2014
f 2014/2014/2014 2011/2011/2011 2010/2010/2010
f 2011/2011/2011 2014/2014/2014 2015/2015/2015
f 2015/2015/2015 2014/2014/2014 2016/2016/2016
f 2017/2017/2017 2011/2011/2011 2015/2015/2015
f 2018/2018/2018 2019/2019/2019 2020/2020/2020
f 2018/2018/2018 2021/2021/2021 2022/2022/2022
f 2022/2022/2022 2019/2019/2019 2018/2018/2018
f 2019/2019/2019 2022/2022/2022 2023/2023/2023
f 2023/2023/2023 2022/2022/2022 2024/2024/2024
f 2025/2025/2025 2019/2019/2019 2023/2023/2023
f 2026/2026/2026 2027/2027/2027 2028/2028/2028
f 2026/2026/2026 2029/2029/2029 2030/2030/2030
f 2030/2030/2030 2027/2027/2027 2026/2026/2026
f 2030/2030/2030 2031/2031/2031 2027/2027/2027
f 2031/2031/2031 2030/2030/2030 2033/2033/2033
f 2034/2034/2034 2035/2035/2035 2036/2036/2036
f 2035/2035/2035 2034/2034/2034 2037/2037/2037
f 2036/2036/2036 2038/2038/2038 2034/2034/2034
f 2039/2039/2039 2040/2040/2040 2041/2041/2041
f 2043/2043/2043 2044/2044/2044 2045/2045/2045
f 2047/2047/2047 2048/2048/2048 2049/2049/2049
f 2051/2051/2051 2052/2052/2052 2053/2053/2053
f 2051/2051/2051 2054/2054/2054 2055/2055/2055
f 2055/2055/2055 2052/2052/2052 2051/2051/2051
f 2056/2056/2056 2057/2057/2057 2058/2058/2058
f 2057/2057/2057 2052/2052/2052 2055/2055/2055
f 2060/2060/2060 2061/2061/2061 2062/2062/2062
f 2062/2062/2062 2061/2061/2061 2064/2064/2064
f 2064/2064/2064 2061/2061/2061 2065/2065/2065
f 2066/2066/2066 2062/2062/2062 2064/2064/2064
f 2067/2067/2067 2068/2068/2068 2069/2069/2069
f 2071/2071/2071 2072/2072/2072 2073/2073/2073
f 2071/2071/2071 2074/2074/2074 2075/2075/2075
f 2075/2075/2075 2072/2072/2072 2071/2071/2071
f 2076/2076/2076 2077/2077/2077 2078/2078/2078
f 2077/2077/2077 2072/2072/2072 2075/2075/2075
f 2080/2080/2080 2081/2081/2081 2082/2082/2082
f 2081/2081/2081 2084/2084/2084 2082/2082/2082
f 2084/2084/2084 2081/2081/2081 2086/2086/2086
f 2087/2087/2087 2088/2088/2088 2089/2089/2089
f 2091/2091/2091 2092/2092/2092 2093/2093/2093
f 2095/2095/2095 2096/2096/2096 2097/2097/2097
f 2099/2099/2099 2100/2100/2100 2101/2101/2101
f 2103/2103/2103 2104/2104/2104 2105/2105/2105
f 2106/2106/2106 2105/2105/2105 2107/2107/2107
f 2108/2108/2108 2103/2103/2103 2106/2106/2106
f 2105/2105/2105 2106/2106/2106 2103/2103/2103
f 2110/2110/2110 2111/2111/2111 2112/2112/2112
f 2110/2110/2110 2113/2113/2113 2114/2114/2114
f 2114/2114/2114 2111/2111/2111 2110/2110/2110
f 2114/2114/2114 2115/2115/2115 2111/2111/2111
f 2115/2115/2115 2114/2114/2114 2117/2117/2117
f 2118/2118/2118 2119/2119/2119 2120/2120/2120
f 2118/2118/2118 2121/2121/2121 2122/2122/2122
f 2122/2122/2122 2119/2119/2119 2118/2118/2118
f 2119/2119/2119 2122/2122/2122 2123/2123/2123
f 2123/2123/2123 2122/2122/2122 2124/2124/2124
f 2125/2125/2125 2119/2119/2119 2123/2123/2123
f 2126/2126/2126 2127/2127/2127 2128/2128/2128
f 2126/2126/2126 2129/2129/2129 2130/2130/2130
f 2130/2130/2130 2127/2127/2127 2126/2126/2126
f 2127/2127/2127 2130/2130/2130 2131/2131/2131
f 2131/2131/2131 2130/2130/2130 2132/2132/2132
f 2133/2133/2133 2127/2127/2127 2131/2131/2131
f 2134/2134/2134 2135/2135/2135 2136/2136/2136
f 2138/2138/2138 2139/2139/2139 2140/2140/2140
f 2139/2139/2139 2142/2142/2142 2143/2143/2143
f 2144/2144/2144 2143/2143/2143 2145/2145/2145
f 2142/2142/2142 2145/2145/2145 2143/2143/2143
f 2141/2141/2141 2144/2144/2144 2146/2146/2146
f 2143/2143/2143 2144/2144/2144 2140/2140/2140
f 2140/2140/2140 2144/2144/2144 2141/2141/2141
f 2139/2139/2139 2147/2147/2147 2142/2142/2142
f 2145/2145/2145 2142/2142/2142 2147/2147/2147
f 2148/2148/2148 2147/2147/2147 2139/2139/2139
f 2146/2146/2146 2148/2148/2148 2138/2138/2138
f 2139/2139/2139 2138/2138/2138 2148/2148/2148
f 2141/2141/2141 2146/2146/2146 2138/2138/2138
f 2149/2149/2149 2150/2150/2150 2151/2151/2151
f 2149/2149/2149 2152/2152/2152 2153/2153/2153
f 2153/2153/2153 2150/2150/2150 2149/2149/2149
f 2153/2153/2153 2154/2154/2154 2150/2150/2150
f 2154/2154/2154 2153/2153/2153 2156/2156/2156
f 2157/2157/2157 2158/2158/2158 2159/2159/2159
f 2160/2160/2160 2159/2159/2159 2161/2161/2161
f 2159/2159/2159 2163/2163/2163 2164/2164/2164
f 2158/2158/2158 2165/2165/2165 2163/2163/2163
f 2164/2164/2164 2163/2163/2163 2166/2166/2166
f 2167/2167/2167 2166/2166/2166 2163/2163/2163
f 2168/2168/2168 2164/2164/2164 2166/2166/2166
f 2162/2162/2162 2168/2168/2168 2169/2169/2169
f 2168/2168/2168 2162/2162/2162 2161/2161/2161
f 2161/2161/2161 2164/2164/2164 2168/2168/2168
f 2160/2160/2160 2162/2162/2162 2169/2169/2169
f 2170/2170/2170 2165/2165/2165 2158/2158/2158
f 2163/2163/2163 2165/2165/2165 2167/2167/2167
f 2167/2167/2167 2165/2165/2165 2170/2170/2170
f 2171/2171/2171 2157/2157/2157 2160/2160/2160
f 2157/2157/2157 2171/2171/2171 2170/2170/2170
f 2157/2157/2157 2170/2170/2170 2158/2158/2158
f 2169/2169/2169 2171/2171/2171 2160/2160/2160
f 2172/2172/2172 2173/2173/2173 2174/2174/2174
f 2175/2175/2175 2174/2174/2174 2173/2173/2173
f 2176/2176/2176 2177/2177/2177 2175/2175/2175
f 2176/2176/2176 2178/2178/2178 2179/2179/2179
f 2179/2179/2179 2177/2177/2177 2176/2176/2176
f 2175/2175/2175 2173/2173/2173 2180/2180/2180
f 2180/2180/2180 2181/2181/2181 2176/2176/2176
f 2181/2181/2181 2180/2180/2180 2182/2182/2182
f 2183/2183/2183 2182/2182/2182 2180/2180/2180
f 2180/2180/2180 2176/2176/2176 2175/2175/2175
f 2184/2184/2184 2185/2185/2185 2176/2176/2176
f 2186/2186/2186 2187/2187/2187 2188/2188/2188
f 2189/2189/2189 2184/2184/2184 2187/2187/2187
f 2188/2188/2188 2190/2190/2190 2186/2186/2186
f 2178/2178/2178 2176/2176/2176 2185/2185/2185
f 2184/2184/2184 2191/2191/2191 2185/2185/2185
f 2192/2192/2192 2193/2193/2193 2194/2194/2194
f 2192/2192/2192 2195/2195/2195 2196/2196/2196
f 2192/2192/2192 2194/2194/2194 2195/2195/2195
f 2197/2197/2197 2198/2198/2198 2199/2199/2199
f 2198/2198/2198 2197/2197/2197 2200/2200/2200
f 2200/2200/2200 2201/2201/2201 2198/2198/2198
f 2201/2201/2201 2200/2200/2200 2193/2193/2193
f 2184/2184/2184 2189/2189/2189 2191/2191/2191
f 2187/2187/2187 2186/2186/2186 2202/2202/2202
f 2202/2202/2202 2189/2189/2189 2187/2187/2187
f 2201/2201/2201 2192/2192/2192 2203/2203/2203
f 2203/2203/2203 2204/2204/2204 2201/2201/2201
f 2193/2193/2193 2192/2192/2192 2201/2201/2201
f 2201/2201/2201 2204/2204/2204 2205/2205/2205
f 2196/2196/2196 2191/2191/2191 2192/2192/2192
f 2196/2196/2196 2185/2185/2185 2191/2191/2191
f 2206/2206/2206 2207/2207/2207 2208/2208/2208
f 2206/2206/2206 2208/2208/2208 2183/2183/2183
f 2209/2209/2209 2210/2210/2210 2211/2211/2211
f 2211/2211/2211 2212/2212/2212 2209/2209/2209
f 2212/2212/2212 2213/2213/2213 2209/2209/2209
f 2190/2190/2190 2210/2210/2210 2209/2209/2209
f 2214/2214/2214 2212/2212/2212 2215/2215/2215
f 2183/2183/2183 2208/2208/2208 2182/2182/2182
f 2216/2216/2216 2207/2207/2207 2217/2217/2217
f 2206/2206/2206 2217/2217/2217 2207/2207/2207
f 2216/2216/2216 2217/2217/2217 2218/2218/2218
f 2219/2219/2219 2216/2216/2216 2218/2218/2218
f 2213/2213/2213 2212/2212/2212 2214/2214/2214
f 2220/2220/2220 2214/2214/2214 2215/2215/2215
f 2219/2219/2219 2220/2220/2220 2215/2215/2215
f 2215/2215/2215 2216/2216/2216 2219/2219/2219
f 2221/2221/2221 2190/2190/2190 2209/2209/2209
f 2222/2222/2222 2223/2223/2223 2224/2224/2224
f 2224/2224/2224 2221/2221/2221 2225/2225/2225
f 2226/2226/2226 2205/2205/2205 2227/2227/2227
f 2227/2227/2227 2228/2228/2228 2226/2226/2226
f 2228/2228/2228 2229/2229/2229 2226/2226/2226
f 2201/2201/2201 2205/2205/2205 2226/2226/2226
f 2223/2223/2223 2222/2222/2222 2230/2230/2230
f 2223/2223/2223 2230/2230/2230 2231/2231/2231
f 2230/2230/2230 2232/2232/2232 2231/2231/2231
f 2231/2231/2231 2233/2233/2233 2228/2228/2228
f 2229/2229/2229 2228/2228/2228 2233/2233/2233
f 2231/2231/2231 2234/2234/2234 2233/2233/2233
f 2234/2234/2234 2231/2231/2231 2232/2232/2232
f 2225/2225/2225 2222/2222/2222 2224/2224/2224
f 2221/2221/2221 2209/2209/2209 2225/2225/2225
f 2210/2210/2210 2190/2190/2190 2188/2188/2188
f 2235/2235/2235 2236/2236/2236 2237/2237/2237
f 2237/2237/2237 2236/2236/2236 2239/2239/2239
f 2239/2239/2239 2236/2236/2236 2240/2240/2240
f 2241/2241/2241 2237/2237/2237 2239/2239/2239
f 2242/2242/2242 2243/2243/2243 2244/2244/2244
f 2245/2245/2245 2246/2246/2246 2247/2247/2247
f 2248/2248/2248 2245/2245/2245 2242/2242/2242
f 2243/2243/2243 2242/2242/2242 2245/2245/2245
f 2249/2249/2249 2250/2250/2250 2251/2251/2251
f 2252/2252/2252 2249/2249/2249 2251/2251/2251
f 2251/2251/2251 2247/2247/2247 2246/2246/2246
f 2249/2249/2249 2252/2252/2252 2253/2253/2253
f 2254/2254/2254 2255/2255/2255 2256/2256/2256
f 2254/2254/2254 2257/2257/2257 2258/2258/2258
f 2258/2258/2258 2255/2255/2255 2254/2254/2254
f 2255/2255/2255 2258/2258/2258 2259/2259/2259
f 2259/2259/2259 2258/2258/2258 2260/2260/2260
f 2261/2261/2261 2255/2255/2255 2259/2259/2259
f 2262/2262/2262 2263/2263/2263 2264/2264/2264
f 2266/2266/2266 2267/2267/2267 2263/2263/2263
f 2268/2268/2268 2269/2269/2269 2270/2270/2270
f 2272/2272/2272 2273/2273/2273 2269/2269/2269
f 2274/2274/2274 2275/2275/2275 2276/2276/2276
f 2278/2278/2278 2279/2279/2279 2275/2275/2275
f 2280/2280/2280 2281/2281/2281 2282/2282/2282
f 2284/2284/2284 2285/2285/2285 2281/2281/2281
f 2286/2286/2286 2287/2287/2287 2288/2288/2288
f 2290/2290/2290 2291/2291/2291 2287/2287/2287
f 2292/2292/2292 2293/2293/2293 2294/2294/2294
f 2292/2292/2292 2295/2295/2295 2296/2296/2296
f 2296/2296/2296 2293/2293/2293 2292/2292/2292
f 2293/2293/2293 2296/2296/2296 2297/2297/2297
f 2297/2297/2297 2296/2296/2296 2298/2298/2298
f 2299/2299/2299 2293/2293/2293 2297/2297/2297
f 2300/2300/2300 2301/2301/2301 2302/2302/2302
f 2300/2300/2300 2303/2303/2303 2304/2304/2304
f 2304/2304/2304 2301/2301/2301 2300/2300/2300
f 2301/2301/2301 2304/2304/2304 2305/2305/2305
f 2305/2305/2305 2304/2304/2304 2306/2306/2306
f 2307/2307/2307 2301/2301/2301 2305/2305/2305
f 2308/2308/2308 2309/2309/2309 2310/2310/2310
f 2308/2308/2308 2311/2311/2311 2312/2312/2312
f 2312/2312/2312 2309/2309/2309 2308/2308/2308
f 2309/2309/2309 2312/2312/2312 2313/2313/2313
f 2313/2313/2313 2312/2312/2312 2314/2314/2314
f 2315/2315/2315 2309/2309/2309 2313/2313/2313
f 2316/2316/2316 2317/2317/2317 2318/2318/2318
f 2316/2316/2316 2319/2319/2319 2320/2320/2320
f 2320/2320/2320 2317/2317/2317 2316/2316/2316
f 2317/2317/2317 2320/2320/2320 2321/2321/2321
f 2321/2321/2321 2320/2320/2320 2322/2322/2322
f 2323/2323/2323 2317/2317/2317 2321/2321/2321
f 2324/2324/2324 2325/2325/2325 2326/2326/2326
f 2324/2324/2324 2327/2327/2327 2328/2328/2328
f 2328/2328/2328 2325/2325/2325 2324/2324/2324
f 2325/2325/2325 2328/2328/2328 2329/2329/2329
f 2329/2329/2329 2328/2328/2328 2330/2330/2330
f 2331/2331/2331 2325/2325/2325 2329/2329/2329
f 2332/2332/2332 2333/2333/2333 2334/2334/2334
f 2335/2335/2335 2334/2334/2334 2333/2333/2333
f 2336/2336/2336 2337/2337/2337 2335/2335/2335
f 2336/2336/2336 2338/2338/2338 2339/2339/2339
f 2339/2339/2339 2337/2337/2337 2336/2336/2336
f 2335/2335/2335 2333/2333/2333 2340/2340/2340
f 2340/2340/2340 2341/2341/2341 2336/2336/2336
f 2341/2341/2341 2340/2340/2340 2342/2342/2342
f 2343/2343/2343 2342/2342/2342 2340/2340/2340
f 2340/2340/2340 2336/2336/2336 2335/2335/2335
f 2344/2344/2344 2345/2345/2345 2336/2336/2336
f 2346/2346/2346 2347/2347/2347 2348/2348/2348
f 2349/2349/2349 2344/2344/2344 2347/2347/2347
f 2350/2350/2350 2346/2346/2346 2348/2348/2348
f 2338/2338/2338 2336/2336/2336 2345/2345/2345
f 2344/2344/2344 2351/2351/2351 2345/2345/2345
f 2352/2352/2352 2353/2353/2353 2354/2354/2354
f 2352/2352/2352 2355/2355/2355 2353/2353/2353
f 2356/2356/2356 2357/2357/2357 2358/2358/2358
f 2357/2357/2357 2356/2356/2356 2359/2359/2359
f 2360/2360/2360 2357/2357/2357 2359/2359/2359
f 2359/2359/2359 2355/2355/2355 2352/2352/2352
f 2351/2351/2351 2352/2352/2352 2361/2361/2361
f 2347/2347/2347 2346/2346/2346 2349/2349/2349
f 2349/2349/2349 2351/2351/2351 2344/2344/2344
f 2360/2360/2360 2352/2352/2352 2362/2362/2362
f 2363/2363/2363 2360/2360/2360 2364/2364/2364
f 2362/2362/2362 2364/2364/2364 2360/2360/2360
f 2359/2359/2359 2352/2352/2352 2360/2360/2360
f 2354/2354/2354 2361/2361/2361 2352/2352/2352
f 2361/2361/2361 2345/2345/2345 2351/2351/2351
f 2365/2365/2365 2366/2366/2366 2367/2367/2367
f 2343/2343/2343 2367/2367/2367 2366/2366/2366
f 2368/2368/2368 2369/2369/2369 2370/2370/2370
f 2371/2371/2371 2372/2372/2372 2373/2373/2373
f 2372/2372/2372 2369/2369/2369 2368/2368/2368
f 2343/2343/2343 2366/2366/2366 2342/2342/2342
f 2365/2365/2365 2374/2374/2374 2375/2375/2375
f 2367/2367/2367 2374/2374/2374 2365/2365/2365
f 2365/2365/2365 2375/2375/2375 2376/2376/2376
f 2377/2377/2377 2376/2376/2376 2375/2375/2375
f 2378/2378/2378 2372/2372/2372 2371/2371/2371
f 2379/2379/2379 2371/2371/2371 2373/2373/2373
f 2376/2376/2376 2377/2377/2377 2379/2379/2379
f 2379/2379/2379 2373/2373/2373 2376/2376/2376
f 2372/2372/2372 2378/2378/2378 2369/2369/2369
f 2369/2369/2369 2380/2380/2380 2350/2350/2350
f 2381/2381/2381 2380/2380/2380 2382/2382/2382
f 2383/2383/2383 2384/2384/2384 2381/2381/2381
f 2369/2369/2369 2350/2350/2350 2370/2370/2370
f 2363/2363/2363 2385/2385/2385 2386/2386/2386
f 2363/2363/2363 2386/2386/2386 2387/2387/2387
f 2364/2364/2364 2385/2385/2385 2363/2363/2363
f 2369/2369/2369 2382/2382/2382 2380/2380/2380
f 2384/2384/2384 2383/2383/2383 2388/2388/2388
f 2384/2384/2384 2388/2388/2388 2389/2389/2389
f 2388/2388/2388 2390/2390/2390 2389/2389/2389
f 2389/2389/2389 2391/2391/2391 2386/2386/2386
f 2387/2387/2387 2386/2386/2386 2391/2391/2391
f 2389/2389/2389 2392/2392/2392 2391/2391/2391
f 2392/2392/2392 2389/2389/2389 2390/2390/2390
f 2382/2382/2382 2383/2383/2383 2381/2381/2381
f 2348/2348/2348 2370/2370/2370 2350/2350/2350
f 2393/2393/2393 2394/2394/2394 2395/2395/2395
f 2394/2394/2394 2393/2393/2393 2396/2396/2396
f 2397/2397/2397 2398/2398/2398 2399/2399/2399
f 2399/2399/2399 2400/2400/2400 2397/2397/2397
f 2401/2401/2401 2402/2402/2402 2403/2403/2403
f 2405/2405/2405 2406/2406/2406 2407/2407/2407
f 2409/2409/2409 2410/2410/2410 2411/2411/2411
f 2413/2413/2413 2414/2414/2414 2415/2415/2415
f 2417/2417/2417 2418/2418/2418 2419/2419/2419
f 2421/2421/2421 2422/2422/2422 2423/2423/2423
f 2425/2425/2425 2426/2426/2426 2427/2427/2427
f 2429/2429/2429 2430/2430/2430 2431/2431/2431
f 2433/2433/2433 2434/2434/2434 2435/2435/2435
f 2437/2437/2437 2438/2438/2438 2439/2439/2439
f 2441/2441/2441 2442/2442/2442 2443/2443/2443
f 2445/2445/2445 2446/2446/2446 2447/2447/2447
f 2449/2449/2449 2450/2450/2450 2451/2451/2451
f 2453/2453/2453 2454/2454/2454 2455/2455/2455
f 2455/2455/2455 2456/2456/2456 2453/2453/2453
f 2457/2457/2457 2458/2458/2458 2459/2459/2459
f 2458/2458/2458 2457/2457/2457 2460/2460/2460
f 2461/2461/2461 2462/2462/2462 2463/2463/2463
f 2465/2465/2465 2466/2466/2466 2467/2467/2467
f 2469/2469/2469 2470/2470/2470 2471/2471/2471
f 2473/2473/2473 2474/2474/2474 2475/2475/2475
f 2477/2477/2477 2478/2478/2478 2479/2479/2479
f 2481/2481/2481 2482/2482/2482 2483/2483/2483
f 2482/2482/2482 2481/2481/2481 2484/2484/2484
f 2485/2485/2485 2484/2484/2484 2486/2486/2486
f 2487/2487/2487 2484/2484/2484 2485/2485/2485
f 2488/2488/2488 2485/2485/2485 2489/2489/2489
f 2486/2486/2486 2490/2490/2490 2485/2485/2485
f 2485/2485/2485 2490/2490/2490 2491/2491/2491
f 2485/2485/2485 2491/2491/2491 2489/2489/2489
f 2487/2487/2487 2485/2485/2485 2492/2492/2492
f 2487/2487/2487 2482/2482/2482 2484/2484/2484
f 2493/2493/2493 2494/2494/2494 2495/2495/2495
f 2494/2494/2494 2496/2496/2496 2497/2497/2497
f 2493/2493/2493 2496/2496/2496 2494/2494/2494
f 2498/2498/2498 2493/2493/2493 2495/2495/2495
f 2499/2499/2499 2488/2488/2488 2500/2500/2500
f 2499/2499/2499 2501/2501/2501 2502/2502/2502
f 2500/2500/2500 2501/2501/2501 2499/2499/2499
f 2498/2498/2498 2499/2499/2499 2502/2502/2502
f 2500/2500/2500 2488/2488/2488 2489/2489/2489
f 2498/2498/2498 2495/2495/2495 2499/2499/2499
f 2503/2503/2503 2504/2504/2504 2487/2487/2487
f 2504/2504/2504 2503/2503/2503 2505/2505/2505
f 2505/2505/2505 2506/2506/2506 2507/2507/2507
f 2507/2507/2507 2504/2504/2504 2505/2505/2505
f 2506/2506/2506 2508/2508/2508 2509/2509/2509
f 2510/2510/2510 2511/2511/2511 2508/2508/2508
f 2509/2509/2509 2508/2508/2508 2511/2511/2511
f 2512/2512/2512 2510/2510/2510 2508/2508/2508
f 2507/2507/2507 2506/2506/2506 2509/2509/2509
f 2513/2513/2513 2514/2514/2514 2515/2515/2515
f 2516/2516/2516 2495/2495/2495 2515/2515/2515
f 2513/2513/2513 2515/2515/2515 2495/2495/2495
f 2499/2499/2499 2495/2495/2495 2516/2516/2516
f 2513/2513/2513 2517/2517/2517 2514/2514/2514
f 2518/2518/2518 2519/2519/2519 2512/2512/2512
f 2510/2510/2510 2512/2512/2512 2519/2519/2519
f 2517/2517/2517 2518/2518/2518 2520/2520/2520
f 2512/2512/2512 2520/2520/2520 2518/2518/2518
f 2514/2514/2514 2517/2517/2517 2520/2520/2520
f 2487/2487/2487 2492/2492/2492 2503/2503/2503
f 2521/2521/2521 2522/2522/2522 2523/2523/2523
f 2525/2525/2525 2526/2526/2526 2527/2527/2527
f 2529/2529/2529 2530/2530/2530 2531/2531/2531
f 2529/2529/2529 2532/2532/2532 2533/2533/2533
f 2533/2533/2533 2530/2530/2530 2529/2529/2529
f 2534/2534/2534 2535/2535/2535 2536/2536/2536
f 2535/2535/2535 2530/2530/2530 2533/2533/2533
f 2538/2538/2538 2539/2539/2539 2540/2540/2540
f 2539/2539/2539 2542/2542/2542 2543/2543/2543
f 2544/2544/2544 2540/2540/2540 2543/2543/2543
f 2545/2545/2545 2546/2546/2546 2547/2547/2547
f 2549/2549/2549 2550/2550/2550 2551/2551/2551
f 2549/2549/2549 2552/2552/2552 2553/2553/2553
f 2553/2553/2553 2550/2550/2550 2549/2549/2549
f 2554/2554/2554 2555/2555/2555 2556/2556/2556
f 2555/2555/2555 2550/2550/2550 2553/2553/2553
f 2558/2558/2558 2559/2559/2559 2560/2560/2560
f 2560/2560/2560 2559/2559/2559 2562/2562/2562
f 2562/2562/2562 2559/2559/2559 2563/2563/2563
f 2564/2564/2564 2560/2560/2560 2562/2562/2562
f 2565/2565/2565 2566/2566/2566 2567/2567/2567
f 2569/2569/2569 2570/2570/2570 2571/2571/2571
f 2573/2573/2573 2574/2574/2574 2575/2575/2575
f 2577/2577/2577 2578/2578/2578 2579/2579/2579
f 2581/2581/2581 2579/2579/2579 2578/2578/2578
f 2583/2583/2583 2584/2584/2584 2585/2585/2585
f 2587/2587/2587 2585/2585/2585 2584/2584/2584
f 2589/2589/2589 2590/2590/2590 2591/2591/2591
f 2593/2593/2593 2591/2591/2591 2590/2590/2590
f 2595/2595/2595 2596/2596/2596 2597/2597/2597
f 2599/2599/2599 2597/2597/2597 2596/2596/2596
f 2601/2601/2601 2602/2602/2602 2603/2603/2603
f 2605/2605/2605 2603/2603/2603 2602/2602/2602
f 2607/2607/2607 2608/2608/2608 2609/2609/2609
f 2611/2611/2611 2612/2612/2612 2613/2613/2613
f 2611/2611/2611 2614/2614/2614 2615/2615/2615
f 2615/2615/2615 2612/2612/2612 2611/2611/2611
f 2612/2612/2612 2615/2615/2615 2616/2616/2616
f 2616/2616/2616 2615/2615/2615 2617/2617/2617
f 2618/2618/2618 2612/2612/2612 2616/2616/2616
f 2619/2619/2619 2620/2620/2620 2621/2621/2621
f 2620/2620/2620 2623/2623/2623 2624/2624/2624
f 2625/2625/2625 2626/2626/2626 2627/2627/2627
f 2629/2629/2629 2625/2625/2625 2624/2624/2624
f 2624/2624/2624 2625/2625/2625 2621/2621/2621
f 2621/2621/2621 2625/2625/2625 2628/2628/2628
f 2622/2622/2622 2621/2621/2621 2628/2628/2628
f 2630/2630/2630 2623/2623/2623 2620/2620/2620
f 2624/2624/2624 2623/2623/2623 2629/2629/2629
f 2629/2629/2629 2623/2623/2623 2630/2630/2630
f 2631/2631/2631 2619/2619/2619 2622/2622/2622
f 2619/2619/2619 2631/2631/2631 2630/2630/2630
f 2619/2619/2619 2630/2630/2630 2620/2620/2620
f 2628/2628/2628 2631/2631/2631 2622/2622/2622
f 2632/2632/2632 2633/2633/2633 2634/2634/2634
f 2634/2634/2634 2635/2635/2635 2632/2632/2632
f 2636/2636/2636 2637/2637/2637 2635/2635/2635
f 2638/2638/2638 2636/2636/2636 2635/2635/2635
f 2639/2639/2639 2640/2640/2640 2636/2636/2636
f 2637/2637/2637 2636/2636/2636 2641/2641/2641
f 2636/2636/2636 2642/2642/2642 2641/2641/2641
f 2636/2636/2636 2640/2640/2640 2642/2642/2642
f 2638/2638/2638 2643/2643/2643 2636/2636/2636
f 2638/2638/2638 2635/2635/2635 2634/2634/2634
f 2644/2644/2644 2645/2645/2645 2646/2646/2646
f 2646/2646/2646 2647/2647/2647 2648/2648/2648
f 2644/2644/2644 2646/2646/2646 2648/2648/2648
f 2649/2649/2649 2645/2645/2645 2644/2644/2644
f 2650/2650/2650 2651/2651/2651 2639/2639/2639
f 2650/2650/2650 2652/2652/2652 2653/2653/2653
f 2651/2651/2651 2650/2650/2650 2653/2653/2653
f 2649/2649/2649 2652/2652/2652 2650/2650/2650
f 2651/2651/2651 2640/2640/2640 2639/2639/2639
f 2649/2649/2649 2650/2650/2650 2645/2645/2645
f 2654/2654/2654 2638/2638/2638 2655/2655/2655
f 2655/2655/2655 2656/2656/2656 2654/2654/2654
f 2656/2656/2656 2657/2657/2657 2658/2658/2658
f 2657/2657/2657 2656/2656/2656 2655/2655/2655
f 2658/2658/2658 2659/2659/2659 2660/2660/2660
f 2661/2661/2661 2660/2660/2660 2662/2662/2662
f 2659/2659/2659 2662/2662/2662 2660/2660/2660
f 2663/2663/2663 2660/2660/2660 2661/2661/2661
f 2657/2657/2657 2659/2659/2659 2658/2658/2658
f 2664/2664/2664 2665/2665/2665 2666/2666/2666
f 2667/2667/2667 2665/2665/2665 2645/2645/2645
f 2664/2664/2664 2645/2645/2645 2665/2665/2665
f 2650/2650/2650 2667/2667/2667 2645/2645/2645
f 2664/2664/2664 2666/2666/2666 2668/2668/2668
f 2669/2669/2669 2663/2663/2663 2670/2670/2670
f 2661/2661/2661 2670/2670/2670 2663/2663/2663
f 2668/2668/2668 2671/2671/2671 2669/2669/2669
f 2663/2663/2663 2669/2669/2669 2671/2671/2671
f 2666/2666/2666 2671/2671/2671 2668/2668/2668
f 2638/2638/2638 2654/2654/2654 2643/2643/2643
f 2672/2672/2672 2673/2673/2673 2674/2674/2674
f 2675/2675/2675 2674/2674/2674 2676/2676/2676
f 2677/2677/2677 2672/2672/2672 2675/2675/2675
f 2674/2674/2674 2675/2675/2675 2672/2672/2672
f 2679/2679/2679 2680/2680/2680 2681/2681/2681
f 2682/2682/2682 2683/2683/2683 2684/2684/2684
f 2685/2685/2685 2686/2686/2686 2687/2687/2687
f 2686/2686/2686 2684/2684/2684 2683/2683/2683
f 2689/2689/2689 2690/2690/2690 2691/2691/2691
f 2693/2693/2693 2691/2691/2691 2690/2690/2690
f 2695/2695/2695 2696/2696/2696 2697/2697/2697
f 2699/2699/2699 2700/2700/2700 2701/2701/2701
f 2700/2700/2700 2699/2699/2699 2702/2702/2702
f 2703/2703/2703 2704/2704/2704 2705/2705/2705
f 2705/2705/2705 2706/2706/2706 2703/2703/2703
f 2707/2707/2707 2708/2708/2708 2709/2709/2709
f 2711/2711/2711 2712/2712/2712 2713/2713/2713
f 2715/2715/2715 2716/2716/2716 2717/2717/2717
f 2719/2719/2719 2720/2720/2720 2721/2721/2721
f 2723/2723/2723 2724/2724/2724 2725/2725/2725
f 2727/2727/2727 2728/2728/2728 2729/2729/2729
f 2731/2731/2731 2732/2732/2732 2733/2733/2733
f 2735/2735/2735 2736/2736/2736 2737/2737/2737
f 2739/2739/2739 2740/2740/2740 2741/2741/2741
f 2743/2743/2743 2744/2744/2744 2745/2745/2745
f 2747/2747/2747 2748/2748/2748 2749/2749/2749
f 2751/2751/2751 2752/2752/2752 2753/2753/2753
f 2755/2755/2755 2756/2756/2756 2757/2757/2757
f 2759/2759/2759 2760/2760/2760 2761/2761/2761
f 2761/2761/2761 2762/2762/2762 2759/2759/2759
f 2763/2763/2763 2764/2764/2764 2765/2765/2765
f 2764/2764/2764 2763/2763/2763 2766/2766/2766
f 2767/2767/2767 2768/2768/2768 2769/2769/2769
f 2771/2771/2771 2772/2772/2772 2773/2773/2773
f 2775/2775/2775 2776/2776/2776 2777/2777/2777
f 2779/2779/2779 2780/2780/2780 2781/2781/2781
f 2783/2783/2783 2784/2784/2784 2785/2785/2785
f 2787/2787/2787 2788/2788/2788 2789/2789/2789
f 2788/2788/2788 2787/2787/2787 2790/2790/2790
f 2791/2791/2791 2790/2790/2790 2792/2792/2792
f 2793/2793/2793 2790/2790/2790 2791/2791/2791
f 2794/2794/2794 2791/2791/2791 2795/2795/2795
f 2792/2792/2792 2796/2796/2796 2791/2791/2791
f 2791/2791/2791 2796/2796/2796 2797/2797/2797
f 2791/2791/2791 2797/2797/2797 2795/2795/2795
f 2793/2793/2793 2791/2791/2791 2798/2798/2798
f 2793/2793/2793 2788/2788/2788 2790/2790/2790
f 2799/2799/2799 2800/2800/2800 2801/2801/2801
f 2800/2800/2800 2802/2802/2802 2803/2803/2803
f 2799/2799/2799 2802/2802/2802 2800/2800/2800
f 2804/2804/2804 2799/2799/2799 2801/2801/2801
f 2805/2805/2805 2794/2794/2794 2806/2806/2806
f 2805/2805/2805 2807/2807/2807 2808/2808/2808
f 2806/2806/2806 2807/2807/2807 2805/2805/2805
f 2804/2804/2804 2805/2805/2805 2808/2808/2808
f 2806/2806/2806 2794/2794/2794 2795/2795/2795
f 2804/2804/2804 2801/2801/2801 2805/2805/2805
f 2809/2809/2809 2810/2810/2810 2793/2793/2793
f 2810/2810/2810 2809/2809/2809 2811/2811/2811
f 2811/2811/2811 2812/2812/2812 2813/2813/2813
f 2813/2813/2813 2810/2810/2810 2811/2811/2811
f 2812/2812/2812 2814/2814/2814 2815/2815/2815
f 2816/2816/2816 2817/2817/2817 2814/2814/2814
f 2815/2815/2815 2814/2814/2814 2817/2817/2817
f 2818/2818/2818 2816/2816/2816 2814/2814/2814
f 2813/2813/2813 2812/2812/2812 2815/2815/2815
f 2819/2819/2819 2820/2820/2820 2821/2821/2821
f 2822/2822/2822 2801/2801/2801 2821/2821/2821
f 2819/2819/2819 2821/2821/2821 2801/2801/2801
f 2805/2805/2805 2801/2801/2801 2822/2822/2822
f 2819/2819/2819 2823/2823/2823 2820/2820/2820
f 2824/2824/2824 2825/2825/2825 2818/2818/2818
f 2816/2816/2816 2818/2818/2818 2825/2825/2825
f 2823/2823/2823 2824/2824/2824 2826/2826/2826
f 2818/2818/2818 2826/2826/2826 2824/2824/2824
f 2820/2820/2820 2823/2823/2823 2826/2826/2826
f 2793/2793/2793 2798/2798/2798 2809/2809/2809
f 2827/2827/2827 2828/2828/2828 2829/2829/2829
f 2831/2831/2831 2832/2832/2832 2833/2833/2833
f 2835/2835/2835 2836/2836/2836 2837/2837/2837
f 2835/2835/2835 2838/2838/2838 2839/2839/2839
f 2839/2839/2839 2836/2836/2836 2835/2835/2835
f 2840/2840/2840 2841/2841/2841 2842/2842/2842
f 2841/2841/2841 2836/2836/2836 2839/2839/2839
f 2844/2844/2844 2845/2845/2845 2846/2846/2846
f 2846/2846/2846 2845/2845/2845 2848/2848/2848
f 2848/2848/2848 2845/2845/2845 2849/2849/2849
f 2850/2850/2850 2846/2846/2846 2848/2848/2848
f 2851/2851/2851 2852/2852/2852 2853/2853/2853
f 2855/2855/2855 2856/2856/2856 2857/2857/2857
f 2855/2855/2855 2858/2858/2858 2859/2859/2859
f 2859/2859/2859 2856/2856/2856 2855/2855/2855
f 2860/2860/2860 2861/2861/2861 2862/2862/2862
f 2861/2861/2861 2856/2856/2856 2859/2859/2859
f 2864/2864/2864 2865/2865/2865 2866/2866/2866
f 2865/2865/2865 2868/2868/2868 2869/2869/2869
f 2870/2870/2870 2866/2866/2866 2869/2869/2869
f 2871/2871/2871 2872/2872/2872 2873/2873/2873
f 2875/2875/2875 2876/2876/2876 2877/2877/2877
f 2879/2879/2879 2880/2880/2880 2881/2881/2881
f 2883/2883/2883 2884/2884/2884 2885/2885/2885
f 2887/2887/2887 2885/2885/2885 2884/2884/2884
f 2889/2889/2889 2890/2890/2890 2891/2891/2891
f 2893/2893/2893 2891/2891/2891 2890/2890/2890
f 2895/2895/2895 2896/2896/2896 2897/2897/2897
f 2899/2899/2899 2897/2897/2897 2896/2896/2896
f 2901/2901/2901 2902/2902/2902 2903/2903/2903
f 2905/2905/2905 2903/2903/2903 2902/2902/2902
f 2907/2907/2907 2908/2908/2908 2909/2909/2909
f 2911/2911/2911 2909/2909/2909 2908/2908/2908
f 2913/2913/2913 2914/2914/2914 2915/2915/2915
f 2917/2917/2917 2918/2918/2918 2919/2919/2919
f 2917/2917/2917 2920/2920/2920 2921/2921/2921
f 2921/2921/2921 2918/2918/2918 2917/2917/2917
f 2918/2918/2918 2921/2921/2921 2922/2922/2922
f 2922/2922/2922 2921/2921/2921 2923/2923/2923
f 2924/2924/2924 2918/2918/2918 2922/2922/2922
f 2925/2925/2925 2926/2926/2926 2927/2927/2927
f 2926/2926/2926 2929/2929/2929 2930/2930/2930
f 2931/2931/2931 2932/2932/2932 2933/2933/2933
f 2935/2935/2935 2931/2931/2931 2930/2930/2930
f 2930/2930/2930 2931/2931/2931 2927/2927/2927
f 2927/2927/2927 2931/2931/2931 2934/2934/2934
f 2928/2928/2928 2927/2927/2927 2934/2934/2934
f 2936/2936/2936 2935/2935/2935 2929/2929/2929
f 2930/2930/2930 2929/2929/2929 2935/2935/2935
f 2926/2926/2926 2936/2936/2936 2929/2929/2929
f 2928/2928/2928 2937/2937/2937 2925/2925/2925
f 2936/2936/2936 2926/2926/2926 2925/2925/2925
f 2925/2925/2925 2937/2937/2937 2936/2936/2936
f 2934/2934/2934 2937/2937/2937 2928/2928/2928
f 2938/2938/2938 2939/2939/2939 2940/2940/2940
f 2940/2940/2940 2941/2941/2941 2938/2938/2938
f 2942/2942/2942 2943/2943/2943 2941/2941/2941
f 2944/2944/2944 2942/2942/2942 2941/2941/2941
f 2945/2945/2945 2946/2946/2946 2942/2942/2942
f 2943/2943/2943 2942/2942/2942 2947/2947/2947
f 2942/2942/2942 2948/2948/2948 2947/2947/2947
f 2942/2942/2942 2946/2946/2946 2948/2948/2948
f 2944/2944/2944 2949/2949/2949 2942/2942/2942
f 2944/2944/2944 2941/2941/2941 2940/2940/2940
f 2950/2950/2950 2951/2951/2951 2952/2952/2952
f 2952/2952/2952 2953/2953/2953 2954/2954/2954
f 2950/2950/2950 2952/2952/2952 2954/2954/2954
f 2955/2955/2955 2951/2951/2951 2950/2950/2950
f 2956/2956/2956 2957/2957/2957 2945/2945/2945
f 2956/2956/2956 2958/2958/2958 2959/2959/2959
f 2957/2957/2957 2956/2956/2956 2959/2959/2959
f 2955/2955/2955 2958/2958/2958 2956/2956/2956
f 2957/2957/2957 2946/2946/2946 2945/2945/2945
f 2955/2955/2955 2956/2956/2956 2951/2951/2951
f 2960/2960/2960 2944/2944/2944 2961/2961/2961
f 2961/2961/2961 2962/2962/2962 2960/2960/2960
f 2962/2962/2962 2963/2963/2963 2964/2964/2964
f 2963/2963/2963 2962/2962/2962 2961/2961/2961
f 2964/2964/2964 2965/2965/2965 2966/2966/2966
f 2967/2967/2967 2966/2966/2966 2968/2968/2968
f 2965/2965/2965 2968/2968/2968 2966/2966/2966
f 2969/2969/2969 2966/2966/2966 2967/2967/2967
f 2963/2963/2963 2965/2965/2965 2964/2964/2964
f 2970/2970/2970 2971/2971/2971 2972/2972/2972
f 2973/2973/2973 2971/2971/2971 2951/2951/2951
f 2970/2970/2970 2951/2951/2951 2971/2971/2971
f 2956/2956/2956 2973/2973/2973 2951/2951/2951
f 2970/2970/2970 2972/2972/2972 2974/2974/2974
f 2975/2975/2975 2969/2969/2969 2976/2976/2976
f 2967/2967/2967 2976/2976/2976 2969/2969/2969
f 2974/2974/2974 2977/2977/2977 2975/2975/2975
f 2969/2969/2969 2975/2975/2975 2977/2977/2977
f 2972/2972/2972 2977/2977/2977 2974/2974/2974
f 2944/2944/2944 2960/2960/2960 2949/2949/2949
f 2978/2978/2978 2979/2979/2979 2980/2980/2980
f 2981/2981/2981 2980/2980/2980 2982/2982/2982
f 2983/2983/2983 2978/2978/2978 2981/2981/2981
f 2980/2980/2980 2981/2981/2981 2978/2978/2978
f 2985/2985/2985 2986/2986/2986 2987/2987/2987
f 2988/2988/2988 2989/2989/2989 2990/2990/2990
f 2991/2991/2991 2992/2992/2992 2993/2993/2993
f 2992/2992/2992 2990/2990/2990 2989/2989/2989
f 2995/2995/2995 2996/2996/2996 2997/2997/2997
f 2999/2999/2999 2997/2997/2997 2996/2996/2996
f 3001/3001/3001 3002/3002/3002 3003/3003/3003
f 3005/3005/3005 3006/3006/3006 3007/3007/3007
f 3009/3009/3009 3010/3010/3010 3011/3011/3011
f 3013/3013/3013 3014/3014/3014 3015/3015/3015
f 3017/3017/3017 3018/3018/3018 3019/3019/3019
f 3021/3021/3021 3022/3022/3022 3023/3023/3023
f 3025/3025/3025 3026/3026/3026 3027/3027/3027
f 3029/3029/3029 3030/3030/3030 3031/3031/3031
f 3033/3033/3033 3034/3034/3034 3035/3035/3035
f 3037/3037/3037 3038/3038/3038 3039/3039/3039
f 3041/3041/3041 3042/3042/3042 3043/3043/3043
f 3043/3043/3043 3044/3044/3044 3041/3041/3041
f 3045/3045/3045 3046/3046/3046 3047/3047/3047
f 3046/3046/3046 3045/3045/3045 3048/3048/3048
f 3049/3049/3049 3050/3050/3050 3051/3051/3051
f 3051/3051/3051 3052/3052/3052 3053/3053/3053
f 3050/3050/3050 3052/3052/3052 3051/3051/3051
f 3054/3054/3054 3051/3051/3051 3053/3053/3053
f 3049/3049/3049 3055/3055/3055 3050/3050/3050
f 3056/3056/3056 3057/3057/3057 3058/3058/3058
f 3059/3059/3059 3055/3055/3055 3049/3049/3049
f 3058/3058/3058 3059/3059/3059 3056/3056/3056
f 3058/3058/3058 3055/3055/3055 3059/3059/3059
f 3060/3060/3060 3054/3054/3054 3061/3061/3061
f 3053/3053/3053 3061/3061/3061 3054/3054/3054
f 3062/3062/3062 3063/3063/3063 3060/3060/3060
f 3054/3054/3054 3060/3060/3060 3063/3063/3063
f 3064/3064/3064 3063/3063/3063 3062/3062/3062
f 3065/3065/3065 3066/3066/3066 3064/3064/3064
f 3067/3067/3067 3068/3068/3068 3065/3065/3065
f 3066/3066/3066 3065/3065/3065 3068/3068/3068
f 3068/3068/3068 3067/3067/3067 3069/3069/3069
f 3062/3062/3062 3065/3065/3065 3064/3064/3064
f 3057/3057/3057 3056/3056/3056 3070/3070/3070
f 3070/3070/3070 3071/3071/3071 3057/3057/3057
f 3071/3071/3071 3072/3072/3072 3057/3057/3057
f 3071/3071/3071 3073/3073/3073 3072/3072/3072
f 3074/3074/3074 3072/3072/3072 3073/3073/3073
f 3075/3075/3075 3074/3074/3074 3073/3073/3073
f 3076/3076/3076 3077/3077/3077 3078/3078/3078
f 3077/3077/3077 3076/3076/3076 3079/3079/3079
f 3080/3080/3080 3075/3075/3075 3073/3073/3073
f 3079/3079/3079 3080/3080/3080 3077/3077/3077
f 3079/3079/3079 3075/3075/3075 3080/3080/3080
f 3081/3081/3081 3082/3082/3082 3083/3083/3083
f 3069/3069/3069 3084/3084/3084 3083/3083/3083
f 3081/3081/3081 3083/3083/3083 3084/3084/3084
f 3067/3067/3067 3084/3084/3084 3069/3069/3069
f 3081/3081/3081 3085/3085/3085 3082/3082/3082
f 3086/3086/3086 3080/3080/3080 3087/3087/3087
f 3082/3082/3082 3085/3085/3085 3088/3088/3088
f 3086/3086/3086 3077/3077/3077 3080/3080/3080
f 3089/3089/3089 3090/3090/3090 3091/3091/3091
f 3093/3093/3093 3094/3094/3094 3095/3095/3095
f 3097/3097/3097 3098/3098/3098 3099/3099/3099
f 3101/3101/3101 3099/3099/3099 3098/3098/3098
f 3103/3103/3103 3104/3104/3104 3105/3105/3105
f 3106/3106/3106 3105/3105/3105 3107/3107/3107
f 3108/3108/3108 3103/3103/3103 3106/3106/3106
f 3105/3105/3105 3106/3106/3106 3103/3103/3103
f 3110/3110/3110 3111/3111/3111 3112/3112/3112
f 3110/3110/3110 3113/3113/3113 3114/3114/3114
f 3114/3114/3114 3111/3111/3111 3110/3110/3110
f 3111/3111/3111 3114/3114/3114 3115/3115/3115
f 3115/3115/3115 3114/3114/3114 3116/3116/3116
f 3117/3117/3117 3111/3111/3111 3115/3115/3115
f 3118/3118/3118 3119/3119/3119 3120/3120/3120
f 3119/3119/3119 3122/3122/3122 3120/3120/3120
f 3122/3122/3122 3119/3119/3119 3124/3124/3124
f 3125/3125/3125 3126/3126/3126 3127/3127/3127
f 3129/3129/3129 3130/3130/3130 3131/3131/3131
f 3133/3133/3133 3134/3134/3134 3135/3135/3135
f 3137/3137/3137 3135/3135/3135 3134/3134/3134
f 3139/3139/3139 3140/3140/3140 3141/3141/3141
f 3142/3142/3142 3141/3141/3141 3143/3143/3143
f 3144/3144/3144 3139/3139/3139 3142/3142/3142
f 3141/3141/3141 3142/3142/3142 3139/3139/3139
f 3146/3146/3146 3147/3147/3147 3148/3148/3148
f 3146/3146/3146 3149/3149/3149 3150/3150/3150
f 3150/3150/3150 3147/3147/3147 3146/3146/3146
f 3150/3150/3150 3151/3151/3151 3147/3147/3147
f 3151/3151/3151 3150/3150/3150 3153/3153/3153
f 3154/3154/3154 3155/3155/3155 3157/3157/3157
f 3154/3154/3154 3158/3158/3158 3155/3155/3155
f 3159/3159/3159 3160/3160/3160 3161/3161/3161
f 3163/3163/3163 3164/3164/3164 3165/3165/3165
f 3167/3167/3167 3168/3168/3168 3169/3169/3169
f 3171/3171/3171 3169/3169/3169 3168/3168/3168
f 3173/3173/3173 3174/3174/3174 3175/3175/3175
f 3177/3177/3177 3175/3175/3175 3174/3174/3174
f 3179/3179/3179 3180/3180/3180 3181/3181/3181
f 3183/3183/3183 3181/3181/3181 3180/3180/3180
f 3185/3185/3185 3186/3186/3186 3187/3187/3187
f 3189/3189/3189 3187/3187/3187 3186/3186/3186
f 3191/3191/3191 3192/3192/3192 3193/3193/3193
f 3195/3195/3195 3193/3193/3193 3192/3192/3192
f 3197/3197/3197 3198/3198/3198 3199/3199/3199
f 3201/3201/3201 3199/3199/3199 3198/3198/3198
f 3203/3203/3203 3204/3204/3204 3205/3205/3205
f 3206/3206/3206 3207/3207/3207 3205/3205/3205
f 3203/3203/3203 3205/3205/3205 3207/3207/3207
f 3208/3208/3208 3209/3209/3209 3210/3210/3210
f 3212/3212/3212 3213/3213/3213 3209/3209/3209
f 3214/3214/3214 3215/3215/3215 3216/3216/3216
f 3214/3214/3214 3217/3217/3217 3218/3218/3218
f 3218/3218/3218 3215/3215/3215 3214/3214/3214
f 3215/3215/3215 3218/3218/3218 3219/3219/3219
f 3219/3219/3219 3218/3218/3218 3220/3220/3220
f 3221/3221/3221 3215/3215/3215 3219/3219/3219
f 3222/3222/3222 3223/3223/3223 3224/3224/3224
f 3223/3223/3223 3226/3226/3226 3224/3224/3224
f 3226/3226/3226 3223/3223/3223 3228/3228/3228
f 3229/3229/3229 3230/3230/3230 3231/3231/3231
f 3233/3233/3233 3234/3234/3234 3235/3235/3235
f 3234/3234/3234 3236/3236/3236 3237/3237/3237
f 3235/3235/3235 3234/3234/3234 3237/3237/3237
f 3238/3238/3238 3236/3236/3236 3234/3234/3234
f 3233/3233/3233 3235/3235/3235 3239/3239/3239
f 3240/3240/3240 3241/3241/3241 3242/3242/3242
f 3243/3243/3243 3233/3233/3233 3239/3239/3239
f 3241/3241/3241 3240/3240/3240 3243/3243/3243
f 3241/3241/3241 3243/3243/3243 3239/3239/3239
f 3244/3244/3244 3245/3245/3245 3238/3238/3238
f 3236/3236/3236 3238/3238/3238 3245/3245/3245
f 3246/3246/3246 3244/3244/3244 3247/3247/3247
f 3238/3238/3238 3247/3247/3247 3244/3244/3244
f 3248/3248/3248 3246/3246/3246 3247/3247/3247
f 3249/3249/3249 3248/3248/3248 3250/3250/3250
f 3251/3251/3251 3249/3249/3249 3252/3252/3252
f 3250/3250/3250 3252/3252/3252 3249/3249/3249
f 3252/3252/3252 3253/3253/3253 3251/3251/3251
f 3246/3246/3246 3248/3248/3248 3249/3249/3249
f 3242/3242/3242 3254/3254/3254 3240/3240/3240
f 3254/3254/3254 3242/3242/3242 3255/3255/3255
f 3255/3255/3255 3242/3242/3242 3256/3256/3256
f 3255/3255/3255 3256/3256/3256 3257/3257/3257
f 3258/3258/3258 3257/3257/3257 3256/3256/3256
f 3259/3259/3259 3257/3257/3257 3258/3258/3258
f 3260/3260/3260 3261/3261/3261 3262/3262/3262
f 3262/3262/3262 3263/3263/3263 3260/3260/3260
f 3264/3264/3264 3257/3257/3257 3259/3259/3259
f 3263/3263/3263 3262/3262/3262 3264/3264/3264
f 3263/3263/3263 3264/3264/3264 3259/3259/3259
f 3265/3265/3265 3266/3266/3266 3267/3267/3267
f 3253/3253/3253 3266/3266/3266 3268/3268/3268
f 3265/3265/3265 3268/3268/3268 3266/3266/3266
f 3251/3251/3251 3253/3253/3253 3268/3268/3268
f 3265/3265/3265 3267/3267/3267 3269/3269/3269
f 3270/3270/3270 3271/3271/3271 3264/3264/3264
f 3267/3267/3267 3272/3272/3272 3269/3269/3269
f 3270/3270/3270 3264/3264/3264 3262/3262/3262
f 3273/3273/3273 3274/3274/3274 3275/3275/3275
f 3277/3277/3277 3278/3278/3278 3279/3279/3279
f 3281/3281/3281 3282/3282/3282 3283/3283/3283
f 3285/3285/3285 3286/3286/3286 3287/3287/3287
f 3289/3289/3289 3290/3290/3290 3291/3291/3291
f 3293/3293/3293 3294/3294/3294 3295/3295/3295
f 3297/3297/3297 3298/3298/3298 3299/3299/3299
f 3301/3301/3301 3302/3302/3302 3303/3303/3303
f 3305/3305/3305 3306/3306/3306 3307/3307/3307
f 3309/3309/3309 3310/3310/3310 3311/3311/3311
f 3311/3311/3311 3312/3312/3312 3309/3309/3309
f 3313/3313/3313 3314/3314/3314 3315/3315/3315
f 3314/3314/3314 3313/3313/3313 3316/3316/3316
f 3317/3317/3317 3318/3318/3318 3319/3319/3319
f 3319/3319/3319 3320/3320/3320 3321/3321/3321
f 3318/3318/3318 3320/3320/3320 3319/3319/3319
f 3322/3322/3322 3319/3319/3319 3321/3321/3321
f 3317/3317/3317 3323/3323/3323 3318/3318/3318
f 3324/3324/3324 3325/3325/3325 3326/3326/3326
f 3327/3327/3327 3323/3323/3323 3317/3317/3317
f 3326/3326/3326 3327/3327/3327 3324/3324/3324
f 3326/3326/3326 3323/3323/3323 3327/3327/3327
f 3328/3328/3328 3322/3322/3322 3329/3329/3329
f 3321/3321/3321 3329/3329/3329 3322/3322/3322
f 3330/3330/3330 3331/3331/3331 3328/3328/3328
f 3322/3322/3322 3328/3328/3328 3331/3331/3331
f 3332/3332/3332 3331/3331/3331 3330/3330/3330
f 3333/3333/3333 3334/3334/3334 3332/3332/3332
f 3335/3335/3335 3336/3336/3336 3333/3333/3333
f 3334/3334/3334 3333/3333/3333 3336/3336/3336
f 3336/3336/3336 3335/3335/3335 3337/3337/3337
f 3330/3330/3330 3333/3333/3333 3332/3332/3332
f 3325/3325/3325 3324/3324/3324 3338/3338/3338
f 3338/3338/3338 3339/3339/3339 3325/3325/3325
f 3339/3339/3339 3340/3340/3340 3325/3325/3325
f 3339/3339/3339 3341/3341/3341 3340/3340/3340
f 3342/3342/3342 3340/3340/3340 3341/3341/3341
f 3343/3343/3343 3342/3342/3342 3341/3341/3341
f 3344/3344/3344 3345/3345/3345 3346/3346/3346
f 3345/3345/3345 3344/3344/3344 3347/3347/3347
f 3348/3348/3348 3343/3343/3343 3341/3341/3341
f 3347/3347/3347 3348/3348/3348 3345/3345/3345
f 3347/3347/3347 3343/3343/3343 3348/3348/3348
f 3349/3349/3349 3350/3350/3350 3351/3351/3351
f 3337/3337/3337 3352/3352/3352 3351/3351/3351
f 3349/3349/3349 3351/3351/3351 3352/3352/3352
f 3335/3335/3335 3352/3352/3352 3337/3337/3337
f 3349/3349/3349 3353/3353/3353 3350/3350/3350
f 3354/3354/3354 3348/3348/3348 3355/3355/3355
f 3350/3350/3350 3353/3353/3353 3356/3356/3356
f 3354/3354/3354 3345/3345/3345 3348/3348/3348
f 3357/3357/3357 3358/3358/3358 3359/3359/3359
f 3361/3361/3361 3362/3362/3362 3363/3363/3363
f 3365/3365/3365 3366/3366/3366 3367/3367/3367
f 3369/3369/3369 3367/3367/3367 3366/3366/3366
f 3371/3371/3371 3372/3372/3372 3373/3373/3373
f 3374/3374/3374 3373/3373/3373 3375/3375/3375
f 3376/3376/3376 3371/3371/3371 3374/3374/3374
f 3373/3373/3373 3374/3374/3374 3371/3371/3371
f 3378/3378/3378 3379/3379/3379 3380/3380/3380
f 3378/3378/3378 3381/3381/3381 3382/3382/3382
f 3382/3382/3382 3379/3379/3379 3378/3378/3378
f 3382/3382/3382 3383/3383/3383 3379/3379/3379
f 3383/3383/3383 3382/3382/3382 3385/3385/3385
f 3386/3386/3386 3387/3387/3387 3388/3388/3388
f 3387/3387/3387 3390/3390/3390 3388/3388/3388
f 3390/3390/3390 3387/3387/3387 3392/3392/3392
f 3393/3393/3393 3394/3394/3394 3395/3395/3395
f 3397/3397/3397 3398/3398/3398 3399/3399/3399
f 3401/3401/3401 3402/3402/3402 3403/3403/3403
f 3405/3405/3405 3403/3403/3403 3402/3402/3402
f 3407/3407/3407 3408/3408/3408 3409/3409/3409
f 3410/3410/3410 3409/3409/3409 3411/3411/3411
f 3412/3412/3412 3407/3407/3407 3410/3410/3410
f 3409/3409/3409 3410/3410/3410 3407/3407/3407
f 3414/3414/3414 3415/3415/3415 3416/3416/3416
f 3414/3414/3414 3417/3417/3417 3418/3418/3418
f 3418/3418/3418 3415/3415/3415 3414/3414/3414
f 3418/3418/3418 3419/3419/3419 3415/3415/3415
f 3419/3419/3419 3418/3418/3418 3421/3421/3421
f 3422/3422/3422 3423/3423/3423 3425/3425/3425
f 3422/3422/3422 3426/3426/3426 3423/3423/3423
f 3427/3427/3427 3428/3428/3428 3429/3429/3429
f 3431/3431/3431 3432/3432/3432 3433/3433/3433
f 3435/3435/3435 3436/3436/3436 3437/3437/3437
f 3439/3439/3439 3437/3437/3437 3436/3436/3436
f 3441/3441/3441 3442/3442/3442 3443/3443/3443
f 3445/3445/3445 3443/3443/3443 3442/3442/3442
f 3447/3447/3447 3448/3448/3448 3449/3449/3449
f 3451/3451/3451 3449/3449/3449 3448/3448/3448
f 3453/3453/3453 3454/3454/3454 3455/3455/3455
f 3457/3457/3457 3455/3455/3455 3454/3454/3454
f 3459/3459/3459 3460/3460/3460 3461/3461/3461
f 3463/3463/3463 3461/3461/3461 3460/3460/3460
f 3465/3465/3465 3466/3466/3466 3467/3467/3467
f 3469/3469/3469 3467/3467/3467 3466/3466/3466
f 3471/3471/3471 3472/3472/3472 3473/3473/3473
f 3474/3474/3474 3475/3475/3475 3473/3473/3473
f 3471/3471/3471 3473/3473/3473 3475/3475/3475
f 3476/3476/3476 3477/3477/3477 3478/3478/3478
f 3480/3480/3480 3481/3481/3481 3477/3477/3477
f 3482/3482/3482 3483/3483/3483 3484/3484/3484
f 3482/3482/3482 3485/3485/3485 3486/3486/3486
f 3486/3486/3486 3483/3483/3483 3482/3482/3482
f 3483/3483/3483 3486/3486/3486 3487/3487/3487
f 3487/3487/3487 3486/3486/3486 3488/3488/3488
f 3489/3489/3489 3483/3483/3483 3487/3487/3487
f 3490/3490/3490 3491/3491/3491 3492/3492/3492
f 3492/3492/3492 3491/3491/3491 3494/3494/3494
f 3494/3494/3494 3491/3491/3491 3495/3495/3495
f 3496/3496/3496 3492/3492/3492 3494/3494/3494
f 3497/3497/3497 3498/3498/3498 3499/3499/3499
f 3501/3501/3501 3502/3502/3502 3503/3503/3503
f 3502/3502/3502 3504/3504/3504 3505/3505/3505
f 3503/3503/3503 3502/3502/3502 3505/3505/3505
f 3506/3506/3506 3504/3504/3504 3502/3502/3502
f 3501/3501/3501 3503/3503/3503 3507/3507/3507
f 3508/3508/3508 3509/3509/3509 3510/3510/3510
f 3511/3511/3511 3501/3501/3501 3507/3507/3507
f 3509/3509/3509 3508/3508/3508 3511/3511/3511
f 3509/3509/3509 3511/3511/3511 3507/3507/3507
f 3512/3512/3512 3513/3513/3513 3506/3506/3506
f 3504/3504/3504 3506/3506/3506 3513/3513/3513
f 3514/3514/3514 3512/3512/3512 3515/3515/3515
f 3506/3506/3506 3515/3515/3515 3512/3512/3512
f 3516/3516/3516 3514/3514/3514 3515/3515/3515
f 3517/3517/3517 3516/3516/3516 3518/3518/3518
f 3519/3519/3519 3517/3517/3517 3520/3520/3520
f 3518/3518/3518 3520/3520/3520 3517/3517/3517
f 3520/3520/3520 3521/3521/3521 3519/3519/3519
f 3514/3514/3514 3516/3516/3516 3517/3517/3517
f 3510/3510/3510 3522/3522/3522 3508/3508/3508
f 3522/3522/3522 3510/3510/3510 3523/3523/3523
f 3523/3523/3523 3510/3510/3510 3524/3524/3524
f 3523/3523/3523 3524/3524/3524 3525/3525/3525
f 3526/3526/3526 3525/3525/3525 3524/3524/3524
f 3527/3527/3527 3525/3525/3525 3526/3526/3526
f 3528/3528/3528 3529/3529/3529 3530/3530/3530
f 3530/3530/3530 3531/3531/3531 3528/3528/3528
f 3532/3532/3532 3525/3525/3525 3527/3527/3527
f 3531/3531/3531 3530/3530/3530 3532/3532/3532
f 3531/3531/3531 3532/3532/3532 3527/3527/3527
f 3533/3533/3533 3534/3534/3534 3535/3535/3535
f 3521/3521/3521 3534/3534/3534 3536/3536/3536
f 3533/3533/3533 3536/3536/3536 3534/3534/3534
f 3519/3519/3519 3521/3521/3521 3536/3536/3536
f 3533/3533/3533 3535/3535/3535 3537/3537/3537
f 3538/3538/3538 3539/3539/3539 3532/3532/3532
f 3535/3535/3535 3540/3540/3540 3537/3537/3537
f 3538/3538/3538 3532/3532/3532 3530/3530/3530
f 3541/3541/3541 3542/3542/3542 3543/3543/3543
f 3545/3545/3545 3546/3546/3546 3547/3547/3547
f 3549/3549/3549 3550/3550/3550 3551/3551/3551
f 3553/3553/3553 3554/3554/3554 3555/3555/3555
f 3557/3557/3557 3558/3558/3558 3559/3559/3559
f 3559/3559/3559 3560/3560/3560 3557/3557/3557
f 3561/3561/3561 3562/3562/3562 3563/3563/3563
f 3562/3562/3562 3561/3561/3561 3564/3564/3564
f 3565/3565/3565 3566/3566/3566 3567/3567/3567
f 3569/3569/3569 3570/3570/3570 3571/3571/3571
f 3573/3573/3573 3574/3574/3574 3575/3575/3575
f 3577/3577/3577 3578/3578/3578 3579/3579/3579
f 3581/3581/3581 3582/3582/3582 3583/3583/3583
f 3585/3585/3585 3586/3586/3586 3587/3587/3587
f 3588/3588/3588 3587/3587/3587 3586/3586/3586
f 3589/3589/3589 3588/3588/3588 3590/3590/3590
f 3589/3589/3589 3590/3590/3590 3591/3591/3591
f 3588/3588/3588 3589/3589/3589 3587/3587/3587
f 3592/3592/3592 3589/3589/3589 3593/3593/3593
f 3591/3591/3591 3593/3593/3593 3589/3589/3589
f 3594/3594/3594 3589/3589/3589 3592/3592/3592
f 3595/3595/3595 3596/3596/3596 3594/3594/3594
f 3592/3592/3592 3597/3597/3597 3594/3594/3594
f 3589/3589/3589 3598/3598/3598 3587/3587/3587
f 3597/3597/3597 3592/3592/3592 3599/3599/3599
f 3600/3600/3600 3601/3601/3601 3602/3602/3602
f 3603/3603/3603 3602/3602/3602 3604/3604/3604
f 3605/3605/3605 3606/3606/3606 3607/3607/3607
f 3604/3604/3604 3606/3606/3606 3605/3605/3605
f 3605/3605/3605 3608/3608/3608 3604/3604/3604
f 3601/3601/3601 3609/3609/3609 3610/3610/3610
f 3597/3597/3597 3599/3599/3599 3610/3610/3610
f 3601/3601/3601 3600/3600/3600 3609/3609/3609
f 3600/3600/3600 3602/3602/3602 3603/3603/3603
f 3605/3605/3605 3611/3611/3611 3608/3608/3608
f 3604/3604/3604 3608/3608/3608 3603/3603/3603
f 3601/3601/3601 3610/3610/3610 3599/3599/3599
f 3612/3612/3612 3613/3613/3613 3611/3611/3611
f 3598/3598/3598 3614/3614/3614 3615/3615/3615
f 3616/3616/3616 3617/3617/3617 3618/3618/3618
f 3619/3619/3619 3617/3617/3617 3620/3620/3620
f 3616/3616/3616 3621/3621/3621 3622/3622/3622
f 3623/3623/3623 3598/3598/3598 3624/3624/3624
f 3615/3615/3615 3624/3624/3624 3598/3598/3598
f 3625/3625/3625 3598/3598/3598 3623/3623/3623
f 3623/3623/3623 3626/3626/3626 3625/3625/3625
f 3627/3627/3627 3621/3621/3621 3616/3616/3616
f 3598/3598/3598 3589/3589/3589 3614/3614/3614
f 3596/3596/3596 3628/3628/3628 3620/3620/3620
f 3628/3628/3628 3619/3619/3619 3620/3620/3620
f 3618/3618/3618 3617/3617/3617 3629/3629/3629
f 3619/3619/3619 3629/3629/3629 3617/3617/3617
f 3596/3596/3596 3595/3595/3595 3628/3628/3628
f 3618/3618/3618 3630/3630/3630 3627/3627/3627
f 3612/3612/3612 3631/3631/3631 3632/3632/3632
f 3631/3631/3631 3612/3612/3612 3633/3633/3633
f 3631/3631/3631 3633/3633/3633 3634/3634/3634
f 3613/3613/3613 3612/3612/3612 3632/3632/3632
f 3627/3627/3627 3616/3616/3616 3618/3618/3618
f 3635/3635/3635 3636/3636/3636 3637/3637/3637
f 3639/3639/3639 3640/3640/3640 3641/3641/3641
f 3643/3643/3643 3644/3644/3644 3645/3645/3645
f 3646/3646/3646 3645/3645/3645 3647/3647/3647
f 3648/3648/3648 3643/3643/3643 3646/3646/3646
f 3645/3645/3645 3646/3646/3646 3643/3643/3643
f 3650/3650/3650 3651/3651/3651 3652/3652/3652
f 3651/3651/3651 3654/3654/3654 3655/3655/3655
f 3656/3656/3656 3652/3652/3652 3655/3655/3655
f 3657/3657/3657 3658/3658/3658 3659/3659/3659
f 3661/3661/3661 3662/3662/3662 3663/3663/3663
f 3665/3665/3665 3666/3666/3666 3667/3667/3667
f 3669/3669/3669 3670/3670/3670 3671/3671/3671
f 3672/3672/3672 3673/3673/3673 3671/3671/3671
f 3669/3669/3669 3671/3671/3671 3673/3673/3673
f 3674/3674/3674 3675/3675/3675 3676/3676/3676
f 3674/3674/3674 3677/3677/3677 3678/3678/3678
f 3678/3678/3678 3675/3675/3675 3674/3674/3674
f 3675/3675/3675 3678/3678/3678 3679/3679/3679
f 3679/3679/3679 3678/3678/3678 3680/3680/3680
f 3681/3681/3681 3675/3675/3675 3679/3679/3679
f 3682/3682/3682 3683/3683/3683 3684/3684/3684
f 3683/3683/3683 3686/3686/3686 3687/3687/3687
f 3688/3688/3688 3684/3684/3684 3687/3687/3687
f 3689/3689/3689 3690/3690/3690 3691/3691/3691
f 3693/3693/3693 3694/3694/3694 3695/3695/3695
f 3697/3697/3697 3698/3698/3698 3699/3699/3699
f 3700/3700/3700 3701/3701/3701 3699/3699/3699
f 3697/3697/3697 3699/3699/3699 3701/3701/3701
f 3702/3702/3702 3703/3703/3703 3704/3704/3704
f 3702/3702/3702 3705/3705/3705 3706/3706/3706
f 3706/3706/3706 3703/3703/3703 3702/3702/3702
f 3703/3703/3703 3706/3706/3706 3707/3707/3707
f 3707/3707/3707 3706/3706/3706 3708/3708/3708
f 3709/3709/3709 3703/3703/3703 3707/3707/3707
f 3710/3710/3710 3711/3711/3711 3712/3712/3712
f 3711/3711/3711 3714/3714/3714 3715/3715/3715
f 3716/3716/3716 3712/3712/3712 3715/3715/3715
f 3717/3717/3717 3718/3718/3718 3719/3719/3719
f 3721/3721/3721 3722/3722/3722 3723/3723/3723
f 3724/3724/3724 3725/3725/3725 3723/3723/3723
f 3721/3721/3721 3723/3723/3723 3725/3725/3725
f 3726/3726/3726 3727/3727/3727 3728/3728/3728
f 3730/3730/3730 3731/3731/3731 3727/3727/3727
f 3732/3732/3732 3733/3733/3733 3734/3734/3734
f 3733/3733/3733 3732/3732/3732 3735/3735/3735
f 3734/3734/3734 3736/3736/3736 3732/3732/3732
f 3737/3737/3737 3738/3738/3738 3739/3739/3739
f 3741/3741/3741 3742/3742/3742 3743/3743/3743
f 3745/3745/3745 3746/3746/3746 3747/3747/3747
f 3749/3749/3749 3750/3750/3750 3751/3751/3751
f 3753/3753/3753 3754/3754/3754 3755/3755/3755
f 3757/3757/3757 3758/3758/3758 3759/3759/3759
f 3760/3760/3760 3761/3761/3761 3759/3759/3759
f 3757/3757/3757 3759/3759/3759 3761/3761/3761
f 3762/3762/3762 3763/3763/3763 3764/3764/3764
f 3762/3762/3762 3765/3765/3765 3766/3766/3766
f 3766/3766/3766 3763/3763/3763 3762/3762/3762
f 3766/3766/3766 3767/3767/3767 3768/3768/3768
f 3769/3769/3769 3763/3763/3763 3768/3768/3768
f 3770/3770/3770 3771/3771/3771 3772/3772/3772
f 3771/3771/3771 3770/3770/3770 3773/3773/3773
f 3772/3772/3772 3774/3774/3774 3770/3770/3770
f 3775/3775/3775 3776/3776/3776 3777/3777/3777
f 3779/3779/3779 3780/3780/3780 3781/3781/3781
f 3779/3779/3779 3782/3782/3782 3783/3783/3783
f 3783/3783/3783 3780/3780/3780 3779/3779/3779
f 3784/3784/3784 3785/3785/3785 3786/3786/3786
f 3785/3785/3785 3780/3780/3780 3783/3783/3783
f 3788/3788/3788 3789/3789/3789 3790/3790/3790
f 3790/3790/3790 3789/3789/3789 3792/3792/3792
f 3792/3792/3792 3789/3789/3789 3793/3793/3793
f 3794/3794/3794 3790/3790/3790 3792/3792/3792
f 3795/3795/3795 3796/3796/3796 3797/3797/3797
f 3799/3799/3799 3800/3800/3800 3801/3801/3801
f 3803/3803/3803 3804/3804/3804 3805/3805/3805
f 3807/3807/3807 3808/3808/3808 3809/3809/3809
f 3811/3811/3811 3812/3812/3812 3813/3813/3813
f 3815/3815/3815 3816/3816/3816 3817/3817/3817
f 3818/3818/3818 3819/3819/3819 3817/3817/3817
f 3815/3815/3815 3817/3817/3817 3819/3819/3819
f 3820/3820/3820 3821/3821/3821 3822/3822/3822
f 3820/3820/3820 3823/3823/3823 3824/3824/3824
f 3824/3824/3824 3821/3821/3821 3820/3820/3820
f 3821/3821/3821 3824/3824/3824 3825/3825/3825
f 3825/3825/3825 3824/3824/3824 3826/3826/3826
f 3827/3827/3827 3821/3821/3821 3825/3825/3825
f 3828/3828/3828 3829/3829/3829 3830/3830/3830
f 3829/3829/3829 3828/3828/3828 3831/3831/3831
f 3830/3830/3830 3832/3832/3832 3828/3828/3828
f 3833/3833/3833 3834/3834/3834 3835/3835/3835
f 3837/3837/3837 3838/3838/3838 3839/3839/3839
f 3840/3840/3840 3839/3839/3839 3838/3838/3838
f 3841/3841/3841 3842/3842/3842 3840/3840/3840
f 3841/3841/3841 3843/3843/3843 3842/3842/3842
f 3840/3840/3840 3838/3838/3838 3841/3841/3841
f 3844/3844/3844 3845/3845/3845 3841/3841/3841
f 3843/3843/3843 3841/3841/3841 3845/3845/3845
f 3846/3846/3846 3844/3844/3844 3841/3841/3841
f 3847/3847/3847 3848/3848/3848 3846/3846/3846
f 3844/3844/3844 3846/3846/3846 3848/3848/3848
f 3841/3841/3841 3838/3838/3838 3850/3850/3850
f 3848/3848/3848 3851/3851/3851 3844/3844/3844
f 3852/3852/3852 3853/3853/3853 3854/3854/3854
f 3855/3855/3855 3856/3856/3856 3853/3853/3853
f 3857/3857/3857 3858/3858/3858 3859/3859/3859
f 3856/3856/3856 3857/3857/3857 3859/3859/3859
f 3857/3857/3857 3856/3856/3856 3860/3860/3860
f 3854/3854/3854 3861/3861/3861 3862/3862/3862
f 3848/3848/3848 3861/3861/3861 3851/3851/3851
f 3854/3854/3854 3862/3862/3862 3852/3852/3852
f 3852/3852/3852 3855/3855/3855 3853/3853/3853
f 3857/3857/3857 3860/3860/3860 3863/3863/3863
f 3856/3856/3856 3855/3855/3855 3860/3860/3860
f 3854/3854/3854 3851/3851/3851 3861/3861/3861
f 3864/3864/3864 3857/3857/3857 3863/3863/3863
f 3850/3850/3850 3866/3866/3866 3867/3867/3867
f 3868/3868/3868 3869/3869/3869 3870/3870/3870
f 3871/3871/3871 3872/3872/3872 3870/3870/3870
f 3868/3868/3868 3873/3873/3873 3874/3874/3874
f 3875/3875/3875 3876/3876/3876 3850/3850/3850
f 3866/3866/3866 3850/3850/3850 3876/3876/3876
f 3877/3877/3877 3875/3875/3875 3850/3850/3850
f 3875/3875/3875 3877/3877/3877 3878/3878/3878
f 3879/3879/3879 3868/3868/3868 3874/3874/3874
f 3850/3850/3850 3867/3867/3867 3841/3841/3841
f 3849/3849/3849 3872/3872/3872 3880/3880/3880
f 3880/3880/3880 3872/3872/3872 3871/3871/3871
f 3869/3869/3869 3881/3881/3881 3870/3870/3870
f 3871/3871/3871 3870/3870/3870 3881/3881/3881
f 3849/3849/3849 3880/3880/3880 3847/3847/3847
f 3869/3869/3869 3879/3879/3879 3882/3882/3882
f 3864/3864/3864 3883/3883/3883 3884/3884/3884
f 3884/3884/3884 3885/3885/3885 3864/3864/3864
f 3884/3884/3884 3886/3886/3886 3885/3885/3885
f 3865/3865/3865 3883/3883/3883 3864/3864/3864
f 3879/3879/3879 3869/3869/3869 3868/3868/3868
f 3887/3887/3887 3888/3888/3888 3889/3889/3889
f 3891/3891/3891 3892/3892/3892 3893/3893/3893
f 3895/3895/3895 3896/3896/3896 3897/3897/3897
f 3899/3899/3899 3900/3900/3900 3901/3901/3901
f 3903/3903/3903 3904/3904/3904 3905/3905/3905
f 3905/3905/3905 3906/3906/3906 3903/3903/3903
f 3907/3907/3907 3908/3908/3908 3909/3909/3909
f 3908/3908/3908 3907/3907/3907 3910/3910/3910
f 3911/3911/3911 3912/3912/3912 3913/3913/3913
f 3915/3915/3915 3916/3916/3916 3917/3917/3917
f 3919/3919/3919 3920/3920/3920 3921/3921/3921
f 3923/3923/3923 3924/3924/3924 3925/3925/3925
f 3927/3927/3927 3928/3928/3928 3929/3929/3929
f 3931/3931/3931 3932/3932/3932 3933/3933/3933
f 3934/3934/3934 3933/3933/3933 3932/3932/3932
f 3935/3935/3935 3934/3934/3934 3936/3936/3936
f 3935/3935/3935 3936/3936/3936 3937/3937/3937
f 3934/3934/3934 3935/3935/3935 3933/3933/3933
f 3938/3938/3938 3935/3935/3935 3939/3939/3939
f 3937/3937/3937 3939/3939/3939 3935/3935/3935
f 3940/3940/3940 3935/3935/3935 3938/3938/3938
f 3941/3941/3941 3942/3942/3942 3940/3940/3940
f 3938/3938/3938 3943/3943/3943 3940/3940/3940
f 3935/3935/3935 3944/3944/3944 3933/3933/3933
f 3943/3943/3943 3938/3938/3938 3945/3945/3945
f 3946/3946/3946 3947/3947/3947 3948/3948/3948
f 3949/3949/3949 3948/3948/3948 3950/3950/3950
f 3951/3951/3951 3952/3952/3952 3953/3953/3953
f 3950/3950/3950 3952/3952/3952 3951/3951/3951
f 3951/3951/3951 3954/3954/3954 3950/3950/3950
f 3947/3947/3947 3955/3955/3955 3956/3956/3956
f 3943/3943/3943 3945/3945/3945 3956/3956/3956
f 3947/3947/3947 3946/3946/3946 3955/3955/3955
f 3946/3946/3946 3948/3948/3948 3949/3949/3949
f 3951/3951/3951 3957/3957/3957 3954/3954/3954
f 3950/3950/3950 3954/3954/3954 3949/3949/3949
f 3947/3947/3947 3956/3956/3956 3945/3945/3945
f 3958/3958/3958 3959/3959/3959 3957/3957/3957
f 3944/3944/3944 3960/3960/3960 3961/3961/3961
f 3962/3962/3962 3963/3963/3963 3964/3964/3964
f 3965/3965/3965 3963/3963/3963 3966/3966/3966
f 3962/3962/3962 3967/3967/3967 3968/3968/3968
f 3969/3969/3969 3944/3944/3944 3970/3970/3970
f 3961/3961/3961 3970/3970/3970 3944/3944/3944
f 3971/3971/3971 3944/3944/3944 3969/3969/3969
f 3969/3969/3969 3972/3972/3972 3971/3971/3971
f 3973/3973/3973 3967/3967/3967 3962/3962/3962
f 3944/3944/3944 3935/3935/3935 3960/3960/3960
f 3942/3942/3942 3974/3974/3974 3966/3966/3966
f 3974/3974/3974 3965/3965/3965 3966/3966/3966
f 3964/3964/3964 3963/3963/3963 3975/3975/3975
f 3965/3965/3965 3975/3975/3975 3963/3963/3963
f 3942/3942/3942 3941/3941/3941 3974/3974/3974
f 3964/3964/3964 3976/3976/3976 3973/3973/3973
f 3958/3958/3958 3977/3977/3977 3978/3978/3978
f 3977/3977/3977 3958/3958/3958 3979/3979/3979
f 3977/3977/3977 3979/3979/3979 3980/3980/3980
f 3959/3959/3959 3958/3958/3958 3978/3978/3978
f 3973/3973/3973 3962/3962/3962 3964/3964/3964
f 3981/3981/3981 3982/3982/3982 3983/3983/3983
f 3985/3985/3985 3986/3986/3986 3987/3987/3987
f 3989/3989/3989 3990/3990/3990 3991/3991/3991
f 3992/3992/3992 3991/3991/3991 3993/3993/3993
f 3994/3994/3994 3989/3989/3989 3992/3992/3992
f 3991/3991/3991 3992/3992/3992 3989/3989/3989
f 3996/3996/3996 3997/3997/3997 3998/3998/3998
f 3998/3998/3998 3997/3997/3997 4000/4000/4000
f 4000/4000/4000 3997/3997/3997 4001/4001/4001
f 4002/4002/4002 3998/3998/3998 4000/4000/4000
f 4003/4003/4003 4004/4004/4004 4005/4005/4005
f 4007/4007/4007 4008/4008/4008 4009/4009/4009
f 4011/4011/4011 4012/4012/4012 4013/4013/4013
f 4015/4015/4015 4016/4016/4016 4017/4017/4017
f 4018/4018/4018 4019/4019/4019 4017/4017/4017
f 4015/4015/4015 4017/4017/4017 4019/4019/4019
f 4020/4020/4020 4021/4021/4021 4022/4022/4022
f 4020/4020/4020 4023/4023/4023 4024/4024/4024
f 4024/4024/4024 4021/4021/4021 4020/4020/4020
f 4021/4021/4021 4024/4024/4024 4025/4025/4025
f 4025/4025/4025 4024/4024/4024 4026/4026/4026
f 4027/4027/4027 4021/4021/4021 4025/4025/4025
f 4028/4028/4028 4029/4029/4029 4030/4030/4030
f 4030/4030/4030 4029/4029/4029 4032/4032/4032
f 4032/4032/4032 4029/4029/4029 4033/4033/4033
f 4034/4034/4034 4030/4030/4030 4032/4032/4032
f 4035/4035/4035 4036/4036/4036 4037/4037/4037
f 4039/4039/4039 4040/4040/4040 4041/4041/4041
f 4043/4043/4043 4044/4044/4044 4045/4045/4045
f 4046/4046/4046 4047/4047/4047 4045/4045/4045
f 4043/4043/4043 4045/4045/4045 4047/4047/4047
f 4048/4048/4048 4049/4049/4049 4050/4050/4050
f 4048/4048/4048 4051/4051/4051 4052/4052/4052
f 4052/4052/4052 4049/4049/4049 4048/4048/4048
f 4049/4049/4049 4052/4052/4052 4053/4053/4053
f 4053/4053/4053 4052/4052/4052 4054/4054/4054
f 4055/4055/4055 4049/4049/4049 4053/4053/4053
f 4056/4056/4056 4057/4057/4057 4058/4058/4058
f 4058/4058/4058 4057/4057/4057 4060/4060/4060
f 4060/4060/4060 4057/4057/4057 4061/4061/4061
f 4062/4062/4062 4058/4058/4058 4060/4060/4060
f 4063/4063/4063 4064/4064/4064 4065/4065/4065
f 4067/4067/4067 4068/4068/4068 4069/4069/4069
f 4070/4070/4070 4071/4071/4071 4069/4069/4069
f 4067/4067/4067 4069/4069/4069 4071/4071/4071
f 4072/4072/4072 4073/4073/4073 4074/4074/4074
f 4076/4076/4076 4077/4077/4077 4073/4073/4073
f 4078/4078/4078 4079/4079/4079 4080/4080/4080
f 4079/4079/4079 4078/4078/4078 4081/4081/4081
f 4080/4080/4080 4082/4082/4082 4078/4078/4078
f 4083/4083/4083 4084/4084/4084 4085/4085/4085
f 4087/4087/4087 4088/4088/4088 4089/4089/4089
f 4091/4091/4091 4092/4092/4092 4093/4093/4093
f 4095/4095/4095 4096/4096/4096 4097/4097/4097
f 4099/4099/4099 4100/4100/4100 4101/4101/4101
f 4103/4103/4103 4104/4104/4104 4105/4105/4105
f 4106/4106/4106 4107/4107/4107 4105/4105/4105
f 4103/4103/4103 4105/4105/4105 4107/4107/4107
f 4108/4108/4108 4109/4109/4109 4110/4110/4110
f 4108/4108/4108 4111/4111/4111 4112/4112/4112
f 4112/4112/4112 4109/4109/4109 4108/4108/4108
f 4109/4109/4109 4112/4112/4112 4113/4113/4113
f 4113/4113/4113 4112/4112/4112 4114/4114/4114
f 4115/4115/4115 4109/4109/4109 4113/4113/4113
f 4116/4116/4116 4117/4117/4117 4118/4118/4118
f 4117/4117/4117 4116/4116/4116 4119/4119/4119
f 4118/4118/4118 4120/4120/4120 4116/4116/4116
f 4121/4121/4121 4122/4122/4122 4123/4123/4123
f 4125/4125/4125 4126/4126/4126 4127/4127/4127
f 4125/4125/4125 4128/4128/4128 4129/4129/4129
f 4129/4129/4129 4126/4126/4126 4125/4125/4125
f 4130/4130/4130 4131/4131/4131 4132/4132/4132
f 4131/4131/4131 4126/4126/4126 4129/4129/4129
f 4134/4134/4134 4135/4135/4135 4136/4136/4136
f 4136/4136/4136 4135/4135/4135 4138/4138/4138
f 4138/4138/4138 4135/4135/4135 4139/4139/4139
f 4140/4140/4140 4136/4136/4136 4138/4138/4138
f 4141/4141/4141 4142/4142/4142 4143/4143/4143
f 4145/4145/4145 4146/4146/4146 4147/4147/4147
f 4149/4149/4149 4150/4150/4150 4151/4151/4151
f 4153/4153/4153 4154/4154/4154 4155/4155/4155
f 4157/4157/4157 4158/4158/4158 4159/4159/4159
f 4161/4161/4161 4162/4162/4162 4163/4163/4163
f 4164/4164/4164 4165/4165/4165 4163/4163/4163
f 4161/4161/4161 4163/4163/4163 4165/4165/4165
f 4166/4166/4166 4167/4167/4167 4168/4168/4168
f 4166/4166/4166 4169/4169/4169 4170/4170/4170
f 4170/4170/4170 4167/4167/4167 4166/4166/4166
f 4167/4167/4167 4170/4170/4170 4171/4171/4171
f 4171/4171/4171 4170/4170/4170 4172/4172/4172
f 4173/4173/4173 4167/4167/4167 4171/4171/4171
f 4174/4174/4174 4175/4175/4175 4176/4176/4176
f 4175/4175/4175 4174/4174/4174 4177/4177/4177
f 4176/4176/4176 4178/4178/4178 4174/4174/4174
f 4179/4179/4179 4180/4180/4180 4181/4181/4181
f 4183/4183/4183 4184/4184/4184 4185/4185/4185
f 4186/4186/4186 4185/4185/4185 4184/4184/4184
f 4187/4187/4187 4188/4188/4188 4186/4186/4186
f 4187/4187/4187 4189/4189/4189 4188/4188/4188
f 4186/4186/4186 4184/4184/4184 4187/4187/4187
f 4190/4190/4190 4191/4191/4191 4187/4187/4187
f 4189/4189/4189 4187/4187/4187 4191/4191/4191
f 4192/4192/4192 4190/4190/4190 4187/4187/4187
f 4193/4193/4193 4194/4194/4194 4192/4192/4192
f 4190/4190/4190 4192/4192/4192 4194/4194/4194
f 4187/4187/4187 4184/4184/4184 4196/4196/4196
f 4194/4194/4194 4197/4197/4197 4190/4190/4190
f 4198/4198/4198 4199/4199/4199 4200/4200/4200
f 4201/4201/4201 4202/4202/4202 4199/4199/4199
f 4203/4203/4203 4204/4204/4204 4205/4205/4205
f 4202/4202/4202 4203/4203/4203 4205/4205/4205
f 4203/4203/4203 4202/4202/4202 4206/4206/4206
f 4200/4200/4200 4207/4207/4207 4208/4208/4208
f 4194/4194/4194 4207/4207/4207 4197/4197/4197
f 4200/4200/4200 4208/4208/4208 4198/4198/4198
f 4198/4198/4198 4201/4201/4201 4199/4199/4199
f 4203/4203/4203 4206/4206/4206 4209/4209/4209
f 4202/4202/4202 4201/4201/4201 4206/4206/4206
f 4200/4200/4200 4197/4197/4197 4207/4207/4207
f 4210/4210/4210 4203/4203/4203 4209/4209/4209
f 4196/4196/4196 4212/4212/4212 4213/4213/4213
f 4214/4214/4214 4215/4215/4215 4216/4216/4216
f 4217/4217/4217 4218/4218/4218 4216/4216/4216
f 4214/4214/4214 4219/4219/4219 4220/4220/4220
f 4221/4221/4221 4222/4222/4222 4196/4196/4196
f 4212/4212/4212 4196/4196/4196 4222/4222/4222
f 4223/4223/4223 4221/4221/4221 4196/4196/4196
f 4221/4221/4221 4223/4223/4223 4224/4224/4224
f 4225/4225/4225 4214/4214/4214 4220/4220/4220
f 4196/4196/4196 4213/4213/4213 4187/4187/4187
f 4195/4195/4195 4218/4218/4218 4226/4226/4226
f 4226/4226/4226 4218/4218/4218 4217/4217/4217
f 4215/4215/4215 4227/4227/4227 4216/4216/4216
f 4217/4217/4217 4216/4216/4216 4227/4227/4227
f 4195/4195/4195 4226/4226/4226 4193/4193/4193
f 4215/4215/4215 4225/4225/4225 4228/4228/4228
f 4210/4210/4210 4229/4229/4229 4230/4230/4230
f 4230/4230/4230 4231/4231/4231 4210/4210/4210
f 4230/4230/4230 4232/4232/4232 4231/4231/4231
f 4211/4211/4211 4229/4229/4229 4210/4210/4210
f 4225/4225/4225 4215/4215/4215 4214/4214/4214
f 1/1/1 3/3/3 4/4/4
f 5/5/5 7/7/7 8/8/8
f 9/9/9 11/11/11 12/12/12
f 14/14/14 15/15/15 16/16/16
f 17/17/17 19/19/19 20/20/20
f 21/21/21 23/23/23 24/24/24
f 25/25/25 27/27/27 28/28/28
f 29/29/29 31/31/31 32/32/32
f 34/34/34 35/35/35 36/36/36
f 37/37/37 39/39/39 40/40/40
f 41/41/41 43/43/43 44/44/44
f 45/45/45 47/47/47 48/48/48
f 49/49/49 51/51/51 52/52/52
f 53/53/53 55/55/55 56/56/56
f 57/57/57 59/59/59 60/60/60
f 61/61/61 63/63/63 64/64/64
f 65/65/65 67/67/67 68/68/68
f 69/69/69 71/71/71 72/72/72
f 73/73/73 75/75/75 76/76/76
f 77/77/77 79/79/79 80/80/80
f 81/81/81 83/83/83 84/84/84
f 85/85/85 87/87/87 88/88/88
f 89/89/89 91/91/91 92/92/92
f 93/93/93 95/95/95 96/96/96
f 122/122/122 123/123/123 121/121/121
f 126/126/126 127/127/127 125/125/125
f 130/130/130 131/131/131 129/129/129
f 137/137/137 136/136/136 138/138/138
f 149/149/149 152/152/152 148/148/148
f 154/154/154 155/155/155 153/153/153
f 158/158/158 159/159/159 157/157/157
f 162/162/162 163/163/163 161/161/161
f 184/184/184 185/185/185 183/183/183
f 191/191/191 190/190/190 192/192/192
f 197/197/197 200/200/200 196/196/196
f 216/216/216 217/217/217 215/215/215
f 268/268/268 269/269/269 267/267/267
f 272/272/272 273/273/273 271/271/271
f 276/276/276 277/277/277 275/275/275
f 283/283/283 282/282/282 284/284/284
f 300/300/300 301/301/301 299/299/299
f 304/304/304 305/305/305 303/303/303
f 308/308/308 309/309/309 307/307/307
f 315/315/315 314/314/314 316/316/316
f 321/321/321 324/324/324 320/320/320
f 332/332/332 333/333/333 331/331/331
f 362/362/362 363/363/363 361/361/361
f 423/423/423 424/424/424 422/422/422
f 427/427/427 428/428/428 426/426/426
f 431/431/431 432/432/432 430/430/430
f 435/435/435 436/436/436 434/434/434
f 438/438/438 437/437/437 439/439/439
f 444/444/444 443/443/443 445/445/445
f 458/458/458 461/461/461 457/457/457
f 472/472/472 473/473/473 471/471/471
f 479/479/479 480/480/480 478/478/478
f 483/483/483 484/484/484 482/482/482
f 486/486/486 485/485/485 487/487/487
f 489/489/489 490/490/490 488/488/488
f 492/492/492 491/491/491 493/493/493
f 495/495/495 496/496/496 494/494/494
f 498/498/498 497/497/497 499/499/499
f 501/501/501 502/502/502 500/500/500
f 504/504/504 503/503/503 505/505/505
f 507/507/507 508/508/508 506/506/506
f 511/511/511 512/512/512 510/510/510
f 515/515/515 516/516/516 514/514/514
f 519/519/519 520/520/520 518/518/518
f 536/536/536 539/539/539 535/535/535
f 541/541/541 542/542/542 540/540/540
f 644/644/644 647/647/647 643/643/643
f 652/652/652 655/655/655 651/651/651
f 668/668/668 669/669/669 667/667/667
f 692/692/692 693/693/693 691/691/691
f 702/702/702 701/701/701 703/703/703
f 716/716/716 717/717/717 715/715/715
f 744/744/744 741/741/741 739/739/739
f 740/740/740 743/743/743 744/744/744
f 750/750/750 747/747/747 745/745/745
f 746/746/746 749/749/749 750/750/750
f 762/762/762 765/765/765 761/761/761
f 788/788/788 785/785/785 783/783/783
f 784/784/784 787/787/787 788/788/788
f 792/792/792 795/795/795 791/791/791
f 806/806/806 807/807/807 805/805/805
f 808/808/808 811/811/811 807/807/807
f 813/813/813 814/814/814 812/812/812
f 817/817/817 818/818/818 816/816/816
f 824/824/824 823/823/823 825/825/825
f 830/830/830 833/833/833 829/829/829
f 840/840/840 837/837/837 835/835/835
f 836/836/836 839/839/839 840/840/840
f 844/844/844 847/847/847 843/843/843
f 859/859/859 858/858/858 860/860/860
f 860/860/860 861/861/861 859/859/859
f 867/867/867 868/868/868 866/866/866
f 929/929/929 931/931/931 932/932/932
f 933/933/933 935/935/935 936/936/936
f 937/937/937 939/939/939 940/940/940
f 941/941/941 943/943/943 944/944/944
f 945/945/945 947/947/947 948/948/948
f 949/949/949 951/951/951 952/952/952
f 953/953/953 955/955/955 956/956/956
f 957/957/957 959/959/959 960/960/960
f 961/961/961 963/963/963 964/964/964
f 973/973/973 975/975/975 976/976/976
f 977/977/977 979/979/979 980/980/980
f 981/981/981 983/983/983 984/984/984
f 985/985/985 987/987/987 988/988/988
f 989/989/989 991/991/991 992/992/992
f 993/993/993 995/995/995 996/996/996
f 997/997/997 999/999/999 1000/1000/1000
f 1001/1001/1001 1003/1003/1003 1004/1004/1004
f 1005/1005/1005 1007/1007/1007 1008/1008/1008
f 1027/1027/1027 1024/1024/1024 1023/1023/1023
f 1049/1049/1049 1051/1051/1051 1052/1052/1052
f 1053/1053/1053 1055/1055/1055 1056/1056/1056
f 1062/1062/1062 1060/1060/1060 1063/1063/1063
f 1072/1072/1072 1074/1074/1074 1075/1075/1075
f 1073/1073/1073 1077/1077/1077 1074/1074/1074
f 1079/1079/1079 1081/1081/1081 1082/1082/1082
f 1083/1083/1083 1085/1085/1085 1086/1086/1086
f 1087/1087/1087 1089/1089/1089 1090/1090/1090
f 1096/1096/1096 1094/1094/1094 1097/1097/1097
f 1098/1098/1098 1100/1100/1100 1101/1101/1101
f 1103/1103/1103 1105/1105/1105 1106/1106/1106
f 1107/1107/1107 1109/1109/1109 1110/1110/1110
f 1111/1111/1111 1113/1113/1113 1114/1114/1114
f 1120/1120/1120 1122/1122/1122 1123/1123/1123
f 1127/1127/1127 1129/1129/1129 1130/1130/1130
f 1131/1131/1131 1133/1133/1133 1134/1134/1134
f 1135/1135/1135 1137/1137/1137 1138/1138/1138
f 1144/1144/1144 1142/1142/1142 1145/1145/1145
f 1154/1154/1154 1156/1156/1156 1157/1157/1157
f 1159/1159/1159 1161/1161/1161 1162/1162/1162
f 1163/1163/1163 1165/1165/1165 1166/1166/1166
f 1167/1167/1167 1169/1169/1169 1170/1170/1170
f 1171/1171/1171 1173/1173/1173 1174/1174/1174
f 1185/1185/1185 1181/1181/1181 1186/1186/1186
f 1217/1217/1217 1214/1214/1214 1213/1213/1213
f 1239/1239/1239 1241/1241/1241 1242/1242/1242
f 1243/1243/1243 1245/1245/1245 1246/1246/1246
f 1252/1252/1252 1250/1250/1250 1253/1253/1253
f 1258/1258/1258 1260/1260/1260 1255/1255/1255
f 1262/1262/1262 1264/1264/1264 1265/1265/1265
f 1263/1263/1263 1267/1267/1267 1264/1264/1264
f 1269/1269/1269 1271/1271/1271 1272/1272/1272
f 1273/1273/1273 1275/1275/1275 1276/1276/1276
f 1277/1277/1277 1279/1279/1279 1280/1280/1280
f 1286/1286/1286 1284/1284/1284 1287/1287/1287
f 1293/1293/1293 1295/1295/1295 1296/1296/1296
f 1297/1297/1297 1299/1299/1299 1300/1300/1300
f 1301/1301/1301 1303/1303/1303 1304/1304/1304
f 1310/1310/1310 1312/1312/1312 1313/1313/1313
f 1311/1311/1311 1315/1315/1315 1312/1312/1312
f 1317/1317/1317 1319/1319/1319 1320/1320/1320
f 1321/1321/1321 1323/1323/1323 1324/1324/1324
f 1325/1325/1325 1327/1327/1327 1328/1328/1328
f 1334/1334/1334 1332/1332/1332 1335/1335/1335
f 1349/1349/1349 1351/1351/1351 1352/1352/1352
f 1353/1353/1353 1355/1355/1355 1356/1356/1356
f 1357/1357/1357 1359/1359/1359 1360/1360/1360
f 1361/1361/1361 1363/1363/1363 1364/1364/1364
f 1375/1375/1375 1371/1371/1371 1376/1376/1376
f 1397/1397/1397 1399/1399/1399 1400/1400/1400
f 1401/1401/1401 1403/1403/1403 1404/1404/1404
f 1405/1405/1405 1407/1407/1407 1408/1408/1408
f 1409/1409/1409 1411/1411/1411 1412/1412/1412
f 1413/1413/1413 1415/1415/1415 1416/1416/1416
f 1417/1417/1417 1419/1419/1419 1420/1420/1420
f 1421/1421/1421 1423/1423/1423 1424/1424/1424
f 1425/1425/1425 1427/1427/1427 1428/1428/1428
f 1429/1429/1429 1431/1431/1431 1432/1432/1432
f 1441/1441/1441 1443/1443/1443 1444/1444/1444
f 1445/1445/1445 1447/1447/1447 1448/1448/1448
f 1449/1449/1449 1451/1451/1451 1452/1452/1452
f 1453/1453/1453 1455/1455/1455 1456/1456/1456
f 1457/1457/1457 1459/1459/1459 1460/1460/1460
f 1461/1461/1461 1463/1463/1463 1464/1464/1464
f 1465/1465/1465 1467/1467/1467 1468/1468/1468
f 1469/1469/1469 1471/1471/1471 1472/1472/1472
f 1473/1473/1473 1475/1475/1475 1476/1476/1476
f 1553/1553/1553 1554/1554/1554 1549/1549/1549
f 1569/1569/1569 1570/1570/1570 1565/1565/1565
f 1577/1577/1577 1578/1578/1578 1573/1573/1573
f 1585/1585/1585 1587/1587/1587 1588/1588/1588
f 1589/1589/1589 1591/1591/1591 1592/1592/1592
f 1593/1593/1593 1595/1595/1595 1596/1596/1596
f 1602/1602/1602 1604/1604/1604 1605/1605/1605
f 1603/1603/1603 1601/1601/1601 1604/1604/1604
f 1606/1606/1606 1608/1608/1608 1609/1609/1609
f 1613/1613/1613 1615/1615/1615 1616/1616/1616
f 1622/1622/1622 1624/1624/1624 1625/1625/1625
f 1623/1623/1623 1621/1621/1621 1624/1624/1624
f 1626/1626/1626 1628/1628/1628 1629/1629/1629
f 1630/1630/1630 1631/1631/1631 1628/1628/1628
f 1633/1633/1633 1635/1635/1635 1636/1636/1636
f 1637/1637/1637 1639/1639/1639 1640/1640/1640
f 1641/1641/1641 1643/1643/1643 1644/1644/1644
f 1645/1645/1645 1647/1647/1647 1648/1648/1648
f 1654/1654/1654 1652/1652/1652 1655/1655/1655
f 1669/1669/1669 1670/1670/1670 1665/1665/1665
f 1680/1680/1680 1682/1682/1682 1683/1683/1683
f 1684/1684/1684 1686/1686/1686 1687/1687/1687
f 1685/1685/1685 1689/1689/1689 1686/1686/1686
f 1703/1703/1703 1705/1705/1705 1706/1706/1706
f 1706/1706/1706 1707/1707/1707 1708/1708/1708
f 1705/1705/1705 1710/1710/1710 1707/1707/1707
f 1704/1704/1704 1709/1709/1709 1705/1705/1705
f 1781/1781/1781 1783/1783/1783 1784/1784/1784
f 1791/1791/1791 1793/1793/1793 1789/1789/1789
f 1797/1797/1797 1792/1792/1792 1798/1798/1798
f 1808/1808/1808 1810/1810/1810 1811/1811/1811
f 1812/1812/1812 1809/1809/1809 1808/1808/1808
f 1814/1814/1814 1816/1816/1816 1817/1817/1817
f 1818/1818/1818 1815/1815/1815 1814/1814/1814
f 1820/1820/1820 1822/1822/1822 1823/1823/1823
f 1824/1824/1824 1821/1821/1821 1820/1820/1820
f 1826/1826/1826 1828/1828/1828 1829/1829/1829
f 1830/1830/1830 1827/1827/1827 1826/1826/1826
f 1832/1832/1832 1834/1834/1834 1835/1835/1835
f 1836/1836/1836 1833/1833/1833 1832/1832/1832
f 1859/1859/1859 1860/1860/1860 1855/1855/1855
f 2031/2031/2031 2032/2032/2032 2027/2027/2027
f 2039/2039/2039 2041/2041/2041 2042/2042/2042
f 2043/2043/2043 2045/2045/2045 2046/2046/2046
f 2047/2047/2047 2049/2049/2049 2050/2050/2050
f 2056/2056/2056 2058/2058/2058 2059/2059/2059
f 2057/2057/2057 2055/2055/2055 2058/2058/2058
f 2060/2060/2060 2062/2062/2062 2063/2063/2063
f 2067/2067/2067 2069/2069/2069 2070/2070/2070
f 2076/2076/2076 2078/2078/2078 2079/2079/2079
f 2077/2077/2077 2075/2075/2075 2078/2078/2078
f 2080/2080/2080 2082/2082/2082 2083/2083/2083
f 2084/2084/2084 2085/2085/2085 2082/2082/2082
f 2087/2087/2087 2089/2089/2089 2090/2090/2090
f 2091/2091/2091 2093/2093/2093 2094/2094/2094
f 2095/2095/2095 2097/2097/2097 2098/2098/2098
f 2099/2099/2099 2101/2101/2101 2102/2102/2102
f 2108/2108/2108 2106/2106/2106 2109/2109/2109
f 2115/2115/2115 2116/2116/2116 2111/2111/2111
f 2134/2134/2134 2136/2136/2136 2137/2137/2137
f 2138/2138/2138 2140/2140/2140 2141/2141/2141
f 2139/2139/2139 2143/2143/2143 2140/2140/2140
f 2154/2154/2154 2155/2155/2155 2150/2150/2150
f 2157/2157/2157 2159/2159/2159 2160/2160/2160
f 2160/2160/2160 2161/2161/2161 2162/2162/2162
f 2159/2159/2159 2164/2164/2164 2161/2161/2161
f 2158/2158/2158 2163/2163/2163 2159/2159/2159
f 2235/2235/2235 2237/2237/2237 2238/2238/2238
f 2245/2245/2245 2247/2247/2247 2243/2243/2243
f 2251/2251/2251 2246/2246/2246 2252/2252/2252
f 2262/2262/2262 2264/2264/2264 2265/2265/2265
f 2266/2266/2266 2263/2263/2263 2262/2262/2262
f 2268/2268/2268 2270/2270/2270 2271/2271/2271
f 2272/2272/2272 2269/2269/2269 2268/2268/2268
f 2274/2274/2274 2276/2276/2276 2277/2277/2277
f 2278/2278/2278 2275/2275/2275 2274/2274/2274
f 2280/2280/2280 2282/2282/2282 2283/2283/2283
f 2284/2284/2284 2281/2281/2281 2280/2280/2280
f 2286/2286/2286 2288/2288/2288 2289/2289/2289
f 2290/2290/2290 2287/2287/2287 2286/2286/2286
f 2401/2401/2401 2403/2403/2403 2404/2404/2404
f 2405/2405/2405 2407/2407/2407 2408/2408/2408
f 2409/2409/2409 2411/2411/2411 2412/2412/2412
f 2413/2413/2413 2415/2415/2415 2416/2416/2416
f 2417/2417/2417 2419/2419/2419 2420/2420/2420
f 2421/2421/2421 2423/2423/2423 2424/2424/2424
f 2425/2425/2425 2427/2427/2427 2428/2428/2428
f 2429/2429/2429 2431/2431/2431 2432/2432/2432
f 2433/2433/2433 2435/2435/2435 2436/2436/2436
f 2437/2437/2437 2439/2439/2439 2440/2440/2440
f 2441/2441/2441 2443/2443/2443 2444/2444/2444
f 2445/2445/2445 2447/2447/2447 2448/2448/2448
f 2449/2449/2449 2451/2451/2451 2452/2452/2452
f 2461/2461/2461 2463/2463/2463 2464/2464/2464
f 2465/2465/2465 2467/2467/2467 2468/2468/2468
f 2469/2469/2469 2471/2471/2471 2472/2472/2472
f 2473/2473/2473 2475/2475/2475 2476/2476/2476
f 2477/2477/2477 2479/2479/2479 2480/2480/2480
f 2521/2521/2521 2523/2523/2523 2524/2524/2524
f 2525/2525/2525 2527/2527/2527 2528/2528/2528
f 2534/2534/2534 2536/2536/2536 2537/2537/2537
f 2535/2535/2535 2533/2533/2533 2536/2536/2536
f 2538/2538/2538 2540/2540/2540 2541/2541/2541
f 2539/2539/2539 2543/2543/2543 2540/2540/2540
f 2545/2545/2545 2547/2547/2547 2548/2548/2548
f 2554/2554/2554 2556/2556/2556 2557/2557/2557
f 2555/2555/2555 2553/2553/2553 2556/2556/2556
f 2558/2558/2558 2560/2560/2560 2561/2561/2561
f 2565/2565/2565 2567/2567/2567 2568/2568/2568
f 2569/2569/2569 2571/2571/2571 2572/2572/2572
f 2573/2573/2573 2575/2575/2575 2576/2576/2576
f 2577/2577/2577 2579/2579/2579 2580/2580/2580
f 2581/2581/2581 2578/2578/2578 2582/2582/2582
f 2583/2583/2583 2585/2585/2585 2586/2586/2586
f 2587/2587/2587 2584/2584/2584 2588/2588/2588
f 2589/2589/2589 2591/2591/2591 2592/2592/2592
f 2593/2593/2593 2590/2590/2590 2594/2594/2594
f 2595/2595/2595 2597/2597/2597 2598/2598/2598
f 2599/2599/2599 2596/2596/2596 2600/2600/2600
f 2601/2601/2601 2603/2603/2603 2604/2604/2604
f 2605/2605/2605 2602/2602/2602 2606/2606/2606
f 2607/2607/2607 2609/2609/2609 2610/2610/2610
f 2619/2619/2619 2621/2621/2621 2622/2622/2622
f 2620/2620/2620 2624/2624/2624 2621/2621/2621
f 2625/2625/2625 2627/2627/2627 2628/2628/2628
f 2677/2677/2677 2675/2675/2675 2678/2678/2678
f 2679/2679/2679 2681/2681/2681 2682/2682/2682
f 2682/2682/2682 2684/2684/2684 2679/2679/2679
f 2685/2685/2685 2687/2687/2687 2688/2688/2688
f 2686/2686/2686 2683/2683/2683 2687/2687/2687
f 2689/2689/2689 2691/2691/2691 2692/2692/2692
f 2693/2693/2693 2690/2690/2690 2694/2694/2694
f 2695/2695/2695 2697/2697/2697 2698/2698/2698
f 2707/2707/2707 2709/2709/2709 2710/2710/2710
f 2711/2711/2711 2713/2713/2713 2714/2714/2714
f 2715/2715/2715 2717/2717/2717 2718/2718/2718
f 2719/2719/2719 2721/2721/2721 2722/2722/2722
f 2723/2723/2723 2725/2725/2725 2726/2726/2726
f 2727/2727/2727 2729/2729/2729 2730/2730/2730
f 2731/2731/2731 2733/2733/2733 2734/2734/2734
f 2735/2735/2735 2737/2737/2737 2738/2738/2738
f 2739/2739/2739 2741/2741/2741 2742/2742/2742
f 2743/2743/2743 2745/2745/2745 2746/2746/2746
f 2747/2747/2747 2749/2749/2749 2750/2750/2750
f 2751/2751/2751 2753/2753/2753 2754/2754/2754
f 2755/2755/2755 2757/2757/2757 2758/2758/2758
f 2767/2767/2767 2769/2769/2769 2770/2770/2770
f 2771/2771/2771 2773/2773/2773 2774/2774/2774
f 2775/2775/2775 2777/2777/2777 2778/2778/2778
f 2779/2779/2779 2781/2781/2781 2782/2782/2782
f 2783/2783/2783 2785/2785/2785 2786/2786/2786
f 2827/2827/2827 2829/2829/2829 2830/2830/2830
f 2831/2831/2831 2833/2833/2833 2834/2834/2834
f 2840/2840/2840 2842/2842/2842 2843/2843/2843
f 2841/2841/2841 2839/2839/2839 2842/2842/2842
f 2844/2844/2844 2846/2846/2846 2847/2847/2847
f 2851/2851/2851 2853/2853/2853 2854/2854/2854
f 2860/2860/2860 2862/2862/2862 2863/2863/2863
f 2861/2861/2861 2859/2859/2859 2862/2862/2862
f 2864/2864/2864 2866/2866/2866 2867/2867/2867
f 2865/2865/2865 2869/2869/2869 2866/2866/2866
f 2871/2871/2871 2873/2873/2873 2874/2874/2874
f 2875/2875/2875 2877/2877/2877 2878/2878/2878
f 2879/2879/2879 2881/2881/2881 2882/2882/2882
f 2883/2883/2883 2885/2885/2885 2886/2886/2886
f 2887/2887/2887 2884/2884/2884 2888/2888/2888
f 2889/2889/2889 2891/2891/2891 2892/2892/2892
f 2893/2893/2893 2890/2890/2890 2894/2894/2894
f 2895/2895/2895 2897/2897/2897 2898/2898/2898
f 2899/2899/2899 2896/2896/2896 2900/2900/2900
f 2901/2901/2901 2903/2903/2903 2904/2904/2904
f 2905/2905/2905 2902/2902/2902 2906/2906/2906
f 2907/2907/2907 2909/2909/2909 2910/2910/2910
f 2911/2911/2911 2908/2908/2908 2912/2912/2912
f 2913/2913/2913 2915/2915/2915 2916/2916/2916
f 2925/2925/2925 2927/2927/2927 2928/2928/2928
f 2926/2926/2926 2930/2930/2930 2927/2927/2927
f 2931/2931/2931 2933/2933/2933 2934/2934/2934
f 2983/2983/2983 2981/2981/2981 2984/2984/2984
f 2985/2985/2985 2987/2987/2987 2988/2988/2988
f 2988/2988/2988 2990/2990/2990 2985/2985/2985
f 2991/2991/2991 2993/2993/2993 2994/2994/2994
f 2992/2992/2992 2989/2989/2989 2993/2993/2993
f 2995/2995/2995 2997/2997/2997 2998/2998/2998
f 2999/2999/2999 2996/2996/2996 3000/3000/3000
f 3001/3001/3001 3003/3003/3003 3004/3004/3004
f 3005/3005/3005 3007/3007/3007 3008/3008/3008
f 3009/3009/3009 3011/3011/3011 3012/3012/3012
f 3013/3013/3013 3015/3015/3015 3016/3016/3016
f 3017/3017/3017 3019/3019/3019 3020/3020/3020
f 3021/3021/3021 3023/3023/3023 3024/3024/3024
f 3025/3025/3025 3027/3027/3027 3028/3028/3028
f 3029/3029/3029 3031/3031/3031 3032/3032/3032
f 3033/3033/3033 3035/3035/3035 3036/3036/3036
f 3037/3037/3037 3039/3039/3039 3040/3040/3040
f 3089/3089/3089 3091/3091/3091 3092/3092/3092
f 3093/3093/3093 3095/3095/3095 3096/3096/3096
f 3097/3097/3097 3099/3099/3099 3100/3100/3100
f 3101/3101/3101 3098/3098/3098 3102/3102/3102
f 3108/3108/3108 3106/3106/3106 3109/3109/3109
f 3118/3118/3118 3120/3120/3120 3121/3121/3121
f 3122/3122/3122 3123/3123/3123 3120/3120/3120
f 3125/3125/3125 3127/3127/3127 3128/3128/3128
f 3129/3129/3129 3131/3131/3131 3132/3132/3132
f 3133/3133/3133 3135/3135/3135 3136/3136/3136
f 3137/3137/3137 3134/3134/3134 3138/3138/3138
f 3144/3144/3144 3142/3142/3142 3145/3145/3145
f 3151/3151/3151 3152/3152/3152 3147/3147/3147
f 3155/3155/3155 3156/3156/3156 3157/3157/3157
f 3159/3159/3159 3161/3161/3161 3162/3162/3162
f 3163/3163/3163 3165/3165/3165 3166/3166/3166
f 3167/3167/3167 3169/3169/3169 3170/3170/3170
f 3171/3171/3171 3168/3168/3168 3172/3172/3172
f 3173/3173/3173 3175/3175/3175 3176/3176/3176
f 3177/3177/3177 3174/3174/3174 3178/3178/3178
f 3179/3179/3179 3181/3181/3181 3182/3182/3182
f 3183/3183/3183 3180/3180/3180 3184/3184/3184
f 3185/3185/3185 3187/3187/3187 3188/3188/3188
f 3189/3189/3189 3186/3186/3186 3190/3190/3190
f 3191/3191/3191 3193/3193/3193 3194/3194/3194
f 3195/3195/3195 3192/3192/3192 3196/3196/3196
f 3197/3197/3197 3199/3199/3199 3200/3200/3200
f 3201/3201/3201 3198/3198/3198 3202/3202/3202
f 3208/3208/3208 3210/3210/3210 3211/3211/3211
f 3212/3212/3212 3209/3209/3209 3208/3208/3208
f 3222/3222/3222 3224/3224/3224 3225/3225/3225
f 3226/3226/3226 3227/3227/3227 3224/3224/3224
f 3229/3229/3229 3231/3231/3231 3232/3232/3232
f 3273/3273/3273 3275/3275/3275 3276/3276/3276
f 3277/3277/3277 3279/3279/3279 3280/3280/3280
f 3281/3281/3281 3283/3283/3283 3284/3284/3284
f 3285/3285/3285 3287/3287/3287 3288/3288/3288
f 3289/3289/3289 3291/3291/3291 3292/3292/3292
f 3293/3293/3293 3295/3295/3295 3296/3296/3296
f 3297/3297/3297 3299/3299/3299 3300/3300/3300
f 3301/3301/3301 3303/3303/3303 3304/3304/3304
f 3305/3305/3305 3307/3307/3307 3308/3308/3308
f 3357/3357/3357 3359/3359/3359 3360/3360/3360
f 3361/3361/3361 3363/3363/3363 3364/3364/3364
f 3365/3365/3365 3367/3367/3367 3368/3368/3368
f 3369/3369/3369 3366/3366/3366 3370/3370/3370
f 3376/3376/3376 3374/3374/3374 3377/3377/3377
f 3383/3383/3383 3384/3384/3384 3379/3379/3379
f 3386/3386/3386 3388/3388/3388 3389/3389/3389
f 3390/3390/3390 3391/3391/3391 3388/3388/3388
f 3393/3393/3393 3395/3395/3395 3396/3396/3396
f 3397/3397/3397 3399/3399/3399 3400/3400/3400
f 3401/3401/3401 3403/3403/3403 3404/3404/3404
f 3405/3405/3405 3402/3402/3402 3406/3406/3406
f 3412/3412/3412 3410/3410/3410 3413/3413/3413
f 3419/3419/3419 3420/3420/3420 3415/3415/3415
f 3423/3423/3423 3424/3424/3424 3425/3425/3425
f 3427/3427/3427 3429/3429/3429 3430/3430/3430
f 3431/3431/3431 3433/3433/3433 3434/3434/3434
f 3435/3435/3435 3437/3437/3437 3438/3438/3438
f 3439/3439/3439 3436/3436/3436 3440/3440/3440
f 3441/3441/3441 3443/3443/3443 3444/3444/3444
f 3445/3445/3445 3442/3442/3442 3446/3446/3446
f 3447/3447/3447 3449/3449/3449 3450/3450/3450
f 3451/3451/3451 3448/3448/3448 3452/3452/3452
f 3453/3453/3453 3455/3455/3455 3456/3456/3456
f 3457/3457/3457 3454/3454/3454 3458/3458/3458
f 3459/3459/3459 3461/3461/3461 3462/3462/3462
f 3463/3463/3463 3460/3460/3460 3464/3464/3464
f 3465/3465/3465 3467/3467/3467 3468/3468/3468
f 3469/3469/3469 3466/3466/3466 3470/3470/3470
f 3476/3476/3476 3478/3478/3478 3479/3479/3479
f 3480/3480/3480 3477/3477/3477 3476/3476/3476
f 3490/3490/3490 3492/3492/3492 3493/3493/3493
f 3497/3497/3497 3499/3499/3499 3500/3500/3500
f 3541/3541/3541 3543/3543/3543 3544/3544/3544
f 3545/3545/3545 3547/3547/3547 3548/3548/3548
f 3549/3549/3549 3551/3551/3551 3552/3552/3552
f 3553/3553/3553 3555/3555/3555 3556/3556/3556
f 3565/3565/3565 3567/3567/3567 3568/3568/3568
f 3569/3569/3569 3571/3571/3571 3572/3572/3572
f 3573/3573/3573 3575/3575/3575 3576/3576/3576
f 3577/3577/3577 3579/3579/3579 3580/3580/3580
f 3581/3581/3581 3583/3583/3583 3584/3584/3584
f 3595/3595/3595 3594/3594/3594 3597/3597/3597
f 3612/3612/3612 3611/3611/3611 3605/3605/3605
f 3635/3635/3635 3637/3637/3637 3638/3638/3638
f 3639/3639/3639 3641/3641/3641 3642/3642/3642
f 3648/3648/3648 3646/3646/3646 3649/3649/3649
f 3650/3650/3650 3652/3652/3652 3653/3653/3653
f 3651/3651/3651 3655/3655/3655 3652/3652/3652
f 3657/3657/3657 3659/3659/3659 3660/3660/3660
f 3661/3661/3661 3663/3663/3663 3664/3664/3664
f 3665/3665/3665 3667/3667/3667 3668/3668/3668
f 3682/3682/3682 3684/3684/3684 3685/3685/3685
f 3683/3683/3683 3687/3687/3687 3684/3684/3684
f 3689/3689/3689 3691/3691/3691 3692/3692/3692
f 3693/3693/3693 3695/3695/3695 3696/3696/3696
f 3710/3710/3710 3712/3712/3712 3713/3713/3713
f 3711/3711/3711 3715/3715/3715 3712/3712/3712
f 3717/3717/3717 3719/3719/3719 3720/3720/3720
f 3726/3726/3726 3728/3728/3728 3729/3729/3729
f 3730/3730/3730 3727/3727/3727 3726/3726/3726
f 3737/3737/3737 3739/3739/3739 3740/3740/3740
f 3741/3741/3741 3743/3743/3743 3744/3744/3744
f 3745/3745/3745 3747/3747/3747 3748/3748/3748
f 3749/3749/3749 3751/3751/3751 3752/3752/3752
f 3753/3753/3753 3755/3755/3755 3756/3756/3756
f 3766/3766/3766 3768/3768/3768 3763/3763/3763
f 3775/3775/3775 3777/3777/3777 3778/3778/3778
f 3784/3784/3784 3786/3786/3786 3787/3787/3787
f 3785/3785/3785 3783/3783/3783 3786/3786/3786
f 3788/3788/3788 3790/3790/3790 3791/3791/3791
f 3795/3795/3795 3797/3797/3797 3798/3798/3798
f 3799/3799/3799 3801/3801/3801 3802/3802/3802
f 3803/3803/3803 3805/3805/3805 3806/3806/3806
f 3807/3807/3807 3809/3809/3809 3810/3810/3810
f 3811/3811/3811 3813/3813/3813 3814/3814/3814
f 3833/3833/3833 3835/3835/3835 3836/3836/3836
f 3847/3847/3847 3846/3846/3846 3849/3849/3849
f 3864/3864/3864 3863/3863/3863 3865/3865/3865
f 3887/3887/3887 3889/3889/3889 3890/3890/3890
f 3891/3891/3891 3893/3893/3893 3894/3894/3894
f 3895/3895/3895 3897/3897/3897 3898/3898/3898
f 3899/3899/3899 3901/3901/3901 3902/3902/3902
f 3911/3911/3911 3913/3913/3913 3914/3914/3914
f 3915/3915/3915 3917/3917/3917 3918/3918/3918
f 3919/3919/3919 3921/3921/3921 3922/3922/3922
f 3923/3923/3923 3925/3925/3925 3926/3926/3926
f 3927/3927/3927 3929/3929/3929 3930/3930/3930
f 3941/3941/3941 3940/3940/3940 3943/3943/3943
f 3958/3958/3958 3957/3957/3957 3951/3951/3951
f 3981/3981/3981 3983/3983/3983 3984/3984/3984
f 3985/3985/3985 3987/3987/3987 3988/3988/3988
f 3994/3994/3994 3992/3992/3992 3995/3995/3995
f 3996/3996/3996 3998/3998/3998 3999/3999/3999
f 4003/4003/4003 4005/4005/4005 4006/4006/4006
f 4007/4007/4007 4009/4009/4009 4010/4010/4010
f 4011/4011/4011 4013/4013/4013 4014/4014/4014
f 4028/4028/4028 4030/4030/4030 4031/4031/4031
f 4035/4035/4035 4037/4037/4037 4038/4038/4038
f 4039/4039/4039 4041/4041/4041 4042/4042/4042
f 4056/4056/4056 4058/4058/4058 4059/4059/4059
f 4063/4063/4063 4065/4065/4065 4066/4066/4066
f 4072/4072/4072 4074/4074/4074 4075/4075/4075
f 4076/4076/4076 4073/4073/4073 4072/4072/4072
f 4083/4083/4083 4085/4085/4085 4086/4086/4086
f 4087/4087/4087 4089/4089/4089 4090/4090/4090
f 4091/4091/4091 4093/4093/4093 4094/4094/4094
f 4095/4095/4095 4097/4097/4097 4098/4098/4098
f 4099/4099/4099 4101/4101/4101 4102/4102/4102
f 4121/4121/4121 4123/4123/4123 4124/4124/4124
f 4130/4130/4130 4132/4132/4132 4133/4133/4133
f 4131/4131/4131 4129/4129/4129 4132/4132/4132
f 4134/4134/4134 4136/4136/4136 4137/4137/4137
f 4141/4141/4141 4143/4143/4143 4144/4144/4144
f 4145/4145/4145 4147/4147/4147 4148/4148/4148
f 4149/4149/4149 4151/4151/4151 4152/4152/4152
f 4153/4153/4153 4155/4155/4155 4156/4156/4156
f 4157/4157/4157 4159/4159/4159 4160/4160/4160
f 4179/4179/4179 4181/4181/4181 4182/4182/4182
f 4193/4193/4193 4192/4192/4192 4195/4195/4195
f 4210/4210/4210 4209/4209/4209 4211/4211/4211

