g mesh_EE0
v -4.000000 4.760000 1.000000
v -5.000000 4.760000 1.000000
v -5.000000 4.760000 5.500000
v -4.000000 4.760000 5.500000
v -4.000000 4.750000 1.000000
v -4.000000 4.750000 5.500000
v -5.000000 4.750000 5.500000
v -5.000000 4.750000 1.000000
v -4.000000 4.750000 5.500000
v -4.000000 4.760000 5.500000
v -5.000000 4.760000 5.500000
v -5.000000 4.750000 5.500000
v -5.000000 4.750000 5.500000
v -5.000000 4.760000 5.500000
v -5.000000 4.760000 1.000000
v -5.000000 4.750000 1.000000
v -4.000000 4.750000 1.000000
v -4.000000 4.760000 1.000000
v -4.000000 4.760000 5.500000
v -4.000000 4.750000 5.500000
v -5.000000 4.750000 1.000000
v -5.000000 4.760000 1.000000
v -4.000000 4.760000 1.000000
v -4.000000 4.750000 1.000000
v -4.000000 4.010000 5.500000
v -4.000000 4.010000 0.000000
v -5.000000 4.010000 0.000000
v -5.000000 4.010000 5.500000
v -4.000000 4.000000 5.500000
v -5.000000 4.000000 5.500000
v -5.000000 4.000000 0.000000
v -4.000000 4.000000 0.000000
v -5.000000 4.000000 5.500000
v -5.000000 4.010000 5.500000
v -5.000000 4.010000 0.000000
v -5.000000 4.000000 0.000000
v -5.000000 4.000000 0.000000
v -5.000000 4.010000 0.000000
v -4.000000 4.010000 0.000000
v -4.000000 4.000000 0.000000
v -4.000000 4.000000 5.500000
v -4.000000 4.010000 5.500000
v -5.000000 4.010000 5.500000
v -5.000000 4.000000 5.500000
v -4.000000 4.000000 0.000000
v -4.000000 4.010000 0.000000
v -4.000000 4.010000 5.500000
v -4.000000 4.000000 5.500000
v -5.000000 2.260000 1.000000
v -4.000000 2.260000 1.000000
v -4.000000 2.260000 0.000000
v -5.000000 2.260000 0.000000
v -5.000000 2.250000 1.000000
v -5.000000 2.250000 0.000000
v -4.000000 2.250000 0.000000
v -4.000000 2.250000 1.000000
v -5.000000 2.250000 0.000000
v -5.000000 2.260000 0.000000
v -4.000000 2.260000 0.000000
v -4.000000 2.250000 0.000000
v -4.000000 2.250000 0.000000
v -4.000000 2.260000 0.000000
v -4.000000 2.260000 1.000000
v -4.000000 2.250000 1.000000
v -5.000000 2.250000 1.000000
v -5.000000 2.260000 1.000000
v -5.000000 2.260000 0.000000
v -5.000000 2.250000 0.000000
v -4.000000 2.250000 1.000000
v -4.000000 2.260000 1.000000
v -5.000000 2.260000 1.000000
v -5.000000 2.250000 1.000000
v -5.000000 5.260000 1.000000
v -4.000000 5.260000 1.000000
v -4.000000 5.260000 0.000000
v -5.000000 5.260000 0.000000
v -5.000000 5.250000 1.000000
v -5.000000 5.250000 0.000000
v -4.000000 5.250000 0.000000
v -4.000000 5.250000 1.000000
v -5.000000 5.250000 0.000000
v -5.000000 5.260000 0.000000
v -4.000000 5.260000 0.000000
v -4.000000 5.250000 0.000000
v -4.000000 5.250000 0.000000
v -4.000000 5.260000 0.000000
v -4.000000 5.260000 1.000000
v -4.000000 5.250000 1.000000
v -5.000000 5.250000 1.000000
v -5.000000 5.260000 1.000000
v -5.000000 5.260000 0.000000
v -5.000000 5.250000 0.000000
v -4.000000 5.250000 1.000000
v -4.000000 5.260000 1.000000
v -5.000000 5.260000 1.000000
v -5.000000 5.250000 1.000000
v -5.007071 4.300000 5.507071
v -5.010000 4.300000 5.500000
v -5.007071 4.266666 5.507071
v -5.010000 4.266666 5.500000
v -5.009468 4.750000 5.501286
v -5.007071 4.750000 5.507071
v -5.010000 4.750000 5.500000
v -5.009468 4.750000 5.501286
v -4.992929 4.300000 5.492929
v -4.990000 4.300000 5.500000
v -4.992929 4.266666 5.492929
v -4.990000 4.266666 5.500000
v -4.990532 4.750000 5.498714
v -4.992929 4.750000 5.492929
v -4.990000 4.750000 5.500000
v -4.990532 4.750000 5.498714
v -5.000000 4.250000 5.500000
v -4.957573 4.350000 5.457574
v -4.940000 4.350000 5.500000
v -5.000000 4.250000 5.500000
v -4.940000 4.350000 5.500000
v -4.957573 4.350000 5.542426
v -5.000000 4.250000 5.500000
v -4.957573 4.350000 5.542426
v -5.000000 4.350000 5.560000
v -5.000000 4.250000 5.500000
v -5.000000 4.350000 5.560000
v -5.042426 4.350000 5.542426
v -5.000000 4.250000 5.500000
v -5.000000 4.350000 5.440000
v -4.957573 4.350000 5.457574
v -5.000000 4.250000 5.500000
v -5.042426 4.350000 5.457574
v -5.000000 4.350000 5.440000
v -5.000000 4.250000 5.500000
v -5.060000 4.350000 5.500000
v -5.042426 4.350000 5.457574
v -5.000000 4.250000 5.500000
v -5.042426 4.350000 5.542426
v -5.060000 4.350000 5.500000
v -5.060000 4.350000 5.500000
v -5.000000 4.350000 5.560000
v -4.957573 4.350000 5.542426
v -5.042426 4.350000 5.542426
v -4.940000 4.350000 5.500000
v -5.000000 4.350000 5.440000
v -4.957573 4.350000 5.457574
v -5.042426 4.350000 5.457574
v -4.993371 4.412500 5.507254
v -4.993813 4.412500 5.507437
v -4.994697 4.412500 5.507803
v -4.993813 4.558333 5.507437
v -4.994697 4.558333 5.507803
v -4.993813 4.704166 5.507437
v -4.994697 4.704166 5.507803
v -4.993371 4.704166 5.507254
v -4.999116 4.412500 5.509634
v -4.999558 4.412500 5.509817
v -4.998232 4.412500 5.509268
v -4.998232 4.558333 5.509268
v -4.999116 4.558333 5.509634
v -4.998232 4.704166 5.509268
v -4.999116 4.704166 5.509634
v -4.999558 4.704166 5.509817
v -4.993750 4.350000 5.507411
v -4.993371 4.350000 5.507254
v -4.993813 4.350000 5.507437
v -4.993750 4.350000 5.507411
v -4.999495 4.350000 5.509791
v -4.999116 4.350000 5.509634
v -4.999558 4.350000 5.509817
v -4.999495 4.350000 5.509791
v -4.992939 4.350000 5.507075
v -4.992929 4.350000 5.507071
v -4.992952 4.350000 5.507081
v -4.992939 4.350000 5.507075
v -4.992984 4.350000 5.507094
v -4.992952 4.350000 5.507081
v -4.993182 4.350000 5.507175
v -4.993125 4.350000 5.507153
v -4.998990 4.350000 5.509582
v -4.998485 4.350000 5.509373
v -4.998485 4.350000 5.509373
v -4.993939 4.350000 5.507490
v -4.993125 4.350000 5.507153
v -4.999989 4.350000 5.509996
v -4.999977 4.350000 5.509991
v -4.999977 4.350000 5.509991
v -4.999945 4.350000 5.509977
v -5.000000 4.350000 5.510000
v -4.999989 4.350000 5.509996
v -4.998990 4.350000 5.509582
v -4.999747 4.350000 5.509896
v -4.999804 4.350000 5.509919
v -4.999747 4.350000 5.509896
v -4.999945 4.350000 5.509977
v -5.000000 4.350000 5.510000
v -5.000643 4.350000 5.509734
v -5.007071 4.350000 5.507071
v -4.990183 4.412500 5.500442
v -4.990366 4.412500 5.500884
v -4.990732 4.412500 5.501768
v -4.990366 4.558333 5.500884
v -4.990732 4.558333 5.501768
v -4.990366 4.704166 5.500884
v -4.990732 4.704166 5.501768
v -4.990183 4.704166 5.500442
v -4.992563 4.412500 5.506187
v -4.992746 4.412500 5.506629
v -4.992197 4.412500 5.505303
v -4.992197 4.558333 5.505303
v -4.992563 4.558333 5.506187
v -4.992197 4.704166 5.505303
v -4.992563 4.704166 5.506187
v -4.992746 4.704166 5.506629
v -4.990340 4.350000 5.500821
v -4.990183 4.350000 5.500442
v -4.990366 4.350000 5.500884
v -4.990340 4.350000 5.500821
v -4.992720 4.350000 5.506566
v -4.992563 4.350000 5.506187
v -4.992746 4.350000 5.506629
v -4.992720 4.350000 5.506566
v -4.990005 4.350000 5.500011
v -4.990000 4.350000 5.500000
v -4.990010 4.350000 5.500023
v -4.990005 4.350000 5.500011
v -4.990023 4.350000 5.500055
v -4.990010 4.350000 5.500023
v -4.990105 4.350000 5.500252
v -4.990081 4.350000 5.500196
v -4.990628 4.350000 5.501515
v -4.990418 4.350000 5.501010
v -4.992510 4.350000 5.506061
v -4.990628 4.350000 5.501515
v -4.990418 4.350000 5.501010
v -4.990081 4.350000 5.500196
v -4.992919 4.350000 5.507048
v -4.992906 4.350000 5.507016
v -4.992925 4.350000 5.507060
v -4.992929 4.350000 5.507071
v -4.992925 4.350000 5.507060
v -4.992510 4.350000 5.506061
v -4.992825 4.350000 5.506819
v -4.992746 4.350000 5.506629
v -4.992847 4.350000 5.506875
v -4.992825 4.350000 5.506819
v -4.992906 4.350000 5.507016
v -4.993535 4.750000 5.507322
v -4.993371 4.750000 5.507254
v -4.993813 4.750000 5.507437
v -4.993535 4.750000 5.507322
v -4.999280 4.750000 5.509702
v -4.999116 4.750000 5.509634
v -4.999558 4.750000 5.509817
v -4.994141 4.750000 5.507573
v -4.993813 4.750000 5.507437
v -4.995454 4.750000 5.508117
v -4.998788 4.750000 5.509498
v -4.995454 4.750000 5.508117
v -4.993371 4.750000 5.507254
v -4.993232 4.750000 5.507196
v -4.999116 4.750000 5.509634
v -4.998788 4.750000 5.509498
v -4.999697 4.750000 5.509875
v -4.999558 4.750000 5.509817
v -4.993026 4.750000 5.507111
v -4.993024 4.750000 5.507111
v -4.993024 4.750000 5.507111
v -4.992929 4.750000 5.507071
v -4.993136 4.750000 5.507157
v -4.993026 4.750000 5.507111
v -4.993136 4.750000 5.507157
v -4.993136 4.750000 5.507157
v -4.993232 4.750000 5.507196
v -4.999903 4.750000 5.509960
v -4.999793 4.750000 5.509914
v -4.999793 4.750000 5.509914
v -4.999793 4.750000 5.509914
v -4.999793 4.750000 5.509914
v -4.999697 4.750000 5.509875
v -5.000000 4.750000 5.510000
v -4.999905 4.750000 5.509961
v -4.999905 4.750000 5.509961
v -4.999903 4.750000 5.509960
v -5.005785 4.750000 5.507604
v -5.000129 4.750000 5.509947
v -5.000129 4.750000 5.509947
v -5.000000 4.750000 5.510000
v -5.007071 4.750000 5.507071
v -4.990251 4.750000 5.500606
v -4.990183 4.750000 5.500442
v -4.990366 4.750000 5.500884
v -4.990251 4.750000 5.500606
v -4.992631 4.750000 5.506351
v -4.992563 4.750000 5.506187
v -4.992746 4.750000 5.506629
v -4.992631 4.750000 5.506351
v -4.990502 4.750000 5.501212
v -4.990366 4.750000 5.500884
v -4.991046 4.750000 5.502525
v -4.990502 4.750000 5.501212
v -4.992427 4.750000 5.505859
v -4.990126 4.750000 5.500303
v -4.992563 4.750000 5.506187
v -4.992427 4.750000 5.505859
v -4.992804 4.750000 5.506768
v -4.990040 4.750000 5.500097
v -4.990039 4.750000 5.500095
v -4.990039 4.750000 5.500095
v -4.990000 4.750000 5.500000
v -4.990086 4.750000 5.500207
v -4.990086 4.750000 5.500207
v -4.990086 4.750000 5.500207
v -4.990126 4.750000 5.500303
v -4.992843 4.750000 5.506863
v -4.992804 4.750000 5.506768
v -4.992889 4.750000 5.506974
v -4.992843 4.750000 5.506863
v -4.992843 4.750000 5.506863
v -4.992843 4.750000 5.506863
v -4.992929 4.750000 5.507071
v -4.992889 4.750000 5.506976
v -4.992889 4.750000 5.506974
v -4.992889 4.750000 5.506976
v -5.009734 4.350000 5.499357
v -5.010000 4.350000 5.500000
v -5.007071 4.350000 5.492929
v -5.009734 4.350000 5.499357
v -5.006629 4.412500 5.492746
v -5.006187 4.412500 5.492563
v -5.005303 4.412500 5.492197
v -5.006187 4.558333 5.492563
v -5.005303 4.558333 5.492197
v -5.006187 4.704166 5.492563
v -5.005303 4.704166 5.492197
v -5.006629 4.704166 5.492746
v -5.000884 4.412500 5.490366
v -5.000442 4.412500 5.490183
v -5.001768 4.412500 5.490732
v -5.001768 4.558333 5.490732
v -5.000884 4.558333 5.490366
v -5.001768 4.704166 5.490732
v -5.000884 4.704166 5.490366
v -5.000442 4.704166 5.490183
v -5.006250 4.350000 5.492589
v -5.006629 4.350000 5.492746
v -5.006187 4.350000 5.492563
v -5.006250 4.350000 5.492589
v -5.000505 4.350000 5.490209
v -5.000884 4.350000 5.490366
v -5.000442 4.350000 5.490183
v -5.000505 4.350000 5.490209
v -5.007048 4.350000 5.492919
v -5.007061 4.350000 5.492925
v -5.007061 4.350000 5.492925
v -5.007071 4.350000 5.492929
v -5.007016 4.350000 5.492906
v -5.007048 4.350000 5.492919
v -5.006819 4.350000 5.492825
v -5.006875 4.350000 5.492847
v -5.006061 4.350000 5.492510
v -5.006629 4.350000 5.492746
v -5.006819 4.350000 5.492825
v -5.006875 4.350000 5.492847
v -5.007016 4.350000 5.492906
v -5.001515 4.350000 5.490627
v -5.006061 4.350000 5.492510
v -5.001010 4.350000 5.490418
v -5.001515 4.350000 5.490627
v -5.000011 4.350000 5.490004
v -5.000023 4.350000 5.490009
v -5.000023 4.350000 5.490009
v -5.000055 4.350000 5.490023
v -5.000000 4.350000 5.490000
v -5.000011 4.350000 5.490004
v -5.000884 4.350000 5.490366
v -5.001010 4.350000 5.490418
v -5.000253 4.350000 5.490104
v -5.000196 4.350000 5.490081
v -5.000253 4.350000 5.490104
v -5.000055 4.350000 5.490023
v -5.000196 4.350000 5.490081
v -4.999357 4.350000 5.490266
v -5.000000 4.350000 5.490000
v -4.992929 4.350000 5.492929
v -4.999357 4.350000 5.490266
v -5.007604 4.750000 5.494215
v -5.009947 4.750000 5.499871
v -5.009947 4.750000 5.499871
v -5.010000 4.750000 5.500000
v -5.007071 4.750000 5.492929
v -5.007604 4.750000 5.494215
v -5.006465 4.750000 5.492678
v -5.006629 4.750000 5.492746
v -5.006187 4.750000 5.492563
v -5.006465 4.750000 5.492678
v -5.000720 4.750000 5.490298
v -5.000884 4.750000 5.490366
v -5.000442 4.750000 5.490183
v -5.000720 4.750000 5.490298
v -5.001212 4.750000 5.490502
v -5.004546 4.750000 5.491883
v -5.004546 4.750000 5.491883
v -5.005859 4.750000 5.492427
v -5.005859 4.750000 5.492427
v -5.006187 4.750000 5.492563
v -5.006768 4.750000 5.492804
v -5.000884 4.750000 5.490366
v -5.000303 4.750000 5.490125
v -5.000442 4.750000 5.490183
v -5.006863 4.750000 5.492843
v -5.006863 4.750000 5.492843
v -5.006974 4.750000 5.492889
v -5.006974 4.750000 5.492889
v -5.006976 4.750000 5.492889
v -5.006976 4.750000 5.492889
v -5.007071 4.750000 5.492929
v -5.006768 4.750000 5.492804
v -5.006863 4.750000 5.492843
v -5.000097 4.750000 5.490040
v -5.000207 4.750000 5.490086
v -5.000207 4.750000 5.490086
v -5.000207 4.750000 5.490086
v -5.000207 4.750000 5.490086
v -5.000303 4.750000 5.490125
v -5.000000 4.750000 5.490000
v -5.000095 4.750000 5.490039
v -5.000095 4.750000 5.490039
v -5.000097 4.750000 5.490040
v -4.994215 4.750000 5.492396
v -4.999871 4.750000 5.490053
v -4.999871 4.750000 5.490053
v -5.000000 4.750000 5.490000
v -4.992929 4.750000 5.492929
v -4.994215 4.750000 5.492396
v -5.007071 4.300000 4.007071
v -5.010000 4.300000 4.000000
v -5.007071 4.266666 4.007071
v -5.010000 4.266666 4.000000
v -5.009468 4.750000 4.001286
v -5.007071 4.750000 4.007071
v -5.010000 4.750000 4.000000
v -5.009468 4.750000 4.001286
v -4.992929 4.300000 3.992929
v -4.990000 4.300000 4.000000
v -4.992929 4.266666 3.992929
v -4.990000 4.266666 4.000000
v -4.990532 4.750000 3.998714
v -4.992929 4.750000 3.992929
v -4.990000 4.750000 4.000000
v -4.990532 4.750000 3.998714
v -5.000000 4.250000 4.000000
v -4.957573 4.350000 3.957574
v -4.940000 4.350000 4.000000
v -5.000000 4.250000 4.000000
v -4.940000 4.350000 4.000000
v -4.957573 4.350000 4.042426
v -5.000000 4.250000 4.000000
v -4.957573 4.350000 4.042426
v -5.000000 4.350000 4.060000
v -5.000000 4.250000 4.000000
v -5.000000 4.350000 4.060000
v -5.042426 4.350000 4.042426
v -5.000000 4.250000 4.000000
v -5.000000 4.350000 3.940000
v -4.957573 4.350000 3.957574
v -5.000000 4.250000 4.000000
v -5.042426 4.350000 3.957574
v -5.000000 4.350000 3.940000
v -5.000000 4.250000 4.000000
v -5.060000 4.350000 4.000000
v -5.042426 4.350000 3.957574
v -5.000000 4.250000 4.000000
v -5.042426 4.350000 4.042426
v -5.060000 4.350000 4.000000
v -5.060000 4.350000 4.000000
v -5.000000 4.350000 4.060000
v -4.957573 4.350000 4.042426
v -5.042426 4.350000 4.042426
v -4.940000 4.350000 4.000000
v -5.000000 4.350000 3.940000
v -4.957573 4.350000 3.957574
v -5.042426 4.350000 3.957574
v -4.993371 4.412500 4.007254
v -4.993813 4.412500 4.007437
v -4.994697 4.412500 4.007803
v -4.993813 4.558333 4.007437
v -4.994697 4.558333 4.007803
v -4.993813 4.704166 4.007437
v -4.994697 4.704166 4.007803
v -4.993371 4.704166 4.007254
v -4.999116 4.412500 4.009634
v -4.999558 4.412500 4.009817
v -4.998232 4.412500 4.009268
v -4.998232 4.558333 4.009268
v -4.999116 4.558333 4.009634
v -4.998232 4.704166 4.009268
v -4.999116 4.704166 4.009634
v -4.999558 4.704166 4.009817
v -4.993750 4.350000 4.007411
v -4.993371 4.350000 4.007254
v -4.993813 4.350000 4.007437
v -4.993750 4.350000 4.007411
v -4.999495 4.350000 4.009791
v -4.999116 4.350000 4.009634
v -4.999558 4.350000 4.009817
v -4.999495 4.350000 4.009791
v -4.992939 4.350000 4.007075
v -4.992929 4.350000 4.007071
v -4.992952 4.350000 4.007081
v -4.992939 4.350000 4.007075
v -4.992984 4.350000 4.007094
v -4.992952 4.350000 4.007081
v -4.993182 4.350000 4.007175
v -4.993125 4.350000 4.007153
v -4.998990 4.350000 4.009582
v -4.998485 4.350000 4.009373
v -4.998485 4.350000 4.009373
v -4.993939 4.350000 4.007490
v -4.993125 4.350000 4.007153
v -4.999989 4.350000 4.009996
v -4.999977 4.350000 4.009991
v -4.999977 4.350000 4.009991
v -4.999945 4.350000 4.009977
v -5.000000 4.350000 4.010000
v -4.999989 4.350000 4.009996
v -4.998990 4.350000 4.009582
v -4.999747 4.350000 4.009896
v -4.999804 4.350000 4.009919
v -4.999747 4.350000 4.009896
v -4.999945 4.350000 4.009977
v -5.000000 4.350000 4.010000
v -5.000643 4.350000 4.009734
v -5.007071 4.350000 4.007071
v -4.990183 4.412500 4.000442
v -4.990366 4.412500 4.000884
v -4.990732 4.412500 4.001768
v -4.990366 4.558333 4.000884
v -4.990732 4.558333 4.001768
v -4.990366 4.704166 4.000884
v -4.990732 4.704166 4.001768
v -4.990183 4.704166 4.000442
v -4.992563 4.412500 4.006187
v -4.992746 4.412500 4.006629
v -4.992197 4.412500 4.005303
v -4.992197 4.558333 4.005303
v -4.992563 4.558333 4.006187
v -4.992197 4.704166 4.005303
v -4.992563 4.704166 4.006187
v -4.992746 4.704166 4.006629
v -4.990340 4.350000 4.000821
v -4.990183 4.350000 4.000442
v -4.990366 4.350000 4.000884
v -4.990340 4.350000 4.000821
v -4.992720 4.350000 4.006566
v -4.992563 4.350000 4.006187
v -4.992746 4.350000 4.006629
v -4.992720 4.350000 4.006566
v -4.990005 4.350000 4.000011
v -4.990000 4.350000 4.000000
v -4.990010 4.350000 4.000023
v -4.990005 4.350000 4.000011
v -4.990023 4.350000 4.000055
v -4.990010 4.350000 4.000023
v -4.990105 4.350000 4.000252
v -4.990081 4.350000 4.000196
v -4.990628 4.350000 4.001515
v -4.990418 4.350000 4.001010
v -4.992510 4.350000 4.006061
v -4.990628 4.350000 4.001515
v -4.990418 4.350000 4.001010
v -4.990081 4.350000 4.000196
v -4.992919 4.350000 4.007048
v -4.992906 4.350000 4.007016
v -4.992925 4.350000 4.007060
v -4.992929 4.350000 4.007071
v -4.992925 4.350000 4.007060
v -4.992510 4.350000 4.006061
v -4.992825 4.350000 4.006819
v -4.992746 4.350000 4.006629
v -4.992847 4.350000 4.006875
v -4.992825 4.350000 4.006819
v -4.992906 4.350000 4.007016
v -4.993535 4.750000 4.007322
v -4.993371 4.750000 4.007254
v -4.993813 4.750000 4.007437
v -4.993535 4.750000 4.007322
v -4.999280 4.750000 4.009702
v -4.999116 4.750000 4.009634
v -4.999558 4.750000 4.009817
v -4.994141 4.750000 4.007573
v -4.993813 4.750000 4.007437
v -4.995454 4.750000 4.008117
v -4.998788 4.750000 4.009498
v -4.995454 4.750000 4.008117
v -4.993371 4.750000 4.007254
v -4.993232 4.750000 4.007196
v -4.999116 4.750000 4.009634
v -4.998788 4.750000 4.009498
v -4.999697 4.750000 4.009875
v -4.999558 4.750000 4.009817
v -4.993026 4.750000 4.007111
v -4.993024 4.750000 4.007111
v -4.993024 4.750000 4.007111
v -4.992929 4.750000 4.007071
v -4.993136 4.750000 4.007157
v -4.993026 4.750000 4.007111
v -4.993136 4.750000 4.007157
v -4.993136 4.750000 4.007157
v -4.993232 4.750000 4.007196
v -4.999903 4.750000 4.009960
v -4.999793 4.750000 4.009914
v -4.999793 4.750000 4.009914
v -4.999793 4.750000 4.009914
v -4.999793 4.750000 4.009914
v -4.999697 4.750000 4.009875
v -5.000000 4.750000 4.010000
v -4.999905 4.750000 4.009961
v -4.999905 4.750000 4.009961
v -4.999903 4.750000 4.009960
v -5.005785 4.750000 4.007604
v -5.000129 4.750000 4.009947
v -5.000129 4.750000 4.009947
v -5.000000 4.750000 4.010000
v -5.007071 4.750000 4.007071
v -4.990251 4.750000 4.000606
v -4.990183 4.750000 4.000442
v -4.990366 4.750000 4.000884
v -4.990251 4.750000 4.000606
v -4.992631 4.750000 4.006351
v -4.992563 4.750000 4.006187
v -4.992746 4.750000 4.006629
v -4.992631 4.750000 4.006351
v -4.990502 4.750000 4.001212
v -4.990366 4.750000 4.000884
v -4.991046 4.750000 4.002525
v -4.990502 4.750000 4.001212
v -4.992427 4.750000 4.005859
v -4.990126 4.750000 4.000303
v -4.992563 4.750000 4.006187
v -4.992427 4.750000 4.005859
v -4.992804 4.750000 4.006768
v -4.990040 4.750000 4.000097
v -4.990039 4.750000 4.000095
v -4.990039 4.750000 4.000095
v -4.990000 4.750000 4.000000
v -4.990086 4.750000 4.000207
v -4.990086 4.750000 4.000207
v -4.990086 4.750000 4.000207
v -4.990126 4.750000 4.000303
v -4.992843 4.750000 4.006863
v -4.992804 4.750000 4.006768
v -4.992889 4.750000 4.006974
v -4.992843 4.750000 4.006863
v -4.992843 4.750000 4.006863
v -4.992843 4.750000 4.006863
v -4.992929 4.750000 4.007071
v -4.992889 4.750000 4.006976
v -4.992889 4.750000 4.006974
v -4.992889 4.750000 4.006976
v -5.009734 4.350000 3.999357
v -5.010000 4.350000 4.000000
v -5.007071 4.350000 3.992929
v -5.009734 4.350000 3.999357
v -5.006629 4.412500 3.992746
v -5.006187 4.412500 3.992563
v -5.005303 4.412500 3.992197
v -5.006187 4.558333 3.992563
v -5.005303 4.558333 3.992197
v -5.006187 4.704166 3.992563
v -5.005303 4.704166 3.992197
v -5.006629 4.704166 3.992746
v -5.000884 4.412500 3.990366
v -5.000442 4.412500 3.990183
v -5.001768 4.412500 3.990732
v -5.001768 4.558333 3.990732
v -5.000884 4.558333 3.990366
v -5.001768 4.704166 3.990732
v -5.000884 4.704166 3.990366
v -5.000442 4.704166 3.990183
v -5.006250 4.350000 3.992589
v -5.006629 4.350000 3.992746
v -5.006187 4.350000 3.992563
v -5.006250 4.350000 3.992589
v -5.000505 4.350000 3.990209
v -5.000884 4.350000 3.990366
v -5.000442 4.350000 3.990183
v -5.000505 4.350000 3.990209
v -5.007048 4.350000 3.992919
v -5.007061 4.350000 3.992924
v -5.007061 4.350000 3.992924
v -5.007071 4.350000 3.992929
v -5.007016 4.350000 3.992906
v -5.007048 4.350000 3.992919
v -5.006819 4.350000 3.992824
v -5.006875 4.350000 3.992848
v -5.006061 4.350000 3.992511
v -5.006629 4.350000 3.992746
v -5.006819 4.350000 3.992824
v -5.006875 4.350000 3.992848
v -5.007016 4.350000 3.992906
v -5.001515 4.350000 3.990628
v -5.006061 4.350000 3.992511
v -5.001010 4.350000 3.990418
v -5.001515 4.350000 3.990628
v -5.000011 4.350000 3.990004
v -5.000023 4.350000 3.990009
v -5.000023 4.350000 3.990009
v -5.000055 4.350000 3.990022
v -5.000000 4.350000 3.990000
v -5.000011 4.350000 3.990004
v -5.000884 4.350000 3.990366
v -5.001010 4.350000 3.990418
v -5.000253 4.350000 3.990104
v -5.000196 4.350000 3.990081
v -5.000253 4.350000 3.990104
v -5.000055 4.350000 3.990022
v -5.000196 4.350000 3.990081
v -4.999357 4.350000 3.990266
v -5.000000 4.350000 3.990000
v -4.992929 4.350000 3.992929
v -4.999357 4.350000 3.990266
v -5.007604 4.750000 3.994215
v -5.009947 4.750000 3.999871
v -5.009947 4.750000 3.999871
v -5.010000 4.750000 4.000000
v -5.007071 4.750000 3.992929
v -5.007604 4.750000 3.994215
v -5.006465 4.750000 3.992678
v -5.006629 4.750000 3.992746
v -5.006187 4.750000 3.992563
v -5.006465 4.750000 3.992678
v -5.000720 4.750000 3.990298
v -5.000884 4.750000 3.990366
v -5.000442 4.750000 3.990183
v -5.000720 4.750000 3.990298
v -5.001212 4.750000 3.990502
v -5.004546 4.750000 3.991883
v -5.004546 4.750000 3.991883
v -5.005859 4.750000 3.992427
v -5.005859 4.750000 3.992427
v -5.006187 4.750000 3.992563
v -5.006768 4.750000 3.992803
v -5.000884 4.750000 3.990366
v -5.000303 4.750000 3.990125
v -5.000442 4.750000 3.990183
v -5.006863 4.750000 3.992843
v -5.006863 4.750000 3.992843
v -5.006974 4.750000 3.992889
v -5.006974 4.750000 3.992889
v -5.006976 4.750000 3.992889
v -5.006976 4.750000 3.992889
v -5.007071 4.750000 3.992929
v -5.006768 4.750000 3.992803
v -5.006863 4.750000 3.992843
v -5.000097 4.750000 3.990040
v -5.000207 4.750000 3.990086
v -5.000207 4.750000 3.990086
v -5.000207 4.750000 3.990086
v -5.000207 4.750000 3.990086
v -5.000303 4.750000 3.990125
v -5.000000 4.750000 3.990000
v -5.000095 4.750000 3.990039
v -5.000095 4.750000 3.990039
v -5.000097 4.750000 3.990040
v -4.994215 4.750000 3.992396
v -4.999871 4.750000 3.990053
v -4.999871 4.750000 3.990053
v -5.000000 4.750000 3.990000
v -4.992929 4.750000 3.992929
v -4.994215 4.750000 3.992396
v -5.007071 4.300000 2.507071
v -5.010000 4.300000 2.500000
v -5.007071 4.266666 2.507071
v -5.010000 4.266666 2.500000
v -5.009468 4.750000 2.501286
v -5.007071 4.750000 2.507071
v -5.010000 4.750000 2.500000
v -5.009468 4.750000 2.501286
v -4.992929 4.300000 2.492929
v -4.990000 4.300000 2.500000
v -4.992929 4.266666 2.492929
v -4.990000 4.266666 2.500000
v -4.990532 4.750000 2.498714
v -4.992929 4.750000 2.492929
v -4.990000 4.750000 2.500000
v -4.990532 4.750000 2.498714
v -5.000000 4.250000 2.500000
v -4.957573 4.350000 2.457574
v -4.940000 4.350000 2.500000
v -5.000000 4.250000 2.500000
v -4.940000 4.350000 2.500000
v -4.957573 4.350000 2.542426
v -5.000000 4.250000 2.500000
v -4.957573 4.350000 2.542426
v -5.000000 4.350000 2.560000
v -5.000000 4.250000 2.500000
v -5.000000 4.350000 2.560000
v -5.042426 4.350000 2.542426
v -5.000000 4.250000 2.500000
v -5.000000 4.350000 2.440000
v -4.957573 4.350000 2.457574
v -5.000000 4.250000 2.500000
v -5.042426 4.350000 2.457574
v -5.000000 4.350000 2.440000
v -5.000000 4.250000 2.500000
v -5.060000 4.350000 2.500000
v -5.042426 4.350000 2.457574
v -5.000000 4.250000 2.500000
v -5.042426 4.350000 2.542426
v -5.060000 4.350000 2.500000
v -5.060000 4.350000 2.500000
v -5.000000 4.350000 2.560000
v -4.957573 4.350000 2.542426
v -5.042426 4.350000 2.542426
v -4.940000 4.350000 2.500000
v -5.000000 4.350000 2.440000
v -4.957573 4.350000 2.457574
v -5.042426 4.350000 2.457574
v -4.993371 4.412500 2.507254
v -4.993813 4.412500 2.507437
v -4.994697 4.412500 2.507803
v -4.993813 4.558333 2.507437
v -4.994697 4.558333 2.507803
v -4.993813 4.704166 2.507437
v -4.994697 4.704166 2.507803
v -4.993371 4.704166 2.507254
v -4.999116 4.412500 2.509634
v -4.999558 4.412500 2.509817
v -4.998232 4.412500 2.509268
v -4.998232 4.558333 2.509268
v -4.999116 4.558333 2.509634
v -4.998232 4.704166 2.509268
v -4.999116 4.704166 2.509634
v -4.999558 4.704166 2.509817
v -4.993750 4.350000 2.507411
v -4.993371 4.350000 2.507254
v -4.993813 4.350000 2.507437
v -4.993750 4.350000 2.507411
v -4.999495 4.350000 2.509791
v -4.999116 4.350000 2.509634
v -4.999558 4.350000 2.509817
v -4.999495 4.350000 2.509791
v -4.992939 4.350000 2.507076
v -4.992929 4.350000 2.507071
v -4.992952 4.350000 2.507081
v -4.992939 4.350000 2.507076
v -4.992984 4.350000 2.507094
v -4.992952 4.350000 2.507081
v -4.993182 4.350000 2.507176
v -4.993125 4.350000 2.507152
v -4.998990 4.350000 2.509582
v -4.998485 4.350000 2.509372
v -4.998485 4.350000 2.509372
v -4.993939 4.350000 2.507489
v -4.993125 4.350000 2.507152
v -4.999989 4.350000 2.509996
v -4.999977 4.350000 2.509991
v -4.999977 4.350000 2.509991
v -4.999945 4.350000 2.509978
v -5.000000 4.350000 2.510000
v -4.999989 4.350000 2.509996
v -4.998990 4.350000 2.509582
v -4.999747 4.350000 2.509896
v -4.999804 4.350000 2.509919
v -4.999747 4.350000 2.509896
v -4.999945 4.350000 2.509978
v -5.000000 4.350000 2.510000
v -5.000643 4.350000 2.509734
v -5.007071 4.350000 2.507071
v -4.990183 4.412500 2.500442
v -4.990366 4.412500 2.500884
v -4.990732 4.412500 2.501768
v -4.990366 4.558333 2.500884
v -4.990732 4.558333 2.501768
v -4.990366 4.704166 2.500884
v -4.990732 4.704166 2.501768
v -4.990183 4.704166 2.500442
v -4.992563 4.412500 2.506187
v -4.992746 4.412500 2.506629
v -4.992197 4.412500 2.505303
v -4.992197 4.558333 2.505303
v -4.992563 4.558333 2.506187
v -4.992197 4.704166 2.505303
v -4.992563 4.704166 2.506187
v -4.992746 4.704166 2.506629
v -4.990340 4.350000 2.500821
v -4.990183 4.350000 2.500442
v -4.990366 4.350000 2.500884
v -4.990340 4.350000 2.500821
v -4.992720 4.350000 2.506566
v -4.992563 4.350000 2.506187
v -4.992746 4.350000 2.506629
v -4.992720 4.350000 2.506566
v -4.990005 4.350000 2.500011
v -4.990000 4.350000 2.500000
v -4.990010 4.350000 2.500023
v -4.990005 4.350000 2.500011
v -4.990023 4.350000 2.500055
v -4.990010 4.350000 2.500023
v -4.990105 4.350000 2.500252
v -4.990081 4.350000 2.500196
v -4.990628 4.350000 2.501515
v -4.990418 4.350000 2.501010
v -4.992510 4.350000 2.506061
v -4.990628 4.350000 2.501515
v -4.990418 4.350000 2.501010
v -4.990081 4.350000 2.500196
v -4.992919 4.350000 2.507048
v -4.992906 4.350000 2.507016
v -4.992925 4.350000 2.507060
v -4.992929 4.350000 2.507071
v -4.992925 4.350000 2.507060
v -4.992510 4.350000 2.506061
v -4.992825 4.350000 2.506819
v -4.992746 4.350000 2.506629
v -4.992847 4.350000 2.506875
v -4.992825 4.350000 2.506819
v -4.992906 4.350000 2.507016
v -4.993535 4.750000 2.507322
v -4.993371 4.750000 2.507254
v -4.993813 4.750000 2.507437
v -4.993535 4.750000 2.507322
v -4.999280 4.750000 2.509702
v -4.999116 4.750000 2.509634
v -4.999558 4.750000 2.509817
v -4.994141 4.750000 2.507573
v -4.993813 4.750000 2.507437
v -4.995454 4.750000 2.508117
v -4.998788 4.750000 2.509498
v -4.995454 4.750000 2.508117
v -4.993371 4.750000 2.507254
v -4.993232 4.750000 2.507197
v -4.999116 4.750000 2.509634
v -4.998788 4.750000 2.509498
v -4.999697 4.750000 2.509875
v -4.999558 4.750000 2.509817
v -4.993026 4.750000 2.507111
v -4.993024 4.750000 2.507111
v -4.993024 4.750000 2.507111
v -4.992929 4.750000 2.507071
v -4.993136 4.750000 2.507157
v -4.993026 4.750000 2.507111
v -4.993136 4.750000 2.507157
v -4.993136 4.750000 2.507157
v -4.993232 4.750000 2.507197
v -4.999903 4.750000 2.509960
v -4.999793 4.750000 2.509914
v -4.999793 4.750000 2.509914
v -4.999793 4.750000 2.509914
v -4.999793 4.750000 2.509914
v -4.999697 4.750000 2.509875
v -5.000000 4.750000 2.510000
v -4.999905 4.750000 2.509961
v -4.999905 4.750000 2.509961
v -4.999903 4.750000 2.509960
v -5.005785 4.750000 2.507604
v -5.000129 4.750000 2.509947
v -5.000129 4.750000 2.509947
v -5.000000 4.750000 2.510000
v -5.007071 4.750000 2.507071
v -4.990251 4.750000 2.500606
v -4.990183 4.750000 2.500442
v -4.990366 4.750000 2.500884
v -4.990251 4.750000 2.500606
v -4.992631 4.750000 2.506351
v -4.992563 4.750000 2.506187
v -4.992746 4.750000 2.506629
v -4.992631 4.750000 2.506351
v -4.990502 4.750000 2.501212
v -4.990366 4.750000 2.500884
v -4.991046 4.750000 2.502526
v -4.990502 4.750000 2.501212
v -4.992427 4.750000 2.505859
v -4.990126 4.750000 2.500303
v -4.992563 4.750000 2.506187
v -4.992427 4.750000 2.505859
v -4.992804 4.750000 2.506768
v -4.990040 4.750000 2.500097
v -4.990039 4.750000 2.500095
v -4.990039 4.750000 2.500095
v -4.990000 4.750000 2.500000
v -4.990086 4.750000 2.500207
v -4.990086 4.750000 2.500207
v -4.990086 4.750000 2.500207
v -4.990126 4.750000 2.500303
v -4.992843 4.750000 2.506863
v -4.992804 4.750000 2.506768
v -4.992889 4.750000 2.506974
v -4.992843 4.750000 2.506863
v -4.992843 4.750000 2.506863
v -4.992843 4.750000 2.506863
v -4.992929 4.750000 2.507071
v -4.992889 4.750000 2.506976
v -4.992889 4.750000 2.506974
v -4.992889 4.750000 2.506976
v -5.009734 4.350000 2.499357
v -5.010000 4.350000 2.500000
v -5.007071 4.350000 2.492929
v -5.009734 4.350000 2.499357
v -5.006629 4.412500 2.492746
v -5.006187 4.412500 2.492563
v -5.005303 4.412500 2.492197
v -5.006187 4.558333 2.492563
v -5.005303 4.558333 2.492197
v -5.006187 4.704166 2.492563
v -5.005303 4.704166 2.492197
v -5.006629 4.704166 2.492746
v -5.000884 4.412500 2.490366
v -5.000442 4.412500 2.490183
v -5.001768 4.412500 2.490732
v -5.001768 4.558333 2.490732
v -5.000884 4.558333 2.490366
v -5.001768 4.704166 2.490732
v -5.000884 4.704166 2.490366
v -5.000442 4.704166 2.490183
v -5.006250 4.350000 2.492589
v -5.006629 4.350000 2.492746
v -5.006187 4.350000 2.492563
v -5.006250 4.350000 2.492589
v -5.000505 4.350000 2.490209
v -5.000884 4.350000 2.490366
v -5.000442 4.350000 2.490183
v -5.000505 4.350000 2.490209
v -5.007048 4.350000 2.492919
v -5.007061 4.350000 2.492924
v -5.007061 4.350000 2.492924
v -5.007071 4.350000 2.492929
v -5.007016 4.350000 2.492906
v -5.007048 4.350000 2.492919
v -5.006819 4.350000 2.492824
v -5.006875 4.350000 2.492848
v -5.006061 4.350000 2.492511
v -5.006629 4.350000 2.492746
v -5.006819 4.350000 2.492824
v -5.006875 4.350000 2.492848
v -5.007016 4.350000 2.492906
v -5.001515 4.350000 2.490628
v -5.006061 4.350000 2.492511
v -5.001010 4.350000 2.490418
v -5.001515 4.350000 2.490628
v -5.000011 4.350000 2.490004
v -5.000023 4.350000 2.490009
v -5.000023 4.350000 2.490009
v -5.000055 4.350000 2.490022
v -5.000000 4.350000 2.490000
v -5.000011 4.350000 2.490004
v -5.000884 4.350000 2.490366
v -5.001010 4.350000 2.490418
v -5.000253 4.350000 2.490104
v -5.000196 4.350000 2.490081
v -5.000253 4.350000 2.490104
v -5.000055 4.350000 2.490022
v -5.000196 4.350000 2.490081
v -4.999357 4.350000 2.490266
v -5.000000 4.350000 2.490000
v -4.992929 4.350000 2.492929
v -4.999357 4.350000 2.490266
v -5.007604 4.750000 2.494215
v -5.009947 4.750000 2.499871
v -5.009947 4.750000 2.499871
v -5.010000 4.750000 2.500000
v -5.007071 4.750000 2.492929
v -5.007604 4.750000 2.494215
v -5.006465 4.750000 2.492678
v -5.006629 4.750000 2.492746
v -5.006187 4.750000 2.492563
v -5.006465 4.750000 2.492678
v -5.000720 4.750000 2.490298
v -5.000884 4.750000 2.490366
v -5.000442 4.750000 2.490183
v -5.000720 4.750000 2.490298
v -5.001212 4.750000 2.490502
v -5.004546 4.750000 2.491883
v -5.004546 4.750000 2.491883
v -5.005859 4.750000 2.492427
v -5.005859 4.750000 2.492427
v -5.006187 4.750000 2.492563
v -5.006768 4.750000 2.492803
v -5.000884 4.750000 2.490366
v -5.000303 4.750000 2.490125
v -5.000442 4.750000 2.490183
v -5.006863 4.750000 2.492843
v -5.006863 4.750000 2.492843
v -5.006974 4.750000 2.492889
v -5.006974 4.750000 2.492889
v -5.006976 4.750000 2.492889
v -5.006976 4.750000 2.492889
v -5.007071 4.750000 2.492929
v -5.006768 4.750000 2.492803
v -5.006863 4.750000 2.492843
v -5.000097 4.750000 2.490040
v -5.000207 4.750000 2.490086
v -5.000207 4.750000 2.490086
v -5.000207 4.750000 2.490086
v -5.000207 4.750000 2.490086
v -5.000303 4.750000 2.490125
v -5.000000 4.750000 2.490000
v -5.000095 4.750000 2.490039
v -5.000095 4.750000 2.490039
v -5.000097 4.750000 2.490040
v -4.994215 4.750000 2.492396
v -4.999871 4.750000 2.490053
v -4.999871 4.750000 2.490053
v -5.000000 4.750000 2.490000
v -4.992929 4.750000 2.492929
v -4.994215 4.750000 2.492396
v -4.007071 4.300000 2.507071
v -4.010000 4.300000 2.500000
v -4.007071 4.266666 2.507071
v -4.010000 4.266666 2.500000
v -4.009468 4.750000 2.501286
v -4.007071 4.750000 2.507071
v -4.010000 4.750000 2.500000
v -4.009468 4.750000 2.501286
v -3.992929 4.300000 2.492929
v -3.990000 4.300000 2.500000
v -3.992929 4.266666 2.492929
v -3.990000 4.266666 2.500000
v -3.990533 4.750000 2.498714
v -3.992929 4.750000 2.492929
v -3.990000 4.750000 2.500000
v -3.990533 4.750000 2.498714
v -4.000000 4.250000 2.500000
v -3.957574 4.350000 2.457574
v -3.940000 4.350000 2.500000
v -4.000000 4.250000 2.500000
v -3.940000 4.350000 2.500000
v -3.957574 4.350000 2.542426
v -4.000000 4.250000 2.500000
v -3.957574 4.350000 2.542426
v -4.000000 4.350000 2.560000
v -4.000000 4.250000 2.500000
v -4.000000 4.350000 2.560000
v -4.042426 4.350000 2.542426
v -4.000000 4.250000 2.500000
v -4.000000 4.350000 2.440000
v -3.957574 4.350000 2.457574
v -4.000000 4.250000 2.500000
v -4.042426 4.350000 2.457574
v -4.000000 4.350000 2.440000
v -4.000000 4.250000 2.500000
v -4.060000 4.350000 2.500000
v -4.042426 4.350000 2.457574
v -4.000000 4.250000 2.500000
v -4.042426 4.350000 2.542426
v -4.060000 4.350000 2.500000
v -4.060000 4.350000 2.500000
v -4.000000 4.350000 2.560000
v -3.957574 4.350000 2.542426
v -4.042426 4.350000 2.542426
v -3.940000 4.350000 2.500000
v -4.000000 4.350000 2.440000
v -3.957574 4.350000 2.457574
v -4.042426 4.350000 2.457574
v -3.993371 4.412500 2.507254
v -3.993813 4.412500 2.507437
v -3.994697 4.412500 2.507803
v -3.993813 4.558333 2.507437
v -3.994697 4.558333 2.507803
v -3.993813 4.704166 2.507437
v -3.994697 4.704166 2.507803
v -3.993371 4.704166 2.507254
v -3.999116 4.412500 2.509634
v -3.999558 4.412500 2.509817
v -3.998232 4.412500 2.509268
v -3.998232 4.558333 2.509268
v -3.999116 4.558333 2.509634
v -3.998232 4.704166 2.509268
v -3.999116 4.704166 2.509634
v -3.999558 4.704166 2.509817
v -3.993750 4.350000 2.507411
v -3.993371 4.350000 2.507254
v -3.993813 4.350000 2.507437
v -3.993750 4.350000 2.507411
v -3.999495 4.350000 2.509791
v -3.999116 4.350000 2.509634
v -3.999558 4.350000 2.509817
v -3.999495 4.350000 2.509791
v -3.992940 4.350000 2.507076
v -3.992929 4.350000 2.507071
v -3.992952 4.350000 2.507081
v -3.992940 4.350000 2.507076
v -3.992984 4.350000 2.507094
v -3.992952 4.350000 2.507081
v -3.993181 4.350000 2.507176
v -3.993125 4.350000 2.507152
v -3.998990 4.350000 2.509582
v -3.998485 4.350000 2.509372
v -3.998485 4.350000 2.509372
v -3.993939 4.350000 2.507489
v -3.993125 4.350000 2.507152
v -3.999989 4.350000 2.509996
v -3.999977 4.350000 2.509991
v -3.999977 4.350000 2.509991
v -3.999945 4.350000 2.509978
v -4.000000 4.350000 2.510000
v -3.999989 4.350000 2.509996
v -3.998990 4.350000 2.509582
v -3.999748 4.350000 2.509896
v -3.999804 4.350000 2.509919
v -3.999748 4.350000 2.509896
v -3.999945 4.350000 2.509978
v -4.000000 4.350000 2.510000
v -4.000643 4.350000 2.509734
v -4.007071 4.350000 2.507071
v -3.990183 4.412500 2.500442
v -3.990366 4.412500 2.500884
v -3.990732 4.412500 2.501768
v -3.990366 4.558333 2.500884
v -3.990732 4.558333 2.501768
v -3.990366 4.704166 2.500884
v -3.990732 4.704166 2.501768
v -3.990183 4.704166 2.500442
v -3.992563 4.412500 2.506187
v -3.992746 4.412500 2.506629
v -3.992197 4.412500 2.505303
v -3.992197 4.558333 2.505303
v -3.992563 4.558333 2.506187
v -3.992197 4.704166 2.505303
v -3.992563 4.704166 2.506187
v -3.992746 4.704166 2.506629
v -3.990340 4.350000 2.500821
v -3.990183 4.350000 2.500442
v -3.990366 4.350000 2.500884
v -3.990340 4.350000 2.500821
v -3.992720 4.350000 2.506566
v -3.992563 4.350000 2.506187
v -3.992746 4.350000 2.506629
v -3.992720 4.350000 2.506566
v -3.990005 4.350000 2.500011
v -3.990000 4.350000 2.500000
v -3.990010 4.350000 2.500023
v -3.990005 4.350000 2.500011
v -3.990023 4.350000 2.500055
v -3.990010 4.350000 2.500023
v -3.990105 4.350000 2.500252
v -3.990081 4.350000 2.500196
v -3.990628 4.350000 2.501515
v -3.990418 4.350000 2.501010
v -3.992511 4.350000 2.506061
v -3.990628 4.350000 2.501515
v -3.990418 4.350000 2.501010
v -3.990081 4.350000 2.500196
v -3.992919 4.350000 2.507048
v -3.992906 4.350000 2.507016
v -3.992924 4.350000 2.507060
v -3.992929 4.350000 2.507071
v -3.992924 4.350000 2.507060
v -3.992511 4.350000 2.506061
v -3.992824 4.350000 2.506819
v -3.992746 4.350000 2.506629
v -3.992848 4.350000 2.506875
v -3.992824 4.350000 2.506819
v -3.992906 4.350000 2.507016
v -3.993535 4.750000 2.507322
v -3.993371 4.750000 2.507254
v -3.993813 4.750000 2.507437
v -3.993535 4.750000 2.507322
v -3.999280 4.750000 2.509702
v -3.999116 4.750000 2.509634
v -3.999558 4.750000 2.509817
v -3.994141 4.750000 2.507573
v -3.993813 4.750000 2.507437
v -3.995454 4.750000 2.508117
v -3.998788 4.750000 2.509498
v -3.995454 4.750000 2.508117
v -3.993371 4.750000 2.507254
v -3.993232 4.750000 2.507197
v -3.999116 4.750000 2.509634
v -3.998788 4.750000 2.509498
v -3.999697 4.750000 2.509875
v -3.999558 4.750000 2.509817
v -3.993026 4.750000 2.507111
v -3.993024 4.750000 2.507111
v -3.993024 4.750000 2.507111
v -3.992929 4.750000 2.507071
v -3.993137 4.750000 2.507157
v -3.993026 4.750000 2.507111
v -3.993137 4.750000 2.507157
v -3.993137 4.750000 2.507157
v -3.993232 4.750000 2.507197
v -3.999903 4.750000 2.509960
v -3.999792 4.750000 2.509914
v -3.999792 4.750000 2.509914
v -3.999792 4.750000 2.509914
v -3.999792 4.750000 2.509914
v -3.999697 4.750000 2.509875
v -4.000000 4.750000 2.510000
v -3.999905 4.750000 2.509961
v -3.999905 4.750000 2.509961
v -3.999903 4.750000 2.509960
v -4.005785 4.750000 2.507604
v -4.000129 4.750000 2.509947
v -4.000129 4.750000 2.509947
v -4.000000 4.750000 2.510000
v -4.007071 4.750000 2.507071
v -3.990251 4.750000 2.500606
v -3.990183 4.750000 2.500442
v -3.990366 4.750000 2.500884
v -3.990251 4.750000 2.500606
v -3.992631 4.750000 2.506351
v -3.992563 4.750000 2.506187
v -3.992746 4.750000 2.506629
v -3.992631 4.750000 2.506351
v -3.990502 4.750000 2.501212
v -3.990366 4.750000 2.500884
v -3.991046 4.750000 2.502526
v -3.990502 4.750000 2.501212
v -3.992427 4.750000 2.505859
v -3.990125 4.750000 2.500303
v -3.992563 4.750000 2.506187
v -3.992427 4.750000 2.505859
v -3.992803 4.750000 2.506768
v -3.990040 4.750000 2.500097
v -3.990040 4.750000 2.500095
v -3.990040 4.750000 2.500095
v -3.990000 4.750000 2.500000
v -3.990086 4.750000 2.500207
v -3.990086 4.750000 2.500207
v -3.990086 4.750000 2.500207
v -3.990125 4.750000 2.500303
v -3.992843 4.750000 2.506863
v -3.992803 4.750000 2.506768
v -3.992889 4.750000 2.506974
v -3.992843 4.750000 2.506863
v -3.992843 4.750000 2.506863
v -3.992843 4.750000 2.506863
v -3.992929 4.750000 2.507071
v -3.992889 4.750000 2.506976
v -3.992889 4.750000 2.506974
v -3.992889 4.750000 2.506976
v -4.009734 4.350000 2.499357
v -4.010000 4.350000 2.500000
v -4.007071 4.350000 2.492929
v -4.009734 4.350000 2.499357
v -4.006629 4.412500 2.492746
v -4.006187 4.412500 2.492563
v -4.005303 4.412500 2.492197
v -4.006187 4.558333 2.492563
v -4.005303 4.558333 2.492197
v -4.006187 4.704166 2.492563
v -4.005303 4.704166 2.492197
v -4.006629 4.704166 2.492746
v -4.000884 4.412500 2.490366
v -4.000442 4.412500 2.490183
v -4.001768 4.412500 2.490732
v -4.001768 4.558333 2.490732
v -4.000884 4.558333 2.490366
v -4.001768 4.704166 2.490732
v -4.000884 4.704166 2.490366
v -4.000442 4.704166 2.490183
v -4.006250 4.350000 2.492589
v -4.006629 4.350000 2.492746
v -4.006187 4.350000 2.492563
v -4.006250 4.350000 2.492589
v -4.000505 4.350000 2.490209
v -4.000884 4.350000 2.490366
v -4.000442 4.350000 2.490183
v -4.000505 4.350000 2.490209
v -4.007048 4.350000 2.492919
v -4.007061 4.350000 2.492924
v -4.007061 4.350000 2.492924
v -4.007071 4.350000 2.492929
v -4.007016 4.350000 2.492906
v -4.007048 4.350000 2.492919
v -4.006819 4.350000 2.492824
v -4.006875 4.350000 2.492848
v -4.006061 4.350000 2.492511
v -4.006629 4.350000 2.492746
v -4.006819 4.350000 2.492824
v -4.006875 4.350000 2.492848
v -4.007016 4.350000 2.492906
v -4.001515 4.350000 2.490628
v -4.006061 4.350000 2.492511
v -4.001010 4.350000 2.490418
v -4.001515 4.350000 2.490628
v -4.000011 4.350000 2.490004
v -4.000023 4.350000 2.490009
v -4.000023 4.350000 2.490009
v -4.000055 4.350000 2.490022
v -4.000000 4.350000 2.490000
v -4.000011 4.350000 2.490004
v -4.000884 4.350000 2.490366
v -4.001010 4.350000 2.490418
v -4.000253 4.350000 2.490104
v -4.000196 4.350000 2.490081
v -4.000253 4.350000 2.490104
v -4.000055 4.350000 2.490022
v -4.000196 4.350000 2.490081
v -3.999357 4.350000 2.490266
v -4.000000 4.350000 2.490000
v -3.992929 4.350000 2.492929
v -3.999357 4.350000 2.490266
v -4.007604 4.750000 2.494215
v -4.009947 4.750000 2.499871
v -4.009947 4.750000 2.499871
v -4.010000 4.750000 2.500000
v -4.007071 4.750000 2.492929
v -4.007604 4.750000 2.494215
v -4.006465 4.750000 2.492678
v -4.006629 4.750000 2.492746
v -4.006187 4.750000 2.492563
v -4.006465 4.750000 2.492678
v -4.000720 4.750000 2.490298
v -4.000884 4.750000 2.490366
v -4.000442 4.750000 2.490183
v -4.000720 4.750000 2.490298
v -4.001212 4.750000 2.490502
v -4.004546 4.750000 2.491883
v -4.004546 4.750000 2.491883
v -4.005859 4.750000 2.492427
v -4.005859 4.750000 2.492427
v -4.006187 4.750000 2.492563
v -4.006768 4.750000 2.492803
v -4.000884 4.750000 2.490366
v -4.000303 4.750000 2.490125
v -4.000442 4.750000 2.490183
v -4.006863 4.750000 2.492843
v -4.006863 4.750000 2.492843
v -4.006974 4.750000 2.492889
v -4.006974 4.750000 2.492889
v -4.006976 4.750000 2.492889
v -4.006976 4.750000 2.492889
v -4.007071 4.750000 2.492929
v -4.006768 4.750000 2.492803
v -4.006863 4.750000 2.492843
v -4.000097 4.750000 2.490040
v -4.000207 4.750000 2.490086
v -4.000207 4.750000 2.490086
v -4.000207 4.750000 2.490086
v -4.000207 4.750000 2.490086
v -4.000303 4.750000 2.490125
v -4.000000 4.750000 2.490000
v -4.000095 4.750000 2.490039
v -4.000095 4.750000 2.490039
v -4.000097 4.750000 2.490040
v -3.994215 4.750000 2.492396
v -3.999871 4.750000 2.490053
v -3.999871 4.750000 2.490053
v -4.000000 4.750000 2.490000
v -3.992929 4.750000 2.492929
v -3.994215 4.750000 2.492396
v -4.007071 4.300000 4.007071
v -4.010000 4.300000 4.000000
v -4.007071 4.266666 4.007071
v -4.010000 4.266666 4.000000
v -4.009468 4.750000 4.001286
v -4.007071 4.750000 4.007071
v -4.010000 4.750000 4.000000
v -4.009468 4.750000 4.001286
v -3.992929 4.300000 3.992929
v -3.990000 4.300000 4.000000
v -3.992929 4.266666 3.992929
v -3.990000 4.266666 4.000000
v -3.990533 4.750000 3.998714
v -3.992929 4.750000 3.992929
v -3.990000 4.750000 4.000000
v -3.990533 4.750000 3.998714
v -4.000000 4.250000 4.000000
v -3.957574 4.350000 3.957574
v -3.940000 4.350000 4.000000
v -4.000000 4.250000 4.000000
v -3.940000 4.350000 4.000000
v -3.957574 4.350000 4.042426
v -4.000000 4.250000 4.000000
v -3.957574 4.350000 4.042426
v -4.000000 4.350000 4.060000
v -4.000000 4.250000 4.000000
v -4.000000 4.350000 4.060000
v -4.042426 4.350000 4.042426
v -4.000000 4.250000 4.000000
v -4.000000 4.350000 3.940000
v -3.957574 4.350000 3.957574
v -4.000000 4.250000 4.000000
v -4.042426 4.350000 3.957574
v -4.000000 4.350000 3.940000
v -4.000000 4.250000 4.000000
v -4.060000 4.350000 4.000000
v -4.042426 4.350000 3.957574
v -4.000000 4.250000 4.000000
v -4.042426 4.350000 4.042426
v -4.060000 4.350000 4.000000
v -4.060000 4.350000 4.000000
v -4.000000 4.350000 4.060000
v -3.957574 4.350000 4.042426
v -4.042426 4.350000 4.042426
v -3.940000 4.350000 4.000000
v -4.000000 4.350000 3.940000
v -3.957574 4.350000 3.957574
v -4.042426 4.350000 3.957574
v -3.993371 4.412500 4.007254
v -3.993813 4.412500 4.007437
v -3.994697 4.412500 4.007803
v -3.993813 4.558333 4.007437
v -3.994697 4.558333 4.007803
v -3.993813 4.704166 4.007437
v -3.994697 4.704166 4.007803
v -3.993371 4.704166 4.007254
v -3.999116 4.412500 4.009634
v -3.999558 4.412500 4.009817
v -3.998232 4.412500 4.009268
v -3.998232 4.558333 4.009268
v -3.999116 4.558333 4.009634
v -3.998232 4.704166 4.009268
v -3.999116 4.704166 4.009634
v -3.999558 4.704166 4.009817
v -3.993750 4.350000 4.007411
v -3.993371 4.350000 4.007254
v -3.993813 4.350000 4.007437
v -3.993750 4.350000 4.007411
v -3.999495 4.350000 4.009791
v -3.999116 4.350000 4.009634
v -3.999558 4.350000 4.009817
v -3.999495 4.350000 4.009791
v -3.992940 4.350000 4.007075
v -3.992929 4.350000 4.007071
v -3.992952 4.350000 4.007081
v -3.992940 4.350000 4.007075
v -3.992984 4.350000 4.007094
v -3.992952 4.350000 4.007081
v -3.993181 4.350000 4.007175
v -3.993125 4.350000 4.007153
v -3.998990 4.350000 4.009582
v -3.998485 4.350000 4.009373
v -3.998485 4.350000 4.009373
v -3.993939 4.350000 4.007490
v -3.993125 4.350000 4.007153
v -3.999989 4.350000 4.009996
v -3.999977 4.350000 4.009991
v -3.999977 4.350000 4.009991
v -3.999945 4.350000 4.009977
v -4.000000 4.350000 4.010000
v -3.999989 4.350000 4.009996
v -3.998990 4.350000 4.009582
v -3.999748 4.350000 4.009896
v -3.999804 4.350000 4.009919
v -3.999748 4.350000 4.009896
v -3.999945 4.350000 4.009977
v -4.000000 4.350000 4.010000
v -4.000643 4.350000 4.009734
v -4.007071 4.350000 4.007071
v -3.990183 4.412500 4.000442
v -3.990366 4.412500 4.000884
v -3.990732 4.412500 4.001768
v -3.990366 4.558333 4.000884
v -3.990732 4.558333 4.001768
v -3.990366 4.704166 4.000884
v -3.990732 4.704166 4.001768
v -3.990183 4.704166 4.000442
v -3.992563 4.412500 4.006187
v -3.992746 4.412500 4.006629
v -3.992197 4.412500 4.005303
v -3.992197 4.558333 4.005303
v -3.992563 4.558333 4.006187
v -3.992197 4.704166 4.005303
v -3.992563 4.704166 4.006187
v -3.992746 4.704166 4.006629
v -3.990340 4.350000 4.000821
v -3.990183 4.350000 4.000442
v -3.990366 4.350000 4.000884
v -3.990340 4.350000 4.000821
v -3.992720 4.350000 4.006566
v -3.992563 4.350000 4.006187
v -3.992746 4.350000 4.006629
v -3.992720 4.350000 4.006566
v -3.990005 4.350000 4.000011
v -3.990000 4.350000 4.000000
v -3.990010 4.350000 4.000023
v -3.990005 4.350000 4.000011
v -3.990023 4.350000 4.000055
v -3.990010 4.350000 4.000023
v -3.990105 4.350000 4.000252
v -3.990081 4.350000 4.000196
v -3.990628 4.350000 4.001515
v -3.990418 4.350000 4.001010
v -3.992511 4.350000 4.006061
v -3.990628 4.350000 4.001515
v -3.990418 4.350000 4.001010
v -3.990081 4.350000 4.000196
v -3.992919 4.350000 4.007048
v -3.992906 4.350000 4.007016
v -3.992924 4.350000 4.007060
v -3.992929 4.350000 4.007071
v -3.992924 4.350000 4.007060
v -3.992511 4.350000 4.006061
v -3.992824 4.350000 4.006819
v -3.992746 4.350000 4.006629
v -3.992848 4.350000 4.006875
v -3.992824 4.350000 4.006819
v -3.992906 4.350000 4.007016
v -3.993535 4.750000 4.007322
v -3.993371 4.750000 4.007254
v -3.993813 4.750000 4.007437
v -3.993535 4.750000 4.007322
v -3.999280 4.750000 4.009702
v -3.999116 4.750000 4.009634
v -3.999558 4.750000 4.009817
v -3.994141 4.750000 4.007573
v -3.993813 4.750000 4.007437
v -3.995454 4.750000 4.008117
v -3.998788 4.750000 4.009498
v -3.995454 4.750000 4.008117
v -3.993371 4.750000 4.007254
v -3.993232 4.750000 4.007196
v -3.999116 4.750000 4.009634
v -3.998788 4.750000 4.009498
v -3.999697 4.750000 4.009875
v -3.999558 4.750000 4.009817
v -3.993026 4.750000 4.007111
v -3.993024 4.750000 4.007111
v -3.993024 4.750000 4.007111
v -3.992929 4.750000 4.007071
v -3.993137 4.750000 4.007157
v -3.993026 4.750000 4.007111
v -3.993137 4.750000 4.007157
v -3.993137 4.750000 4.007157
v -3.993232 4.750000 4.007196
v -3.999903 4.750000 4.009960
v -3.999792 4.750000 4.009914
v -3.999792 4.750000 4.009914
v -3.999792 4.750000 4.009914
v -3.999792 4.750000 4.009914
v -3.999697 4.750000 4.009875
v -4.000000 4.750000 4.010000
v -3.999905 4.750000 4.009961
v -3.999905 4.750000 4.009961
v -3.999903 4.750000 4.009960
v -4.005785 4.750000 4.007604
v -4.000129 4.750000 4.009947
v -4.000129 4.750000 4.009947
v -4.000000 4.750000 4.010000
v -4.007071 4.750000 4.007071
v -3.990251 4.750000 4.000606
v -3.990183 4.750000 4.000442
v -3.990366 4.750000 4.000884
v -3.990251 4.750000 4.000606
v -3.992631 4.750000 4.006351
v -3.992563 4.750000 4.006187
v -3.992746 4.750000 4.006629
v -3.992631 4.750000 4.006351
v -3.990502 4.750000 4.001212
v -3.990366 4.750000 4.000884
v -3.991046 4.750000 4.002525
v -3.990502 4.750000 4.001212
v -3.992427 4.750000 4.005859
v -3.990125 4.750000 4.000303
v -3.992563 4.750000 4.006187
v -3.992427 4.750000 4.005859
v -3.992803 4.750000 4.006768
v -3.990040 4.750000 4.000097
v -3.990040 4.750000 4.000095
v -3.990040 4.750000 4.000095
v -3.990000 4.750000 4.000000
v -3.990086 4.750000 4.000207
v -3.990086 4.750000 4.000208
v -3.990086 4.750000 4.000207
v -3.990125 4.750000 4.000303
v -3.992843 4.750000 4.006863
v -3.992803 4.750000 4.006768
v -3.992889 4.750000 4.006974
v -3.992843 4.750000 4.006864
v -3.992843 4.750000 4.006864
v -3.992843 4.750000 4.006863
v -3.992929 4.750000 4.007071
v -3.992889 4.750000 4.006976
v -3.992889 4.750000 4.006974
v -3.992889 4.750000 4.006976
v -4.009734 4.350000 3.999357
v -4.010000 4.350000 4.000000
v -4.007071 4.350000 3.992929
v -4.009734 4.350000 3.999357
v -4.006629 4.412500 3.992746
v -4.006187 4.412500 3.992563
v -4.005303 4.412500 3.992197
v -4.006187 4.558333 3.992563
v -4.005303 4.558333 3.992197
v -4.006187 4.704166 3.992563
v -4.005303 4.704166 3.992197
v -4.006629 4.704166 3.992746
v -4.000884 4.412500 3.990366
v -4.000442 4.412500 3.990183
v -4.001768 4.412500 3.990732
v -4.001768 4.558333 3.990732
v -4.000884 4.558333 3.990366
v -4.001768 4.704166 3.990732
v -4.000884 4.704166 3.990366
v -4.000442 4.704166 3.990183
v -4.006250 4.350000 3.992589
v -4.006629 4.350000 3.992746
v -4.006187 4.350000 3.992563
v -4.006250 4.350000 3.992589
v -4.000505 4.350000 3.990209
v -4.000884 4.350000 3.990366
v -4.000442 4.350000 3.990183
v -4.000505 4.350000 3.990209
v -4.007048 4.350000 3.992919
v -4.007061 4.350000 3.992924
v -4.007061 4.350000 3.992924
v -4.007071 4.350000 3.992929
v -4.007016 4.350000 3.992906
v -4.007048 4.350000 3.992919
v -4.006819 4.350000 3.992824
v -4.006875 4.350000 3.992848
v -4.006061 4.350000 3.992511
v -4.006629 4.350000 3.992746
v -4.006819 4.350000 3.992824
v -4.006875 4.350000 3.992848
v -4.007016 4.350000 3.992906
v -4.001515 4.350000 3.990628
v -4.006061 4.350000 3.992511
v -4.001010 4.350000 3.990418
v -4.001515 4.350000 3.990628
v -4.000011 4.350000 3.990004
v -4.000023 4.350000 3.990009
v -4.000023 4.350000 3.990009
v -4.000055 4.350000 3.990022
v -4.000000 4.350000 3.990000
v -4.000011 4.350000 3.990004
v -4.000884 4.350000 3.990366
v -4.001010 4.350000 3.990418
v -4.000253 4.350000 3.990104
v -4.000196 4.350000 3.990081
v -4.000253 4.350000 3.990104
v -4.000055 4.350000 3.990022
v -4.000196 4.350000 3.990081
v -3.999357 4.350000 3.990266
v -4.000000 4.350000 3.990000
v -3.992929 4.350000 3.992929
v -3.999357 4.350000 3.990266
v -4.007604 4.750000 3.994215
v -4.009947 4.750000 3.999871
v -4.009947 4.750000 3.999871
v -4.010000 4.750000 4.000000
v -4.007071 4.750000 3.992929
v -4.007604 4.750000 3.994215
v -4.006465 4.750000 3.992678
v -4.006629 4.750000 3.992746
v -4.006187 4.750000 3.992563
v -4.006465 4.750000 3.992678
v -4.000720 4.750000 3.990298
v -4.000884 4.750000 3.990366
v -4.000442 4.750000 3.990183
v -4.000720 4.750000 3.990298
v -4.001212 4.750000 3.990502
v -4.004546 4.750000 3.991883
v -4.004546 4.750000 3.991883
v -4.005859 4.750000 3.992427
v -4.005859 4.750000 3.992427
v -4.006187 4.750000 3.992563
v -4.006768 4.750000 3.992803
v -4.000884 4.750000 3.990366
v -4.000303 4.750000 3.990125
v -4.000442 4.750000 3.990183
v -4.006863 4.750000 3.992843
v -4.006863 4.750000 3.992843
v -4.006974 4.750000 3.992889
v -4.006974 4.750000 3.992889
v -4.006976 4.750000 3.992889
v -4.006976 4.750000 3.992889
v -4.007071 4.750000 3.992929
v -4.006768 4.750000 3.992803
v -4.006863 4.750000 3.992843
v -4.000097 4.750000 3.990040
v -4.000207 4.750000 3.990086
v -4.000207 4.750000 3.990086
v -4.000207 4.750000 3.990086
v -4.000207 4.750000 3.990086
v -4.000303 4.750000 3.990125
v -4.000000 4.750000 3.990000
v -4.000095 4.750000 3.990039
v -4.000095 4.750000 3.990039
v -4.000097 4.750000 3.990040
v -3.994215 4.750000 3.992396
v -3.999871 4.750000 3.990053
v -3.999871 4.750000 3.990053
v -4.000000 4.750000 3.990000
v -3.992929 4.750000 3.992929
v -3.994215 4.750000 3.992396
v -4.007071 4.300000 5.507071
v -4.010000 4.300000 5.500000
v -4.007071 4.266666 5.507071
v -4.010000 4.266666 5.500000
v -4.009468 4.750000 5.501286
v -4.007071 4.750000 5.507071
v -4.010000 4.750000 5.500000
v -4.009468 4.750000 5.501286
v -3.992929 4.300000 5.492929
v -3.990000 4.300000 5.500000
v -3.992929 4.266666 5.492929
v -3.990000 4.266666 5.500000
v -3.990533 4.750000 5.498714
v -3.992929 4.750000 5.492929
v -3.990000 4.750000 5.500000
v -3.990533 4.750000 5.498714
v -4.000000 4.250000 5.500000
v -3.957574 4.350000 5.457574
v -3.940000 4.350000 5.500000
v -4.000000 4.250000 5.500000
v -3.940000 4.350000 5.500000
v -3.957574 4.350000 5.542426
v -4.000000 4.250000 5.500000
v -3.957574 4.350000 5.542426
v -4.000000 4.350000 5.560000
v -4.000000 4.250000 5.500000
v -4.000000 4.350000 5.560000
v -4.042426 4.350000 5.542426
v -4.000000 4.250000 5.500000
v -4.000000 4.350000 5.440000
v -3.957574 4.350000 5.457574
v -4.000000 4.250000 5.500000
v -4.042426 4.350000 5.457574
v -4.000000 4.350000 5.440000
v -4.000000 4.250000 5.500000
v -4.060000 4.350000 5.500000
v -4.042426 4.350000 5.457574
v -4.000000 4.250000 5.500000
v -4.042426 4.350000 5.542426
v -4.060000 4.350000 5.500000
v -4.060000 4.350000 5.500000
v -4.000000 4.350000 5.560000
v -3.957574 4.350000 5.542426
v -4.042426 4.350000 5.542426
v -3.940000 4.350000 5.500000
v -4.000000 4.350000 5.440000
v -3.957574 4.350000 5.457574
v -4.042426 4.350000 5.457574
v -3.993371 4.412500 5.507254
v -3.993813 4.412500 5.507437
v -3.994697 4.412500 5.507803
v -3.993813 4.558333 5.507437
v -3.994697 4.558333 5.507803
v -3.993813 4.704166 5.507437
v -3.994697 4.704166 5.507803
v -3.993371 4.704166 5.507254
v -3.999116 4.412500 5.509634
v -3.999558 4.412500 5.509817
v -3.998232 4.412500 5.509268
v -3.998232 4.558333 5.509268
v -3.999116 4.558333 5.509634
v -3.998232 4.704166 5.509268
v -3.999116 4.704166 5.509634
v -3.999558 4.704166 5.509817
v -3.993750 4.350000 5.507411
v -3.993371 4.350000 5.507254
v -3.993813 4.350000 5.507437
v -3.993750 4.350000 5.507411
v -3.999495 4.350000 5.509791
v -3.999116 4.350000 5.509634
v -3.999558 4.350000 5.509817
v -3.999495 4.350000 5.509791
v -3.992940 4.350000 5.507075
v -3.992929 4.350000 5.507071
v -3.992952 4.350000 5.507081
v -3.992940 4.350000 5.507075
v -3.992984 4.350000 5.507094
v -3.992952 4.350000 5.507081
v -3.993181 4.350000 5.507175
v -3.993125 4.350000 5.507153
v -3.998990 4.350000 5.509582
v -3.998485 4.350000 5.509373
v -3.998485 4.350000 5.509373
v -3.993939 4.350000 5.507490
v -3.993125 4.350000 5.507153
v -3.999989 4.350000 5.509996
v -3.999977 4.350000 5.509991
v -3.999977 4.350000 5.509991
v -3.999945 4.350000 5.509977
v -4.000000 4.350000 5.510000
v -3.999989 4.350000 5.509996
v -3.998990 4.350000 5.509582
v -3.999748 4.350000 5.509896
v -3.999804 4.350000 5.509919
v -3.999748 4.350000 5.509896
v -3.999945 4.350000 5.509977
v -4.000000 4.350000 5.510000
v -4.000643 4.350000 5.509734
v -4.007071 4.350000 5.507071
v -3.990183 4.412500 5.500442
v -3.990366 4.412500 5.500884
v -3.990732 4.412500 5.501768
v -3.990366 4.558333 5.500884
v -3.990732 4.558333 5.501768
v -3.990366 4.704166 5.500884
v -3.990732 4.704166 5.501768
v -3.990183 4.704166 5.500442
v -3.992563 4.412500 5.506187
v -3.992746 4.412500 5.506629
v -3.992197 4.412500 5.505303
v -3.992197 4.558333 5.505303
v -3.992563 4.558333 5.506187
v -3.992197 4.704166 5.505303
v -3.992563 4.704166 5.506187
v -3.992746 4.704166 5.506629
v -3.990340 4.350000 5.500821
v -3.990183 4.350000 5.500442
v -3.990366 4.350000 5.500884
v -3.990340 4.350000 5.500821
v -3.992720 4.350000 5.506566
v -3.992563 4.350000 5.506187
v -3.992746 4.350000 5.506629
v -3.992720 4.350000 5.506566
v -3.990005 4.350000 5.500011
v -3.990000 4.350000 5.500000
v -3.990010 4.350000 5.500023
v -3.990005 4.350000 5.500011
v -3.990023 4.350000 5.500055
v -3.990010 4.350000 5.500023
v -3.990105 4.350000 5.500252
v -3.990081 4.350000 5.500196
v -3.990628 4.350000 5.501515
v -3.990418 4.350000 5.501010
v -3.992511 4.350000 5.506061
v -3.990628 4.350000 5.501515
v -3.990418 4.350000 5.501010
v -3.990081 4.350000 5.500196
v -3.992919 4.350000 5.507048
v -3.992906 4.350000 5.507016
v -3.992924 4.350000 5.507060
v -3.992929 4.350000 5.507071
v -3.992924 4.350000 5.507060
v -3.992511 4.350000 5.506061
v -3.992824 4.350000 5.506819
v -3.992746 4.350000 5.506629
v -3.992848 4.350000 5.506875
v -3.992824 4.350000 5.506819
v -3.992906 4.350000 5.507016
v -3.993535 4.750000 5.507322
v -3.993371 4.750000 5.507254
v -3.993813 4.750000 5.507437
v -3.993535 4.750000 5.507322
v -3.999280 4.750000 5.509702
v -3.999116 4.750000 5.509634
v -3.999558 4.750000 5.509817
v -3.994141 4.750000 5.507573
v -3.993813 4.750000 5.507437
v -3.995454 4.750000 5.508117
v -3.998788 4.750000 5.509498
v -3.995454 4.750000 5.508117
v -3.993371 4.750000 5.507254
v -3.993232 4.750000 5.507196
v -3.999116 4.750000 5.509634
v -3.998788 4.750000 5.509498
v -3.999697 4.750000 5.509875
v -3.999558 4.750000 5.509817
v -3.993026 4.750000 5.507111
v -3.993024 4.750000 5.507111
v -3.993024 4.750000 5.507111
v -3.992929 4.750000 5.507071
v -3.993137 4.750000 5.507157
v -3.993026 4.750000 5.507111
v -3.993137 4.750000 5.507157
v -3.993137 4.750000 5.507157
v -3.993232 4.750000 5.507196
v -3.999903 4.750000 5.509960
v -3.999792 4.750000 5.509914
v -3.999792 4.750000 5.509914
v -3.999792 4.750000 5.509914
v -3.999792 4.750000 5.509914
v -3.999697 4.750000 5.509875
v -4.000000 4.750000 5.510000
v -3.999905 4.750000 5.509961
v -3.999905 4.750000 5.509961
v -3.999903 4.750000 5.509960
v -4.005785 4.750000 5.507604
v -4.000129 4.750000 5.509947
v -4.000129 4.750000 5.509947
v -4.000000 4.750000 5.510000
v -4.007071 4.750000 5.507071
v -3.990251 4.750000 5.500606
v -3.990183 4.750000 5.500442
v -3.990366 4.750000 5.500884
v -3.990251 4.750000 5.500606
v -3.992631 4.750000 5.506351
v -3.992563 4.750000 5.506187
v -3.992746 4.750000 5.506629
v -3.992631 4.750000 5.506351
v -3.990502 4.750000 5.501212
v -3.990366 4.750000 5.500884
v -3.991046 4.750000 5.502525
v -3.990502 4.750000 5.501212
v -3.992427 4.750000 5.505859
v -3.990125 4.750000 5.500303
v -3.992563 4.750000 5.506187
v -3.992427 4.750000 5.505859
v -3.992803 4.750000 5.506768
v -3.990040 4.750000 5.500097
v -3.990040 4.750000 5.500095
v -3.990040 4.750000 5.500095
v -3.990000 4.750000 5.500000
v -3.990086 4.750000 5.500207
v -3.990086 4.750000 5.500208
v -3.990086 4.750000 5.500207
v -3.990125 4.750000 5.500303
v -3.992843 4.750000 5.506863
v -3.992803 4.750000 5.506768
v -3.992889 4.750000 5.506974
v -3.992843 4.750000 5.506864
v -3.992843 4.750000 5.506864
v -3.992843 4.750000 5.506863
v -3.992929 4.750000 5.507071
v -3.992889 4.750000 5.506976
v -3.992889 4.750000 5.506974
v -3.992889 4.750000 5.506976
v -4.009734 4.350000 5.499357
v -4.010000 4.350000 5.500000
v -4.007071 4.350000 5.492929
v -4.009734 4.350000 5.499357
v -4.006629 4.412500 5.492746
v -4.006187 4.412500 5.492563
v -4.005303 4.412500 5.492197
v -4.006187 4.558333 5.492563
v -4.005303 4.558333 5.492197
v -4.006187 4.704166 5.492563
v -4.005303 4.704166 5.492197
v -4.006629 4.704166 5.492746
v -4.000884 4.412500 5.490366
v -4.000442 4.412500 5.490183
v -4.001768 4.412500 5.490732
v -4.001768 4.558333 5.490732
v -4.000884 4.558333 5.490366
v -4.001768 4.704166 5.490732
v -4.000884 4.704166 5.490366
v -4.000442 4.704166 5.490183
v -4.006250 4.350000 5.492589
v -4.006629 4.350000 5.492746
v -4.006187 4.350000 5.492563
v -4.006250 4.350000 5.492589
v -4.000505 4.350000 5.490209
v -4.000884 4.350000 5.490366
v -4.000442 4.350000 5.490183
v -4.000505 4.350000 5.490209
v -4.007048 4.350000 5.492919
v -4.007061 4.350000 5.492925
v -4.007061 4.350000 5.492925
v -4.007071 4.350000 5.492929
v -4.007016 4.350000 5.492906
v -4.007048 4.350000 5.492919
v -4.006819 4.350000 5.492825
v -4.006875 4.350000 5.492847
v -4.006061 4.350000 5.492510
v -4.006629 4.350000 5.492746
v -4.006819 4.350000 5.492825
v -4.006875 4.350000 5.492847
v -4.007016 4.350000 5.492906
v -4.001515 4.350000 5.490627
v -4.006061 4.350000 5.492510
v -4.001010 4.350000 5.490418
v -4.001515 4.350000 5.490627
v -4.000011 4.350000 5.490004
v -4.000023 4.350000 5.490009
v -4.000023 4.350000 5.490009
v -4.000055 4.350000 5.490023
v -4.000000 4.350000 5.490000
v -4.000011 4.350000 5.490004
v -4.000884 4.350000 5.490366
v -4.001010 4.350000 5.490418
v -4.000253 4.350000 5.490104
v -4.000196 4.350000 5.490081
v -4.000253 4.350000 5.490104
v -4.000055 4.350000 5.490023
v -4.000196 4.350000 5.490081
v -3.999357 4.350000 5.490266
v -4.000000 4.350000 5.490000
v -3.992929 4.350000 5.492929
v -3.999357 4.350000 5.490266
v -4.007604 4.750000 5.494215
v -4.009947 4.750000 5.499871
v -4.009947 4.750000 5.499871
v -4.010000 4.750000 5.500000
v -4.007071 4.750000 5.492929
v -4.007604 4.750000 5.494215
v -4.006465 4.750000 5.492678
v -4.006629 4.750000 5.492746
v -4.006187 4.750000 5.492563
v -4.006465 4.750000 5.492678
v -4.000720 4.750000 5.490298
v -4.000884 4.750000 5.490366
v -4.000442 4.750000 5.490183
v -4.000720 4.750000 5.490298
v -4.001212 4.750000 5.490502
v -4.004546 4.750000 5.491883
v -4.004546 4.750000 5.491883
v -4.005859 4.750000 5.492427
v -4.005859 4.750000 5.492427
v -4.006187 4.750000 5.492563
v -4.006768 4.750000 5.492804
v -4.000884 4.750000 5.490366
v -4.000303 4.750000 5.490125
v -4.000442 4.750000 5.490183
v -4.006863 4.750000 5.492843
v -4.006863 4.750000 5.492843
v -4.006974 4.750000 5.492889
v -4.006974 4.750000 5.492889
v -4.006976 4.750000 5.492889
v -4.006976 4.750000 5.492889
v -4.007071 4.750000 5.492929
v -4.006768 4.750000 5.492804
v -4.006863 4.750000 5.492843
v -4.000097 4.750000 5.490040
v -4.000207 4.750000 5.490086
v -4.000207 4.750000 5.490086
v -4.000207 4.750000 5.490086
v -4.000207 4.750000 5.490086
v -4.000303 4.750000 5.490125
v -4.000000 4.750000 5.490000
v -4.000095 4.750000 5.490039
v -4.000095 4.750000 5.490039
v -4.000097 4.750000 5.490040
v -3.994215 4.750000 5.492396
v -3.999871 4.750000 5.490053
v -3.999871 4.750000 5.490053
v -4.000000 4.750000 5.490000
v -3.992929 4.750000 5.492929
v -3.994215 4.750000 5.492396
v -5.007071 3.550000 5.507071
v -5.010000 3.550000 5.500000
v -5.007071 3.516667 5.507071
v -5.010000 3.516667 5.500000
v -5.009468 4.000000 5.501286
v -5.007071 4.000000 5.507071
v -5.010000 4.000000 5.500000
v -5.009468 4.000000 5.501286
v -4.992929 3.550000 5.492929
v -4.990000 3.550000 5.500000
v -4.992929 3.516667 5.492929
v -4.990000 3.516667 5.500000
v -4.990532 4.000000 5.498714
v -4.992929 4.000000 5.492929
v -4.990000 4.000000 5.500000
v -4.990532 4.000000 5.498714
v -5.000000 3.500000 5.500000
v -4.957573 3.600000 5.457574
v -4.940000 3.600000 5.500000
v -5.000000 3.500000 5.500000
v -4.940000 3.600000 5.500000
v -4.957573 3.600000 5.542426
v -5.000000 3.500000 5.500000
v -4.957573 3.600000 5.542426
v -5.000000 3.600000 5.560000
v -5.000000 3.500000 5.500000
v -5.000000 3.600000 5.560000
v -5.042426 3.600000 5.542426
v -5.000000 3.500000 5.500000
v -5.000000 3.600000 5.440000
v -4.957573 3.600000 5.457574
v -5.000000 3.500000 5.500000
v -5.042426 3.600000 5.457574
v -5.000000 3.600000 5.440000
v -5.000000 3.500000 5.500000
v -5.060000 3.600000 5.500000
v -5.042426 3.600000 5.457574
v -5.000000 3.500000 5.500000
v -5.042426 3.600000 5.542426
v -5.060000 3.600000 5.500000
v -5.060000 3.600000 5.500000
v -5.000000 3.600000 5.560000
v -4.957573 3.600000 5.542426
v -5.042426 3.600000 5.542426
v -4.940000 3.600000 5.500000
v -5.000000 3.600000 5.440000
v -4.957573 3.600000 5.457574
v -5.042426 3.600000 5.457574
v -4.993371 3.662500 5.507254
v -4.993813 3.662500 5.507437
v -4.994697 3.662500 5.507803
v -4.993813 3.808333 5.507437
v -4.994697 3.808333 5.507803
v -4.993813 3.954167 5.507437
v -4.994697 3.954167 5.507803
v -4.993371 3.954167 5.507254
v -4.999116 3.662500 5.509634
v -4.999558 3.662500 5.509817
v -4.998232 3.662500 5.509268
v -4.998232 3.808333 5.509268
v -4.999116 3.808333 5.509634
v -4.998232 3.954167 5.509268
v -4.999116 3.954167 5.509634
v -4.999558 3.954167 5.509817
v -4.993750 3.600000 5.507411
v -4.993371 3.600000 5.507254
v -4.993813 3.600000 5.507437
v -4.993750 3.600000 5.507411
v -4.999495 3.600000 5.509791
v -4.999116 3.600000 5.509634
v -4.999558 3.600000 5.509817
v -4.999495 3.600000 5.509791
v -4.992939 3.600000 5.507075
v -4.992929 3.600000 5.507071
v -4.992952 3.600000 5.507081
v -4.992939 3.600000 5.507075
v -4.992984 3.600000 5.507094
v -4.992952 3.600000 5.507081
v -4.993182 3.600000 5.507175
v -4.993125 3.600000 5.507153
v -4.998990 3.600000 5.509582
v -4.998485 3.600000 5.509373
v -4.998485 3.600000 5.509373
v -4.993939 3.600000 5.507490
v -4.993125 3.600000 5.507153
v -4.999989 3.600000 5.509996
v -4.999977 3.600000 5.509991
v -4.999977 3.600000 5.509991
v -4.999945 3.600000 5.509977
v -5.000000 3.600000 5.510000
v -4.999989 3.600000 5.509996
v -4.998990 3.600000 5.509582
v -4.999747 3.600000 5.509896
v -4.999804 3.600000 5.509919
v -4.999747 3.600000 5.509896
v -4.999945 3.600000 5.509977
v -5.000000 3.600000 5.510000
v -5.000643 3.600000 5.509734
v -5.007071 3.600000 5.507071
v -4.990183 3.662500 5.500442
v -4.990366 3.662500 5.500884
v -4.990732 3.662500 5.501768
v -4.990366 3.808333 5.500884
v -4.990732 3.808333 5.501768
v -4.990366 3.954167 5.500884
v -4.990732 3.954167 5.501768
v -4.990183 3.954167 5.500442
v -4.992563 3.662500 5.506187
v -4.992746 3.662500 5.506629
v -4.992197 3.662500 5.505303
v -4.992197 3.808333 5.505303
v -4.992563 3.808333 5.506187
v -4.992197 3.954167 5.505303
v -4.992563 3.954167 5.506187
v -4.992746 3.954167 5.506629
v -4.990340 3.600000 5.500821
v -4.990183 3.600000 5.500442
v -4.990366 3.600000 5.500884
v -4.990340 3.600000 5.500821
v -4.992720 3.600000 5.506566
v -4.992563 3.600000 5.506187
v -4.992746 3.600000 5.506629
v -4.992720 3.600000 5.506566
v -4.990005 3.600000 5.500011
v -4.990000 3.600000 5.500000
v -4.990010 3.600000 5.500023
v -4.990005 3.600000 5.500011
v -4.990023 3.600000 5.500055
v -4.990010 3.600000 5.500023
v -4.990105 3.600000 5.500252
v -4.990081 3.600000 5.500196
v -4.990628 3.600000 5.501515
v -4.990418 3.600000 5.501010
v -4.992510 3.600000 5.506061
v -4.990628 3.600000 5.501515
v -4.990418 3.600000 5.501010
v -4.990081 3.600000 5.500196
v -4.992919 3.600000 5.507048
v -4.992906 3.600000 5.507016
v -4.992925 3.600000 5.507060
v -4.992929 3.600000 5.507071
v -4.992925 3.600000 5.507060
v -4.992510 3.600000 5.506061
v -4.992825 3.600000 5.506819
v -4.992746 3.600000 5.506629
v -4.992847 3.600000 5.506875
v -4.992825 3.600000 5.506819
v -4.992906 3.600000 5.507016
v -4.993535 4.000000 5.507322
v -4.993371 4.000000 5.507254
v -4.993813 4.000000 5.507437
v -4.993535 4.000000 5.507322
v -4.999280 4.000000 5.509702
v -4.999116 4.000000 5.509634
v -4.999558 4.000000 5.509817
v -4.994141 4.000000 5.507573
v -4.993813 4.000000 5.507437
v -4.995454 4.000000 5.508117
v -4.998788 4.000000 5.509498
v -4.995454 4.000000 5.508117
v -4.993371 4.000000 5.507254
v -4.993232 4.000000 5.507196
v -4.999116 4.000000 5.509634
v -4.998788 4.000000 5.509498
v -4.999697 4.000000 5.509875
v -4.999558 4.000000 5.509817
v -4.993026 4.000000 5.507111
v -4.993024 4.000000 5.507111
v -4.993024 4.000000 5.507111
v -4.992929 4.000000 5.507071
v -4.993136 4.000000 5.507157
v -4.993026 4.000000 5.507111
v -4.993136 4.000000 5.507157
v -4.993136 4.000000 5.507157
v -4.993232 4.000000 5.507196
v -4.999903 4.000000 5.509960
v -4.999793 4.000000 5.509914
v -4.999793 4.000000 5.509914
v -4.999793 4.000000 5.509914
v -4.999793 4.000000 5.509914
v -4.999697 4.000000 5.509875
v -5.000000 4.000000 5.510000
v -4.999905 4.000000 5.509961
v -4.999905 4.000000 5.509961
v -4.999903 4.000000 5.509960
v -5.005785 4.000000 5.507604
v -5.000129 4.000000 5.509947
v -5.000129 4.000000 5.509947
v -5.000000 4.000000 5.510000
v -5.007071 4.000000 5.507071
v -4.990251 4.000000 5.500606
v -4.990183 4.000000 5.500442
v -4.990366 4.000000 5.500884
v -4.990251 4.000000 5.500606
v -4.992631 4.000000 5.506351
v -4.992563 4.000000 5.506187
v -4.992746 4.000000 5.506629
v -4.992631 4.000000 5.506351
v -4.990502 4.000000 5.501212
v -4.990366 4.000000 5.500884
v -4.991046 4.000000 5.502525
v -4.990502 4.000000 5.501212
v -4.992427 4.000000 5.505859
v -4.990126 4.000000 5.500303
v -4.992563 4.000000 5.506187
v -4.992427 4.000000 5.505859
v -4.992804 4.000000 5.506768
v -4.990040 4.000000 5.500097
v -4.990039 4.000000 5.500095
v -4.990039 4.000000 5.500095
v -4.990000 4.000000 5.500000
v -4.990086 4.000000 5.500207
v -4.990086 4.000000 5.500207
v -4.990086 4.000000 5.500207
v -4.990126 4.000000 5.500303
v -4.992843 4.000000 5.506863
v -4.992804 4.000000 5.506768
v -4.992889 4.000000 5.506974
v -4.992843 4.000000 5.506863
v -4.992843 4.000000 5.506863
v -4.992843 4.000000 5.506863
v -4.992929 4.000000 5.507071
v -4.992889 4.000000 5.506976
v -4.992889 4.000000 5.506974
v -4.992889 4.000000 5.506976
v -5.009734 3.600000 5.499357
v -5.010000 3.600000 5.500000
v -5.007071 3.600000 5.492929
v -5.009734 3.600000 5.499357
v -5.006629 3.662500 5.492746
v -5.006187 3.662500 5.492563
v -5.005303 3.662500 5.492197
v -5.006187 3.808333 5.492563
v -5.005303 3.808333 5.492197
v -5.006187 3.954167 5.492563
v -5.005303 3.954167 5.492197
v -5.006629 3.954167 5.492746
v -5.000884 3.662500 5.490366
v -5.000442 3.662500 5.490183
v -5.001768 3.662500 5.490732
v -5.001768 3.808333 5.490732
v -5.000884 3.808333 5.490366
v -5.001768 3.954167 5.490732
v -5.000884 3.954167 5.490366
v -5.000442 3.954167 5.490183
v -5.006250 3.600000 5.492589
v -5.006629 3.600000 5.492746
v -5.006187 3.600000 5.492563
v -5.006250 3.600000 5.492589
v -5.000505 3.600000 5.490209
v -5.000884 3.600000 5.490366
v -5.000442 3.600000 5.490183
v -5.000505 3.600000 5.490209
v -5.007048 3.600000 5.492919
v -5.007061 3.600000 5.492925
v -5.007061 3.600000 5.492925
v -5.007071 3.600000 5.492929
v -5.007016 3.600000 5.492906
v -5.007048 3.600000 5.492919
v -5.006819 3.600000 5.492825
v -5.006875 3.600000 5.492847
v -5.006061 3.600000 5.492510
v -5.006629 3.600000 5.492746
v -5.006819 3.600000 5.492825
v -5.006875 3.600000 5.492847
v -5.007016 3.600000 5.492906
v -5.001515 3.600000 5.490627
v -5.006061 3.600000 5.492510
v -5.001010 3.600000 5.490418
v -5.001515 3.600000 5.490627
v -5.000011 3.600000 5.490004
v -5.000023 3.600000 5.490009
v -5.000023 3.600000 5.490009
v -5.000055 3.600000 5.490023
v -5.000000 3.600000 5.490000
v -5.000011 3.600000 5.490004
v -5.000884 3.600000 5.490366
v -5.001010 3.600000 5.490418
v -5.000253 3.600000 5.490104
v -5.000196 3.600000 5.490081
v -5.000253 3.600000 5.490104
v -5.000055 3.600000 5.490023
v -5.000196 3.600000 5.490081
v -4.999357 3.600000 5.490266
v -5.000000 3.600000 5.490000
v -4.992929 3.600000 5.492929
v -4.999357 3.600000 5.490266
v -5.007604 4.000000 5.494215
v -5.009947 4.000000 5.499871
v -5.009947 4.000000 5.499871
v -5.010000 4.000000 5.500000
v -5.007071 4.000000 5.492929
v -5.007604 4.000000 5.494215
v -5.006465 4.000000 5.492678
v -5.006629 4.000000 5.492746
v -5.006187 4.000000 5.492563
v -5.006465 4.000000 5.492678
v -5.000720 4.000000 5.490298
v -5.000884 4.000000 5.490366
v -5.000442 4.000000 5.490183
v -5.000720 4.000000 5.490298
v -5.001212 4.000000 5.490502
v -5.004546 4.000000 5.491883
v -5.004546 4.000000 5.491883
v -5.005859 4.000000 5.492427
v -5.005859 4.000000 5.492427
v -5.006187 4.000000 5.492563
v -5.006768 4.000000 5.492804
v -5.000884 4.000000 5.490366
v -5.000303 4.000000 5.490125
v -5.000442 4.000000 5.490183
v -5.006863 4.000000 5.492843
v -5.006863 4.000000 5.492843
v -5.006974 4.000000 5.492889
v -5.006974 4.000000 5.492889
v -5.006976 4.000000 5.492889
v -5.006976 4.000000 5.492889
v -5.007071 4.000000 5.492929
v -5.006768 4.000000 5.492804
v -5.006863 4.000000 5.492843
v -5.000097 4.000000 5.490040
v -5.000207 4.000000 5.490086
v -5.000207 4.000000 5.490086
v -5.000207 4.000000 5.490086
v -5.000207 4.000000 5.490086
v -5.000303 4.000000 5.490125
v -5.000000 4.000000 5.490000
v -5.000095 4.000000 5.490039
v -5.000095 4.000000 5.490039
v -5.000097 4.000000 5.490040
v -4.994215 4.000000 5.492396
v -4.999871 4.000000 5.490053
v -4.999871 4.000000 5.490053
v -5.000000 4.000000 5.490000
v -4.992929 4.000000 5.492929
v -4.994215 4.000000 5.492396
v -4.007071 3.550000 5.507071
v -4.010000 3.550000 5.500000
v -4.007071 3.516667 5.507071
v -4.010000 3.516667 5.500000
v -4.009468 4.000000 5.501286
v -4.007071 4.000000 5.507071
v -4.010000 4.000000 5.500000
v -4.009468 4.000000 5.501286
v -3.992929 3.550000 5.492929
v -3.990000 3.550000 5.500000
v -3.992929 3.516667 5.492929
v -3.990000 3.516667 5.500000
v -3.990533 4.000000 5.498714
v -3.992929 4.000000 5.492929
v -3.990000 4.000000 5.500000
v -3.990533 4.000000 5.498714
v -4.000000 3.500000 5.500000
v -3.957574 3.600000 5.457574
v -3.940000 3.600000 5.500000
v -4.000000 3.500000 5.500000
v -3.940000 3.600000 5.500000
v -3.957574 3.600000 5.542426
v -4.000000 3.500000 5.500000
v -3.957574 3.600000 5.542426
v -4.000000 3.600000 5.560000
v -4.000000 3.500000 5.500000
v -4.000000 3.600000 5.560000
v -4.042426 3.600000 5.542426
v -4.000000 3.500000 5.500000
v -4.000000 3.600000 5.440000
v -3.957574 3.600000 5.457574
v -4.000000 3.500000 5.500000
v -4.042426 3.600000 5.457574
v -4.000000 3.600000 5.440000
v -4.000000 3.500000 5.500000
v -4.060000 3.600000 5.500000
v -4.042426 3.600000 5.457574
v -4.000000 3.500000 5.500000
v -4.042426 3.600000 5.542426
v -4.060000 3.600000 5.500000
v -4.060000 3.600000 5.500000
v -4.000000 3.600000 5.560000
v -3.957574 3.600000 5.542426
v -4.042426 3.600000 5.542426
v -3.940000 3.600000 5.500000
v -4.000000 3.600000 5.440000
v -3.957574 3.600000 5.457574
v -4.042426 3.600000 5.457574
v -3.993371 3.662500 5.507254
v -3.993813 3.662500 5.507437
v -3.994697 3.662500 5.507803
v -3.993813 3.808333 5.507437
v -3.994697 3.808333 5.507803
v -3.993813 3.954167 5.507437
v -3.994697 3.954167 5.507803
v -3.993371 3.954167 5.507254
v -3.999116 3.662500 5.509634
v -3.999558 3.662500 5.509817
v -3.998232 3.662500 5.509268
v -3.998232 3.808333 5.509268
v -3.999116 3.808333 5.509634
v -3.998232 3.954167 5.509268
v -3.999116 3.954167 5.509634
v -3.999558 3.954167 5.509817
v -3.993750 3.600000 5.507411
v -3.993371 3.600000 5.507254
v -3.993813 3.600000 5.507437
v -3.993750 3.600000 5.507411
v -3.999495 3.600000 5.509791
v -3.999116 3.600000 5.509634
v -3.999558 3.600000 5.509817
v -3.999495 3.600000 5.509791
v -3.992940 3.600000 5.507075
v -3.992929 3.600000 5.507071
v -3.992952 3.600000 5.507081
v -3.992940 3.600000 5.507075
v -3.992984 3.600000 5.507094
v -3.992952 3.600000 5.507081
v -3.993181 3.600000 5.507175
v -3.993125 3.600000 5.507153
v -3.998990 3.600000 5.509582
v -3.998485 3.600000 5.509373
v -3.998485 3.600000 5.509373
v -3.993939 3.600000 5.507490
v -3.993125 3.600000 5.507153
v -3.999989 3.600000 5.509996
v -3.999977 3.600000 5.509991
v -3.999977 3.600000 5.509991
v -3.999945 3.600000 5.509977
v -4.000000 3.600000 5.510000
v -3.999989 3.600000 5.509996
v -3.998990 3.600000 5.509582
v -3.999748 3.600000 5.509896
v -3.999804 3.600000 5.509919
v -3.999748 3.600000 5.509896
v -3.999945 3.600000 5.509977
v -4.000000 3.600000 5.510000
v -4.000643 3.600000 5.509734
v -4.007071 3.600000 5.507071
v -3.990183 3.662500 5.500442
v -3.990366 3.662500 5.500884
v -3.990732 3.662500 5.501768
v -3.990366 3.808333 5.500884
v -3.990732 3.808333 5.501768
v -3.990366 3.954167 5.500884
v -3.990732 3.954167 5.501768
v -3.990183 3.954167 5.500442
v -3.992563 3.662500 5.506187
v -3.992746 3.662500 5.506629
v -3.992197 3.662500 5.505303
v -3.992197 3.808333 5.505303
v -3.992563 3.808333 5.506187
v -3.992197 3.954167 5.505303
v -3.992563 3.954167 5.506187
v -3.992746 3.954167 5.506629
v -3.990340 3.600000 5.500821
v -3.990183 3.600000 5.500442
v -3.990366 3.600000 5.500884
v -3.990340 3.600000 5.500821
v -3.992720 3.600000 5.506566
v -3.992563 3.600000 5.506187
v -3.992746 3.600000 5.506629
v -3.992720 3.600000 5.506566
v -3.990005 3.600000 5.500011
v -3.990000 3.600000 5.500000
v -3.990010 3.600000 5.500023
v -3.990005 3.600000 5.500011
v -3.990023 3.600000 5.500055
v -3.990010 3.600000 5.500023
v -3.990105 3.600000 5.500252
v -3.990081 3.600000 5.500196
v -3.990628 3.600000 5.501515
v -3.990418 3.600000 5.501010
v -3.992511 3.600000 5.506061
v -3.990628 3.600000 5.501515
v -3.990418 3.600000 5.501010
v -3.990081 3.600000 5.500196
v -3.992919 3.600000 5.507048
v -3.992906 3.600000 5.507016
v -3.992924 3.600000 5.507060
v -3.992929 3.600000 5.507071
v -3.992924 3.600000 5.507060
v -3.992511 3.600000 5.506061
v -3.992824 3.600000 5.506819
v -3.992746 3.600000 5.506629
v -3.992848 3.600000 5.506875
v -3.992824 3.600000 5.506819
v -3.992906 3.600000 5.507016
v -3.993535 4.000000 5.507322
v -3.993371 4.000000 5.507254
v -3.993813 4.000000 5.507437
v -3.993535 4.000000 5.507322
v -3.999280 4.000000 5.509702
v -3.999116 4.000000 5.509634
v -3.999558 4.000000 5.509817
v -3.994141 4.000000 5.507573
v -3.993813 4.000000 5.507437
v -3.995454 4.000000 5.508117
v -3.998788 4.000000 5.509498
v -3.995454 4.000000 5.508117
v -3.993371 4.000000 5.507254
v -3.993232 4.000000 5.507196
v -3.999116 4.000000 5.509634
v -3.998788 4.000000 5.509498
v -3.999697 4.000000 5.509875
v -3.999558 4.000000 5.509817
v -3.993026 4.000000 5.507111
v -3.993024 4.000000 5.507111
v -3.993024 4.000000 5.507111
v -3.992929 4.000000 5.507071
v -3.993137 4.000000 5.507157
v -3.993026 4.000000 5.507111
v -3.993137 4.000000 5.507157
v -3.993137 4.000000 5.507157
v -3.993232 4.000000 5.507196
v -3.999903 4.000000 5.509960
v -3.999792 4.000000 5.509914
v -3.999792 4.000000 5.509914
v -3.999792 4.000000 5.509914
v -3.999792 4.000000 5.509914
v -3.999697 4.000000 5.509875
v -4.000000 4.000000 5.510000
v -3.999905 4.000000 5.509961
v -3.999905 4.000000 5.509961
v -3.999903 4.000000 5.509960
v -4.005785 4.000000 5.507604
v -4.000129 4.000000 5.509947
v -4.000129 4.000000 5.509947
v -4.000000 4.000000 5.510000
v -4.007071 4.000000 5.507071
v -3.990251 4.000000 5.500606
v -3.990183 4.000000 5.500442
v -3.990366 4.000000 5.500884
v -3.990251 4.000000 5.500606
v -3.992631 4.000000 5.506351
v -3.992563 4.000000 5.506187
v -3.992746 4.000000 5.506629
v -3.992631 4.000000 5.506351
v -3.990502 4.000000 5.501212
v -3.990366 4.000000 5.500884
v -3.991046 4.000000 5.502525
v -3.990502 4.000000 5.501212
v -3.992427 4.000000 5.505859
v -3.990125 4.000000 5.500303
v -3.992563 4.000000 5.506187
v -3.992427 4.000000 5.505859
v -3.992803 4.000000 5.506768
v -3.990040 4.000000 5.500097
v -3.990040 4.000000 5.500095
v -3.990040 4.000000 5.500095
v -3.990000 4.000000 5.500000
v -3.990086 4.000000 5.500207
v -3.990086 4.000000 5.500208
v -3.990086 4.000000 5.500207
v -3.990125 4.000000 5.500303
v -3.992843 4.000000 5.506863
v -3.992803 4.000000 5.506768
v -3.992889 4.000000 5.506974
v -3.992843 4.000000 5.506864
v -3.992843 4.000000 5.506864
v -3.992843 4.000000 5.506863
v -3.992929 4.000000 5.507071
v -3.992889 4.000000 5.506976
v -3.992889 4.000000 5.506974
v -3.992889 4.000000 5.506976
v -4.009734 3.600000 5.499357
v -4.010000 3.600000 5.500000
v -4.007071 3.600000 5.492929
v -4.009734 3.600000 5.499357
v -4.006629 3.662500 5.492746
v -4.006187 3.662500 5.492563
v -4.005303 3.662500 5.492197
v -4.006187 3.808333 5.492563
v -4.005303 3.808333 5.492197
v -4.006187 3.954167 5.492563
v -4.005303 3.954167 5.492197
v -4.006629 3.954167 5.492746
v -4.000884 3.662500 5.490366
v -4.000442 3.662500 5.490183
v -4.001768 3.662500 5.490732
v -4.001768 3.808333 5.490732
v -4.000884 3.808333 5.490366
v -4.001768 3.954167 5.490732
v -4.000884 3.954167 5.490366
v -4.000442 3.954167 5.490183
v -4.006250 3.600000 5.492589
v -4.006629 3.600000 5.492746
v -4.006187 3.600000 5.492563
v -4.006250 3.600000 5.492589
v -4.000505 3.600000 5.490209
v -4.000884 3.600000 5.490366
v -4.000442 3.600000 5.490183
v -4.000505 3.600000 5.490209
v -4.007048 3.600000 5.492919
v -4.007061 3.600000 5.492925
v -4.007061 3.600000 5.492925
v -4.007071 3.600000 5.492929
v -4.007016 3.600000 5.492906
v -4.007048 3.600000 5.492919
v -4.006819 3.600000 5.492825
v -4.006875 3.600000 5.492847
v -4.006061 3.600000 5.492510
v -4.006629 3.600000 5.492746
v -4.006819 3.600000 5.492825
v -4.006875 3.600000 5.492847
v -4.007016 3.600000 5.492906
v -4.001515 3.600000 5.490627
v -4.006061 3.600000 5.492510
v -4.001010 3.600000 5.490418
v -4.001515 3.600000 5.490627
v -4.000011 3.600000 5.490004
v -4.000023 3.600000 5.490009
v -4.000023 3.600000 5.490009
v -4.000055 3.600000 5.490023
v -4.000000 3.600000 5.490000
v -4.000011 3.600000 5.490004
v -4.000884 3.600000 5.490366
v -4.001010 3.600000 5.490418
v -4.000253 3.600000 5.490104
v -4.000196 3.600000 5.490081
v -4.000253 3.600000 5.490104
v -4.000055 3.600000 5.490023
v -4.000196 3.600000 5.490081
v -3.999357 3.600000 5.490266
v -4.000000 3.600000 5.490000
v -3.992929 3.600000 5.492929
v -3.999357 3.600000 5.490266
v -4.007604 4.000000 5.494215
v -4.009947 4.000000 5.499871
v -4.009947 4.000000 5.499871
v -4.010000 4.000000 5.500000
v -4.007071 4.000000 5.492929
v -4.007604 4.000000 5.494215
v -4.006465 4.000000 5.492678
v -4.006629 4.000000 5.492746
v -4.006187 4.000000 5.492563
v -4.006465 4.000000 5.492678
v -4.000720 4.000000 5.490298
v -4.000884 4.000000 5.490366
v -4.000442 4.000000 5.490183
v -4.000720 4.000000 5.490298
v -4.001212 4.000000 5.490502
v -4.004546 4.000000 5.491883
v -4.004546 4.000000 5.491883
v -4.005859 4.000000 5.492427
v -4.005859 4.000000 5.492427
v -4.006187 4.000000 5.492563
v -4.006768 4.000000 5.492804
v -4.000884 4.000000 5.490366
v -4.000303 4.000000 5.490125
v -4.000442 4.000000 5.490183
v -4.006863 4.000000 5.492843
v -4.006863 4.000000 5.492843
v -4.006974 4.000000 5.492889
v -4.006974 4.000000 5.492889
v -4.006976 4.000000 5.492889
v -4.006976 4.000000 5.492889
v -4.007071 4.000000 5.492929
v -4.006768 4.000000 5.492804
v -4.006863 4.000000 5.492843
v -4.000097 4.000000 5.490040
v -4.000207 4.000000 5.490086
v -4.000207 4.000000 5.490086
v -4.000207 4.000000 5.490086
v -4.000207 4.000000 5.490086
v -4.000303 4.000000 5.490125
v -4.000000 4.000000 5.490000
v -4.000095 4.000000 5.490039
v -4.000095 4.000000 5.490039
v -4.000097 4.000000 5.490040
v -3.994215 4.000000 5.492396
v -3.999871 4.000000 5.490053
v -3.999871 4.000000 5.490053
v -4.000000 4.000000 5.490000
v -3.992929 4.000000 5.492929
v -3.994215 4.000000 5.492396
v -5.007071 3.550000 4.007071
v -5.010000 3.550000 4.000000
v -5.007071 3.516667 4.007071
v -5.010000 3.516667 4.000000
v -5.009468 4.000000 4.001286
v -5.007071 4.000000 4.007071
v -5.010000 4.000000 4.000000
v -5.009468 4.000000 4.001286
v -4.992929 3.550000 3.992929
v -4.990000 3.550000 4.000000
v -4.992929 3.516667 3.992929
v -4.990000 3.516667 4.000000
v -4.990532 4.000000 3.998714
v -4.992929 4.000000 3.992929
v -4.990000 4.000000 4.000000
v -4.990532 4.000000 3.998714
v -5.000000 3.500000 4.000000
v -4.957573 3.600000 3.957574
v -4.940000 3.600000 4.000000
v -5.000000 3.500000 4.000000
v -4.940000 3.600000 4.000000
v -4.957573 3.600000 4.042426
v -5.000000 3.500000 4.000000
v -4.957573 3.600000 4.042426
v -5.000000 3.600000 4.060000
v -5.000000 3.500000 4.000000
v -5.000000 3.600000 4.060000
v -5.042426 3.600000 4.042426
v -5.000000 3.500000 4.000000
v -5.000000 3.600000 3.940000
v -4.957573 3.600000 3.957574
v -5.000000 3.500000 4.000000
v -5.042426 3.600000 3.957574
v -5.000000 3.600000 3.940000
v -5.000000 3.500000 4.000000
v -5.060000 3.600000 4.000000
v -5.042426 3.600000 3.957574
v -5.000000 3.500000 4.000000
v -5.042426 3.600000 4.042426
v -5.060000 3.600000 4.000000
v -5.060000 3.600000 4.000000
v -5.000000 3.600000 4.060000
v -4.957573 3.600000 4.042426
v -5.042426 3.600000 4.042426
v -4.940000 3.600000 4.000000
v -5.000000 3.600000 3.940000
v -4.957573 3.600000 3.957574
v -5.042426 3.600000 3.957574
v -4.993371 3.662500 4.007254
v -4.993813 3.662500 4.007437
v -4.994697 3.662500 4.007803
v -4.993813 3.808333 4.007437
v -4.994697 3.808333 4.007803
v -4.993813 3.954167 4.007437
v -4.994697 3.954167 4.007803
v -4.993371 3.954167 4.007254
v -4.999116 3.662500 4.009634
v -4.999558 3.662500 4.009817
v -4.998232 3.662500 4.009268
v -4.998232 3.808333 4.009268
v -4.999116 3.808333 4.009634
v -4.998232 3.954167 4.009268
v -4.999116 3.954167 4.009634
v -4.999558 3.954167 4.009817
v -4.993750 3.600000 4.007411
v -4.993371 3.600000 4.007254
v -4.993813 3.600000 4.007437
v -4.993750 3.600000 4.007411
v -4.999495 3.600000 4.009791
v -4.999116 3.600000 4.009634
v -4.999558 3.600000 4.009817
v -4.999495 3.600000 4.009791
v -4.992939 3.600000 4.007075
v -4.992929 3.600000 4.007071
v -4.992952 3.600000 4.007081
v -4.992939 3.600000 4.007075
v -4.992984 3.600000 4.007094
v -4.992952 3.600000 4.007081
v -4.993182 3.600000 4.007175
v -4.993125 3.600000 4.007153
v -4.998990 3.600000 4.009582
v -4.998485 3.600000 4.009373
v -4.998485 3.600000 4.009373
v -4.993939 3.600000 4.007490
v -4.993125 3.600000 4.007153
v -4.999989 3.600000 4.009996
v -4.999977 3.600000 4.009991
v -4.999977 3.600000 4.009991
v -4.999945 3.600000 4.009977
v -5.000000 3.600000 4.010000
v -4.999989 3.600000 4.009996
v -4.998990 3.600000 4.009582
v -4.999747 3.600000 4.009896
v -4.999804 3.600000 4.009919
v -4.999747 3.600000 4.009896
v -4.999945 3.600000 4.009977
v -5.000000 3.600000 4.010000
v -5.000643 3.600000 4.009734
v -5.007071 3.600000 4.007071
v -4.990183 3.662500 4.000442
v -4.990366 3.662500 4.000884
v -4.990732 3.662500 4.001768
v -4.990366 3.808333 4.000884
v -4.990732 3.808333 4.001768
v -4.990366 3.954167 4.000884
v -4.990732 3.954167 4.001768
v -4.990183 3.954167 4.000442
v -4.992563 3.662500 4.006187
v -4.992746 3.662500 4.006629
v -4.992197 3.662500 4.005303
v -4.992197 3.808333 4.005303
v -4.992563 3.808333 4.006187
v -4.992197 3.954167 4.005303
v -4.992563 3.954167 4.006187
v -4.992746 3.954167 4.006629
v -4.990340 3.600000 4.000821
v -4.990183 3.600000 4.000442
v -4.990366 3.600000 4.000884
v -4.990340 3.600000 4.000821
v -4.992720 3.600000 4.006566
v -4.992563 3.600000 4.006187
v -4.992746 3.600000 4.006629
v -4.992720 3.600000 4.006566
v -4.990005 3.600000 4.000011
v -4.990000 3.600000 4.000000
v -4.990010 3.600000 4.000023
v -4.990005 3.600000 4.000011
v -4.990023 3.600000 4.000055
v -4.990010 3.600000 4.000023
v -4.990105 3.600000 4.000252
v -4.990081 3.600000 4.000196
v -4.990628 3.600000 4.001515
v -4.990418 3.600000 4.001010
v -4.992510 3.600000 4.006061
v -4.990628 3.600000 4.001515
v -4.990418 3.600000 4.001010
v -4.990081 3.600000 4.000196
v -4.992919 3.600000 4.007048
v -4.992906 3.600000 4.007016
v -4.992925 3.600000 4.007060
v -4.992929 3.600000 4.007071
v -4.992925 3.600000 4.007060
v -4.992510 3.600000 4.006061
v -4.992825 3.600000 4.006819
v -4.992746 3.600000 4.006629
v -4.992847 3.600000 4.006875
v -4.992825 3.600000 4.006819
v -4.992906 3.600000 4.007016
v -4.993535 4.000000 4.007322
v -4.993371 4.000000 4.007254
v -4.993813 4.000000 4.007437
v -4.993535 4.000000 4.007322
v -4.999280 4.000000 4.009702
v -4.999116 4.000000 4.009634
v -4.999558 4.000000 4.009817
v -4.994141 4.000000 4.007573
v -4.993813 4.000000 4.007437
v -4.995454 4.000000 4.008117
v -4.998788 4.000000 4.009498
v -4.995454 4.000000 4.008117
v -4.993371 4.000000 4.007254
v -4.993232 4.000000 4.007196
v -4.999116 4.000000 4.009634
v -4.998788 4.000000 4.009498
v -4.999697 4.000000 4.009875
v -4.999558 4.000000 4.009817
v -4.993026 4.000000 4.007111
v -4.993024 4.000000 4.007111
v -4.993024 4.000000 4.007111
v -4.992929 4.000000 4.007071
v -4.993136 4.000000 4.007157
v -4.993026 4.000000 4.007111
v -4.993136 4.000000 4.007157
v -4.993136 4.000000 4.007157
v -4.993232 4.000000 4.007196
v -4.999903 4.000000 4.009960
v -4.999793 4.000000 4.009914
v -4.999793 4.000000 4.009914
v -4.999793 4.000000 4.009914
v -4.999793 4.000000 4.009914
v -4.999697 4.000000 4.009875
v -5.000000 4.000000 4.010000
v -4.999905 4.000000 4.009961
v -4.999905 4.000000 4.009961
v -4.999903 4.000000 4.009960
v -5.005785 4.000000 4.007604
v -5.000129 4.000000 4.009947
v -5.000129 4.000000 4.009947
v -5.000000 4.000000 4.010000
v -5.007071 4.000000 4.007071
v -4.990251 4.000000 4.000606
v -4.990183 4.000000 4.000442
v -4.990366 4.000000 4.000884
v -4.990251 4.000000 4.000606
v -4.992631 4.000000 4.006351
v -4.992563 4.000000 4.006187
v -4.992746 4.000000 4.006629
v -4.992631 4.000000 4.006351
v -4.990502 4.000000 4.001212
v -4.990366 4.000000 4.000884
v -4.991046 4.000000 4.002525
v -4.990502 4.000000 4.001212
v -4.992427 4.000000 4.005859
v -4.990126 4.000000 4.000303
v -4.992563 4.000000 4.006187
v -4.992427 4.000000 4.005859
v -4.992804 4.000000 4.006768
v -4.990040 4.000000 4.000097
v -4.990039 4.000000 4.000095
v -4.990039 4.000000 4.000095
v -4.990000 4.000000 4.000000
v -4.990086 4.000000 4.000207
v -4.990086 4.000000 4.000207
v -4.990086 4.000000 4.000207
v -4.990126 4.000000 4.000303
v -4.992843 4.000000 4.006863
v -4.992804 4.000000 4.006768
v -4.992889 4.000000 4.006974
v -4.992843 4.000000 4.006863
v -4.992843 4.000000 4.006863
v -4.992843 4.000000 4.006863
v -4.992929 4.000000 4.007071
v -4.992889 4.000000 4.006976
v -4.992889 4.000000 4.006974
v -4.992889 4.000000 4.006976
v -5.009734 3.600000 3.999357
v -5.010000 3.600000 4.000000
v -5.007071 3.600000 3.992929
v -5.009734 3.600000 3.999357
v -5.006629 3.662500 3.992746
v -5.006187 3.662500 3.992563
v -5.005303 3.662500 3.992197
v -5.006187 3.808333 3.992563
v -5.005303 3.808333 3.992197
v -5.006187 3.954167 3.992563
v -5.005303 3.954167 3.992197
v -5.006629 3.954167 3.992746
v -5.000884 3.662500 3.990366
v -5.000442 3.662500 3.990183
v -5.001768 3.662500 3.990732
v -5.001768 3.808333 3.990732
v -5.000884 3.808333 3.990366
v -5.001768 3.954167 3.990732
v -5.000884 3.954167 3.990366
v -5.000442 3.954167 3.990183
v -5.006250 3.600000 3.992589
v -5.006629 3.600000 3.992746
v -5.006187 3.600000 3.992563
v -5.006250 3.600000 3.992589
v -5.000505 3.600000 3.990209
v -5.000884 3.600000 3.990366
v -5.000442 3.600000 3.990183
v -5.000505 3.600000 3.990209
v -5.007048 3.600000 3.992919
v -5.007061 3.600000 3.992924
v -5.007061 3.600000 3.992924
v -5.007071 3.600000 3.992929
v -5.007016 3.600000 3.992906
v -5.007048 3.600000 3.992919
v -5.006819 3.600000 3.992824
v -5.006875 3.600000 3.992848
v -5.006061 3.600000 3.992511
v -5.006629 3.600000 3.992746
v -5.006819 3.600000 3.992824
v -5.006875 3.600000 3.992848
v -5.007016 3.600000 3.992906
v -5.001515 3.600000 3.990628
v -5.006061 3.600000 3.992511
v -5.001010 3.600000 3.990418
v -5.001515 3.600000 3.990628
v -5.000011 3.600000 3.990004
v -5.000023 3.600000 3.990009
v -5.000023 3.600000 3.990009
v -5.000055 3.600000 3.990022
v -5.000000 3.600000 3.990000
v -5.000011 3.600000 3.990004
v -5.000884 3.600000 3.990366
v -5.001010 3.600000 3.990418
v -5.000253 3.600000 3.990104
v -5.000196 3.600000 3.990081
v -5.000253 3.600000 3.990104
v -5.000055 3.600000 3.990022
v -5.000196 3.600000 3.990081
v -4.999357 3.600000 3.990266
v -5.000000 3.600000 3.990000
v -4.992929 3.600000 3.992929
v -4.999357 3.600000 3.990266
v -5.007604 4.000000 3.994215
v -5.009947 4.000000 3.999871
v -5.009947 4.000000 3.999871
v -5.010000 4.000000 4.000000
v -5.007071 4.000000 3.992929
v -5.007604 4.000000 3.994215
v -5.006465 4.000000 3.992678
v -5.006629 4.000000 3.992746
v -5.006187 4.000000 3.992563
v -5.006465 4.000000 3.992678
v -5.000720 4.000000 3.990298
v -5.000884 4.000000 3.990366
v -5.000442 4.000000 3.990183
v -5.000720 4.000000 3.990298
v -5.001212 4.000000 3.990502
v -5.004546 4.000000 3.991883
v -5.004546 4.000000 3.991883
v -5.005859 4.000000 3.992427
v -5.005859 4.000000 3.992427
v -5.006187 4.000000 3.992563
v -5.006768 4.000000 3.992803
v -5.000884 4.000000 3.990366
v -5.000303 4.000000 3.990125
v -5.000442 4.000000 3.990183
v -5.006863 4.000000 3.992843
v -5.006863 4.000000 3.992843
v -5.006974 4.000000 3.992889
v -5.006974 4.000000 3.992889
v -5.006976 4.000000 3.992889
v -5.006976 4.000000 3.992889
v -5.007071 4.000000 3.992929
v -5.006768 4.000000 3.992803
v -5.006863 4.000000 3.992843
v -5.000097 4.000000 3.990040
v -5.000207 4.000000 3.990086
v -5.000207 4.000000 3.990086
v -5.000207 4.000000 3.990086
v -5.000207 4.000000 3.990086
v -5.000303 4.000000 3.990125
v -5.000000 4.000000 3.990000
v -5.000095 4.000000 3.990039
v -5.000095 4.000000 3.990039
v -5.000097 4.000000 3.990040
v -4.994215 4.000000 3.992396
v -4.999871 4.000000 3.990053
v -4.999871 4.000000 3.990053
v -5.000000 4.000000 3.990000
v -4.992929 4.000000 3.992929
v -4.994215 4.000000 3.992396
v -4.007071 3.550000 4.007071
v -4.010000 3.550000 4.000000
v -4.007071 3.516667 4.007071
v -4.010000 3.516667 4.000000
v -4.009468 4.000000 4.001286
v -4.007071 4.000000 4.007071
v -4.010000 4.000000 4.000000
v -4.009468 4.000000 4.001286
v -3.992929 3.550000 3.992929
v -3.990000 3.550000 4.000000
v -3.992929 3.516667 3.992929
v -3.990000 3.516667 4.000000
v -3.990533 4.000000 3.998714
v -3.992929 4.000000 3.992929
v -3.990000 4.000000 4.000000
v -3.990533 4.000000 3.998714
v -4.000000 3.500000 4.000000
v -3.957574 3.600000 3.957574
v -3.940000 3.600000 4.000000
v -4.000000 3.500000 4.000000
v -3.940000 3.600000 4.000000
v -3.957574 3.600000 4.042426
v -4.000000 3.500000 4.000000
v -3.957574 3.600000 4.042426
v -4.000000 3.600000 4.060000
v -4.000000 3.500000 4.000000
v -4.000000 3.600000 4.060000
v -4.042426 3.600000 4.042426
v -4.000000 3.500000 4.000000
v -4.000000 3.600000 3.940000
v -3.957574 3.600000 3.957574
v -4.000000 3.500000 4.000000
v -4.042426 3.600000 3.957574
v -4.000000 3.600000 3.940000
v -4.000000 3.500000 4.000000
v -4.060000 3.600000 4.000000
v -4.042426 3.600000 3.957574
v -4.000000 3.500000 4.000000
v -4.042426 3.600000 4.042426
v -4.060000 3.600000 4.000000
v -4.060000 3.600000 4.000000
v -4.000000 3.600000 4.060000
v -3.957574 3.600000 4.042426
v -4.042426 3.600000 4.042426
v -3.940000 3.600000 4.000000
v -4.000000 3.600000 3.940000
v -3.957574 3.600000 3.957574
v -4.042426 3.600000 3.957574
v -3.993371 3.662500 4.007254
v -3.993813 3.662500 4.007437
v -3.994697 3.662500 4.007803
v -3.993813 3.808333 4.007437
v -3.994697 3.808333 4.007803
v -3.993813 3.954167 4.007437
v -3.994697 3.954167 4.007803
v -3.993371 3.954167 4.007254
v -3.999116 3.662500 4.009634
v -3.999558 3.662500 4.009817
v -3.998232 3.662500 4.009268
v -3.998232 3.808333 4.009268
v -3.999116 3.808333 4.009634
v -3.998232 3.954167 4.009268
v -3.999116 3.954167 4.009634
v -3.999558 3.954167 4.009817
v -3.993750 3.600000 4.007411
v -3.993371 3.600000 4.007254
v -3.993813 3.600000 4.007437
v -3.993750 3.600000 4.007411
v -3.999495 3.600000 4.009791
v -3.999116 3.600000 4.009634
v -3.999558 3.600000 4.009817
v -3.999495 3.600000 4.009791
v -3.992940 3.600000 4.007075
v -3.992929 3.600000 4.007071
v -3.992952 3.600000 4.007081
v -3.992940 3.600000 4.007075
v -3.992984 3.600000 4.007094
v -3.992952 3.600000 4.007081
v -3.993181 3.600000 4.007175
v -3.993125 3.600000 4.007153
v -3.998990 3.600000 4.009582
v -3.998485 3.600000 4.009373
v -3.998485 3.600000 4.009373
v -3.993939 3.600000 4.007490
v -3.993125 3.600000 4.007153
v -3.999989 3.600000 4.009996
v -3.999977 3.600000 4.009991
v -3.999977 3.600000 4.009991
v -3.999945 3.600000 4.009977
v -4.000000 3.600000 4.010000
v -3.999989 3.600000 4.009996
v -3.998990 3.600000 4.009582
v -3.999748 3.600000 4.009896
v -3.999804 3.600000 4.009919
v -3.999748 3.600000 4.009896
v -3.999945 3.600000 4.009977
v -4.000000 3.600000 4.010000
v -4.000643 3.600000 4.009734
v -4.007071 3.600000 4.007071
v -3.990183 3.662500 4.000442
v -3.990366 3.662500 4.000884
v -3.990732 3.662500 4.001768
v -3.990366 3.808333 4.000884
v -3.990732 3.808333 4.001768
v -3.990366 3.954167 4.000884
v -3.990732 3.954167 4.001768
v -3.990183 3.954167 4.000442
v -3.992563 3.662500 4.006187
v -3.992746 3.662500 4.006629
v -3.992197 3.662500 4.005303
v -3.992197 3.808333 4.005303
v -3.992563 3.808333 4.006187
v -3.992197 3.954167 4.005303
v -3.992563 3.954167 4.006187
v -3.992746 3.954167 4.006629
v -3.990340 3.600000 4.000821
v -3.990183 3.600000 4.000442
v -3.990366 3.600000 4.000884
v -3.990340 3.600000 4.000821
v -3.992720 3.600000 4.006566
v -3.992563 3.600000 4.006187
v -3.992746 3.600000 4.006629
v -3.992720 3.600000 4.006566
v -3.990005 3.600000 4.000011
v -3.990000 3.600000 4.000000
v -3.990010 3.600000 4.000023
v -3.990005 3.600000 4.000011
v -3.990023 3.600000 4.000055
v -3.990010 3.600000 4.000023
v -3.990105 3.600000 4.000252
v -3.990081 3.600000 4.000196
v -3.990628 3.600000 4.001515
v -3.990418 3.600000 4.001010
v -3.992511 3.600000 4.006061
v -3.990628 3.600000 4.001515
v -3.990418 3.600000 4.001010
v -3.990081 3.600000 4.000196
v -3.992919 3.600000 4.007048
v -3.992906 3.600000 4.007016
v -3.992924 3.600000 4.007060
v -3.992929 3.600000 4.007071
v -3.992924 3.600000 4.007060
v -3.992511 3.600000 4.006061
v -3.992824 3.600000 4.006819
v -3.992746 3.600000 4.006629
v -3.992848 3.600000 4.006875
v -3.992824 3.600000 4.006819
v -3.992906 3.600000 4.007016
v -3.993535 4.000000 4.007322
v -3.993371 4.000000 4.007254
v -3.993813 4.000000 4.007437
v -3.993535 4.000000 4.007322
v -3.999280 4.000000 4.009702
v -3.999116 4.000000 4.009634
v -3.999558 4.000000 4.009817
v -3.994141 4.000000 4.007573
v -3.993813 4.000000 4.007437
v -3.995454 4.000000 4.008117
v -3.998788 4.000000 4.009498
v -3.995454 4.000000 4.008117
v -3.993371 4.000000 4.007254
v -3.993232 4.000000 4.007196
v -3.999116 4.000000 4.009634
v -3.998788 4.000000 4.009498
v -3.999697 4.000000 4.009875
v -3.999558 4.000000 4.009817
v -3.993026 4.000000 4.007111
v -3.993024 4.000000 4.007111
v -3.993024 4.000000 4.007111
v -3.992929 4.000000 4.007071
v -3.993137 4.000000 4.007157
v -3.993026 4.000000 4.007111
v -3.993137 4.000000 4.007157
v -3.993137 4.000000 4.007157
v -3.993232 4.000000 4.007196
v -3.999903 4.000000 4.009960
v -3.999792 4.000000 4.009914
v -3.999792 4.000000 4.009914
v -3.999792 4.000000 4.009914
v -3.999792 4.000000 4.009914
v -3.999697 4.000000 4.009875
v -4.000000 4.000000 4.010000
v -3.999905 4.000000 4.009961
v -3.999905 4.000000 4.009961
v -3.999903 4.000000 4.009960
v -4.005785 4.000000 4.007604
v -4.000129 4.000000 4.009947
v -4.000129 4.000000 4.009947
v -4.000000 4.000000 4.010000
v -4.007071 4.000000 4.007071
v -3.990251 4.000000 4.000606
v -3.990183 4.000000 4.000442
v -3.990366 4.000000 4.000884
v -3.990251 4.000000 4.000606
v -3.992631 4.000000 4.006351
v -3.992563 4.000000 4.006187
v -3.992746 4.000000 4.006629
v -3.992631 4.000000 4.006351
v -3.990502 4.000000 4.001212
v -3.990366 4.000000 4.000884
v -3.991046 4.000000 4.002525
v -3.990502 4.000000 4.001212
v -3.992427 4.000000 4.005859
v -3.990125 4.000000 4.000303
v -3.992563 4.000000 4.006187
v -3.992427 4.000000 4.005859
v -3.992803 4.000000 4.006768
v -3.990040 4.000000 4.000097
v -3.990040 4.000000 4.000095
v -3.990040 4.000000 4.000095
v -3.990000 4.000000 4.000000
v -3.990086 4.000000 4.000207
v -3.990086 4.000000 4.000208
v -3.990086 4.000000 4.000207
v -3.990125 4.000000 4.000303
v -3.992843 4.000000 4.006863
v -3.992803 4.000000 4.006768
v -3.992889 4.000000 4.006974
v -3.992843 4.000000 4.006864
v -3.992843 4.000000 4.006864
v -3.992843 4.000000 4.006863
v -3.992929 4.000000 4.007071
v -3.992889 4.000000 4.006976
v -3.992889 4.000000 4.006974
v -3.992889 4.000000 4.006976
v -4.009734 3.600000 3.999357
v -4.010000 3.600000 4.000000
v -4.007071 3.600000 3.992929
v -4.009734 3.600000 3.999357
v -4.006629 3.662500 3.992746
v -4.006187 3.662500 3.992563
v -4.005303 3.662500 3.992197
v -4.006187 3.808333 3.992563
v -4.005303 3.808333 3.992197
v -4.006187 3.954167 3.992563
v -4.005303 3.954167 3.992197
v -4.006629 3.954167 3.992746
v -4.000884 3.662500 3.990366
v -4.000442 3.662500 3.990183
v -4.001768 3.662500 3.990732
v -4.001768 3.808333 3.990732
v -4.000884 3.808333 3.990366
v -4.001768 3.954167 3.990732
v -4.000884 3.954167 3.990366
v -4.000442 3.954167 3.990183
v -4.006250 3.600000 3.992589
v -4.006629 3.600000 3.992746
v -4.006187 3.600000 3.992563
v -4.006250 3.600000 3.992589
v -4.000505 3.600000 3.990209
v -4.000884 3.600000 3.990366
v -4.000442 3.600000 3.990183
v -4.000505 3.600000 3.990209
v -4.007048 3.600000 3.992919
v -4.007061 3.600000 3.992924
v -4.007061 3.600000 3.992924
v -4.007071 3.600000 3.992929
v -4.007016 3.600000 3.992906
v -4.007048 3.600000 3.992919
v -4.006819 3.600000 3.992824
v -4.006875 3.600000 3.992848
v -4.006061 3.600000 3.992511
v -4.006629 3.600000 3.992746
v -4.006819 3.600000 3.992824
v -4.006875 3.600000 3.992848
v -4.007016 3.600000 3.992906
v -4.001515 3.600000 3.990628
v -4.006061 3.600000 3.992511
v -4.001010 3.600000 3.990418
v -4.001515 3.600000 3.990628
v -4.000011 3.600000 3.990004
v -4.000023 3.600000 3.990009
v -4.000023 3.600000 3.990009
v -4.000055 3.600000 3.990022
v -4.000000 3.600000 3.990000
v -4.000011 3.600000 3.990004
v -4.000884 3.600000 3.990366
v -4.001010 3.600000 3.990418
v -4.000253 3.600000 3.990104
v -4.000196 3.600000 3.990081
v -4.000253 3.600000 3.990104
v -4.000055 3.600000 3.990022
v -4.000196 3.600000 3.990081
v -3.999357 3.600000 3.990266
v -4.000000 3.600000 3.990000
v -3.992929 3.600000 3.992929
v -3.999357 3.600000 3.990266
v -4.007604 4.000000 3.994215
v -4.009947 4.000000 3.999871
v -4.009947 4.000000 3.999871
v -4.010000 4.000000 4.000000
v -4.007071 4.000000 3.992929
v -4.007604 4.000000 3.994215
v -4.006465 4.000000 3.992678
v -4.006629 4.000000 3.992746
v -4.006187 4.000000 3.992563
v -4.006465 4.000000 3.992678
v -4.000720 4.000000 3.990298
v -4.000884 4.000000 3.990366
v -4.000442 4.000000 3.990183
v -4.000720 4.000000 3.990298
v -4.001212 4.000000 3.990502
v -4.004546 4.000000 3.991883
v -4.004546 4.000000 3.991883
v -4.005859 4.000000 3.992427
v -4.005859 4.000000 3.992427
v -4.006187 4.000000 3.992563
v -4.006768 4.000000 3.992803
v -4.000884 4.000000 3.990366
v -4.000303 4.000000 3.990125
v -4.000442 4.000000 3.990183
v -4.006863 4.000000 3.992843
v -4.006863 4.000000 3.992843
v -4.006974 4.000000 3.992889
v -4.006974 4.000000 3.992889
v -4.006976 4.000000 3.992889
v -4.006976 4.000000 3.992889
v -4.007071 4.000000 3.992929
v -4.006768 4.000000 3.992803
v -4.006863 4.000000 3.992843
v -4.000097 4.000000 3.990040
v -4.000207 4.000000 3.990086
v -4.000207 4.000000 3.990086
v -4.000207 4.000000 3.990086
v -4.000207 4.000000 3.990086
v -4.000303 4.000000 3.990125
v -4.000000 4.000000 3.990000
v -4.000095 4.000000 3.990039
v -4.000095 4.000000 3.990039
v -4.000097 4.000000 3.990040
v -3.994215 4.000000 3.992396
v -3.999871 4.000000 3.990053
v -3.999871 4.000000 3.990053
v -4.000000 4.000000 3.990000
v -3.992929 4.000000 3.992929
v -3.994215 4.000000 3.992396
v -5.007071 3.550000 2.007071
v -5.010000 3.550000 2.000000
v -5.007071 3.516667 2.007071
v -5.010000 3.516667 2.000000
v -5.009468 4.000000 2.001286
v -5.007071 4.000000 2.007071
v -5.010000 4.000000 2.000000
v -5.009468 4.000000 2.001286
v -4.992929 3.550000 1.992929
v -4.990000 3.550000 2.000000
v -4.992929 3.516667 1.992929
v -4.990000 3.516667 2.000000
v -4.990532 4.000000 1.998714
v -4.992929 4.000000 1.992929
v -4.990000 4.000000 2.000000
v -4.990532 4.000000 1.998714
v -5.000000 3.500000 2.000000
v -4.957573 3.600000 1.957574
v -4.940000 3.600000 2.000000
v -5.000000 3.500000 2.000000
v -4.940000 3.600000 2.000000
v -4.957573 3.600000 2.042426
v -5.000000 3.500000 2.000000
v -4.957573 3.600000 2.042426
v -5.000000 3.600000 2.060000
v -5.000000 3.500000 2.000000
v -5.000000 3.600000 2.060000
v -5.042426 3.600000 2.042426
v -5.000000 3.500000 2.000000
v -5.000000 3.600000 1.940000
v -4.957573 3.600000 1.957574
v -5.000000 3.500000 2.000000
v -5.042426 3.600000 1.957574
v -5.000000 3.600000 1.940000
v -5.000000 3.500000 2.000000
v -5.060000 3.600000 2.000000
v -5.042426 3.600000 1.957574
v -5.000000 3.500000 2.000000
v -5.042426 3.600000 2.042426
v -5.060000 3.600000 2.000000
v -5.060000 3.600000 2.000000
v -5.000000 3.600000 2.060000
v -4.957573 3.600000 2.042426
v -5.042426 3.600000 2.042426
v -4.940000 3.600000 2.000000
v -5.000000 3.600000 1.940000
v -4.957573 3.600000 1.957574
v -5.042426 3.600000 1.957574
v -4.993371 3.662500 2.007254
v -4.993813 3.662500 2.007437
v -4.994697 3.662500 2.007803
v -4.993813 3.808333 2.007437
v -4.994697 3.808333 2.007803
v -4.993813 3.954167 2.007437
v -4.994697 3.954167 2.007803
v -4.993371 3.954167 2.007254
v -4.999116 3.662500 2.009634
v -4.999558 3.662500 2.009817
v -4.998232 3.662500 2.009268
v -4.998232 3.808333 2.009268
v -4.999116 3.808333 2.009634
v -4.998232 3.954167 2.009268
v -4.999116 3.954167 2.009634
v -4.999558 3.954167 2.009817
v -4.993750 3.600000 2.007411
v -4.993371 3.600000 2.007254
v -4.993813 3.600000 2.007437
v -4.993750 3.600000 2.007411
v -4.999495 3.600000 2.009791
v -4.999116 3.600000 2.009634
v -4.999558 3.600000 2.009817
v -4.999495 3.600000 2.009791
v -4.992939 3.600000 2.007076
v -4.992929 3.600000 2.007071
v -4.992952 3.600000 2.007081
v -4.992939 3.600000 2.007076
v -4.992984 3.600000 2.007094
v -4.992952 3.600000 2.007081
v -4.993182 3.600000 2.007176
v -4.993125 3.600000 2.007152
v -4.998990 3.600000 2.009582
v -4.998485 3.600000 2.009372
v -4.998485 3.600000 2.009372
v -4.993939 3.600000 2.007489
v -4.993125 3.600000 2.007152
v -4.999989 3.600000 2.009996
v -4.999977 3.600000 2.009991
v -4.999977 3.600000 2.009991
v -4.999945 3.600000 2.009978
v -5.000000 3.600000 2.010000
v -4.999989 3.600000 2.009996
v -4.998990 3.600000 2.009582
v -4.999747 3.600000 2.009896
v -4.999804 3.600000 2.009919
v -4.999747 3.600000 2.009896
v -4.999945 3.600000 2.009978
v -5.000000 3.600000 2.010000
v -5.000643 3.600000 2.009734
v -5.007071 3.600000 2.007071
v -4.990183 3.662500 2.000442
v -4.990366 3.662500 2.000884
v -4.990732 3.662500 2.001768
v -4.990366 3.808333 2.000884
v -4.990732 3.808333 2.001768
v -4.990366 3.954167 2.000884
v -4.990732 3.954167 2.001768
v -4.990183 3.954167 2.000442
v -4.992563 3.662500 2.006187
v -4.992746 3.662500 2.006629
v -4.992197 3.662500 2.005303
v -4.992197 3.808333 2.005303
v -4.992563 3.808333 2.006187
v -4.992197 3.954167 2.005303
v -4.992563 3.954167 2.006187
v -4.992746 3.954167 2.006629
v -4.990340 3.600000 2.000821
v -4.990183 3.600000 2.000442
v -4.990366 3.600000 2.000884
v -4.990340 3.600000 2.000821
v -4.992720 3.600000 2.006566
v -4.992563 3.600000 2.006187
v -4.992746 3.600000 2.006629
v -4.992720 3.600000 2.006566
v -4.990005 3.600000 2.000011
v -4.990000 3.600000 2.000000
v -4.990010 3.600000 2.000023
v -4.990005 3.600000 2.000011
v -4.990023 3.600000 2.000055
v -4.990010 3.600000 2.000023
v -4.990105 3.600000 2.000252
v -4.990081 3.600000 2.000196
v -4.990628 3.600000 2.001515
v -4.990418 3.600000 2.001010
v -4.992510 3.600000 2.006061
v -4.990628 3.600000 2.001515
v -4.990418 3.600000 2.001010
v -4.990081 3.600000 2.000196
v -4.992919 3.600000 2.007048
v -4.992906 3.600000 2.007016
v -4.992925 3.600000 2.007060
v -4.992929 3.600000 2.007071
v -4.992925 3.600000 2.007060
v -4.992510 3.600000 2.006061
v -4.992825 3.600000 2.006819
v -4.992746 3.600000 2.006629
v -4.992847 3.600000 2.006875
v -4.992825 3.600000 2.006819
v -4.992906 3.600000 2.007016
v -4.993535 4.000000 2.007322
v -4.993371 4.000000 2.007254
v -4.993813 4.000000 2.007437
v -4.993535 4.000000 2.007322
v -4.999280 4.000000 2.009702
v -4.999116 4.000000 2.009634
v -4.999558 4.000000 2.009817
v -4.994141 4.000000 2.007573
v -4.993813 4.000000 2.007437
v -4.995454 4.000000 2.008117
v -4.998788 4.000000 2.009498
v -4.995454 4.000000 2.008117
v -4.993371 4.000000 2.007254
v -4.993232 4.000000 2.007197
v -4.999116 4.000000 2.009634
v -4.998788 4.000000 2.009498
v -4.999697 4.000000 2.009875
v -4.999558 4.000000 2.009817
v -4.993026 4.000000 2.007111
v -4.993024 4.000000 2.007111
v -4.993024 4.000000 2.007111
v -4.992929 4.000000 2.007071
v -4.993136 4.000000 2.007157
v -4.993026 4.000000 2.007111
v -4.993136 4.000000 2.007157
v -4.993136 4.000000 2.007157
v -4.993232 4.000000 2.007197
v -4.999903 4.000000 2.009960
v -4.999793 4.000000 2.009914
v -4.999793 4.000000 2.009914
v -4.999793 4.000000 2.009914
v -4.999793 4.000000 2.009914
v -4.999697 4.000000 2.009875
v -5.000000 4.000000 2.010000
v -4.999905 4.000000 2.009961
v -4.999905 4.000000 2.009961
v -4.999903 4.000000 2.009960
v -5.005785 4.000000 2.007604
v -5.000129 4.000000 2.009947
v -5.000129 4.000000 2.009947
v -5.000000 4.000000 2.010000
v -5.007071 4.000000 2.007071
v -4.990251 4.000000 2.000606
v -4.990183 4.000000 2.000442
v -4.990366 4.000000 2.000884
v -4.990251 4.000000 2.000606
v -4.992631 4.000000 2.006351
v -4.992563 4.000000 2.006187
v -4.992746 4.000000 2.006629
v -4.992631 4.000000 2.006351
v -4.990502 4.000000 2.001212
v -4.990366 4.000000 2.000884
v -4.991046 4.000000 2.002526
v -4.990502 4.000000 2.001212
v -4.992427 4.000000 2.005859
v -4.990126 4.000000 2.000303
v -4.992563 4.000000 2.006187
v -4.992427 4.000000 2.005859
v -4.992804 4.000000 2.006768
v -4.990040 4.000000 2.000097
v -4.990039 4.000000 2.000095
v -4.990039 4.000000 2.000095
v -4.990000 4.000000 2.000000
v -4.990086 4.000000 2.000207
v -4.990086 4.000000 2.000207
v -4.990086 4.000000 2.000207
v -4.990126 4.000000 2.000303
v -4.992843 4.000000 2.006863
v -4.992804 4.000000 2.006768
v -4.992889 4.000000 2.006974
v -4.992843 4.000000 2.006863
v -4.992843 4.000000 2.006863
v -4.992843 4.000000 2.006863
v -4.992929 4.000000 2.007071
v -4.992889 4.000000 2.006976
v -4.992889 4.000000 2.006974
v -4.992889 4.000000 2.006976
v -5.009734 3.600000 1.999357
v -5.010000 3.600000 2.000000
v -5.007071 3.600000 1.992929
v -5.009734 3.600000 1.999357
v -5.006629 3.662500 1.992746
v -5.006187 3.662500 1.992563
v -5.005303 3.662500 1.992197
v -5.006187 3.808333 1.992563
v -5.005303 3.808333 1.992197
v -5.006187 3.954167 1.992563
v -5.005303 3.954167 1.992197
v -5.006629 3.954167 1.992746
v -5.000884 3.662500 1.990366
v -5.000442 3.662500 1.990183
v -5.001768 3.662500 1.990732
v -5.001768 3.808333 1.990732
v -5.000884 3.808333 1.990366
v -5.001768 3.954167 1.990732
v -5.000884 3.954167 1.990366
v -5.000442 3.954167 1.990183
v -5.006250 3.600000 1.992589
v -5.006629 3.600000 1.992746
v -5.006187 3.600000 1.992563
v -5.006250 3.600000 1.992589
v -5.000505 3.600000 1.990209
v -5.000884 3.600000 1.990366
v -5.000442 3.600000 1.990183
v -5.000505 3.600000 1.990209
v -5.007048 3.600000 1.992919
v -5.007061 3.600000 1.992925
v -5.007061 3.600000 1.992925
v -5.007071 3.600000 1.992929
v -5.007016 3.600000 1.992906
v -5.007048 3.600000 1.992919
v -5.006819 3.600000 1.992824
v -5.006875 3.600000 1.992848
v -5.006061 3.600000 1.992510
v -5.006629 3.600000 1.992746
v -5.006819 3.600000 1.992824
v -5.006875 3.600000 1.992848
v -5.007016 3.600000 1.992906
v -5.001515 3.600000 1.990628
v -5.006061 3.600000 1.992510
v -5.001010 3.600000 1.990418
v -5.001515 3.600000 1.990628
v -5.000011 3.600000 1.990004
v -5.000023 3.600000 1.990009
v -5.000023 3.600000 1.990009
v -5.000055 3.600000 1.990022
v -5.000000 3.600000 1.990000
v -5.000011 3.600000 1.990004
v -5.000884 3.600000 1.990366
v -5.001010 3.600000 1.990418
v -5.000253 3.600000 1.990104
v -5.000196 3.600000 1.990081
v -5.000253 3.600000 1.990104
v -5.000055 3.600000 1.990022
v -5.000196 3.600000 1.990081
v -4.999357 3.600000 1.990266
v -5.000000 3.600000 1.990000
v -4.992929 3.600000 1.992929
v -4.999357 3.600000 1.990266
v -5.007604 4.000000 1.994215
v -5.009947 4.000000 1.999871
v -5.009947 4.000000 1.999871
v -5.010000 4.000000 2.000000
v -5.007071 4.000000 1.992929
v -5.007604 4.000000 1.994215
v -5.006465 4.000000 1.992678
v -5.006629 4.000000 1.992746
v -5.006187 4.000000 1.992563
v -5.006465 4.000000 1.992678
v -5.000720 4.000000 1.990298
v -5.000884 4.000000 1.990366
v -5.000442 4.000000 1.990183
v -5.000720 4.000000 1.990298
v -5.001212 4.000000 1.990502
v -5.004546 4.000000 1.991883
v -5.004546 4.000000 1.991883
v -5.005859 4.000000 1.992427
v -5.005859 4.000000 1.992427
v -5.006187 4.000000 1.992563
v -5.006768 4.000000 1.992803
v -5.000884 4.000000 1.990366
v -5.000303 4.000000 1.990125
v -5.000442 4.000000 1.990183
v -5.006863 4.000000 1.992843
v -5.006863 4.000000 1.992843
v -5.006974 4.000000 1.992889
v -5.006974 4.000000 1.992889
v -5.006976 4.000000 1.992890
v -5.006976 4.000000 1.992890
v -5.007071 4.000000 1.992929
v -5.006768 4.000000 1.992803
v -5.006863 4.000000 1.992843
v -5.000097 4.000000 1.990040
v -5.000207 4.000000 1.990086
v -5.000207 4.000000 1.990086
v -5.000207 4.000000 1.990086
v -5.000207 4.000000 1.990086
v -5.000303 4.000000 1.990125
v -5.000000 4.000000 1.990000
v -5.000095 4.000000 1.990039
v -5.000095 4.000000 1.990039
v -5.000097 4.000000 1.990040
v -4.994215 4.000000 1.992396
v -4.999871 4.000000 1.990053
v -4.999871 4.000000 1.990053
v -5.000000 4.000000 1.990000
v -4.992929 4.000000 1.992929
v -4.994215 4.000000 1.992396
v -4.007071 3.550000 2.007071
v -4.010000 3.550000 2.000000
v -4.007071 3.516667 2.007071
v -4.010000 3.516667 2.000000
v -4.009468 4.000000 2.001286
v -4.007071 4.000000 2.007071
v -4.010000 4.000000 2.000000
v -4.009468 4.000000 2.001286
v -3.992929 3.550000 1.992929
v -3.990000 3.550000 2.000000
v -3.992929 3.516667 1.992929
v -3.990000 3.516667 2.000000
v -3.990533 4.000000 1.998714
v -3.992929 4.000000 1.992929
v -3.990000 4.000000 2.000000
v -3.990533 4.000000 1.998714
v -4.000000 3.500000 2.000000
v -3.957574 3.600000 1.957574
v -3.940000 3.600000 2.000000
v -4.000000 3.500000 2.000000
v -3.940000 3.600000 2.000000
v -3.957574 3.600000 2.042426
v -4.000000 3.500000 2.000000
v -3.957574 3.600000 2.042426
v -4.000000 3.600000 2.060000
v -4.000000 3.500000 2.000000
v -4.000000 3.600000 2.060000
v -4.042426 3.600000 2.042426
v -4.000000 3.500000 2.000000
v -4.000000 3.600000 1.940000
v -3.957574 3.600000 1.957574
v -4.000000 3.500000 2.000000
v -4.042426 3.600000 1.957574
v -4.000000 3.600000 1.940000
v -4.000000 3.500000 2.000000
v -4.060000 3.600000 2.000000
v -4.042426 3.600000 1.957574
v -4.000000 3.500000 2.000000
v -4.042426 3.600000 2.042426
v -4.060000 3.600000 2.000000
v -4.060000 3.600000 2.000000
v -4.000000 3.600000 2.060000
v -3.957574 3.600000 2.042426
v -4.042426 3.600000 2.042426
v -3.940000 3.600000 2.000000
v -4.000000 3.600000 1.940000
v -3.957574 3.600000 1.957574
v -4.042426 3.600000 1.957574
v -3.993371 3.662500 2.007254
v -3.993813 3.662500 2.007437
v -3.994697 3.662500 2.007803
v -3.993813 3.808333 2.007437
v -3.994697 3.808333 2.007803
v -3.993813 3.954167 2.007437
v -3.994697 3.954167 2.007803
v -3.993371 3.954167 2.007254
v -3.999116 3.662500 2.009634
v -3.999558 3.662500 2.009817
v -3.998232 3.662500 2.009268
v -3.998232 3.808333 2.009268
v -3.999116 3.808333 2.009634
v -3.998232 3.954167 2.009268
v -3.999116 3.954167 2.009634
v -3.999558 3.954167 2.009817
v -3.993750 3.600000 2.007411
v -3.993371 3.600000 2.007254
v -3.993813 3.600000 2.007437
v -3.993750 3.600000 2.007411
v -3.999495 3.600000 2.009791
v -3.999116 3.600000 2.009634
v -3.999558 3.600000 2.009817
v -3.999495 3.600000 2.009791
v -3.992940 3.600000 2.007076
v -3.992929 3.600000 2.007071
v -3.992952 3.600000 2.007081
v -3.992940 3.600000 2.007076
v -3.992984 3.600000 2.007094
v -3.992952 3.600000 2.007081
v -3.993181 3.600000 2.007176
v -3.993125 3.600000 2.007152
v -3.998990 3.600000 2.009582
v -3.998485 3.600000 2.009372
v -3.998485 3.600000 2.009372
v -3.993939 3.600000 2.007489
v -3.993125 3.600000 2.007152
v -3.999989 3.600000 2.009996
v -3.999977 3.600000 2.009991
v -3.999977 3.600000 2.009991
v -3.999945 3.600000 2.009978
v -4.000000 3.600000 2.010000
v -3.999989 3.600000 2.009996
v -3.998990 3.600000 2.009582
v -3.999748 3.600000 2.009896
v -3.999804 3.600000 2.009919
v -3.999748 3.600000 2.009896
v -3.999945 3.600000 2.009978
v -4.000000 3.600000 2.010000
v -4.000643 3.600000 2.009734
v -4.007071 3.600000 2.007071
v -3.990183 3.662500 2.000442
v -3.990366 3.662500 2.000884
v -3.990732 3.662500 2.001768
v -3.990366 3.808333 2.000884
v -3.990732 3.808333 2.001768
v -3.990366 3.954167 2.000884
v -3.990732 3.954167 2.001768
v -3.990183 3.954167 2.000442
v -3.992563 3.662500 2.006187
v -3.992746 3.662500 2.006629
v -3.992197 3.662500 2.005303
v -3.992197 3.808333 2.005303
v -3.992563 3.808333 2.006187
v -3.992197 3.954167 2.005303
v -3.992563 3.954167 2.006187
v -3.992746 3.954167 2.006629
v -3.990340 3.600000 2.000821
v -3.990183 3.600000 2.000442
v -3.990366 3.600000 2.000884
v -3.990340 3.600000 2.000821
v -3.992720 3.600000 2.006566
v -3.992563 3.600000 2.006187
v -3.992746 3.600000 2.006629
v -3.992720 3.600000 2.006566
v -3.990005 3.600000 2.000011
v -3.990000 3.600000 2.000000
v -3.990010 3.600000 2.000023
v -3.990005 3.600000 2.000011
v -3.990023 3.600000 2.000055
v -3.990010 3.600000 2.000023
v -3.990105 3.600000 2.000252
v -3.990081 3.600000 2.000196
v -3.990628 3.600000 2.001515
v -3.990418 3.600000 2.001010
v -3.992511 3.600000 2.006061
v -3.990628 3.600000 2.001515
v -3.990418 3.600000 2.001010
v -3.990081 3.600000 2.000196
v -3.992919 3.600000 2.007048
v -3.992906 3.600000 2.007016
v -3.992924 3.600000 2.007060
v -3.992929 3.600000 2.007071
v -3.992924 3.600000 2.007060
v -3.992511 3.600000 2.006061
v -3.992824 3.600000 2.006819
v -3.992746 3.600000 2.006629
v -3.992848 3.600000 2.006875
v -3.992824 3.600000 2.006819
v -3.992906 3.600000 2.007016
v -3.993535 4.000000 2.007322
v -3.993371 4.000000 2.007254
v -3.993813 4.000000 2.007437
v -3.993535 4.000000 2.007322
v -3.999280 4.000000 2.009702
v -3.999116 4.000000 2.009634
v -3.999558 4.000000 2.009817
v -3.994141 4.000000 2.007573
v -3.993813 4.000000 2.007437
v -3.995454 4.000000 2.008117
v -3.998788 4.000000 2.009498
v -3.995454 4.000000 2.008117
v -3.993371 4.000000 2.007254
v -3.993232 4.000000 2.007197
v -3.999116 4.000000 2.009634
v -3.998788 4.000000 2.009498
v -3.999697 4.000000 2.009875
v -3.999558 4.000000 2.009817
v -3.993026 4.000000 2.007111
v -3.993024 4.000000 2.007111
v -3.993024 4.000000 2.007111
v -3.992929 4.000000 2.007071
v -3.993137 4.000000 2.007157
v -3.993026 4.000000 2.007111
v -3.993137 4.000000 2.007157
v -3.993137 4.000000 2.007157
v -3.993232 4.000000 2.007197
v -3.999903 4.000000 2.009960
v -3.999792 4.000000 2.009914
v -3.999792 4.000000 2.009914
v -3.999792 4.000000 2.009914
v -3.999792 4.000000 2.009914
v -3.999697 4.000000 2.009875
v -4.000000 4.000000 2.010000
v -3.999905 4.000000 2.009961
v -3.999905 4.000000 2.009961
v -3.999903 4.000000 2.009960
v -4.005785 4.000000 2.007604
v -4.000129 4.000000 2.009947
v -4.000129 4.000000 2.009947
v -4.000000 4.000000 2.010000
v -4.007071 4.000000 2.007071
v -3.990251 4.000000 2.000606
v -3.990183 4.000000 2.000442
v -3.990366 4.000000 2.000884
v -3.990251 4.000000 2.000606
v -3.992631 4.000000 2.006351
v -3.992563 4.000000 2.006187
v -3.992746 4.000000 2.006629
v -3.992631 4.000000 2.006351
v -3.990502 4.000000 2.001212
v -3.990366 4.000000 2.000884
v -3.991046 4.000000 2.002526
v -3.990502 4.000000 2.001212
v -3.992427 4.000000 2.005859
v -3.990125 4.000000 2.000303
v -3.992563 4.000000 2.006187
v -3.992427 4.000000 2.005859
v -3.992803 4.000000 2.006768
v -3.990040 4.000000 2.000097
v -3.990040 4.000000 2.000095
v -3.990040 4.000000 2.000095
v -3.990000 4.000000 2.000000
v -3.990086 4.000000 2.000207
v -3.990086 4.000000 2.000207
v -3.990086 4.000000 2.000207
v -3.990125 4.000000 2.000303
v -3.992843 4.000000 2.006863
v -3.992803 4.000000 2.006768
v -3.992889 4.000000 2.006974
v -3.992843 4.000000 2.006863
v -3.992843 4.000000 2.006863
v -3.992843 4.000000 2.006863
v -3.992929 4.000000 2.007071
v -3.992889 4.000000 2.006976
v -3.992889 4.000000 2.006974
v -3.992889 4.000000 2.006976
v -4.009734 3.600000 1.999357
v -4.010000 3.600000 2.000000
v -4.007071 3.600000 1.992929
v -4.009734 3.600000 1.999357
v -4.006629 3.662500 1.992746
v -4.006187 3.662500 1.992563
v -4.005303 3.662500 1.992197
v -4.006187 3.808333 1.992563
v -4.005303 3.808333 1.992197
v -4.006187 3.954167 1.992563
v -4.005303 3.954167 1.992197
v -4.006629 3.954167 1.992746
v -4.000884 3.662500 1.990366
v -4.000442 3.662500 1.990183
v -4.001768 3.662500 1.990732
v -4.001768 3.808333 1.990732
v -4.000884 3.808333 1.990366
v -4.001768 3.954167 1.990732
v -4.000884 3.954167 1.990366
v -4.000442 3.954167 1.990183
v -4.006250 3.600000 1.992589
v -4.006629 3.600000 1.992746
v -4.006187 3.600000 1.992563
v -4.006250 3.600000 1.992589
v -4.000505 3.600000 1.990209
v -4.000884 3.600000 1.990366
v -4.000442 3.600000 1.990183
v -4.000505 3.600000 1.990209
v -4.007048 3.600000 1.992919
v -4.007061 3.600000 1.992925
v -4.007061 3.600000 1.992925
v -4.007071 3.600000 1.992929
v -4.007016 3.600000 1.992906
v -4.007048 3.600000 1.992919
v -4.006819 3.600000 1.992824
v -4.006875 3.600000 1.992848
v -4.006061 3.600000 1.992510
v -4.006629 3.600000 1.992746
v -4.006819 3.600000 1.992824
v -4.006875 3.600000 1.992848
v -4.007016 3.600000 1.992906
v -4.001515 3.600000 1.990628
v -4.006061 3.600000 1.992510
v -4.001010 3.600000 1.990418
v -4.001515 3.600000 1.990628
v -4.000011 3.600000 1.990004
v -4.000023 3.600000 1.990009
v -4.000023 3.600000 1.990009
v -4.000055 3.600000 1.990022
v -4.000000 3.600000 1.990000
v -4.000011 3.600000 1.990004
v -4.000884 3.600000 1.990366
v -4.001010 3.600000 1.990418
v -4.000253 3.600000 1.990104
v -4.000196 3.600000 1.990081
v -4.000253 3.600000 1.990104
v -4.000055 3.600000 1.990022
v -4.000196 3.600000 1.990081
v -3.999357 3.600000 1.990266
v -4.000000 3.600000 1.990000
v -3.992929 3.600000 1.992929
v -3.999357 3.600000 1.990266
v -4.007604 4.000000 1.994215
v -4.009947 4.000000 1.999871
v -4.009947 4.000000 1.999871
v -4.010000 4.000000 2.000000
v -4.007071 4.000000 1.992929
v -4.007604 4.000000 1.994215
v -4.006465 4.000000 1.992678
v -4.006629 4.000000 1.992746
v -4.006187 4.000000 1.992563
v -4.006465 4.000000 1.992678
v -4.000720 4.000000 1.990298
v -4.000884 4.000000 1.990366
v -4.000442 4.000000 1.990183
v -4.000720 4.000000 1.990298
v -4.001212 4.000000 1.990502
v -4.004546 4.000000 1.991883
v -4.004546 4.000000 1.991883
v -4.005859 4.000000 1.992427
v -4.005859 4.000000 1.992427
v -4.006187 4.000000 1.992563
v -4.006768 4.000000 1.992803
v -4.000884 4.000000 1.990366
v -4.000303 4.000000 1.990125
v -4.000442 4.000000 1.990183
v -4.006863 4.000000 1.992843
v -4.006863 4.000000 1.992843
v -4.006974 4.000000 1.992889
v -4.006974 4.000000 1.992889
v -4.006976 4.000000 1.992890
v -4.006976 4.000000 1.992890
v -4.007071 4.000000 1.992929
v -4.006768 4.000000 1.992803
v -4.006863 4.000000 1.992843
v -4.000097 4.000000 1.990040
v -4.000207 4.000000 1.990086
v -4.000207 4.000000 1.990086
v -4.000207 4.000000 1.990086
v -4.000207 4.000000 1.990086
v -4.000303 4.000000 1.990125
v -4.000000 4.000000 1.990000
v -4.000095 4.000000 1.990039
v -4.000095 4.000000 1.990039
v -4.000097 4.000000 1.990040
v -3.994215 4.000000 1.992396
v -3.999871 4.000000 1.990053
v -3.999871 4.000000 1.990053
v -4.000000 4.000000 1.990000
v -3.992929 4.000000 1.992929
v -3.994215 4.000000 1.992396
v -5.007071 3.550000 0.007071
v -5.010000 3.550000 0.000000
v -5.007071 3.516667 0.007071
v -5.010000 3.516667 0.000000
v -5.009468 4.000000 0.001286
v -5.007071 4.000000 0.007071
v -5.010000 4.000000 0.000000
v -5.009468 4.000000 0.001286
v -4.992929 3.550000 -0.007071
v -4.990000 3.550000 0.000000
v -4.992929 3.516667 -0.007071
v -4.990000 3.516667 0.000000
v -4.990532 4.000000 -0.001286
v -4.992929 4.000000 -0.007071
v -4.990000 4.000000 0.000000
v -4.990532 4.000000 -0.001286
v -5.000000 3.500000 0.000000
v -4.957573 3.600000 -0.042426
v -4.940000 3.600000 0.000000
v -5.000000 3.500000 0.000000
v -4.940000 3.600000 0.000000
v -4.957573 3.600000 0.042426
v -5.000000 3.500000 0.000000
v -4.957573 3.600000 0.042426
v -5.000000 3.600000 0.060000
v -5.000000 3.500000 0.000000
v -5.000000 3.600000 0.060000
v -5.042426 3.600000 0.042426
v -5.000000 3.500000 0.000000
v -5.000000 3.600000 -0.060000
v -4.957573 3.600000 -0.042426
v -5.000000 3.500000 0.000000
v -5.042426 3.600000 -0.042426
v -5.000000 3.600000 -0.060000
v -5.000000 3.500000 0.000000
v -5.060000 3.600000 0.000000
v -5.042426 3.600000 -0.042426
v -5.000000 3.500000 0.000000
v -5.042426 3.600000 0.042426
v -5.060000 3.600000 0.000000
v -5.060000 3.600000 0.000000
v -5.000000 3.600000 0.060000
v -4.957573 3.600000 0.042426
v -5.042426 3.600000 0.042426
v -4.940000 3.600000 0.000000
v -5.000000 3.600000 -0.060000
v -4.957573 3.600000 -0.042426
v -5.042426 3.600000 -0.042426
v -4.993371 3.662500 0.007254
v -4.993813 3.662500 0.007437
v -4.994697 3.662500 0.007803
v -4.993813 3.808333 0.007437
v -4.994697 3.808333 0.007803
v -4.993813 3.954167 0.007437
v -4.994697 3.954167 0.007803
v -4.993371 3.954167 0.007254
v -4.999116 3.662500 0.009634
v -4.999558 3.662500 0.009817
v -4.998232 3.662500 0.009268
v -4.998232 3.808333 0.009268
v -4.999116 3.808333 0.009634
v -4.998232 3.954167 0.009268
v -4.999116 3.954167 0.009634
v -4.999558 3.954167 0.009817
v -4.993750 3.600000 0.007411
v -4.993371 3.600000 0.007254
v -4.993813 3.600000 0.007437
v -4.993750 3.600000 0.007411
v -4.999495 3.600000 0.009791
v -4.999116 3.600000 0.009634
v -4.999558 3.600000 0.009817
v -4.999495 3.600000 0.009791
v -4.992939 3.600000 0.007075
v -4.992929 3.600000 0.007071
v -4.992952 3.600000 0.007081
v -4.992939 3.600000 0.007075
v -4.992984 3.600000 0.007094
v -4.992952 3.600000 0.007081
v -4.993182 3.600000 0.007176
v -4.993125 3.600000 0.007152
v -4.998990 3.600000 0.009582
v -4.998485 3.600000 0.009373
v -4.998485 3.600000 0.009373
v -4.993939 3.600000 0.007490
v -4.993125 3.600000 0.007152
v -4.999989 3.600000 0.009996
v -4.999977 3.600000 0.009991
v -4.999977 3.600000 0.009991
v -4.999945 3.600000 0.009978
v -5.000000 3.600000 0.010000
v -4.999989 3.600000 0.009996
v -4.998990 3.600000 0.009582
v -4.999747 3.600000 0.009896
v -4.999804 3.600000 0.009919
v -4.999747 3.600000 0.009896
v -4.999945 3.600000 0.009978
v -5.000000 3.600000 0.010000
v -5.000643 3.600000 0.009734
v -5.007071 3.600000 0.007071
v -4.990183 3.662500 0.000442
v -4.990366 3.662500 0.000884
v -4.990732 3.662500 0.001768
v -4.990366 3.808333 0.000884
v -4.990732 3.808333 0.001768
v -4.990366 3.954167 0.000884
v -4.990732 3.954167 0.001768
v -4.990183 3.954167 0.000442
v -4.992563 3.662500 0.006187
v -4.992746 3.662500 0.006629
v -4.992197 3.662500 0.005303
v -4.992197 3.808333 0.005303
v -4.992563 3.808333 0.006187
v -4.992197 3.954167 0.005303
v -4.992563 3.954167 0.006187
v -4.992746 3.954167 0.006629
v -4.990340 3.600000 0.000821
v -4.990183 3.600000 0.000442
v -4.990366 3.600000 0.000884
v -4.990340 3.600000 0.000821
v -4.992720 3.600000 0.006566
v -4.992563 3.600000 0.006187
v -4.992746 3.600000 0.006629
v -4.992720 3.600000 0.006566
v -4.990005 3.600000 0.000011
v -4.990000 3.600000 0.000000
v -4.990010 3.600000 0.000023
v -4.990005 3.600000 0.000011
v -4.990023 3.600000 0.000055
v -4.990010 3.600000 0.000023
v -4.990105 3.600000 0.000252
v -4.990081 3.600000 0.000196
v -4.990628 3.600000 0.001515
v -4.990418 3.600000 0.001010
v -4.992510 3.600000 0.006061
v -4.990628 3.600000 0.001515
v -4.990418 3.600000 0.001010
v -4.990081 3.600000 0.000196
v -4.992919 3.600000 0.007048
v -4.992906 3.600000 0.007016
v -4.992925 3.600000 0.007060
v -4.992929 3.600000 0.007071
v -4.992925 3.600000 0.007060
v -4.992510 3.600000 0.006061
v -4.992825 3.600000 0.006819
v -4.992746 3.600000 0.006629
v -4.992847 3.600000 0.006875
v -4.992825 3.600000 0.006819
v -4.992906 3.600000 0.007016
v -4.993535 4.000000 0.007322
v -4.993371 4.000000 0.007254
v -4.993813 4.000000 0.007437
v -4.993535 4.000000 0.007322
v -4.999280 4.000000 0.009702
v -4.999116 4.000000 0.009634
v -4.999558 4.000000 0.009817
v -4.994141 4.000000 0.007573
v -4.993813 4.000000 0.007437
v -4.995454 4.000000 0.008117
v -4.998788 4.000000 0.009498
v -4.995454 4.000000 0.008117
v -4.993371 4.000000 0.007254
v -4.993232 4.000000 0.007197
v -4.999116 4.000000 0.009634
v -4.998788 4.000000 0.009498
v -4.999697 4.000000 0.009875
v -4.999558 4.000000 0.009817
v -4.993026 4.000000 0.007111
v -4.993024 4.000000 0.007111
v -4.993024 4.000000 0.007111
v -4.992929 4.000000 0.007071
v -4.993136 4.000000 0.007157
v -4.993026 4.000000 0.007111
v -4.993136 4.000000 0.007157
v -4.993136 4.000000 0.007157
v -4.993232 4.000000 0.007197
v -4.999903 4.000000 0.009960
v -4.999793 4.000000 0.009914
v -4.999793 4.000000 0.009914
v -4.999793 4.000000 0.009914
v -4.999793 4.000000 0.009914
v -4.999697 4.000000 0.009875
v -5.000000 4.000000 0.010000
v -4.999905 4.000000 0.009961
v -4.999905 4.000000 0.009961
v -4.999903 4.000000 0.009960
v -5.005785 4.000000 0.007604
v -5.000129 4.000000 0.009947
v -5.000129 4.000000 0.009947
v -5.000000 4.000000 0.010000
v -5.007071 4.000000 0.007071
v -4.990251 4.000000 0.000606
v -4.990183 4.000000 0.000442
v -4.990366 4.000000 0.000884
v -4.990251 4.000000 0.000606
v -4.992631 4.000000 0.006351
v -4.992563 4.000000 0.006187
v -4.992746 4.000000 0.006629
v -4.992631 4.000000 0.006351
v -4.990502 4.000000 0.001212
v -4.990366 4.000000 0.000884
v -4.991046 4.000000 0.002526
v -4.990502 4.000000 0.001212
v -4.992427 4.000000 0.005859
v -4.990126 4.000000 0.000303
v -4.992563 4.000000 0.006187
v -4.992427 4.000000 0.005859
v -4.992804 4.000000 0.006768
v -4.990040 4.000000 0.000097
v -4.990039 4.000000 0.000095
v -4.990039 4.000000 0.000095
v -4.990000 4.000000 0.000000
v -4.990086 4.000000 0.000207
v -4.990086 4.000000 0.000207
v -4.990086 4.000000 0.000207
v -4.990126 4.000000 0.000303
v -4.992843 4.000000 0.006863
v -4.992804 4.000000 0.006768
v -4.992889 4.000000 0.006974
v -4.992843 4.000000 0.006863
v -4.992843 4.000000 0.006863
v -4.992843 4.000000 0.006863
v -4.992929 4.000000 0.007071
v -4.992889 4.000000 0.006976
v -4.992889 4.000000 0.006974
v -4.992889 4.000000 0.006976
v -5.009734 3.600000 -0.000643
v -5.010000 3.600000 0.000000
v -5.007071 3.600000 -0.007071
v -5.009734 3.600000 -0.000643
v -5.006629 3.662500 -0.007254
v -5.006187 3.662500 -0.007437
v -5.005303 3.662500 -0.007803
v -5.006187 3.808333 -0.007437
v -5.005303 3.808333 -0.007803
v -5.006187 3.954167 -0.007437
v -5.005303 3.954167 -0.007803
v -5.006629 3.954167 -0.007254
v -5.000884 3.662500 -0.009634
v -5.000442 3.662500 -0.009817
v -5.001768 3.662500 -0.009268
v -5.001768 3.808333 -0.009268
v -5.000884 3.808333 -0.009634
v -5.001768 3.954167 -0.009268
v -5.000884 3.954167 -0.009634
v -5.000442 3.954167 -0.009817
v -5.006250 3.600000 -0.007411
v -5.006629 3.600000 -0.007254
v -5.006187 3.600000 -0.007437
v -5.006250 3.600000 -0.007411
v -5.000505 3.600000 -0.009791
v -5.000884 3.600000 -0.009634
v -5.000442 3.600000 -0.009817
v -5.000505 3.600000 -0.009791
v -5.007048 3.600000 -0.007081
v -5.007061 3.600000 -0.007075
v -5.007061 3.600000 -0.007075
v -5.007071 3.600000 -0.007071
v -5.007016 3.600000 -0.007094
v -5.007048 3.600000 -0.007081
v -5.006819 3.600000 -0.007176
v -5.006875 3.600000 -0.007152
v -5.006061 3.600000 -0.007490
v -5.006629 3.600000 -0.007254
v -5.006819 3.600000 -0.007176
v -5.006875 3.600000 -0.007152
v -5.007016 3.600000 -0.007094
v -5.001515 3.600000 -0.009373
v -5.006061 3.600000 -0.007490
v -5.001010 3.600000 -0.009582
v -5.001515 3.600000 -0.009373
v -5.000011 3.600000 -0.009996
v -5.000023 3.600000 -0.009991
v -5.000023 3.600000 -0.009991
v -5.000055 3.600000 -0.009978
v -5.000000 3.600000 -0.010000
v -5.000011 3.600000 -0.009996
v -5.000884 3.600000 -0.009634
v -5.001010 3.600000 -0.009582
v -5.000253 3.600000 -0.009896
v -5.000196 3.600000 -0.009919
v -5.000253 3.600000 -0.009896
v -5.000055 3.600000 -0.009978
v -5.000196 3.600000 -0.009919
v -4.999357 3.600000 -0.009734
v -5.000000 3.600000 -0.010000
v -4.992929 3.600000 -0.007071
v -4.999357 3.600000 -0.009734
v -5.007604 4.000000 -0.005785
v -5.009947 4.000000 -0.000129
v -5.009947 4.000000 -0.000129
v -5.010000 4.000000 0.000000
v -5.007071 4.000000 -0.007071
v -5.007604 4.000000 -0.005785
v -5.006465 4.000000 -0.007322
v -5.006629 4.000000 -0.007254
v -5.006187 4.000000 -0.007437
v -5.006465 4.000000 -0.007322
v -5.000720 4.000000 -0.009702
v -5.000884 4.000000 -0.009634
v -5.000442 4.000000 -0.009817
v -5.000720 4.000000 -0.009702
v -5.001212 4.000000 -0.009498
v -5.004546 4.000000 -0.008117
v -5.004546 4.000000 -0.008117
v -5.005859 4.000000 -0.007573
v -5.005859 4.000000 -0.007573
v -5.006187 4.000000 -0.007437
v -5.006768 4.000000 -0.007197
v -5.000884 4.000000 -0.009634
v -5.000303 4.000000 -0.009875
v -5.000442 4.000000 -0.009817
v -5.006863 4.000000 -0.007157
v -5.006863 4.000000 -0.007157
v -5.006974 4.000000 -0.007111
v -5.006974 4.000000 -0.007111
v -5.006976 4.000000 -0.007111
v -5.006976 4.000000 -0.007111
v -5.007071 4.000000 -0.007071
v -5.006768 4.000000 -0.007197
v -5.006863 4.000000 -0.007157
v -5.000097 4.000000 -0.009960
v -5.000207 4.000000 -0.009914
v -5.000207 4.000000 -0.009914
v -5.000207 4.000000 -0.009914
v -5.000207 4.000000 -0.009914
v -5.000303 4.000000 -0.009875
v -5.000000 4.000000 -0.010000
v -5.000095 4.000000 -0.009961
v -5.000095 4.000000 -0.009961
v -5.000097 4.000000 -0.009960
v -4.994215 4.000000 -0.007604
v -4.999871 4.000000 -0.009947
v -4.999871 4.000000 -0.009947
v -5.000000 4.000000 -0.010000
v -4.992929 4.000000 -0.007071
v -4.994215 4.000000 -0.007604
v -4.007071 3.550000 0.007071
v -4.010000 3.550000 0.000000
v -4.007071 3.516667 0.007071
v -4.010000 3.516667 0.000000
v -4.009468 4.000000 0.001286
v -4.007071 4.000000 0.007071
v -4.010000 4.000000 0.000000
v -4.009468 4.000000 0.001286
v -3.992929 3.550000 -0.007071
v -3.990000 3.550000 0.000000
v -3.992929 3.516667 -0.007071
v -3.990000 3.516667 0.000000
v -3.990533 4.000000 -0.001286
v -3.992929 4.000000 -0.007071
v -3.990000 4.000000 0.000000
v -3.990533 4.000000 -0.001286
v -4.000000 3.500000 0.000000
v -3.957574 3.600000 -0.042426
v -3.940000 3.600000 0.000000
v -4.000000 3.500000 0.000000
v -3.940000 3.600000 0.000000
v -3.957574 3.600000 0.042426
v -4.000000 3.500000 0.000000
v -3.957574 3.600000 0.042426
v -4.000000 3.600000 0.060000
v -4.000000 3.500000 0.000000
v -4.000000 3.600000 0.060000
v -4.042426 3.600000 0.042426
v -4.000000 3.500000 0.000000
v -4.000000 3.600000 -0.060000
v -3.957574 3.600000 -0.042426
v -4.000000 3.500000 0.000000
v -4.042426 3.600000 -0.042426
v -4.000000 3.600000 -0.060000
v -4.000000 3.500000 0.000000
v -4.060000 3.600000 0.000000
v -4.042426 3.600000 -0.042426
v -4.000000 3.500000 0.000000
v -4.042426 3.600000 0.042426
v -4.060000 3.600000 0.000000
v -4.060000 3.600000 0.000000
v -4.000000 3.600000 0.060000
v -3.957574 3.600000 0.042426
v -4.042426 3.600000 0.042426
v -3.940000 3.600000 0.000000
v -4.000000 3.600000 -0.060000
v -3.957574 3.600000 -0.042426
v -4.042426 3.600000 -0.042426
v -3.993371 3.662500 0.007254
v -3.993813 3.662500 0.007437
v -3.994697 3.662500 0.007803
v -3.993813 3.808333 0.007437
v -3.994697 3.808333 0.007803
v -3.993813 3.954167 0.007437
v -3.994697 3.954167 0.007803
v -3.993371 3.954167 0.007254
v -3.999116 3.662500 0.009634
v -3.999558 3.662500 0.009817
v -3.998232 3.662500 0.009268
v -3.998232 3.808333 0.009268
v -3.999116 3.808333 0.009634
v -3.998232 3.954167 0.009268
v -3.999116 3.954167 0.009634
v -3.999558 3.954167 0.009817
v -3.993750 3.600000 0.007411
v -3.993371 3.600000 0.007254
v -3.993813 3.600000 0.007437
v -3.993750 3.600000 0.007411
v -3.999495 3.600000 0.009791
v -3.999116 3.600000 0.009634
v -3.999558 3.600000 0.009817
v -3.999495 3.600000 0.009791
v -3.992940 3.600000 0.007075
v -3.992929 3.600000 0.007071
v -3.992952 3.600000 0.007081
v -3.992940 3.600000 0.007075
v -3.992984 3.600000 0.007094
v -3.992952 3.600000 0.007081
v -3.993181 3.600000 0.007176
v -3.993125 3.600000 0.007152
v -3.998990 3.600000 0.009582
v -3.998485 3.600000 0.009373
v -3.998485 3.600000 0.009373
v -3.993939 3.600000 0.007490
v -3.993125 3.600000 0.007152
v -3.999989 3.600000 0.009996
v -3.999977 3.600000 0.009991
v -3.999977 3.600000 0.009991
v -3.999945 3.600000 0.009978
v -4.000000 3.600000 0.010000
v -3.999989 3.600000 0.009996
v -3.998990 3.600000 0.009582
v -3.999748 3.600000 0.009896
v -3.999804 3.600000 0.009919
v -3.999748 3.600000 0.009896
v -3.999945 3.600000 0.009978
v -4.000000 3.600000 0.010000
v -4.000643 3.600000 0.009734
v -4.007071 3.600000 0.007071
v -3.990183 3.662500 0.000442
v -3.990366 3.662500 0.000884
v -3.990732 3.662500 0.001768
v -3.990366 3.808333 0.000884
v -3.990732 3.808333 0.001768
v -3.990366 3.954167 0.000884
v -3.990732 3.954167 0.001768
v -3.990183 3.954167 0.000442
v -3.992563 3.662500 0.006187
v -3.992746 3.662500 0.006629
v -3.992197 3.662500 0.005303
v -3.992197 3.808333 0.005303
v -3.992563 3.808333 0.006187
v -3.992197 3.954167 0.005303
v -3.992563 3.954167 0.006187
v -3.992746 3.954167 0.006629
v -3.990340 3.600000 0.000821
v -3.990183 3.600000 0.000442
v -3.990366 3.600000 0.000884
v -3.990340 3.600000 0.000821
v -3.992720 3.600000 0.006566
v -3.992563 3.600000 0.006187
v -3.992746 3.600000 0.006629
v -3.992720 3.600000 0.006566
v -3.990005 3.600000 0.000011
v -3.990000 3.600000 0.000000
v -3.990010 3.600000 0.000023
v -3.990005 3.600000 0.000011
v -3.990023 3.600000 0.000055
v -3.990010 3.600000 0.000023
v -3.990105 3.600000 0.000252
v -3.990081 3.600000 0.000196
v -3.990628 3.600000 0.001515
v -3.990418 3.600000 0.001010
v -3.992511 3.600000 0.006061
v -3.990628 3.600000 0.001515
v -3.990418 3.600000 0.001010
v -3.990081 3.600000 0.000196
v -3.992919 3.600000 0.007048
v -3.992906 3.600000 0.007016
v -3.992924 3.600000 0.007060
v -3.992929 3.600000 0.007071
v -3.992924 3.600000 0.007060
v -3.992511 3.600000 0.006061
v -3.992824 3.600000 0.006819
v -3.992746 3.600000 0.006629
v -3.992848 3.600000 0.006875
v -3.992824 3.600000 0.006819
v -3.992906 3.600000 0.007016
v -3.993535 4.000000 0.007322
v -3.993371 4.000000 0.007254
v -3.993813 4.000000 0.007437
v -3.993535 4.000000 0.007322
v -3.999280 4.000000 0.009702
v -3.999116 4.000000 0.009634
v -3.999558 4.000000 0.009817
v -3.994141 4.000000 0.007573
v -3.993813 4.000000 0.007437
v -3.995454 4.000000 0.008117
v -3.998788 4.000000 0.009498
v -3.995454 4.000000 0.008117
v -3.993371 4.000000 0.007254
v -3.993232 4.000000 0.007197
v -3.999116 4.000000 0.009634
v -3.998788 4.000000 0.009498
v -3.999697 4.000000 0.009875
v -3.999558 4.000000 0.009817
v -3.993026 4.000000 0.007111
v -3.993024 4.000000 0.007111
v -3.993024 4.000000 0.007111
v -3.992929 4.000000 0.007071
v -3.993137 4.000000 0.007157
v -3.993026 4.000000 0.007111
v -3.993137 4.000000 0.007157
v -3.993137 4.000000 0.007157
v -3.993232 4.000000 0.007197
v -3.999903 4.000000 0.009960
v -3.999792 4.000000 0.009914
v -3.999792 4.000000 0.009914
v -3.999792 4.000000 0.009914
v -3.999792 4.000000 0.009914
v -3.999697 4.000000 0.009875
v -4.000000 4.000000 0.010000
v -3.999905 4.000000 0.009961
v -3.999905 4.000000 0.009961
v -3.999903 4.000000 0.009960
v -4.005785 4.000000 0.007604
v -4.000129 4.000000 0.009947
v -4.000129 4.000000 0.009947
v -4.000000 4.000000 0.010000
v -4.007071 4.000000 0.007071
v -3.990251 4.000000 0.000606
v -3.990183 4.000000 0.000442
v -3.990366 4.000000 0.000884
v -3.990251 4.000000 0.000606
v -3.992631 4.000000 0.006351
v -3.992563 4.000000 0.006187
v -3.992746 4.000000 0.006629
v -3.992631 4.000000 0.006351
v -3.990502 4.000000 0.001212
v -3.990366 4.000000 0.000884
v -3.991046 4.000000 0.002526
v -3.990502 4.000000 0.001212
v -3.992427 4.000000 0.005859
v -3.990125 4.000000 0.000303
v -3.992563 4.000000 0.006187
v -3.992427 4.000000 0.005859
v -3.992803 4.000000 0.006768
v -3.990040 4.000000 0.000097
v -3.990040 4.000000 0.000095
v -3.990040 4.000000 0.000095
v -3.990000 4.000000 0.000000
v -3.990086 4.000000 0.000207
v -3.990086 4.000000 0.000207
v -3.990086 4.000000 0.000207
v -3.990125 4.000000 0.000303
v -3.992843 4.000000 0.006863
v -3.992803 4.000000 0.006768
v -3.992889 4.000000 0.006974
v -3.992843 4.000000 0.006863
v -3.992843 4.000000 0.006863
v -3.992843 4.000000 0.006863
v -3.992929 4.000000 0.007071
v -3.992889 4.000000 0.006976
v -3.992889 4.000000 0.006974
v -3.992889 4.000000 0.006976
v -4.009734 3.600000 -0.000643
v -4.010000 3.600000 0.000000
v -4.007071 3.600000 -0.007071
v -4.009734 3.600000 -0.000643
v -4.006629 3.662500 -0.007254
v -4.006187 3.662500 -0.007437
v -4.005303 3.662500 -0.007803
v -4.006187 3.808333 -0.007437
v -4.005303 3.808333 -0.007803
v -4.006187 3.954167 -0.007437
v -4.005303 3.954167 -0.007803
v -4.006629 3.954167 -0.007254
v -4.000884 3.662500 -0.009634
v -4.000442 3.662500 -0.009817
v -4.001768 3.662500 -0.009268
v -4.001768 3.808333 -0.009268
v -4.000884 3.808333 -0.009634
v -4.001768 3.954167 -0.009268
v -4.000884 3.954167 -0.009634
v -4.000442 3.954167 -0.009817
v -4.006250 3.600000 -0.007411
v -4.006629 3.600000 -0.007254
v -4.006187 3.600000 -0.007437
v -4.006250 3.600000 -0.007411
v -4.000505 3.600000 -0.009791
v -4.000884 3.600000 -0.009634
v -4.000442 3.600000 -0.009817
v -4.000505 3.600000 -0.009791
v -4.007048 3.600000 -0.007081
v -4.007061 3.600000 -0.007075
v -4.007061 3.600000 -0.007075
v -4.007071 3.600000 -0.007071
v -4.007016 3.600000 -0.007094
v -4.007048 3.600000 -0.007081
v -4.006819 3.600000 -0.007176
v -4.006875 3.600000 -0.007152
v -4.006061 3.600000 -0.007490
v -4.006629 3.600000 -0.007254
v -4.006819 3.600000 -0.007176
v -4.006875 3.600000 -0.007152
v -4.007016 3.600000 -0.007094
v -4.001515 3.600000 -0.009373
v -4.006061 3.600000 -0.007490
v -4.001010 3.600000 -0.009582
v -4.001515 3.600000 -0.009373
v -4.000011 3.600000 -0.009996
v -4.000023 3.600000 -0.009991
v -4.000023 3.600000 -0.009991
v -4.000055 3.600000 -0.009978
v -4.000000 3.600000 -0.010000
v -4.000011 3.600000 -0.009996
v -4.000884 3.600000 -0.009634
v -4.001010 3.600000 -0.009582
v -4.000253 3.600000 -0.009896
v -4.000196 3.600000 -0.009919
v -4.000253 3.600000 -0.009896
v -4.000055 3.600000 -0.009978
v -4.000196 3.600000 -0.009919
v -3.999357 3.600000 -0.009734
v -4.000000 3.600000 -0.010000
v -3.992929 3.600000 -0.007071
v -3.999357 3.600000 -0.009734
v -4.007604 4.000000 -0.005785
v -4.009947 4.000000 -0.000129
v -4.009947 4.000000 -0.000129
v -4.010000 4.000000 0.000000
v -4.007071 4.000000 -0.007071
v -4.007604 4.000000 -0.005785
v -4.006465 4.000000 -0.007322
v -4.006629 4.000000 -0.007254
v -4.006187 4.000000 -0.007437
v -4.006465 4.000000 -0.007322
v -4.000720 4.000000 -0.009702
v -4.000884 4.000000 -0.009634
v -4.000442 4.000000 -0.009817
v -4.000720 4.000000 -0.009702
v -4.001212 4.000000 -0.009498
v -4.004546 4.000000 -0.008117
v -4.004546 4.000000 -0.008117
v -4.005859 4.000000 -0.007573
v -4.005859 4.000000 -0.007573
v -4.006187 4.000000 -0.007437
v -4.006768 4.000000 -0.007197
v -4.000884 4.000000 -0.009634
v -4.000303 4.000000 -0.009875
v -4.000442 4.000000 -0.009817
v -4.006863 4.000000 -0.007157
v -4.006863 4.000000 -0.007157
v -4.006974 4.000000 -0.007111
v -4.006974 4.000000 -0.007111
v -4.006976 4.000000 -0.007111
v -4.006976 4.000000 -0.007111
v -4.007071 4.000000 -0.007071
v -4.006768 4.000000 -0.007197
v -4.006863 4.000000 -0.007157
v -4.000097 4.000000 -0.009960
v -4.000207 4.000000 -0.009914
v -4.000207 4.000000 -0.009914
v -4.000207 4.000000 -0.009914
v -4.000207 4.000000 -0.009914
v -4.000303 4.000000 -0.009875
v -4.000000 4.000000 -0.010000
v -4.000095 4.000000 -0.009961
v -4.000095 4.000000 -0.009961
v -4.000097 4.000000 -0.009960
v -3.994215 4.000000 -0.007604
v -3.999871 4.000000 -0.009947
v -3.999871 4.000000 -0.009947
v -4.000000 4.000000 -0.010000
v -3.992929 4.000000 -0.007071
v -3.994215 4.000000 -0.007604
v -5.007071 2.700000 0.992929
v -5.010000 2.700000 1.000000
v -5.007071 2.733333 0.992929
v -5.010000 2.733333 1.000000
v -5.009468 2.250000 0.998714
v -5.007071 2.250000 0.992929
v -5.010000 2.250000 1.000000
v -5.009468 2.250000 0.998714
v -4.992929 2.700000 1.007071
v -4.990000 2.700000 1.000000
v -4.992929 2.733333 1.007071
v -4.990000 2.733333 1.000000
v -4.990532 2.250000 1.001286
v -4.992929 2.250000 1.007071
v -4.990000 2.250000 1.000000
v -4.990532 2.250000 1.001286
v -5.000000 2.750000 1.000000
v -4.957573 2.650000 1.042426
v -4.940000 2.650000 1.000000
v -5.000000 2.750000 1.000000
v -4.940000 2.650000 1.000000
v -4.957573 2.650000 0.957574
v -5.000000 2.750000 1.000000
v -4.957573 2.650000 0.957574
v -5.000000 2.650000 0.940000
v -5.000000 2.750000 1.000000
v -5.000000 2.650000 0.940000
v -5.042426 2.650000 0.957574
v -5.000000 2.750000 1.000000
v -5.000000 2.650000 1.060000
v -4.957573 2.650000 1.042426
v -5.000000 2.750000 1.000000
v -5.042426 2.650000 1.042426
v -5.000000 2.650000 1.060000
v -5.000000 2.750000 1.000000
v -5.060000 2.650000 1.000000
v -5.042426 2.650000 1.042426
v -5.000000 2.750000 1.000000
v -5.042426 2.650000 0.957574
v -5.060000 2.650000 1.000000
v -5.060000 2.650000 1.000000
v -5.000000 2.650000 0.940000
v -4.957573 2.650000 0.957574
v -5.042426 2.650000 0.957574
v -4.940000 2.650000 1.000000
v -5.000000 2.650000 1.060000
v -4.957573 2.650000 1.042426
v -5.042426 2.650000 1.042426
v -4.993371 2.587500 0.992746
v -4.993813 2.587500 0.992563
v -4.994697 2.587500 0.992197
v -4.993813 2.441667 0.992563
v -4.994697 2.441667 0.992197
v -4.993813 2.295833 0.992563
v -4.994697 2.295833 0.992197
v -4.993371 2.295833 0.992746
v -4.999116 2.587500 0.990366
v -4.999558 2.587500 0.990183
v -4.998232 2.587500 0.990732
v -4.998232 2.441667 0.990732
v -4.999116 2.441667 0.990366
v -4.998232 2.295833 0.990732
v -4.999116 2.295833 0.990366
v -4.999558 2.295833 0.990183
v -4.993750 2.650000 0.992589
v -4.993371 2.650000 0.992746
v -4.993813 2.650000 0.992563
v -4.993750 2.650000 0.992589
v -4.999495 2.650000 0.990209
v -4.999116 2.650000 0.990366
v -4.999558 2.650000 0.990183
v -4.999495 2.650000 0.990209
v -4.992939 2.650000 0.992925
v -4.992929 2.650000 0.992929
v -4.992952 2.650000 0.992919
v -4.992939 2.650000 0.992925
v -4.992984 2.650000 0.992906
v -4.992952 2.650000 0.992919
v -4.993182 2.650000 0.992824
v -4.993125 2.650000 0.992848
v -4.998990 2.650000 0.990418
v -4.998485 2.650000 0.990627
v -4.998485 2.650000 0.990627
v -4.993939 2.650000 0.992510
v -4.993125 2.650000 0.992848
v -4.999989 2.650000 0.990004
v -4.999977 2.650000 0.990009
v -4.999977 2.650000 0.990009
v -4.999945 2.650000 0.990022
v -5.000000 2.650000 0.990000
v -4.999989 2.650000 0.990004
v -4.998990 2.650000 0.990418
v -4.999747 2.650000 0.990104
v -4.999804 2.650000 0.990081
v -4.999747 2.650000 0.990104
v -4.999945 2.650000 0.990022
v -5.000000 2.650000 0.990000
v -5.000643 2.650000 0.990266
v -5.007071 2.650000 0.992929
v -4.990183 2.587500 0.999558
v -4.990366 2.587500 0.999116
v -4.990732 2.587500 0.998232
v -4.990366 2.441667 0.999116
v -4.990732 2.441667 0.998232
v -4.990366 2.295833 0.999116
v -4.990732 2.295833 0.998232
v -4.990183 2.295833 0.999558
v -4.992563 2.587500 0.993813
v -4.992746 2.587500 0.993371
v -4.992197 2.587500 0.994697
v -4.992197 2.441667 0.994697
v -4.992563 2.441667 0.993813
v -4.992197 2.295833 0.994697
v -4.992563 2.295833 0.993813
v -4.992746 2.295833 0.993371
v -4.990340 2.650000 0.999179
v -4.990183 2.650000 0.999558
v -4.990366 2.650000 0.999116
v -4.990340 2.650000 0.999179
v -4.992720 2.650000 0.993434
v -4.992563 2.650000 0.993813
v -4.992746 2.650000 0.993371
v -4.992720 2.650000 0.993434
v -4.990005 2.650000 0.999989
v -4.990000 2.650000 1.000000
v -4.990010 2.650000 0.999977
v -4.990005 2.650000 0.999989
v -4.990023 2.650000 0.999945
v -4.990010 2.650000 0.999977
v -4.990105 2.650000 0.999748
v -4.990081 2.650000 0.999804
v -4.990628 2.650000 0.998485
v -4.990418 2.650000 0.998990
v -4.992510 2.650000 0.993939
v -4.990628 2.650000 0.998485
v -4.990418 2.650000 0.998990
v -4.990081 2.650000 0.999804
v -4.992919 2.650000 0.992952
v -4.992906 2.650000 0.992984
v -4.992925 2.650000 0.992940
v -4.992929 2.650000 0.992929
v -4.992925 2.650000 0.992940
v -4.992510 2.650000 0.993939
v -4.992825 2.650000 0.993181
v -4.992746 2.650000 0.993371
v -4.992847 2.650000 0.993125
v -4.992825 2.650000 0.993181
v -4.992906 2.650000 0.992984
v -4.993535 2.250000 0.992678
v -4.993371 2.250000 0.992746
v -4.993813 2.250000 0.992563
v -4.993535 2.250000 0.992678
v -4.999280 2.250000 0.990298
v -4.999116 2.250000 0.990366
v -4.999558 2.250000 0.990183
v -4.994141 2.250000 0.992427
v -4.993813 2.250000 0.992563
v -4.995454 2.250000 0.991883
v -4.998788 2.250000 0.990502
v -4.995454 2.250000 0.991883
v -4.993371 2.250000 0.992746
v -4.993232 2.250000 0.992803
v -4.999116 2.250000 0.990366
v -4.998788 2.250000 0.990502
v -4.999697 2.250000 0.990125
v -4.999558 2.250000 0.990183
v -4.993026 2.250000 0.992889
v -4.993024 2.250000 0.992889
v -4.993024 2.250000 0.992889
v -4.992929 2.250000 0.992929
v -4.993136 2.250000 0.992843
v -4.993026 2.250000 0.992889
v -4.993136 2.250000 0.992843
v -4.993136 2.250000 0.992843
v -4.993232 2.250000 0.992803
v -4.999903 2.250000 0.990040
v -4.999793 2.250000 0.990086
v -4.999793 2.250000 0.990086
v -4.999793 2.250000 0.990086
v -4.999793 2.250000 0.990086
v -4.999697 2.250000 0.990125
v -5.000000 2.250000 0.990000
v -4.999905 2.250000 0.990039
v -4.999905 2.250000 0.990039
v -4.999903 2.250000 0.990040
v -5.005785 2.250000 0.992396
v -5.000129 2.250000 0.990053
v -5.000129 2.250000 0.990053
v -5.000000 2.250000 0.990000
v -5.007071 2.250000 0.992929
v -4.990251 2.250000 0.999394
v -4.990183 2.250000 0.999558
v -4.990366 2.250000 0.999116
v -4.990251 2.250000 0.999394
v -4.992631 2.250000 0.993649
v -4.992563 2.250000 0.993813
v -4.992746 2.250000 0.993371
v -4.992631 2.250000 0.993649
v -4.990502 2.250000 0.998788
v -4.990366 2.250000 0.999116
v -4.991046 2.250000 0.997474
v -4.990502 2.250000 0.998788
v -4.992427 2.250000 0.994141
v -4.990126 2.250000 0.999697
v -4.992563 2.250000 0.993813
v -4.992427 2.250000 0.994141
v -4.992804 2.250000 0.993232
v -4.990040 2.250000 0.999903
v -4.990039 2.250000 0.999905
v -4.990039 2.250000 0.999905
v -4.990000 2.250000 1.000000
v -4.990086 2.250000 0.999793
v -4.990086 2.250000 0.999793
v -4.990086 2.250000 0.999793
v -4.990126 2.250000 0.999697
v -4.992843 2.250000 0.993137
v -4.992804 2.250000 0.993232
v -4.992889 2.250000 0.993026
v -4.992843 2.250000 0.993137
v -4.992843 2.250000 0.993137
v -4.992843 2.250000 0.993137
v -4.992929 2.250000 0.992929
v -4.992889 2.250000 0.993024
v -4.992889 2.250000 0.993026
v -4.992889 2.250000 0.993024
v -5.009734 2.650000 1.000643
v -5.010000 2.650000 1.000000
v -5.007071 2.650000 1.007071
v -5.009734 2.650000 1.000643
v -5.006629 2.587500 1.007254
v -5.006187 2.587500 1.007437
v -5.005303 2.587500 1.007803
v -5.006187 2.441667 1.007437
v -5.005303 2.441667 1.007803
v -5.006187 2.295833 1.007437
v -5.005303 2.295833 1.007803
v -5.006629 2.295833 1.007254
v -5.000884 2.587500 1.009634
v -5.000442 2.587500 1.009817
v -5.001768 2.587500 1.009268
v -5.001768 2.441667 1.009268
v -5.000884 2.441667 1.009634
v -5.001768 2.295833 1.009268
v -5.000884 2.295833 1.009634
v -5.000442 2.295833 1.009817
v -5.006250 2.650000 1.007411
v -5.006629 2.650000 1.007254
v -5.006187 2.650000 1.007437
v -5.006250 2.650000 1.007411
v -5.000505 2.650000 1.009791
v -5.000884 2.650000 1.009634
v -5.000442 2.650000 1.009817
v -5.000505 2.650000 1.009791
v -5.007048 2.650000 1.007081
v -5.007061 2.650000 1.007075
v -5.007061 2.650000 1.007075
v -5.007071 2.650000 1.007071
v -5.007016 2.650000 1.007094
v -5.007048 2.650000 1.007081
v -5.006819 2.650000 1.007176
v -5.006875 2.650000 1.007152
v -5.006061 2.650000 1.007490
v -5.006629 2.650000 1.007254
v -5.006819 2.650000 1.007176
v -5.006875 2.650000 1.007152
v -5.007016 2.650000 1.007094
v -5.001515 2.650000 1.009372
v -5.006061 2.650000 1.007490
v -5.001010 2.650000 1.009582
v -5.001515 2.650000 1.009372
v -5.000011 2.650000 1.009996
v -5.000023 2.650000 1.009991
v -5.000023 2.650000 1.009991
v -5.000055 2.650000 1.009978
v -5.000000 2.650000 1.010000
v -5.000011 2.650000 1.009996
v -5.000884 2.650000 1.009634
v -5.001010 2.650000 1.009582
v -5.000253 2.650000 1.009896
v -5.000196 2.650000 1.009919
v -5.000253 2.650000 1.009896
v -5.000055 2.650000 1.009978
v -5.000196 2.650000 1.009919
v -4.999357 2.650000 1.009734
v -5.000000 2.650000 1.010000
v -4.992929 2.650000 1.007071
v -4.999357 2.650000 1.009734
v -5.007604 2.250000 1.005785
v -5.009947 2.250000 1.000129
v -5.009947 2.250000 1.000129
v -5.010000 2.250000 1.000000
v -5.007071 2.250000 1.007071
v -5.007604 2.250000 1.005785
v -5.006465 2.250000 1.007322
v -5.006629 2.250000 1.007254
v -5.006187 2.250000 1.007437
v -5.006465 2.250000 1.007322
v -5.000720 2.250000 1.009702
v -5.000884 2.250000 1.009634
v -5.000442 2.250000 1.009817
v -5.000720 2.250000 1.009702
v -5.001212 2.250000 1.009498
v -5.004546 2.250000 1.008117
v -5.004546 2.250000 1.008117
v -5.005859 2.250000 1.007573
v -5.005859 2.250000 1.007573
v -5.006187 2.250000 1.007437
v -5.006768 2.250000 1.007197
v -5.000884 2.250000 1.009634
v -5.000303 2.250000 1.009875
v -5.000442 2.250000 1.009817
v -5.006863 2.250000 1.007157
v -5.006863 2.250000 1.007157
v -5.006974 2.250000 1.007111
v -5.006974 2.250000 1.007111
v -5.006976 2.250000 1.007110
v -5.006976 2.250000 1.007110
v -5.007071 2.250000 1.007071
v -5.006768 2.250000 1.007197
v -5.006863 2.250000 1.007157
v -5.000097 2.250000 1.009960
v -5.000207 2.250000 1.009914
v -5.000207 2.250000 1.009914
v -5.000207 2.250000 1.009914
v -5.000207 2.250000 1.009914
v -5.000303 2.250000 1.009875
v -5.000000 2.250000 1.010000
v -5.000095 2.250000 1.009961
v -5.000095 2.250000 1.009961
v -5.000097 2.250000 1.009960
v -4.994215 2.250000 1.007604
v -4.999871 2.250000 1.009947
v -4.999871 2.250000 1.009947
v -5.000000 2.250000 1.010000
v -4.992929 2.250000 1.007071
v -4.994215 2.250000 1.007604
v -5.007071 2.700000 0.492929
v -5.010000 2.700000 0.500000
v -5.007071 2.733333 0.492929
v -5.010000 2.733333 0.500000
v -5.009468 2.250000 0.498714
v -5.007071 2.250000 0.492929
v -5.010000 2.250000 0.500000
v -5.009468 2.250000 0.498714
v -4.992929 2.700000 0.507071
v -4.990000 2.700000 0.500000
v -4.992929 2.733333 0.507071
v -4.990000 2.733333 0.500000
v -4.990532 2.250000 0.501286
v -4.992929 2.250000 0.507071
v -4.990000 2.250000 0.500000
v -4.990532 2.250000 0.501286
v -5.000000 2.750000 0.500000
v -4.957573 2.650000 0.542426
v -4.940000 2.650000 0.500000
v -5.000000 2.750000 0.500000
v -4.940000 2.650000 0.500000
v -4.957573 2.650000 0.457574
v -5.000000 2.750000 0.500000
v -4.957573 2.650000 0.457574
v -5.000000 2.650000 0.440000
v -5.000000 2.750000 0.500000
v -5.000000 2.650000 0.440000
v -5.042426 2.650000 0.457574
v -5.000000 2.750000 0.500000
v -5.000000 2.650000 0.560000
v -4.957573 2.650000 0.542426
v -5.000000 2.750000 0.500000
v -5.042426 2.650000 0.542426
v -5.000000 2.650000 0.560000
v -5.000000 2.750000 0.500000
v -5.060000 2.650000 0.500000
v -5.042426 2.650000 0.542426
v -5.000000 2.750000 0.500000
v -5.042426 2.650000 0.457574
v -5.060000 2.650000 0.500000
v -5.060000 2.650000 0.500000
v -5.000000 2.650000 0.440000
v -4.957573 2.650000 0.457574
v -5.042426 2.650000 0.457574
v -4.940000 2.650000 0.500000
v -5.000000 2.650000 0.560000
v -4.957573 2.650000 0.542426
v -5.042426 2.650000 0.542426
v -4.993371 2.587500 0.492746
v -4.993813 2.587500 0.492563
v -4.994697 2.587500 0.492197
v -4.993813 2.441667 0.492563
v -4.994697 2.441667 0.492197
v -4.993813 2.295833 0.492563
v -4.994697 2.295833 0.492197
v -4.993371 2.295833 0.492746
v -4.999116 2.587500 0.490366
v -4.999558 2.587500 0.490183
v -4.998232 2.587500 0.490732
v -4.998232 2.441667 0.490732
v -4.999116 2.441667 0.490366
v -4.998232 2.295833 0.490732
v -4.999116 2.295833 0.490366
v -4.999558 2.295833 0.490183
v -4.993750 2.650000 0.492589
v -4.993371 2.650000 0.492746
v -4.993813 2.650000 0.492563
v -4.993750 2.650000 0.492589
v -4.999495 2.650000 0.490209
v -4.999116 2.650000 0.490366
v -4.999558 2.650000 0.490183
v -4.999495 2.650000 0.490209
v -4.992939 2.650000 0.492925
v -4.992929 2.650000 0.492929
v -4.992952 2.650000 0.492919
v -4.992939 2.650000 0.492925
v -4.992984 2.650000 0.492906
v -4.992952 2.650000 0.492919
v -4.993182 2.650000 0.492824
v -4.993125 2.650000 0.492848
v -4.998990 2.650000 0.490418
v -4.998485 2.650000 0.490627
v -4.998485 2.650000 0.490627
v -4.993939 2.650000 0.492510
v -4.993125 2.650000 0.492848
v -4.999989 2.650000 0.490004
v -4.999977 2.650000 0.490009
v -4.999977 2.650000 0.490009
v -4.999945 2.650000 0.490022
v -5.000000 2.650000 0.490000
v -4.999989 2.650000 0.490004
v -4.998990 2.650000 0.490418
v -4.999747 2.650000 0.490104
v -4.999804 2.650000 0.490081
v -4.999747 2.650000 0.490104
v -4.999945 2.650000 0.490022
v -5.000000 2.650000 0.490000
v -5.000643 2.650000 0.490266
v -5.007071 2.650000 0.492929
v -4.990183 2.587500 0.499558
v -4.990366 2.587500 0.499116
v -4.990732 2.587500 0.498232
v -4.990366 2.441667 0.499116
v -4.990732 2.441667 0.498232
v -4.990366 2.295833 0.499116
v -4.990732 2.295833 0.498232
v -4.990183 2.295833 0.499558
v -4.992563 2.587500 0.493813
v -4.992746 2.587500 0.493371
v -4.992197 2.587500 0.494697
v -4.992197 2.441667 0.494697
v -4.992563 2.441667 0.493813
v -4.992197 2.295833 0.494697
v -4.992563 2.295833 0.493813
v -4.992746 2.295833 0.493371
v -4.990340 2.650000 0.499179
v -4.990183 2.650000 0.499558
v -4.990366 2.650000 0.499116
v -4.990340 2.650000 0.499179
v -4.992720 2.650000 0.493434
v -4.992563 2.650000 0.493813
v -4.992746 2.650000 0.493371
v -4.992720 2.650000 0.493434
v -4.990005 2.650000 0.499989
v -4.990000 2.650000 0.500000
v -4.990010 2.650000 0.499977
v -4.990005 2.650000 0.499989
v -4.990023 2.650000 0.499945
v -4.990010 2.650000 0.499977
v -4.990105 2.650000 0.499748
v -4.990081 2.650000 0.499804
v -4.990628 2.650000 0.498485
v -4.990418 2.650000 0.498990
v -4.992510 2.650000 0.493939
v -4.990628 2.650000 0.498485
v -4.990418 2.650000 0.498990
v -4.990081 2.650000 0.499804
v -4.992919 2.650000 0.492952
v -4.992906 2.650000 0.492984
v -4.992925 2.650000 0.492940
v -4.992929 2.650000 0.492929
v -4.992925 2.650000 0.492940
v -4.992510 2.650000 0.493939
v -4.992825 2.650000 0.493181
v -4.992746 2.650000 0.493371
v -4.992847 2.650000 0.493125
v -4.992825 2.650000 0.493181
v -4.992906 2.650000 0.492984
v -4.993535 2.250000 0.492678
v -4.993371 2.250000 0.492746
v -4.993813 2.250000 0.492563
v -4.993535 2.250000 0.492678
v -4.999280 2.250000 0.490298
v -4.999116 2.250000 0.490366
v -4.999558 2.250000 0.490183
v -4.994141 2.250000 0.492427
v -4.993813 2.250000 0.492563
v -4.995454 2.250000 0.491883
v -4.998788 2.250000 0.490502
v -4.995454 2.250000 0.491883
v -4.993371 2.250000 0.492746
v -4.993232 2.250000 0.492803
v -4.999116 2.250000 0.490366
v -4.998788 2.250000 0.490502
v -4.999697 2.250000 0.490125
v -4.999558 2.250000 0.490183
v -4.993026 2.250000 0.492889
v -4.993024 2.250000 0.492889
v -4.993024 2.250000 0.492889
v -4.992929 2.250000 0.492929
v -4.993136 2.250000 0.492843
v -4.993026 2.250000 0.492889
v -4.993136 2.250000 0.492843
v -4.993136 2.250000 0.492843
v -4.993232 2.250000 0.492803
v -4.999903 2.250000 0.490040
v -4.999793 2.250000 0.490086
v -4.999793 2.250000 0.490086
v -4.999793 2.250000 0.490086
v -4.999793 2.250000 0.490086
v -4.999697 2.250000 0.490125
v -5.000000 2.250000 0.490000
v -4.999905 2.250000 0.490039
v -4.999905 2.250000 0.490039
v -4.999903 2.250000 0.490040
v -5.005785 2.250000 0.492396
v -5.000129 2.250000 0.490053
v -5.000129 2.250000 0.490053
v -5.000000 2.250000 0.490000
v -5.007071 2.250000 0.492929
v -4.990251 2.250000 0.499394
v -4.990183 2.250000 0.499558
v -4.990366 2.250000 0.499116
v -4.990251 2.250000 0.499394
v -4.992631 2.250000 0.493649
v -4.992563 2.250000 0.493813
v -4.992746 2.250000 0.493371
v -4.992631 2.250000 0.493649
v -4.990502 2.250000 0.498788
v -4.990366 2.250000 0.499116
v -4.991046 2.250000 0.497474
v -4.990502 2.250000 0.498788
v -4.992427 2.250000 0.494141
v -4.990126 2.250000 0.499697
v -4.992563 2.250000 0.493813
v -4.992427 2.250000 0.494141
v -4.992804 2.250000 0.493232
v -4.990040 2.250000 0.499903
v -4.990039 2.250000 0.499905
v -4.990039 2.250000 0.499905
v -4.990000 2.250000 0.500000
v -4.990086 2.250000 0.499793
v -4.990086 2.250000 0.499793
v -4.990086 2.250000 0.499793
v -4.990126 2.250000 0.499697
v -4.992843 2.250000 0.493137
v -4.992804 2.250000 0.493232
v -4.992889 2.250000 0.493026
v -4.992843 2.250000 0.493137
v -4.992843 2.250000 0.493137
v -4.992843 2.250000 0.493137
v -4.992929 2.250000 0.492929
v -4.992889 2.250000 0.493024
v -4.992889 2.250000 0.493026
v -4.992889 2.250000 0.493024
v -5.009734 2.650000 0.500643
v -5.010000 2.650000 0.500000
v -5.007071 2.650000 0.507071
v -5.009734 2.650000 0.500643
v -5.006629 2.587500 0.507254
v -5.006187 2.587500 0.507437
v -5.005303 2.587500 0.507803
v -5.006187 2.441667 0.507437
v -5.005303 2.441667 0.507803
v -5.006187 2.295833 0.507437
v -5.005303 2.295833 0.507803
v -5.006629 2.295833 0.507254
v -5.000884 2.587500 0.509634
v -5.000442 2.587500 0.509817
v -5.001768 2.587500 0.509268
v -5.001768 2.441667 0.509268
v -5.000884 2.441667 0.509634
v -5.001768 2.295833 0.509268
v -5.000884 2.295833 0.509634
v -5.000442 2.295833 0.509817
v -5.006250 2.650000 0.507411
v -5.006629 2.650000 0.507254
v -5.006187 2.650000 0.507437
v -5.006250 2.650000 0.507411
v -5.000505 2.650000 0.509791
v -5.000884 2.650000 0.509634
v -5.000442 2.650000 0.509817
v -5.000505 2.650000 0.509791
v -5.007048 2.650000 0.507081
v -5.007061 2.650000 0.507075
v -5.007061 2.650000 0.507075
v -5.007071 2.650000 0.507071
v -5.007016 2.650000 0.507094
v -5.007048 2.650000 0.507081
v -5.006819 2.650000 0.507176
v -5.006875 2.650000 0.507152
v -5.006061 2.650000 0.507490
v -5.006629 2.650000 0.507254
v -5.006819 2.650000 0.507176
v -5.006875 2.650000 0.507152
v -5.007016 2.650000 0.507094
v -5.001515 2.650000 0.509373
v -5.006061 2.650000 0.507490
v -5.001010 2.650000 0.509582
v -5.001515 2.650000 0.509373
v -5.000011 2.650000 0.509996
v -5.000023 2.650000 0.509991
v -5.000023 2.650000 0.509991
v -5.000055 2.650000 0.509978
v -5.000000 2.650000 0.510000
v -5.000011 2.650000 0.509996
v -5.000884 2.650000 0.509634
v -5.001010 2.650000 0.509582
v -5.000253 2.650000 0.509896
v -5.000196 2.650000 0.509919
v -5.000253 2.650000 0.509896
v -5.000055 2.650000 0.509978
v -5.000196 2.650000 0.509919
v -4.999357 2.650000 0.509734
v -5.000000 2.650000 0.510000
v -4.992929 2.650000 0.507071
v -4.999357 2.650000 0.509734
v -5.007604 2.250000 0.505785
v -5.009947 2.250000 0.500129
v -5.009947 2.250000 0.500129
v -5.010000 2.250000 0.500000
v -5.007071 2.250000 0.507071
v -5.007604 2.250000 0.505785
v -5.006465 2.250000 0.507322
v -5.006629 2.250000 0.507254
v -5.006187 2.250000 0.507437
v -5.006465 2.250000 0.507322
v -5.000720 2.250000 0.509702
v -5.000884 2.250000 0.509634
v -5.000442 2.250000 0.509817
v -5.000720 2.250000 0.509702
v -5.001212 2.250000 0.509498
v -5.004546 2.250000 0.508117
v -5.004546 2.250000 0.508117
v -5.005859 2.250000 0.507573
v -5.005859 2.250000 0.507573
v -5.006187 2.250000 0.507437
v -5.006768 2.250000 0.507197
v -5.000884 2.250000 0.509634
v -5.000303 2.250000 0.509875
v -5.000442 2.250000 0.509817
v -5.006863 2.250000 0.507157
v -5.006863 2.250000 0.507157
v -5.006974 2.250000 0.507111
v -5.006974 2.250000 0.507111
v -5.006976 2.250000 0.507111
v -5.006976 2.250000 0.507111
v -5.007071 2.250000 0.507071
v -5.006768 2.250000 0.507197
v -5.006863 2.250000 0.507157
v -5.000097 2.250000 0.509960
v -5.000207 2.250000 0.509914
v -5.000207 2.250000 0.509914
v -5.000207 2.250000 0.509914
v -5.000207 2.250000 0.509914
v -5.000303 2.250000 0.509875
v -5.000000 2.250000 0.510000
v -5.000095 2.250000 0.509961
v -5.000095 2.250000 0.509961
v -5.000097 2.250000 0.509960
v -4.994215 2.250000 0.507604
v -4.999871 2.250000 0.509947
v -4.999871 2.250000 0.509947
v -5.000000 2.250000 0.510000
v -4.992929 2.250000 0.507071
v -4.994215 2.250000 0.507604
v -5.007071 2.700000 -0.007071
v -5.010000 2.700000 0.000000
v -5.007071 2.733333 -0.007071
v -5.010000 2.733333 0.000000
v -5.009468 2.250000 -0.001286
v -5.007071 2.250000 -0.007071
v -5.010000 2.250000 0.000000
v -5.009468 2.250000 -0.001286
v -4.992929 2.700000 0.007071
v -4.990000 2.700000 0.000000
v -4.992929 2.733333 0.007071
v -4.990000 2.733333 0.000000
v -4.990532 2.250000 0.001286
v -4.992929 2.250000 0.007071
v -4.990000 2.250000 0.000000
v -4.990532 2.250000 0.001286
v -5.000000 2.750000 0.000000
v -4.957573 2.650000 0.042426
v -4.940000 2.650000 0.000000
v -5.000000 2.750000 0.000000
v -4.940000 2.650000 0.000000
v -4.957573 2.650000 -0.042426
v -5.000000 2.750000 0.000000
v -4.957573 2.650000 -0.042426
v -5.000000 2.650000 -0.060000
v -5.000000 2.750000 0.000000
v -5.000000 2.650000 -0.060000
v -5.042426 2.650000 -0.042426
v -5.000000 2.750000 0.000000
v -5.000000 2.650000 0.060000
v -4.957573 2.650000 0.042426
v -5.000000 2.750000 0.000000
v -5.042426 2.650000 0.042426
v -5.000000 2.650000 0.060000
v -5.000000 2.750000 0.000000
v -5.060000 2.650000 0.000000
v -5.042426 2.650000 0.042426
v -5.000000 2.750000 0.000000
v -5.042426 2.650000 -0.042426
v -5.060000 2.650000 0.000000
v -5.060000 2.650000 0.000000
v -5.000000 2.650000 -0.060000
v -4.957573 2.650000 -0.042426
v -5.042426 2.650000 -0.042426
v -4.940000 2.650000 0.000000
v -5.000000 2.650000 0.060000
v -4.957573 2.650000 0.042426
v -5.042426 2.650000 0.042426
v -4.993371 2.587500 -0.007254
v -4.993813 2.587500 -0.007437
v -4.994697 2.587500 -0.007803
v -4.993813 2.441667 -0.007437
v -4.994697 2.441667 -0.007803
v -4.993813 2.295833 -0.007437
v -4.994697 2.295833 -0.007803
v -4.993371 2.295833 -0.007254
v -4.999116 2.587500 -0.009634
v -4.999558 2.587500 -0.009817
v -4.998232 2.587500 -0.009268
v -4.998232 2.441667 -0.009268
v -4.999116 2.441667 -0.009634
v -4.998232 2.295833 -0.009268
v -4.999116 2.295833 -0.009634
v -4.999558 2.295833 -0.009817
v -4.993750 2.650000 -0.007411
v -4.993371 2.650000 -0.007254
v -4.993813 2.650000 -0.007437
v -4.993750 2.650000 -0.007411
v -4.999495 2.650000 -0.009791
v -4.999116 2.650000 -0.009634
v -4.999558 2.650000 -0.009817
v -4.999495 2.650000 -0.009791
v -4.992939 2.650000 -0.007075
v -4.992929 2.650000 -0.007071
v -4.992952 2.650000 -0.007081
v -4.992939 2.650000 -0.007075
v -4.992984 2.650000 -0.007094
v -4.992952 2.650000 -0.007081
v -4.993182 2.650000 -0.007176
v -4.993125 2.650000 -0.007152
v -4.998990 2.650000 -0.009582
v -4.998485 2.650000 -0.009373
v -4.998485 2.650000 -0.009373
v -4.993939 2.650000 -0.007490
v -4.993125 2.650000 -0.007152
v -4.999989 2.650000 -0.009996
v -4.999977 2.650000 -0.009991
v -4.999977 2.650000 -0.009991
v -4.999945 2.650000 -0.009978
v -5.000000 2.650000 -0.010000
v -4.999989 2.650000 -0.009996
v -4.998990 2.650000 -0.009582
v -4.999747 2.650000 -0.009896
v -4.999804 2.650000 -0.009919
v -4.999747 2.650000 -0.009896
v -4.999945 2.650000 -0.009978
v -5.000000 2.650000 -0.010000
v -5.000643 2.650000 -0.009734
v -5.007071 2.650000 -0.007071
v -4.990183 2.587500 -0.000442
v -4.990366 2.587500 -0.000884
v -4.990732 2.587500 -0.001768
v -4.990366 2.441667 -0.000884
v -4.990732 2.441667 -0.001768
v -4.990366 2.295833 -0.000884
v -4.990732 2.295833 -0.001768
v -4.990183 2.295833 -0.000442
v -4.992563 2.587500 -0.006187
v -4.992746 2.587500 -0.006629
v -4.992197 2.587500 -0.005303
v -4.992197 2.441667 -0.005303
v -4.992563 2.441667 -0.006187
v -4.992197 2.295833 -0.005303
v -4.992563 2.295833 -0.006187
v -4.992746 2.295833 -0.006629
v -4.990340 2.650000 -0.000821
v -4.990183 2.650000 -0.000442
v -4.990366 2.650000 -0.000884
v -4.990340 2.650000 -0.000821
v -4.992720 2.650000 -0.006566
v -4.992563 2.650000 -0.006187
v -4.992746 2.650000 -0.006629
v -4.992720 2.650000 -0.006566
v -4.990005 2.650000 -0.000011
v -4.990000 2.650000 0.000000
v -4.990010 2.650000 -0.000023
v -4.990005 2.650000 -0.000011
v -4.990023 2.650000 -0.000055
v -4.990010 2.650000 -0.000023
v -4.990105 2.650000 -0.000252
v -4.990081 2.650000 -0.000196
v -4.990628 2.650000 -0.001515
v -4.990418 2.650000 -0.001010
v -4.992510 2.650000 -0.006061
v -4.990628 2.650000 -0.001515
v -4.990418 2.650000 -0.001010
v -4.990081 2.650000 -0.000196
v -4.992919 2.650000 -0.007048
v -4.992906 2.650000 -0.007016
v -4.992925 2.650000 -0.007060
v -4.992929 2.650000 -0.007071
v -4.992925 2.650000 -0.007060
v -4.992510 2.650000 -0.006061
v -4.992825 2.650000 -0.006819
v -4.992746 2.650000 -0.006629
v -4.992847 2.650000 -0.006875
v -4.992825 2.650000 -0.006819
v -4.992906 2.650000 -0.007016
v -4.993535 2.250000 -0.007322
v -4.993371 2.250000 -0.007254
v -4.993813 2.250000 -0.007437
v -4.993535 2.250000 -0.007322
v -4.999280 2.250000 -0.009702
v -4.999116 2.250000 -0.009634
v -4.999558 2.250000 -0.009817
v -4.994141 2.250000 -0.007573
v -4.993813 2.250000 -0.007437
v -4.995454 2.250000 -0.008117
v -4.998788 2.250000 -0.009498
v -4.995454 2.250000 -0.008117
v -4.993371 2.250000 -0.007254
v -4.993232 2.250000 -0.007197
v -4.999116 2.250000 -0.009634
v -4.998788 2.250000 -0.009498
v -4.999697 2.250000 -0.009875
v -4.999558 2.250000 -0.009817
v -4.993026 2.250000 -0.007111
v -4.993024 2.250000 -0.007111
v -4.993024 2.250000 -0.007111
v -4.992929 2.250000 -0.007071
v -4.993136 2.250000 -0.007157
v -4.993026 2.250000 -0.007111
v -4.993136 2.250000 -0.007157
v -4.993136 2.250000 -0.007157
v -4.993232 2.250000 -0.007197
v -4.999903 2.250000 -0.009960
v -4.999793 2.250000 -0.009914
v -4.999793 2.250000 -0.009914
v -4.999793 2.250000 -0.009914
v -4.999793 2.250000 -0.009914
v -4.999697 2.250000 -0.009875
v -5.000000 2.250000 -0.010000
v -4.999905 2.250000 -0.009961
v -4.999905 2.250000 -0.009961
v -4.999903 2.250000 -0.009960
v -5.005785 2.250000 -0.007604
v -5.000129 2.250000 -0.009947
v -5.000129 2.250000 -0.009947
v -5.000000 2.250000 -0.010000
v -5.007071 2.250000 -0.007071
v -4.990251 2.250000 -0.000606
v -4.990183 2.250000 -0.000442
v -4.990366 2.250000 -0.000884
v -4.990251 2.250000 -0.000606
v -4.992631 2.250000 -0.006351
v -4.992563 2.250000 -0.006187
v -4.992746 2.250000 -0.006629
v -4.992631 2.250000 -0.006351
v -4.990502 2.250000 -0.001212
v -4.990366 2.250000 -0.000884
v -4.991046 2.250000 -0.002526
v -4.990502 2.250000 -0.001212
v -4.992427 2.250000 -0.005859
v -4.990126 2.250000 -0.000303
v -4.992563 2.250000 -0.006187
v -4.992427 2.250000 -0.005859
v -4.992804 2.250000 -0.006768
v -4.990040 2.250000 -0.000097
v -4.990039 2.250000 -0.000095
v -4.990039 2.250000 -0.000095
v -4.990000 2.250000 0.000000
v -4.990086 2.250000 -0.000207
v -4.990086 2.250000 -0.000207
v -4.990086 2.250000 -0.000207
v -4.990126 2.250000 -0.000303
v -4.992843 2.250000 -0.006863
v -4.992804 2.250000 -0.006768
v -4.992889 2.250000 -0.006974
v -4.992843 2.250000 -0.006863
v -4.992843 2.250000 -0.006863
v -4.992843 2.250000 -0.006863
v -4.992929 2.250000 -0.007071
v -4.992889 2.250000 -0.006976
v -4.992889 2.250000 -0.006974
v -4.992889 2.250000 -0.006976
v -5.009734 2.650000 0.000643
v -5.010000 2.650000 0.000000
v -5.007071 2.650000 0.007071
v -5.009734 2.650000 0.000643
v -5.006629 2.587500 0.007254
v -5.006187 2.587500 0.007437
v -5.005303 2.587500 0.007803
v -5.006187 2.441667 0.007437
v -5.005303 2.441667 0.007803
v -5.006187 2.295833 0.007437
v -5.005303 2.295833 0.007803
v -5.006629 2.295833 0.007254
v -5.000884 2.587500 0.009634
v -5.000442 2.587500 0.009817
v -5.001768 2.587500 0.009268
v -5.001768 2.441667 0.009268
v -5.000884 2.441667 0.009634
v -5.001768 2.295833 0.009268
v -5.000884 2.295833 0.009634
v -5.000442 2.295833 0.009817
v -5.006250 2.650000 0.007411
v -5.006629 2.650000 0.007254
v -5.006187 2.650000 0.007437
v -5.006250 2.650000 0.007411
v -5.000505 2.650000 0.009791
v -5.000884 2.650000 0.009634
v -5.000442 2.650000 0.009817
v -5.000505 2.650000 0.009791
v -5.007048 2.650000 0.007081
v -5.007061 2.650000 0.007075
v -5.007061 2.650000 0.007075
v -5.007071 2.650000 0.007071
v -5.007016 2.650000 0.007094
v -5.007048 2.650000 0.007081
v -5.006819 2.650000 0.007176
v -5.006875 2.650000 0.007152
v -5.006061 2.650000 0.007490
v -5.006629 2.650000 0.007254
v -5.006819 2.650000 0.007176
v -5.006875 2.650000 0.007152
v -5.007016 2.650000 0.007094
v -5.001515 2.650000 0.009373
v -5.006061 2.650000 0.007490
v -5.001010 2.650000 0.009582
v -5.001515 2.650000 0.009373
v -5.000011 2.650000 0.009996
v -5.000023 2.650000 0.009991
v -5.000023 2.650000 0.009991
v -5.000055 2.650000 0.009978
v -5.000000 2.650000 0.010000
v -5.000011 2.650000 0.009996
v -5.000884 2.650000 0.009634
v -5.001010 2.650000 0.009582
v -5.000253 2.650000 0.009896
v -5.000196 2.650000 0.009919
v -5.000253 2.650000 0.009896
v -5.000055 2.650000 0.009978
v -5.000196 2.650000 0.009919
v -4.999357 2.650000 0.009734
v -5.000000 2.650000 0.010000
v -4.992929 2.650000 0.007071
v -4.999357 2.650000 0.009734
v -5.007604 2.250000 0.005785
v -5.009947 2.250000 0.000129
v -5.009947 2.250000 0.000129
v -5.010000 2.250000 0.000000
v -5.007071 2.250000 0.007071
v -5.007604 2.250000 0.005785
v -5.006465 2.250000 0.007322
v -5.006629 2.250000 0.007254
v -5.006187 2.250000 0.007437
v -5.006465 2.250000 0.007322
v -5.000720 2.250000 0.009702
v -5.000884 2.250000 0.009634
v -5.000442 2.250000 0.009817
v -5.000720 2.250000 0.009702
v -5.001212 2.250000 0.009498
v -5.004546 2.250000 0.008117
v -5.004546 2.250000 0.008117
v -5.005859 2.250000 0.007573
v -5.005859 2.250000 0.007573
v -5.006187 2.250000 0.007437
v -5.006768 2.250000 0.007197
v -5.000884 2.250000 0.009634
v -5.000303 2.250000 0.009875
v -5.000442 2.250000 0.009817
v -5.006863 2.250000 0.007157
v -5.006863 2.250000 0.007157
v -5.006974 2.250000 0.007111
v -5.006974 2.250000 0.007111
v -5.006976 2.250000 0.007111
v -5.006976 2.250000 0.007111
v -5.007071 2.250000 0.007071
v -5.006768 2.250000 0.007197
v -5.006863 2.250000 0.007157
v -5.000097 2.250000 0.009960
v -5.000207 2.250000 0.009914
v -5.000207 2.250000 0.009914
v -5.000207 2.250000 0.009914
v -5.000207 2.250000 0.009914
v -5.000303 2.250000 0.009875
v -5.000000 2.250000 0.010000
v -5.000095 2.250000 0.009961
v -5.000095 2.250000 0.009961
v -5.000097 2.250000 0.009960
v -4.994215 2.250000 0.007604
v -4.999871 2.250000 0.009947
v -4.999871 2.250000 0.009947
v -5.000000 2.250000 0.010000
v -4.992929 2.250000 0.007071
v -4.994215 2.250000 0.007604
v -4.007071 2.700000 -0.007071
v -4.010000 2.700000 0.000000
v -4.007071 2.733333 -0.007071
v -4.010000 2.733333 0.000000
v -4.009468 2.250000 -0.001286
v -4.007071 2.250000 -0.007071
v -4.010000 2.250000 0.000000
v -4.009468 2.250000 -0.001286
v -3.992929 2.700000 0.007071
v -3.990000 2.700000 0.000000
v -3.992929 2.733333 0.007071
v -3.990000 2.733333 0.000000
v -3.990533 2.250000 0.001286
v -3.992929 2.250000 0.007071
v -3.990000 2.250000 0.000000
v -3.990533 2.250000 0.001286
v -4.000000 2.750000 0.000000
v -3.957574 2.650000 0.042426
v -3.940000 2.650000 0.000000
v -4.000000 2.750000 0.000000
v -3.940000 2.650000 0.000000
v -3.957574 2.650000 -0.042426
v -4.000000 2.750000 0.000000
v -3.957574 2.650000 -0.042426
v -4.000000 2.650000 -0.060000
v -4.000000 2.750000 0.000000
v -4.000000 2.650000 -0.060000
v -4.042426 2.650000 -0.042426
v -4.000000 2.750000 0.000000
v -4.000000 2.650000 0.060000
v -3.957574 2.650000 0.042426
v -4.000000 2.750000 0.000000
v -4.042426 2.650000 0.042426
v -4.000000 2.650000 0.060000
v -4.000000 2.750000 0.000000
v -4.060000 2.650000 0.000000
v -4.042426 2.650000 0.042426
v -4.000000 2.750000 0.000000
v -4.042426 2.650000 -0.042426
v -4.060000 2.650000 0.000000
v -4.060000 2.650000 0.000000
v -4.000000 2.650000 -0.060000
v -3.957574 2.650000 -0.042426
v -4.042426 2.650000 -0.042426
v -3.940000 2.650000 0.000000
v -4.000000 2.650000 0.060000
v -3.957574 2.650000 0.042426
v -4.042426 2.650000 0.042426
v -3.993371 2.587500 -0.007254
v -3.993813 2.587500 -0.007437
v -3.994697 2.587500 -0.007803
v -3.993813 2.441667 -0.007437
v -3.994697 2.441667 -0.007803
v -3.993813 2.295833 -0.007437
v -3.994697 2.295833 -0.007803
v -3.993371 2.295833 -0.007254
v -3.999116 2.587500 -0.009634
v -3.999558 2.587500 -0.009817
v -3.998232 2.587500 -0.009268
v -3.998232 2.441667 -0.009268
v -3.999116 2.441667 -0.009634
v -3.998232 2.295833 -0.009268
v -3.999116 2.295833 -0.009634
v -3.999558 2.295833 -0.009817
v -3.993750 2.650000 -0.007411
v -3.993371 2.650000 -0.007254
v -3.993813 2.650000 -0.007437
v -3.993750 2.650000 -0.007411
v -3.999495 2.650000 -0.009791
v -3.999116 2.650000 -0.009634
v -3.999558 2.650000 -0.009817
v -3.999495 2.650000 -0.009791
v -3.992940 2.650000 -0.007075
v -3.992929 2.650000 -0.007071
v -3.992952 2.650000 -0.007081
v -3.992940 2.650000 -0.007075
v -3.992984 2.650000 -0.007094
v -3.992952 2.650000 -0.007081
v -3.993181 2.650000 -0.007176
v -3.993125 2.650000 -0.007152
v -3.998990 2.650000 -0.009582
v -3.998485 2.650000 -0.009373
v -3.998485 2.650000 -0.009373
v -3.993939 2.650000 -0.007490
v -3.993125 2.650000 -0.007152
v -3.999989 2.650000 -0.009996
v -3.999977 2.650000 -0.009991
v -3.999977 2.650000 -0.009991
v -3.999945 2.650000 -0.009978
v -4.000000 2.650000 -0.010000
v -3.999989 2.650000 -0.009996
v -3.998990 2.650000 -0.009582
v -3.999748 2.650000 -0.009896
v -3.999804 2.650000 -0.009919
v -3.999748 2.650000 -0.009896
v -3.999945 2.650000 -0.009978
v -4.000000 2.650000 -0.010000
v -4.000643 2.650000 -0.009734
v -4.007071 2.650000 -0.007071
v -3.990183 2.587500 -0.000442
v -3.990366 2.587500 -0.000884
v -3.990732 2.587500 -0.001768
v -3.990366 2.441667 -0.000884
v -3.990732 2.441667 -0.001768
v -3.990366 2.295833 -0.000884
v -3.990732 2.295833 -0.001768
v -3.990183 2.295833 -0.000442
v -3.992563 2.587500 -0.006187
v -3.992746 2.587500 -0.006629
v -3.992197 2.587500 -0.005303
v -3.992197 2.441667 -0.005303
v -3.992563 2.441667 -0.006187
v -3.992197 2.295833 -0.005303
v -3.992563 2.295833 -0.006187
v -3.992746 2.295833 -0.006629
v -3.990340 2.650000 -0.000821
v -3.990183 2.650000 -0.000442
v -3.990366 2.650000 -0.000884
v -3.990340 2.650000 -0.000821
v -3.992720 2.650000 -0.006566
v -3.992563 2.650000 -0.006187
v -3.992746 2.650000 -0.006629
v -3.992720 2.650000 -0.006566
v -3.990005 2.650000 -0.000011
v -3.990000 2.650000 0.000000
v -3.990010 2.650000 -0.000023
v -3.990005 2.650000 -0.000011
v -3.990023 2.650000 -0.000055
v -3.990010 2.650000 -0.000023
v -3.990105 2.650000 -0.000252
v -3.990081 2.650000 -0.000196
v -3.990628 2.650000 -0.001515
v -3.990418 2.650000 -0.001010
v -3.992511 2.650000 -0.006061
v -3.990628 2.650000 -0.001515
v -3.990418 2.650000 -0.001010
v -3.990081 2.650000 -0.000196
v -3.992919 2.650000 -0.007048
v -3.992906 2.650000 -0.007016
v -3.992924 2.650000 -0.007060
v -3.992929 2.650000 -0.007071
v -3.992924 2.650000 -0.007060
v -3.992511 2.650000 -0.006061
v -3.992824 2.650000 -0.006819
v -3.992746 2.650000 -0.006629
v -3.992848 2.650000 -0.006875
v -3.992824 2.650000 -0.006819
v -3.992906 2.650000 -0.007016
v -3.993535 2.250000 -0.007322
v -3.993371 2.250000 -0.007254
v -3.993813 2.250000 -0.007437
v -3.993535 2.250000 -0.007322
v -3.999280 2.250000 -0.009702
v -3.999116 2.250000 -0.009634
v -3.999558 2.250000 -0.009817
v -3.994141 2.250000 -0.007573
v -3.993813 2.250000 -0.007437
v -3.995454 2.250000 -0.008117
v -3.998788 2.250000 -0.009498
v -3.995454 2.250000 -0.008117
v -3.993371 2.250000 -0.007254
v -3.993232 2.250000 -0.007197
v -3.999116 2.250000 -0.009634
v -3.998788 2.250000 -0.009498
v -3.999697 2.250000 -0.009875
v -3.999558 2.250000 -0.009817
v -3.993026 2.250000 -0.007111
v -3.993024 2.250000 -0.007111
v -3.993024 2.250000 -0.007111
v -3.992929 2.250000 -0.007071
v -3.993137 2.250000 -0.007157
v -3.993026 2.250000 -0.007111
v -3.993137 2.250000 -0.007157
v -3.993137 2.250000 -0.007157
v -3.993232 2.250000 -0.007197
v -3.999903 2.250000 -0.009960
v -3.999792 2.250000 -0.009914
v -3.999792 2.250000 -0.009914
v -3.999792 2.250000 -0.009914
v -3.999792 2.250000 -0.009914
v -3.999697 2.250000 -0.009875
v -4.000000 2.250000 -0.010000
v -3.999905 2.250000 -0.009961
v -3.999905 2.250000 -0.009961
v -3.999903 2.250000 -0.009960
v -4.005785 2.250000 -0.007604
v -4.000129 2.250000 -0.009947
v -4.000129 2.250000 -0.009947
v -4.000000 2.250000 -0.010000
v -4.007071 2.250000 -0.007071
v -3.990251 2.250000 -0.000606
v -3.990183 2.250000 -0.000442
v -3.990366 2.250000 -0.000884
v -3.990251 2.250000 -0.000606
v -3.992631 2.250000 -0.006351
v -3.992563 2.250000 -0.006187
v -3.992746 2.250000 -0.006629
v -3.992631 2.250000 -0.006351
v -3.990502 2.250000 -0.001212
v -3.990366 2.250000 -0.000884
v -3.991046 2.250000 -0.002526
v -3.990502 2.250000 -0.001212
v -3.992427 2.250000 -0.005859
v -3.990125 2.250000 -0.000303
v -3.992563 2.250000 -0.006187
v -3.992427 2.250000 -0.005859
v -3.992803 2.250000 -0.006768
v -3.990040 2.250000 -0.000097
v -3.990040 2.250000 -0.000095
v -3.990040 2.250000 -0.000095
v -3.990000 2.250000 0.000000
v -3.990086 2.250000 -0.000207
v -3.990086 2.250000 -0.000207
v -3.990086 2.250000 -0.000207
v -3.990125 2.250000 -0.000303
v -3.992843 2.250000 -0.006863
v -3.992803 2.250000 -0.006768
v -3.992889 2.250000 -0.006974
v -3.992843 2.250000 -0.006863
v -3.992843 2.250000 -0.006863
v -3.992843 2.250000 -0.006863
v -3.992929 2.250000 -0.007071
v -3.992889 2.250000 -0.006976
v -3.992889 2.250000 -0.006974
v -3.992889 2.250000 -0.006976
v -4.009734 2.650000 0.000643
v -4.010000 2.650000 0.000000
v -4.007071 2.650000 0.007071
v -4.009734 2.650000 0.000643
v -4.006629 2.587500 0.007254
v -4.006187 2.587500 0.007437
v -4.005303 2.587500 0.007803
v -4.006187 2.441667 0.007437
v -4.005303 2.441667 0.007803
v -4.006187 2.295833 0.007437
v -4.005303 2.295833 0.007803
v -4.006629 2.295833 0.007254
v -4.000884 2.587500 0.009634
v -4.000442 2.587500 0.009817
v -4.001768 2.587500 0.009268
v -4.001768 2.441667 0.009268
v -4.000884 2.441667 0.009634
v -4.001768 2.295833 0.009268
v -4.000884 2.295833 0.009634
v -4.000442 2.295833 0.009817
v -4.006250 2.650000 0.007411
v -4.006629 2.650000 0.007254
v -4.006187 2.650000 0.007437
v -4.006250 2.650000 0.007411
v -4.000505 2.650000 0.009791
v -4.000884 2.650000 0.009634
v -4.000442 2.650000 0.009817
v -4.000505 2.650000 0.009791
v -4.007048 2.650000 0.007081
v -4.007061 2.650000 0.007075
v -4.007061 2.650000 0.007075
v -4.007071 2.650000 0.007071
v -4.007016 2.650000 0.007094
v -4.007048 2.650000 0.007081
v -4.006819 2.650000 0.007176
v -4.006875 2.650000 0.007152
v -4.006061 2.650000 0.007490
v -4.006629 2.650000 0.007254
v -4.006819 2.650000 0.007176
v -4.006875 2.650000 0.007152
v -4.007016 2.650000 0.007094
v -4.001515 2.650000 0.009373
v -4.006061 2.650000 0.007490
v -4.001010 2.650000 0.009582
v -4.001515 2.650000 0.009373
v -4.000011 2.650000 0.009996
v -4.000023 2.650000 0.009991
v -4.000023 2.650000 0.009991
v -4.000055 2.650000 0.009978
v -4.000000 2.650000 0.010000
v -4.000011 2.650000 0.009996
v -4.000884 2.650000 0.009634
v -4.001010 2.650000 0.009582
v -4.000253 2.650000 0.009896
v -4.000196 2.650000 0.009919
v -4.000253 2.650000 0.009896
v -4.000055 2.650000 0.009978
v -4.000196 2.650000 0.009919
v -3.999357 2.650000 0.009734
v -4.000000 2.650000 0.010000
v -3.992929 2.650000 0.007071
v -3.999357 2.650000 0.009734
v -4.007604 2.250000 0.005785
v -4.009947 2.250000 0.000129
v -4.009947 2.250000 0.000129
v -4.010000 2.250000 0.000000
v -4.007071 2.250000 0.007071
v -4.007604 2.250000 0.005785
v -4.006465 2.250000 0.007322
v -4.006629 2.250000 0.007254
v -4.006187 2.250000 0.007437
v -4.006465 2.250000 0.007322
v -4.000720 2.250000 0.009702
v -4.000884 2.250000 0.009634
v -4.000442 2.250000 0.009817
v -4.000720 2.250000 0.009702
v -4.001212 2.250000 0.009498
v -4.004546 2.250000 0.008117
v -4.004546 2.250000 0.008117
v -4.005859 2.250000 0.007573
v -4.005859 2.250000 0.007573
v -4.006187 2.250000 0.007437
v -4.006768 2.250000 0.007197
v -4.000884 2.250000 0.009634
v -4.000303 2.250000 0.009875
v -4.000442 2.250000 0.009817
v -4.006863 2.250000 0.007157
v -4.006863 2.250000 0.007157
v -4.006974 2.250000 0.007111
v -4.006974 2.250000 0.007111
v -4.006976 2.250000 0.007111
v -4.006976 2.250000 0.007111
v -4.007071 2.250000 0.007071
v -4.006768 2.250000 0.007197
v -4.006863 2.250000 0.007157
v -4.000097 2.250000 0.009960
v -4.000207 2.250000 0.009914
v -4.000207 2.250000 0.009914
v -4.000207 2.250000 0.009914
v -4.000207 2.250000 0.009914
v -4.000303 2.250000 0.009875
v -4.000000 2.250000 0.010000
v -4.000095 2.250000 0.009961
v -4.000095 2.250000 0.009961
v -4.000097 2.250000 0.009960
v -3.994215 2.250000 0.007604
v -3.999871 2.250000 0.009947
v -3.999871 2.250000 0.009947
v -4.000000 2.250000 0.010000
v -3.992929 2.250000 0.007071
v -3.994215 2.250000 0.007604
v -4.007071 2.700000 0.492929
v -4.010000 2.700000 0.500000
v -4.007071 2.733333 0.492929
v -4.010000 2.733333 0.500000
v -4.009468 2.250000 0.498714
v -4.007071 2.250000 0.492929
v -4.010000 2.250000 0.500000
v -4.009468 2.250000 0.498714
v -3.992929 2.700000 0.507071
v -3.990000 2.700000 0.500000
v -3.992929 2.733333 0.507071
v -3.990000 2.733333 0.500000
v -3.990533 2.250000 0.501286
v -3.992929 2.250000 0.507071
v -3.990000 2.250000 0.500000
v -3.990533 2.250000 0.501286
v -4.000000 2.750000 0.500000
v -3.957574 2.650000 0.542426
v -3.940000 2.650000 0.500000
v -4.000000 2.750000 0.500000
v -3.940000 2.650000 0.500000
v -3.957574 2.650000 0.457574
v -4.000000 2.750000 0.500000
v -3.957574 2.650000 0.457574
v -4.000000 2.650000 0.440000
v -4.000000 2.750000 0.500000
v -4.000000 2.650000 0.440000
v -4.042426 2.650000 0.457574
v -4.000000 2.750000 0.500000
v -4.000000 2.650000 0.560000
v -3.957574 2.650000 0.542426
v -4.000000 2.750000 0.500000
v -4.042426 2.650000 0.542426
v -4.000000 2.650000 0.560000
v -4.000000 2.750000 0.500000
v -4.060000 2.650000 0.500000
v -4.042426 2.650000 0.542426
v -4.000000 2.750000 0.500000
v -4.042426 2.650000 0.457574
v -4.060000 2.650000 0.500000
v -4.060000 2.650000 0.500000
v -4.000000 2.650000 0.440000
v -3.957574 2.650000 0.457574
v -4.042426 2.650000 0.457574
v -3.940000 2.650000 0.500000
v -4.000000 2.650000 0.560000
v -3.957574 2.650000 0.542426
v -4.042426 2.650000 0.542426
v -3.993371 2.587500 0.492746
v -3.993813 2.587500 0.492563
v -3.994697 2.587500 0.492197
v -3.993813 2.441667 0.492563
v -3.994697 2.441667 0.492197
v -3.993813 2.295833 0.492563
v -3.994697 2.295833 0.492197
v -3.993371 2.295833 0.492746
v -3.999116 2.587500 0.490366
v -3.999558 2.587500 0.490183
v -3.998232 2.587500 0.490732
v -3.998232 2.441667 0.490732
v -3.999116 2.441667 0.490366
v -3.998232 2.295833 0.490732
v -3.999116 2.295833 0.490366
v -3.999558 2.295833 0.490183
v -3.993750 2.650000 0.492589
v -3.993371 2.650000 0.492746
v -3.993813 2.650000 0.492563
v -3.993750 2.650000 0.492589
v -3.999495 2.650000 0.490209
v -3.999116 2.650000 0.490366
v -3.999558 2.650000 0.490183
v -3.999495 2.650000 0.490209
v -3.992940 2.650000 0.492925
v -3.992929 2.650000 0.492929
v -3.992952 2.650000 0.492919
v -3.992940 2.650000 0.492925
v -3.992984 2.650000 0.492906
v -3.992952 2.650000 0.492919
v -3.993181 2.650000 0.492824
v -3.993125 2.650000 0.492848
v -3.998990 2.650000 0.490418
v -3.998485 2.650000 0.490627
v -3.998485 2.650000 0.490627
v -3.993939 2.650000 0.492510
v -3.993125 2.650000 0.492848
v -3.999989 2.650000 0.490004
v -3.999977 2.650000 0.490009
v -3.999977 2.650000 0.490009
v -3.999945 2.650000 0.490022
v -4.000000 2.650000 0.490000
v -3.999989 2.650000 0.490004
v -3.998990 2.650000 0.490418
v -3.999748 2.650000 0.490104
v -3.999804 2.650000 0.490081
v -3.999748 2.650000 0.490104
v -3.999945 2.650000 0.490022
v -4.000000 2.650000 0.490000
v -4.000643 2.650000 0.490266
v -4.007071 2.650000 0.492929
v -3.990183 2.587500 0.499558
v -3.990366 2.587500 0.499116
v -3.990732 2.587500 0.498232
v -3.990366 2.441667 0.499116
v -3.990732 2.441667 0.498232
v -3.990366 2.295833 0.499116
v -3.990732 2.295833 0.498232
v -3.990183 2.295833 0.499558
v -3.992563 2.587500 0.493813
v -3.992746 2.587500 0.493371
v -3.992197 2.587500 0.494697
v -3.992197 2.441667 0.494697
v -3.992563 2.441667 0.493813
v -3.992197 2.295833 0.494697
v -3.992563 2.295833 0.493813
v -3.992746 2.295833 0.493371
v -3.990340 2.650000 0.499179
v -3.990183 2.650000 0.499558
v -3.990366 2.650000 0.499116
v -3.990340 2.650000 0.499179
v -3.992720 2.650000 0.493434
v -3.992563 2.650000 0.493813
v -3.992746 2.650000 0.493371
v -3.992720 2.650000 0.493434
v -3.990005 2.650000 0.499989
v -3.990000 2.650000 0.500000
v -3.990010 2.650000 0.499977
v -3.990005 2.650000 0.499989
v -3.990023 2.650000 0.499945
v -3.990010 2.650000 0.499977
v -3.990105 2.650000 0.499748
v -3.990081 2.650000 0.499804
v -3.990628 2.650000 0.498485
v -3.990418 2.650000 0.498990
v -3.992511 2.650000 0.493939
v -3.990628 2.650000 0.498485
v -3.990418 2.650000 0.498990
v -3.990081 2.650000 0.499804
v -3.992919 2.650000 0.492952
v -3.992906 2.650000 0.492984
v -3.992924 2.650000 0.492940
v -3.992929 2.650000 0.492929
v -3.992924 2.650000 0.492940
v -3.992511 2.650000 0.493939
v -3.992824 2.650000 0.493181
v -3.992746 2.650000 0.493371
v -3.992848 2.650000 0.493125
v -3.992824 2.650000 0.493181
v -3.992906 2.650000 0.492984
v -3.993535 2.250000 0.492678
v -3.993371 2.250000 0.492746
v -3.993813 2.250000 0.492563
v -3.993535 2.250000 0.492678
v -3.999280 2.250000 0.490298
v -3.999116 2.250000 0.490366
v -3.999558 2.250000 0.490183
v -3.994141 2.250000 0.492427
v -3.993813 2.250000 0.492563
v -3.995454 2.250000 0.491883
v -3.998788 2.250000 0.490502
v -3.995454 2.250000 0.491883
v -3.993371 2.250000 0.492746
v -3.993232 2.250000 0.492803
v -3.999116 2.250000 0.490366
v -3.998788 2.250000 0.490502
v -3.999697 2.250000 0.490125
v -3.999558 2.250000 0.490183
v -3.993026 2.250000 0.492889
v -3.993024 2.250000 0.492889
v -3.993024 2.250000 0.492889
v -3.992929 2.250000 0.492929
v -3.993137 2.250000 0.492843
v -3.993026 2.250000 0.492889
v -3.993137 2.250000 0.492843
v -3.993137 2.250000 0.492843
v -3.993232 2.250000 0.492803
v -3.999903 2.250000 0.490040
v -3.999792 2.250000 0.490086
v -3.999792 2.250000 0.490086
v -3.999792 2.250000 0.490086
v -3.999792 2.250000 0.490086
v -3.999697 2.250000 0.490125
v -4.000000 2.250000 0.490000
v -3.999905 2.250000 0.490039
v -3.999905 2.250000 0.490039
v -3.999903 2.250000 0.490040
v -4.005785 2.250000 0.492396
v -4.000129 2.250000 0.490053
v -4.000129 2.250000 0.490053
v -4.000000 2.250000 0.490000
v -4.007071 2.250000 0.492929
v -3.990251 2.250000 0.499394
v -3.990183 2.250000 0.499558
v -3.990366 2.250000 0.499116
v -3.990251 2.250000 0.499394
v -3.992631 2.250000 0.493649
v -3.992563 2.250000 0.493813
v -3.992746 2.250000 0.493371
v -3.992631 2.250000 0.493649
v -3.990502 2.250000 0.498788
v -3.990366 2.250000 0.499116
v -3.991046 2.250000 0.497474
v -3.990502 2.250000 0.498788
v -3.992427 2.250000 0.494141
v -3.990125 2.250000 0.499697
v -3.992563 2.250000 0.493813
v -3.992427 2.250000 0.494141
v -3.992803 2.250000 0.493232
v -3.990040 2.250000 0.499903
v -3.990040 2.250000 0.499905
v -3.990040 2.250000 0.499905
v -3.990000 2.250000 0.500000
v -3.990086 2.250000 0.499793
v -3.990086 2.250000 0.499793
v -3.990086 2.250000 0.499793
v -3.990125 2.250000 0.499697
v -3.992843 2.250000 0.493137
v -3.992803 2.250000 0.493232
v -3.992889 2.250000 0.493026
v -3.992843 2.250000 0.493137
v -3.992843 2.250000 0.493137
v -3.992843 2.250000 0.493137
v -3.992929 2.250000 0.492929
v -3.992889 2.250000 0.493024
v -3.992889 2.250000 0.493026
v -3.992889 2.250000 0.493024
v -4.009734 2.650000 0.500643
v -4.010000 2.650000 0.500000
v -4.007071 2.650000 0.507071
v -4.009734 2.650000 0.500643
v -4.006629 2.587500 0.507254
v -4.006187 2.587500 0.507437
v -4.005303 2.587500 0.507803
v -4.006187 2.441667 0.507437
v -4.005303 2.441667 0.507803
v -4.006187 2.295833 0.507437
v -4.005303 2.295833 0.507803
v -4.006629 2.295833 0.507254
v -4.000884 2.587500 0.509634
v -4.000442 2.587500 0.509817
v -4.001768 2.587500 0.509268
v -4.001768 2.441667 0.509268
v -4.000884 2.441667 0.509634
v -4.001768 2.295833 0.509268
v -4.000884 2.295833 0.509634
v -4.000442 2.295833 0.509817
v -4.006250 2.650000 0.507411
v -4.006629 2.650000 0.507254
v -4.006187 2.650000 0.507437
v -4.006250 2.650000 0.507411
v -4.000505 2.650000 0.509791
v -4.000884 2.650000 0.509634
v -4.000442 2.650000 0.509817
v -4.000505 2.650000 0.509791
v -4.007048 2.650000 0.507081
v -4.007061 2.650000 0.507075
v -4.007061 2.650000 0.507075
v -4.007071 2.650000 0.507071
v -4.007016 2.650000 0.507094
v -4.007048 2.650000 0.507081
v -4.006819 2.650000 0.507176
v -4.006875 2.650000 0.507152
v -4.006061 2.650000 0.507490
v -4.006629 2.650000 0.507254
v -4.006819 2.650000 0.507176
v -4.006875 2.650000 0.507152
v -4.007016 2.650000 0.507094
v -4.001515 2.650000 0.509373
v -4.006061 2.650000 0.507490
v -4.001010 2.650000 0.509582
v -4.001515 2.650000 0.509373
v -4.000011 2.650000 0.509996
v -4.000023 2.650000 0.509991
v -4.000023 2.650000 0.509991
v -4.000055 2.650000 0.509978
v -4.000000 2.650000 0.510000
v -4.000011 2.650000 0.509996
v -4.000884 2.650000 0.509634
v -4.001010 2.650000 0.509582
v -4.000253 2.650000 0.509896
v -4.000196 2.650000 0.509919
v -4.000253 2.650000 0.509896
v -4.000055 2.650000 0.509978
v -4.000196 2.650000 0.509919
v -3.999357 2.650000 0.509734
v -4.000000 2.650000 0.510000
v -3.992929 2.650000 0.507071
v -3.999357 2.650000 0.509734
v -4.007604 2.250000 0.505785
v -4.009947 2.250000 0.500129
v -4.009947 2.250000 0.500129
v -4.010000 2.250000 0.500000
v -4.007071 2.250000 0.507071
v -4.007604 2.250000 0.505785
v -4.006465 2.250000 0.507322
v -4.006629 2.250000 0.507254
v -4.006187 2.250000 0.507437
v -4.006465 2.250000 0.507322
v -4.000720 2.250000 0.509702
v -4.000884 2.250000 0.509634
v -4.000442 2.250000 0.509817
v -4.000720 2.250000 0.509702
v -4.001212 2.250000 0.509498
v -4.004546 2.250000 0.508117
v -4.004546 2.250000 0.508117
v -4.005859 2.250000 0.507573
v -4.005859 2.250000 0.507573
v -4.006187 2.250000 0.507437
v -4.006768 2.250000 0.507197
v -4.000884 2.250000 0.509634
v -4.000303 2.250000 0.509875
v -4.000442 2.250000 0.509817
v -4.006863 2.250000 0.507157
v -4.006863 2.250000 0.507157
v -4.006974 2.250000 0.507111
v -4.006974 2.250000 0.507111
v -4.006976 2.250000 0.507111
v -4.006976 2.250000 0.507111
v -4.007071 2.250000 0.507071
v -4.006768 2.250000 0.507197
v -4.006863 2.250000 0.507157
v -4.000097 2.250000 0.509960
v -4.000207 2.250000 0.509914
v -4.000207 2.250000 0.509914
v -4.000207 2.250000 0.509914
v -4.000207 2.250000 0.509914
v -4.000303 2.250000 0.509875
v -4.000000 2.250000 0.510000
v -4.000095 2.250000 0.509961
v -4.000095 2.250000 0.509961
v -4.000097 2.250000 0.509960
v -3.994215 2.250000 0.507604
v -3.999871 2.250000 0.509947
v -3.999871 2.250000 0.509947
v -4.000000 2.250000 0.510000
v -3.992929 2.250000 0.507071
v -3.994215 2.250000 0.507604
v -4.007071 2.700000 0.992929
v -4.010000 2.700000 1.000000
v -4.007071 2.733333 0.992929
v -4.010000 2.733333 1.000000
v -4.009468 2.250000 0.998714
v -4.007071 2.250000 0.992929
v -4.010000 2.250000 1.000000
v -4.009468 2.250000 0.998714
v -3.992929 2.700000 1.007071
v -3.990000 2.700000 1.000000
v -3.992929 2.733333 1.007071
v -3.990000 2.733333 1.000000
v -3.990533 2.250000 1.001286
v -3.992929 2.250000 1.007071
v -3.990000 2.250000 1.000000
v -3.990533 2.250000 1.001286
v -4.000000 2.750000 1.000000
v -3.957574 2.650000 1.042426
v -3.940000 2.650000 1.000000
v -4.000000 2.750000 1.000000
v -3.940000 2.650000 1.000000
v -3.957574 2.650000 0.957574
v -4.000000 2.750000 1.000000
v -3.957574 2.650000 0.957574
v -4.000000 2.650000 0.940000
v -4.000000 2.750000 1.000000
v -4.000000 2.650000 0.940000
v -4.042426 2.650000 0.957574
v -4.000000 2.750000 1.000000
v -4.000000 2.650000 1.060000
v -3.957574 2.650000 1.042426
v -4.000000 2.750000 1.000000
v -4.042426 2.650000 1.042426
v -4.000000 2.650000 1.060000
v -4.000000 2.750000 1.000000
v -4.060000 2.650000 1.000000
v -4.042426 2.650000 1.042426
v -4.000000 2.750000 1.000000
v -4.042426 2.650000 0.957574
v -4.060000 2.650000 1.000000
v -4.060000 2.650000 1.000000
v -4.000000 2.650000 0.940000
v -3.957574 2.650000 0.957574
v -4.042426 2.650000 0.957574
v -3.940000 2.650000 1.000000
v -4.000000 2.650000 1.060000
v -3.957574 2.650000 1.042426
v -4.042426 2.650000 1.042426
v -3.993371 2.587500 0.992746
v -3.993813 2.587500 0.992563
v -3.994697 2.587500 0.992197
v -3.993813 2.441667 0.992563
v -3.994697 2.441667 0.992197
v -3.993813 2.295833 0.992563
v -3.994697 2.295833 0.992197
v -3.993371 2.295833 0.992746
v -3.999116 2.587500 0.990366
v -3.999558 2.587500 0.990183
v -3.998232 2.587500 0.990732
v -3.998232 2.441667 0.990732
v -3.999116 2.441667 0.990366
v -3.998232 2.295833 0.990732
v -3.999116 2.295833 0.990366
v -3.999558 2.295833 0.990183
v -3.993750 2.650000 0.992589
v -3.993371 2.650000 0.992746
v -3.993813 2.650000 0.992563
v -3.993750 2.650000 0.992589
v -3.999495 2.650000 0.990209
v -3.999116 2.650000 0.990366
v -3.999558 2.650000 0.990183
v -3.999495 2.650000 0.990209
v -3.992940 2.650000 0.992925
v -3.992929 2.650000 0.992929
v -3.992952 2.650000 0.992919
v -3.992940 2.650000 0.992925
v -3.992984 2.650000 0.992906
v -3.992952 2.650000 0.992919
v -3.993181 2.650000 0.992824
v -3.993125 2.650000 0.992848
v -3.998990 2.650000 0.990418
v -3.998485 2.650000 0.990627
v -3.998485 2.650000 0.990627
v -3.993939 2.650000 0.992510
v -3.993125 2.650000 0.992848
v -3.999989 2.650000 0.990004
v -3.999977 2.650000 0.990009
v -3.999977 2.650000 0.990009
v -3.999945 2.650000 0.990022
v -4.000000 2.650000 0.990000
v -3.999989 2.650000 0.990004
v -3.998990 2.650000 0.990418
v -3.999748 2.650000 0.990104
v -3.999804 2.650000 0.990081
v -3.999748 2.650000 0.990104
v -3.999945 2.650000 0.990022
v -4.000000 2.650000 0.990000
v -4.000643 2.650000 0.990266
v -4.007071 2.650000 0.992929
v -3.990183 2.587500 0.999558
v -3.990366 2.587500 0.999116
v -3.990732 2.587500 0.998232
v -3.990366 2.441667 0.999116
v -3.990732 2.441667 0.998232
v -3.990366 2.295833 0.999116
v -3.990732 2.295833 0.998232
v -3.990183 2.295833 0.999558
v -3.992563 2.587500 0.993813
v -3.992746 2.587500 0.993371
v -3.992197 2.587500 0.994697
v -3.992197 2.441667 0.994697
v -3.992563 2.441667 0.993813
v -3.992197 2.295833 0.994697
v -3.992563 2.295833 0.993813
v -3.992746 2.295833 0.993371
v -3.990340 2.650000 0.999179
v -3.990183 2.650000 0.999558
v -3.990366 2.650000 0.999116
v -3.990340 2.650000 0.999179
v -3.992720 2.650000 0.993434
v -3.992563 2.650000 0.993813
v -3.992746 2.650000 0.993371
v -3.992720 2.650000 0.993434
v -3.990005 2.650000 0.999989
v -3.990000 2.650000 1.000000
v -3.990010 2.650000 0.999977
v -3.990005 2.650000 0.999989
v -3.990023 2.650000 0.999945
v -3.990010 2.650000 0.999977
v -3.990105 2.650000 0.999748
v -3.990081 2.650000 0.999804
v -3.990628 2.650000 0.998485
v -3.990418 2.650000 0.998990
v -3.992511 2.650000 0.993939
v -3.990628 2.650000 0.998485
v -3.990418 2.650000 0.998990
v -3.990081 2.650000 0.999804
v -3.992919 2.650000 0.992952
v -3.992906 2.650000 0.992984
v -3.992924 2.650000 0.992940
v -3.992929 2.650000 0.992929
v -3.992924 2.650000 0.992940
v -3.992511 2.650000 0.993939
v -3.992824 2.650000 0.993181
v -3.992746 2.650000 0.993371
v -3.992848 2.650000 0.993125
v -3.992824 2.650000 0.993181
v -3.992906 2.650000 0.992984
v -3.993535 2.250000 0.992678
v -3.993371 2.250000 0.992746
v -3.993813 2.250000 0.992563
v -3.993535 2.250000 0.992678
v -3.999280 2.250000 0.990298
v -3.999116 2.250000 0.990366
v -3.999558 2.250000 0.990183
v -3.994141 2.250000 0.992427
v -3.993813 2.250000 0.992563
v -3.995454 2.250000 0.991883
v -3.998788 2.250000 0.990502
v -3.995454 2.250000 0.991883
v -3.993371 2.250000 0.992746
v -3.993232 2.250000 0.992803
v -3.999116 2.250000 0.990366
v -3.998788 2.250000 0.990502
v -3.999697 2.250000 0.990125
v -3.999558 2.250000 0.990183
v -3.993026 2.250000 0.992889
v -3.993024 2.250000 0.992889
v -3.993024 2.250000 0.992889
v -3.992929 2.250000 0.992929
v -3.993137 2.250000 0.992843
v -3.993026 2.250000 0.992889
v -3.993137 2.250000 0.992843
v -3.993137 2.250000 0.992843
v -3.993232 2.250000 0.992803
v -3.999903 2.250000 0.990040
v -3.999792 2.250000 0.990086
v -3.999792 2.250000 0.990086
v -3.999792 2.250000 0.990086
v -3.999792 2.250000 0.990086
v -3.999697 2.250000 0.990125
v -4.000000 2.250000 0.990000
v -3.999905 2.250000 0.990039
v -3.999905 2.250000 0.990039
v -3.999903 2.250000 0.990040
v -4.005785 2.250000 0.992396
v -4.000129 2.250000 0.990053
v -4.000129 2.250000 0.990053
v -4.000000 2.250000 0.990000
v -4.007071 2.250000 0.992929
v -3.990251 2.250000 0.999394
v -3.990183 2.250000 0.999558
v -3.990366 2.250000 0.999116
v -3.990251 2.250000 0.999394
v -3.992631 2.250000 0.993649
v -3.992563 2.250000 0.993813
v -3.992746 2.250000 0.993371
v -3.992631 2.250000 0.993649
v -3.990502 2.250000 0.998788
v -3.990366 2.250000 0.999116
v -3.991046 2.250000 0.997474
v -3.990502 2.250000 0.998788
v -3.992427 2.250000 0.994141
v -3.990125 2.250000 0.999697
v -3.992563 2.250000 0.993813
v -3.992427 2.250000 0.994141
v -3.992803 2.250000 0.993232
v -3.990040 2.250000 0.999903
v -3.990040 2.250000 0.999905
v -3.990040 2.250000 0.999905
v -3.990000 2.250000 1.000000
v -3.990086 2.250000 0.999793
v -3.990086 2.250000 0.999793
v -3.990086 2.250000 0.999793
v -3.990125 2.250000 0.999697
v -3.992843 2.250000 0.993137
v -3.992803 2.250000 0.993232
v -3.992889 2.250000 0.993026
v -3.992843 2.250000 0.993137
v -3.992843 2.250000 0.993137
v -3.992843 2.250000 0.993137
v -3.992929 2.250000 0.992929
v -3.992889 2.250000 0.993024
v -3.992889 2.250000 0.993026
v -3.992889 2.250000 0.993024
v -4.009734 2.650000 1.000643
v -4.010000 2.650000 1.000000
v -4.007071 2.650000 1.007071
v -4.009734 2.650000 1.000643
v -4.006629 2.587500 1.007254
v -4.006187 2.587500 1.007437
v -4.005303 2.587500 1.007803
v -4.006187 2.441667 1.007437
v -4.005303 2.441667 1.007803
v -4.006187 2.295833 1.007437
v -4.005303 2.295833 1.007803
v -4.006629 2.295833 1.007254
v -4.000884 2.587500 1.009634
v -4.000442 2.587500 1.009817
v -4.001768 2.587500 1.009268
v -4.001768 2.441667 1.009268
v -4.000884 2.441667 1.009634
v -4.001768 2.295833 1.009268
v -4.000884 2.295833 1.009634
v -4.000442 2.295833 1.009817
v -4.006250 2.650000 1.007411
v -4.006629 2.650000 1.007254
v -4.006187 2.650000 1.007437
v -4.006250 2.650000 1.007411
v -4.000505 2.650000 1.009791
v -4.000884 2.650000 1.009634
v -4.000442 2.650000 1.009817
v -4.000505 2.650000 1.009791
v -4.007048 2.650000 1.007081
v -4.007061 2.650000 1.007075
v -4.007061 2.650000 1.007075
v -4.007071 2.650000 1.007071
v -4.007016 2.650000 1.007094
v -4.007048 2.650000 1.007081
v -4.006819 2.650000 1.007176
v -4.006875 2.650000 1.007152
v -4.006061 2.650000 1.007490
v -4.006629 2.650000 1.007254
v -4.006819 2.650000 1.007176
v -4.006875 2.650000 1.007152
v -4.007016 2.650000 1.007094
v -4.001515 2.650000 1.009372
v -4.006061 2.650000 1.007490
v -4.001010 2.650000 1.009582
v -4.001515 2.650000 1.009372
v -4.000011 2.650000 1.009996
v -4.000023 2.650000 1.009991
v -4.000023 2.650000 1.009991
v -4.000055 2.650000 1.009978
v -4.000000 2.650000 1.010000
v -4.000011 2.650000 1.009996
v -4.000884 2.650000 1.009634
v -4.001010 2.650000 1.009582
v -4.000253 2.650000 1.009896
v -4.000196 2.650000 1.009919
v -4.000253 2.650000 1.009896
v -4.000055 2.650000 1.009978
v -4.000196 2.650000 1.009919
v -3.999357 2.650000 1.009734
v -4.000000 2.650000 1.010000
v -3.992929 2.650000 1.007071
v -3.999357 2.650000 1.009734
v -4.007604 2.250000 1.005785
v -4.009947 2.250000 1.000129
v -4.009947 2.250000 1.000129
v -4.010000 2.250000 1.000000
v -4.007071 2.250000 1.007071
v -4.007604 2.250000 1.005785
v -4.006465 2.250000 1.007322
v -4.006629 2.250000 1.007254
v -4.006187 2.250000 1.007437
v -4.006465 2.250000 1.007322
v -4.000720 2.250000 1.009702
v -4.000884 2.250000 1.009634
v -4.000442 2.250000 1.009817
v -4.000720 2.250000 1.009702
v -4.001212 2.250000 1.009498
v -4.004546 2.250000 1.008117
v -4.004546 2.250000 1.008117
v -4.005859 2.250000 1.007573
v -4.005859 2.250000 1.007573
v -4.006187 2.250000 1.007437
v -4.006768 2.250000 1.007197
v -4.000884 2.250000 1.009634
v -4.000303 2.250000 1.009875
v -4.000442 2.250000 1.009817
v -4.006863 2.250000 1.007157
v -4.006863 2.250000 1.007157
v -4.006974 2.250000 1.007111
v -4.006974 2.250000 1.007111
v -4.006976 2.250000 1.007110
v -4.006976 2.250000 1.007110
v -4.007071 2.250000 1.007071
v -4.006768 2.250000 1.007197
v -4.006863 2.250000 1.007157
v -4.000097 2.250000 1.009960
v -4.000207 2.250000 1.009914
v -4.000207 2.250000 1.009914
v -4.000207 2.250000 1.009914
v -4.000207 2.250000 1.009914
v -4.000303 2.250000 1.009875
v -4.000000 2.250000 1.010000
v -4.000095 2.250000 1.009961
v -4.000095 2.250000 1.009961
v -4.000097 2.250000 1.009960
v -3.994215 2.250000 1.007604
v -3.999871 2.250000 1.009947
v -3.999871 2.250000 1.009947
v -4.000000 2.250000 1.010000
v -3.992929 2.250000 1.007071
v -3.994215 2.250000 1.007604
v -4.990000 4.350000 0.000000
v -4.990000 5.250000 0.000000
v -4.992929 4.350000 -0.007071
v -4.992929 5.250000 -0.007071
v -4.992929 4.350000 -0.007071
v -4.992929 5.250000 -0.007071
v -5.000000 4.350000 -0.010000
v -5.000000 5.250000 -0.010000
v -5.000000 4.350000 -0.010000
v -5.000000 5.250000 -0.010000
v -5.007071 4.350000 -0.007071
v -5.007071 5.250000 -0.007071
v -5.007071 4.350000 -0.007071
v -5.007071 5.250000 -0.007071
v -5.010000 4.350000 0.000000
v -5.010000 5.250000 0.000000
v -5.010000 4.350000 0.000000
v -5.010000 5.250000 0.000000
v -5.007071 4.350000 0.007071
v -5.007071 5.250000 0.007071
v -5.007071 4.350000 0.007071
v -5.007071 5.250000 0.007071
v -5.000000 4.350000 0.009999
v -5.000000 5.250000 0.009999
v -5.000000 4.350000 0.009999
v -5.000000 5.250000 0.009999
v -4.992929 4.350000 0.007071
v -4.992929 5.250000 0.007071
v -4.992929 4.350000 0.007071
v -4.992929 5.250000 0.007071
v -4.991465 5.250000 0.003535
v -4.990000 4.350000 0.000000
v -4.990000 5.250000 0.000000
v -4.991465 4.800000 0.003535
v -4.992197 5.250000 0.005303
v -4.992197 4.800000 0.005303
v -4.992197 4.575000 0.005303
v -4.992563 4.800000 0.006186
v -4.992563 4.575000 0.006186
v -4.992563 4.462500 0.006186
v -4.992746 4.575000 0.006629
v -4.992746 4.462500 0.006629
v -4.992746 4.406250 0.006629
v -4.992837 4.462500 0.006849
v -4.992837 4.406250 0.006849
v -4.992837 4.378125 0.006849
v -4.992883 4.406250 0.006960
v -4.992883 4.378125 0.006960
v -4.990732 5.250000 0.001767
v -4.990732 4.800000 0.001767
v -4.990366 4.800000 0.000883
v -4.990732 4.575000 0.001767
v -4.990366 4.575000 0.000883
v -4.990183 4.575000 0.000442
v -4.990366 4.462500 0.000883
v -4.990183 4.462500 0.000442
v -4.990091 4.462500 0.000220
v -4.990183 4.406250 0.000442
v -4.990091 4.406250 0.000220
v -4.990046 4.406250 0.000110
v -4.990091 4.378125 0.000220
v -4.990046 4.378125 0.000110
v -5.000000 4.350000 -0.010000
v -5.007071 4.350000 -0.007071
v -4.992929 4.350000 -0.007071
v -5.010000 4.350000 0.000000
v -5.007071 4.350000 0.007071
v -5.000000 4.350000 0.009999
v -4.992929 4.350000 0.007071
v -4.990000 4.350000 0.000000
v -5.060000 4.350000 0.000000
v -5.000000 4.350000 0.060000
v -4.957573 4.350000 0.042426
v -5.042426 4.350000 0.042426
v -4.940000 4.350000 0.000000
v -5.000000 4.350000 -0.060000
v -4.957573 4.350000 -0.042426
v -5.042426 4.350000 -0.042426
v -5.000000 4.250000 0.000000
v -5.042426 4.350000 0.042426
v -5.060000 4.350000 0.000000
v -5.000000 4.250000 0.000000
v -5.060000 4.350000 0.000000
v -5.042426 4.350000 -0.042426
v -5.000000 4.250000 0.000000
v -5.042426 4.350000 -0.042426
v -5.000000 4.350000 -0.060000
v -5.000000 4.250000 0.000000
v -5.000000 4.350000 -0.060000
v -4.957573 4.350000 -0.042426
v -5.000000 4.250000 0.000000
v -5.000000 4.350000 0.060000
v -5.042426 4.350000 0.042426
v -5.000000 4.250000 0.000000
v -4.957573 4.350000 0.042426
v -5.000000 4.350000 0.060000
v -5.000000 4.250000 0.000000
v -4.940000 4.350000 0.000000
v -4.957573 4.350000 0.042426
v -5.000000 4.250000 0.000000
v -4.957573 4.350000 -0.042426
v -4.940000 4.350000 0.000000
v -3.990000 4.350000 0.000000
v -3.990000 5.250000 0.000000
v -3.992929 4.350000 -0.007071
v -3.992929 5.250000 -0.007071
v -3.992929 4.350000 -0.007071
v -3.992929 5.250000 -0.007071
v -4.000000 4.350000 -0.010000
v -4.000000 5.250000 -0.010000
v -4.000000 4.350000 -0.010000
v -4.000000 5.250000 -0.010000
v -4.007071 4.350000 -0.007071
v -4.007071 5.250000 -0.007071
v -4.007071 4.350000 -0.007071
v -4.007071 5.250000 -0.007071
v -4.010000 4.350000 0.000000
v -4.010000 5.250000 0.000000
v -4.010000 4.350000 0.000000
v -4.010000 5.250000 0.000000
v -4.007071 4.350000 0.007071
v -4.007071 5.250000 0.007071
v -4.007071 4.350000 0.007071
v -4.007071 5.250000 0.007071
v -4.000000 4.350000 0.009999
v -4.000000 5.250000 0.009999
v -4.000000 4.350000 0.009999
v -4.000000 5.250000 0.009999
v -3.992929 4.350000 0.007071
v -3.992929 5.250000 0.007071
v -3.992929 4.350000 0.007071
v -3.992929 5.250000 0.007071
v -3.991464 5.250000 0.003535
v -3.990000 4.350000 0.000000
v -3.990000 5.250000 0.000000
v -3.991464 4.800000 0.003535
v -3.992197 5.250000 0.005303
v -3.992197 4.800000 0.005303
v -3.992197 4.575000 0.005303
v -3.992563 4.800000 0.006186
v -3.992563 4.575000 0.006186
v -3.992563 4.462500 0.006186
v -3.992746 4.575000 0.006629
v -3.992746 4.462500 0.006629
v -3.992746 4.406250 0.006629
v -3.992837 4.462500 0.006849
v -3.992837 4.406250 0.006849
v -3.992837 4.378125 0.006849
v -3.992883 4.406250 0.006960
v -3.992883 4.378125 0.006960
v -3.990732 5.250000 0.001767
v -3.990732 4.800000 0.001767
v -3.990366 4.800000 0.000883
v -3.990732 4.575000 0.001767
v -3.990366 4.575000 0.000883
v -3.990183 4.575000 0.000442
v -3.990366 4.462500 0.000883
v -3.990183 4.462500 0.000442
v -3.990092 4.462500 0.000220
v -3.990183 4.406250 0.000442
v -3.990092 4.406250 0.000220
v -3.990046 4.406250 0.000110
v -3.990092 4.378125 0.000220
v -3.990046 4.378125 0.000110
v -4.000000 4.350000 -0.010000
v -4.007071 4.350000 -0.007071
v -3.992929 4.350000 -0.007071
v -4.010000 4.350000 0.000000
v -4.007071 4.350000 0.007071
v -4.000000 4.350000 0.009999
v -3.992929 4.350000 0.007071
v -3.990000 4.350000 0.000000
v -4.060000 4.350000 0.000000
v -4.000000 4.350000 0.060000
v -3.957574 4.350000 0.042426
v -4.042426 4.350000 0.042426
v -3.940000 4.350000 0.000000
v -4.000000 4.350000 -0.060000
v -3.957574 4.350000 -0.042426
v -4.042426 4.350000 -0.042426
v -4.000000 4.250000 0.000000
v -4.042426 4.350000 0.042426
v -4.060000 4.350000 0.000000
v -4.000000 4.250000 0.000000
v -4.060000 4.350000 0.000000
v -4.042426 4.350000 -0.042426
v -4.000000 4.250000 0.000000
v -4.042426 4.350000 -0.042426
v -4.000000 4.350000 -0.060000
v -4.000000 4.250000 0.000000
v -4.000000 4.350000 -0.060000
v -3.957574 4.350000 -0.042426
v -4.000000 4.250000 0.000000
v -4.000000 4.350000 0.060000
v -4.042426 4.350000 0.042426
v -4.000000 4.250000 0.000000
v -3.957574 4.350000 0.042426
v -4.000000 4.350000 0.060000
v -4.000000 4.250000 0.000000
v -3.940000 4.350000 0.000000
v -3.957574 4.350000 0.042426
v -4.000000 4.250000 0.000000
v -3.957574 4.350000 -0.042426
v -3.940000 4.350000 0.000000
v -3.990000 4.350000 0.500000
v -3.990000 5.250000 0.500000
v -3.992929 4.350000 0.492929
v -3.992929 5.250000 0.492929
v -3.992929 4.350000 0.492929
v -3.992929 5.250000 0.492929
v -4.000000 4.350000 0.490000
v -4.000000 5.250000 0.490000
v -4.000000 4.350000 0.490000
v -4.000000 5.250000 0.490000
v -4.007071 4.350000 0.492929
v -4.007071 5.250000 0.492929
v -4.007071 4.350000 0.492929
v -4.007071 5.250000 0.492929
v -4.010000 4.350000 0.500000
v -4.010000 5.250000 0.500000
v -4.010000 4.350000 0.500000
v -4.010000 5.250000 0.500000
v -4.007071 4.350000 0.507071
v -4.007071 5.250000 0.507071
v -4.007071 4.350000 0.507071
v -4.007071 5.250000 0.507071
v -4.000000 4.350000 0.509999
v -4.000000 5.250000 0.509999
v -4.000000 4.350000 0.509999
v -4.000000 5.250000 0.509999
v -3.992929 4.350000 0.507071
v -3.992929 5.250000 0.507071
v -3.992929 4.350000 0.507071
v -3.992929 5.250000 0.507071
v -3.991464 5.250000 0.503535
v -3.990000 4.350000 0.500000
v -3.990000 5.250000 0.500000
v -3.991464 4.800000 0.503535
v -3.992197 5.250000 0.505303
v -3.992197 4.800000 0.505303
v -3.992197 4.575000 0.505303
v -3.992563 4.800000 0.506186
v -3.992563 4.575000 0.506186
v -3.992563 4.462500 0.506186
v -3.992746 4.575000 0.506629
v -3.992746 4.462500 0.506629
v -3.992746 4.406250 0.506629
v -3.992837 4.462500 0.506849
v -3.992837 4.406250 0.506849
v -3.992837 4.378125 0.506849
v -3.992883 4.406250 0.506960
v -3.992883 4.378125 0.506960
v -3.990732 5.250000 0.501767
v -3.990732 4.800000 0.501767
v -3.990366 4.800000 0.500883
v -3.990732 4.575000 0.501767
v -3.990366 4.575000 0.500883
v -3.990183 4.575000 0.500442
v -3.990366 4.462500 0.500883
v -3.990183 4.462500 0.500442
v -3.990092 4.462500 0.500220
v -3.990183 4.406250 0.500442
v -3.990092 4.406250 0.500220
v -3.990046 4.406250 0.500110
v -3.990092 4.378125 0.500220
v -3.990046 4.378125 0.500110
v -4.000000 4.350000 0.490000
v -4.007071 4.350000 0.492929
v -3.992929 4.350000 0.492929
v -4.010000 4.350000 0.500000
v -4.007071 4.350000 0.507071
v -4.000000 4.350000 0.509999
v -3.992929 4.350000 0.507071
v -3.990000 4.350000 0.500000
v -4.060000 4.350000 0.500000
v -4.000000 4.350000 0.560000
v -3.957574 4.350000 0.542426
v -4.042426 4.350000 0.542426
v -3.940000 4.350000 0.500000
v -4.000000 4.350000 0.440000
v -3.957574 4.350000 0.457574
v -4.042426 4.350000 0.457574
v -4.000000 4.250000 0.500000
v -4.042426 4.350000 0.542426
v -4.060000 4.350000 0.500000
v -4.000000 4.250000 0.500000
v -4.060000 4.350000 0.500000
v -4.042426 4.350000 0.457574
v -4.000000 4.250000 0.500000
v -4.042426 4.350000 0.457574
v -4.000000 4.350000 0.440000
v -4.000000 4.250000 0.500000
v -4.000000 4.350000 0.440000
v -3.957574 4.350000 0.457574
v -4.000000 4.250000 0.500000
v -4.000000 4.350000 0.560000
v -4.042426 4.350000 0.542426
v -4.000000 4.250000 0.500000
v -3.957574 4.350000 0.542426
v -4.000000 4.350000 0.560000
v -4.000000 4.250000 0.500000
v -3.940000 4.350000 0.500000
v -3.957574 4.350000 0.542426
v -4.000000 4.250000 0.500000
v -3.957574 4.350000 0.457574
v -3.940000 4.350000 0.500000
v -3.990000 4.350000 1.000000
v -3.990000 5.250000 1.000000
v -3.992929 4.350000 0.992929
v -3.992929 5.250000 0.992929
v -3.992929 4.350000 0.992929
v -3.992929 5.250000 0.992929
v -4.000000 4.350000 0.990000
v -4.000000 5.250000 0.990000
v -4.000000 4.350000 0.990000
v -4.000000 5.250000 0.990000
v -4.007071 4.350000 0.992929
v -4.007071 5.250000 0.992929
v -4.007071 4.350000 0.992929
v -4.007071 5.250000 0.992929
v -4.010000 4.350000 1.000000
v -4.010000 5.250000 1.000000
v -4.010000 4.350000 1.000000
v -4.010000 5.250000 1.000000
v -4.007071 4.350000 1.007071
v -4.007071 5.250000 1.007071
v -4.007071 4.350000 1.007071
v -4.007071 5.250000 1.007071
v -4.000000 4.350000 1.009999
v -4.000000 5.250000 1.009999
v -4.000000 4.350000 1.009999
v -4.000000 5.250000 1.009999
v -3.992929 4.350000 1.007071
v -3.992929 5.250000 1.007071
v -3.992929 4.350000 1.007071
v -3.992929 5.250000 1.007071
v -3.991464 5.250000 1.003535
v -3.990000 4.350000 1.000000
v -3.990000 5.250000 1.000000
v -3.991464 4.800000 1.003535
v -3.992197 5.250000 1.005303
v -3.992197 4.800000 1.005303
v -3.992197 4.575000 1.005303
v -3.992563 4.800000 1.006186
v -3.992563 4.575000 1.006186
v -3.992563 4.462500 1.006186
v -3.992746 4.575000 1.006629
v -3.992746 4.462500 1.006629
v -3.992746 4.406250 1.006629
v -3.992837 4.462500 1.006849
v -3.992837 4.406250 1.006849
v -3.992837 4.378125 1.006849
v -3.992883 4.406250 1.006960
v -3.992883 4.378125 1.006960
v -3.990732 5.250000 1.001767
v -3.990732 4.800000 1.001767
v -3.990366 4.800000 1.000883
v -3.990732 4.575000 1.001767
v -3.990366 4.575000 1.000883
v -3.990183 4.575000 1.000442
v -3.990366 4.462500 1.000883
v -3.990183 4.462500 1.000442
v -3.990092 4.462500 1.000220
v -3.990183 4.406250 1.000442
v -3.990092 4.406250 1.000220
v -3.990046 4.406250 1.000110
v -3.990092 4.378125 1.000220
v -3.990046 4.378125 1.000110
v -4.000000 4.350000 0.990000
v -4.007071 4.350000 0.992929
v -3.992929 4.350000 0.992929
v -4.010000 4.350000 1.000000
v -4.007071 4.350000 1.007071
v -4.000000 4.350000 1.009999
v -3.992929 4.350000 1.007071
v -3.990000 4.350000 1.000000
v -4.060000 4.350000 1.000000
v -4.000000 4.350000 1.060000
v -3.957574 4.350000 1.042426
v -4.042426 4.350000 1.042426
v -3.940000 4.350000 1.000000
v -4.000000 4.350000 0.940000
v -3.957574 4.350000 0.957574
v -4.042426 4.350000 0.957574
v -4.000000 4.250000 1.000000
v -4.042426 4.350000 1.042426
v -4.060000 4.350000 1.000000
v -4.000000 4.250000 1.000000
v -4.060000 4.350000 1.000000
v -4.042426 4.350000 0.957574
v -4.000000 4.250000 1.000000
v -4.042426 4.350000 0.957574
v -4.000000 4.350000 0.940000
v -4.000000 4.250000 1.000000
v -4.000000 4.350000 0.940000
v -3.957574 4.350000 0.957574
v -4.000000 4.250000 1.000000
v -4.000000 4.350000 1.060000
v -4.042426 4.350000 1.042426
v -4.000000 4.250000 1.000000
v -3.957574 4.350000 1.042426
v -4.000000 4.350000 1.060000
v -4.000000 4.250000 1.000000
v -3.940000 4.350000 1.000000
v -3.957574 4.350000 1.042426
v -4.000000 4.250000 1.000000
v -3.957574 4.350000 0.957574
v -3.940000 4.350000 1.000000
v -4.990000 4.350000 0.500000
v -4.990000 5.250000 0.500000
v -4.992929 4.350000 0.492929
v -4.992929 5.250000 0.492929
v -4.992929 4.350000 0.492929
v -4.992929 5.250000 0.492929
v -5.000000 4.350000 0.490000
v -5.000000 5.250000 0.490000
v -5.000000 4.350000 0.490000
v -5.000000 5.250000 0.490000
v -5.007071 4.350000 0.492929
v -5.007071 5.250000 0.492929
v -5.007071 4.350000 0.492929
v -5.007071 5.250000 0.492929
v -5.010000 4.350000 0.500000
v -5.010000 5.250000 0.500000
v -5.010000 4.350000 0.500000
v -5.010000 5.250000 0.500000
v -5.007071 4.350000 0.507071
v -5.007071 5.250000 0.507071
v -5.007071 4.350000 0.507071
v -5.007071 5.250000 0.507071
v -5.000000 4.350000 0.509999
v -5.000000 5.250000 0.509999
v -5.000000 4.350000 0.509999
v -5.000000 5.250000 0.509999
v -4.992929 4.350000 0.507071
v -4.992929 5.250000 0.507071
v -4.992929 4.350000 0.507071
v -4.992929 5.250000 0.507071
v -4.991465 5.250000 0.503535
v -4.990000 4.350000 0.500000
v -4.990000 5.250000 0.500000
v -4.991465 4.800000 0.503535
v -4.992197 5.250000 0.505303
v -4.992197 4.800000 0.505303
v -4.992197 4.575000 0.505303
v -4.992563 4.800000 0.506186
v -4.992563 4.575000 0.506186
v -4.992563 4.462500 0.506186
v -4.992746 4.575000 0.506629
v -4.992746 4.462500 0.506629
v -4.992746 4.406250 0.506629
v -4.992837 4.462500 0.506849
v -4.992837 4.406250 0.506849
v -4.992837 4.378125 0.506849
v -4.992883 4.406250 0.506960
v -4.992883 4.378125 0.506960
v -4.990732 5.250000 0.501767
v -4.990732 4.800000 0.501767
v -4.990366 4.800000 0.500883
v -4.990732 4.575000 0.501767
v -4.990366 4.575000 0.500883
v -4.990183 4.575000 0.500442
v -4.990366 4.462500 0.500883
v -4.990183 4.462500 0.500442
v -4.990091 4.462500 0.500220
v -4.990183 4.406250 0.500442
v -4.990091 4.406250 0.500220
v -4.990046 4.406250 0.500110
v -4.990091 4.378125 0.500220
v -4.990046 4.378125 0.500110
v -5.000000 4.350000 0.490000
v -5.007071 4.350000 0.492929
v -4.992929 4.350000 0.492929
v -5.010000 4.350000 0.500000
v -5.007071 4.350000 0.507071
v -5.000000 4.350000 0.509999
v -4.992929 4.350000 0.507071
v -4.990000 4.350000 0.500000
v -5.060000 4.350000 0.500000
v -5.000000 4.350000 0.560000
v -4.957573 4.350000 0.542426
v -5.042426 4.350000 0.542426
v -4.940000 4.350000 0.500000
v -5.000000 4.350000 0.440000
v -4.957573 4.350000 0.457574
v -5.042426 4.350000 0.457574
v -5.000000 4.250000 0.500000
v -5.042426 4.350000 0.542426
v -5.060000 4.350000 0.500000
v -5.000000 4.250000 0.500000
v -5.060000 4.350000 0.500000
v -5.042426 4.350000 0.457574
v -5.000000 4.250000 0.500000
v -5.042426 4.350000 0.457574
v -5.000000 4.350000 0.440000
v -5.000000 4.250000 0.500000
v -5.000000 4.350000 0.440000
v -4.957573 4.350000 0.457574
v -5.000000 4.250000 0.500000
v -5.000000 4.350000 0.560000
v -5.042426 4.350000 0.542426
v -5.000000 4.250000 0.500000
v -4.957573 4.350000 0.542426
v -5.000000 4.350000 0.560000
v -5.000000 4.250000 0.500000
v -4.940000 4.350000 0.500000
v -4.957573 4.350000 0.542426
v -5.000000 4.250000 0.500000
v -4.957573 4.350000 0.457574
v -4.940000 4.350000 0.500000
v -4.990000 4.350000 1.000000
v -4.990000 5.250000 1.000000
v -4.992929 4.350000 0.992929
v -4.992929 5.250000 0.992929
v -4.992929 4.350000 0.992929
v -4.992929 5.250000 0.992929
v -5.000000 4.350000 0.990000
v -5.000000 5.250000 0.990000
v -5.000000 4.350000 0.990000
v -5.000000 5.250000 0.990000
v -5.007071 4.350000 0.992929
v -5.007071 5.250000 0.992929
v -5.007071 4.350000 0.992929
v -5.007071 5.250000 0.992929
v -5.010000 4.350000 1.000000
v -5.010000 5.250000 1.000000
v -5.010000 4.350000 1.000000
v -5.010000 5.250000 1.000000
v -5.007071 4.350000 1.007071
v -5.007071 5.250000 1.007071
v -5.007071 4.350000 1.007071
v -5.007071 5.250000 1.007071
v -5.000000 4.350000 1.009999
v -5.000000 5.250000 1.009999
v -5.000000 4.350000 1.009999
v -5.000000 5.250000 1.009999
v -4.992929 4.350000 1.007071
v -4.992929 5.250000 1.007071
v -4.992929 4.350000 1.007071
v -4.992929 5.250000 1.007071
v -4.991465 5.250000 1.003535
v -4.990000 4.350000 1.000000
v -4.990000 5.250000 1.000000
v -4.991465 4.800000 1.003535
v -4.992197 5.250000 1.005303
v -4.992197 4.800000 1.005303
v -4.992197 4.575000 1.005303
v -4.992563 4.800000 1.006186
v -4.992563 4.575000 1.006186
v -4.992563 4.462500 1.006186
v -4.992746 4.575000 1.006629
v -4.992746 4.462500 1.006629
v -4.992746 4.406250 1.006629
v -4.992837 4.462500 1.006849
v -4.992837 4.406250 1.006849
v -4.992837 4.378125 1.006849
v -4.992883 4.406250 1.006960
v -4.992883 4.378125 1.006960
v -4.990732 5.250000 1.001767
v -4.990732 4.800000 1.001767
v -4.990366 4.800000 1.000883
v -4.990732 4.575000 1.001767
v -4.990366 4.575000 1.000883
v -4.990183 4.575000 1.000442
v -4.990366 4.462500 1.000883
v -4.990183 4.462500 1.000442
v -4.990091 4.462500 1.000220
v -4.990183 4.406250 1.000442
v -4.990091 4.406250 1.000220
v -4.990046 4.406250 1.000110
v -4.990091 4.378125 1.000220
v -4.990046 4.378125 1.000110
v -5.000000 4.350000 0.990000
v -5.007071 4.350000 0.992929
v -4.992929 4.350000 0.992929
v -5.010000 4.350000 1.000000
v -5.007071 4.350000 1.007071
v -5.000000 4.350000 1.009999
v -4.992929 4.350000 1.007071
v -4.990000 4.350000 1.000000
v -5.060000 4.350000 1.000000
v -5.000000 4.350000 1.060000
v -4.957573 4.350000 1.042426
v -5.042426 4.350000 1.042426
v -4.940000 4.350000 1.000000
v -5.000000 4.350000 0.940000
v -4.957573 4.350000 0.957574
v -5.042426 4.350000 0.957574
v -5.000000 4.250000 1.000000
v -5.042426 4.350000 1.042426
v -5.060000 4.350000 1.000000
v -5.000000 4.250000 1.000000
v -5.060000 4.350000 1.000000
v -5.042426 4.350000 0.957574
v -5.000000 4.250000 1.000000
v -5.042426 4.350000 0.957574
v -5.000000 4.350000 0.940000
v -5.000000 4.250000 1.000000
v -5.000000 4.350000 0.940000
v -4.957573 4.350000 0.957574
v -5.000000 4.250000 1.000000
v -5.000000 4.350000 1.060000
v -5.042426 4.350000 1.042426
v -5.000000 4.250000 1.000000
v -4.957573 4.350000 1.042426
v -5.000000 4.350000 1.060000
v -5.000000 4.250000 1.000000
v -4.940000 4.350000 1.000000
v -4.957573 4.350000 1.042426
v -5.000000 4.250000 1.000000
v -4.957573 4.350000 0.957574
v -4.940000 4.350000 1.000000
vt 0.750000 0.750000
vt 0.750000 0.250000
vt 0.250000 0.250000
vt 0.250000 0.750000
vt 1.000000 1.000000
vt 0.000000 1.000000
vt 0.000000 0.000000
vt 1.000000 0.000000
vt 0.000000 1.000000
vt 0.250000 0.750000
vt 0.250000 0.250000
vt 0.000000 0.000000
vt 0.000000 0.000000
vt 0.250000 0.250000
vt 0.750000 0.250000
vt 1.000000 0.000000
vt 1.000000 1.000000
vt 0.750000 0.750000
vt 0.250000 0.750000
vt 0.000000 1.000000
vt 1.000000 0.000000
vt 0.750000 0.250000
vt 0.750000 0.750000
vt 1.000000 1.000000
vt 0.750000 0.750000
vt 0.750000 0.250000
vt 0.250000 0.250000
vt 0.250000 0.750000
vt 1.000000 1.000000
vt 0.000000 1.000000
vt 0.000000 0.000000
vt 1.000000 0.000000
vt 0.000000 1.000000
vt 0.250000 0.750000
vt 0.250000 0.250000
vt 0.000000 0.000000
vt 0.000000 0.000000
vt 0.250000 0.250000
vt 0.750000 0.250000
vt 1.000000 0.000000
vt 1.000000 1.000000
vt 0.750000 0.750000
vt 0.250000 0.750000
vt 0.000000 1.000000
vt 1.000000 0.000000
vt 0.750000 0.250000
vt 0.750000 0.750000
vt 1.000000 1.000000
vt 0.750000 0.750000
vt 0.750000 0.250000
vt 0.250000 0.250000
vt 0.250000 0.750000
vt 1.000000 1.000000
vt 0.000000 1.000000
vt 0.000000 0.000000
vt 1.000000 0.000000
vt 0.000000 1.000000
vt 0.250000 0.750000
vt 0.250000 0.250000
vt 0.000000 0.000000
vt 0.000000 0.000000
vt 0.250000 0.250000
vt 0.750000 0.250000
vt 1.000000 0.000000
vt 1.000000 1.000000
vt 0.750000 0.750000
vt 0.250000 0.750000
vt 0.000000 1.000000
vt 1.000000 0.000000
vt 0.750000 0.250000
vt 0.750000 0.750000
vt 1.000000 1.000000
vt 0.750000 0.750000
vt 0.750000 0.250000
vt 0.250000 0.250000
vt 0.250000 0.750000
vt 1.000000 1.000000
vt 0.000000 1.000000
vt 0.000000 0.000000
vt 1.000000 0.000000
vt 0.000000 1.000000
vt 0.250000 0.750000
vt 0.250000 0.250000
vt 0.000000 0.000000
vt 0.000000 0.000000
vt 0.250000 0.250000
vt 0.750000 0.250000
vt 1.000000 0.000000
vt 1.000000 1.000000
vt 0.750000 0.750000
vt 0.250000 0.750000
vt 0.000000 1.000000
vt 1.000000 0.000000
vt 0.750000 0.250000
vt 0.750000 0.750000
vt 1.000000 1.000000
vt 0.081168 0.395392
vt 0.081168 0.408177
vt 0.025570 0.395392
vt 0.025570 0.408177
vt 0.831741 0.405852
vt 0.831741 0.395392
vt 0.831741 0.408177
vt 0.831741 0.405852
vt 0.081168 0.511199
vt 0.081168 0.523985
vt 0.025570 0.511199
vt 0.025570 0.523985
vt 0.831741 0.521660
vt 0.831741 0.511199
vt 0.831741 0.523985
vt 0.831741 0.521660
vt 0.688192 0.395918
vt 0.842631 0.000000
vt 0.688192 0.000000
vt 0.516144 0.394453
vt 0.516144 0.000000
vt 0.672048 0.000000
vt 0.844096 0.395918
vt 0.998535 0.000000
vt 0.844096 0.000000
vt 0.000000 0.394453
vt 0.155904 0.000000
vt 0.000000 0.000000
vt 0.532289 0.790371
vt 0.532289 0.395918
vt 0.686728 0.395918
vt 0.376385 0.790371
vt 0.530824 0.395918
vt 0.376385 0.395918
vt 0.172048 0.394453
vt 0.172048 0.000000
vt 0.327952 0.000000
vt 0.344096 0.394453
vt 0.344096 0.000000
vt 0.500000 0.000000
vt 0.000000 0.506159
vt 0.265109 0.395918
vt 0.374920 0.506159
vt 0.109812 0.395918
vt 0.374920 0.662062
vt 0.109812 0.772303
vt 0.265109 0.772303
vt 0.000000 0.662062
vt 0.013493 0.729724
vt 0.014200 0.729724
vt 0.015615 0.729724
vt 0.014200 0.486483
vt 0.015615 0.486483
vt 0.014200 0.243241
vt 0.015615 0.243241
vt 0.013493 0.243241
vt 0.022690 0.729724
vt 0.023398 0.729724
vt 0.021275 0.729724
vt 0.021275 0.486483
vt 0.022690 0.486483
vt 0.021275 0.243241
vt 0.022690 0.243241
vt 0.023398 0.243241
vt 0.014099 0.833970
vt 0.013493 0.833970
vt 0.014200 0.833970
vt 0.014099 0.833970
vt 0.023297 0.833970
vt 0.022690 0.833970
vt 0.023398 0.833970
vt 0.023297 0.833970
vt 0.012802 0.833970
vt 0.012785 0.833970
vt 0.012822 0.833970
vt 0.012802 0.833970
vt 0.012873 0.833970
vt 0.012822 0.833970
vt 0.013189 0.833970
vt 0.013100 0.833970
vt 0.022488 0.833970
vt 0.021680 0.833970
vt 0.021680 0.833970
vt 0.014402 0.833970
vt 0.013100 0.833970
vt 0.024088 0.833970
vt 0.024068 0.833970
vt 0.024068 0.833970
vt 0.024018 0.833970
vt 0.024105 0.833970
vt 0.024088 0.833970
vt 0.022488 0.833970
vt 0.023701 0.833970
vt 0.023791 0.833970
vt 0.023701 0.833970
vt 0.024018 0.833970
vt 0.164565 0.858622
vt 0.164565 0.859785
vt 0.164565 0.871407
vt 0.268811 0.627806
vt 0.268811 0.628605
vt 0.268811 0.630203
vt 0.512053 0.628605
vt 0.512053 0.630203
vt 0.755294 0.628605
vt 0.755294 0.630203
vt 0.755294 0.627806
vt 0.268811 0.638194
vt 0.268811 0.638993
vt 0.268811 0.636596
vt 0.512053 0.636596
vt 0.512053 0.638194
vt 0.755294 0.636596
vt 0.755294 0.638194
vt 0.755294 0.638993
vt 0.164565 0.628491
vt 0.164565 0.627806
vt 0.164565 0.628605
vt 0.164565 0.628491
vt 0.164565 0.638879
vt 0.164565 0.638194
vt 0.164565 0.638993
vt 0.164565 0.638879
vt 0.164565 0.627026
vt 0.164565 0.627007
vt 0.164565 0.627049
vt 0.164565 0.627026
vt 0.164565 0.627106
vt 0.164565 0.627049
vt 0.164565 0.627464
vt 0.164565 0.627362
vt 0.164565 0.629747
vt 0.164565 0.628834
vt 0.164565 0.637966
vt 0.164565 0.629747
vt 0.164565 0.628834
vt 0.164565 0.627362
vt 0.164565 0.639750
vt 0.164565 0.639693
vt 0.164565 0.639773
vt 0.164565 0.639792
vt 0.164565 0.639773
vt 0.164565 0.637966
vt 0.164565 0.639336
vt 0.164565 0.638993
vt 0.164565 0.639437
vt 0.164565 0.639336
vt 0.164565 0.639693
vt 0.013755 0.166794
vt 0.013493 0.166794
vt 0.014200 0.166794
vt 0.013755 0.166794
vt 0.022953 0.166794
vt 0.022690 0.166794
vt 0.023398 0.166794
vt 0.014726 0.166794
vt 0.014200 0.166794
vt 0.016828 0.166794
vt 0.022165 0.166794
vt 0.016828 0.166794
vt 0.013493 0.166794
vt 0.013270 0.166794
vt 0.022690 0.166794
vt 0.022165 0.166794
vt 0.023620 0.166794
vt 0.023398 0.166794
vt 0.012940 0.166794
vt 0.012938 0.166794
vt 0.012938 0.166794
vt 0.012785 0.166794
vt 0.013117 0.166794
vt 0.012940 0.166794
vt 0.013119 0.166794
vt 0.013117 0.166794
vt 0.013270 0.166794
vt 0.023950 0.166794
vt 0.023773 0.166794
vt 0.023773 0.166794
vt 0.023772 0.166794
vt 0.023772 0.166794
vt 0.023620 0.166794
vt 0.024105 0.166794
vt 0.023953 0.166794
vt 0.023953 0.166794
vt 0.023950 0.166794
vt 0.831741 0.869083
vt 0.831741 0.858855
vt 0.831741 0.858855
vt 0.831741 0.858622
vt 0.831741 0.871407
vt 0.831741 0.628103
vt 0.831741 0.627806
vt 0.831741 0.628605
vt 0.831741 0.628103
vt 0.831741 0.638491
vt 0.831741 0.638194
vt 0.831741 0.638993
vt 0.831741 0.638491
vt 0.831741 0.629199
vt 0.831741 0.628605
vt 0.831741 0.631573
vt 0.831741 0.629199
vt 0.831741 0.637600
vt 0.831741 0.627555
vt 0.831741 0.638194
vt 0.831741 0.637600
vt 0.831741 0.639244
vt 0.831741 0.627182
vt 0.831741 0.627179
vt 0.831741 0.627179
vt 0.831741 0.627007
vt 0.831741 0.627383
vt 0.831741 0.627384
vt 0.831741 0.627383
vt 0.831741 0.627555
vt 0.831741 0.639415
vt 0.831741 0.639244
vt 0.831741 0.639617
vt 0.831741 0.639417
vt 0.831741 0.639417
vt 0.831741 0.639415
vt 0.831741 0.639792
vt 0.831741 0.639620
vt 0.831741 0.639617
vt 0.831741 0.639620
vt 0.164565 0.743977
vt 0.164565 0.742815
vt 0.164565 0.755600
vt 0.164565 0.743977
vt 0.000708 0.729724
vt 0.001415 0.729724
vt 0.002830 0.729724
vt 0.001415 0.486483
vt 0.002830 0.486483
vt 0.001415 0.243241
vt 0.002830 0.243241
vt 0.000708 0.243241
vt 0.009905 0.729724
vt 0.010613 0.729724
vt 0.008490 0.729724
vt 0.008490 0.486483
vt 0.009905 0.486483
vt 0.008490 0.243241
vt 0.009905 0.243241
vt 0.010613 0.243241
vt 0.001314 0.833970
vt 0.000708 0.833970
vt 0.001415 0.833970
vt 0.001314 0.833970
vt 0.010512 0.833970
vt 0.009905 0.833970
vt 0.010613 0.833970
vt 0.010512 0.833970
vt 0.000037 0.833970
vt 0.000017 0.833970
vt 0.000017 0.833970
vt 0.000000 0.833970
vt 0.000088 0.833970
vt 0.000037 0.833970
vt 0.000404 0.833970
vt 0.000314 0.833970
vt 0.001617 0.833970
vt 0.000708 0.833970
vt 0.000404 0.833970
vt 0.000314 0.833970
vt 0.000088 0.833970
vt 0.008894 0.833970
vt 0.001617 0.833970
vt 0.009703 0.833970
vt 0.008894 0.833970
vt 0.011303 0.833970
vt 0.011283 0.833970
vt 0.011283 0.833970
vt 0.011233 0.833970
vt 0.011320 0.833970
vt 0.011303 0.833970
vt 0.009905 0.833970
vt 0.009703 0.833970
vt 0.010916 0.833970
vt 0.011006 0.833970
vt 0.010916 0.833970
vt 0.011233 0.833970
vt 0.011006 0.833970
vt 0.164565 0.280747
vt 0.164565 0.279584
vt 0.164565 0.292369
vt 0.164565 0.280747
vt 0.831741 0.753275
vt 0.831741 0.743047
vt 0.831741 0.743047
vt 0.831741 0.742815
vt 0.831741 0.755600
vt 0.831741 0.753275
vt 0.000970 0.166794
vt 0.000708 0.166794
vt 0.001415 0.166794
vt 0.000970 0.166794
vt 0.010168 0.166794
vt 0.009905 0.166794
vt 0.010613 0.166794
vt 0.010168 0.166794
vt 0.009380 0.166794
vt 0.004043 0.166794
vt 0.004043 0.166794
vt 0.001941 0.166794
vt 0.001941 0.166794
vt 0.001415 0.166794
vt 0.000485 0.166794
vt 0.009905 0.166794
vt 0.010835 0.166794
vt 0.010613 0.166794
vt 0.000334 0.166794
vt 0.000332 0.166794
vt 0.000155 0.166794
vt 0.000155 0.166794
vt 0.000153 0.166794
vt 0.000153 0.166794
vt 0.000000 0.166794
vt 0.000485 0.166794
vt 0.000334 0.166794
vt 0.011165 0.166794
vt 0.010988 0.166794
vt 0.010988 0.166794
vt 0.010987 0.166794
vt 0.010987 0.166794
vt 0.010835 0.166794
vt 0.011320 0.166794
vt 0.011168 0.166794
vt 0.011168 0.166794
vt 0.011165 0.166794
vt 0.831741 0.290045
vt 0.831741 0.279817
vt 0.831741 0.279817
vt 0.831741 0.279584
vt 0.831741 0.292369
vt 0.831741 0.290045
vt 0.081168 0.395392
vt 0.081168 0.408177
vt 0.025570 0.395392
vt 0.025570 0.408177
vt 0.831741 0.405852
vt 0.831741 0.395392
vt 0.831741 0.408177
vt 0.831741 0.405852
vt 0.081168 0.511199
vt 0.081168 0.523985
vt 0.025570 0.511199
vt 0.025570 0.523985
vt 0.831741 0.521660
vt 0.831741 0.511199
vt 0.831741 0.523985
vt 0.831741 0.521660
vt 0.688192 0.395918
vt 0.842631 0.000000
vt 0.688192 0.000000
vt 0.516144 0.394453
vt 0.516144 0.000000
vt 0.672048 0.000000
vt 0.844096 0.395918
vt 0.998535 0.000000
vt 0.844096 0.000000
vt 0.000000 0.394453
vt 0.155904 0.000000
vt 0.000000 0.000000
vt 0.532289 0.790371
vt 0.532289 0.395918
vt 0.686728 0.395918
vt 0.376385 0.790371
vt 0.530824 0.395918
vt 0.376385 0.395918
vt 0.172048 0.394453
vt 0.172048 0.000000
vt 0.327952 0.000000
vt 0.344096 0.394453
vt 0.344096 0.000000
vt 0.500000 0.000000
vt 0.000000 0.506159
vt 0.265109 0.395918
vt 0.374920 0.506159
vt 0.109812 0.395918
vt 0.374920 0.662062
vt 0.109812 0.772303
vt 0.265109 0.772303
vt 0.000000 0.662062
vt 0.013493 0.729724
vt 0.014200 0.729724
vt 0.015615 0.729724
vt 0.014200 0.486483
vt 0.015615 0.486483
vt 0.014200 0.243241
vt 0.015615 0.243241
vt 0.013493 0.243241
vt 0.022690 0.729724
vt 0.023398 0.729724
vt 0.021275 0.729724
vt 0.021275 0.486483
vt 0.022690 0.486483
vt 0.021275 0.243241
vt 0.022690 0.243241
vt 0.023398 0.243241
vt 0.014099 0.833970
vt 0.013493 0.833970
vt 0.014200 0.833970
vt 0.014099 0.833970
vt 0.023297 0.833970
vt 0.022690 0.833970
vt 0.023398 0.833970
vt 0.023297 0.833970
vt 0.012802 0.833970
vt 0.012785 0.833970
vt 0.012822 0.833970
vt 0.012802 0.833970
vt 0.012873 0.833970
vt 0.012822 0.833970
vt 0.013189 0.833970
vt 0.013100 0.833970
vt 0.022488 0.833970
vt 0.021680 0.833970
vt 0.021680 0.833970
vt 0.014402 0.833970
vt 0.013100 0.833970
vt 0.024088 0.833970
vt 0.024068 0.833970
vt 0.024068 0.833970
vt 0.024018 0.833970
vt 0.024105 0.833970
vt 0.024088 0.833970
vt 0.022488 0.833970
vt 0.023701 0.833970
vt 0.023791 0.833970
vt 0.023701 0.833970
vt 0.024018 0.833970
vt 0.164565 0.858622
vt 0.164565 0.859785
vt 0.164565 0.871407
vt 0.268811 0.627806
vt 0.268811 0.628605
vt 0.268811 0.630203
vt 0.512053 0.628605
vt 0.512053 0.630203
vt 0.755294 0.628605
vt 0.755294 0.630203
vt 0.755294 0.627806
vt 0.268811 0.638194
vt 0.268811 0.638993
vt 0.268811 0.636596
vt 0.512053 0.636596
vt 0.512053 0.638194
vt 0.755294 0.636596
vt 0.755294 0.638194
vt 0.755294 0.638993
vt 0.164565 0.628491
vt 0.164565 0.627806
vt 0.164565 0.628605
vt 0.164565 0.628491
vt 0.164565 0.638879
vt 0.164565 0.638194
vt 0.164565 0.638993
vt 0.164565 0.638879
vt 0.164565 0.627026
vt 0.164565 0.627007
vt 0.164565 0.627049
vt 0.164565 0.627026
vt 0.164565 0.627106
vt 0.164565 0.627049
vt 0.164565 0.627464
vt 0.164565 0.627362
vt 0.164565 0.629747
vt 0.164565 0.628834
vt 0.164565 0.637966
vt 0.164565 0.629747
vt 0.164565 0.628834
vt 0.164565 0.627362
vt 0.164565 0.639750
vt 0.164565 0.639693
vt 0.164565 0.639773
vt 0.164565 0.639792
vt 0.164565 0.639773
vt 0.164565 0.637966
vt 0.164565 0.639336
vt 0.164565 0.638993
vt 0.164565 0.639437
vt 0.164565 0.639336
vt 0.164565 0.639693
vt 0.013755 0.166794
vt 0.013493 0.166794
vt 0.014200 0.166794
vt 0.013755 0.166794
vt 0.022953 0.166794
vt 0.022690 0.166794
vt 0.023398 0.166794
vt 0.014726 0.166794
vt 0.014200 0.166794
vt 0.016828 0.166794
vt 0.022165 0.166794
vt 0.016828 0.166794
vt 0.013493 0.166794
vt 0.013270 0.166794
vt 0.022690 0.166794
vt 0.022165 0.166794
vt 0.023620 0.166794
vt 0.023398 0.166794
vt 0.012940 0.166794
vt 0.012938 0.166794
vt 0.012938 0.166794
vt 0.012785 0.166794
vt 0.013117 0.166794
vt 0.012940 0.166794
vt 0.013119 0.166794
vt 0.013117 0.166794
vt 0.013270 0.166794
vt 0.023950 0.166794
vt 0.023773 0.166794
vt 0.023773 0.166794
vt 0.023772 0.166794
vt 0.023772 0.166794
vt 0.023620 0.166794
vt 0.024105 0.166794
vt 0.023953 0.166794
vt 0.023953 0.166794
vt 0.023950 0.166794
vt 0.831741 0.869083
vt 0.831741 0.858855
vt 0.831741 0.858855
vt 0.831741 0.858622
vt 0.831741 0.871407
vt 0.831741 0.628103
vt 0.831741 0.627806
vt 0.831741 0.628605
vt 0.831741 0.628103
vt 0.831741 0.638491
vt 0.831741 0.638194
vt 0.831741 0.638993
vt 0.831741 0.638491
vt 0.831741 0.629199
vt 0.831741 0.628605
vt 0.831741 0.631573
vt 0.831741 0.629199
vt 0.831741 0.637600
vt 0.831741 0.627555
vt 0.831741 0.638194
vt 0.831741 0.637600
vt 0.831741 0.639244
vt 0.831741 0.627182
vt 0.831741 0.627179
vt 0.831741 0.627179
vt 0.831741 0.627007
vt 0.831741 0.627383
vt 0.831741 0.627384
vt 0.831741 0.627383
vt 0.831741 0.627555
vt 0.831741 0.639415
vt 0.831741 0.639244
vt 0.831741 0.639617
vt 0.831741 0.639417
vt 0.831741 0.639417
vt 0.831741 0.639415
vt 0.831741 0.639792
vt 0.831741 0.639620
vt 0.831741 0.639617
vt 0.831741 0.639620
vt 0.164565 0.743977
vt 0.164565 0.742815
vt 0.164565 0.755600
vt 0.164565 0.743977
vt 0.000708 0.729724
vt 0.001415 0.729724
vt 0.002830 0.729724
vt 0.001415 0.486483
vt 0.002830 0.486483
vt 0.001415 0.243241
vt 0.002830 0.243241
vt 0.000708 0.243241
vt 0.009905 0.729724
vt 0.010613 0.729724
vt 0.008490 0.729724
vt 0.008490 0.486483
vt 0.009905 0.486483
vt 0.008490 0.243241
vt 0.009905 0.243241
vt 0.010613 0.243241
vt 0.001314 0.833970
vt 0.000708 0.833970
vt 0.001415 0.833970
vt 0.001314 0.833970
vt 0.010512 0.833970
vt 0.009905 0.833970
vt 0.010613 0.833970
vt 0.010512 0.833970
vt 0.000037 0.833970
vt 0.000017 0.833970
vt 0.000017 0.833970
vt 0.000000 0.833970
vt 0.000088 0.833970
vt 0.000037 0.833970
vt 0.000404 0.833970
vt 0.000314 0.833970
vt 0.001617 0.833970
vt 0.000708 0.833970
vt 0.000404 0.833970
vt 0.000314 0.833970
vt 0.000088 0.833970
vt 0.008894 0.833970
vt 0.001617 0.833970
vt 0.009703 0.833970
vt 0.008894 0.833970
vt 0.011303 0.833970
vt 0.011283 0.833970
vt 0.011283 0.833970
vt 0.011233 0.833970
vt 0.011320 0.833970
vt 0.011303 0.833970
vt 0.009905 0.833970
vt 0.009703 0.833970
vt 0.010916 0.833970
vt 0.011006 0.833970
vt 0.010916 0.833970
vt 0.011233 0.833970
vt 0.011006 0.833970
vt 0.164565 0.280747
vt 0.164565 0.279584
vt 0.164565 0.292369
vt 0.164565 0.280747
vt 0.831741 0.753275
vt 0.831741 0.743047
vt 0.831741 0.743047
vt 0.831741 0.742815
vt 0.831741 0.755600
vt 0.831741 0.753275
vt 0.000970 0.166794
vt 0.000708 0.166794
vt 0.001415 0.166794
vt 0.000970 0.166794
vt 0.010168 0.166794
vt 0.009905 0.166794
vt 0.010613 0.166794
vt 0.010168 0.166794
vt 0.009380 0.166794
vt 0.004043 0.166794
vt 0.004043 0.166794
vt 0.001941 0.166794
vt 0.001941 0.166794
vt 0.001415 0.166794
vt 0.000485 0.166794
vt 0.009905 0.166794
vt 0.010835 0.166794
vt 0.010613 0.166794
vt 0.000334 0.166794
vt 0.000332 0.166794
vt 0.000155 0.166794
vt 0.000155 0.166794
vt 0.000153 0.166794
vt 0.000153 0.166794
vt 0.000000 0.166794
vt 0.000485 0.166794
vt 0.000334 0.166794
vt 0.011165 0.166794
vt 0.010988 0.166794
vt 0.010988 0.166794
vt 0.010987 0.166794
vt 0.010987 0.166794
vt 0.010835 0.166794
vt 0.011320 0.166794
vt 0.011168 0.166794
vt 0.011168 0.166794
vt 0.011165 0.166794
vt 0.831741 0.290045
vt 0.831741 0.279817
vt 0.831741 0.279817
vt 0.831741 0.279584
vt 0.831741 0.292369
vt 0.831741 0.290045
vt 0.081168 0.395392
vt 0.081168 0.408177
vt 0.025570 0.395392
vt 0.025570 0.408177
vt 0.831741 0.405852
vt 0.831741 0.395392
vt 0.831741 0.408177
vt 0.831741 0.405852
vt 0.081168 0.511199
vt 0.081168 0.523985
vt 0.025570 0.511199
vt 0.025570 0.523985
vt 0.831741 0.521660
vt 0.831741 0.511199
vt 0.831741 0.523985
vt 0.831741 0.521660
vt 0.688192 0.395918
vt 0.842631 0.000000
vt 0.688192 0.000000
vt 0.516144 0.394453
vt 0.516144 0.000000
vt 0.672048 0.000000
vt 0.844096 0.395918
vt 0.998535 0.000000
vt 0.844096 0.000000
vt 0.000000 0.394453
vt 0.155904 0.000000
vt 0.000000 0.000000
vt 0.532289 0.790371
vt 0.532289 0.395918
vt 0.686728 0.395918
vt 0.376385 0.790371
vt 0.530824 0.395918
vt 0.376385 0.395918
vt 0.172048 0.394453
vt 0.172048 0.000000
vt 0.327952 0.000000
vt 0.344096 0.394453
vt 0.344096 0.000000
vt 0.500000 0.000000
vt 0.000000 0.506159
vt 0.265109 0.395918
vt 0.374920 0.506159
vt 0.109812 0.395918
vt 0.374920 0.662062
vt 0.109812 0.772303
vt 0.265109 0.772303
vt 0.000000 0.662062
vt 0.013493 0.729724
vt 0.014200 0.729724
vt 0.015615 0.729724
vt 0.014200 0.486483
vt 0.015615 0.486483
vt 0.014200 0.243241
vt 0.015615 0.243241
vt 0.013493 0.243241
vt 0.022690 0.729724
vt 0.023398 0.729724
vt 0.021275 0.729724
vt 0.021275 0.486483
vt 0.022690 0.486483
vt 0.021275 0.243241
vt 0.022690 0.243241
vt 0.023398 0.243241
vt 0.014099 0.833970
vt 0.013493 0.833970
vt 0.014200 0.833970
vt 0.014099 0.833970
vt 0.023297 0.833970
vt 0.022690 0.833970
vt 0.023398 0.833970
vt 0.023297 0.833970
vt 0.012802 0.833970
vt 0.012785 0.833970
vt 0.012822 0.833970
vt 0.012802 0.833970
vt 0.012873 0.833970
vt 0.012822 0.833970
vt 0.013189 0.833970
vt 0.013100 0.833970
vt 0.022488 0.833970
vt 0.021680 0.833970
vt 0.021680 0.833970
vt 0.014402 0.833970
vt 0.013100 0.833970
vt 0.024088 0.833970
vt 0.024068 0.833970
vt 0.024068 0.833970
vt 0.024018 0.833970
vt 0.024105 0.833970
vt 0.024088 0.833970
vt 0.022488 0.833970
vt 0.023701 0.833970
vt 0.023791 0.833970
vt 0.023701 0.833970
vt 0.024018 0.833970
vt 0.164565 0.858622
vt 0.164565 0.859785
vt 0.164565 0.871407
vt 0.268811 0.627806
vt 0.268811 0.628605
vt 0.268811 0.630203
vt 0.512053 0.628605
vt 0.512053 0.630203
vt 0.755294 0.628605
vt 0.755294 0.630203
vt 0.755294 0.627806
vt 0.268811 0.638194
vt 0.268811 0.638993
vt 0.268811 0.636596
vt 0.512053 0.636596
vt 0.512053 0.638194
vt 0.755294 0.636596
vt 0.755294 0.638194
vt 0.755294 0.638993
vt 0.164565 0.628491
vt 0.164565 0.627806
vt 0.164565 0.628605
vt 0.164565 0.628491
vt 0.164565 0.638879
vt 0.164565 0.638194
vt 0.164565 0.638993
vt 0.164565 0.638879
vt 0.164565 0.627026
vt 0.164565 0.627007
vt 0.164565 0.627049
vt 0.164565 0.627026
vt 0.164565 0.627106
vt 0.164565 0.627049
vt 0.164565 0.627464
vt 0.164565 0.627362
vt 0.164565 0.629747
vt 0.164565 0.628834
vt 0.164565 0.637966
vt 0.164565 0.629747
vt 0.164565 0.628834
vt 0.164565 0.627362
vt 0.164565 0.639750
vt 0.164565 0.639693
vt 0.164565 0.639773
vt 0.164565 0.639792
vt 0.164565 0.639773
vt 0.164565 0.637966
vt 0.164565 0.639336
vt 0.164565 0.638993
vt 0.164565 0.639437
vt 0.164565 0.639336
vt 0.164565 0.639693
vt 0.013755 0.166794
vt 0.013493 0.166794
vt 0.014200 0.166794
vt 0.013755 0.166794
vt 0.022953 0.166794
vt 0.022690 0.166794
vt 0.023398 0.166794
vt 0.014726 0.166794
vt 0.014200 0.166794
vt 0.016828 0.166794
vt 0.022165 0.166794
vt 0.016828 0.166794
vt 0.013493 0.166794
vt 0.013270 0.166794
vt 0.022690 0.166794
vt 0.022165 0.166794
vt 0.023620 0.166794
vt 0.023398 0.166794
vt 0.012940 0.166794
vt 0.012938 0.166794
vt 0.012938 0.166794
vt 0.012785 0.166794
vt 0.013117 0.166794
vt 0.012940 0.166794
vt 0.013119 0.166794
vt 0.013117 0.166794
vt 0.013270 0.166794
vt 0.023950 0.166794
vt 0.023773 0.166794
vt 0.023773 0.166794
vt 0.023772 0.166794
vt 0.023772 0.166794
vt 0.023620 0.166794
vt 0.024105 0.166794
vt 0.023953 0.166794
vt 0.023953 0.166794
vt 0.023950 0.166794
vt 0.831741 0.869083
vt 0.831741 0.858855
vt 0.831741 0.858855
vt 0.831741 0.858622
vt 0.831741 0.871407
vt 0.831741 0.628103
vt 0.831741 0.627806
vt 0.831741 0.628605
vt 0.831741 0.628103
vt 0.831741 0.638491
vt 0.831741 0.638194
vt 0.831741 0.638993
vt 0.831741 0.638491
vt 0.831741 0.629199
vt 0.831741 0.628605
vt 0.831741 0.631573
vt 0.831741 0.629199
vt 0.831741 0.637600
vt 0.831741 0.627555
vt 0.831741 0.638194
vt 0.831741 0.637600
vt 0.831741 0.639244
vt 0.831741 0.627182
vt 0.831741 0.627179
vt 0.831741 0.627179
vt 0.831741 0.627007
vt 0.831741 0.627383
vt 0.831741 0.627384
vt 0.831741 0.627383
vt 0.831741 0.627555
vt 0.831741 0.639415
vt 0.831741 0.639244
vt 0.831741 0.639617
vt 0.831741 0.639417
vt 0.831741 0.639417
vt 0.831741 0.639415
vt 0.831741 0.639792
vt 0.831741 0.639620
vt 0.831741 0.639617
vt 0.831741 0.639620
vt 0.164565 0.743977
vt 0.164565 0.742815
vt 0.164565 0.755600
vt 0.164565 0.743977
vt 0.000708 0.729724
vt 0.001415 0.729724
vt 0.002830 0.729724
vt 0.001415 0.486483
vt 0.002830 0.486483
vt 0.001415 0.243241
vt 0.002830 0.243241
vt 0.000708 0.243241
vt 0.009905 0.729724
vt 0.010613 0.729724
vt 0.008490 0.729724
vt 0.008490 0.486483
vt 0.009905 0.486483
vt 0.008490 0.243241
vt 0.009905 0.243241
vt 0.010613 0.243241
vt 0.001314 0.833970
vt 0.000708 0.833970
vt 0.001415 0.833970
vt 0.001314 0.833970
vt 0.010512 0.833970
vt 0.009905 0.833970
vt 0.010613 0.833970
vt 0.010512 0.833970
vt 0.000037 0.833970
vt 0.000017 0.833970
vt 0.000017 0.833970
vt 0.000000 0.833970
vt 0.000088 0.833970
vt 0.000037 0.833970
vt 0.000404 0.833970
vt 0.000314 0.833970
vt 0.001617 0.833970
vt 0.000708 0.833970
vt 0.000404 0.833970
vt 0.000314 0.833970
vt 0.000088 0.833970
vt 0.008894 0.833970
vt 0.001617 0.833970
vt 0.009703 0.833970
vt 0.008894 0.833970
vt 0.011303 0.833970
vt 0.011283 0.833970
vt 0.011283 0.833970
vt 0.011233 0.833970
vt 0.011320 0.833970
vt 0.011303 0.833970
vt 0.009905 0.833970
vt 0.009703 0.833970
vt 0.010916 0.833970
vt 0.011006 0.833970
vt 0.010916 0.833970
vt 0.011233 0.833970
vt 0.011006 0.833970
vt 0.164565 0.280747
vt 0.164565 0.279584
vt 0.164565 0.292369
vt 0.164565 0.280747
vt 0.831741 0.753275
vt 0.831741 0.743047
vt 0.831741 0.743047
vt 0.831741 0.742815
vt 0.831741 0.755600
vt 0.831741 0.753275
vt 0.000970 0.166794
vt 0.000708 0.166794
vt 0.001415 0.166794
vt 0.000970 0.166794
vt 0.010168 0.166794
vt 0.009905 0.166794
vt 0.010613 0.166794
vt 0.010168 0.166794
vt 0.009380 0.166794
vt 0.004043 0.166794
vt 0.004043 0.166794
vt 0.001941 0.166794
vt 0.001941 0.166794
vt 0.001415 0.166794
vt 0.000485 0.166794
vt 0.009905 0.166794
vt 0.010835 0.166794
vt 0.010613 0.166794
vt 0.000334 0.166794
vt 0.000332 0.166794
vt 0.000155 0.166794
vt 0.000155 0.166794
vt 0.000153 0.166794
vt 0.000153 0.166794
vt 0.000000 0.166794
vt 0.000485 0.166794
vt 0.000334 0.166794
vt 0.011165 0.166794
vt 0.010988 0.166794
vt 0.010988 0.166794
vt 0.010987 0.166794
vt 0.010987 0.166794
vt 0.010835 0.166794
vt 0.011320 0.166794
vt 0.011168 0.166794
vt 0.011168 0.166794
vt 0.011165 0.166794
vt 0.831741 0.290045
vt 0.831741 0.279817
vt 0.831741 0.279817
vt 0.831741 0.279584
vt 0.831741 0.292369
vt 0.831741 0.290045
vt 0.081168 0.395392
vt 0.081168 0.408177
vt 0.025570 0.395392
vt 0.025570 0.408177
vt 0.831741 0.405852
vt 0.831741 0.395392
vt 0.831741 0.408177
vt 0.831741 0.405852
vt 0.081168 0.511199
vt 0.081168 0.523985
vt 0.025570 0.511199
vt 0.025570 0.523985
vt 0.831741 0.521660
vt 0.831741 0.511199
vt 0.831741 0.523985
vt 0.831741 0.521660
vt 0.688192 0.395918
vt 0.842631 0.000000
vt 0.688192 0.000000
vt 0.516144 0.394453
vt 0.516144 0.000000
vt 0.672048 0.000000
vt 0.844096 0.395918
vt 0.998535 0.000000
vt 0.844096 0.000000
vt 0.000000 0.394453
vt 0.155904 0.000000
vt 0.000000 0.000000
vt 0.532289 0.790371
vt 0.532289 0.395918
vt 0.686728 0.395918
vt 0.376385 0.790371
vt 0.530824 0.395918
vt 0.376385 0.395918
vt 0.172048 0.394453
vt 0.172048 0.000000
vt 0.327952 0.000000
vt 0.344096 0.394453
vt 0.344096 0.000000
vt 0.500000 0.000000
vt 0.000000 0.506159
vt 0.265109 0.395918
vt 0.374920 0.506159
vt 0.109812 0.395918
vt 0.374920 0.662062
vt 0.109812 0.772303
vt 0.265109 0.772303
vt 0.000000 0.662062
vt 0.013493 0.729724
vt 0.014200 0.729724
vt 0.015615 0.729724
vt 0.014200 0.486483
vt 0.015615 0.486483
vt 0.014200 0.243241
vt 0.015615 0.243241
vt 0.013493 0.243241
vt 0.022690 0.729724
vt 0.023398 0.729724
vt 0.021275 0.729724
vt 0.021275 0.486483
vt 0.022690 0.486483
vt 0.021275 0.243241
vt 0.022690 0.243241
vt 0.023398 0.243241
vt 0.014099 0.833970
vt 0.013493 0.833970
vt 0.014200 0.833970
vt 0.014099 0.833970
vt 0.023297 0.833970
vt 0.022690 0.833970
vt 0.023398 0.833970
vt 0.023297 0.833970
vt 0.012802 0.833970
vt 0.012785 0.833970
vt 0.012822 0.833970
vt 0.012802 0.833970
vt 0.012873 0.833970
vt 0.012822 0.833970
vt 0.013189 0.833970
vt 0.013100 0.833970
vt 0.022488 0.833970
vt 0.021680 0.833970
vt 0.021680 0.833970
vt 0.014402 0.833970
vt 0.013100 0.833970
vt 0.024088 0.833970
vt 0.024068 0.833970
vt 0.024068 0.833970
vt 0.024018 0.833970
vt 0.024105 0.833970
vt 0.024088 0.833970
vt 0.022488 0.833970
vt 0.023701 0.833970
vt 0.023791 0.833970
vt 0.023701 0.833970
vt 0.024018 0.833970
vt 0.164565 0.858622
vt 0.164565 0.859785
vt 0.164565 0.871407
vt 0.268811 0.627806
vt 0.268811 0.628605
vt 0.268811 0.630203
vt 0.512053 0.628605
vt 0.512053 0.630203
vt 0.755294 0.628605
vt 0.755294 0.630203
vt 0.755294 0.627806
vt 0.268811 0.638194
vt 0.268811 0.638993
vt 0.268811 0.636596
vt 0.512053 0.636596
vt 0.512053 0.638194
vt 0.755294 0.636596
vt 0.755294 0.638194
vt 0.755294 0.638993
vt 0.164565 0.628491
vt 0.164565 0.627806
vt 0.164565 0.628605
vt 0.164565 0.628491
vt 0.164565 0.638879
vt 0.164565 0.638194
vt 0.164565 0.638993
vt 0.164565 0.638879
vt 0.164565 0.627026
vt 0.164565 0.627007
vt 0.164565 0.627049
vt 0.164565 0.627026
vt 0.164565 0.627106
vt 0.164565 0.627049
vt 0.164565 0.627464
vt 0.164565 0.627362
vt 0.164565 0.629747
vt 0.164565 0.628834
vt 0.164565 0.637966
vt 0.164565 0.629747
vt 0.164565 0.628834
vt 0.164565 0.627362
vt 0.164565 0.639750
vt 0.164565 0.639693
vt 0.164565 0.639773
vt 0.164565 0.639792
vt 0.164565 0.639773
vt 0.164565 0.637966
vt 0.164565 0.639336
vt 0.164565 0.638993
vt 0.164565 0.639437
vt 0.164565 0.639336
vt 0.164565 0.639693
vt 0.013755 0.166794
vt 0.013493 0.166794
vt 0.014200 0.166794
vt 0.013755 0.166794
vt 0.022953 0.166794
vt 0.022690 0.166794
vt 0.023398 0.166794
vt 0.014726 0.166794
vt 0.014200 0.166794
vt 0.016828 0.166794
vt 0.022165 0.166794
vt 0.016828 0.166794
vt 0.013493 0.166794
vt 0.013270 0.166794
vt 0.022690 0.166794
vt 0.022165 0.166794
vt 0.023620 0.166794
vt 0.023398 0.166794
vt 0.012940 0.166794
vt 0.012938 0.166794
vt 0.012938 0.166794
vt 0.012785 0.166794
vt 0.013117 0.166794
vt 0.012940 0.166794
vt 0.013119 0.166794
vt 0.013117 0.166794
vt 0.013270 0.166794
vt 0.023950 0.166794
vt 0.023773 0.166794
vt 0.023773 0.166794
vt 0.023772 0.166794
vt 0.023772 0.166794
vt 0.023620 0.166794
vt 0.024105 0.166794
vt 0.023953 0.166794
vt 0.023953 0.166794
vt 0.023950 0.166794
vt 0.831741 0.869083
vt 0.831741 0.858855
vt 0.831741 0.858855
vt 0.831741 0.858622
vt 0.831741 0.871407
vt 0.831741 0.628103
vt 0.831741 0.627806
vt 0.831741 0.628605
vt 0.831741 0.628103
vt 0.831741 0.638491
vt 0.831741 0.638194
vt 0.831741 0.638993
vt 0.831741 0.638491
vt 0.831741 0.629199
vt 0.831741 0.628605
vt 0.831741 0.631573
vt 0.831741 0.629199
vt 0.831741 0.637600
vt 0.831741 0.627555
vt 0.831741 0.638194
vt 0.831741 0.637600
vt 0.831741 0.639244
vt 0.831741 0.627182
vt 0.831741 0.627179
vt 0.831741 0.627179
vt 0.831741 0.627007
vt 0.831741 0.627383
vt 0.831741 0.627384
vt 0.831741 0.627383
vt 0.831741 0.627555
vt 0.831741 0.639415
vt 0.831741 0.639244
vt 0.831741 0.639617
vt 0.831741 0.639417
vt 0.831741 0.639417
vt 0.831741 0.639415
vt 0.831741 0.639792
vt 0.831741 0.639620
vt 0.831741 0.639617
vt 0.831741 0.639620
vt 0.164565 0.743977
vt 0.164565 0.742815
vt 0.164565 0.755600
vt 0.164565 0.743977
vt 0.000708 0.729724
vt 0.001415 0.729724
vt 0.002830 0.729724
vt 0.001415 0.486483
vt 0.002830 0.486483
vt 0.001415 0.243241
vt 0.002830 0.243241
vt 0.000708 0.243241
vt 0.009905 0.729724
vt 0.010613 0.729724
vt 0.008490 0.729724
vt 0.008490 0.486483
vt 0.009905 0.486483
vt 0.008490 0.243241
vt 0.009905 0.243241
vt 0.010613 0.243241
vt 0.001314 0.833970
vt 0.000708 0.833970
vt 0.001415 0.833970
vt 0.001314 0.833970
vt 0.010512 0.833970
vt 0.009905 0.833970
vt 0.010613 0.833970
vt 0.010512 0.833970
vt 0.000037 0.833970
vt 0.000017 0.833970
vt 0.000017 0.833970
vt 0.000000 0.833970
vt 0.000088 0.833970
vt 0.000037 0.833970
vt 0.000404 0.833970
vt 0.000314 0.833970
vt 0.001617 0.833970
vt 0.000708 0.833970
vt 0.000404 0.833970
vt 0.000314 0.833970
vt 0.000088 0.833970
vt 0.008894 0.833970
vt 0.001617 0.833970
vt 0.009703 0.833970
vt 0.008894 0.833970
vt 0.011303 0.833970
vt 0.011283 0.833970
vt 0.011283 0.833970
vt 0.011233 0.833970
vt 0.011320 0.833970
vt 0.011303 0.833970
vt 0.009905 0.833970
vt 0.009703 0.833970
vt 0.010916 0.833970
vt 0.011006 0.833970
vt 0.010916 0.833970
vt 0.011233 0.833970
vt 0.011006 0.833970
vt 0.164565 0.280747
vt 0.164565 0.279584
vt 0.164565 0.292369
vt 0.164565 0.280747
vt 0.831741 0.753275
vt 0.831741 0.743047
vt 0.831741 0.743047
vt 0.831741 0.742815
vt 0.831741 0.755600
vt 0.831741 0.753275
vt 0.000970 0.166794
vt 0.000708 0.166794
vt 0.001415 0.166794
vt 0.000970 0.166794
vt 0.010168 0.166794
vt 0.009905 0.166794
vt 0.010613 0.166794
vt 0.010168 0.166794
vt 0.009380 0.166794
vt 0.004043 0.166794
vt 0.004043 0.166794
vt 0.001941 0.166794
vt 0.001941 0.166794
vt 0.001415 0.166794
vt 0.000485 0.166794
vt 0.009905 0.166794
vt 0.010835 0.166794
vt 0.010613 0.166794
vt 0.000334 0.166794
vt 0.000332 0.166794
vt 0.000155 0.166794
vt 0.000155 0.166794
vt 0.000153 0.166794
vt 0.000153 0.166794
vt 0.000000 0.166794
vt 0.000485 0.166794
vt 0.000334 0.166794
vt 0.011165 0.166794
vt 0.010988 0.166794
vt 0.010988 0.166794
vt 0.010987 0.166794
vt 0.010987 0.166794
vt 0.010835 0.166794
vt 0.011320 0.166794
vt 0.011168 0.166794
vt 0.011168 0.166794
vt 0.011165 0.166794
vt 0.831741 0.290045
vt 0.831741 0.279817
vt 0.831741 0.279817
vt 0.831741 0.279584
vt 0.831741 0.292369
vt 0.831741 0.290045
vt 0.081168 0.395392
vt 0.081168 0.408177
vt 0.025570 0.395392
vt 0.025570 0.408177
vt 0.831741 0.405852
vt 0.831741 0.395392
vt 0.831741 0.408177
vt 0.831741 0.405852
vt 0.081168 0.511199
vt 0.081168 0.523985
vt 0.025570 0.511199
vt 0.025570 0.523985
vt 0.831741 0.521660
vt 0.831741 0.511199
vt 0.831741 0.523985
vt 0.831741 0.521660
vt 0.688192 0.395918
vt 0.842631 0.000000
vt 0.688192 0.000000
vt 0.516144 0.394453
vt 0.516144 0.000000
vt 0.672048 0.000000
vt 0.844096 0.395918
vt 0.998535 0.000000
vt 0.844096 0.000000
vt 0.000000 0.394453
vt 0.155904 0.000000
vt 0.000000 0.000000
vt 0.532289 0.790371
vt 0.532289 0.395918
vt 0.686728 0.395918
vt 0.376385 0.790371
vt 0.530824 0.395918
vt 0.376385 0.395918
vt 0.172048 0.394453
vt 0.172048 0.000000
vt 0.327952 0.000000
vt 0.344096 0.394453
vt 0.344096 0.000000
vt 0.500000 0.000000
vt 0.000000 0.506159
vt 0.265109 0.395918
vt 0.374920 0.506159
vt 0.109812 0.395918
vt 0.374920 0.662062
vt 0.109812 0.772303
vt 0.265109 0.772303
vt 0.000000 0.662062
vt 0.013493 0.729724
vt 0.014200 0.729724
vt 0.015615 0.729724
vt 0.014200 0.486483
vt 0.015615 0.486483
vt 0.014200 0.243241
vt 0.015615 0.243241
vt 0.013493 0.243241
vt 0.022690 0.729724
vt 0.023398 0.729724
vt 0.021275 0.729724
vt 0.021275 0.486483
vt 0.022690 0.486483
vt 0.021275 0.243241
vt 0.022690 0.243241
vt 0.023398 0.243241
vt 0.014099 0.833970
vt 0.013493 0.833970
vt 0.014200 0.833970
vt 0.014099 0.833970
vt 0.023297 0.833970
vt 0.022690 0.833970
vt 0.023398 0.833970
vt 0.023297 0.833970
vt 0.012802 0.833970
vt 0.012785 0.833970
vt 0.012822 0.833970
vt 0.012802 0.833970
vt 0.012873 0.833970
vt 0.012822 0.833970
vt 0.013189 0.833970
vt 0.013100 0.833970
vt 0.022488 0.833970
vt 0.021680 0.833970
vt 0.021680 0.833970
vt 0.014402 0.833970
vt 0.013100 0.833970
vt 0.024088 0.833970
vt 0.024068 0.833970
vt 0.024068 0.833970
vt 0.024018 0.833970
vt 0.024105 0.833970
vt 0.024088 0.833970
vt 0.022488 0.833970
vt 0.023701 0.833970
vt 0.023791 0.833970
vt 0.023701 0.833970
vt 0.024018 0.833970
vt 0.164565 0.858622
vt 0.164565 0.859785
vt 0.164565 0.871407
vt 0.268811 0.627806
vt 0.268811 0.628605
vt 0.268811 0.630203
vt 0.512053 0.628605
vt 0.512053 0.630203
vt 0.755294 0.628605
vt 0.755294 0.630203
vt 0.755294 0.627806
vt 0.268811 0.638194
vt 0.268811 0.638993
vt 0.268811 0.636596
vt 0.512053 0.636596
vt 0.512053 0.638194
vt 0.755294 0.636596
vt 0.755294 0.638194
vt 0.755294 0.638993
vt 0.164565 0.628491
vt 0.164565 0.627806
vt 0.164565 0.628605
vt 0.164565 0.628491
vt 0.164565 0.638879
vt 0.164565 0.638194
vt 0.164565 0.638993
vt 0.164565 0.638879
vt 0.164565 0.627026
vt 0.164565 0.627007
vt 0.164565 0.627049
vt 0.164565 0.627026
vt 0.164565 0.627106
vt 0.164565 0.627049
vt 0.164565 0.627464
vt 0.164565 0.627362
vt 0.164565 0.629747
vt 0.164565 0.628834
vt 0.164565 0.637966
vt 0.164565 0.629747
vt 0.164565 0.628834
vt 0.164565 0.627362
vt 0.164565 0.639750
vt 0.164565 0.639693
vt 0.164565 0.639773
vt 0.164565 0.639792
vt 0.164565 0.639773
vt 0.164565 0.637966
vt 0.164565 0.639336
vt 0.164565 0.638993
vt 0.164565 0.639437
vt 0.164565 0.639336
vt 0.164565 0.639693
vt 0.013755 0.166794
vt 0.013493 0.166794
vt 0.014200 0.166794
vt 0.013755 0.166794
vt 0.022953 0.166794
vt 0.022690 0.166794
vt 0.023398 0.166794
vt 0.014726 0.166794
vt 0.014200 0.166794
vt 0.016828 0.166794
vt 0.022165 0.166794
vt 0.016828 0.166794
vt 0.013493 0.166794
vt 0.013270 0.166794
vt 0.022690 0.166794
vt 0.022165 0.166794
vt 0.023620 0.166794
vt 0.023398 0.166794
vt 0.012940 0.166794
vt 0.012938 0.166794
vt 0.012938 0.166794
vt 0.012785 0.166794
vt 0.013117 0.166794
vt 0.012940 0.166794
vt 0.013119 0.166794
vt 0.013117 0.166794
vt 0.013270 0.166794
vt 0.023950 0.166794
vt 0.023773 0.166794
vt 0.023773 0.166794
vt 0.023772 0.166794
vt 0.023772 0.166794
vt 0.023620 0.166794
vt 0.024105 0.166794
vt 0.023953 0.166794
vt 0.023953 0.166794
vt 0.023950 0.166794
vt 0.831741 0.869083
vt 0.831741 0.858855
vt 0.831741 0.858855
vt 0.831741 0.858622
vt 0.831741 0.871407
vt 0.831741 0.628103
vt 0.831741 0.627806
vt 0.831741 0.628605
vt 0.831741 0.628103
vt 0.831741 0.638491
vt 0.831741 0.638194
vt 0.831741 0.638993
vt 0.831741 0.638491
vt 0.831741 0.629199
vt 0.831741 0.628605
vt 0.831741 0.631573
vt 0.831741 0.629199
vt 0.831741 0.637600
vt 0.831741 0.627555
vt 0.831741 0.638194
vt 0.831741 0.637600
vt 0.831741 0.639244
vt 0.831741 0.627182
vt 0.831741 0.627179
vt 0.831741 0.627179
vt 0.831741 0.627007
vt 0.831741 0.627383
vt 0.831741 0.627384
vt 0.831741 0.627383
vt 0.831741 0.627555
vt 0.831741 0.639415
vt 0.831741 0.639244
vt 0.831741 0.639617
vt 0.831741 0.639417
vt 0.831741 0.639417
vt 0.831741 0.639415
vt 0.831741 0.639792
vt 0.831741 0.639620
vt 0.831741 0.639617
vt 0.831741 0.639620
vt 0.164565 0.743977
vt 0.164565 0.742815
vt 0.164565 0.755600
vt 0.164565 0.743977
vt 0.000708 0.729724
vt 0.001415 0.729724
vt 0.002830 0.729724
vt 0.001415 0.486483
vt 0.002830 0.486483
vt 0.001415 0.243241
vt 0.002830 0.243241
vt 0.000708 0.243241
vt 0.009905 0.729724
vt 0.010613 0.729724
vt 0.008490 0.729724
vt 0.008490 0.486483
vt 0.009905 0.486483
vt 0.008490 0.243241
vt 0.009905 0.243241
vt 0.010613 0.243241
vt 0.001314 0.833970
vt 0.000708 0.833970
vt 0.001415 0.833970
vt 0.001314 0.833970
vt 0.010512 0.833970
vt 0.009905 0.833970
vt 0.010613 0.833970
vt 0.010512 0.833970
vt 0.000037 0.833970
vt 0.000017 0.833970
vt 0.000017 0.833970
vt 0.000000 0.833970
vt 0.000088 0.833970
vt 0.000037 0.833970
vt 0.000404 0.833970
vt 0.000314 0.833970
vt 0.001617 0.833970
vt 0.000708 0.833970
vt 0.000404 0.833970
vt 0.000314 0.833970
vt 0.000088 0.833970
vt 0.008894 0.833970
vt 0.001617 0.833970
vt 0.009703 0.833970
vt 0.008894 0.833970
vt 0.011303 0.833970
vt 0.011283 0.833970
vt 0.011283 0.833970
vt 0.011233 0.833970
vt 0.011320 0.833970
vt 0.011303 0.833970
vt 0.009905 0.833970
vt 0.009703 0.833970
vt 0.010916 0.833970
vt 0.011006 0.833970
vt 0.010916 0.833970
vt 0.011233 0.833970
vt 0.011006 0.833970
vt 0.164565 0.280747
vt 0.164565 0.279584
vt 0.164565 0.292369
vt 0.164565 0.280747
vt 0.831741 0.753275
vt 0.831741 0.743047
vt 0.831741 0.743047
vt 0.831741 0.742815
vt 0.831741 0.755600
vt 0.831741 0.753275
vt 0.000970 0.166794
vt 0.000708 0.166794
vt 0.001415 0.166794
vt 0.000970 0.166794
vt 0.010168 0.166794
vt 0.009905 0.166794
vt 0.010613 0.166794
vt 0.010168 0.166794
vt 0.009380 0.166794
vt 0.004043 0.166794
vt 0.004043 0.166794
vt 0.001941 0.166794
vt 0.001941 0.166794
vt 0.001415 0.166794
vt 0.000485 0.166794
vt 0.009905 0.166794
vt 0.010835 0.166794
vt 0.010613 0.166794
vt 0.000334 0.166794
vt 0.000332 0.166794
vt 0.000155 0.166794
vt 0.000155 0.166794
vt 0.000153 0.166794
vt 0.000153 0.166794
vt 0.000000 0.166794
vt 0.000485 0.166794
vt 0.000334 0.166794
vt 0.011165 0.166794
vt 0.010988 0.166794
vt 0.010988 0.166794
vt 0.010987 0.166794
vt 0.010987 0.166794
vt 0.010835 0.166794
vt 0.011320 0.166794
vt 0.011168 0.166794
vt 0.011168 0.166794
vt 0.011165 0.166794
vt 0.831741 0.290045
vt 0.831741 0.279817
vt 0.831741 0.279817
vt 0.831741 0.279584
vt 0.831741 0.292369
vt 0.831741 0.290045
vt 0.081168 0.395392
vt 0.081168 0.408177
vt 0.025570 0.395392
vt 0.025570 0.408177
vt 0.831741 0.405852
vt 0.831741 0.395392
vt 0.831741 0.408177
vt 0.831741 0.405852
vt 0.081168 0.511199
vt 0.081168 0.523985
vt 0.025570 0.511199
vt 0.025570 0.523985
vt 0.831741 0.521660
vt 0.831741 0.511199
vt 0.831741 0.523985
vt 0.831741 0.521660
vt 0.688192 0.395918
vt 0.842631 0.000000
vt 0.688192 0.000000
vt 0.516144 0.394453
vt 0.516144 0.000000
vt 0.672048 0.000000
vt 0.844096 0.395918
vt 0.998535 0.000000
vt 0.844096 0.000000
vt 0.000000 0.394453
vt 0.155904 0.000000
vt 0.000000 0.000000
vt 0.532289 0.790371
vt 0.532289 0.395918
vt 0.686728 0.395918
vt 0.376385 0.790371
vt 0.530824 0.395918
vt 0.376385 0.395918
vt 0.172048 0.394453
vt 0.172048 0.000000
vt 0.327952 0.000000
vt 0.344096 0.394453
vt 0.344096 0.000000
vt 0.500000 0.000000
vt 0.000000 0.506159
vt 0.265109 0.395918
vt 0.374920 0.506159
vt 0.109812 0.395918
vt 0.374920 0.662062
vt 0.109812 0.772303
vt 0.265109 0.772303
vt 0.000000 0.662062
vt 0.013493 0.729724
vt 0.014200 0.729724
vt 0.015615 0.729724
vt 0.014200 0.486483
vt 0.015615 0.486483
vt 0.014200 0.243241
vt 0.015615 0.243241
vt 0.013493 0.243241
vt 0.022690 0.729724
vt 0.023398 0.729724
vt 0.021275 0.729724
vt 0.021275 0.486483
vt 0.022690 0.486483
vt 0.021275 0.243241
vt 0.022690 0.243241
vt 0.023398 0.243241
vt 0.014099 0.833970
vt 0.013493 0.833970
vt 0.014200 0.833970
vt 0.014099 0.833970
vt 0.023297 0.833970
vt 0.022690 0.833970
vt 0.023398 0.833970
vt 0.023297 0.833970
vt 0.012802 0.833970
vt 0.012785 0.833970
vt 0.012822 0.833970
vt 0.012802 0.833970
vt 0.012873 0.833970
vt 0.012822 0.833970
vt 0.013189 0.833970
vt 0.013100 0.833970
vt 0.022488 0.833970
vt 0.021680 0.833970
vt 0.021680 0.833970
vt 0.014402 0.833970
vt 0.013100 0.833970
vt 0.024088 0.833970
vt 0.024068 0.833970
vt 0.024068 0.833970
vt 0.024018 0.833970
vt 0.024105 0.833970
vt 0.024088 0.833970
vt 0.022488 0.833970
vt 0.023701 0.833970
vt 0.023791 0.833970
vt 0.023701 0.833970
vt 0.024018 0.833970
vt 0.164565 0.858622
vt 0.164565 0.859785
vt 0.164565 0.871407
vt 0.268811 0.627806
vt 0.268811 0.628605
vt 0.268811 0.630203
vt 0.512053 0.628605
vt 0.512053 0.630203
vt 0.755294 0.628605
vt 0.755294 0.630203
vt 0.755294 0.627806
vt 0.268811 0.638194
vt 0.268811 0.638993
vt 0.268811 0.636596
vt 0.512053 0.636596
vt 0.512053 0.638194
vt 0.755294 0.636596
vt 0.755294 0.638194
vt 0.755294 0.638993
vt 0.164565 0.628491
vt 0.164565 0.627806
vt 0.164565 0.628605
vt 0.164565 0.628491
vt 0.164565 0.638879
vt 0.164565 0.638194
vt 0.164565 0.638993
vt 0.164565 0.638879
vt 0.164565 0.627026
vt 0.164565 0.627007
vt 0.164565 0.627049
vt 0.164565 0.627026
vt 0.164565 0.627106
vt 0.164565 0.627049
vt 0.164565 0.627464
vt 0.164565 0.627362
vt 0.164565 0.629747
vt 0.164565 0.628834
vt 0.164565 0.637966
vt 0.164565 0.629747
vt 0.164565 0.628834
vt 0.164565 0.627362
vt 0.164565 0.639750
vt 0.164565 0.639693
vt 0.164565 0.639773
vt 0.164565 0.639792
vt 0.164565 0.639773
vt 0.164565 0.637966
vt 0.164565 0.639336
vt 0.164565 0.638993
vt 0.164565 0.639437
vt 0.164565 0.639336
vt 0.164565 0.639693
vt 0.013755 0.166794
vt 0.013493 0.166794
vt 0.014200 0.166794
vt 0.013755 0.166794
vt 0.022953 0.166794
vt 0.022690 0.166794
vt 0.023398 0.166794
vt 0.014726 0.166794
vt 0.014200 0.166794
vt 0.016828 0.166794
vt 0.022165 0.166794
vt 0.016828 0.166794
vt 0.013493 0.166794
vt 0.013270 0.166794
vt 0.022690 0.166794
vt 0.022165 0.166794
vt 0.023620 0.166794
vt 0.023398 0.166794
vt 0.012940 0.166794
vt 0.012938 0.166794
vt 0.012938 0.166794
vt 0.012785 0.166794
vt 0.013117 0.166794
vt 0.012940 0.166794
vt 0.013119 0.166794
vt 0.013117 0.166794
vt 0.013270 0.166794
vt 0.023950 0.166794
vt 0.023773 0.166794
vt 0.023773 0.166794
vt 0.023772 0.166794
vt 0.023772 0.166794
vt 0.023620 0.166794
vt 0.024105 0.166794
vt 0.023953 0.166794
vt 0.023953 0.166794
vt 0.023950 0.166794
vt 0.831741 0.869083
vt 0.831741 0.858855
vt 0.831741 0.858855
vt 0.831741 0.858622
vt 0.831741 0.871407
vt 0.831741 0.628103
vt 0.831741 0.627806
vt 0.831741 0.628605
vt 0.831741 0.628103
vt 0.831741 0.638491
vt 0.831741 0.638194
vt 0.831741 0.638993
vt 0.831741 0.638491
vt 0.831741 0.629199
vt 0.831741 0.628605
vt 0.831741 0.631573
vt 0.831741 0.629199
vt 0.831741 0.637600
vt 0.831741 0.627555
vt 0.831741 0.638194
vt 0.831741 0.637600
vt 0.831741 0.639244
vt 0.831741 0.627182
vt 0.831741 0.627179
vt 0.831741 0.627179
vt 0.831741 0.627007
vt 0.831741 0.627383
vt 0.831741 0.627384
vt 0.831741 0.627383
vt 0.831741 0.627555
vt 0.831741 0.639415
vt 0.831741 0.639244
vt 0.831741 0.639617
vt 0.831741 0.639417
vt 0.831741 0.639417
vt 0.831741 0.639415
vt 0.831741 0.639792
vt 0.831741 0.639620
vt 0.831741 0.639617
vt 0.831741 0.639620
vt 0.164565 0.743977
vt 0.164565 0.742815
vt 0.164565 0.755600
vt 0.164565 0.743977
vt 0.000708 0.729724
vt 0.001415 0.729724
vt 0.002830 0.729724
vt 0.001415 0.486483
vt 0.002830 0.486483
vt 0.001415 0.243241
vt 0.002830 0.243241
vt 0.000708 0.243241
vt 0.009905 0.729724
vt 0.010613 0.729724
vt 0.008490 0.729724
vt 0.008490 0.486483
vt 0.009905 0.486483
vt 0.008490 0.243241
vt 0.009905 0.243241
vt 0.010613 0.243241
vt 0.001314 0.833970
vt 0.000708 0.833970
vt 0.001415 0.833970
vt 0.001314 0.833970
vt 0.010512 0.833970
vt 0.009905 0.833970
vt 0.010613 0.833970
vt 0.010512 0.833970
vt 0.000037 0.833970
vt 0.000017 0.833970
vt 0.000017 0.833970
vt 0.000000 0.833970
vt 0.000088 0.833970
vt 0.000037 0.833970
vt 0.000404 0.833970
vt 0.000314 0.833970
vt 0.001617 0.833970
vt 0.000708 0.833970
vt 0.000404 0.833970
vt 0.000314 0.833970
vt 0.000088 0.833970
vt 0.008894 0.833970
vt 0.001617 0.833970
vt 0.009703 0.833970
vt 0.008894 0.833970
vt 0.011303 0.833970
vt 0.011283 0.833970
vt 0.011283 0.833970
vt 0.011233 0.833970
vt 0.011320 0.833970
vt 0.011303 0.833970
vt 0.009905 0.833970
vt 0.009703 0.833970
vt 0.010916 0.833970
vt 0.011006 0.833970
vt 0.010916 0.833970
vt 0.011233 0.833970
vt 0.011006 0.833970
vt 0.164565 0.280747
vt 0.164565 0.279584
vt 0.164565 0.292369
vt 0.164565 0.280747
vt 0.831741 0.753275
vt 0.831741 0.743047
vt 0.831741 0.743047
vt 0.831741 0.742815
vt 0.831741 0.755600
vt 0.831741 0.753275
vt 0.000970 0.166794
vt 0.000708 0.166794
vt 0.001415 0.166794
vt 0.000970 0.166794
vt 0.010168 0.166794
vt 0.009905 0.166794
vt 0.010613 0.166794
vt 0.010168 0.166794
vt 0.009380 0.166794
vt 0.004043 0.166794
vt 0.004043 0.166794
vt 0.001941 0.166794
vt 0.001941 0.166794
vt 0.001415 0.166794
vt 0.000485 0.166794
vt 0.009905 0.166794
vt 0.010835 0.166794
vt 0.010613 0.166794
vt 0.000334 0.166794
vt 0.000332 0.166794
vt 0.000155 0.166794
vt 0.000155 0.166794
vt 0.000153 0.166794
vt 0.000153 0.166794
vt 0.000000 0.166794
vt 0.000485 0.166794
vt 0.000334 0.166794
vt 0.011165 0.166794
vt 0.010988 0.166794
vt 0.010988 0.166794
vt 0.010987 0.166794
vt 0.010987 0.166794
vt 0.010835 0.166794
vt 0.011320 0.166794
vt 0.011168 0.166794
vt 0.011168 0.166794
vt 0.011165 0.166794
vt 0.831741 0.290045
vt 0.831741 0.279817
vt 0.831741 0.279817
vt 0.831741 0.279584
vt 0.831741 0.292369
vt 0.831741 0.290045
vt 0.081168 0.395392
vt 0.081168 0.408177
vt 0.025570 0.395392
vt 0.025570 0.408177
vt 0.831741 0.405852
vt 0.831741 0.395392
vt 0.831741 0.408177
vt 0.831741 0.405852
vt 0.081168 0.511199
vt 0.081168 0.523985
vt 0.025570 0.511199
vt 0.025570 0.523985
vt 0.831741 0.521660
vt 0.831741 0.511199
vt 0.831741 0.523985
vt 0.831741 0.521660
vt 0.688192 0.395918
vt 0.842631 0.000000
vt 0.688192 0.000000
vt 0.516144 0.394453
vt 0.516144 0.000000
vt 0.672048 0.000000
vt 0.844096 0.395918
vt 0.998535 0.000000
vt 0.844096 0.000000
vt 0.000000 0.394453
vt 0.155904 0.000000
vt 0.000000 0.000000
vt 0.532289 0.790371
vt 0.532289 0.395918
vt 0.686728 0.395918
vt 0.376385 0.790371
vt 0.530824 0.395918
vt 0.376385 0.395918
vt 0.172048 0.394453
vt 0.172048 0.000000
vt 0.327952 0.000000
vt 0.344096 0.394453
vt 0.344096 0.000000
vt 0.500000 0.000000
vt 0.000000 0.506159
vt 0.265109 0.395918
vt 0.374920 0.506159
vt 0.109812 0.395918
vt 0.374920 0.662062
vt 0.109812 0.772303
vt 0.265109 0.772303
vt 0.000000 0.662062
vt 0.013493 0.729724
vt 0.014200 0.729724
vt 0.015615 0.729724
vt 0.014200 0.486483
vt 0.015615 0.486483
vt 0.014200 0.243241
vt 0.015615 0.243241
vt 0.013493 0.243241
vt 0.022690 0.729724
vt 0.023398 0.729724
vt 0.021275 0.729724
vt 0.021275 0.486483
vt 0.022690 0.486483
vt 0.021275 0.243241
vt 0.022690 0.243241
vt 0.023398 0.243241
vt 0.014099 0.833970
vt 0.013493 0.833970
vt 0.014200 0.833970
vt 0.014099 0.833970
vt 0.023297 0.833970
vt 0.022690 0.833970
vt 0.023398 0.833970
vt 0.023297 0.833970
vt 0.012802 0.833970
vt 0.012785 0.833970
vt 0.012822 0.833970
vt 0.012802 0.833970
vt 0.012873 0.833970
vt 0.012822 0.833970
vt 0.013189 0.833970
vt 0.013100 0.833970
vt 0.022488 0.833970
vt 0.021680 0.833970
vt 0.021680 0.833970
vt 0.014402 0.833970
vt 0.013100 0.833970
vt 0.024088 0.833970
vt 0.024068 0.833970
vt 0.024068 0.833970
vt 0.024018 0.833970
vt 0.024105 0.833970
vt 0.024088 0.833970
vt 0.022488 0.833970
vt 0.023701 0.833970
vt 0.023791 0.833970
vt 0.023701 0.833970
vt 0.024018 0.833970
vt 0.164565 0.858622
vt 0.164565 0.859785
vt 0.164565 0.871407
vt 0.268811 0.627806
vt 0.268811 0.628605
vt 0.268811 0.630203
vt 0.512053 0.628605
vt 0.512053 0.630203
vt 0.755294 0.628605
vt 0.755294 0.630203
vt 0.755294 0.627806
vt 0.268811 0.638194
vt 0.268811 0.638993
vt 0.268811 0.636596
vt 0.512053 0.636596
vt 0.512053 0.638194
vt 0.755294 0.636596
vt 0.755294 0.638194
vt 0.755294 0.638993
vt 0.164565 0.628491
vt 0.164565 0.627806
vt 0.164565 0.628605
vt 0.164565 0.628491
vt 0.164565 0.638879
vt 0.164565 0.638194
vt 0.164565 0.638993
vt 0.164565 0.638879
vt 0.164565 0.627026
vt 0.164565 0.627007
vt 0.164565 0.627049
vt 0.164565 0.627026
vt 0.164565 0.627106
vt 0.164565 0.627049
vt 0.164565 0.627464
vt 0.164565 0.627362
vt 0.164565 0.629747
vt 0.164565 0.628834
vt 0.164565 0.637966
vt 0.164565 0.629747
vt 0.164565 0.628834
vt 0.164565 0.627362
vt 0.164565 0.639750
vt 0.164565 0.639693
vt 0.164565 0.639773
vt 0.164565 0.639792
vt 0.164565 0.639773
vt 0.164565 0.637966
vt 0.164565 0.639336
vt 0.164565 0.638993
vt 0.164565 0.639437
vt 0.164565 0.639336
vt 0.164565 0.639693
vt 0.013755 0.166794
vt 0.013493 0.166794
vt 0.014200 0.166794
vt 0.013755 0.166794
vt 0.022953 0.166794
vt 0.022690 0.166794
vt 0.023398 0.166794
vt 0.014726 0.166794
vt 0.014200 0.166794
vt 0.016828 0.166794
vt 0.022165 0.166794
vt 0.016828 0.166794
vt 0.013493 0.166794
vt 0.013270 0.166794
vt 0.022690 0.166794
vt 0.022165 0.166794
vt 0.023620 0.166794
vt 0.023398 0.166794
vt 0.012940 0.166794
vt 0.012938 0.166794
vt 0.012938 0.166794
vt 0.012785 0.166794
vt 0.013117 0.166794
vt 0.012940 0.166794
vt 0.013119 0.166794
vt 0.013117 0.166794
vt 0.013270 0.166794
vt 0.023950 0.166794
vt 0.023773 0.166794
vt 0.023773 0.166794
vt 0.023772 0.166794
vt 0.023772 0.166794
vt 0.023620 0.166794
vt 0.024105 0.166794
vt 0.023953 0.166794
vt 0.023953 0.166794
vt 0.023950 0.166794
vt 0.831741 0.869083
vt 0.831741 0.858855
vt 0.831741 0.858855
vt 0.831741 0.858622
vt 0.831741 0.871407
vt 0.831741 0.628103
vt 0.831741 0.627806
vt 0.831741 0.628605
vt 0.831741 0.628103
vt 0.831741 0.638491
vt 0.831741 0.638194
vt 0.831741 0.638993
vt 0.831741 0.638491
vt 0.831741 0.629199
vt 0.831741 0.628605
vt 0.831741 0.631573
vt 0.831741 0.629199
vt 0.831741 0.637600
vt 0.831741 0.627555
vt 0.831741 0.638194
vt 0.831741 0.637600
vt 0.831741 0.639244
vt 0.831741 0.627182
vt 0.831741 0.627179
vt 0.831741 0.627179
vt 0.831741 0.627007
vt 0.831741 0.627383
vt 0.831741 0.627384
vt 0.831741 0.627383
vt 0.831741 0.627555
vt 0.831741 0.639415
vt 0.831741 0.639244
vt 0.831741 0.639617
vt 0.831741 0.639417
vt 0.831741 0.639417
vt 0.831741 0.639415
vt 0.831741 0.639792
vt 0.831741 0.639620
vt 0.831741 0.639617
vt 0.831741 0.639620
vt 0.164565 0.743977
vt 0.164565 0.742815
vt 0.164565 0.755600
vt 0.164565 0.743977
vt 0.000708 0.729724
vt 0.001415 0.729724
vt 0.002830 0.729724
vt 0.001415 0.486483
vt 0.002830 0.486483
vt 0.001415 0.243241
vt 0.002830 0.243241
vt 0.000708 0.243241
vt 0.009905 0.729724
vt 0.010613 0.729724
vt 0.008490 0.729724
vt 0.008490 0.486483
vt 0.009905 0.486483
vt 0.008490 0.243241
vt 0.009905 0.243241
vt 0.010613 0.243241
vt 0.001314 0.833970
vt 0.000708 0.833970
vt 0.001415 0.833970
vt 0.001314 0.833970
vt 0.010512 0.833970
vt 0.009905 0.833970
vt 0.010613 0.833970
vt 0.010512 0.833970
vt 0.000037 0.833970
vt 0.000017 0.833970
vt 0.000017 0.833970
vt 0.000000 0.833970
vt 0.000088 0.833970
vt 0.000037 0.833970
vt 0.000404 0.833970
vt 0.000314 0.833970
vt 0.001617 0.833970
vt 0.000708 0.833970
vt 0.000404 0.833970
vt 0.000314 0.833970
vt 0.000088 0.833970
vt 0.008894 0.833970
vt 0.001617 0.833970
vt 0.009703 0.833970
vt 0.008894 0.833970
vt 0.011303 0.833970
vt 0.011283 0.833970
vt 0.011283 0.833970
vt 0.011233 0.833970
vt 0.011320 0.833970
vt 0.011303 0.833970
vt 0.009905 0.833970
vt 0.009703 0.833970
vt 0.010916 0.833970
vt 0.011006 0.833970
vt 0.010916 0.833970
vt 0.011233 0.833970
vt 0.011006 0.833970
vt 0.164565 0.280747
vt 0.164565 0.279584
vt 0.164565 0.292369
vt 0.164565 0.280747
vt 0.831741 0.753275
vt 0.831741 0.743047
vt 0.831741 0.743047
vt 0.831741 0.742815
vt 0.831741 0.755600
vt 0.831741 0.753275
vt 0.000970 0.166794
vt 0.000708 0.166794
vt 0.001415 0.166794
vt 0.000970 0.166794
vt 0.010168 0.166794
vt 0.009905 0.166794
vt 0.010613 0.166794
vt 0.010168 0.166794
vt 0.009380 0.166794
vt 0.004043 0.166794
vt 0.004043 0.166794
vt 0.001941 0.166794
vt 0.001941 0.166794
vt 0.001415 0.166794
vt 0.000485 0.166794
vt 0.009905 0.166794
vt 0.010835 0.166794
vt 0.010613 0.166794
vt 0.000334 0.166794
vt 0.000332 0.166794
vt 0.000155 0.166794
vt 0.000155 0.166794
vt 0.000153 0.166794
vt 0.000153 0.166794
vt 0.000000 0.166794
vt 0.000485 0.166794
vt 0.000334 0.166794
vt 0.011165 0.166794
vt 0.010988 0.166794
vt 0.010988 0.166794
vt 0.010987 0.166794
vt 0.010987 0.166794
vt 0.010835 0.166794
vt 0.011320 0.166794
vt 0.011168 0.166794
vt 0.011168 0.166794
vt 0.011165 0.166794
vt 0.831741 0.290045
vt 0.831741 0.279817
vt 0.831741 0.279817
vt 0.831741 0.279584
vt 0.831741 0.292369
vt 0.831741 0.290045
vt 0.081168 0.395392
vt 0.081168 0.408177
vt 0.025570 0.395392
vt 0.025570 0.408177
vt 0.831741 0.405852
vt 0.831741 0.395392
vt 0.831741 0.408177
vt 0.831741 0.405852
vt 0.081168 0.511199
vt 0.081168 0.523985
vt 0.025570 0.511199
vt 0.025570 0.523985
vt 0.831741 0.521660
vt 0.831741 0.511199
vt 0.831741 0.523985
vt 0.831741 0.521660
vt 0.688192 0.395918
vt 0.842631 0.000000
vt 0.688192 0.000000
vt 0.516144 0.394453
vt 0.516144 0.000000
vt 0.672048 0.000000
vt 0.844096 0.395918
vt 0.998535 0.000000
vt 0.844096 0.000000
vt 0.000000 0.394453
vt 0.155904 0.000000
vt 0.000000 0.000000
vt 0.532289 0.790371
vt 0.532289 0.395918
vt 0.686728 0.395918
vt 0.376385 0.790371
vt 0.530824 0.395918
vt 0.376385 0.395918
vt 0.172048 0.394453
vt 0.172048 0.000000
vt 0.327952 0.000000
vt 0.344096 0.394453
vt 0.344096 0.000000
vt 0.500000 0.000000
vt 0.000000 0.506159
vt 0.265109 0.395918
vt 0.374920 0.506159
vt 0.109812 0.395918
vt 0.374920 0.662062
vt 0.109812 0.772303
vt 0.265109 0.772303
vt 0.000000 0.662062
vt 0.013493 0.729724
vt 0.014200 0.729724
vt 0.015615 0.729724
vt 0.014200 0.486483
vt 0.015615 0.486483
vt 0.014200 0.243241
vt 0.015615 0.243241
vt 0.013493 0.243241
vt 0.022690 0.729724
vt 0.023398 0.729724
vt 0.021275 0.729724
vt 0.021275 0.486483
vt 0.022690 0.486483
vt 0.021275 0.243241
vt 0.022690 0.243241
vt 0.023398 0.243241
vt 0.014099 0.833970
vt 0.013493 0.833970
vt 0.014200 0.833970
vt 0.014099 0.833970
vt 0.023297 0.833970
vt 0.022690 0.833970
vt 0.023398 0.833970
vt 0.023297 0.833970
vt 0.012802 0.833970
vt 0.012785 0.833970
vt 0.012822 0.833970
vt 0.012802 0.833970
vt 0.012873 0.833970
vt 0.012822 0.833970
vt 0.013189 0.833970
vt 0.013100 0.833970
vt 0.022488 0.833970
vt 0.021680 0.833970
vt 0.021680 0.833970
vt 0.014402 0.833970
vt 0.013100 0.833970
vt 0.024088 0.833970
vt 0.024068 0.833970
vt 0.024068 0.833970
vt 0.024018 0.833970
vt 0.024105 0.833970
vt 0.024088 0.833970
vt 0.022488 0.833970
vt 0.023701 0.833970
vt 0.023791 0.833970
vt 0.023701 0.833970
vt 0.024018 0.833970
vt 0.164565 0.858622
vt 0.164565 0.859785
vt 0.164565 0.871407
vt 0.268811 0.627806
vt 0.268811 0.628605
vt 0.268811 0.630203
vt 0.512053 0.628605
vt 0.512053 0.630203
vt 0.755294 0.628605
vt 0.755294 0.630203
vt 0.755294 0.627806
vt 0.268811 0.638194
vt 0.268811 0.638993
vt 0.268811 0.636596
vt 0.512053 0.636596
vt 0.512053 0.638194
vt 0.755294 0.636596
vt 0.755294 0.638194
vt 0.755294 0.638993
vt 0.164565 0.628491
vt 0.164565 0.627806
vt 0.164565 0.628605
vt 0.164565 0.628491
vt 0.164565 0.638879
vt 0.164565 0.638194
vt 0.164565 0.638993
vt 0.164565 0.638879
vt 0.164565 0.627026
vt 0.164565 0.627007
vt 0.164565 0.627049
vt 0.164565 0.627026
vt 0.164565 0.627106
vt 0.164565 0.627049
vt 0.164565 0.627464
vt 0.164565 0.627362
vt 0.164565 0.629747
vt 0.164565 0.628834
vt 0.164565 0.637966
vt 0.164565 0.629747
vt 0.164565 0.628834
vt 0.164565 0.627362
vt 0.164565 0.639750
vt 0.164565 0.639693
vt 0.164565 0.639773
vt 0.164565 0.639792
vt 0.164565 0.639773
vt 0.164565 0.637966
vt 0.164565 0.639336
vt 0.164565 0.638993
vt 0.164565 0.639437
vt 0.164565 0.639336
vt 0.164565 0.639693
vt 0.013755 0.166794
vt 0.013493 0.166794
vt 0.014200 0.166794
vt 0.013755 0.166794
vt 0.022953 0.166794
vt 0.022690 0.166794
vt 0.023398 0.166794
vt 0.014726 0.166794
vt 0.014200 0.166794
vt 0.016828 0.166794
vt 0.022165 0.166794
vt 0.016828 0.166794
vt 0.013493 0.166794
vt 0.013270 0.166794
vt 0.022690 0.166794
vt 0.022165 0.166794
vt 0.023620 0.166794
vt 0.023398 0.166794
vt 0.012940 0.166794
vt 0.012938 0.166794
vt 0.012938 0.166794
vt 0.012785 0.166794
vt 0.013117 0.166794
vt 0.012940 0.166794
vt 0.013119 0.166794
vt 0.013117 0.166794
vt 0.013270 0.166794
vt 0.023950 0.166794
vt 0.023773 0.166794
vt 0.023773 0.166794
vt 0.023772 0.166794
vt 0.023772 0.166794
vt 0.023620 0.166794
vt 0.024105 0.166794
vt 0.023953 0.166794
vt 0.023953 0.166794
vt 0.023950 0.166794
vt 0.831741 0.869083
vt 0.831741 0.858855
vt 0.831741 0.858855
vt 0.831741 0.858622
vt 0.831741 0.871407
vt 0.831741 0.628103
vt 0.831741 0.627806
vt 0.831741 0.628605
vt 0.831741 0.628103
vt 0.831741 0.638491
vt 0.831741 0.638194
vt 0.831741 0.638993
vt 0.831741 0.638491
vt 0.831741 0.629199
vt 0.831741 0.628605
vt 0.831741 0.631573
vt 0.831741 0.629199
vt 0.831741 0.637600
vt 0.831741 0.627555
vt 0.831741 0.638194
vt 0.831741 0.637600
vt 0.831741 0.639244
vt 0.831741 0.627182
vt 0.831741 0.627179
vt 0.831741 0.627179
vt 0.831741 0.627007
vt 0.831741 0.627383
vt 0.831741 0.627384
vt 0.831741 0.627383
vt 0.831741 0.627555
vt 0.831741 0.639415
vt 0.831741 0.639244
vt 0.831741 0.639617
vt 0.831741 0.639417
vt 0.831741 0.639417
vt 0.831741 0.639415
vt 0.831741 0.639792
vt 0.831741 0.639620
vt 0.831741 0.639617
vt 0.831741 0.639620
vt 0.164565 0.743977
vt 0.164565 0.742815
vt 0.164565 0.755600
vt 0.164565 0.743977
vt 0.000708 0.729724
vt 0.001415 0.729724
vt 0.002830 0.729724
vt 0.001415 0.486483
vt 0.002830 0.486483
vt 0.001415 0.243241
vt 0.002830 0.243241
vt 0.000708 0.243241
vt 0.009905 0.729724
vt 0.010613 0.729724
vt 0.008490 0.729724
vt 0.008490 0.486483
vt 0.009905 0.486483
vt 0.008490 0.243241
vt 0.009905 0.243241
vt 0.010613 0.243241
vt 0.001314 0.833970
vt 0.000708 0.833970
vt 0.001415 0.833970
vt 0.001314 0.833970
vt 0.010512 0.833970
vt 0.009905 0.833970
vt 0.010613 0.833970
vt 0.010512 0.833970
vt 0.000037 0.833970
vt 0.000017 0.833970
vt 0.000017 0.833970
vt 0.000000 0.833970
vt 0.000088 0.833970
vt 0.000037 0.833970
vt 0.000404 0.833970
vt 0.000314 0.833970
vt 0.001617 0.833970
vt 0.000708 0.833970
vt 0.000404 0.833970
vt 0.000314 0.833970
vt 0.000088 0.833970
vt 0.008894 0.833970
vt 0.001617 0.833970
vt 0.009703 0.833970
vt 0.008894 0.833970
vt 0.011303 0.833970
vt 0.011283 0.833970
vt 0.011283 0.833970
vt 0.011233 0.833970
vt 0.011320 0.833970
vt 0.011303 0.833970
vt 0.009905 0.833970
vt 0.009703 0.833970
vt 0.010916 0.833970
vt 0.011006 0.833970
vt 0.010916 0.833970
vt 0.011233 0.833970
vt 0.011006 0.833970
vt 0.164565 0.280747
vt 0.164565 0.279584
vt 0.164565 0.292369
vt 0.164565 0.280747
vt 0.831741 0.753275
vt 0.831741 0.743047
vt 0.831741 0.743047
vt 0.831741 0.742815
vt 0.831741 0.755600
vt 0.831741 0.753275
vt 0.000970 0.166794
vt 0.000708 0.166794
vt 0.001415 0.166794
vt 0.000970 0.166794
vt 0.010168 0.166794
vt 0.009905 0.166794
vt 0.010613 0.166794
vt 0.010168 0.166794
vt 0.009380 0.166794
vt 0.004043 0.166794
vt 0.004043 0.166794
vt 0.001941 0.166794
vt 0.001941 0.166794
vt 0.001415 0.166794
vt 0.000485 0.166794
vt 0.009905 0.166794
vt 0.010835 0.166794
vt 0.010613 0.166794
vt 0.000334 0.166794
vt 0.000332 0.166794
vt 0.000155 0.166794
vt 0.000155 0.166794
vt 0.000153 0.166794
vt 0.000153 0.166794
vt 0.000000 0.166794
vt 0.000485 0.166794
vt 0.000334 0.166794
vt 0.011165 0.166794
vt 0.010988 0.166794
vt 0.010988 0.166794
vt 0.010987 0.166794
vt 0.010987 0.166794
vt 0.010835 0.166794
vt 0.011320 0.166794
vt 0.011168 0.166794
vt 0.011168 0.166794
vt 0.011165 0.166794
vt 0.831741 0.290045
vt 0.831741 0.279817
vt 0.831741 0.279817
vt 0.831741 0.279584
vt 0.831741 0.292369
vt 0.831741 0.290045
vt 0.081168 0.395392
vt 0.081168 0.408177
vt 0.025570 0.395392
vt 0.025570 0.408177
vt 0.831741 0.405852
vt 0.831741 0.395392
vt 0.831741 0.408177
vt 0.831741 0.405852
vt 0.081168 0.511199
vt 0.081168 0.523985
vt 0.025570 0.511199
vt 0.025570 0.523985
vt 0.831741 0.521660
vt 0.831741 0.511199
vt 0.831741 0.523985
vt 0.831741 0.521660
vt 0.688192 0.395918
vt 0.842631 0.000000
vt 0.688192 0.000000
vt 0.516144 0.394453
vt 0.516144 0.000000
vt 0.672048 0.000000
vt 0.844096 0.395918
vt 0.998535 0.000000
vt 0.844096 0.000000
vt 0.000000 0.394453
vt 0.155904 0.000000
vt 0.000000 0.000000
vt 0.532289 0.790371
vt 0.532289 0.395918
vt 0.686728 0.395918
vt 0.376385 0.790371
vt 0.530824 0.395918
vt 0.376385 0.395918
vt 0.172048 0.394453
vt 0.172048 0.000000
vt 0.327952 0.000000
vt 0.344096 0.394453
vt 0.344096 0.000000
vt 0.500000 0.000000
vt 0.000000 0.506159
vt 0.265109 0.395918
vt 0.374920 0.506159
vt 0.109812 0.395918
vt 0.374920 0.662062
vt 0.109812 0.772303
vt 0.265109 0.772303
vt 0.000000 0.662062
vt 0.013493 0.729724
vt 0.014200 0.729724
vt 0.015615 0.729724
vt 0.014200 0.486483
vt 0.015615 0.486483
vt 0.014200 0.243241
vt 0.015615 0.243241
vt 0.013493 0.243241
vt 0.022690 0.729724
vt 0.023398 0.729724
vt 0.021275 0.729724
vt 0.021275 0.486483
vt 0.022690 0.486483
vt 0.021275 0.243241
vt 0.022690 0.243241
vt 0.023398 0.243241
vt 0.014099 0.833970
vt 0.013493 0.833970
vt 0.014200 0.833970
vt 0.014099 0.833970
vt 0.023297 0.833970
vt 0.022690 0.833970
vt 0.023398 0.833970
vt 0.023297 0.833970
vt 0.012802 0.833970
vt 0.012785 0.833970
vt 0.012822 0.833970
vt 0.012802 0.833970
vt 0.012873 0.833970
vt 0.012822 0.833970
vt 0.013189 0.833970
vt 0.013100 0.833970
vt 0.022488 0.833970
vt 0.021680 0.833970
vt 0.021680 0.833970
vt 0.014402 0.833970
vt 0.013100 0.833970
vt 0.024088 0.833970
vt 0.024068 0.833970
vt 0.024068 0.833970
vt 0.024018 0.833970
vt 0.024105 0.833970
vt 0.024088 0.833970
vt 0.022488 0.833970
vt 0.023701 0.833970
vt 0.023791 0.833970
vt 0.023701 0.833970
vt 0.024018 0.833970
vt 0.164565 0.858622
vt 0.164565 0.859785
vt 0.164565 0.871407
vt 0.268811 0.627806
vt 0.268811 0.628605
vt 0.268811 0.630203
vt 0.512053 0.628605
vt 0.512053 0.630203
vt 0.755294 0.628605
vt 0.755294 0.630203
vt 0.755294 0.627806
vt 0.268811 0.638194
vt 0.268811 0.638993
vt 0.268811 0.636596
vt 0.512053 0.636596
vt 0.512053 0.638194
vt 0.755294 0.636596
vt 0.755294 0.638194
vt 0.755294 0.638993
vt 0.164565 0.628491
vt 0.164565 0.627806
vt 0.164565 0.628605
vt 0.164565 0.628491
vt 0.164565 0.638879
vt 0.164565 0.638194
vt 0.164565 0.638993
vt 0.164565 0.638879
vt 0.164565 0.627026
vt 0.164565 0.627007
vt 0.164565 0.627049
vt 0.164565 0.627026
vt 0.164565 0.627106
vt 0.164565 0.627049
vt 0.164565 0.627464
vt 0.164565 0.627362
vt 0.164565 0.629747
vt 0.164565 0.628834
vt 0.164565 0.637966
vt 0.164565 0.629747
vt 0.164565 0.628834
vt 0.164565 0.627362
vt 0.164565 0.639750
vt 0.164565 0.639693
vt 0.164565 0.639773
vt 0.164565 0.639792
vt 0.164565 0.639773
vt 0.164565 0.637966
vt 0.164565 0.639336
vt 0.164565 0.638993
vt 0.164565 0.639437
vt 0.164565 0.639336
vt 0.164565 0.639693
vt 0.013755 0.166794
vt 0.013493 0.166794
vt 0.014200 0.166794
vt 0.013755 0.166794
vt 0.022953 0.166794
vt 0.022690 0.166794
vt 0.023398 0.166794
vt 0.014726 0.166794
vt 0.014200 0.166794
vt 0.016828 0.166794
vt 0.022165 0.166794
vt 0.016828 0.166794
vt 0.013493 0.166794
vt 0.013270 0.166794
vt 0.022690 0.166794
vt 0.022165 0.166794
vt 0.023620 0.166794
vt 0.023398 0.166794
vt 0.012940 0.166794
vt 0.012938 0.166794
vt 0.012938 0.166794
vt 0.012785 0.166794
vt 0.013117 0.166794
vt 0.012940 0.166794
vt 0.013119 0.166794
vt 0.013117 0.166794
vt 0.013270 0.166794
vt 0.023950 0.166794
vt 0.023773 0.166794
vt 0.023773 0.166794
vt 0.023772 0.166794
vt 0.023772 0.166794
vt 0.023620 0.166794
vt 0.024105 0.166794
vt 0.023953 0.166794
vt 0.023953 0.166794
vt 0.023950 0.166794
vt 0.831741 0.869083
vt 0.831741 0.858855
vt 0.831741 0.858855
vt 0.831741 0.858622
vt 0.831741 0.871407
vt 0.831741 0.628103
vt 0.831741 0.627806
vt 0.831741 0.628605
vt 0.831741 0.628103
vt 0.831741 0.638491
vt 0.831741 0.638194
vt 0.831741 0.638993
vt 0.831741 0.638491
vt 0.831741 0.629199
vt 0.831741 0.628605
vt 0.831741 0.631573
vt 0.831741 0.629199
vt 0.831741 0.637600
vt 0.831741 0.627555
vt 0.831741 0.638194
vt 0.831741 0.637600
vt 0.831741 0.639244
vt 0.831741 0.627182
vt 0.831741 0.627179
vt 0.831741 0.627179
vt 0.831741 0.627007
vt 0.831741 0.627383
vt 0.831741 0.627384
vt 0.831741 0.627383
vt 0.831741 0.627555
vt 0.831741 0.639415
vt 0.831741 0.639244
vt 0.831741 0.639617
vt 0.831741 0.639417
vt 0.831741 0.639417
vt 0.831741 0.639415
vt 0.831741 0.639792
vt 0.831741 0.639620
vt 0.831741 0.639617
vt 0.831741 0.639620
vt 0.164565 0.743977
vt 0.164565 0.742815
vt 0.164565 0.755600
vt 0.164565 0.743977
vt 0.000708 0.729724
vt 0.001415 0.729724
vt 0.002830 0.729724
vt 0.001415 0.486483
vt 0.002830 0.486483
vt 0.001415 0.243241
vt 0.002830 0.243241
vt 0.000708 0.243241
vt 0.009905 0.729724
vt 0.010613 0.729724
vt 0.008490 0.729724
vt 0.008490 0.486483
vt 0.009905 0.486483
vt 0.008490 0.243241
vt 0.009905 0.243241
vt 0.010613 0.243241
vt 0.001314 0.833970
vt 0.000708 0.833970
vt 0.001415 0.833970
vt 0.001314 0.833970
vt 0.010512 0.833970
vt 0.009905 0.833970
vt 0.010613 0.833970
vt 0.010512 0.833970
vt 0.000037 0.833970
vt 0.000017 0.833970
vt 0.000017 0.833970
vt 0.000000 0.833970
vt 0.000088 0.833970
vt 0.000037 0.833970
vt 0.000404 0.833970
vt 0.000314 0.833970
vt 0.001617 0.833970
vt 0.000708 0.833970
vt 0.000404 0.833970
vt 0.000314 0.833970
vt 0.000088 0.833970
vt 0.008894 0.833970
vt 0.001617 0.833970
vt 0.009703 0.833970
vt 0.008894 0.833970
vt 0.011303 0.833970
vt 0.011283 0.833970
vt 0.011283 0.833970
vt 0.011233 0.833970
vt 0.011320 0.833970
vt 0.011303 0.833970
vt 0.009905 0.833970
vt 0.009703 0.833970
vt 0.010916 0.833970
vt 0.011006 0.833970
vt 0.010916 0.833970
vt 0.011233 0.833970
vt 0.011006 0.833970
vt 0.164565 0.280747
vt 0.164565 0.279584
vt 0.164565 0.292369
vt 0.164565 0.280747
vt 0.831741 0.753275
vt 0.831741 0.743047
vt 0.831741 0.743047
vt 0.831741 0.742815
vt 0.831741 0.755600
vt 0.831741 0.753275
vt 0.000970 0.166794
vt 0.000708 0.166794
vt 0.001415 0.166794
vt 0.000970 0.166794
vt 0.010168 0.166794
vt 0.009905 0.166794
vt 0.010613 0.166794
vt 0.010168 0.166794
vt 0.009380 0.166794
vt 0.004043 0.166794
vt 0.004043 0.166794
vt 0.001941 0.166794
vt 0.001941 0.166794
vt 0.001415 0.166794
vt 0.000485 0.166794
vt 0.009905 0.166794
vt 0.010835 0.166794
vt 0.010613 0.166794
vt 0.000334 0.166794
vt 0.000332 0.166794
vt 0.000155 0.166794
vt 0.000155 0.166794
vt 0.000153 0.166794
vt 0.000153 0.166794
vt 0.000000 0.166794
vt 0.000485 0.166794
vt 0.000334 0.166794
vt 0.011165 0.166794
vt 0.010988 0.166794
vt 0.010988 0.166794
vt 0.010987 0.166794
vt 0.010987 0.166794
vt 0.010835 0.166794
vt 0.011320 0.166794
vt 0.011168 0.166794
vt 0.011168 0.166794
vt 0.011165 0.166794
vt 0.831741 0.290045
vt 0.831741 0.279817
vt 0.831741 0.279817
vt 0.831741 0.279584
vt 0.831741 0.292369
vt 0.831741 0.290045
vt 0.081168 0.395392
vt 0.081168 0.408177
vt 0.025570 0.395392
vt 0.025570 0.408177
vt 0.831741 0.405852
vt 0.831741 0.395392
vt 0.831741 0.408177
vt 0.831741 0.405852
vt 0.081168 0.511199
vt 0.081168 0.523985
vt 0.025570 0.511199
vt 0.025570 0.523985
vt 0.831741 0.521660
vt 0.831741 0.511199
vt 0.831741 0.523985
vt 0.831741 0.521660
vt 0.688192 0.395918
vt 0.842631 0.000000
vt 0.688192 0.000000
vt 0.516144 0.394453
vt 0.516144 0.000000
vt 0.672048 0.000000
vt 0.844096 0.395918
vt 0.998535 0.000000
vt 0.844096 0.000000
vt 0.000000 0.394453
vt 0.155904 0.000000
vt 0.000000 0.000000
vt 0.532289 0.790371
vt 0.532289 0.395918
vt 0.686728 0.395918
vt 0.376385 0.790371
vt 0.530824 0.395918
vt 0.376385 0.395918
vt 0.172048 0.394453
vt 0.172048 0.000000
vt 0.327952 0.000000
vt 0.344096 0.394453
vt 0.344096 0.000000
vt 0.500000 0.000000
vt 0.000000 0.506159
vt 0.265109 0.395918
vt 0.374920 0.506159
vt 0.109812 0.395918
vt 0.374920 0.662062
vt 0.109812 0.772303
vt 0.265109 0.772303
vt 0.000000 0.662062
vt 0.013493 0.729724
vt 0.014200 0.729724
vt 0.015615 0.729724
vt 0.014200 0.486483
vt 0.015615 0.486483
vt 0.014200 0.243241
vt 0.015615 0.243241
vt 0.013493 0.243241
vt 0.022690 0.729724
vt 0.023398 0.729724
vt 0.021275 0.729724
vt 0.021275 0.486483
vt 0.022690 0.486483
vt 0.021275 0.243241
vt 0.022690 0.243241
vt 0.023398 0.243241
vt 0.014099 0.833970
vt 0.013493 0.833970
vt 0.014200 0.833970
vt 0.014099 0.833970
vt 0.023297 0.833970
vt 0.022690 0.833970
vt 0.023398 0.833970
vt 0.023297 0.833970
vt 0.012802 0.833970
vt 0.012785 0.833970
vt 0.012822 0.833970
vt 0.012802 0.833970
vt 0.012873 0.833970
vt 0.012822 0.833970
vt 0.013189 0.833970
vt 0.013100 0.833970
vt 0.022488 0.833970
vt 0.021680 0.833970
vt 0.021680 0.833970
vt 0.014402 0.833970
vt 0.013100 0.833970
vt 0.024088 0.833970
vt 0.024068 0.833970
vt 0.024068 0.833970
vt 0.024018 0.833970
vt 0.024105 0.833970
vt 0.024088 0.833970
vt 0.022488 0.833970
vt 0.023701 0.833970
vt 0.023791 0.833970
vt 0.023701 0.833970
vt 0.024018 0.833970
vt 0.164565 0.858622
vt 0.164565 0.859785
vt 0.164565 0.871407
vt 0.268811 0.627806
vt 0.268811 0.628605
vt 0.268811 0.630203
vt 0.512053 0.628605
vt 0.512053 0.630203
vt 0.755294 0.628605
vt 0.755294 0.630203
vt 0.755294 0.627806
vt 0.268811 0.638194
vt 0.268811 0.638993
vt 0.268811 0.636596
vt 0.512053 0.636596
vt 0.512053 0.638194
vt 0.755294 0.636596
vt 0.755294 0.638194
vt 0.755294 0.638993
vt 0.164565 0.628491
vt 0.164565 0.627806
vt 0.164565 0.628605
vt 0.164565 0.628491
vt 0.164565 0.638879
vt 0.164565 0.638194
vt 0.164565 0.638993
vt 0.164565 0.638879
vt 0.164565 0.627026
vt 0.164565 0.627007
vt 0.164565 0.627049
vt 0.164565 0.627026
vt 0.164565 0.627106
vt 0.164565 0.627049
vt 0.164565 0.627464
vt 0.164565 0.627362
vt 0.164565 0.629747
vt 0.164565 0.628834
vt 0.164565 0.637966
vt 0.164565 0.629747
vt 0.164565 0.628834
vt 0.164565 0.627362
vt 0.164565 0.639750
vt 0.164565 0.639693
vt 0.164565 0.639773
vt 0.164565 0.639792
vt 0.164565 0.639773
vt 0.164565 0.637966
vt 0.164565 0.639336
vt 0.164565 0.638993
vt 0.164565 0.639437
vt 0.164565 0.639336
vt 0.164565 0.639693
vt 0.013755 0.166794
vt 0.013493 0.166794
vt 0.014200 0.166794
vt 0.013755 0.166794
vt 0.022953 0.166794
vt 0.022690 0.166794
vt 0.023398 0.166794
vt 0.014726 0.166794
vt 0.014200 0.166794
vt 0.016828 0.166794
vt 0.022165 0.166794
vt 0.016828 0.166794
vt 0.013493 0.166794
vt 0.013270 0.166794
vt 0.022690 0.166794
vt 0.022165 0.166794
vt 0.023620 0.166794
vt 0.023398 0.166794
vt 0.012940 0.166794
vt 0.012938 0.166794
vt 0.012938 0.166794
vt 0.012785 0.166794
vt 0.013117 0.166794
vt 0.012940 0.166794
vt 0.013119 0.166794
vt 0.013117 0.166794
vt 0.013270 0.166794
vt 0.023950 0.166794
vt 0.023773 0.166794
vt 0.023773 0.166794
vt 0.023772 0.166794
vt 0.023772 0.166794
vt 0.023620 0.166794
vt 0.024105 0.166794
vt 0.023953 0.166794
vt 0.023953 0.166794
vt 0.023950 0.166794
vt 0.831741 0.869083
vt 0.831741 0.858855
vt 0.831741 0.858855
vt 0.831741 0.858622
vt 0.831741 0.871407
vt 0.831741 0.628103
vt 0.831741 0.627806
vt 0.831741 0.628605
vt 0.831741 0.628103
vt 0.831741 0.638491
vt 0.831741 0.638194
vt 0.831741 0.638993
vt 0.831741 0.638491
vt 0.831741 0.629199
vt 0.831741 0.628605
vt 0.831741 0.631573
vt 0.831741 0.629199
vt 0.831741 0.637600
vt 0.831741 0.627555
vt 0.831741 0.638194
vt 0.831741 0.637600
vt 0.831741 0.639244
vt 0.831741 0.627182
vt 0.831741 0.627179
vt 0.831741 0.627179
vt 0.831741 0.627007
vt 0.831741 0.627383
vt 0.831741 0.627384
vt 0.831741 0.627383
vt 0.831741 0.627555
vt 0.831741 0.639415
vt 0.831741 0.639244
vt 0.831741 0.639617
vt 0.831741 0.639417
vt 0.831741 0.639417
vt 0.831741 0.639415
vt 0.831741 0.639792
vt 0.831741 0.639620
vt 0.831741 0.639617
vt 0.831741 0.639620
vt 0.164565 0.743977
vt 0.164565 0.742815
vt 0.164565 0.755600
vt 0.164565 0.743977
vt 0.000708 0.729724
vt 0.001415 0.729724
vt 0.002830 0.729724
vt 0.001415 0.486483
vt 0.002830 0.486483
vt 0.001415 0.243241
vt 0.002830 0.243241
vt 0.000708 0.243241
vt 0.009905 0.729724
vt 0.010613 0.729724
vt 0.008490 0.729724
vt 0.008490 0.486483
vt 0.009905 0.486483
vt 0.008490 0.243241
vt 0.009905 0.243241
vt 0.010613 0.243241
vt 0.001314 0.833970
vt 0.000708 0.833970
vt 0.001415 0.833970
vt 0.001314 0.833970
vt 0.010512 0.833970
vt 0.009905 0.833970
vt 0.010613 0.833970
vt 0.010512 0.833970
vt 0.000037 0.833970
vt 0.000017 0.833970
vt 0.000017 0.833970
vt 0.000000 0.833970
vt 0.000088 0.833970
vt 0.000037 0.833970
vt 0.000404 0.833970
vt 0.000314 0.833970
vt 0.001617 0.833970
vt 0.000708 0.833970
vt 0.000404 0.833970
vt 0.000314 0.833970
vt 0.000088 0.833970
vt 0.008894 0.833970
vt 0.001617 0.833970
vt 0.009703 0.833970
vt 0.008894 0.833970
vt 0.011303 0.833970
vt 0.011283 0.833970
vt 0.011283 0.833970
vt 0.011233 0.833970
vt 0.011320 0.833970
vt 0.011303 0.833970
vt 0.009905 0.833970
vt 0.009703 0.833970
vt 0.010916 0.833970
vt 0.011006 0.833970
vt 0.010916 0.833970
vt 0.011233 0.833970
vt 0.011006 0.833970
vt 0.164565 0.280747
vt 0.164565 0.279584
vt 0.164565 0.292369
vt 0.164565 0.280747
vt 0.831741 0.753275
vt 0.831741 0.743047
vt 0.831741 0.743047
vt 0.831741 0.742815
vt 0.831741 0.755600
vt 0.831741 0.753275
vt 0.000970 0.166794
vt 0.000708 0.166794
vt 0.001415 0.166794
vt 0.000970 0.166794
vt 0.010168 0.166794
vt 0.009905 0.166794
vt 0.010613 0.166794
vt 0.010168 0.166794
vt 0.009380 0.166794
vt 0.004043 0.166794
vt 0.004043 0.166794
vt 0.001941 0.166794
vt 0.001941 0.166794
vt 0.001415 0.166794
vt 0.000485 0.166794
vt 0.009905 0.166794
vt 0.010835 0.166794
vt 0.010613 0.166794
vt 0.000334 0.166794
vt 0.000332 0.166794
vt 0.000155 0.166794
vt 0.000155 0.166794
vt 0.000153 0.166794
vt 0.000153 0.166794
vt 0.000000 0.166794
vt 0.000485 0.166794
vt 0.000334 0.166794
vt 0.011165 0.166794
vt 0.010988 0.166794
vt 0.010988 0.166794
vt 0.010987 0.166794
vt 0.010987 0.166794
vt 0.010835 0.166794
vt 0.011320 0.166794
vt 0.011168 0.166794
vt 0.011168 0.166794
vt 0.011165 0.166794
vt 0.831741 0.290045
vt 0.831741 0.279817
vt 0.831741 0.279817
vt 0.831741 0.279584
vt 0.831741 0.292369
vt 0.831741 0.290045
vt 0.081168 0.395392
vt 0.081168 0.408177
vt 0.025570 0.395392
vt 0.025570 0.408177
vt 0.831741 0.405852
vt 0.831741 0.395392
vt 0.831741 0.408177
vt 0.831741 0.405852
vt 0.081168 0.511199
vt 0.081168 0.523985
vt 0.025570 0.511199
vt 0.025570 0.523985
vt 0.831741 0.521660
vt 0.831741 0.511199
vt 0.831741 0.523985
vt 0.831741 0.521660
vt 0.688192 0.395918
vt 0.842631 0.000000
vt 0.688192 0.000000
vt 0.516144 0.394453
vt 0.516144 0.000000
vt 0.672048 0.000000
vt 0.844096 0.395918
vt 0.998535 0.000000
vt 0.844096 0.000000
vt 0.000000 0.394453
vt 0.155904 0.000000
vt 0.000000 0.000000
vt 0.532289 0.790371
vt 0.532289 0.395918
vt 0.686728 0.395918
vt 0.376385 0.790371
vt 0.530824 0.395918
vt 0.376385 0.395918
vt 0.172048 0.394453
vt 0.172048 0.000000
vt 0.327952 0.000000
vt 0.344096 0.394453
vt 0.344096 0.000000
vt 0.500000 0.000000
vt 0.000000 0.506159
vt 0.265109 0.395918
vt 0.374920 0.506159
vt 0.109812 0.395918
vt 0.374920 0.662062
vt 0.109812 0.772303
vt 0.265109 0.772303
vt 0.000000 0.662062
vt 0.013493 0.729724
vt 0.014200 0.729724
vt 0.015615 0.729724
vt 0.014200 0.486483
vt 0.015615 0.486483
vt 0.014200 0.243241
vt 0.015615 0.243241
vt 0.013493 0.243241
vt 0.022690 0.729724
vt 0.023398 0.729724
vt 0.021275 0.729724
vt 0.021275 0.486483
vt 0.022690 0.486483
vt 0.021275 0.243241
vt 0.022690 0.243241
vt 0.023398 0.243241
vt 0.014099 0.833970
vt 0.013493 0.833970
vt 0.014200 0.833970
vt 0.014099 0.833970
vt 0.023297 0.833970
vt 0.022690 0.833970
vt 0.023398 0.833970
vt 0.023297 0.833970
vt 0.012802 0.833970
vt 0.012785 0.833970
vt 0.012822 0.833970
vt 0.012802 0.833970
vt 0.012873 0.833970
vt 0.012822 0.833970
vt 0.013189 0.833970
vt 0.013100 0.833970
vt 0.022488 0.833970
vt 0.021680 0.833970
vt 0.021680 0.833970
vt 0.014402 0.833970
vt 0.013100 0.833970
vt 0.024088 0.833970
vt 0.024068 0.833970
vt 0.024068 0.833970
vt 0.024018 0.833970
vt 0.024105 0.833970
vt 0.024088 0.833970
vt 0.022488 0.833970
vt 0.023701 0.833970
vt 0.023791 0.833970
vt 0.023701 0.833970
vt 0.024018 0.833970
vt 0.164565 0.858622
vt 0.164565 0.859785
vt 0.164565 0.871407
vt 0.268811 0.627806
vt 0.268811 0.628605
vt 0.268811 0.630203
vt 0.512053 0.628605
vt 0.512053 0.630203
vt 0.755294 0.628605
vt 0.755294 0.630203
vt 0.755294 0.627806
vt 0.268811 0.638194
vt 0.268811 0.638993
vt 0.268811 0.636596
vt 0.512053 0.636596
vt 0.512053 0.638194
vt 0.755294 0.636596
vt 0.755294 0.638194
vt 0.755294 0.638993
vt 0.164565 0.628491
vt 0.164565 0.627806
vt 0.164565 0.628605
vt 0.164565 0.628491
vt 0.164565 0.638879
vt 0.164565 0.638194
vt 0.164565 0.638993
vt 0.164565 0.638879
vt 0.164565 0.627026
vt 0.164565 0.627007
vt 0.164565 0.627049
vt 0.164565 0.627026
vt 0.164565 0.627106
vt 0.164565 0.627049
vt 0.164565 0.627464
vt 0.164565 0.627362
vt 0.164565 0.629747
vt 0.164565 0.628834
vt 0.164565 0.637966
vt 0.164565 0.629747
vt 0.164565 0.628834
vt 0.164565 0.627362
vt 0.164565 0.639750
vt 0.164565 0.639693
vt 0.164565 0.639773
vt 0.164565 0.639792
vt 0.164565 0.639773
vt 0.164565 0.637966
vt 0.164565 0.639336
vt 0.164565 0.638993
vt 0.164565 0.639437
vt 0.164565 0.639336
vt 0.164565 0.639693
vt 0.013755 0.166794
vt 0.013493 0.166794
vt 0.014200 0.166794
vt 0.013755 0.166794
vt 0.022953 0.166794
vt 0.022690 0.166794
vt 0.023398 0.166794
vt 0.014726 0.166794
vt 0.014200 0.166794
vt 0.016828 0.166794
vt 0.022165 0.166794
vt 0.016828 0.166794
vt 0.013493 0.166794
vt 0.013270 0.166794
vt 0.022690 0.166794
vt 0.022165 0.166794
vt 0.023620 0.166794
vt 0.023398 0.166794
vt 0.012940 0.166794
vt 0.012938 0.166794
vt 0.012938 0.166794
vt 0.012785 0.166794
vt 0.013117 0.166794
vt 0.012940 0.166794
vt 0.013119 0.166794
vt 0.013117 0.166794
vt 0.013270 0.166794
vt 0.023950 0.166794
vt 0.023773 0.166794
vt 0.023773 0.166794
vt 0.023772 0.166794
vt 0.023772 0.166794
vt 0.023620 0.166794
vt 0.024105 0.166794
vt 0.023953 0.166794
vt 0.023953 0.166794
vt 0.023950 0.166794
vt 0.831741 0.869083
vt 0.831741 0.858855
vt 0.831741 0.858855
vt 0.831741 0.858622
vt 0.831741 0.871407
vt 0.831741 0.628103
vt 0.831741 0.627806
vt 0.831741 0.628605
vt 0.831741 0.628103
vt 0.831741 0.638491
vt 0.831741 0.638194
vt 0.831741 0.638993
vt 0.831741 0.638491
vt 0.831741 0.629199
vt 0.831741 0.628605
vt 0.831741 0.631573
vt 0.831741 0.629199
vt 0.831741 0.637600
vt 0.831741 0.627555
vt 0.831741 0.638194
vt 0.831741 0.637600
vt 0.831741 0.639244
vt 0.831741 0.627182
vt 0.831741 0.627179
vt 0.831741 0.627179
vt 0.831741 0.627007
vt 0.831741 0.627383
vt 0.831741 0.627384
vt 0.831741 0.627383
vt 0.831741 0.627555
vt 0.831741 0.639415
vt 0.831741 0.639244
vt 0.831741 0.639617
vt 0.831741 0.639417
vt 0.831741 0.639417
vt 0.831741 0.639415
vt 0.831741 0.639792
vt 0.831741 0.639620
vt 0.831741 0.639617
vt 0.831741 0.639620
vt 0.164565 0.743977
vt 0.164565 0.742815
vt 0.164565 0.755600
vt 0.164565 0.743977
vt 0.000708 0.729724
vt 0.001415 0.729724
vt 0.002830 0.729724
vt 0.001415 0.486483
vt 0.002830 0.486483
vt 0.001415 0.243241
vt 0.002830 0.243241
vt 0.000708 0.243241
vt 0.009905 0.729724
vt 0.010613 0.729724
vt 0.008490 0.729724
vt 0.008490 0.486483
vt 0.009905 0.486483
vt 0.008490 0.243241
vt 0.009905 0.243241
vt 0.010613 0.243241
vt 0.001314 0.833970
vt 0.000708 0.833970
vt 0.001415 0.833970
vt 0.001314 0.833970
vt 0.010512 0.833970
vt 0.009905 0.833970
vt 0.010613 0.833970
vt 0.010512 0.833970
vt 0.000037 0.833970
vt 0.000017 0.833970
vt 0.000017 0.833970
vt 0.000000 0.833970
vt 0.000088 0.833970
vt 0.000037 0.833970
vt 0.000404 0.833970
vt 0.000314 0.833970
vt 0.001617 0.833970
vt 0.000708 0.833970
vt 0.000404 0.833970
vt 0.000314 0.833970
vt 0.000088 0.833970
vt 0.008894 0.833970
vt 0.001617 0.833970
vt 0.009703 0.833970
vt 0.008894 0.833970
vt 0.011303 0.833970
vt 0.011283 0.833970
vt 0.011283 0.833970
vt 0.011233 0.833970
vt 0.011320 0.833970
vt 0.011303 0.833970
vt 0.009905 0.833970
vt 0.009703 0.833970
vt 0.010916 0.833970
vt 0.011006 0.833970
vt 0.010916 0.833970
vt 0.011233 0.833970
vt 0.011006 0.833970
vt 0.164565 0.280747
vt 0.164565 0.279584
vt 0.164565 0.292369
vt 0.164565 0.280747
vt 0.831741 0.753275
vt 0.831741 0.743047
vt 0.831741 0.743047
vt 0.831741 0.742815
vt 0.831741 0.755600
vt 0.831741 0.753275
vt 0.000970 0.166794
vt 0.000708 0.166794
vt 0.001415 0.166794
vt 0.000970 0.166794
vt 0.010168 0.166794
vt 0.009905 0.166794
vt 0.010613 0.166794
vt 0.010168 0.166794
vt 0.009380 0.166794
vt 0.004043 0.166794
vt 0.004043 0.166794
vt 0.001941 0.166794
vt 0.001941 0.166794
vt 0.001415 0.166794
vt 0.000485 0.166794
vt 0.009905 0.166794
vt 0.010835 0.166794
vt 0.010613 0.166794
vt 0.000334 0.166794
vt 0.000332 0.166794
vt 0.000155 0.166794
vt 0.000155 0.166794
vt 0.000153 0.166794
vt 0.000153 0.166794
vt 0.000000 0.166794
vt 0.000485 0.166794
vt 0.000334 0.166794
vt 0.011165 0.166794
vt 0.010988 0.166794
vt 0.010988 0.166794
vt 0.010987 0.166794
vt 0.010987 0.166794
vt 0.010835 0.166794
vt 0.011320 0.166794
vt 0.011168 0.166794
vt 0.011168 0.166794
vt 0.011165 0.166794
vt 0.831741 0.290045
vt 0.831741 0.279817
vt 0.831741 0.279817
vt 0.831741 0.279584
vt 0.831741 0.292369
vt 0.831741 0.290045
vt 0.081168 0.395392
vt 0.081168 0.408177
vt 0.025570 0.395392
vt 0.025570 0.408177
vt 0.831741 0.405852
vt 0.831741 0.395392
vt 0.831741 0.408177
vt 0.831741 0.405852
vt 0.081168 0.511199
vt 0.081168 0.523985
vt 0.025570 0.511199
vt 0.025570 0.523985
vt 0.831741 0.521660
vt 0.831741 0.511199
vt 0.831741 0.523985
vt 0.831741 0.521660
vt 0.688192 0.395918
vt 0.842631 0.000000
vt 0.688192 0.000000
vt 0.516144 0.394453
vt 0.516144 0.000000
vt 0.672048 0.000000
vt 0.844096 0.395918
vt 0.998535 0.000000
vt 0.844096 0.000000
vt 0.000000 0.394453
vt 0.155904 0.000000
vt 0.000000 0.000000
vt 0.532289 0.790371
vt 0.532289 0.395918
vt 0.686728 0.395918
vt 0.376385 0.790371
vt 0.530824 0.395918
vt 0.376385 0.395918
vt 0.172048 0.394453
vt 0.172048 0.000000
vt 0.327952 0.000000
vt 0.344096 0.394453
vt 0.344096 0.000000
vt 0.500000 0.000000
vt 0.000000 0.506159
vt 0.265109 0.395918
vt 0.374920 0.506159
vt 0.109812 0.395918
vt 0.374920 0.662062
vt 0.109812 0.772303
vt 0.265109 0.772303
vt 0.000000 0.662062
vt 0.013493 0.729724
vt 0.014200 0.729724
vt 0.015615 0.729724
vt 0.014200 0.486483
vt 0.015615 0.486483
vt 0.014200 0.243241
vt 0.015615 0.243241
vt 0.013493 0.243241
vt 0.022690 0.729724
vt 0.023398 0.729724
vt 0.021275 0.729724
vt 0.021275 0.486483
vt 0.022690 0.486483
vt 0.021275 0.243241
vt 0.022690 0.243241
vt 0.023398 0.243241
vt 0.014099 0.833970
vt 0.013493 0.833970
vt 0.014200 0.833970
vt 0.014099 0.833970
vt 0.023297 0.833970
vt 0.022690 0.833970
vt 0.023398 0.833970
vt 0.023297 0.833970
vt 0.012802 0.833970
vt 0.012785 0.833970
vt 0.012822 0.833970
vt 0.012802 0.833970
vt 0.012873 0.833970
vt 0.012822 0.833970
vt 0.013189 0.833970
vt 0.013100 0.833970
vt 0.022488 0.833970
vt 0.021680 0.833970
vt 0.021680 0.833970
vt 0.014402 0.833970
vt 0.013100 0.833970
vt 0.024088 0.833970
vt 0.024068 0.833970
vt 0.024068 0.833970
vt 0.024018 0.833970
vt 0.024105 0.833970
vt 0.024088 0.833970
vt 0.022488 0.833970
vt 0.023701 0.833970
vt 0.023791 0.833970
vt 0.023701 0.833970
vt 0.024018 0.833970
vt 0.164565 0.858622
vt 0.164565 0.859785
vt 0.164565 0.871407
vt 0.268811 0.627806
vt 0.268811 0.628605
vt 0.268811 0.630203
vt 0.512053 0.628605
vt 0.512053 0.630203
vt 0.755294 0.628605
vt 0.755294 0.630203
vt 0.755294 0.627806
vt 0.268811 0.638194
vt 0.268811 0.638993
vt 0.268811 0.636596
vt 0.512053 0.636596
vt 0.512053 0.638194
vt 0.755294 0.636596
vt 0.755294 0.638194
vt 0.755294 0.638993
vt 0.164565 0.628491
vt 0.164565 0.627806
vt 0.164565 0.628605
vt 0.164565 0.628491
vt 0.164565 0.638879
vt 0.164565 0.638194
vt 0.164565 0.638993
vt 0.164565 0.638879
vt 0.164565 0.627026
vt 0.164565 0.627007
vt 0.164565 0.627049
vt 0.164565 0.627026
vt 0.164565 0.627106
vt 0.164565 0.627049
vt 0.164565 0.627464
vt 0.164565 0.627362
vt 0.164565 0.629747
vt 0.164565 0.628834
vt 0.164565 0.637966
vt 0.164565 0.629747
vt 0.164565 0.628834
vt 0.164565 0.627362
vt 0.164565 0.639750
vt 0.164565 0.639693
vt 0.164565 0.639773
vt 0.164565 0.639792
vt 0.164565 0.639773
vt 0.164565 0.637966
vt 0.164565 0.639336
vt 0.164565 0.638993
vt 0.164565 0.639437
vt 0.164565 0.639336
vt 0.164565 0.639693
vt 0.013755 0.166794
vt 0.013493 0.166794
vt 0.014200 0.166794
vt 0.013755 0.166794
vt 0.022953 0.166794
vt 0.022690 0.166794
vt 0.023398 0.166794
vt 0.014726 0.166794
vt 0.014200 0.166794
vt 0.016828 0.166794
vt 0.022165 0.166794
vt 0.016828 0.166794
vt 0.013493 0.166794
vt 0.013270 0.166794
vt 0.022690 0.166794
vt 0.022165 0.166794
vt 0.023620 0.166794
vt 0.023398 0.166794
vt 0.012940 0.166794
vt 0.012938 0.166794
vt 0.012938 0.166794
vt 0.012785 0.166794
vt 0.013117 0.166794
vt 0.012940 0.166794
vt 0.013119 0.166794
vt 0.013117 0.166794
vt 0.013270 0.166794
vt 0.023950 0.166794
vt 0.023773 0.166794
vt 0.023773 0.166794
vt 0.023772 0.166794
vt 0.023772 0.166794
vt 0.023620 0.166794
vt 0.024105 0.166794
vt 0.023953 0.166794
vt 0.023953 0.166794
vt 0.023950 0.166794
vt 0.831741 0.869083
vt 0.831741 0.858855
vt 0.831741 0.858855
vt 0.831741 0.858622
vt 0.831741 0.871407
vt 0.831741 0.628103
vt 0.831741 0.627806
vt 0.831741 0.628605
vt 0.831741 0.628103
vt 0.831741 0.638491
vt 0.831741 0.638194
vt 0.831741 0.638993
vt 0.831741 0.638491
vt 0.831741 0.629199
vt 0.831741 0.628605
vt 0.831741 0.631573
vt 0.831741 0.629199
vt 0.831741 0.637600
vt 0.831741 0.627555
vt 0.831741 0.638194
vt 0.831741 0.637600
vt 0.831741 0.639244
vt 0.831741 0.627182
vt 0.831741 0.627179
vt 0.831741 0.627179
vt 0.831741 0.627007
vt 0.831741 0.627383
vt 0.831741 0.627384
vt 0.831741 0.627383
vt 0.831741 0.627555
vt 0.831741 0.639415
vt 0.831741 0.639244
vt 0.831741 0.639617
vt 0.831741 0.639417
vt 0.831741 0.639417
vt 0.831741 0.639415
vt 0.831741 0.639792
vt 0.831741 0.639620
vt 0.831741 0.639617
vt 0.831741 0.639620
vt 0.164565 0.743977
vt 0.164565 0.742815
vt 0.164565 0.755600
vt 0.164565 0.743977
vt 0.000708 0.729724
vt 0.001415 0.729724
vt 0.002830 0.729724
vt 0.001415 0.486483
vt 0.002830 0.486483
vt 0.001415 0.243241
vt 0.002830 0.243241
vt 0.000708 0.243241
vt 0.009905 0.729724
vt 0.010613 0.729724
vt 0.008490 0.729724
vt 0.008490 0.486483
vt 0.009905 0.486483
vt 0.008490 0.243241
vt 0.009905 0.243241
vt 0.010613 0.243241
vt 0.001314 0.833970
vt 0.000708 0.833970
vt 0.001415 0.833970
vt 0.001314 0.833970
vt 0.010512 0.833970
vt 0.009905 0.833970
vt 0.010613 0.833970
vt 0.010512 0.833970
vt 0.000037 0.833970
vt 0.000017 0.833970
vt 0.000017 0.833970
vt 0.000000 0.833970
vt 0.000088 0.833970
vt 0.000037 0.833970
vt 0.000404 0.833970
vt 0.000314 0.833970
vt 0.001617 0.833970
vt 0.000708 0.833970
vt 0.000404 0.833970
vt 0.000314 0.833970
vt 0.000088 0.833970
vt 0.008894 0.833970
vt 0.001617 0.833970
vt 0.009703 0.833970
vt 0.008894 0.833970
vt 0.011303 0.833970
vt 0.011283 0.833970
vt 0.011283 0.833970
vt 0.011233 0.833970
vt 0.011320 0.833970
vt 0.011303 0.833970
vt 0.009905 0.833970
vt 0.009703 0.833970
vt 0.010916 0.833970
vt 0.011006 0.833970
vt 0.010916 0.833970
vt 0.011233 0.833970
vt 0.011006 0.833970
vt 0.164565 0.280747
vt 0.164565 0.279584
vt 0.164565 0.292369
vt 0.164565 0.280747
vt 0.831741 0.753275
vt 0.831741 0.743047
vt 0.831741 0.743047
vt 0.831741 0.742815
vt 0.831741 0.755600
vt 0.831741 0.753275
vt 0.000970 0.166794
vt 0.000708 0.166794
vt 0.001415 0.166794
vt 0.000970 0.166794
vt 0.010168 0.166794
vt 0.009905 0.166794
vt 0.010613 0.166794
vt 0.010168 0.166794
vt 0.009380 0.166794
vt 0.004043 0.166794
vt 0.004043 0.166794
vt 0.001941 0.166794
vt 0.001941 0.166794
vt 0.001415 0.166794
vt 0.000485 0.166794
vt 0.009905 0.166794
vt 0.010835 0.166794
vt 0.010613 0.166794
vt 0.000334 0.166794
vt 0.000332 0.166794
vt 0.000155 0.166794
vt 0.000155 0.166794
vt 0.000153 0.166794
vt 0.000153 0.166794
vt 0.000000 0.166794
vt 0.000485 0.166794
vt 0.000334 0.166794
vt 0.011165 0.166794
vt 0.010988 0.166794
vt 0.010988 0.166794
vt 0.010987 0.166794
vt 0.010987 0.166794
vt 0.010835 0.166794
vt 0.011320 0.166794
vt 0.011168 0.166794
vt 0.011168 0.166794
vt 0.011165 0.166794
vt 0.831741 0.290045
vt 0.831741 0.279817
vt 0.831741 0.279817
vt 0.831741 0.279584
vt 0.831741 0.292369
vt 0.831741 0.290045
vt 0.081168 0.395392
vt 0.081168 0.408177
vt 0.025570 0.395392
vt 0.025570 0.408177
vt 0.831741 0.405852
vt 0.831741 0.395392
vt 0.831741 0.408177
vt 0.831741 0.405852
vt 0.081168 0.511199
vt 0.081168 0.523985
vt 0.025570 0.511199
vt 0.025570 0.523985
vt 0.831741 0.521660
vt 0.831741 0.511199
vt 0.831741 0.523985
vt 0.831741 0.521660
vt 0.688192 0.395918
vt 0.842631 0.000000
vt 0.688192 0.000000
vt 0.516144 0.394453
vt 0.516144 0.000000
vt 0.672048 0.000000
vt 0.844096 0.395918
vt 0.998535 0.000000
vt 0.844096 0.000000
vt 0.000000 0.394453
vt 0.155904 0.000000
vt 0.000000 0.000000
vt 0.532289 0.790371
vt 0.532289 0.395918
vt 0.686728 0.395918
vt 0.376385 0.790371
vt 0.530824 0.395918
vt 0.376385 0.395918
vt 0.172048 0.394453
vt 0.172048 0.000000
vt 0.327952 0.000000
vt 0.344096 0.394453
vt 0.344096 0.000000
vt 0.500000 0.000000
vt 0.000000 0.506159
vt 0.265109 0.395918
vt 0.374920 0.506159
vt 0.109812 0.395918
vt 0.374920 0.662062
vt 0.109812 0.772303
vt 0.265109 0.772303
vt 0.000000 0.662062
vt 0.013493 0.729724
vt 0.014200 0.729724
vt 0.015615 0.729724
vt 0.014200 0.486483
vt 0.015615 0.486483
vt 0.014200 0.243241
vt 0.015615 0.243241
vt 0.013493 0.243241
vt 0.022690 0.729724
vt 0.023398 0.729724
vt 0.021275 0.729724
vt 0.021275 0.486483
vt 0.022690 0.486483
vt 0.021275 0.243241
vt 0.022690 0.243241
vt 0.023398 0.243241
vt 0.014099 0.833970
vt 0.013493 0.833970
vt 0.014200 0.833970
vt 0.014099 0.833970
vt 0.023297 0.833970
vt 0.022690 0.833970
vt 0.023398 0.833970
vt 0.023297 0.833970
vt 0.012802 0.833970
vt 0.012785 0.833970
vt 0.012822 0.833970
vt 0.012802 0.833970
vt 0.012873 0.833970
vt 0.012822 0.833970
vt 0.013189 0.833970
vt 0.013100 0.833970
vt 0.022488 0.833970
vt 0.021680 0.833970
vt 0.021680 0.833970
vt 0.014402 0.833970
vt 0.013100 0.833970
vt 0.024088 0.833970
vt 0.024068 0.833970
vt 0.024068 0.833970
vt 0.024018 0.833970
vt 0.024105 0.833970
vt 0.024088 0.833970
vt 0.022488 0.833970
vt 0.023701 0.833970
vt 0.023791 0.833970
vt 0.023701 0.833970
vt 0.024018 0.833970
vt 0.164565 0.858622
vt 0.164565 0.859785
vt 0.164565 0.871407
vt 0.268811 0.627806
vt 0.268811 0.628605
vt 0.268811 0.630203
vt 0.512053 0.628605
vt 0.512053 0.630203
vt 0.755294 0.628605
vt 0.755294 0.630203
vt 0.755294 0.627806
vt 0.268811 0.638194
vt 0.268811 0.638993
vt 0.268811 0.636596
vt 0.512053 0.636596
vt 0.512053 0.638194
vt 0.755294 0.636596
vt 0.755294 0.638194
vt 0.755294 0.638993
vt 0.164565 0.628491
vt 0.164565 0.627806
vt 0.164565 0.628605
vt 0.164565 0.628491
vt 0.164565 0.638879
vt 0.164565 0.638194
vt 0.164565 0.638993
vt 0.164565 0.638879
vt 0.164565 0.627026
vt 0.164565 0.627007
vt 0.164565 0.627049
vt 0.164565 0.627026
vt 0.164565 0.627106
vt 0.164565 0.627049
vt 0.164565 0.627464
vt 0.164565 0.627362
vt 0.164565 0.629747
vt 0.164565 0.628834
vt 0.164565 0.637966
vt 0.164565 0.629747
vt 0.164565 0.628834
vt 0.164565 0.627362
vt 0.164565 0.639750
vt 0.164565 0.639693
vt 0.164565 0.639773
vt 0.164565 0.639792
vt 0.164565 0.639773
vt 0.164565 0.637966
vt 0.164565 0.639336
vt 0.164565 0.638993
vt 0.164565 0.639437
vt 0.164565 0.639336
vt 0.164565 0.639693
vt 0.013755 0.166794
vt 0.013493 0.166794
vt 0.014200 0.166794
vt 0.013755 0.166794
vt 0.022953 0.166794
vt 0.022690 0.166794
vt 0.023398 0.166794
vt 0.014726 0.166794
vt 0.014200 0.166794
vt 0.016828 0.166794
vt 0.022165 0.166794
vt 0.016828 0.166794
vt 0.013493 0.166794
vt 0.013270 0.166794
vt 0.022690 0.166794
vt 0.022165 0.166794
vt 0.023620 0.166794
vt 0.023398 0.166794
vt 0.012940 0.166794
vt 0.012938 0.166794
vt 0.012938 0.166794
vt 0.012785 0.166794
vt 0.013117 0.166794
vt 0.012940 0.166794
vt 0.013119 0.166794
vt 0.013117 0.166794
vt 0.013270 0.166794
vt 0.023950 0.166794
vt 0.023773 0.166794
vt 0.023773 0.166794
vt 0.023772 0.166794
vt 0.023772 0.166794
vt 0.023620 0.166794
vt 0.024105 0.166794
vt 0.023953 0.166794
vt 0.023953 0.166794
vt 0.023950 0.166794
vt 0.831741 0.869083
vt 0.831741 0.858855
vt 0.831741 0.858855
vt 0.831741 0.858622
vt 0.831741 0.871407
vt 0.831741 0.628103
vt 0.831741 0.627806
vt 0.831741 0.628605
vt 0.831741 0.628103
vt 0.831741 0.638491
vt 0.831741 0.638194
vt 0.831741 0.638993
vt 0.831741 0.638491
vt 0.831741 0.629199
vt 0.831741 0.628605
vt 0.831741 0.631573
vt 0.831741 0.629199
vt 0.831741 0.637600
vt 0.831741 0.627555
vt 0.831741 0.638194
vt 0.831741 0.637600
vt 0.831741 0.639244
vt 0.831741 0.627182
vt 0.831741 0.627179
vt 0.831741 0.627179
vt 0.831741 0.627007
vt 0.831741 0.627383
vt 0.831741 0.627384
vt 0.831741 0.627383
vt 0.831741 0.627555
vt 0.831741 0.639415
vt 0.831741 0.639244
vt 0.831741 0.639617
vt 0.831741 0.639417
vt 0.831741 0.639417
vt 0.831741 0.639415
vt 0.831741 0.639792
vt 0.831741 0.639620
vt 0.831741 0.639617
vt 0.831741 0.639620
vt 0.164565 0.743977
vt 0.164565 0.742815
vt 0.164565 0.755600
vt 0.164565 0.743977
vt 0.000708 0.729724
vt 0.001415 0.729724
vt 0.002830 0.729724
vt 0.001415 0.486483
vt 0.002830 0.486483
vt 0.001415 0.243241
vt 0.002830 0.243241
vt 0.000708 0.243241
vt 0.009905 0.729724
vt 0.010613 0.729724
vt 0.008490 0.729724
vt 0.008490 0.486483
vt 0.009905 0.486483
vt 0.008490 0.243241
vt 0.009905 0.243241
vt 0.010613 0.243241
vt 0.001314 0.833970
vt 0.000708 0.833970
vt 0.001415 0.833970
vt 0.001314 0.833970
vt 0.010512 0.833970
vt 0.009905 0.833970
vt 0.010613 0.833970
vt 0.010512 0.833970
vt 0.000037 0.833970
vt 0.000017 0.833970
vt 0.000017 0.833970
vt 0.000000 0.833970
vt 0.000088 0.833970
vt 0.000037 0.833970
vt 0.000404 0.833970
vt 0.000314 0.833970
vt 0.001617 0.833970
vt 0.000708 0.833970
vt 0.000404 0.833970
vt 0.000314 0.833970
vt 0.000088 0.833970
vt 0.008894 0.833970
vt 0.001617 0.833970
vt 0.009703 0.833970
vt 0.008894 0.833970
vt 0.011303 0.833970
vt 0.011283 0.833970
vt 0.011283 0.833970
vt 0.011233 0.833970
vt 0.011320 0.833970
vt 0.011303 0.833970
vt 0.009905 0.833970
vt 0.009703 0.833970
vt 0.010916 0.833970
vt 0.011006 0.833970
vt 0.010916 0.833970
vt 0.011233 0.833970
vt 0.011006 0.833970
vt 0.164565 0.280747
vt 0.164565 0.279584
vt 0.164565 0.292369
vt 0.164565 0.280747
vt 0.831741 0.753275
vt 0.831741 0.743047
vt 0.831741 0.743047
vt 0.831741 0.742815
vt 0.831741 0.755600
vt 0.831741 0.753275
vt 0.000970 0.166794
vt 0.000708 0.166794
vt 0.001415 0.166794
vt 0.000970 0.166794
vt 0.010168 0.166794
vt 0.009905 0.166794
vt 0.010613 0.166794
vt 0.010168 0.166794
vt 0.009380 0.166794
vt 0.004043 0.166794
vt 0.004043 0.166794
vt 0.001941 0.166794
vt 0.001941 0.166794
vt 0.001415 0.166794
vt 0.000485 0.166794
vt 0.009905 0.166794
vt 0.010835 0.166794
vt 0.010613 0.166794
vt 0.000334 0.166794
vt 0.000332 0.166794
vt 0.000155 0.166794
vt 0.000155 0.166794
vt 0.000153 0.166794
vt 0.000153 0.166794
vt 0.000000 0.166794
vt 0.000485 0.166794
vt 0.000334 0.166794
vt 0.011165 0.166794
vt 0.010988 0.166794
vt 0.010988 0.166794
vt 0.010987 0.166794
vt 0.010987 0.166794
vt 0.010835 0.166794
vt 0.011320 0.166794
vt 0.011168 0.166794
vt 0.011168 0.166794
vt 0.011165 0.166794
vt 0.831741 0.290045
vt 0.831741 0.279817
vt 0.831741 0.279817
vt 0.831741 0.279584
vt 0.831741 0.292369
vt 0.831741 0.290045
vt 0.081168 0.395392
vt 0.081168 0.408177
vt 0.025570 0.395392
vt 0.025570 0.408177
vt 0.831741 0.405852
vt 0.831741 0.395392
vt 0.831741 0.408177
vt 0.831741 0.405852
vt 0.081168 0.511199
vt 0.081168 0.523985
vt 0.025570 0.511199
vt 0.025570 0.523985
vt 0.831741 0.521660
vt 0.831741 0.511199
vt 0.831741 0.523985
vt 0.831741 0.521660
vt 0.688192 0.395918
vt 0.842631 0.000000
vt 0.688192 0.000000
vt 0.516144 0.394453
vt 0.516144 0.000000
vt 0.672048 0.000000
vt 0.844096 0.395918
vt 0.998535 0.000000
vt 0.844096 0.000000
vt 0.000000 0.394453
vt 0.155904 0.000000
vt 0.000000 0.000000
vt 0.532289 0.790371
vt 0.532289 0.395918
vt 0.686728 0.395918
vt 0.376385 0.790371
vt 0.530824 0.395918
vt 0.376385 0.395918
vt 0.172048 0.394453
vt 0.172048 0.000000
vt 0.327952 0.000000
vt 0.344096 0.394453
vt 0.344096 0.000000
vt 0.500000 0.000000
vt 0.000000 0.506159
vt 0.265109 0.395918
vt 0.374920 0.506159
vt 0.109812 0.395918
vt 0.374920 0.662062
vt 0.109812 0.772303
vt 0.265109 0.772303
vt 0.000000 0.662062
vt 0.013493 0.729724
vt 0.014200 0.729724
vt 0.015615 0.729724
vt 0.014200 0.486483
vt 0.015615 0.486483
vt 0.014200 0.243241
vt 0.015615 0.243241
vt 0.013493 0.243241
vt 0.022690 0.729724
vt 0.023398 0.729724
vt 0.021275 0.729724
vt 0.021275 0.486483
vt 0.022690 0.486483
vt 0.021275 0.243241
vt 0.022690 0.243241
vt 0.023398 0.243241
vt 0.014099 0.833970
vt 0.013493 0.833970
vt 0.014200 0.833970
vt 0.014099 0.833970
vt 0.023297 0.833970
vt 0.022690 0.833970
vt 0.023398 0.833970
vt 0.023297 0.833970
vt 0.012802 0.833970
vt 0.012785 0.833970
vt 0.012822 0.833970
vt 0.012802 0.833970
vt 0.012873 0.833970
vt 0.012822 0.833970
vt 0.013189 0.833970
vt 0.013100 0.833970
vt 0.022488 0.833970
vt 0.021680 0.833970
vt 0.021680 0.833970
vt 0.014402 0.833970
vt 0.013100 0.833970
vt 0.024088 0.833970
vt 0.024068 0.833970
vt 0.024068 0.833970
vt 0.024018 0.833970
vt 0.024105 0.833970
vt 0.024088 0.833970
vt 0.022488 0.833970
vt 0.023701 0.833970
vt 0.023791 0.833970
vt 0.023701 0.833970
vt 0.024018 0.833970
vt 0.164565 0.858622
vt 0.164565 0.859785
vt 0.164565 0.871407
vt 0.268811 0.627806
vt 0.268811 0.628605
vt 0.268811 0.630203
vt 0.512053 0.628605
vt 0.512053 0.630203
vt 0.755294 0.628605
vt 0.755294 0.630203
vt 0.755294 0.627806
vt 0.268811 0.638194
vt 0.268811 0.638993
vt 0.268811 0.636596
vt 0.512053 0.636596
vt 0.512053 0.638194
vt 0.755294 0.636596
vt 0.755294 0.638194
vt 0.755294 0.638993
vt 0.164565 0.628491
vt 0.164565 0.627806
vt 0.164565 0.628605
vt 0.164565 0.628491
vt 0.164565 0.638879
vt 0.164565 0.638194
vt 0.164565 0.638993
vt 0.164565 0.638879
vt 0.164565 0.627026
vt 0.164565 0.627007
vt 0.164565 0.627049
vt 0.164565 0.627026
vt 0.164565 0.627106
vt 0.164565 0.627049
vt 0.164565 0.627464
vt 0.164565 0.627362
vt 0.164565 0.629747
vt 0.164565 0.628834
vt 0.164565 0.637966
vt 0.164565 0.629747
vt 0.164565 0.628834
vt 0.164565 0.627362
vt 0.164565 0.639750
vt 0.164565 0.639693
vt 0.164565 0.639773
vt 0.164565 0.639792
vt 0.164565 0.639773
vt 0.164565 0.637966
vt 0.164565 0.639336
vt 0.164565 0.638993
vt 0.164565 0.639437
vt 0.164565 0.639336
vt 0.164565 0.639693
vt 0.013755 0.166794
vt 0.013493 0.166794
vt 0.014200 0.166794
vt 0.013755 0.166794
vt 0.022953 0.166794
vt 0.022690 0.166794
vt 0.023398 0.166794
vt 0.014726 0.166794
vt 0.014200 0.166794
vt 0.016828 0.166794
vt 0.022165 0.166794
vt 0.016828 0.166794
vt 0.013493 0.166794
vt 0.013270 0.166794
vt 0.022690 0.166794
vt 0.022165 0.166794
vt 0.023620 0.166794
vt 0.023398 0.166794
vt 0.012940 0.166794
vt 0.012938 0.166794
vt 0.012938 0.166794
vt 0.012785 0.166794
vt 0.013117 0.166794
vt 0.012940 0.166794
vt 0.013119 0.166794
vt 0.013117 0.166794
vt 0.013270 0.166794
vt 0.023950 0.166794
vt 0.023773 0.166794
vt 0.023773 0.166794
vt 0.023772 0.166794
vt 0.023772 0.166794
vt 0.023620 0.166794
vt 0.024105 0.166794
vt 0.023953 0.166794
vt 0.023953 0.166794
vt 0.023950 0.166794
vt 0.831741 0.869083
vt 0.831741 0.858855
vt 0.831741 0.858855
vt 0.831741 0.858622
vt 0.831741 0.871407
vt 0.831741 0.628103
vt 0.831741 0.627806
vt 0.831741 0.628605
vt 0.831741 0.628103
vt 0.831741 0.638491
vt 0.831741 0.638194
vt 0.831741 0.638993
vt 0.831741 0.638491
vt 0.831741 0.629199
vt 0.831741 0.628605
vt 0.831741 0.631573
vt 0.831741 0.629199
vt 0.831741 0.637600
vt 0.831741 0.627555
vt 0.831741 0.638194
vt 0.831741 0.637600
vt 0.831741 0.639244
vt 0.831741 0.627182
vt 0.831741 0.627179
vt 0.831741 0.627179
vt 0.831741 0.627007
vt 0.831741 0.627383
vt 0.831741 0.627384
vt 0.831741 0.627383
vt 0.831741 0.627555
vt 0.831741 0.639415
vt 0.831741 0.639244
vt 0.831741 0.639617
vt 0.831741 0.639417
vt 0.831741 0.639417
vt 0.831741 0.639415
vt 0.831741 0.639792
vt 0.831741 0.639620
vt 0.831741 0.639617
vt 0.831741 0.639620
vt 0.164565 0.743977
vt 0.164565 0.742815
vt 0.164565 0.755600
vt 0.164565 0.743977
vt 0.000708 0.729724
vt 0.001415 0.729724
vt 0.002830 0.729724
vt 0.001415 0.486483
vt 0.002830 0.486483
vt 0.001415 0.243241
vt 0.002830 0.243241
vt 0.000708 0.243241
vt 0.009905 0.729724
vt 0.010613 0.729724
vt 0.008490 0.729724
vt 0.008490 0.486483
vt 0.009905 0.486483
vt 0.008490 0.243241
vt 0.009905 0.243241
vt 0.010613 0.243241
vt 0.001314 0.833970
vt 0.000708 0.833970
vt 0.001415 0.833970
vt 0.001314 0.833970
vt 0.010512 0.833970
vt 0.009905 0.833970
vt 0.010613 0.833970
vt 0.010512 0.833970
vt 0.000037 0.833970
vt 0.000017 0.833970
vt 0.000017 0.833970
vt 0.000000 0.833970
vt 0.000088 0.833970
vt 0.000037 0.833970
vt 0.000404 0.833970
vt 0.000314 0.833970
vt 0.001617 0.833970
vt 0.000708 0.833970
vt 0.000404 0.833970
vt 0.000314 0.833970
vt 0.000088 0.833970
vt 0.008894 0.833970
vt 0.001617 0.833970
vt 0.009703 0.833970
vt 0.008894 0.833970
vt 0.011303 0.833970
vt 0.011283 0.833970
vt 0.011283 0.833970
vt 0.011233 0.833970
vt 0.011320 0.833970
vt 0.011303 0.833970
vt 0.009905 0.833970
vt 0.009703 0.833970
vt 0.010916 0.833970
vt 0.011006 0.833970
vt 0.010916 0.833970
vt 0.011233 0.833970
vt 0.011006 0.833970
vt 0.164565 0.280747
vt 0.164565 0.279584
vt 0.164565 0.292369
vt 0.164565 0.280747
vt 0.831741 0.753275
vt 0.831741 0.743047
vt 0.831741 0.743047
vt 0.831741 0.742815
vt 0.831741 0.755600
vt 0.831741 0.753275
vt 0.000970 0.166794
vt 0.000708 0.166794
vt 0.001415 0.166794
vt 0.000970 0.166794
vt 0.010168 0.166794
vt 0.009905 0.166794
vt 0.010613 0.166794
vt 0.010168 0.166794
vt 0.009380 0.166794
vt 0.004043 0.166794
vt 0.004043 0.166794
vt 0.001941 0.166794
vt 0.001941 0.166794
vt 0.001415 0.166794
vt 0.000485 0.166794
vt 0.009905 0.166794
vt 0.010835 0.166794
vt 0.010613 0.166794
vt 0.000334 0.166794
vt 0.000332 0.166794
vt 0.000155 0.166794
vt 0.000155 0.166794
vt 0.000153 0.166794
vt 0.000153 0.166794
vt 0.000000 0.166794
vt 0.000485 0.166794
vt 0.000334 0.166794
vt 0.011165 0.166794
vt 0.010988 0.166794
vt 0.010988 0.166794
vt 0.010987 0.166794
vt 0.010987 0.166794
vt 0.010835 0.166794
vt 0.011320 0.166794
vt 0.011168 0.166794
vt 0.011168 0.166794
vt 0.011165 0.166794
vt 0.831741 0.290045
vt 0.831741 0.279817
vt 0.831741 0.279817
vt 0.831741 0.279584
vt 0.831741 0.292369
vt 0.831741 0.290045
vt 0.081168 0.395392
vt 0.081168 0.408177
vt 0.025570 0.395392
vt 0.025570 0.408177
vt 0.831741 0.405852
vt 0.831741 0.395392
vt 0.831741 0.408177
vt 0.831741 0.405852
vt 0.081168 0.511199
vt 0.081168 0.523985
vt 0.025570 0.511199
vt 0.025570 0.523985
vt 0.831741 0.521660
vt 0.831741 0.511199
vt 0.831741 0.523985
vt 0.831741 0.521660
vt 0.688192 0.395918
vt 0.842631 0.000000
vt 0.688192 0.000000
vt 0.516144 0.394453
vt 0.516144 0.000000
vt 0.672048 0.000000
vt 0.844096 0.395918
vt 0.998535 0.000000
vt 0.844096 0.000000
vt 0.000000 0.394453
vt 0.155904 0.000000
vt 0.000000 0.000000
vt 0.532289 0.790371
vt 0.532289 0.395918
vt 0.686728 0.395918
vt 0.376385 0.790371
vt 0.530824 0.395918
vt 0.376385 0.395918
vt 0.172048 0.394453
vt 0.172048 0.000000
vt 0.327952 0.000000
vt 0.344096 0.394453
vt 0.344096 0.000000
vt 0.500000 0.000000
vt 0.000000 0.506159
vt 0.265109 0.395918
vt 0.374920 0.506159
vt 0.109812 0.395918
vt 0.374920 0.662062
vt 0.109812 0.772303
vt 0.265109 0.772303
vt 0.000000 0.662062
vt 0.013493 0.729724
vt 0.014200 0.729724
vt 0.015615 0.729724
vt 0.014200 0.486483
vt 0.015615 0.486483
vt 0.014200 0.243241
vt 0.015615 0.243241
vt 0.013493 0.243241
vt 0.022690 0.729724
vt 0.023398 0.729724
vt 0.021275 0.729724
vt 0.021275 0.486483
vt 0.022690 0.486483
vt 0.021275 0.243241
vt 0.022690 0.243241
vt 0.023398 0.243241
vt 0.014099 0.833970
vt 0.013493 0.833970
vt 0.014200 0.833970
vt 0.014099 0.833970
vt 0.023297 0.833970
vt 0.022690 0.833970
vt 0.023398 0.833970
vt 0.023297 0.833970
vt 0.012802 0.833970
vt 0.012785 0.833970
vt 0.012822 0.833970
vt 0.012802 0.833970
vt 0.012873 0.833970
vt 0.012822 0.833970
vt 0.013189 0.833970
vt 0.013100 0.833970
vt 0.022488 0.833970
vt 0.021680 0.833970
vt 0.021680 0.833970
vt 0.014402 0.833970
vt 0.013100 0.833970
vt 0.024088 0.833970
vt 0.024068 0.833970
vt 0.024068 0.833970
vt 0.024018 0.833970
vt 0.024105 0.833970
vt 0.024088 0.833970
vt 0.022488 0.833970
vt 0.023701 0.833970
vt 0.023791 0.833970
vt 0.023701 0.833970
vt 0.024018 0.833970
vt 0.164565 0.858622
vt 0.164565 0.859785
vt 0.164565 0.871407
vt 0.268811 0.627806
vt 0.268811 0.628605
vt 0.268811 0.630203
vt 0.512053 0.628605
vt 0.512053 0.630203
vt 0.755294 0.628605
vt 0.755294 0.630203
vt 0.755294 0.627806
vt 0.268811 0.638194
vt 0.268811 0.638993
vt 0.268811 0.636596
vt 0.512053 0.636596
vt 0.512053 0.638194
vt 0.755294 0.636596
vt 0.755294 0.638194
vt 0.755294 0.638993
vt 0.164565 0.628491
vt 0.164565 0.627806
vt 0.164565 0.628605
vt 0.164565 0.628491
vt 0.164565 0.638879
vt 0.164565 0.638194
vt 0.164565 0.638993
vt 0.164565 0.638879
vt 0.164565 0.627026
vt 0.164565 0.627007
vt 0.164565 0.627049
vt 0.164565 0.627026
vt 0.164565 0.627106
vt 0.164565 0.627049
vt 0.164565 0.627464
vt 0.164565 0.627362
vt 0.164565 0.629747
vt 0.164565 0.628834
vt 0.164565 0.637966
vt 0.164565 0.629747
vt 0.164565 0.628834
vt 0.164565 0.627362
vt 0.164565 0.639750
vt 0.164565 0.639693
vt 0.164565 0.639773
vt 0.164565 0.639792
vt 0.164565 0.639773
vt 0.164565 0.637966
vt 0.164565 0.639336
vt 0.164565 0.638993
vt 0.164565 0.639437
vt 0.164565 0.639336
vt 0.164565 0.639693
vt 0.013755 0.166794
vt 0.013493 0.166794
vt 0.014200 0.166794
vt 0.013755 0.166794
vt 0.022953 0.166794
vt 0.022690 0.166794
vt 0.023398 0.166794
vt 0.014726 0.166794
vt 0.014200 0.166794
vt 0.016828 0.166794
vt 0.022165 0.166794
vt 0.016828 0.166794
vt 0.013493 0.166794
vt 0.013270 0.166794
vt 0.022690 0.166794
vt 0.022165 0.166794
vt 0.023620 0.166794
vt 0.023398 0.166794
vt 0.012940 0.166794
vt 0.012938 0.166794
vt 0.012938 0.166794
vt 0.012785 0.166794
vt 0.013117 0.166794
vt 0.012940 0.166794
vt 0.013119 0.166794
vt 0.013117 0.166794
vt 0.013270 0.166794
vt 0.023950 0.166794
vt 0.023773 0.166794
vt 0.023773 0.166794
vt 0.023772 0.166794
vt 0.023772 0.166794
vt 0.023620 0.166794
vt 0.024105 0.166794
vt 0.023953 0.166794
vt 0.023953 0.166794
vt 0.023950 0.166794
vt 0.831741 0.869083
vt 0.831741 0.858855
vt 0.831741 0.858855
vt 0.831741 0.858622
vt 0.831741 0.871407
vt 0.831741 0.628103
vt 0.831741 0.627806
vt 0.831741 0.628605
vt 0.831741 0.628103
vt 0.831741 0.638491
vt 0.831741 0.638194
vt 0.831741 0.638993
vt 0.831741 0.638491
vt 0.831741 0.629199
vt 0.831741 0.628605
vt 0.831741 0.631573
vt 0.831741 0.629199
vt 0.831741 0.637600
vt 0.831741 0.627555
vt 0.831741 0.638194
vt 0.831741 0.637600
vt 0.831741 0.639244
vt 0.831741 0.627182
vt 0.831741 0.627179
vt 0.831741 0.627179
vt 0.831741 0.627007
vt 0.831741 0.627383
vt 0.831741 0.627384
vt 0.831741 0.627383
vt 0.831741 0.627555
vt 0.831741 0.639415
vt 0.831741 0.639244
vt 0.831741 0.639617
vt 0.831741 0.639417
vt 0.831741 0.639417
vt 0.831741 0.639415
vt 0.831741 0.639792
vt 0.831741 0.639620
vt 0.831741 0.639617
vt 0.831741 0.639620
vt 0.164565 0.743977
vt 0.164565 0.742815
vt 0.164565 0.755600
vt 0.164565 0.743977
vt 0.000708 0.729724
vt 0.001415 0.729724
vt 0.002830 0.729724
vt 0.001415 0.486483
vt 0.002830 0.486483
vt 0.001415 0.243241
vt 0.002830 0.243241
vt 0.000708 0.243241
vt 0.009905 0.729724
vt 0.010613 0.729724
vt 0.008490 0.729724
vt 0.008490 0.486483
vt 0.009905 0.486483
vt 0.008490 0.243241
vt 0.009905 0.243241
vt 0.010613 0.243241
vt 0.001314 0.833970
vt 0.000708 0.833970
vt 0.001415 0.833970
vt 0.001314 0.833970
vt 0.010512 0.833970
vt 0.009905 0.833970
vt 0.010613 0.833970
vt 0.010512 0.833970
vt 0.000037 0.833970
vt 0.000017 0.833970
vt 0.000017 0.833970
vt 0.000000 0.833970
vt 0.000088 0.833970
vt 0.000037 0.833970
vt 0.000404 0.833970
vt 0.000314 0.833970
vt 0.001617 0.833970
vt 0.000708 0.833970
vt 0.000404 0.833970
vt 0.000314 0.833970
vt 0.000088 0.833970
vt 0.008894 0.833970
vt 0.001617 0.833970
vt 0.009703 0.833970
vt 0.008894 0.833970
vt 0.011303 0.833970
vt 0.011283 0.833970
vt 0.011283 0.833970
vt 0.011233 0.833970
vt 0.011320 0.833970
vt 0.011303 0.833970
vt 0.009905 0.833970
vt 0.009703 0.833970
vt 0.010916 0.833970
vt 0.011006 0.833970
vt 0.010916 0.833970
vt 0.011233 0.833970
vt 0.011006 0.833970
vt 0.164565 0.280747
vt 0.164565 0.279584
vt 0.164565 0.292369
vt 0.164565 0.280747
vt 0.831741 0.753275
vt 0.831741 0.743047
vt 0.831741 0.743047
vt 0.831741 0.742815
vt 0.831741 0.755600
vt 0.831741 0.753275
vt 0.000970 0.166794
vt 0.000708 0.166794
vt 0.001415 0.166794
vt 0.000970 0.166794
vt 0.010168 0.166794
vt 0.009905 0.166794
vt 0.010613 0.166794
vt 0.010168 0.166794
vt 0.009380 0.166794
vt 0.004043 0.166794
vt 0.004043 0.166794
vt 0.001941 0.166794
vt 0.001941 0.166794
vt 0.001415 0.166794
vt 0.000485 0.166794
vt 0.009905 0.166794
vt 0.010835 0.166794
vt 0.010613 0.166794
vt 0.000334 0.166794
vt 0.000332 0.166794
vt 0.000155 0.166794
vt 0.000155 0.166794
vt 0.000153 0.166794
vt 0.000153 0.166794
vt 0.000000 0.166794
vt 0.000485 0.166794
vt 0.000334 0.166794
vt 0.011165 0.166794
vt 0.010988 0.166794
vt 0.010988 0.166794
vt 0.010987 0.166794
vt 0.010987 0.166794
vt 0.010835 0.166794
vt 0.011320 0.166794
vt 0.011168 0.166794
vt 0.011168 0.166794
vt 0.011165 0.166794
vt 0.831741 0.290045
vt 0.831741 0.279817
vt 0.831741 0.279817
vt 0.831741 0.279584
vt 0.831741 0.292369
vt 0.831741 0.290045
vt 0.081168 0.395392
vt 0.081168 0.408177
vt 0.025570 0.395392
vt 0.025570 0.408177
vt 0.831741 0.405852
vt 0.831741 0.395392
vt 0.831741 0.408177
vt 0.831741 0.405852
vt 0.081168 0.511199
vt 0.081168 0.523985
vt 0.025570 0.511199
vt 0.025570 0.523985
vt 0.831741 0.521660
vt 0.831741 0.511199
vt 0.831741 0.523985
vt 0.831741 0.521660
vt 0.688192 0.395918
vt 0.842631 0.000000
vt 0.688192 0.000000
vt 0.516144 0.394453
vt 0.516144 0.000000
vt 0.672048 0.000000
vt 0.844096 0.395918
vt 0.998535 0.000000
vt 0.844096 0.000000
vt 0.000000 0.394453
vt 0.155904 0.000000
vt 0.000000 0.000000
vt 0.532289 0.790371
vt 0.532289 0.395918
vt 0.686728 0.395918
vt 0.376385 0.790371
vt 0.530824 0.395918
vt 0.376385 0.395918
vt 0.172048 0.394453
vt 0.172048 0.000000
vt 0.327952 0.000000
vt 0.344096 0.394453
vt 0.344096 0.000000
vt 0.500000 0.000000
vt 0.000000 0.506159
vt 0.265109 0.395918
vt 0.374920 0.506159
vt 0.109812 0.395918
vt 0.374920 0.662062
vt 0.109812 0.772303
vt 0.265109 0.772303
vt 0.000000 0.662062
vt 0.013493 0.729724
vt 0.014200 0.729724
vt 0.015615 0.729724
vt 0.014200 0.486483
vt 0.015615 0.486483
vt 0.014200 0.243241
vt 0.015615 0.243241
vt 0.013493 0.243241
vt 0.022690 0.729724
vt 0.023398 0.729724
vt 0.021275 0.729724
vt 0.021275 0.486483
vt 0.022690 0.486483
vt 0.021275 0.243241
vt 0.022690 0.243241
vt 0.023398 0.243241
vt 0.014099 0.833970
vt 0.013493 0.833970
vt 0.014200 0.833970
vt 0.014099 0.833970
vt 0.023297 0.833970
vt 0.022690 0.833970
vt 0.023398 0.833970
vt 0.023297 0.833970
vt 0.012802 0.833970
vt 0.012785 0.833970
vt 0.012822 0.833970
vt 0.012802 0.833970
vt 0.012873 0.833970
vt 0.012822 0.833970
vt 0.013189 0.833970
vt 0.013100 0.833970
vt 0.022488 0.833970
vt 0.021680 0.833970
vt 0.021680 0.833970
vt 0.014402 0.833970
vt 0.013100 0.833970
vt 0.024088 0.833970
vt 0.024068 0.833970
vt 0.024068 0.833970
vt 0.024018 0.833970
vt 0.024105 0.833970
vt 0.024088 0.833970
vt 0.022488 0.833970
vt 0.023701 0.833970
vt 0.023791 0.833970
vt 0.023701 0.833970
vt 0.024018 0.833970
vt 0.164565 0.858622
vt 0.164565 0.859785
vt 0.164565 0.871407
vt 0.268811 0.627806
vt 0.268811 0.628605
vt 0.268811 0.630203
vt 0.512053 0.628605
vt 0.512053 0.630203
vt 0.755294 0.628605
vt 0.755294 0.630203
vt 0.755294 0.627806
vt 0.268811 0.638194
vt 0.268811 0.638993
vt 0.268811 0.636596
vt 0.512053 0.636596
vt 0.512053 0.638194
vt 0.755294 0.636596
vt 0.755294 0.638194
vt 0.755294 0.638993
vt 0.164565 0.628491
vt 0.164565 0.627806
vt 0.164565 0.628605
vt 0.164565 0.628491
vt 0.164565 0.638879
vt 0.164565 0.638194
vt 0.164565 0.638993
vt 0.164565 0.638879
vt 0.164565 0.627026
vt 0.164565 0.627007
vt 0.164565 0.627049
vt 0.164565 0.627026
vt 0.164565 0.627106
vt 0.164565 0.627049
vt 0.164565 0.627464
vt 0.164565 0.627362
vt 0.164565 0.629747
vt 0.164565 0.628834
vt 0.164565 0.637966
vt 0.164565 0.629747
vt 0.164565 0.628834
vt 0.164565 0.627362
vt 0.164565 0.639750
vt 0.164565 0.639693
vt 0.164565 0.639773
vt 0.164565 0.639792
vt 0.164565 0.639773
vt 0.164565 0.637966
vt 0.164565 0.639336
vt 0.164565 0.638993
vt 0.164565 0.639437
vt 0.164565 0.639336
vt 0.164565 0.639693
vt 0.013755 0.166794
vt 0.013493 0.166794
vt 0.014200 0.166794
vt 0.013755 0.166794
vt 0.022953 0.166794
vt 0.022690 0.166794
vt 0.023398 0.166794
vt 0.014726 0.166794
vt 0.014200 0.166794
vt 0.016828 0.166794
vt 0.022165 0.166794
vt 0.016828 0.166794
vt 0.013493 0.166794
vt 0.013270 0.166794
vt 0.022690 0.166794
vt 0.022165 0.166794
vt 0.023620 0.166794
vt 0.023398 0.166794
vt 0.012940 0.166794
vt 0.012938 0.166794
vt 0.012938 0.166794
vt 0.012785 0.166794
vt 0.013117 0.166794
vt 0.012940 0.166794
vt 0.013119 0.166794
vt 0.013117 0.166794
vt 0.013270 0.166794
vt 0.023950 0.166794
vt 0.023773 0.166794
vt 0.023773 0.166794
vt 0.023772 0.166794
vt 0.023772 0.166794
vt 0.023620 0.166794
vt 0.024105 0.166794
vt 0.023953 0.166794
vt 0.023953 0.166794
vt 0.023950 0.166794
vt 0.831741 0.869083
vt 0.831741 0.858855
vt 0.831741 0.858855
vt 0.831741 0.858622
vt 0.831741 0.871407
vt 0.831741 0.628103
vt 0.831741 0.627806
vt 0.831741 0.628605
vt 0.831741 0.628103
vt 0.831741 0.638491
vt 0.831741 0.638194
vt 0.831741 0.638993
vt 0.831741 0.638491
vt 0.831741 0.629199
vt 0.831741 0.628605
vt 0.831741 0.631573
vt 0.831741 0.629199
vt 0.831741 0.637600
vt 0.831741 0.627555
vt 0.831741 0.638194
vt 0.831741 0.637600
vt 0.831741 0.639244
vt 0.831741 0.627182
vt 0.831741 0.627179
vt 0.831741 0.627179
vt 0.831741 0.627007
vt 0.831741 0.627383
vt 0.831741 0.627384
vt 0.831741 0.627383
vt 0.831741 0.627555
vt 0.831741 0.639415
vt 0.831741 0.639244
vt 0.831741 0.639617
vt 0.831741 0.639417
vt 0.831741 0.639417
vt 0.831741 0.639415
vt 0.831741 0.639792
vt 0.831741 0.639620
vt 0.831741 0.639617
vt 0.831741 0.639620
vt 0.164565 0.743977
vt 0.164565 0.742815
vt 0.164565 0.755600
vt 0.164565 0.743977
vt 0.000708 0.729724
vt 0.001415 0.729724
vt 0.002830 0.729724
vt 0.001415 0.486483
vt 0.002830 0.486483
vt 0.001415 0.243241
vt 0.002830 0.243241
vt 0.000708 0.243241
vt 0.009905 0.729724
vt 0.010613 0.729724
vt 0.008490 0.729724
vt 0.008490 0.486483
vt 0.009905 0.486483
vt 0.008490 0.243241
vt 0.009905 0.243241
vt 0.010613 0.243241
vt 0.001314 0.833970
vt 0.000708 0.833970
vt 0.001415 0.833970
vt 0.001314 0.833970
vt 0.010512 0.833970
vt 0.009905 0.833970
vt 0.010613 0.833970
vt 0.010512 0.833970
vt 0.000037 0.833970
vt 0.000017 0.833970
vt 0.000017 0.833970
vt 0.000000 0.833970
vt 0.000088 0.833970
vt 0.000037 0.833970
vt 0.000404 0.833970
vt 0.000314 0.833970
vt 0.001617 0.833970
vt 0.000708 0.833970
vt 0.000404 0.833970
vt 0.000314 0.833970
vt 0.000088 0.833970
vt 0.008894 0.833970
vt 0.001617 0.833970
vt 0.009703 0.833970
vt 0.008894 0.833970
vt 0.011303 0.833970
vt 0.011283 0.833970
vt 0.011283 0.833970
vt 0.011233 0.833970
vt 0.011320 0.833970
vt 0.011303 0.833970
vt 0.009905 0.833970
vt 0.009703 0.833970
vt 0.010916 0.833970
vt 0.011006 0.833970
vt 0.010916 0.833970
vt 0.011233 0.833970
vt 0.011006 0.833970
vt 0.164565 0.280747
vt 0.164565 0.279584
vt 0.164565 0.292369
vt 0.164565 0.280747
vt 0.831741 0.753275
vt 0.831741 0.743047
vt 0.831741 0.743047
vt 0.831741 0.742815
vt 0.831741 0.755600
vt 0.831741 0.753275
vt 0.000970 0.166794
vt 0.000708 0.166794
vt 0.001415 0.166794
vt 0.000970 0.166794
vt 0.010168 0.166794
vt 0.009905 0.166794
vt 0.010613 0.166794
vt 0.010168 0.166794
vt 0.009380 0.166794
vt 0.004043 0.166794
vt 0.004043 0.166794
vt 0.001941 0.166794
vt 0.001941 0.166794
vt 0.001415 0.166794
vt 0.000485 0.166794
vt 0.009905 0.166794
vt 0.010835 0.166794
vt 0.010613 0.166794
vt 0.000334 0.166794
vt 0.000332 0.166794
vt 0.000155 0.166794
vt 0.000155 0.166794
vt 0.000153 0.166794
vt 0.000153 0.166794
vt 0.000000 0.166794
vt 0.000485 0.166794
vt 0.000334 0.166794
vt 0.011165 0.166794
vt 0.010988 0.166794
vt 0.010988 0.166794
vt 0.010987 0.166794
vt 0.010987 0.166794
vt 0.010835 0.166794
vt 0.011320 0.166794
vt 0.011168 0.166794
vt 0.011168 0.166794
vt 0.011165 0.166794
vt 0.831741 0.290045
vt 0.831741 0.279817
vt 0.831741 0.279817
vt 0.831741 0.279584
vt 0.831741 0.292369
vt 0.831741 0.290045
vt 0.081168 0.395392
vt 0.081168 0.408177
vt 0.025570 0.395392
vt 0.025570 0.408177
vt 0.831741 0.405852
vt 0.831741 0.395392
vt 0.831741 0.408177
vt 0.831741 0.405852
vt 0.081168 0.511199
vt 0.081168 0.523985
vt 0.025570 0.511199
vt 0.025570 0.523985
vt 0.831741 0.521660
vt 0.831741 0.511199
vt 0.831741 0.523985
vt 0.831741 0.521660
vt 0.688192 0.395918
vt 0.842631 0.000000
vt 0.688192 0.000000
vt 0.516144 0.394453
vt 0.516144 0.000000
vt 0.672048 0.000000
vt 0.844096 0.395918
vt 0.998535 0.000000
vt 0.844096 0.000000
vt 0.000000 0.394453
vt 0.155904 0.000000
vt 0.000000 0.000000
vt 0.532289 0.790371
vt 0.532289 0.395918
vt 0.686728 0.395918
vt 0.376385 0.790371
vt 0.530824 0.395918
vt 0.376385 0.395918
vt 0.172048 0.394453
vt 0.172048 0.000000
vt 0.327952 0.000000
vt 0.344096 0.394453
vt 0.344096 0.000000
vt 0.500000 0.000000
vt 0.000000 0.506159
vt 0.265109 0.395918
vt 0.374920 0.506159
vt 0.109812 0.395918
vt 0.374920 0.662062
vt 0.109812 0.772303
vt 0.265109 0.772303
vt 0.000000 0.662062
vt 0.013493 0.729724
vt 0.014200 0.729724
vt 0.015615 0.729724
vt 0.014200 0.486483
vt 0.015615 0.486483
vt 0.014200 0.243241
vt 0.015615 0.243241
vt 0.013493 0.243241
vt 0.022690 0.729724
vt 0.023398 0.729724
vt 0.021275 0.729724
vt 0.021275 0.486483
vt 0.022690 0.486483
vt 0.021275 0.243241
vt 0.022690 0.243241
vt 0.023398 0.243241
vt 0.014099 0.833970
vt 0.013493 0.833970
vt 0.014200 0.833970
vt 0.014099 0.833970
vt 0.023297 0.833970
vt 0.022690 0.833970
vt 0.023398 0.833970
vt 0.023297 0.833970
vt 0.012802 0.833970
vt 0.012785 0.833970
vt 0.012822 0.833970
vt 0.012802 0.833970
vt 0.012873 0.833970
vt 0.012822 0.833970
vt 0.013189 0.833970
vt 0.013100 0.833970
vt 0.022488 0.833970
vt 0.021680 0.833970
vt 0.021680 0.833970
vt 0.014402 0.833970
vt 0.013100 0.833970
vt 0.024088 0.833970
vt 0.024068 0.833970
vt 0.024068 0.833970
vt 0.024018 0.833970
vt 0.024105 0.833970
vt 0.024088 0.833970
vt 0.022488 0.833970
vt 0.023701 0.833970
vt 0.023791 0.833970
vt 0.023701 0.833970
vt 0.024018 0.833970
vt 0.164565 0.858622
vt 0.164565 0.859785
vt 0.164565 0.871407
vt 0.268811 0.627806
vt 0.268811 0.628605
vt 0.268811 0.630203
vt 0.512053 0.628605
vt 0.512053 0.630203
vt 0.755294 0.628605
vt 0.755294 0.630203
vt 0.755294 0.627806
vt 0.268811 0.638194
vt 0.268811 0.638993
vt 0.268811 0.636596
vt 0.512053 0.636596
vt 0.512053 0.638194
vt 0.755294 0.636596
vt 0.755294 0.638194
vt 0.755294 0.638993
vt 0.164565 0.628491
vt 0.164565 0.627806
vt 0.164565 0.628605
vt 0.164565 0.628491
vt 0.164565 0.638879
vt 0.164565 0.638194
vt 0.164565 0.638993
vt 0.164565 0.638879
vt 0.164565 0.627026
vt 0.164565 0.627007
vt 0.164565 0.627049
vt 0.164565 0.627026
vt 0.164565 0.627106
vt 0.164565 0.627049
vt 0.164565 0.627464
vt 0.164565 0.627362
vt 0.164565 0.629747
vt 0.164565 0.628834
vt 0.164565 0.637966
vt 0.164565 0.629747
vt 0.164565 0.628834
vt 0.164565 0.627362
vt 0.164565 0.639750
vt 0.164565 0.639693
vt 0.164565 0.639773
vt 0.164565 0.639792
vt 0.164565 0.639773
vt 0.164565 0.637966
vt 0.164565 0.639336
vt 0.164565 0.638993
vt 0.164565 0.639437
vt 0.164565 0.639336
vt 0.164565 0.639693
vt 0.013755 0.166794
vt 0.013493 0.166794
vt 0.014200 0.166794
vt 0.013755 0.166794
vt 0.022953 0.166794
vt 0.022690 0.166794
vt 0.023398 0.166794
vt 0.014726 0.166794
vt 0.014200 0.166794
vt 0.016828 0.166794
vt 0.022165 0.166794
vt 0.016828 0.166794
vt 0.013493 0.166794
vt 0.013270 0.166794
vt 0.022690 0.166794
vt 0.022165 0.166794
vt 0.023620 0.166794
vt 0.023398 0.166794
vt 0.012940 0.166794
vt 0.012938 0.166794
vt 0.012938 0.166794
vt 0.012785 0.166794
vt 0.013117 0.166794
vt 0.012940 0.166794
vt 0.013119 0.166794
vt 0.013117 0.166794
vt 0.013270 0.166794
vt 0.023950 0.166794
vt 0.023773 0.166794
vt 0.023773 0.166794
vt 0.023772 0.166794
vt 0.023772 0.166794
vt 0.023620 0.166794
vt 0.024105 0.166794
vt 0.023953 0.166794
vt 0.023953 0.166794
vt 0.023950 0.166794
vt 0.831741 0.869083
vt 0.831741 0.858855
vt 0.831741 0.858855
vt 0.831741 0.858622
vt 0.831741 0.871407
vt 0.831741 0.628103
vt 0.831741 0.627806
vt 0.831741 0.628605
vt 0.831741 0.628103
vt 0.831741 0.638491
vt 0.831741 0.638194
vt 0.831741 0.638993
vt 0.831741 0.638491
vt 0.831741 0.629199
vt 0.831741 0.628605
vt 0.831741 0.631573
vt 0.831741 0.629199
vt 0.831741 0.637600
vt 0.831741 0.627555
vt 0.831741 0.638194
vt 0.831741 0.637600
vt 0.831741 0.639244
vt 0.831741 0.627182
vt 0.831741 0.627179
vt 0.831741 0.627179
vt 0.831741 0.627007
vt 0.831741 0.627383
vt 0.831741 0.627384
vt 0.831741 0.627383
vt 0.831741 0.627555
vt 0.831741 0.639415
vt 0.831741 0.639244
vt 0.831741 0.639617
vt 0.831741 0.639417
vt 0.831741 0.639417
vt 0.831741 0.639415
vt 0.831741 0.639792
vt 0.831741 0.639620
vt 0.831741 0.639617
vt 0.831741 0.639620
vt 0.164565 0.743977
vt 0.164565 0.742815
vt 0.164565 0.755600
vt 0.164565 0.743977
vt 0.000708 0.729724
vt 0.001415 0.729724
vt 0.002830 0.729724
vt 0.001415 0.486483
vt 0.002830 0.486483
vt 0.001415 0.243241
vt 0.002830 0.243241
vt 0.000708 0.243241
vt 0.009905 0.729724
vt 0.010613 0.729724
vt 0.008490 0.729724
vt 0.008490 0.486483
vt 0.009905 0.486483
vt 0.008490 0.243241
vt 0.009905 0.243241
vt 0.010613 0.243241
vt 0.001314 0.833970
vt 0.000708 0.833970
vt 0.001415 0.833970
vt 0.001314 0.833970
vt 0.010512 0.833970
vt 0.009905 0.833970
vt 0.010613 0.833970
vt 0.010512 0.833970
vt 0.000037 0.833970
vt 0.000017 0.833970
vt 0.000017 0.833970
vt 0.000000 0.833970
vt 0.000088 0.833970
vt 0.000037 0.833970
vt 0.000404 0.833970
vt 0.000314 0.833970
vt 0.001617 0.833970
vt 0.000708 0.833970
vt 0.000404 0.833970
vt 0.000314 0.833970
vt 0.000088 0.833970
vt 0.008894 0.833970
vt 0.001617 0.833970
vt 0.009703 0.833970
vt 0.008894 0.833970
vt 0.011303 0.833970
vt 0.011283 0.833970
vt 0.011283 0.833970
vt 0.011233 0.833970
vt 0.011320 0.833970
vt 0.011303 0.833970
vt 0.009905 0.833970
vt 0.009703 0.833970
vt 0.010916 0.833970
vt 0.011006 0.833970
vt 0.010916 0.833970
vt 0.011233 0.833970
vt 0.011006 0.833970
vt 0.164565 0.280747
vt 0.164565 0.279584
vt 0.164565 0.292369
vt 0.164565 0.280747
vt 0.831741 0.753275
vt 0.831741 0.743047
vt 0.831741 0.743047
vt 0.831741 0.742815
vt 0.831741 0.755600
vt 0.831741 0.753275
vt 0.000970 0.166794
vt 0.000708 0.166794
vt 0.001415 0.166794
vt 0.000970 0.166794
vt 0.010168 0.166794
vt 0.009905 0.166794
vt 0.010613 0.166794
vt 0.010168 0.166794
vt 0.009380 0.166794
vt 0.004043 0.166794
vt 0.004043 0.166794
vt 0.001941 0.166794
vt 0.001941 0.166794
vt 0.001415 0.166794
vt 0.000485 0.166794
vt 0.009905 0.166794
vt 0.010835 0.166794
vt 0.010613 0.166794
vt 0.000334 0.166794
vt 0.000332 0.166794
vt 0.000155 0.166794
vt 0.000155 0.166794
vt 0.000153 0.166794
vt 0.000153 0.166794
vt 0.000000 0.166794
vt 0.000485 0.166794
vt 0.000334 0.166794
vt 0.011165 0.166794
vt 0.010988 0.166794
vt 0.010988 0.166794
vt 0.010987 0.166794
vt 0.010987 0.166794
vt 0.010835 0.166794
vt 0.011320 0.166794
vt 0.011168 0.166794
vt 0.011168 0.166794
vt 0.011165 0.166794
vt 0.831741 0.290045
vt 0.831741 0.279817
vt 0.831741 0.279817
vt 0.831741 0.279584
vt 0.831741 0.292369
vt 0.831741 0.290045
vt 0.081168 0.395392
vt 0.081168 0.408177
vt 0.025570 0.395392
vt 0.025570 0.408177
vt 0.831741 0.405852
vt 0.831741 0.395392
vt 0.831741 0.408177
vt 0.831741 0.405852
vt 0.081168 0.511199
vt 0.081168 0.523985
vt 0.025570 0.511199
vt 0.025570 0.523985
vt 0.831741 0.521660
vt 0.831741 0.511199
vt 0.831741 0.523985
vt 0.831741 0.521660
vt 0.688192 0.395918
vt 0.842631 0.000000
vt 0.688192 0.000000
vt 0.516144 0.394453
vt 0.516144 0.000000
vt 0.672048 0.000000
vt 0.844096 0.395918
vt 0.998535 0.000000
vt 0.844096 0.000000
vt 0.000000 0.394453
vt 0.155904 0.000000
vt 0.000000 0.000000
vt 0.532289 0.790371
vt 0.532289 0.395918
vt 0.686728 0.395918
vt 0.376385 0.790371
vt 0.530824 0.395918
vt 0.376385 0.395918
vt 0.172048 0.394453
vt 0.172048 0.000000
vt 0.327952 0.000000
vt 0.344096 0.394453
vt 0.344096 0.000000
vt 0.500000 0.000000
vt 0.000000 0.506159
vt 0.265109 0.395918
vt 0.374920 0.506159
vt 0.109812 0.395918
vt 0.374920 0.662062
vt 0.109812 0.772303
vt 0.265109 0.772303
vt 0.000000 0.662062
vt 0.013493 0.729724
vt 0.014200 0.729724
vt 0.015615 0.729724
vt 0.014200 0.486483
vt 0.015615 0.486483
vt 0.014200 0.243241
vt 0.015615 0.243241
vt 0.013493 0.243241
vt 0.022690 0.729724
vt 0.023398 0.729724
vt 0.021275 0.729724
vt 0.021275 0.486483
vt 0.022690 0.486483
vt 0.021275 0.243241
vt 0.022690 0.243241
vt 0.023398 0.243241
vt 0.014099 0.833970
vt 0.013493 0.833970
vt 0.014200 0.833970
vt 0.014099 0.833970
vt 0.023297 0.833970
vt 0.022690 0.833970
vt 0.023398 0.833970
vt 0.023297 0.833970
vt 0.012802 0.833970
vt 0.012785 0.833970
vt 0.012822 0.833970
vt 0.012802 0.833970
vt 0.012873 0.833970
vt 0.012822 0.833970
vt 0.013189 0.833970
vt 0.013100 0.833970
vt 0.022488 0.833970
vt 0.021680 0.833970
vt 0.021680 0.833970
vt 0.014402 0.833970
vt 0.013100 0.833970
vt 0.024088 0.833970
vt 0.024068 0.833970
vt 0.024068 0.833970
vt 0.024018 0.833970
vt 0.024105 0.833970
vt 0.024088 0.833970
vt 0.022488 0.833970
vt 0.023701 0.833970
vt 0.023791 0.833970
vt 0.023701 0.833970
vt 0.024018 0.833970
vt 0.164565 0.858622
vt 0.164565 0.859785
vt 0.164565 0.871407
vt 0.268811 0.627806
vt 0.268811 0.628605
vt 0.268811 0.630203
vt 0.512053 0.628605
vt 0.512053 0.630203
vt 0.755294 0.628605
vt 0.755294 0.630203
vt 0.755294 0.627806
vt 0.268811 0.638194
vt 0.268811 0.638993
vt 0.268811 0.636596
vt 0.512053 0.636596
vt 0.512053 0.638194
vt 0.755294 0.636596
vt 0.755294 0.638194
vt 0.755294 0.638993
vt 0.164565 0.628491
vt 0.164565 0.627806
vt 0.164565 0.628605
vt 0.164565 0.628491
vt 0.164565 0.638879
vt 0.164565 0.638194
vt 0.164565 0.638993
vt 0.164565 0.638879
vt 0.164565 0.627026
vt 0.164565 0.627007
vt 0.164565 0.627049
vt 0.164565 0.627026
vt 0.164565 0.627106
vt 0.164565 0.627049
vt 0.164565 0.627464
vt 0.164565 0.627362
vt 0.164565 0.629747
vt 0.164565 0.628834
vt 0.164565 0.637966
vt 0.164565 0.629747
vt 0.164565 0.628834
vt 0.164565 0.627362
vt 0.164565 0.639750
vt 0.164565 0.639693
vt 0.164565 0.639773
vt 0.164565 0.639792
vt 0.164565 0.639773
vt 0.164565 0.637966
vt 0.164565 0.639336
vt 0.164565 0.638993
vt 0.164565 0.639437
vt 0.164565 0.639336
vt 0.164565 0.639693
vt 0.013755 0.166794
vt 0.013493 0.166794
vt 0.014200 0.166794
vt 0.013755 0.166794
vt 0.022953 0.166794
vt 0.022690 0.166794
vt 0.023398 0.166794
vt 0.014726 0.166794
vt 0.014200 0.166794
vt 0.016828 0.166794
vt 0.022165 0.166794
vt 0.016828 0.166794
vt 0.013493 0.166794
vt 0.013270 0.166794
vt 0.022690 0.166794
vt 0.022165 0.166794
vt 0.023620 0.166794
vt 0.023398 0.166794
vt 0.012940 0.166794
vt 0.012938 0.166794
vt 0.012938 0.166794
vt 0.012785 0.166794
vt 0.013117 0.166794
vt 0.012940 0.166794
vt 0.013119 0.166794
vt 0.013117 0.166794
vt 0.013270 0.166794
vt 0.023950 0.166794
vt 0.023773 0.166794
vt 0.023773 0.166794
vt 0.023772 0.166794
vt 0.023772 0.166794
vt 0.023620 0.166794
vt 0.024105 0.166794
vt 0.023953 0.166794
vt 0.023953 0.166794
vt 0.023950 0.166794
vt 0.831741 0.869083
vt 0.831741 0.858855
vt 0.831741 0.858855
vt 0.831741 0.858622
vt 0.831741 0.871407
vt 0.831741 0.628103
vt 0.831741 0.627806
vt 0.831741 0.628605
vt 0.831741 0.628103
vt 0.831741 0.638491
vt 0.831741 0.638194
vt 0.831741 0.638993
vt 0.831741 0.638491
vt 0.831741 0.629199
vt 0.831741 0.628605
vt 0.831741 0.631573
vt 0.831741 0.629199
vt 0.831741 0.637600
vt 0.831741 0.627555
vt 0.831741 0.638194
vt 0.831741 0.637600
vt 0.831741 0.639244
vt 0.831741 0.627182
vt 0.831741 0.627179
vt 0.831741 0.627179
vt 0.831741 0.627007
vt 0.831741 0.627383
vt 0.831741 0.627384
vt 0.831741 0.627383
vt 0.831741 0.627555
vt 0.831741 0.639415
vt 0.831741 0.639244
vt 0.831741 0.639617
vt 0.831741 0.639417
vt 0.831741 0.639417
vt 0.831741 0.639415
vt 0.831741 0.639792
vt 0.831741 0.639620
vt 0.831741 0.639617
vt 0.831741 0.639620
vt 0.164565 0.743977
vt 0.164565 0.742815
vt 0.164565 0.755600
vt 0.164565 0.743977
vt 0.000708 0.729724
vt 0.001415 0.729724
vt 0.002830 0.729724
vt 0.001415 0.486483
vt 0.002830 0.486483
vt 0.001415 0.243241
vt 0.002830 0.243241
vt 0.000708 0.243241
vt 0.009905 0.729724
vt 0.010613 0.729724
vt 0.008490 0.729724
vt 0.008490 0.486483
vt 0.009905 0.486483
vt 0.008490 0.243241
vt 0.009905 0.243241
vt 0.010613 0.243241
vt 0.001314 0.833970
vt 0.000708 0.833970
vt 0.001415 0.833970
vt 0.001314 0.833970
vt 0.010512 0.833970
vt 0.009905 0.833970
vt 0.010613 0.833970
vt 0.010512 0.833970
vt 0.000037 0.833970
vt 0.000017 0.833970
vt 0.000017 0.833970
vt 0.000000 0.833970
vt 0.000088 0.833970
vt 0.000037 0.833970
vt 0.000404 0.833970
vt 0.000314 0.833970
vt 0.001617 0.833970
vt 0.000708 0.833970
vt 0.000404 0.833970
vt 0.000314 0.833970
vt 0.000088 0.833970
vt 0.008894 0.833970
vt 0.001617 0.833970
vt 0.009703 0.833970
vt 0.008894 0.833970
vt 0.011303 0.833970
vt 0.011283 0.833970
vt 0.011283 0.833970
vt 0.011233 0.833970
vt 0.011320 0.833970
vt 0.011303 0.833970
vt 0.009905 0.833970
vt 0.009703 0.833970
vt 0.010916 0.833970
vt 0.011006 0.833970
vt 0.010916 0.833970
vt 0.011233 0.833970
vt 0.011006 0.833970
vt 0.164565 0.280747
vt 0.164565 0.279584
vt 0.164565 0.292369
vt 0.164565 0.280747
vt 0.831741 0.753275
vt 0.831741 0.743047
vt 0.831741 0.743047
vt 0.831741 0.742815
vt 0.831741 0.755600
vt 0.831741 0.753275
vt 0.000970 0.166794
vt 0.000708 0.166794
vt 0.001415 0.166794
vt 0.000970 0.166794
vt 0.010168 0.166794
vt 0.009905 0.166794
vt 0.010613 0.166794
vt 0.010168 0.166794
vt 0.009380 0.166794
vt 0.004043 0.166794
vt 0.004043 0.166794
vt 0.001941 0.166794
vt 0.001941 0.166794
vt 0.001415 0.166794
vt 0.000485 0.166794
vt 0.009905 0.166794
vt 0.010835 0.166794
vt 0.010613 0.166794
vt 0.000334 0.166794
vt 0.000332 0.166794
vt 0.000155 0.166794
vt 0.000155 0.166794
vt 0.000153 0.166794
vt 0.000153 0.166794
vt 0.000000 0.166794
vt 0.000485 0.166794
vt 0.000334 0.166794
vt 0.011165 0.166794
vt 0.010988 0.166794
vt 0.010988 0.166794
vt 0.010987 0.166794
vt 0.010987 0.166794
vt 0.010835 0.166794
vt 0.011320 0.166794
vt 0.011168 0.166794
vt 0.011168 0.166794
vt 0.011165 0.166794
vt 0.831741 0.290045
vt 0.831741 0.279817
vt 0.831741 0.279817
vt 0.831741 0.279584
vt 0.831741 0.292369
vt 0.831741 0.290045
vt 0.081168 0.395392
vt 0.081168 0.408177
vt 0.025570 0.395392
vt 0.025570 0.408177
vt 0.831741 0.405852
vt 0.831741 0.395392
vt 0.831741 0.408177
vt 0.831741 0.405852
vt 0.081168 0.511199
vt 0.081168 0.523985
vt 0.025570 0.511199
vt 0.025570 0.523985
vt 0.831741 0.521660
vt 0.831741 0.511199
vt 0.831741 0.523985
vt 0.831741 0.521660
vt 0.688192 0.395918
vt 0.842631 0.000000
vt 0.688192 0.000000
vt 0.516144 0.394453
vt 0.516144 0.000000
vt 0.672048 0.000000
vt 0.844096 0.395918
vt 0.998535 0.000000
vt 0.844096 0.000000
vt 0.000000 0.394453
vt 0.155904 0.000000
vt 0.000000 0.000000
vt 0.532289 0.790371
vt 0.532289 0.395918
vt 0.686728 0.395918
vt 0.376385 0.790371
vt 0.530824 0.395918
vt 0.376385 0.395918
vt 0.172048 0.394453
vt 0.172048 0.000000
vt 0.327952 0.000000
vt 0.344096 0.394453
vt 0.344096 0.000000
vt 0.500000 0.000000
vt 0.000000 0.506159
vt 0.265109 0.395918
vt 0.374920 0.506159
vt 0.109812 0.395918
vt 0.374920 0.662062
vt 0.109812 0.772303
vt 0.265109 0.772303
vt 0.000000 0.662062
vt 0.013493 0.729724
vt 0.014200 0.729724
vt 0.015615 0.729724
vt 0.014200 0.486483
vt 0.015615 0.486483
vt 0.014200 0.243241
vt 0.015615 0.243241
vt 0.013493 0.243241
vt 0.022690 0.729724
vt 0.023398 0.729724
vt 0.021275 0.729724
vt 0.021275 0.486483
vt 0.022690 0.486483
vt 0.021275 0.243241
vt 0.022690 0.243241
vt 0.023398 0.243241
vt 0.014099 0.833970
vt 0.013493 0.833970
vt 0.014200 0.833970
vt 0.014099 0.833970
vt 0.023297 0.833970
vt 0.022690 0.833970
vt 0.023398 0.833970
vt 0.023297 0.833970
vt 0.012802 0.833970
vt 0.012785 0.833970
vt 0.012822 0.833970
vt 0.012802 0.833970
vt 0.012873 0.833970
vt 0.012822 0.833970
vt 0.013189 0.833970
vt 0.013100 0.833970
vt 0.022488 0.833970
vt 0.021680 0.833970
vt 0.021680 0.833970
vt 0.014402 0.833970
vt 0.013100 0.833970
vt 0.024088 0.833970
vt 0.024068 0.833970
vt 0.024068 0.833970
vt 0.024018 0.833970
vt 0.024105 0.833970
vt 0.024088 0.833970
vt 0.022488 0.833970
vt 0.023701 0.833970
vt 0.023791 0.833970
vt 0.023701 0.833970
vt 0.024018 0.833970
vt 0.164565 0.858622
vt 0.164565 0.859785
vt 0.164565 0.871407
vt 0.268811 0.627806
vt 0.268811 0.628605
vt 0.268811 0.630203
vt 0.512053 0.628605
vt 0.512053 0.630203
vt 0.755294 0.628605
vt 0.755294 0.630203
vt 0.755294 0.627806
vt 0.268811 0.638194
vt 0.268811 0.638993
vt 0.268811 0.636596
vt 0.512053 0.636596
vt 0.512053 0.638194
vt 0.755294 0.636596
vt 0.755294 0.638194
vt 0.755294 0.638993
vt 0.164565 0.628491
vt 0.164565 0.627806
vt 0.164565 0.628605
vt 0.164565 0.628491
vt 0.164565 0.638879
vt 0.164565 0.638194
vt 0.164565 0.638993
vt 0.164565 0.638879
vt 0.164565 0.627026
vt 0.164565 0.627007
vt 0.164565 0.627049
vt 0.164565 0.627026
vt 0.164565 0.627106
vt 0.164565 0.627049
vt 0.164565 0.627464
vt 0.164565 0.627362
vt 0.164565 0.629747
vt 0.164565 0.628834
vt 0.164565 0.637966
vt 0.164565 0.629747
vt 0.164565 0.628834
vt 0.164565 0.627362
vt 0.164565 0.639750
vt 0.164565 0.639693
vt 0.164565 0.639773
vt 0.164565 0.639792
vt 0.164565 0.639773
vt 0.164565 0.637966
vt 0.164565 0.639336
vt 0.164565 0.638993
vt 0.164565 0.639437
vt 0.164565 0.639336
vt 0.164565 0.639693
vt 0.013755 0.166794
vt 0.013493 0.166794
vt 0.014200 0.166794
vt 0.013755 0.166794
vt 0.022953 0.166794
vt 0.022690 0.166794
vt 0.023398 0.166794
vt 0.014726 0.166794
vt 0.014200 0.166794
vt 0.016828 0.166794
vt 0.022165 0.166794
vt 0.016828 0.166794
vt 0.013493 0.166794
vt 0.013270 0.166794
vt 0.022690 0.166794
vt 0.022165 0.166794
vt 0.023620 0.166794
vt 0.023398 0.166794
vt 0.012940 0.166794
vt 0.012938 0.166794
vt 0.012938 0.166794
vt 0.012785 0.166794
vt 0.013117 0.166794
vt 0.012940 0.166794
vt 0.013119 0.166794
vt 0.013117 0.166794
vt 0.013270 0.166794
vt 0.023950 0.166794
vt 0.023773 0.166794
vt 0.023773 0.166794
vt 0.023772 0.166794
vt 0.023772 0.166794
vt 0.023620 0.166794
vt 0.024105 0.166794
vt 0.023953 0.166794
vt 0.023953 0.166794
vt 0.023950 0.166794
vt 0.831741 0.869083
vt 0.831741 0.858855
vt 0.831741 0.858855
vt 0.831741 0.858622
vt 0.831741 0.871407
vt 0.831741 0.628103
vt 0.831741 0.627806
vt 0.831741 0.628605
vt 0.831741 0.628103
vt 0.831741 0.638491
vt 0.831741 0.638194
vt 0.831741 0.638993
vt 0.831741 0.638491
vt 0.831741 0.629199
vt 0.831741 0.628605
vt 0.831741 0.631573
vt 0.831741 0.629199
vt 0.831741 0.637600
vt 0.831741 0.627555
vt 0.831741 0.638194
vt 0.831741 0.637600
vt 0.831741 0.639244
vt 0.831741 0.627182
vt 0.831741 0.627179
vt 0.831741 0.627179
vt 0.831741 0.627007
vt 0.831741 0.627383
vt 0.831741 0.627384
vt 0.831741 0.627383
vt 0.831741 0.627555
vt 0.831741 0.639415
vt 0.831741 0.639244
vt 0.831741 0.639617
vt 0.831741 0.639417
vt 0.831741 0.639417
vt 0.831741 0.639415
vt 0.831741 0.639792
vt 0.831741 0.639620
vt 0.831741 0.639617
vt 0.831741 0.639620
vt 0.164565 0.743977
vt 0.164565 0.742815
vt 0.164565 0.755600
vt 0.164565 0.743977
vt 0.000708 0.729724
vt 0.001415 0.729724
vt 0.002830 0.729724
vt 0.001415 0.486483
vt 0.002830 0.486483
vt 0.001415 0.243241
vt 0.002830 0.243241
vt 0.000708 0.243241
vt 0.009905 0.729724
vt 0.010613 0.729724
vt 0.008490 0.729724
vt 0.008490 0.486483
vt 0.009905 0.486483
vt 0.008490 0.243241
vt 0.009905 0.243241
vt 0.010613 0.243241
vt 0.001314 0.833970
vt 0.000708 0.833970
vt 0.001415 0.833970
vt 0.001314 0.833970
vt 0.010512 0.833970
vt 0.009905 0.833970
vt 0.010613 0.833970
vt 0.010512 0.833970
vt 0.000037 0.833970
vt 0.000017 0.833970
vt 0.000017 0.833970
vt 0.000000 0.833970
vt 0.000088 0.833970
vt 0.000037 0.833970
vt 0.000404 0.833970
vt 0.000314 0.833970
vt 0.001617 0.833970
vt 0.000708 0.833970
vt 0.000404 0.833970
vt 0.000314 0.833970
vt 0.000088 0.833970
vt 0.008894 0.833970
vt 0.001617 0.833970
vt 0.009703 0.833970
vt 0.008894 0.833970
vt 0.011303 0.833970
vt 0.011283 0.833970
vt 0.011283 0.833970
vt 0.011233 0.833970
vt 0.011320 0.833970
vt 0.011303 0.833970
vt 0.009905 0.833970
vt 0.009703 0.833970
vt 0.010916 0.833970
vt 0.011006 0.833970
vt 0.010916 0.833970
vt 0.011233 0.833970
vt 0.011006 0.833970
vt 0.164565 0.280747
vt 0.164565 0.279584
vt 0.164565 0.292369
vt 0.164565 0.280747
vt 0.831741 0.753275
vt 0.831741 0.743047
vt 0.831741 0.743047
vt 0.831741 0.742815
vt 0.831741 0.755600
vt 0.831741 0.753275
vt 0.000970 0.166794
vt 0.000708 0.166794
vt 0.001415 0.166794
vt 0.000970 0.166794
vt 0.010168 0.166794
vt 0.009905 0.166794
vt 0.010613 0.166794
vt 0.010168 0.166794
vt 0.009380 0.166794
vt 0.004043 0.166794
vt 0.004043 0.166794
vt 0.001941 0.166794
vt 0.001941 0.166794
vt 0.001415 0.166794
vt 0.000485 0.166794
vt 0.009905 0.166794
vt 0.010835 0.166794
vt 0.010613 0.166794
vt 0.000334 0.166794
vt 0.000332 0.166794
vt 0.000155 0.166794
vt 0.000155 0.166794
vt 0.000153 0.166794
vt 0.000153 0.166794
vt 0.000000 0.166794
vt 0.000485 0.166794
vt 0.000334 0.166794
vt 0.011165 0.166794
vt 0.010988 0.166794
vt 0.010988 0.166794
vt 0.010987 0.166794
vt 0.010987 0.166794
vt 0.010835 0.166794
vt 0.011320 0.166794
vt 0.011168 0.166794
vt 0.011168 0.166794
vt 0.011165 0.166794
vt 0.831741 0.290045
vt 0.831741 0.279817
vt 0.831741 0.279817
vt 0.831741 0.279584
vt 0.831741 0.292369
vt 0.831741 0.290045
vt 0.081168 0.395392
vt 0.081168 0.408177
vt 0.025570 0.395392
vt 0.025570 0.408177
vt 0.831741 0.405852
vt 0.831741 0.395392
vt 0.831741 0.408177
vt 0.831741 0.405852
vt 0.081168 0.511199
vt 0.081168 0.523985
vt 0.025570 0.511199
vt 0.025570 0.523985
vt 0.831741 0.521660
vt 0.831741 0.511199
vt 0.831741 0.523985
vt 0.831741 0.521660
vt 0.688192 0.395918
vt 0.842631 0.000000
vt 0.688192 0.000000
vt 0.516144 0.394453
vt 0.516144 0.000000
vt 0.672048 0.000000
vt 0.844096 0.395918
vt 0.998535 0.000000
vt 0.844096 0.000000
vt 0.000000 0.394453
vt 0.155904 0.000000
vt 0.000000 0.000000
vt 0.532289 0.790371
vt 0.532289 0.395918
vt 0.686728 0.395918
vt 0.376385 0.790371
vt 0.530824 0.395918
vt 0.376385 0.395918
vt 0.172048 0.394453
vt 0.172048 0.000000
vt 0.327952 0.000000
vt 0.344096 0.394453
vt 0.344096 0.000000
vt 0.500000 0.000000
vt 0.000000 0.506159
vt 0.265109 0.395918
vt 0.374920 0.506159
vt 0.109812 0.395918
vt 0.374920 0.662062
vt 0.109812 0.772303
vt 0.265109 0.772303
vt 0.000000 0.662062
vt 0.013493 0.729724
vt 0.014200 0.729724
vt 0.015615 0.729724
vt 0.014200 0.486483
vt 0.015615 0.486483
vt 0.014200 0.243241
vt 0.015615 0.243241
vt 0.013493 0.243241
vt 0.022690 0.729724
vt 0.023398 0.729724
vt 0.021275 0.729724
vt 0.021275 0.486483
vt 0.022690 0.486483
vt 0.021275 0.243241
vt 0.022690 0.243241
vt 0.023398 0.243241
vt 0.014099 0.833970
vt 0.013493 0.833970
vt 0.014200 0.833970
vt 0.014099 0.833970
vt 0.023297 0.833970
vt 0.022690 0.833970
vt 0.023398 0.833970
vt 0.023297 0.833970
vt 0.012802 0.833970
vt 0.012785 0.833970
vt 0.012822 0.833970
vt 0.012802 0.833970
vt 0.012873 0.833970
vt 0.012822 0.833970
vt 0.013189 0.833970
vt 0.013100 0.833970
vt 0.022488 0.833970
vt 0.021680 0.833970
vt 0.021680 0.833970
vt 0.014402 0.833970
vt 0.013100 0.833970
vt 0.024088 0.833970
vt 0.024068 0.833970
vt 0.024068 0.833970
vt 0.024018 0.833970
vt 0.024105 0.833970
vt 0.024088 0.833970
vt 0.022488 0.833970
vt 0.023701 0.833970
vt 0.023791 0.833970
vt 0.023701 0.833970
vt 0.024018 0.833970
vt 0.164565 0.858622
vt 0.164565 0.859785
vt 0.164565 0.871407
vt 0.268811 0.627806
vt 0.268811 0.628605
vt 0.268811 0.630203
vt 0.512053 0.628605
vt 0.512053 0.630203
vt 0.755294 0.628605
vt 0.755294 0.630203
vt 0.755294 0.627806
vt 0.268811 0.638194
vt 0.268811 0.638993
vt 0.268811 0.636596
vt 0.512053 0.636596
vt 0.512053 0.638194
vt 0.755294 0.636596
vt 0.755294 0.638194
vt 0.755294 0.638993
vt 0.164565 0.628491
vt 0.164565 0.627806
vt 0.164565 0.628605
vt 0.164565 0.628491
vt 0.164565 0.638879
vt 0.164565 0.638194
vt 0.164565 0.638993
vt 0.164565 0.638879
vt 0.164565 0.627026
vt 0.164565 0.627007
vt 0.164565 0.627049
vt 0.164565 0.627026
vt 0.164565 0.627106
vt 0.164565 0.627049
vt 0.164565 0.627464
vt 0.164565 0.627362
vt 0.164565 0.629747
vt 0.164565 0.628834
vt 0.164565 0.637966
vt 0.164565 0.629747
vt 0.164565 0.628834
vt 0.164565 0.627362
vt 0.164565 0.639750
vt 0.164565 0.639693
vt 0.164565 0.639773
vt 0.164565 0.639792
vt 0.164565 0.639773
vt 0.164565 0.637966
vt 0.164565 0.639336
vt 0.164565 0.638993
vt 0.164565 0.639437
vt 0.164565 0.639336
vt 0.164565 0.639693
vt 0.013755 0.166794
vt 0.013493 0.166794
vt 0.014200 0.166794
vt 0.013755 0.166794
vt 0.022953 0.166794
vt 0.022690 0.166794
vt 0.023398 0.166794
vt 0.014726 0.166794
vt 0.014200 0.166794
vt 0.016828 0.166794
vt 0.022165 0.166794
vt 0.016828 0.166794
vt 0.013493 0.166794
vt 0.013270 0.166794
vt 0.022690 0.166794
vt 0.022165 0.166794
vt 0.023620 0.166794
vt 0.023398 0.166794
vt 0.012940 0.166794
vt 0.012938 0.166794
vt 0.012938 0.166794
vt 0.012785 0.166794
vt 0.013117 0.166794
vt 0.012940 0.166794
vt 0.013119 0.166794
vt 0.013117 0.166794
vt 0.013270 0.166794
vt 0.023950 0.166794
vt 0.023773 0.166794
vt 0.023773 0.166794
vt 0.023772 0.166794
vt 0.023772 0.166794
vt 0.023620 0.166794
vt 0.024105 0.166794
vt 0.023953 0.166794
vt 0.023953 0.166794
vt 0.023950 0.166794
vt 0.831741 0.869083
vt 0.831741 0.858855
vt 0.831741 0.858855
vt 0.831741 0.858622
vt 0.831741 0.871407
vt 0.831741 0.628103
vt 0.831741 0.627806
vt 0.831741 0.628605
vt 0.831741 0.628103
vt 0.831741 0.638491
vt 0.831741 0.638194
vt 0.831741 0.638993
vt 0.831741 0.638491
vt 0.831741 0.629199
vt 0.831741 0.628605
vt 0.831741 0.631573
vt 0.831741 0.629199
vt 0.831741 0.637600
vt 0.831741 0.627555
vt 0.831741 0.638194
vt 0.831741 0.637600
vt 0.831741 0.639244
vt 0.831741 0.627182
vt 0.831741 0.627179
vt 0.831741 0.627179
vt 0.831741 0.627007
vt 0.831741 0.627383
vt 0.831741 0.627384
vt 0.831741 0.627383
vt 0.831741 0.627555
vt 0.831741 0.639415
vt 0.831741 0.639244
vt 0.831741 0.639617
vt 0.831741 0.639417
vt 0.831741 0.639417
vt 0.831741 0.639415
vt 0.831741 0.639792
vt 0.831741 0.639620
vt 0.831741 0.639617
vt 0.831741 0.639620
vt 0.164565 0.743977
vt 0.164565 0.742815
vt 0.164565 0.755600
vt 0.164565 0.743977
vt 0.000708 0.729724
vt 0.001415 0.729724
vt 0.002830 0.729724
vt 0.001415 0.486483
vt 0.002830 0.486483
vt 0.001415 0.243241
vt 0.002830 0.243241
vt 0.000708 0.243241
vt 0.009905 0.729724
vt 0.010613 0.729724
vt 0.008490 0.729724
vt 0.008490 0.486483
vt 0.009905 0.486483
vt 0.008490 0.243241
vt 0.009905 0.243241
vt 0.010613 0.243241
vt 0.001314 0.833970
vt 0.000708 0.833970
vt 0.001415 0.833970
vt 0.001314 0.833970
vt 0.010512 0.833970
vt 0.009905 0.833970
vt 0.010613 0.833970
vt 0.010512 0.833970
vt 0.000037 0.833970
vt 0.000017 0.833970
vt 0.000017 0.833970
vt 0.000000 0.833970
vt 0.000088 0.833970
vt 0.000037 0.833970
vt 0.000404 0.833970
vt 0.000314 0.833970
vt 0.001617 0.833970
vt 0.000708 0.833970
vt 0.000404 0.833970
vt 0.000314 0.833970
vt 0.000088 0.833970
vt 0.008894 0.833970
vt 0.001617 0.833970
vt 0.009703 0.833970
vt 0.008894 0.833970
vt 0.011303 0.833970
vt 0.011283 0.833970
vt 0.011283 0.833970
vt 0.011233 0.833970
vt 0.011320 0.833970
vt 0.011303 0.833970
vt 0.009905 0.833970
vt 0.009703 0.833970
vt 0.010916 0.833970
vt 0.011006 0.833970
vt 0.010916 0.833970
vt 0.011233 0.833970
vt 0.011006 0.833970
vt 0.164565 0.280747
vt 0.164565 0.279584
vt 0.164565 0.292369
vt 0.164565 0.280747
vt 0.831741 0.753275
vt 0.831741 0.743047
vt 0.831741 0.743047
vt 0.831741 0.742815
vt 0.831741 0.755600
vt 0.831741 0.753275
vt 0.000970 0.166794
vt 0.000708 0.166794
vt 0.001415 0.166794
vt 0.000970 0.166794
vt 0.010168 0.166794
vt 0.009905 0.166794
vt 0.010613 0.166794
vt 0.010168 0.166794
vt 0.009380 0.166794
vt 0.004043 0.166794
vt 0.004043 0.166794
vt 0.001941 0.166794
vt 0.001941 0.166794
vt 0.001415 0.166794
vt 0.000485 0.166794
vt 0.009905 0.166794
vt 0.010835 0.166794
vt 0.010613 0.166794
vt 0.000334 0.166794
vt 0.000332 0.166794
vt 0.000155 0.166794
vt 0.000155 0.166794
vt 0.000153 0.166794
vt 0.000153 0.166794
vt 0.000000 0.166794
vt 0.000485 0.166794
vt 0.000334 0.166794
vt 0.011165 0.166794
vt 0.010988 0.166794
vt 0.010988 0.166794
vt 0.010987 0.166794
vt 0.010987 0.166794
vt 0.010835 0.166794
vt 0.011320 0.166794
vt 0.011168 0.166794
vt 0.011168 0.166794
vt 0.011165 0.166794
vt 0.831741 0.290045
vt 0.831741 0.279817
vt 0.831741 0.279817
vt 0.831741 0.279584
vt 0.831741 0.292369
vt 0.831741 0.290045
vt 0.000000 0.000000
vt 0.000000 0.981812
vt 0.006897 0.000000
vt 0.006897 0.981812
vt 0.998535 0.515840
vt 0.016724 0.515840
vt 0.998535 0.524202
vt 0.016724 0.524202
vt 0.998535 0.282123
vt 0.016724 0.282123
vt 0.998535 0.290484
vt 0.016724 0.290484
vt 0.998535 0.398982
vt 0.016724 0.398982
vt 0.998535 0.407343
vt 0.016724 0.407343
vt 0.998535 0.632699
vt 0.016724 0.632699
vt 0.998535 0.641061
vt 0.016724 0.641061
vt 0.998535 0.749558
vt 0.016724 0.749558
vt 0.998535 0.757920
vt 0.016724 0.757920
vt 0.008362 0.000000
vt 0.008362 0.981812
vt 0.015259 0.000000
vt 0.015259 0.981812
vt 0.998535 0.866417
vt 0.016724 0.866417
vt 0.016724 0.870598
vt 0.998535 0.874779
vt 0.016724 0.874779
vt 0.507629 0.870598
vt 0.016724 0.868508
vt 0.507629 0.868508
vt 0.753082 0.868508
vt 0.507629 0.867463
vt 0.753082 0.867463
vt 0.875809 0.867463
vt 0.753082 0.866940
vt 0.875809 0.866940
vt 0.937172 0.866940
vt 0.875809 0.866679
vt 0.937172 0.866679
vt 0.967854 0.866679
vt 0.937172 0.866548
vt 0.967854 0.866548
vt 0.016724 0.872689
vt 0.507629 0.872689
vt 0.507629 0.873734
vt 0.753082 0.872689
vt 0.753082 0.873734
vt 0.753082 0.874257
vt 0.875809 0.873734
vt 0.875809 0.874257
vt 0.875809 0.874518
vt 0.937172 0.874257
vt 0.937172 0.874518
vt 0.937172 0.874649
vt 0.967854 0.874518
vt 0.967854 0.874649
vt 0.016724 0.005913
vt 0.022636 0.000000
vt 0.016724 0.014274
vt 0.030998 0.000000
vt 0.036911 0.005913
vt 0.036911 0.014274
vt 0.030998 0.020187
vt 0.022636 0.020187
vt 0.000000 0.506159
vt 0.265109 0.395918
vt 0.374920 0.506159
vt 0.109812 0.395918
vt 0.374920 0.662062
vt 0.109812 0.772303
vt 0.265109 0.772303
vt 0.000000 0.662062
vt 0.344096 0.394453
vt 0.344096 0.000000
vt 0.500000 0.000000
vt 0.172048 0.394453
vt 0.172048 0.000000
vt 0.327952 0.000000
vt 0.376385 0.790371
vt 0.530824 0.395918
vt 0.376385 0.395918
vt 0.532289 0.790371
vt 0.532289 0.395918
vt 0.686728 0.395918
vt 0.000000 0.394453
vt 0.155904 0.000000
vt 0.000000 0.000000
vt 0.844096 0.395918
vt 0.998535 0.000000
vt 0.844096 0.000000
vt 0.516144 0.394453
vt 0.516144 0.000000
vt 0.672048 0.000000
vt 0.688192 0.395918
vt 0.842631 0.000000
vt 0.688192 0.000000
vt 0.000000 0.000000
vt 0.000000 0.981812
vt 0.006897 0.000000
vt 0.006897 0.981812
vt 0.998535 0.515840
vt 0.016724 0.515840
vt 0.998535 0.524202
vt 0.016724 0.524202
vt 0.998535 0.282123
vt 0.016724 0.282123
vt 0.998535 0.290484
vt 0.016724 0.290484
vt 0.998535 0.398982
vt 0.016724 0.398982
vt 0.998535 0.407343
vt 0.016724 0.407343
vt 0.998535 0.632699
vt 0.016724 0.632699
vt 0.998535 0.641061
vt 0.016724 0.641061
vt 0.998535 0.749558
vt 0.016724 0.749558
vt 0.998535 0.757920
vt 0.016724 0.757920
vt 0.008362 0.000000
vt 0.008362 0.981812
vt 0.015259 0.000000
vt 0.015259 0.981812
vt 0.998535 0.866417
vt 0.016724 0.866417
vt 0.016724 0.870598
vt 0.998535 0.874779
vt 0.016724 0.874779
vt 0.507629 0.870598
vt 0.016724 0.868508
vt 0.507629 0.868508
vt 0.753082 0.868508
vt 0.507629 0.867463
vt 0.753082 0.867463
vt 0.875809 0.867463
vt 0.753082 0.866940
vt 0.875809 0.866940
vt 0.937172 0.866940
vt 0.875809 0.866679
vt 0.937172 0.866679
vt 0.967854 0.866679
vt 0.937172 0.866548
vt 0.967854 0.866548
vt 0.016724 0.872689
vt 0.507629 0.872689
vt 0.507629 0.873734
vt 0.753082 0.872689
vt 0.753082 0.873734
vt 0.753082 0.874257
vt 0.875809 0.873734
vt 0.875809 0.874257
vt 0.875809 0.874518
vt 0.937172 0.874257
vt 0.937172 0.874518
vt 0.937172 0.874649
vt 0.967854 0.874518
vt 0.967854 0.874649
vt 0.016724 0.005913
vt 0.022636 0.000000
vt 0.016724 0.014274
vt 0.030998 0.000000
vt 0.036911 0.005913
vt 0.036911 0.014274
vt 0.030998 0.020187
vt 0.022636 0.020187
vt 0.000000 0.506159
vt 0.265109 0.395918
vt 0.374920 0.506159
vt 0.109812 0.395918
vt 0.374920 0.662062
vt 0.109812 0.772303
vt 0.265109 0.772303
vt 0.000000 0.662062
vt 0.344096 0.394453
vt 0.344096 0.000000
vt 0.500000 0.000000
vt 0.172048 0.394453
vt 0.172048 0.000000
vt 0.327952 0.000000
vt 0.376385 0.790371
vt 0.530824 0.395918
vt 0.376385 0.395918
vt 0.532289 0.790371
vt 0.532289 0.395918
vt 0.686728 0.395918
vt 0.000000 0.394453
vt 0.155904 0.000000
vt 0.000000 0.000000
vt 0.844096 0.395918
vt 0.998535 0.000000
vt 0.844096 0.000000
vt 0.516144 0.394453
vt 0.516144 0.000000
vt 0.672048 0.000000
vt 0.688192 0.395918
vt 0.842631 0.000000
vt 0.688192 0.000000
vt 0.000000 0.000000
vt 0.000000 0.981812
vt 0.006897 0.000000
vt 0.006897 0.981812
vt 0.998535 0.515840
vt 0.016724 0.515840
vt 0.998535 0.524202
vt 0.016724 0.524202
vt 0.998535 0.282123
vt 0.016724 0.282123
vt 0.998535 0.290484
vt 0.016724 0.290484
vt 0.998535 0.398982
vt 0.016724 0.398982
vt 0.998535 0.407343
vt 0.016724 0.407343
vt 0.998535 0.632699
vt 0.016724 0.632699
vt 0.998535 0.641061
vt 0.016724 0.641061
vt 0.998535 0.749558
vt 0.016724 0.749558
vt 0.998535 0.757920
vt 0.016724 0.757920
vt 0.008362 0.000000
vt 0.008362 0.981812
vt 0.015259 0.000000
vt 0.015259 0.981812
vt 0.998535 0.866417
vt 0.016724 0.866417
vt 0.016724 0.870598
vt 0.998535 0.874779
vt 0.016724 0.874779
vt 0.507629 0.870598
vt 0.016724 0.868508
vt 0.507629 0.868508
vt 0.753082 0.868508
vt 0.507629 0.867463
vt 0.753082 0.867463
vt 0.875809 0.867463
vt 0.753082 0.866940
vt 0.875809 0.866940
vt 0.937172 0.866940
vt 0.875809 0.866679
vt 0.937172 0.866679
vt 0.967854 0.866679
vt 0.937172 0.866548
vt 0.967854 0.866548
vt 0.016724 0.872689
vt 0.507629 0.872689
vt 0.507629 0.873734
vt 0.753082 0.872689
vt 0.753082 0.873734
vt 0.753082 0.874257
vt 0.875809 0.873734
vt 0.875809 0.874257
vt 0.875809 0.874518
vt 0.937172 0.874257
vt 0.937172 0.874518
vt 0.937172 0.874649
vt 0.967854 0.874518
vt 0.967854 0.874649
vt 0.016724 0.005913
vt 0.022636 0.000000
vt 0.016724 0.014274
vt 0.030998 0.000000
vt 0.036911 0.005913
vt 0.036911 0.014274
vt 0.030998 0.020187
vt 0.022636 0.020187
vt 0.000000 0.506159
vt 0.265109 0.395918
vt 0.374920 0.506159
vt 0.109812 0.395918
vt 0.374920 0.662062
vt 0.109812 0.772303
vt 0.265109 0.772303
vt 0.000000 0.662062
vt 0.344096 0.394453
vt 0.344096 0.000000
vt 0.500000 0.000000
vt 0.172048 0.394453
vt 0.172048 0.000000
vt 0.327952 0.000000
vt 0.376385 0.790371
vt 0.530824 0.395918
vt 0.376385 0.395918
vt 0.532289 0.790371
vt 0.532289 0.395918
vt 0.686728 0.395918
vt 0.000000 0.394453
vt 0.155904 0.000000
vt 0.000000 0.000000
vt 0.844096 0.395918
vt 0.998535 0.000000
vt 0.844096 0.000000
vt 0.516144 0.394453
vt 0.516144 0.000000
vt 0.672048 0.000000
vt 0.688192 0.395918
vt 0.842631 0.000000
vt 0.688192 0.000000
vt 0.000000 0.000000
vt 0.000000 0.981812
vt 0.006897 0.000000
vt 0.006897 0.981812
vt 0.998535 0.515840
vt 0.016724 0.515840
vt 0.998535 0.524202
vt 0.016724 0.524202
vt 0.998535 0.282123
vt 0.016724 0.282123
vt 0.998535 0.290484
vt 0.016724 0.290484
vt 0.998535 0.398982
vt 0.016724 0.398982
vt 0.998535 0.407343
vt 0.016724 0.407343
vt 0.998535 0.632699
vt 0.016724 0.632699
vt 0.998535 0.641061
vt 0.016724 0.641061
vt 0.998535 0.749558
vt 0.016724 0.749558
vt 0.998535 0.757920
vt 0.016724 0.757920
vt 0.008362 0.000000
vt 0.008362 0.981812
vt 0.015259 0.000000
vt 0.015259 0.981812
vt 0.998535 0.866417
vt 0.016724 0.866417
vt 0.016724 0.870598
vt 0.998535 0.874779
vt 0.016724 0.874779
vt 0.507629 0.870598
vt 0.016724 0.868508
vt 0.507629 0.868508
vt 0.753082 0.868508
vt 0.507629 0.867463
vt 0.753082 0.867463
vt 0.875809 0.867463
vt 0.753082 0.866940
vt 0.875809 0.866940
vt 0.937172 0.866940
vt 0.875809 0.866679
vt 0.937172 0.866679
vt 0.967854 0.866679
vt 0.937172 0.866548
vt 0.967854 0.866548
vt 0.016724 0.872689
vt 0.507629 0.872689
vt 0.507629 0.873734
vt 0.753082 0.872689
vt 0.753082 0.873734
vt 0.753082 0.874257
vt 0.875809 0.873734
vt 0.875809 0.874257
vt 0.875809 0.874518
vt 0.937172 0.874257
vt 0.937172 0.874518
vt 0.937172 0.874649
vt 0.967854 0.874518
vt 0.967854 0.874649
vt 0.016724 0.005913
vt 0.022636 0.000000
vt 0.016724 0.014274
vt 0.030998 0.000000
vt 0.036911 0.005913
vt 0.036911 0.014274
vt 0.030998 0.020187
vt 0.022636 0.020187
vt 0.000000 0.506159
vt 0.265109 0.395918
vt 0.374920 0.506159
vt 0.109812 0.395918
vt 0.374920 0.662062
vt 0.109812 0.772303
vt 0.265109 0.772303
vt 0.000000 0.662062
vt 0.344096 0.394453
vt 0.344096 0.000000
vt 0.500000 0.000000
vt 0.172048 0.394453
vt 0.172048 0.000000
vt 0.327952 0.000000
vt 0.376385 0.790371
vt 0.530824 0.395918
vt 0.376385 0.395918
vt 0.532289 0.790371
vt 0.532289 0.395918
vt 0.686728 0.395918
vt 0.000000 0.394453
vt 0.155904 0.000000
vt 0.000000 0.000000
vt 0.844096 0.395918
vt 0.998535 0.000000
vt 0.844096 0.000000
vt 0.516144 0.394453
vt 0.516144 0.000000
vt 0.672048 0.000000
vt 0.688192 0.395918
vt 0.842631 0.000000
vt 0.688192 0.000000
vt 0.000000 0.000000
vt 0.000000 0.981812
vt 0.006897 0.000000
vt 0.006897 0.981812
vt 0.998535 0.515840
vt 0.016724 0.515840
vt 0.998535 0.524202
vt 0.016724 0.524202
vt 0.998535 0.282123
vt 0.016724 0.282123
vt 0.998535 0.290484
vt 0.016724 0.290484
vt 0.998535 0.398982
vt 0.016724 0.398982
vt 0.998535 0.407343
vt 0.016724 0.407343
vt 0.998535 0.632699
vt 0.016724 0.632699
vt 0.998535 0.641061
vt 0.016724 0.641061
vt 0.998535 0.749558
vt 0.016724 0.749558
vt 0.998535 0.757920
vt 0.016724 0.757920
vt 0.008362 0.000000
vt 0.008362 0.981812
vt 0.015259 0.000000
vt 0.015259 0.981812
vt 0.998535 0.866417
vt 0.016724 0.866417
vt 0.016724 0.870598
vt 0.998535 0.874779
vt 0.016724 0.874779
vt 0.507629 0.870598
vt 0.016724 0.868508
vt 0.507629 0.868508
vt 0.753082 0.868508
vt 0.507629 0.867463
vt 0.753082 0.867463
vt 0.875809 0.867463
vt 0.753082 0.866940
vt 0.875809 0.866940
vt 0.937172 0.866940
vt 0.875809 0.866679
vt 0.937172 0.866679
vt 0.967854 0.866679
vt 0.937172 0.866548
vt 0.967854 0.866548
vt 0.016724 0.872689
vt 0.507629 0.872689
vt 0.507629 0.873734
vt 0.753082 0.872689
vt 0.753082 0.873734
vt 0.753082 0.874257
vt 0.875809 0.873734
vt 0.875809 0.874257
vt 0.875809 0.874518
vt 0.937172 0.874257
vt 0.937172 0.874518
vt 0.937172 0.874649
vt 0.967854 0.874518
vt 0.967854 0.874649
vt 0.016724 0.005913
vt 0.022636 0.000000
vt 0.016724 0.014274
vt 0.030998 0.000000
vt 0.036911 0.005913
vt 0.036911 0.014274
vt 0.030998 0.020187
vt 0.022636 0.020187
vt 0.000000 0.506159
vt 0.265109 0.395918
vt 0.374920 0.506159
vt 0.109812 0.395918
vt 0.374920 0.662062
vt 0.109812 0.772303
vt 0.265109 0.772303
vt 0.000000 0.662062
vt 0.344096 0.394453
vt 0.344096 0.000000
vt 0.500000 0.000000
vt 0.172048 0.394453
vt 0.172048 0.000000
vt 0.327952 0.000000
vt 0.376385 0.790371
vt 0.530824 0.395918
vt 0.376385 0.395918
vt 0.532289 0.790371
vt 0.532289 0.395918
vt 0.686728 0.395918
vt 0.000000 0.394453
vt 0.155904 0.000000
vt 0.000000 0.000000
vt 0.844096 0.395918
vt 0.998535 0.000000
vt 0.844096 0.000000
vt 0.516144 0.394453
vt 0.516144 0.000000
vt 0.672048 0.000000
vt 0.688192 0.395918
vt 0.842631 0.000000
vt 0.688192 0.000000
vt 0.000000 0.000000
vt 0.000000 0.981812
vt 0.006897 0.000000
vt 0.006897 0.981812
vt 0.998535 0.515840
vt 0.016724 0.515840
vt 0.998535 0.524202
vt 0.016724 0.524202
vt 0.998535 0.282123
vt 0.016724 0.282123
vt 0.998535 0.290484
vt 0.016724 0.290484
vt 0.998535 0.398982
vt 0.016724 0.398982
vt 0.998535 0.407343
vt 0.016724 0.407343
vt 0.998535 0.632699
vt 0.016724 0.632699
vt 0.998535 0.641061
vt 0.016724 0.641061
vt 0.998535 0.749558
vt 0.016724 0.749558
vt 0.998535 0.757920
vt 0.016724 0.757920
vt 0.008362 0.000000
vt 0.008362 0.981812
vt 0.015259 0.000000
vt 0.015259 0.981812
vt 0.998535 0.866417
vt 0.016724 0.866417
vt 0.016724 0.870598
vt 0.998535 0.874779
vt 0.016724 0.874779
vt 0.507629 0.870598
vt 0.016724 0.868508
vt 0.507629 0.868508
vt 0.753082 0.868508
vt 0.507629 0.867463
vt 0.753082 0.867463
vt 0.875809 0.867463
vt 0.753082 0.866940
vt 0.875809 0.866940
vt 0.937172 0.866940
vt 0.875809 0.866679
vt 0.937172 0.866679
vt 0.967854 0.866679
vt 0.937172 0.866548
vt 0.967854 0.866548
vt 0.016724 0.872689
vt 0.507629 0.872689
vt 0.507629 0.873734
vt 0.753082 0.872689
vt 0.753082 0.873734
vt 0.753082 0.874257
vt 0.875809 0.873734
vt 0.875809 0.874257
vt 0.875809 0.874518
vt 0.937172 0.874257
vt 0.937172 0.874518
vt 0.937172 0.874649
vt 0.967854 0.874518
vt 0.967854 0.874649
vt 0.016724 0.005913
vt 0.022636 0.000000
vt 0.016724 0.014274
vt 0.030998 0.000000
vt 0.036911 0.005913
vt 0.036911 0.014274
vt 0.030998 0.020187
vt 0.022636 0.020187
vt 0.000000 0.506159
vt 0.265109 0.395918
vt 0.374920 0.506159
vt 0.109812 0.395918
vt 0.374920 0.662062
vt 0.109812 0.772303
vt 0.265109 0.772303
vt 0.000000 0.662062
vt 0.344096 0.394453
vt 0.344096 0.000000
vt 0.500000 0.000000
vt 0.172048 0.394453
vt 0.172048 0.000000
vt 0.327952 0.000000
vt 0.376385 0.790371
vt 0.530824 0.395918
vt 0.376385 0.395918
vt 0.532289 0.790371
vt 0.532289 0.395918
vt 0.686728 0.395918
vt 0.000000 0.394453
vt 0.155904 0.000000
vt 0.000000 0.000000
vt 0.844096 0.395918
vt 0.998535 0.000000
vt 0.844096 0.000000
vt 0.516144 0.394453
vt 0.516144 0.000000
vt 0.672048 0.000000
vt 0.688192 0.395918
vt 0.842631 0.000000
vt 0.688192 0.000000
vn -0.000000 1.000000 0.000000
vn -0.000000 1.000000 0.000000
vn -0.000000 1.000000 0.000000
vn -0.000000 1.000000 0.000000
vn 0.000000 -1.000000 -0.000000
vn 0.000000 -1.000000 -0.000000
vn 0.000000 -1.000000 -0.000000
vn 0.000000 -1.000000 -0.000000
vn -0.000000 0.000000 1.000000
vn -0.000000 0.000000 1.000000
vn -0.000000 0.000000 1.000000
vn -0.000000 0.000000 1.000000
vn -1.000000 0.000000 0.000000
vn -1.000000 0.000000 0.000000
vn -1.000000 0.000000 0.000000
vn -1.000000 0.000000 0.000000
vn 1.000000 0.000000 0.000000
vn 1.000000 0.000000 0.000000
vn 1.000000 -0.000000 -0.000000
vn 1.000000 0.000000 0.000000
vn -0.000000 0.000000 -1.000000
vn 0.000000 -0.000000 -1.000000
vn -0.000000 0.000000 -1.000000
vn -0.000000 0.000000 -1.000000
vn -0.000000 1.000000 0.000000
vn -0.000000 1.000000 0.000000
vn -0.000000 1.000000 0.000000
vn -0.000000 1.000000 0.000000
vn -0.000000 -1.000000 0.000000
vn -0.000000 -1.000000 0.000000
vn -0.000000 -1.000000 0.000000
vn -0.000000 -1.000000 0.000000
vn -1.000000 0.000000 0.000000
vn -1.000000 0.000000 0.000000
vn -1.000000 0.000000 0.000000
vn -1.000000 0.000000 0.000000
vn -0.000000 0.000000 -1.000000
vn 0.000000 -0.000000 -1.000000
vn -0.000000 0.000000 -1.000000
vn -0.000000 0.000000 -1.000000
vn -0.000000 0.000000 1.000000
vn -0.000000 0.000000 1.000000
vn -0.000000 0.000000 1.000000
vn -0.000000 0.000000 1.000000
vn 1.000000 0.000000 0.000000
vn 1.000000 0.000000 0.000000
vn 1.000000 -0.000000 -0.000000
vn 1.000000 0.000000 0.000000
vn -0.000000 1.000000 0.000000
vn -0.000000 1.000000 0.000000
vn -0.000000 1.000000 0.000000
vn -0.000000 1.000000 0.000000
vn -0.000000 -1.000000 0.000000
vn -0.000000 -1.000000 0.000000
vn -0.000000 -1.000000 0.000000
vn -0.000000 -1.000000 0.000000
vn -0.000000 0.000000 -1.000000
vn 0.000000 -0.000000 -1.000000
vn -0.000000 0.000000 -1.000000
vn -0.000000 0.000000 -1.000000
vn 1.000000 0.000000 0.000000
vn 1.000000 0.000000 0.000000
vn 1.000000 -0.000000 -0.000000
vn 1.000000 0.000000 0.000000
vn -1.000000 0.000000 0.000000
vn -1.000000 0.000000 0.000000
vn -1.000000 0.000000 0.000000
vn -1.000000 0.000000 0.000000
vn -0.000000 0.000000 1.000000
vn -0.000000 0.000000 1.000000
vn -0.000000 0.000000 1.000000
vn -0.000000 0.000000 1.000000
vn -0.000000 1.000000 0.000000
vn -0.000000 1.000000 0.000000
vn -0.000000 1.000000 0.000000
vn -0.000000 1.000000 0.000000
vn -0.000000 -1.000000 0.000000
vn -0.000000 -1.000000 0.000000
vn -0.000000 -1.000000 0.000000
vn -0.000000 -1.000000 0.000000
vn -0.000000 0.000000 -1.000000
vn 0.000000 -0.000000 -1.000000
vn -0.000000 0.000000 -1.000000
vn -0.000000 0.000000 -1.000000
vn 1.000000 0.000000 0.000000
vn 1.000000 0.000000 0.000000
vn 1.000000 -0.000000 -0.000000
vn 1.000000 0.000000 0.000000
vn -1.000000 0.000000 0.000000
vn -1.000000 0.000000 0.000000
vn -1.000000 0.000000 0.000000
vn -1.000000 0.000000 0.000000
vn -0.000000 0.000000 1.000000
vn -0.000000 0.000000 1.000000
vn -0.000000 0.000000 1.000000
vn -0.000000 0.000000 1.000000
vn -0.923880 0.000000 0.382683
vn -0.923880 0.000000 0.382683
vn -0.923880 0.000000 0.382683
vn -0.923880 0.000000 0.382683
vn -0.923880 0.000000 0.382683
vn -0.923880 0.000000 0.382683
vn -0.923880 0.000000 0.382683
vn -0.923880 0.000000 0.382683
vn 0.923880 -0.000000 -0.382683
vn 0.923880 -0.000000 -0.382683
vn 0.923880 -0.000000 -0.382683
vn 0.923880 -0.000000 -0.382683
vn 0.923880 -0.000000 -0.382683
vn 0.923880 0.000000 -0.382683
vn 0.923880 -0.000000 -0.382683
vn 0.923880 0.000000 -0.382683
vn 0.808037 -0.484822 -0.334700
vn 0.808037 -0.484822 -0.334700
vn 0.808037 -0.484822 -0.334700
vn 0.808037 -0.484822 0.334700
vn 0.808037 -0.484822 0.334700
vn 0.808037 -0.484822 0.334700
vn 0.334700 -0.484822 0.808037
vn 0.334700 -0.484822 0.808037
vn 0.334700 -0.484822 0.808037
vn -0.334700 -0.484822 0.808037
vn -0.334700 -0.484822 0.808037
vn -0.334700 -0.484822 0.808037
vn 0.334700 -0.484822 -0.808037
vn 0.334700 -0.484822 -0.808037
vn 0.334700 -0.484822 -0.808037
vn -0.334700 -0.484822 -0.808037
vn -0.334700 -0.484822 -0.808037
vn -0.334700 -0.484822 -0.808037
vn -0.808037 -0.484822 -0.334700
vn -0.808037 -0.484822 -0.334700
vn -0.808037 -0.484822 -0.334700
vn -0.808037 -0.484822 0.334700
vn -0.808037 -0.484822 0.334700
vn -0.808037 -0.484822 0.334700
vn -0.000000 1.000000 0.000000
vn -0.000000 1.000000 0.000000
vn -0.000000 1.000000 0.000000
vn -0.000000 1.000000 0.000000
vn -0.000000 1.000000 0.000000
vn -0.000000 1.000000 0.000000
vn -0.000000 1.000000 0.000000
vn -0.000000 1.000000 0.000000
vn 0.382683 0.000000 0.923880
vn 0.382683 0.000000 0.923880
vn 0.382683 0.000000 0.923880
vn 0.382683 0.000000 0.923880
vn 0.382683 0.000000 0.923880
vn 0.382683 0.000000 0.923880
vn 0.382683 0.000000 0.923880
vn 0.382683 0.000000 0.923880
vn 0.382683 0.000000 0.923880
vn 0.382683 0.000000 0.923880
vn 0.382683 0.000000 0.923880
vn 0.382683 0.000000 0.923880
vn 0.382683 0.000000 0.923880
vn 0.382683 0.000000 0.923880
vn 0.382683 0.000000 0.923880
vn 0.382683 0.000000 0.923880
vn 0.382683 0.000000 0.923880
vn 0.382683 0.000000 0.923880
vn 0.382683 0.000000 0.923880
vn 0.382683 0.000000 0.923880
vn 0.382683 0.000000 0.923880
vn 0.382683 0.000000 0.923880
vn 0.382683 0.000000 0.923880
vn 0.382683 0.000000 0.923880
vn 0.382683 0.000000 0.923880
vn 0.382683 0.000000 0.923880
vn 0.382683 0.000000 0.923880
vn 0.382683 0.000000 0.923880
vn 0.382683 0.000000 0.923880
vn 0.382683 0.000000 0.923880
vn 0.382683 0.000000 0.923880
vn 0.382683 0.000000 0.923880
vn 0.382683 0.000000 0.923880
vn 0.382683 0.000000 0.923880
vn 0.382683 0.000000 0.923880
vn 0.382683 0.000000 0.923880
vn 0.382683 0.000000 0.923880
vn 0.382683 0.000000 0.923880
vn 0.382683 0.000000 0.923880
vn 0.382683 0.000000 0.923880
vn 0.382683 0.000000 0.923880
vn 0.382683 0.000000 0.923880
vn 0.382683 0.000000 0.923880
vn 0.382683 0.000000 0.923880
vn 0.382683 0.000000 0.923880
vn 0.382683 0.000000 0.923880
vn 0.382683 0.000000 0.923880
vn 0.382683 0.000000 0.923880
vn -0.382683 0.000000 0.923880
vn -0.382683 0.000000 0.923880
vn -0.382683 0.000000 0.923880
vn 0.923880 0.000000 0.382683
vn 0.923880 0.000000 0.382683
vn 0.923880 0.000000 0.382683
vn 0.923880 0.000000 0.382683
vn 0.923880 0.000000 0.382683
vn 0.923880 0.000000 0.382683
vn 0.923880 0.000000 0.382683
vn 0.923880 0.000000 0.382683
vn 0.923880 0.000000 0.382683
vn 0.923880 0.000000 0.382683
vn 0.923880 0.000000 0.382683
vn 0.923880 0.000000 0.382683
vn 0.923880 0.000000 0.382683
vn 0.923880 0.000000 0.382683
vn 0.923880 0.000000 0.382683
vn 0.923880 0.000000 0.382683
vn 0.923880 0.000000 0.382683
vn 0.923880 0.000000 0.382683
vn 0.923880 0.000000 0.382683
vn 0.923880 0.000000 0.382683
vn 0.923880 0.000000 0.382683
vn 0.923880 0.000000 0.382683
vn 0.923880 0.000000 0.382683
vn 0.923880 0.000000 0.382683
vn 0.923880 0.000000 0.382683
vn 0.923880 0.000000 0.382683
vn 0.923880 0.000000 0.382683
vn 0.923880 0.000000 0.382683
vn 0.923880 0.000000 0.382683
vn 0.923880 0.000000 0.382683
vn 0.923880 0.000000 0.382683
vn 0.923880 0.000000 0.382683
vn 0.923880 0.000000 0.382683
vn 0.923880 0.000000 0.382683
vn 0.923880 0.000000 0.382683
vn 0.923880 0.000000 0.382683
vn 0.923880 0.000000 0.382683
vn 0.923880 0.000000 0.382683
vn 0.923880 0.000000 0.382683
vn 0.923880 0.000000 0.382683
vn 0.923880 0.000000 0.382683
vn 0.923880 0.000000 0.382683
vn 0.923880 0.000000 0.382683
vn 0.923880 0.000000 0.382683
vn 0.923880 0.000000 0.382683
vn 0.923880 0.000000 0.382683
vn 0.923880 0.000000 0.382683
vn 0.923880 0.000000 0.382683
vn 0.923880 0.000000 0.382683
vn 0.382683 0.000000 0.923880
vn 0.382683 0.000000 0.923880
vn 0.382683 0.000000 0.923880
vn 0.382683 0.000000 0.923880
vn 0.382683 0.000000 0.923880
vn 0.382683 0.000000 0.923880
vn 0.382683 0.000000 0.923880
vn 0.382683 0.000000 0.923880
vn 0.382683 0.000000 0.923880
vn 0.382683 0.000000 0.923880
vn 0.382683 0.000000 0.923880
vn 0.382683 0.000000 0.923880
vn 0.382683 0.000000 0.923880
vn 0.382683 0.000000 0.923880
vn 0.382683 0.000000 0.923880
vn 0.382683 0.000000 0.923880
vn 0.382683 0.000000 0.923880
vn 0.382683 0.000000 0.923880
vn 0.382683 0.000000 0.923880
vn 0.382683 0.000000 0.923880
vn 0.382683 0.000000 0.923880
vn 0.382683 0.000000 0.923880
vn 0.382683 0.000000 0.923880
vn 0.382683 0.000000 0.923880
vn 0.382683 0.000000 0.923880
vn 0.382683 0.000000 0.923880
vn 0.382683 0.000000 0.923880
vn 0.382683 0.000000 0.923880
vn 0.382683 0.000000 0.923880
vn 0.382683 0.000000 0.923880
vn 0.382683 0.000000 0.923880
vn 0.382683 0.000000 0.923880
vn 0.382683 0.000000 0.923880
vn 0.382683 0.000000 0.923880
vn 0.382683 0.000000 0.923880
vn 0.382683 0.000000 0.923880
vn 0.382683 0.000000 0.923880
vn -0.382683 0.000000 0.923880
vn -0.382683 0.000000 0.923880
vn -0.382683 0.000000 0.923880
vn -0.382683 0.000000 0.923880
vn -0.382683 0.000000 0.923880
vn 0.923880 0.000000 0.382683
vn 0.923880 0.000000 0.382683
vn 0.923880 0.000000 0.382683
vn 0.923880 0.000000 0.382683
vn 0.923880 0.000000 0.382683
vn 0.923880 0.000000 0.382683
vn 0.923880 0.000000 0.382683
vn 0.923880 0.000000 0.382683
vn 0.923880 0.000000 0.382683
vn 0.923880 0.000000 0.382683
vn 0.923880 0.000000 0.382683
vn 0.923880 0.000000 0.382683
vn 0.923880 0.000000 0.382683
vn 0.923880 0.000000 0.382683
vn 0.923880 0.000000 0.382683
vn 0.923880 0.000000 0.382683
vn 0.923880 0.000000 0.382683
vn 0.923880 0.000000 0.382683
vn 0.923880 0.000000 0.382683
vn 0.923880 0.000000 0.382683
vn 0.923880 0.000000 0.382683
vn 0.923880 0.000000 0.382683
vn 0.923880 0.000000 0.382683
vn 0.923880 0.000000 0.382683
vn 0.923880 0.000000 0.382683
vn 0.923880 0.000000 0.382683
vn 0.923880 0.000000 0.382683
vn 0.923880 0.000000 0.382683
vn 0.923880 0.000000 0.382683
vn 0.923880 0.000000 0.382683
vn 0.923880 0.000000 0.382683
vn 0.923880 0.000000 0.382683
vn 0.923880 0.000000 0.382683
vn 0.923880 0.000000 0.382683
vn 0.923880 0.000000 0.382683
vn -0.923880 0.000000 -0.382683
vn -0.923880 0.000000 -0.382683
vn -0.923880 0.000000 -0.382683
vn -0.923880 0.000000 -0.382683
vn -0.382683 0.000000 -0.923880
vn -0.382683 0.000000 -0.923880
vn -0.382683 0.000000 -0.923880
vn -0.382683 0.000000 -0.923880
vn -0.382683 0.000000 -0.923880
vn -0.382683 0.000000 -0.923880
vn -0.382683 0.000000 -0.923880
vn -0.382683 0.000000 -0.923880
vn -0.382683 0.000000 -0.923880
vn -0.382683 0.000000 -0.923880
vn -0.382683 0.000000 -0.923880
vn -0.382683 0.000000 -0.923880
vn -0.382683 0.000000 -0.923880
vn -0.382683 0.000000 -0.923880
vn -0.382683 0.000000 -0.923880
vn -0.382683 0.000000 -0.923880
vn -0.382683 0.000000 -0.923880
vn -0.382683 0.000000 -0.923880
vn -0.382683 0.000000 -0.923880
vn -0.382683 0.000000 -0.923880
vn -0.382683 0.000000 -0.923880
vn -0.382683 0.000000 -0.923880
vn -0.382683 0.000000 -0.923880
vn -0.382683 0.000000 -0.923880
vn -0.382683 0.000000 -0.923880
vn -0.382683 0.000000 -0.923880
vn -0.382683 0.000000 -0.923880
vn -0.382683 0.000000 -0.923880
vn -0.382683 0.000000 -0.923880
vn -0.382683 0.000000 -0.923880
vn -0.382683 0.000000 -0.923880
vn -0.382683 0.000000 -0.923880
vn -0.382683 0.000000 -0.923880
vn -0.382683 0.000000 -0.923880
vn -0.382683 0.000000 -0.923880
vn -0.382683 0.000000 -0.923880
vn -0.382683 0.000000 -0.923880
vn -0.382683 0.000000 -0.923880
vn -0.382683 0.000000 -0.923880
vn -0.382683 0.000000 -0.923880
vn -0.382683 0.000000 -0.923880
vn -0.382683 0.000000 -0.923880
vn -0.382683 0.000000 -0.923880
vn -0.382683 0.000000 -0.923880
vn -0.382683 0.000000 -0.923880
vn -0.382683 0.000000 -0.923880
vn -0.382683 0.000000 -0.923880
vn -0.382683 0.000000 -0.923880
vn -0.382683 0.000000 -0.923880
vn -0.382683 0.000000 -0.923880
vn -0.382683 0.000000 -0.923880
vn -0.382683 0.000000 -0.923880
vn -0.382683 0.000000 -0.923880
vn -0.382683 0.000000 -0.923880
vn 0.382683 0.000000 -0.923880
vn 0.382683 -0.000000 -0.923880
vn 0.382683 0.000000 -0.923880
vn 0.382683 -0.000000 -0.923880
vn -0.923880 0.000000 -0.382683
vn -0.923880 0.000000 -0.382683
vn -0.923880 0.000000 -0.382683
vn -0.923880 0.000000 -0.382683
vn -0.923880 0.000000 -0.382683
vn -0.923880 0.000000 -0.382683
vn -0.382683 0.000000 -0.923880
vn -0.382683 0.000000 -0.923880
vn -0.382683 0.000000 -0.923880
vn -0.382683 0.000000 -0.923880
vn -0.382683 0.000000 -0.923880
vn -0.382683 0.000000 -0.923880
vn -0.382683 0.000000 -0.923880
vn -0.382683 0.000000 -0.923880
vn -0.382683 0.000000 -0.923880
vn -0.382683 0.000000 -0.923880
vn -0.382683 0.000000 -0.923880
vn -0.382683 0.000000 -0.923880
vn -0.382683 0.000000 -0.923880
vn -0.382683 0.000000 -0.923880
vn -0.382683 0.000000 -0.923880
vn -0.382683 0.000000 -0.923880
vn -0.382683 0.000000 -0.923880
vn -0.382683 0.000000 -0.923880
vn -0.382683 0.000000 -0.923880
vn -0.382683 0.000000 -0.923880
vn -0.382683 0.000000 -0.923880
vn -0.382683 0.000000 -0.923880
vn -0.382683 0.000000 -0.923880
vn -0.382683 0.000000 -0.923880
vn -0.382683 0.000000 -0.923880
vn -0.382683 0.000000 -0.923880
vn -0.382683 0.000000 -0.923880
vn -0.382683 0.000000 -0.923880
vn -0.382683 0.000000 -0.923880
vn -0.382683 0.000000 -0.923880
vn -0.382683 0.000000 -0.923880
vn -0.382683 0.000000 -0.923880
vn -0.382683 0.000000 -0.923880
vn -0.382683 0.000000 -0.923880
vn -0.382683 0.000000 -0.923880
vn -0.382683 0.000000 -0.923880
vn -0.382683 0.000000 -0.923880
vn 0.382683 0.000000 -0.923880
vn 0.382683 0.000000 -0.923880
vn 0.382683 0.000000 -0.923880
vn 0.382683 -0.000000 -0.923880
vn 0.382683 0.000000 -0.923880
vn 0.382683 0.000000 -0.923880
vn -0.923880 0.000000 0.382683
vn -0.923880 0.000000 0.382683
vn -0.923880 0.000000 0.382683
vn -0.923880 0.000000 0.382683
vn -0.923880 0.000000 0.382683
vn -0.923880 0.000000 0.382683
vn -0.923880 0.000000 0.382683
vn -0.923880 0.000000 0.382683
vn 0.923880 -0.000000 -0.382683
vn 0.923880 -0.000000 -0.382683
vn 0.923880 -0.000000 -0.382683
vn 0.923880 -0.000000 -0.382683
vn 0.923880 -0.000000 -0.382683
vn 0.923880 0.000000 -0.382683
vn 0.923880 -0.000000 -0.382683
vn 0.923880 0.000000 -0.382683
vn 0.808037 -0.484822 -0.334700
vn 0.808037 -0.484822 -0.334700
vn 0.808037 -0.484822 -0.334700
vn 0.808037 -0.484822 0.334700
vn 0.808037 -0.484822 0.334700
vn 0.808037 -0.484822 0.334700
vn 0.334700 -0.484822 0.808037
vn 0.334700 -0.484822 0.808037
vn 0.334700 -0.484822 0.808037
vn -0.334700 -0.484822 0.808037
vn -0.334700 -0.484822 0.808037
vn -0.334700 -0.484822 0.808037
vn 0.334700 -0.484822 -0.808037
vn 0.334700 -0.484822 -0.808037
vn 0.334700 -0.484822 -0.808037
vn -0.334700 -0.484822 -0.808037
vn -0.334700 -0.484822 -0.808037
vn -0.334700 -0.484822 -0.808037
vn -0.808037 -0.484822 -0.334700
vn -0.808037 -0.484822 -0.334700
vn -0.808037 -0.484822 -0.334700
vn -0.808037 -0.484822 0.334700
vn -0.808037 -0.484822 0.334700
vn -0.808037 -0.484822 0.334700
vn -0.000000 1.000000 0.000000
vn -0.000000 1.000000 0.000000
vn -0.000000 1.000000 0.000000
vn -0.000000 1.000000 0.000000
vn -0.000000 1.000000 0.000000
vn -0.000000 1.000000 0.000000
vn -0.000000 1.000000 0.000000
vn -0.000000 1.000000 0.000000
vn 0.382683 0.000000 0.923880
vn 0.382683 0.000000 0.923880
vn 0.382683 0.000000 0.923880
vn 0.382683 0.000000 0.923880
vn 0.382683 0.000000 0.923880
vn 0.382683 0.000000 0.923880
vn 0.382683 0.000000 0.923880
vn 0.382683 0.000000 0.923880
vn 0.382683 0.000000 0.923880
vn 0.382683 0.000000 0.923880
vn 0.382683 0.000000 0.923880
vn 0.382683 0.000000 0.923880
vn 0.382683 0.000000 0.923880
vn 0.382683 0.000000 0.923880
vn 0.382683 0.000000 0.923880
vn 0.382683 0.000000 0.923880
vn 0.382683 0.000000 0.923880
vn 0.382683 0.000000 0.923880
vn 0.382683 0.000000 0.923880
vn 0.382683 0.000000 0.923880
vn 0.382683 0.000000 0.923880
vn 0.382683 0.000000 0.923880
vn 0.382683 0.000000 0.923880
vn 0.382683 0.000000 0.923880
vn 0.382683 0.000000 0.923880
vn 0.382683 0.000000 0.923880
vn 0.382683 0.000000 0.923880
vn 0.382683 0.000000 0.923880
vn 0.382683 0.000000 0.923880
vn 0.382683 0.000000 0.923880
vn 0.382683 0.000000 0.923880
vn 0.382683 0.000000 0.923880
vn 0.382683 0.000000 0.923880
vn 0.382683 0.000000 0.923880
vn 0.382683 0.000000 0.923880
vn 0.382683 0.000000 0.923880
vn 0.382683 0.000000 0.923880
vn 0.382683 0.000000 0.923880
vn 0.382683 0.000000 0.923880
vn 0.382683 0.000000 0.923880
vn 0.382683 0.000000 0.923880
vn 0.382683 0.000000 0.923880
vn 0.382683 0.000000 0.923880
vn 0.382683 0.000000 0.923880
vn 0.382683 0.000000 0.923880
vn 0.382683 0.000000 0.923880
vn 0.382683 0.000000 0.923880
vn 0.382683 0.000000 0.923880
vn -0.382683 0.000000 0.923880
vn -0.382683 0.000000 0.923880
vn -0.382683 0.000000 0.923880
vn 0.923880 0.000000 0.382683
vn 0.923880 0.000000 0.382683
vn 0.923880 0.000000 0.382683
vn 0.923880 0.000000 0.382683
vn 0.923880 0.000000 0.382683
vn 0.923880 0.000000 0.382683
vn 0.923880 0.000000 0.382683
vn 0.923880 0.000000 0.382683
vn 0.923880 0.000000 0.382683
vn 0.923880 0.000000 0.382683
vn 0.923880 0.000000 0.382683
vn 0.923880 0.000000 0.382683
vn 0.923880 0.000000 0.382683
vn 0.923880 0.000000 0.382683
vn 0.923880 0.000000 0.382683
vn 0.923880 0.000000 0.382683
vn 0.923880 0.000000 0.382683
vn 0.923880 0.000000 0.382683
vn 0.923880 0.000000 0.382683
vn 0.923880 0.000000 0.382683
vn 0.923880 0.000000 0.382683
vn 0.923880 0.000000 0.382683
vn 0.923880 0.000000 0.382683
vn 0.923880 0.000000 0.382683
vn 0.923880 0.000000 0.382683
vn 0.923880 0.000000 0.382683
vn 0.923880 0.000000 0.382683
vn 0.923880 0.000000 0.382683
vn 0.923880 0.000000 0.382683
vn 0.923880 0.000000 0.382683
vn 0.923880 0.000000 0.382683
vn 0.923880 0.000000 0.382683
vn 0.923880 0.000000 0.382683
vn 0.923880 0.000000 0.382683
vn 0.923880 0.000000 0.382683
vn 0.923880 0.000000 0.382683
vn 0.923880 0.000000 0.382683
vn 0.923880 0.000000 0.382683
vn 0.923880 0.000000 0.382683
vn 0.923880 0.000000 0.382683
vn 0.923880 0.000000 0.382683
vn 0.923880 0.000000 0.382683
vn 0.923880 0.000000 0.382683
vn 0.923880 0.000000 0.382683
vn 0.923880 0.000000 0.382683
vn 0.923880 0.000000 0.382683
vn 0.923880 0.000000 0.382683
vn 0.923880 0.000000 0.382683
vn 0.923880 0.000000 0.382683
vn 0.382683 0.000000 0.923880
vn 0.382683 0.000000 0.923880
vn 0.382683 0.000000 0.923880
vn 0.382683 0.000000 0.923880
vn 0.382683 0.000000 0.923880
vn 0.382683 0.000000 0.923880
vn 0.382683 0.000000 0.923880
vn 0.382683 0.000000 0.923880
vn 0.382683 0.000000 0.923880
vn 0.382683 0.000000 0.923880
vn 0.382683 0.000000 0.923880
vn 0.382683 0.000000 0.923880
vn 0.382683 0.000000 0.923880
vn 0.382683 0.000000 0.923880
vn 0.382683 0.000000 0.923880
vn 0.382683 0.000000 0.923880
vn 0.382683 0.000000 0.923880
vn 0.382683 0.000000 0.923880
vn 0.382683 0.000000 0.923880
vn 0.382683 0.000000 0.923880
vn 0.382683 0.000000 0.923880
vn 0.382683 0.000000 0.923880
vn 0.382683 0.000000 0.923880
vn 0.382683 0.000000 0.923880
vn 0.382683 0.000000 0.923880
vn 0.382683 0.000000 0.923880
vn 0.382683 0.000000 0.923880
vn 0.382683 0.000000 0.923880
vn 0.382683 0.000000 0.923880
vn 0.382683 0.000000 0.923880
vn 0.382683 0.000000 0.923880
vn 0.382683 0.000000 0.923880
vn 0.382683 0.000000 0.923880
vn 0.382683 0.000000 0.923880
vn 0.382683 0.000000 0.923880
vn 0.382683 0.000000 0.923880
vn 0.382683 0.000000 0.923880
vn -0.382683 0.000000 0.923880
vn -0.382683 0.000000 0.923880
vn -0.382683 0.000000 0.923880
vn -0.382683 0.000000 0.923880
vn -0.382683 0.000000 0.923880
vn 0.923880 0.000000 0.382683
vn 0.923880 0.000000 0.382683
vn 0.923880 0.000000 0.382683
vn 0.923880 0.000000 0.382683
vn 0.923880 0.000000 0.382683
vn 0.923880 0.000000 0.382683
vn 0.923880 0.000000 0.382683
vn 0.923880 0.000000 0.382683
vn 0.923880 0.000000 0.382683
vn 0.923880 0.000000 0.382683
vn 0.923880 0.000000 0.382683
vn 0.923880 0.000000 0.382683
vn 0.923880 0.000000 0.382683
vn 0.923880 0.000000 0.382683
vn 0.923880 0.000000 0.382683
vn 0.923880 0.000000 0.382683
vn 0.923880 0.000000 0.382683
vn 0.923880 0.000000 0.382683
vn 0.923880 0.000000 0.382683
vn 0.923880 0.000000 0.382683
vn 0.923880 0.000000 0.382683
vn 0.923880 0.000000 0.382683
vn 0.923880 0.000000 0.382683
vn 0.923880 0.000000 0.382683
vn 0.923880 0.000000 0.382683
vn 0.923880 0.000000 0.382683
vn 0.923880 0.000000 0.382683
vn 0.923880 0.000000 0.382683
vn 0.923880 0.000000 0.382683
vn 0.923880 0.000000 0.382683
vn 0.923880 0.000000 0.382683
vn 0.923880 0.000000 0.382683
vn 0.923880 0.000000 0.382683
vn 0.923880 0.000000 0.382683
vn 0.923880 0.000000 0.382683
vn -0.923880 0.000000 -0.382683
vn -0.923880 0.000000 -0.382683
vn -0.923880 0.000000 -0.382683
vn -0.923880 0.000000 -0.382683
vn -0.382683 0.000000 -0.923880
vn -0.382683 0.000000 -0.923880
vn -0.382683 0.000000 -0.923880
vn -0.382683 0.000000 -0.923880
vn -0.382683 0.000000 -0.923880
vn -0.382683 0.000000 -0.923880
vn -0.382683 0.000000 -0.923880
vn -0.382683 0.000000 -0.923880
vn -0.382683 0.000000 -0.923880
vn -0.382683 0.000000 -0.923880
vn -0.382683 0.000000 -0.923880
vn -0.382683 0.000000 -0.923880
vn -0.382683 0.000000 -0.923880
vn -0.382683 0.000000 -0.923880
vn -0.382683 0.000000 -0.923880
vn -0.382683 0.000000 -0.923880
vn -0.382683 0.000000 -0.923880
vn -0.382683 0.000000 -0.923880
vn -0.382683 0.000000 -0.923880
vn -0.382683 0.000000 -0.923880
vn -0.382683 0.000000 -0.923880
vn -0.382683 0.000000 -0.923880
vn -0.382683 0.000000 -0.923880
vn -0.382683 0.000000 -0.923880
vn -0.382683 0.000000 -0.923880
vn -0.382683 0.000000 -0.923880
vn -0.382683 0.000000 -0.923880
vn -0.382683 0.000000 -0.923880
vn -0.382683 0.000000 -0.923880
vn -0.382683 0.000000 -0.923880
vn -0.382683 0.000000 -0.923880
vn -0.382683 0.000000 -0.923880
vn -0.382683 0.000000 -0.923880
vn -0.382683 0.000000 -0.923880
vn -0.382683 0.000000 -0.923880
vn -0.382683 0.000000 -0.923880
vn -0.382683 0.000000 -0.923880
vn -0.382683 0.000000 -0.923880
vn -0.382683 0.000000 -0.923880
vn -0.382683 0.000000 -0.923880
vn -0.382683 0.000000 -0.923880
vn -0.382683 0.000000 -0.923880
vn -0.382683 0.000000 -0.923880
vn -0.382683 0.000000 -0.923880
vn -0.382683 0.000000 -0.923880
vn -0.382683 0.000000 -0.923880
vn -0.382683 0.000000 -0.923880
vn -0.382683 0.000000 -0.923880
vn -0.382683 0.000000 -0.923880
vn -0.382683 0.000000 -0.923880
vn -0.382683 0.000000 -0.923880
vn -0.382683 0.000000 -0.923880
vn -0.382683 0.000000 -0.923880
vn -0.382683 0.000000 -0.923880
vn 0.382683 0.000000 -0.923880
vn 0.382683 -0.000000 -0.923880
vn 0.382683 0.000000 -0.923880
vn 0.382683 -0.000000 -0.923880
vn -0.923880 0.000000 -0.382683
vn -0.923880 0.000000 -0.382683
vn -0.923880 0.000000 -0.382683
vn -0.923880 0.000000 -0.382683
vn -0.923880 0.000000 -0.382683
vn -0.923880 0.000000 -0.382683
vn -0.382683 0.000000 -0.923880
vn -0.382683 0.000000 -0.923880
vn -0.382683 0.000000 -0.923880
vn -0.382683 0.000000 -0.923880
vn -0.382683 0.000000 -0.923880
vn -0.382683 0.000000 -0.923880
vn -0.382683 0.000000 -0.923880
vn -0.382683 0.000000 -0.923880
vn -0.382683 0.000000 -0.923880
vn -0.382683 0.000000 -0.923880
vn -0.382683 0.000000 -0.923880
vn -0.382683 0.000000 -0.923880
vn -0.382683 0.000000 -0.923880
vn -0.382683 0.000000 -0.923880
vn -0.382683 0.000000 -0.923880
vn -0.382683 0.000000 -0.923880
vn -0.382683 0.000000 -0.923880
vn -0.382683 0.000000 -0.923880
vn -0.382683 0.000000 -0.923880
vn -0.382683 0.000000 -0.923880
vn -0.382683 0.000000 -0.923880
vn -0.382683 0.000000 -0.923880
vn -0.382683 0.000000 -0.923880
vn -0.382683 0.000000 -0.923880
vn -0.382683 0.000000 -0.923880
vn -0.382683 0.000000 -0.923880
vn -0.382683 0.000000 -0.923880
vn -0.382683 0.000000 -0.923880
vn -0.382683 0.000000 -0.923880
vn -0.382683 0.000000 -0.923880
vn -0.382683 0.000000 -0.923880
vn -0.382683 0.000000 -0.923880
vn -0.382683 0.000000 -0.923880
vn -0.382683 0.000000 -0.923880
vn -0.382683 0.000000 -0.923880
vn -0.382683 0.000000 -0.923880
vn -0.382683 0.000000 -0.923880
vn 0.382683 0.000000 -0.923880
vn 0.382683 0.000000 -0.923880
vn 0.382683 0.000000 -0.923880
vn 0.382683 -0.000000 -0.923880
vn 0.382683 0.000000 -0.923880
vn 0.382683 0.000000 -0.923880
vn -0.923880 0.000000 0.382683
vn -0.923880 0.000000 0.382683
vn -0.923880 0.000000 0.382683
vn -0.923880 0.000000 0.382683
vn -0.923880 0.000000 0.382683
vn -0.923880 0.000000 0.382683
vn -0.923880 0.000000 0.382683
vn -0.923880 0.000000 0.382683
vn 0.923880 -0.000000 -0.382683
vn 0.923880 -0.000000 -0.382683
vn 0.923880 -0.000000 -0.382683
vn 0.923880 -0.000000 -0.382683
vn 0.923880 -0.000000 -0.382683
vn 0.923880 0.000000 -0.382683
vn 0.923880 -0.000000 -0.382683
vn 0.923880 0.000000 -0.382683
vn 0.808037 -0.484822 -0.334700
vn 0.808037 -0.484822 -0.334700
vn 0.808037 -0.484822 -0.334700
vn 0.808037 -0.484822 0.334700
vn 0.808037 -0.484822 0.334700
vn 0.808037 -0.484822 0.334700
vn 0.334700 -0.484822 0.808037
vn 0.334700 -0.484822 0.808037
vn 0.334700 -0.484822 0.808037
vn -0.334700 -0.484822 0.808037
vn -0.334700 -0.484822 0.808037
vn -0.334700 -0.484822 0.808037
vn 0.334700 -0.484822 -0.808037
vn 0.334700 -0.484822 -0.808037
vn 0.334700 -0.484822 -0.808037
vn -0.334700 -0.484822 -0.808037
vn -0.334700 -0.484822 -0.808037
vn -0.334700 -0.484822 -0.808037
vn -0.808037 -0.484822 -0.334700
vn -0.808037 -0.484822 -0.334700
vn -0.808037 -0.484822 -0.334700
vn -0.808037 -0.484822 0.334700
vn -0.808037 -0.484822 0.334700
vn -0.808037 -0.484822 0.334700
vn -0.000000 1.000000 0.000000
vn -0.000000 1.000000 0.000000
vn -0.000000 1.000000 0.000000
vn -0.000000 1.000000 0.000000
vn -0.000000 1.000000 0.000000
vn -0.000000 1.000000 0.000000
vn -0.000000 1.000000 0.000000
vn -0.000000 1.000000 0.000000
vn 0.382683 0.000000 0.923880
vn 0.382683 0.000000 0.923880
vn 0.382683 0.000000 0.923880
vn 0.382683 0.000000 0.923880
vn 0.382683 0.000000 0.923880
vn 0.382683 0.000000 0.923880
vn 0.382683 0.000000 0.923880
vn 0.382683 0.000000 0.923880
vn 0.382683 0.000000 0.923880
vn 0.382683 0.000000 0.923880
vn 0.382683 0.000000 0.923880
vn 0.382683 0.000000 0.923880
vn 0.382683 0.000000 0.923880
vn 0.382683 0.000000 0.923880
vn 0.382683 0.000000 0.923880
vn 0.382683 0.000000 0.923880
vn 0.382683 0.000000 0.923880
vn 0.382683 0.000000 0.923880
vn 0.382683 0.000000 0.923880
vn 0.382683 0.000000 0.923880
vn 0.382683 0.000000 0.923880
vn 0.382683 0.000000 0.923880
vn 0.382683 0.000000 0.923880
vn 0.382683 0.000000 0.923880
vn 0.382683 0.000000 0.923880
vn 0.382683 0.000000 0.923880
vn 0.382683 0.000000 0.923880
vn 0.382683 0.000000 0.923880
vn 0.382683 0.000000 0.923880
vn 0.382683 0.000000 0.923880
vn 0.382683 0.000000 0.923880
vn 0.382683 0.000000 0.923880
vn 0.382683 0.000000 0.923880
vn 0.382683 0.000000 0.923880
vn 0.382683 0.000000 0.923880
vn 0.382683 0.000000 0.923880
vn 0.382683 0.000000 0.923880
vn 0.382683 0.000000 0.923880
vn 0.382683 0.000000 0.923880
vn 0.382683 0.000000 0.923880
vn 0.382683 0.000000 0.923880
vn 0.382683 0.000000 0.923880
vn 0.382683 0.000000 0.923880
vn 0.382683 0.000000 0.923880
vn 0.382683 0.000000 0.923880
vn 0.382683 0.000000 0.923880
vn 0.382683 0.000000 0.923880
vn 0.382683 0.000000 0.923880
vn -0.382683 0.000000 0.923880
vn -0.382683 0.000000 0.923880
vn -0.382683 0.000000 0.923880
vn 0.923880 0.000000 0.382683
vn 0.923880 0.000000 0.382683
vn 0.923880 0.000000 0.382683
vn 0.923880 0.000000 0.382683
vn 0.923880 0.000000 0.382683
vn 0.923880 0.000000 0.382683
vn 0.923880 0.000000 0.382683
vn 0.923880 0.000000 0.382683
vn 0.923880 0.000000 0.382683
vn 0.923880 0.000000 0.382683
vn 0.923880 0.000000 0.382683
vn 0.923880 0.000000 0.382683
vn 0.923880 0.000000 0.382683
vn 0.923880 0.000000 0.382683
vn 0.923880 0.000000 0.382683
vn 0.923880 0.000000 0.382683
vn 0.923880 0.000000 0.382683
vn 0.923880 0.000000 0.382683
vn 0.923880 0.000000 0.382683
vn 0.923880 0.000000 0.382683
vn 0.923880 0.000000 0.382683
vn 0.923880 0.000000 0.382683
vn 0.923880 0.000000 0.382683
vn 0.923880 0.000000 0.382683
vn 0.923880 0.000000 0.382683
vn 0.923880 0.000000 0.382683
vn 0.923880 0.000000 0.382683
vn 0.923880 0.000000 0.382683
vn 0.923880 0.000000 0.382683
vn 0.923880 0.000000 0.382683
vn 0.923880 0.000000 0.382683
vn 0.923880 0.000000 0.382683
vn 0.923880 0.000000 0.382683
vn 0.923880 0.000000 0.382683
vn 0.923880 0.000000 0.382683
vn 0.923880 0.000000 0.382683
vn 0.923880 0.000000 0.382683
vn 0.923880 0.000000 0.382683
vn 0.923880 0.000000 0.382683
vn 0.923880 0.000000 0.382683
vn 0.923880 0.000000 0.382683
vn 0.923880 0.000000 0.382683
vn 0.923880 0.000000 0.382683
vn 0.923880 0.000000 0.382683
vn 0.923880 0.000000 0.382683
vn 0.923880 0.000000 0.382683
vn 0.923880 0.000000 0.382683
vn 0.923880 0.000000 0.382683
vn 0.923880 0.000000 0.382683
vn 0.382683 0.000000 0.923880
vn 0.382683 0.000000 0.923880
vn 0.382683 0.000000 0.923880
vn 0.382683 0.000000 0.923880
vn 0.382683 0.000000 0.923880
vn 0.382683 0.000000 0.923880
vn 0.382683 0.000000 0.923880
vn 0.382683 0.000000 0.923880
vn 0.382683 0.000000 0.923880
vn 0.382683 0.000000 0.923880
vn 0.382683 0.000000 0.923880
vn 0.382683 0.000000 0.923880
vn 0.382683 0.000000 0.923880
vn 0.382683 0.000000 0.923880
vn 0.382683 0.000000 0.923880
vn 0.382683 0.000000 0.923880
vn 0.382683 0.000000 0.923880
vn 0.382683 0.000000 0.923880
vn 0.382683 0.000000 0.923880
vn 0.382683 0.000000 0.923880
vn 0.382683 0.000000 0.923880
vn 0.382683 0.000000 0.923880
vn 0.382683 0.000000 0.923880
vn 0.382683 0.000000 0.923880
vn 0.382683 0.000000 0.923880
vn 0.382683 0.000000 0.923880
vn 0.382683 0.000000 0.923880
vn 0.382683 0.000000 0.923880
vn 0.382683 0.000000 0.923880
vn 0.382683 0.000000 0.923880
vn 0.382683 0.000000 0.923880
vn 0.382683 0.000000 0.923880
vn 0.382683 0.000000 0.923880
vn 0.382683 0.000000 0.923880
vn 0.382683 0.000000 0.923880
vn 0.382683 0.000000 0.923880
vn 0.382683 0.000000 0.923880
vn -0.382683 0.000000 0.923880
vn -0.382683 0.000000 0.923880
vn -0.382683 0.000000 0.923880
vn -0.382683 0.000000 0.923880
vn -0.382683 0.000000 0.923880
vn 0.923880 0.000000 0.382683
vn 0.923880 0.000000 0.382683
vn 0.923880 0.000000 0.382683
vn 0.923880 0.000000 0.382683
vn 0.923880 0.000000 0.382683
vn 0.923880 0.000000 0.382683
vn 0.923880 0.000000 0.382683
vn 0.923880 0.000000 0.382683
vn 0.923880 0.000000 0.382683
vn 0.923880 0.000000 0.382683
vn 0.923880 0.000000 0.382683
vn 0.923880 0.000000 0.382683
vn 0.923880 0.000000 0.382683
vn 0.923880 0.000000 0.382683
vn 0.923880 0.000000 0.382683
vn 0.923880 0.000000 0.382683
vn 0.923880 0.000000 0.382683
vn 0.923880 0.000000 0.382683
vn 0.923880 0.000000 0.382683
vn 0.923880 0.000000 0.382683
vn 0.923880 0.000000 0.382683
vn 0.923880 0.000000 0.382683
vn 0.923880 0.000000 0.382683
vn 0.923880 0.000000 0.382683
vn 0.923880 0.000000 0.382683
vn 0.923880 0.000000 0.382683
vn 0.923880 0.000000 0.382683
vn 0.923880 0.000000 0.382683
vn 0.923880 0.000000 0.382683
vn 0.923880 0.000000 0.382683
vn 0.923880 0.000000 0.382683
vn 0.923880 0.000000 0.382683
vn 0.923880 0.000000 0.382683
vn 0.923880 0.000000 0.382683
vn 0.923880 0.000000 0.382683
vn -0.923880 0.000000 -0.382683
vn -0.923880 0.000000 -0.382683
vn -0.923880 0.000000 -0.382683
vn -0.923880 0.000000 -0.382683
vn -0.382683 0.000000 -0.923880
vn -0.382683 0.000000 -0.923880
vn -0.382683 0.000000 -0.923880
vn -0.382683 0.000000 -0.923880
vn -0.382683 0.000000 -0.923880
vn -0.382683 0.000000 -0.923880
vn -0.382683 0.000000 -0.923880
vn -0.382683 0.000000 -0.923880
vn -0.382683 0.000000 -0.923880
vn -0.382683 0.000000 -0.923880
vn -0.382683 0.000000 -0.923880
vn -0.382683 0.000000 -0.923880
vn -0.382683 0.000000 -0.923880
vn -0.382683 0.000000 -0.923880
vn -0.382683 0.000000 -0.923880
vn -0.382683 0.000000 -0.923880
vn -0.382683 0.000000 -0.923880
vn -0.382683 0.000000 -0.923880
vn -0.382683 0.000000 -0.923880
vn -0.382683 0.000000 -0.923880
vn -0.382683 0.000000 -0.923880
vn -0.382683 0.000000 -0.923880
vn -0.382683 0.000000 -0.923880
vn -0.382683 0.000000 -0.923880
vn -0.382683 0.000000 -0.923880
vn -0.382683 0.000000 -0.923880
vn -0.382683 0.000000 -0.923880
vn -0.382683 0.000000 -0.923880
vn -0.382683 0.000000 -0.923880
vn -0.382683 0.000000 -0.923880
vn -0.382683 0.000000 -0.923880
vn -0.382683 0.000000 -0.923880
vn -0.382683 0.000000 -0.923880
vn -0.382683 0.000000 -0.923880
vn -0.382683 0.000000 -0.923880
vn -0.382683 0.000000 -0.923880
vn -0.382683 0.000000 -0.923880
vn -0.382683 0.000000 -0.923880
vn -0.382683 0.000000 -0.923880
vn -0.382683 0.000000 -0.923880
vn -0.382683 0.000000 -0.923880
vn -0.382683 0.000000 -0.923880
vn -0.382683 0.000000 -0.923880
vn -0.382683 0.000000 -0.923880
vn -0.382683 0.000000 -0.923880
vn -0.382683 0.000000 -0.923880
vn -0.382683 0.000000 -0.923880
vn -0.382683 0.000000 -0.923880
vn -0.382683 0.000000 -0.923880
vn -0.382683 0.000000 -0.923880
vn -0.382683 0.000000 -0.923880
vn -0.382683 0.000000 -0.923880
vn -0.382683 0.000000 -0.923880
vn -0.382683 0.000000 -0.923880
vn 0.382683 0.000000 -0.923880
vn 0.382683 -0.000000 -0.923880
vn 0.382683 0.000000 -0.923880
vn 0.382683 -0.000000 -0.923880
vn -0.923880 0.000000 -0.382683
vn -0.923880 0.000000 -0.382683
vn -0.923880 0.000000 -0.382683
vn -0.923880 0.000000 -0.382683
vn -0.923880 0.000000 -0.382683
vn -0.923880 0.000000 -0.382683
vn -0.382683 0.000000 -0.923880
vn -0.382683 0.000000 -0.923880
vn -0.382683 0.000000 -0.923880
vn -0.382683 0.000000 -0.923880
vn -0.382683 0.000000 -0.923880
vn -0.382683 0.000000 -0.923880
vn -0.382683 0.000000 -0.923880
vn -0.382683 0.000000 -0.923880
vn -0.382683 0.000000 -0.923880
vn -0.382683 0.000000 -0.923880
vn -0.382683 0.000000 -0.923880
vn -0.382683 0.000000 -0.923880
vn -0.382683 0.000000 -0.923880
vn -0.382683 0.000000 -0.923880
vn -0.382683 0.000000 -0.923880
vn -0.382683 0.000000 -0.923880
vn -0.382683 0.000000 -0.923880
vn -0.382683 0.000000 -0.923880
vn -0.382683 0.000000 -0.923880
vn -0.382683 0.000000 -0.923880
vn -0.382683 0.000000 -0.923880
vn -0.382683 0.000000 -0.923880
vn -0.382683 0.000000 -0.923880
vn -0.382683 0.000000 -0.923880
vn -0.382683 0.000000 -0.923880
vn -0.382683 0.000000 -0.923880
vn -0.382683 0.000000 -0.923880
vn -0.382683 0.000000 -0.923880
vn -0.382683 0.000000 -0.923880
vn -0.382683 0.000000 -0.923880
vn -0.382683 0.000000 -0.923880
vn -0.382683 0.000000 -0.923880
vn -0.382683 0.000000 -0.923880
vn -0.382683 0.000000 -0.923880
vn -0.382683 0.000000 -0.923880
vn -0.382683 0.000000 -0.923880
vn -0.382683 0.000000 -0.923880
vn 0.382683 0.000000 -0.923880
vn 0.382683 0.000000 -0.923880
vn 0.382683 0.000000 -0.923880
vn 0.382683 -0.000000 -0.923880
vn 0.382683 0.000000 -0.923880
vn 0.382683 0.000000 -0.923880
vn -0.923880 0.000000 0.382683
vn -0.923880 0.000000 0.382683
vn -0.923880 0.000000 0.382683
vn -0.923880 0.000000 0.382683
vn -0.923880 0.000000 0.382683
vn -0.923880 0.000000 0.382683
vn -0.923880 0.000000 0.382683
vn -0.923880 0.000000 0.382683
vn 0.923880 -0.000000 -0.382683
vn 0.923880 -0.000000 -0.382683
vn 0.923880 -0.000000 -0.382683
vn 0.923880 -0.000000 -0.382683
vn 0.923880 -0.000000 -0.382683
vn 0.923880 0.000000 -0.382683
vn 0.923880 -0.000000 -0.382683
vn 0.923880 0.000000 -0.382683
vn 0.808037 -0.484822 -0.334700
vn 0.808037 -0.484822 -0.334700
vn 0.808037 -0.484822 -0.334700
vn 0.808037 -0.484822 0.334700
vn 0.808037 -0.484822 0.334700
vn 0.808037 -0.484822 0.334700
vn 0.334700 -0.484822 0.808037
vn 0.334700 -0.484822 0.808037
vn 0.334700 -0.484822 0.808037
vn -0.334700 -0.484822 0.808037
vn -0.334700 -0.484822 0.808037
vn -0.334700 -0.484822 0.808037
vn 0.334700 -0.484822 -0.808037
vn 0.334700 -0.484822 -0.808037
vn 0.334700 -0.484822 -0.808037
vn -0.334700 -0.484822 -0.808037
vn -0.334700 -0.484822 -0.808037
vn -0.334700 -0.484822 -0.808037
vn -0.808037 -0.484822 -0.334700
vn -0.808037 -0.484822 -0.334700
vn -0.808037 -0.484822 -0.334700
vn -0.808037 -0.484822 0.334700
vn -0.808037 -0.484822 0.334700
vn -0.808037 -0.484822 0.334700
vn -0.000000 1.000000 0.000000
vn -0.000000 1.000000 0.000000
vn -0.000000 1.000000 0.000000
vn -0.000000 1.000000 0.000000
vn -0.000000 1.000000 0.000000
vn -0.000000 1.000000 0.000000
vn -0.000000 1.000000 0.000000
vn -0.000000 1.000000 0.000000
vn 0.382683 0.000000 0.923880
vn 0.382683 0.000000 0.923880
vn 0.382683 0.000000 0.923880
vn 0.382683 0.000000 0.923880
vn 0.382683 0.000000 0.923880
vn 0.382683 0.000000 0.923880
vn 0.382683 0.000000 0.923880
vn 0.382683 0.000000 0.923880
vn 0.382683 0.000000 0.923880
vn 0.382683 0.000000 0.923880
vn 0.382683 0.000000 0.923880
vn 0.382683 0.000000 0.923880
vn 0.382683 0.000000 0.923880
vn 0.382683 0.000000 0.923880
vn 0.382683 0.000000 0.923880
vn 0.382683 0.000000 0.923880
vn 0.382683 0.000000 0.923880
vn 0.382683 0.000000 0.923880
vn 0.382683 0.000000 0.923880
vn 0.382683 0.000000 0.923880
vn 0.382683 0.000000 0.923880
vn 0.382683 0.000000 0.923880
vn 0.382683 0.000000 0.923880
vn 0.382683 0.000000 0.923880
vn 0.382683 0.000000 0.923880
vn 0.382683 0.000000 0.923880
vn 0.382683 0.000000 0.923880
vn 0.382683 0.000000 0.923880
vn 0.382683 0.000000 0.923880
vn 0.382683 0.000000 0.923880
vn 0.382683 0.000000 0.923880
vn 0.382683 0.000000 0.923880
vn 0.382683 0.000000 0.923880
vn 0.382683 0.000000 0.923880
vn 0.382683 0.000000 0.923880
vn 0.382683 0.000000 0.923880
vn 0.382683 0.000000 0.923880
vn 0.382683 0.000000 0.923880
vn 0.382683 0.000000 0.923880
vn 0.382683 0.000000 0.923880
vn 0.382683 0.000000 0.923880
vn 0.382683 0.000000 0.923880
vn 0.382683 0.000000 0.923880
vn 0.382683 0.000000 0.923880
vn 0.382683 0.000000 0.923880
vn 0.382683 0.000000 0.923880
vn 0.382683 0.000000 0.923880
vn 0.382683 0.000000 0.923880
vn -0.382683 0.000000 0.923880
vn -0.382683 0.000000 0.923880
vn -0.382683 0.000000 0.923880
vn 0.923880 0.000000 0.382683
vn 0.923880 0.000000 0.382683
vn 0.923880 0.000000 0.382683
vn 0.923880 0.000000 0.382683
vn 0.923880 0.000000 0.382683
vn 0.923880 0.000000 0.382683
vn 0.923880 0.000000 0.382683
vn 0.923880 0.000000 0.382683
vn 0.923880 0.000000 0.382683
vn 0.923880 0.000000 0.382683
vn 0.923880 0.000000 0.382683
vn 0.923880 0.000000 0.382683
vn 0.923880 0.000000 0.382683
vn 0.923880 0.000000 0.382683
vn 0.923880 0.000000 0.382683
vn 0.923880 0.000000 0.382683
vn 0.923880 0.000000 0.382683
vn 0.923880 0.000000 0.382683
vn 0.923880 0.000000 0.382683
vn 0.923880 0.000000 0.382683
vn 0.923880 0.000000 0.382683
vn 0.923880 0.000000 0.382683
vn 0.923880 0.000000 0.382683
vn 0.923880 0.000000 0.382683
vn 0.923880 0.000000 0.382683
vn 0.923880 0.000000 0.382683
vn 0.923880 0.000000 0.382683
vn 0.923880 0.000000 0.382683
vn 0.923880 0.000000 0.382683
vn 0.923880 0.000000 0.382683
vn 0.923880 0.000000 0.382683
vn 0.923880 0.000000 0.382683
vn 0.923880 0.000000 0.382683
vn 0.923880 0.000000 0.382683
vn 0.923880 0.000000 0.382683
vn 0.923880 0.000000 0.382683
vn 0.923880 0.000000 0.382683
vn 0.923880 0.000000 0.382683
vn 0.923880 0.000000 0.382683
vn 0.923880 0.000000 0.382683
vn 0.923880 0.000000 0.382683
vn 0.923880 0.000000 0.382683
vn 0.923880 0.000000 0.382683
vn 0.923880 0.000000 0.382683
vn 0.923880 0.000000 0.382683
vn 0.923880 0.000000 0.382683
vn 0.923880 0.000000 0.382683
vn 0.923880 0.000000 0.382683
vn 0.923880 0.000000 0.382683
vn 0.382683 0.000000 0.923880
vn 0.382683 0.000000 0.923880
vn 0.382683 0.000000 0.923880
vn 0.382683 0.000000 0.923880
vn 0.382683 0.000000 0.923880
vn 0.382683 0.000000 0.923880
vn 0.382683 0.000000 0.923880
vn 0.382683 0.000000 0.923880
vn 0.382683 0.000000 0.923880
vn 0.382683 0.000000 0.923880
vn 0.382683 0.000000 0.923880
vn 0.382683 0.000000 0.923880
vn 0.382683 0.000000 0.923880
vn 0.382683 0.000000 0.923880
vn 0.382683 0.000000 0.923880
vn 0.382683 0.000000 0.923880
vn 0.382683 0.000000 0.923880
vn 0.382683 0.000000 0.923880
vn 0.382683 0.000000 0.923880
vn 0.382683 0.000000 0.923880
vn 0.382683 0.000000 0.923880
vn 0.382683 0.000000 0.923880
vn 0.382683 0.000000 0.923880
vn 0.382683 0.000000 0.923880
vn 0.382683 0.000000 0.923880
vn 0.382683 0.000000 0.923880
vn 0.382683 0.000000 0.923880
vn 0.382683 0.000000 0.923880
vn 0.382683 0.000000 0.923880
vn 0.382683 0.000000 0.923880
vn 0.382683 0.000000 0.923880
vn 0.382683 0.000000 0.923880
vn 0.382683 0.000000 0.923880
vn 0.382683 0.000000 0.923880
vn 0.382683 0.000000 0.923880
vn 0.382683 0.000000 0.923880
vn 0.382683 0.000000 0.923880
vn -0.382683 0.000000 0.923880
vn -0.382683 0.000000 0.923880
vn -0.382683 0.000000 0.923880
vn -0.382683 0.000000 0.923880
vn -0.382683 0.000000 0.923880
vn 0.923880 0.000000 0.382683
vn 0.923880 0.000000 0.382683
vn 0.923880 0.000000 0.382683
vn 0.923880 0.000000 0.382683
vn 0.923880 0.000000 0.382683
vn 0.923880 0.000000 0.382683
vn 0.923880 0.000000 0.382683
vn 0.923880 0.000000 0.382683
vn 0.923880 0.000000 0.382683
vn 0.923880 0.000000 0.382683
vn 0.923880 0.000000 0.382683
vn 0.923880 0.000000 0.382683
vn 0.923880 0.000000 0.382683
vn 0.923880 0.000000 0.382683
vn 0.923880 0.000000 0.382683
vn 0.923880 0.000000 0.382683
vn 0.923880 0.000000 0.382683
vn 0.923880 0.000000 0.382683
vn 0.923880 0.000000 0.382683
vn 0.923880 0.000000 0.382683
vn 0.923880 0.000000 0.382683
vn 0.923880 0.000000 0.382683
vn 0.923880 0.000000 0.382683
vn 0.923880 0.000000 0.382683
vn 0.923880 0.000000 0.382683
vn 0.923880 0.000000 0.382683
vn 0.923880 0.000000 0.382683
vn 0.923880 0.000000 0.382683
vn 0.923880 0.000000 0.382683
vn 0.923880 0.000000 0.382683
vn 0.923880 0.000000 0.382683
vn 0.923880 0.000000 0.382683
vn 0.923880 0.000000 0.382683
vn 0.923880 0.000000 0.382683
vn 0.923880 0.000000 0.382683
vn -0.923880 0.000000 -0.382683
vn -0.923880 0.000000 -0.382683
vn -0.923880 0.000000 -0.382683
vn -0.923880 0.000000 -0.382683
vn -0.382683 0.000000 -0.923880
vn -0.382683 0.000000 -0.923880
vn -0.382683 0.000000 -0.923880
vn -0.382683 0.000000 -0.923880
vn -0.382683 0.000000 -0.923880
vn -0.382683 0.000000 -0.923880
vn -0.382683 0.000000 -0.923880
vn -0.382683 0.000000 -0.923880
vn -0.382683 0.000000 -0.923880
vn -0.382683 0.000000 -0.923880
vn -0.382683 0.000000 -0.923880
vn -0.382683 0.000000 -0.923880
vn -0.382683 0.000000 -0.923880
vn -0.382683 0.000000 -0.923880
vn -0.382683 0.000000 -0.923880
vn -0.382683 0.000000 -0.923880
vn -0.382683 0.000000 -0.923880
vn -0.382683 0.000000 -0.923880
vn -0.382683 0.000000 -0.923880
vn -0.382683 0.000000 -0.923880
vn -0.382683 0.000000 -0.923880
vn -0.382683 0.000000 -0.923880
vn -0.382683 0.000000 -0.923880
vn -0.382683 0.000000 -0.923880
vn -0.382683 0.000000 -0.923880
vn -0.382683 0.000000 -0.923880
vn -0.382683 0.000000 -0.923880
vn -0.382683 0.000000 -0.923880
vn -0.382683 0.000000 -0.923880
vn -0.382683 0.000000 -0.923880
vn -0.382683 0.000000 -0.923880
vn -0.382683 0.000000 -0.923880
vn -0.382683 0.000000 -0.923880
vn -0.382683 0.000000 -0.923880
vn -0.382683 0.000000 -0.923880
vn -0.382683 0.000000 -0.923880
vn -0.382683 0.000000 -0.923880
vn -0.382683 0.000000 -0.923880
vn -0.382683 0.000000 -0.923880
vn -0.382683 0.000000 -0.923880
vn -0.382683 0.000000 -0.923880
vn -0.382683 0.000000 -0.923880
vn -0.382683 0.000000 -0.923880
vn -0.382683 0.000000 -0.923880
vn -0.382683 0.000000 -0.923880
vn -0.382683 0.000000 -0.923880
vn -0.382683 0.000000 -0.923880
vn -0.382683 0.000000 -0.923880
vn -0.382683 0.000000 -0.923880
vn -0.382683 0.000000 -0.923880
vn -0.382683 0.000000 -0.923880
vn -0.382683 0.000000 -0.923880
vn -0.382683 0.000000 -0.923880
vn -0.382683 0.000000 -0.923880
vn 0.382683 0.000000 -0.923880
vn 0.382683 -0.000000 -0.923880
vn 0.382683 0.000000 -0.923880
vn 0.382683 -0.000000 -0.923880
vn -0.923880 0.000000 -0.382683
vn -0.923880 0.000000 -0.382683
vn -0.923880 0.000000 -0.382683
vn -0.923880 0.000000 -0.382683
vn -0.923880 0.000000 -0.382683
vn -0.923880 0.000000 -0.382683
vn -0.382683 0.000000 -0.923880
vn -0.382683 0.000000 -0.923880
vn -0.382683 0.000000 -0.923880
vn -0.382683 0.000000 -0.923880
vn -0.382683 0.000000 -0.923880
vn -0.382683 0.000000 -0.923880
vn -0.382683 0.000000 -0.923880
vn -0.382683 0.000000 -0.923880
vn -0.382683 0.000000 -0.923880
vn -0.382683 0.000000 -0.923880
vn -0.382683 0.000000 -0.923880
vn -0.382683 0.000000 -0.923880
vn -0.382683 0.000000 -0.923880
vn -0.382683 0.000000 -0.923880
vn -0.382683 0.000000 -0.923880
vn -0.382683 0.000000 -0.923880
vn -0.382683 0.000000 -0.923880
vn -0.382683 0.000000 -0.923880
vn -0.382683 0.000000 -0.923880
vn -0.382683 0.000000 -0.923880
vn -0.382683 0.000000 -0.923880
vn -0.382683 0.000000 -0.923880
vn -0.382683 0.000000 -0.923880
vn -0.382683 0.000000 -0.923880
vn -0.382683 0.000000 -0.923880
vn -0.382683 0.000000 -0.923880
vn -0.382683 0.000000 -0.923880
vn -0.382683 0.000000 -0.923880
vn -0.382683 0.000000 -0.923880
vn -0.382683 0.000000 -0.923880
vn -0.382683 0.000000 -0.923880
vn -0.382683 0.000000 -0.923880
vn -0.382683 0.000000 -0.923880
vn -0.382683 0.000000 -0.923880
vn -0.382683 0.000000 -0.923880
vn -0.382683 0.000000 -0.923880
vn -0.382683 0.000000 -0.923880
vn 0.382683 0.000000 -0.923880
vn 0.382683 0.000000 -0.923880
vn 0.382683 0.000000 -0.923880
vn 0.382683 -0.000000 -0.923880
vn 0.382683 0.000000 -0.923880
vn 0.382683 0.000000 -0.923880
vn -0.923880 0.000000 0.382683
vn -0.923880 0.000000 0.382683
vn -0.923880 0.000000 0.382683
vn -0.923880 0.000000 0.382683
vn -0.923880 0.000000 0.382683
vn -0.923880 0.000000 0.382683
vn -0.923880 0.000000 0.382683
vn -0.923880 0.000000 0.382683
vn 0.923880 -0.000000 -0.382683
vn 0.923880 -0.000000 -0.382683
vn 0.923880 -0.000000 -0.382683
vn 0.923880 -0.000000 -0.382683
vn 0.923880 -0.000000 -0.382683
vn 0.923880 0.000000 -0.382683
vn 0.923880 -0.000000 -0.382683
vn 0.923880 0.000000 -0.382683
vn 0.808037 -0.484822 -0.334700
vn 0.808037 -0.484822 -0.334700
vn 0.808037 -0.484822 -0.334700
vn 0.808037 -0.484822 0.334700
vn 0.808037 -0.484822 0.334700
vn 0.808037 -0.484822 0.334700
vn 0.334700 -0.484822 0.808037
vn 0.334700 -0.484822 0.808037
vn 0.334700 -0.484822 0.808037
vn -0.334700 -0.484822 0.808037
vn -0.334700 -0.484822 0.808037
vn -0.334700 -0.484822 0.808037
vn 0.334700 -0.484822 -0.808037
vn 0.334700 -0.484822 -0.808037
vn 0.334700 -0.484822 -0.808037
vn -0.334700 -0.484822 -0.808037
vn -0.334700 -0.484822 -0.808037
vn -0.334700 -0.484822 -0.808037
vn -0.808037 -0.484822 -0.334700
vn -0.808037 -0.484822 -0.334700
vn -0.808037 -0.484822 -0.334700
vn -0.808037 -0.484822 0.334700
vn -0.808037 -0.484822 0.334700
vn -0.808037 -0.484822 0.334700
vn -0.000000 1.000000 0.000000
vn -0.000000 1.000000 0.000000
vn -0.000000 1.000000 0.000000
vn -0.000000 1.000000 0.000000
vn -0.000000 1.000000 0.000000
vn -0.000000 1.000000 0.000000
vn -0.000000 1.000000 0.000000
vn -0.000000 1.000000 0.000000
vn 0.382683 0.000000 0.923880
vn 0.382683 0.000000 0.923880
vn 0.382683 0.000000 0.923880
vn 0.382683 0.000000 0.923880
vn 0.382683 0.000000 0.923880
vn 0.382683 0.000000 0.923880
vn 0.382683 0.000000 0.923880
vn 0.382683 0.000000 0.923880
vn 0.382683 0.000000 0.923880
vn 0.382683 0.000000 0.923880
vn 0.382683 0.000000 0.923880
vn 0.382683 0.000000 0.923880
vn 0.382683 0.000000 0.923880
vn 0.382683 0.000000 0.923880
vn 0.382683 0.000000 0.923880
vn 0.382683 0.000000 0.923880
vn 0.382683 0.000000 0.923880
vn 0.382683 0.000000 0.923880
vn 0.382683 0.000000 0.923880
vn 0.382683 0.000000 0.923880
vn 0.382683 0.000000 0.923880
vn 0.382683 0.000000 0.923880
vn 0.382683 0.000000 0.923880
vn 0.382683 0.000000 0.923880
vn 0.382683 0.000000 0.923880
vn 0.382683 0.000000 0.923880
vn 0.382683 0.000000 0.923880
vn 0.382683 0.000000 0.923880
vn 0.382683 0.000000 0.923880
vn 0.382683 0.000000 0.923880
vn 0.382683 0.000000 0.923880
vn 0.382683 0.000000 0.923880
vn 0.382683 0.000000 0.923880
vn 0.382683 0.000000 0.923880
vn 0.382683 0.000000 0.923880
vn 0.382683 0.000000 0.923880
vn 0.382683 0.000000 0.923880
vn 0.382683 0.000000 0.923880
vn 0.382683 0.000000 0.923880
vn 0.382683 0.000000 0.923880
vn 0.382683 0.000000 0.923880
vn 0.382683 0.000000 0.923880
vn 0.382683 0.000000 0.923880
vn 0.382683 0.000000 0.923880
vn 0.382683 0.000000 0.923880
vn 0.382683 0.000000 0.923880
vn 0.382683 0.000000 0.923880
vn 0.382683 0.000000 0.923880
vn -0.382683 0.000000 0.923880
vn -0.382683 0.000000 0.923880
vn -0.382683 0.000000 0.923880
vn 0.923880 0.000000 0.382683
vn 0.923880 0.000000 0.382683
vn 0.923880 0.000000 0.382683
vn 0.923880 0.000000 0.382683
vn 0.923880 0.000000 0.382683
vn 0.923880 0.000000 0.382683
vn 0.923880 0.000000 0.382683
vn 0.923880 0.000000 0.382683
vn 0.923880 0.000000 0.382683
vn 0.923880 0.000000 0.382683
vn 0.923880 0.000000 0.382683
vn 0.923880 0.000000 0.382683
vn 0.923880 0.000000 0.382683
vn 0.923880 0.000000 0.382683
vn 0.923880 0.000000 0.382683
vn 0.923880 0.000000 0.382683
vn 0.923880 0.000000 0.382683
vn 0.923880 0.000000 0.382683
vn 0.923880 0.000000 0.382683
vn 0.923880 0.000000 0.382683
vn 0.923880 0.000000 0.382683
vn 0.923880 0.000000 0.382683
vn 0.923880 0.000000 0.382683
vn 0.923880 0.000000 0.382683
vn 0.923880 0.000000 0.382683
vn 0.923880 0.000000 0.382683
vn 0.923880 0.000000 0.382683
vn 0.923880 0.000000 0.382683
vn 0.923880 0.000000 0.382683
vn 0.923880 0.000000 0.382683
vn 0.923880 0.000000 0.382683
vn 0.923880 0.000000 0.382683
vn 0.923880 0.000000 0.382683
vn 0.923880 0.000000 0.382683
vn 0.923880 0.000000 0.382683
vn 0.923880 0.000000 0.382683
vn 0.923880 0.000000 0.382683
vn 0.923880 0.000000 0.382683
vn 0.923880 0.000000 0.382683
vn 0.923880 0.000000 0.382683
vn 0.923880 0.000000 0.382683
vn 0.923880 0.000000 0.382683
vn 0.923880 0.000000 0.382683
vn 0.923880 0.000000 0.382683
vn 0.923880 0.000000 0.382683
vn 0.923880 0.000000 0.382683
vn 0.923880 0.000000 0.382683
vn 0.923880 0.000000 0.382683
vn 0.923880 0.000000 0.382683
vn 0.382683 0.000000 0.923880
vn 0.382683 0.000000 0.923880
vn 0.382683 0.000000 0.923880
vn 0.382683 0.000000 0.923880
vn 0.382683 0.000000 0.923880
vn 0.382683 0.000000 0.923880
vn 0.382683 0.000000 0.923880
vn 0.382683 0.000000 0.923880
vn 0.382683 0.000000 0.923880
vn 0.382683 0.000000 0.923880
vn 0.382683 0.000000 0.923880
vn 0.382683 0.000000 0.923880
vn 0.382683 0.000000 0.923880
vn 0.382683 0.000000 0.923880
vn 0.382683 0.000000 0.923880
vn 0.382683 0.000000 0.923880
vn 0.382683 0.000000 0.923880
vn 0.382683 0.000000 0.923880
vn 0.382683 0.000000 0.923880
vn 0.382683 0.000000 0.923880
vn 0.382683 0.000000 0.923880
vn 0.382683 0.000000 0.923880
vn 0.382683 0.000000 0.923880
vn 0.382683 0.000000 0.923880
vn 0.382683 0.000000 0.923880
vn 0.382683 0.000000 0.923880
vn 0.382683 0.000000 0.923880
vn 0.382683 0.000000 0.923880
vn 0.382683 0.000000 0.923880
vn 0.382683 0.000000 0.923880
vn 0.382683 0.000000 0.923880
vn 0.382683 0.000000 0.923880
vn 0.382683 0.000000 0.923880
vn 0.382683 0.000000 0.923880
vn 0.382683 0.000000 0.923880
vn 0.382683 0.000000 0.923880
vn 0.382683 0.000000 0.923880
vn -0.382683 0.000000 0.923880
vn -0.382683 0.000000 0.923880
vn -0.382683 0.000000 0.923880
vn -0.382683 0.000000 0.923880
vn -0.382683 0.000000 0.923880
vn 0.923880 0.000000 0.382683
vn 0.923880 0.000000 0.382683
vn 0.923880 0.000000 0.382683
vn 0.923880 0.000000 0.382683
vn 0.923880 0.000000 0.382683
vn 0.923880 0.000000 0.382683
vn 0.923880 0.000000 0.382683
vn 0.923880 0.000000 0.382683
vn 0.923880 0.000000 0.382683
vn 0.923880 0.000000 0.382683
vn 0.923880 0.000000 0.382683
vn 0.923880 0.000000 0.382683
vn 0.923880 0.000000 0.382683
vn 0.923880 0.000000 0.382683
vn 0.923880 0.000000 0.382683
vn 0.923880 0.000000 0.382683
vn 0.923880 0.000000 0.382683
vn 0.923880 0.000000 0.382683
vn 0.923880 0.000000 0.382683
vn 0.923880 0.000000 0.382683
vn 0.923880 0.000000 0.382683
vn 0.923880 0.000000 0.382683
vn 0.923880 0.000000 0.382683
vn 0.923880 0.000000 0.382683
vn 0.923880 0.000000 0.382683
vn 0.923880 0.000000 0.382683
vn 0.923880 0.000000 0.382683
vn 0.923880 0.000000 0.382683
vn 0.923880 0.000000 0.382683
vn 0.923880 0.000000 0.382683
vn 0.923880 0.000000 0.382683
vn 0.923880 0.000000 0.382683
vn 0.923880 0.000000 0.382683
vn 0.923880 0.000000 0.382683
vn 0.923880 0.000000 0.382683
vn -0.923880 0.000000 -0.382683
vn -0.923880 0.000000 -0.382683
vn -0.923880 0.000000 -0.382683
vn -0.923880 0.000000 -0.382683
vn -0.382683 0.000000 -0.923880
vn -0.382683 0.000000 -0.923880
vn -0.382683 0.000000 -0.923880
vn -0.382683 0.000000 -0.923880
vn -0.382683 0.000000 -0.923880
vn -0.382683 0.000000 -0.923880
vn -0.382683 0.000000 -0.923880
vn -0.382683 0.000000 -0.923880
vn -0.382683 0.000000 -0.923880
vn -0.382683 0.000000 -0.923880
vn -0.382683 0.000000 -0.923880
vn -0.382683 0.000000 -0.923880
vn -0.382683 0.000000 -0.923880
vn -0.382683 0.000000 -0.923880
vn -0.382683 0.000000 -0.923880
vn -0.382683 0.000000 -0.923880
vn -0.382683 0.000000 -0.923880
vn -0.382683 0.000000 -0.923880
vn -0.382683 0.000000 -0.923880
vn -0.382683 0.000000 -0.923880
vn -0.382683 0.000000 -0.923880
vn -0.382683 0.000000 -0.923880
vn -0.382683 0.000000 -0.923880
vn -0.382683 0.000000 -0.923880
vn -0.382683 0.000000 -0.923880
vn -0.382683 0.000000 -0.923880
vn -0.382683 0.000000 -0.923880
vn -0.382683 0.000000 -0.923880
vn -0.382683 0.000000 -0.923880
vn -0.382683 0.000000 -0.923880
vn -0.382683 0.000000 -0.923880
vn -0.382683 0.000000 -0.923880
vn -0.382683 0.000000 -0.923880
vn -0.382683 0.000000 -0.923880
vn -0.382683 0.000000 -0.923880
vn -0.382683 0.000000 -0.923880
vn -0.382683 0.000000 -0.923880
vn -0.382683 0.000000 -0.923880
vn -0.382683 0.000000 -0.923880
vn -0.382683 0.000000 -0.923880
vn -0.382683 0.000000 -0.923880
vn -0.382683 0.000000 -0.923880
vn -0.382683 0.000000 -0.923880
vn -0.382683 0.000000 -0.923880
vn -0.382683 0.000000 -0.923880
vn -0.382683 0.000000 -0.923880
vn -0.382683 0.000000 -0.923880
vn -0.382683 0.000000 -0.923880
vn -0.382683 0.000000 -0.923880
vn -0.382683 0.000000 -0.923880
vn -0.382683 0.000000 -0.923880
vn -0.382683 0.000000 -0.923880
vn -0.382683 0.000000 -0.923880
vn -0.382683 0.000000 -0.923880
vn 0.382683 0.000000 -0.923880
vn 0.382683 -0.000000 -0.923880
vn 0.382683 0.000000 -0.923880
vn 0.382683 -0.000000 -0.923880
vn -0.923880 0.000000 -0.382683
vn -0.923880 0.000000 -0.382683
vn -0.923880 0.000000 -0.382683
vn -0.923880 0.000000 -0.382683
vn -0.923880 0.000000 -0.382683
vn -0.923880 0.000000 -0.382683
vn -0.382683 0.000000 -0.923880
vn -0.382683 0.000000 -0.923880
vn -0.382683 0.000000 -0.923880
vn -0.382683 0.000000 -0.923880
vn -0.382683 0.000000 -0.923880
vn -0.382683 0.000000 -0.923880
vn -0.382683 0.000000 -0.923880
vn -0.382683 0.000000 -0.923880
vn -0.382683 0.000000 -0.923880
vn -0.382683 0.000000 -0.923880
vn -0.382683 0.000000 -0.923880
vn -0.382683 0.000000 -0.923880
vn -0.382683 0.000000 -0.923880
vn -0.382683 0.000000 -0.923880
vn -0.382683 0.000000 -0.923880
vn -0.382683 0.000000 -0.923880
vn -0.382683 0.000000 -0.923880
vn -0.382683 0.000000 -0.923880
vn -0.382683 0.000000 -0.923880
vn -0.382683 0.000000 -0.923880
vn -0.382683 0.000000 -0.923880
vn -0.382683 0.000000 -0.923880
vn -0.382683 0.000000 -0.923880
vn -0.382683 0.000000 -0.923880
vn -0.382683 0.000000 -0.923880
vn -0.382683 0.000000 -0.923880
vn -0.382683 0.000000 -0.923880
vn -0.382683 0.000000 -0.923880
vn -0.382683 0.000000 -0.923880
vn -0.382683 0.000000 -0.923880
vn -0.382683 0.000000 -0.923880
vn -0.382683 0.000000 -0.923880
vn -0.382683 0.000000 -0.923880
vn -0.382683 0.000000 -0.923880
vn -0.382683 0.000000 -0.923880
vn -0.382683 0.000000 -0.923880
vn -0.382683 0.000000 -0.923880
vn 0.382683 0.000000 -0.923880
vn 0.382683 0.000000 -0.923880
vn 0.382683 0.000000 -0.923880
vn 0.382683 -0.000000 -0.923880
vn 0.382683 0.000000 -0.923880
vn 0.382683 0.000000 -0.923880
vn -0.923880 0.000000 0.382683
vn -0.923880 0.000000 0.382683
vn -0.923880 0.000000 0.382683
vn -0.923880 0.000000 0.382683
vn -0.923880 0.000000 0.382683
vn -0.923880 0.000000 0.382683
vn -0.923880 0.000000 0.382683
vn -0.923880 0.000000 0.382683
vn 0.923880 -0.000000 -0.382683
vn 0.923880 -0.000000 -0.382683
vn 0.923880 -0.000000 -0.382683
vn 0.923880 -0.000000 -0.382683
vn 0.923880 -0.000000 -0.382683
vn 0.923880 0.000000 -0.382683
vn 0.923880 -0.000000 -0.382683
vn 0.923880 0.000000 -0.382683
vn 0.808037 -0.484822 -0.334700
vn 0.808037 -0.484822 -0.334700
vn 0.808037 -0.484822 -0.334700
vn 0.808037 -0.484822 0.334700
vn 0.808037 -0.484822 0.334700
vn 0.808037 -0.484822 0.334700
vn 0.334700 -0.484822 0.808037
vn 0.334700 -0.484822 0.808037
vn 0.334700 -0.484822 0.808037
vn -0.334700 -0.484822 0.808037
vn -0.334700 -0.484822 0.808037
vn -0.334700 -0.484822 0.808037
vn 0.334700 -0.484822 -0.808037
vn 0.334700 -0.484822 -0.808037
vn 0.334700 -0.484822 -0.808037
vn -0.334700 -0.484822 -0.808037
vn -0.334700 -0.484822 -0.808037
vn -0.334700 -0.484822 -0.808037
vn -0.808037 -0.484822 -0.334700
vn -0.808037 -0.484822 -0.334700
vn -0.808037 -0.484822 -0.334700
vn -0.808037 -0.484822 0.334700
vn -0.808037 -0.484822 0.334700
vn -0.808037 -0.484822 0.334700
vn -0.000000 1.000000 0.000000
vn -0.000000 1.000000 0.000000
vn -0.000000 1.000000 0.000000
vn -0.000000 1.000000 0.000000
vn -0.000000 1.000000 0.000000
vn -0.000000 1.000000 0.000000
vn -0.000000 1.000000 0.000000
vn -0.000000 1.000000 0.000000
vn 0.382683 0.000000 0.923880
vn 0.382683 0.000000 0.923880
vn 0.382683 0.000000 0.923880
vn 0.382683 0.000000 0.923880
vn 0.382683 0.000000 0.923880
vn 0.382683 0.000000 0.923880
vn 0.382683 0.000000 0.923880
vn 0.382683 0.000000 0.923880
vn 0.382683 0.000000 0.923880
vn 0.382683 0.000000 0.923880
vn 0.382683 0.000000 0.923880
vn 0.382683 0.000000 0.923880
vn 0.382683 0.000000 0.923880
vn 0.382683 0.000000 0.923880
vn 0.382683 0.000000 0.923880
vn 0.382683 0.000000 0.923880
vn 0.382683 0.000000 0.923880
vn 0.382683 0.000000 0.923880
vn 0.382683 0.000000 0.923880
vn 0.382683 0.000000 0.923880
vn 0.382683 0.000000 0.923880
vn 0.382683 0.000000 0.923880
vn 0.382683 0.000000 0.923880
vn 0.382683 0.000000 0.923880
vn 0.382683 0.000000 0.923880
vn 0.382683 0.000000 0.923880
vn 0.382683 0.000000 0.923880
vn 0.382683 0.000000 0.923880
vn 0.382683 0.000000 0.923880
vn 0.382683 0.000000 0.923880
vn 0.382683 0.000000 0.923880
vn 0.382683 0.000000 0.923880
vn 0.382683 0.000000 0.923880
vn 0.382683 0.000000 0.923880
vn 0.382683 0.000000 0.923880
vn 0.382683 0.000000 0.923880
vn 0.382683 0.000000 0.923880
vn 0.382683 0.000000 0.923880
vn 0.382683 0.000000 0.923880
vn 0.382683 0.000000 0.923880
vn 0.382683 0.000000 0.923880
vn 0.382683 0.000000 0.923880
vn 0.382683 0.000000 0.923880
vn 0.382683 0.000000 0.923880
vn 0.382683 0.000000 0.923880
vn 0.382683 0.000000 0.923880
vn 0.382683 0.000000 0.923880
vn 0.382683 0.000000 0.923880
vn -0.382683 0.000000 0.923880
vn -0.382683 0.000000 0.923880
vn -0.382683 0.000000 0.923880
vn 0.923880 0.000000 0.382683
vn 0.923880 0.000000 0.382683
vn 0.923880 0.000000 0.382683
vn 0.923880 0.000000 0.382683
vn 0.923880 0.000000 0.382683
vn 0.923880 0.000000 0.382683
vn 0.923880 0.000000 0.382683
vn 0.923880 0.000000 0.382683
vn 0.923880 0.000000 0.382683
vn 0.923880 0.000000 0.382683
vn 0.923880 0.000000 0.382683
vn 0.923880 0.000000 0.382683
vn 0.923880 0.000000 0.382683
vn 0.923880 0.000000 0.382683
vn 0.923880 0.000000 0.382683
vn 0.923880 0.000000 0.382683
vn 0.923880 0.000000 0.382683
vn 0.923880 0.000000 0.382683
vn 0.923880 0.000000 0.382683
vn 0.923880 0.000000 0.382683
vn 0.923880 0.000000 0.382683
vn 0.923880 0.000000 0.382683
vn 0.923880 0.000000 0.382683
vn 0.923880 0.000000 0.382683
vn 0.923880 0.000000 0.382683
vn 0.923880 0.000000 0.382683
vn 0.923880 0.000000 0.382683
vn 0.923880 0.000000 0.382683
vn 0.923880 0.000000 0.382683
vn 0.923880 0.000000 0.382683
vn 0.923880 0.000000 0.382683
vn 0.923880 0.000000 0.382683
vn 0.923880 0.000000 0.382683
vn 0.923880 0.000000 0.382683
vn 0.923880 0.000000 0.382683
vn 0.923880 0.000000 0.382683
vn 0.923880 0.000000 0.382683
vn 0.923880 0.000000 0.382683
vn 0.923880 0.000000 0.382683
vn 0.923880 0.000000 0.382683
vn 0.923880 0.000000 0.382683
vn 0.923880 0.000000 0.382683
vn 0.923880 0.000000 0.382683
vn 0.923880 0.000000 0.382683
vn 0.923880 0.000000 0.382683
vn 0.923880 0.000000 0.382683
vn 0.923880 0.000000 0.382683
vn 0.923880 0.000000 0.382683
vn 0.923880 0.000000 0.382683
vn 0.382683 0.000000 0.923880
vn 0.382683 0.000000 0.923880
vn 0.382683 0.000000 0.923880
vn 0.382683 0.000000 0.923880
vn 0.382683 0.000000 0.923880
vn 0.382683 0.000000 0.923880
vn 0.382683 0.000000 0.923880
vn 0.382683 0.000000 0.923880
vn 0.382683 0.000000 0.923880
vn 0.382683 0.000000 0.923880
vn 0.382683 0.000000 0.923880
vn 0.382683 0.000000 0.923880
vn 0.382683 0.000000 0.923880
vn 0.382683 0.000000 0.923880
vn 0.382683 0.000000 0.923880
vn 0.382683 0.000000 0.923880
vn 0.382683 0.000000 0.923880
vn 0.382683 0.000000 0.923880
vn 0.382683 0.000000 0.923880
vn 0.382683 0.000000 0.923880
vn 0.382683 0.000000 0.923880
vn 0.382683 0.000000 0.923880
vn 0.382683 0.000000 0.923880
vn 0.382683 0.000000 0.923880
vn 0.382683 0.000000 0.923880
vn 0.382683 0.000000 0.923880
vn 0.382683 0.000000 0.923880
vn 0.382683 0.000000 0.923880
vn 0.382683 0.000000 0.923880
vn 0.382683 0.000000 0.923880
vn 0.382683 0.000000 0.923880
vn 0.382683 0.000000 0.923880
vn 0.382683 0.000000 0.923880
vn 0.382683 0.000000 0.923880
vn 0.382683 0.000000 0.923880
vn 0.382683 0.000000 0.923880
vn 0.382683 0.000000 0.923880
vn -0.382683 0.000000 0.923880
vn -0.382683 0.000000 0.923880
vn -0.382683 0.000000 0.923880
vn -0.382683 0.000000 0.923880
vn -0.382683 0.000000 0.923880
vn 0.923880 0.000000 0.382683
vn 0.923880 0.000000 0.382683
vn 0.923880 0.000000 0.382683
vn 0.923880 0.000000 0.382683
vn 0.923880 0.000000 0.382683
vn 0.923880 0.000000 0.382683
vn 0.923880 0.000000 0.382683
vn 0.923880 0.000000 0.382683
vn 0.923880 0.000000 0.382683
vn 0.923880 0.000000 0.382683
vn 0.923880 0.000000 0.382683
vn 0.923880 0.000000 0.382683
vn 0.923880 0.000000 0.382683
vn 0.923880 0.000000 0.382683
vn 0.923880 0.000000 0.382683
vn 0.923880 0.000000 0.382683
vn 0.923880 0.000000 0.382683
vn 0.923880 0.000000 0.382683
vn 0.923880 0.000000 0.382683
vn 0.923880 0.000000 0.382683
vn 0.923880 0.000000 0.382683
vn 0.923880 0.000000 0.382683
vn 0.923880 0.000000 0.382683
vn 0.923880 0.000000 0.382683
vn 0.923880 0.000000 0.382683
vn 0.923880 0.000000 0.382683
vn 0.923880 0.000000 0.382683
vn 0.923880 0.000000 0.382683
vn 0.923880 0.000000 0.382683
vn 0.923880 0.000000 0.382683
vn 0.923880 0.000000 0.382683
vn 0.923880 0.000000 0.382683
vn 0.923880 0.000000 0.382683
vn 0.923880 0.000000 0.382683
vn 0.923880 0.000000 0.382683
vn -0.923880 0.000000 -0.382683
vn -0.923880 0.000000 -0.382683
vn -0.923880 0.000000 -0.382683
vn -0.923880 0.000000 -0.382683
vn -0.382683 0.000000 -0.923880
vn -0.382683 0.000000 -0.923880
vn -0.382683 0.000000 -0.923880
vn -0.382683 0.000000 -0.923880
vn -0.382683 0.000000 -0.923880
vn -0.382683 0.000000 -0.923880
vn -0.382683 0.000000 -0.923880
vn -0.382683 0.000000 -0.923880
vn -0.382683 0.000000 -0.923880
vn -0.382683 0.000000 -0.923880
vn -0.382683 0.000000 -0.923880
vn -0.382683 0.000000 -0.923880
vn -0.382683 0.000000 -0.923880
vn -0.382683 0.000000 -0.923880
vn -0.382683 0.000000 -0.923880
vn -0.382683 0.000000 -0.923880
vn -0.382683 0.000000 -0.923880
vn -0.382683 0.000000 -0.923880
vn -0.382683 0.000000 -0.923880
vn -0.382683 0.000000 -0.923880
vn -0.382683 0.000000 -0.923880
vn -0.382683 0.000000 -0.923880
vn -0.382683 0.000000 -0.923880
vn -0.382683 0.000000 -0.923880
vn -0.382683 0.000000 -0.923880
vn -0.382683 0.000000 -0.923880
vn -0.382683 0.000000 -0.923880
vn -0.382683 0.000000 -0.923880
vn -0.382683 0.000000 -0.923880
vn -0.382683 0.000000 -0.923880
vn -0.382683 0.000000 -0.923880
vn -0.382683 0.000000 -0.923880
vn -0.382683 0.000000 -0.923880
vn -0.382683 0.000000 -0.923880
vn -0.382683 0.000000 -0.923880
vn -0.382683 0.000000 -0.923880
vn -0.382683 0.000000 -0.923880
vn -0.382683 0.000000 -0.923880
vn -0.382683 0.000000 -0.923880
vn -0.382683 0.000000 -0.923880
vn -0.382683 0.000000 -0.923880
vn -0.382683 0.000000 -0.923880
vn -0.382683 0.000000 -0.923880
vn -0.382683 0.000000 -0.923880
vn -0.382683 0.000000 -0.923880
vn -0.382683 0.000000 -0.923880
vn -0.382683 0.000000 -0.923880
vn -0.382683 0.000000 -0.923880
vn -0.382683 0.000000 -0.923880
vn -0.382683 0.000000 -0.923880
vn -0.382683 0.000000 -0.923880
vn -0.382683 0.000000 -0.923880
vn -0.382683 0.000000 -0.923880
vn -0.382683 0.000000 -0.923880
vn 0.382683 0.000000 -0.923880
vn 0.382683 -0.000000 -0.923880
vn 0.382683 0.000000 -0.923880
vn 0.382683 -0.000000 -0.923880
vn -0.923880 0.000000 -0.382683
vn -0.923880 0.000000 -0.382683
vn -0.923880 0.000000 -0.382683
vn -0.923880 0.000000 -0.382683
vn -0.923880 0.000000 -0.382683
vn -0.923880 0.000000 -0.382683
vn -0.382683 0.000000 -0.923880
vn -0.382683 0.000000 -0.923880
vn -0.382683 0.000000 -0.923880
vn -0.382683 0.000000 -0.923880
vn -0.382683 0.000000 -0.923880
vn -0.382683 0.000000 -0.923880
vn -0.382683 0.000000 -0.923880
vn -0.382683 0.000000 -0.923880
vn -0.382683 0.000000 -0.923880
vn -0.382683 0.000000 -0.923880
vn -0.382683 0.000000 -0.923880
vn -0.382683 0.000000 -0.923880
vn -0.382683 0.000000 -0.923880
vn -0.382683 0.000000 -0.923880
vn -0.382683 0.000000 -0.923880
vn -0.382683 0.000000 -0.923880
vn -0.382683 0.000000 -0.923880
vn -0.382683 0.000000 -0.923880
vn -0.382683 0.000000 -0.923880
vn -0.382683 0.000000 -0.923880
vn -0.382683 0.000000 -0.923880
vn -0.382683 0.000000 -0.923880
vn -0.382683 0.000000 -0.923880
vn -0.382683 0.000000 -0.923880
vn -0.382683 0.000000 -0.923880
vn -0.382683 0.000000 -0.923880
vn -0.382683 0.000000 -0.923880
vn -0.382683 0.000000 -0.923880
vn -0.382683 0.000000 -0.923880
vn -0.382683 0.000000 -0.923880
vn -0.382683 0.000000 -0.923880
vn -0.382683 0.000000 -0.923880
vn -0.382683 0.000000 -0.923880
vn -0.382683 0.000000 -0.923880
vn -0.382683 0.000000 -0.923880
vn -0.382683 0.000000 -0.923880
vn -0.382683 0.000000 -0.923880
vn 0.382683 0.000000 -0.923880
vn 0.382683 0.000000 -0.923880
vn 0.382683 0.000000 -0.923880
vn 0.382683 -0.000000 -0.923880
vn 0.382683 0.000000 -0.923880
vn 0.382683 0.000000 -0.923880
vn -0.923880 0.000000 0.382683
vn -0.923880 0.000000 0.382683
vn -0.923880 0.000000 0.382683
vn -0.923880 0.000000 0.382683
vn -0.923880 0.000000 0.382683
vn -0.923880 0.000000 0.382683
vn -0.923880 0.000000 0.382683
vn -0.923880 0.000000 0.382683
vn 0.923880 -0.000000 -0.382683
vn 0.923880 -0.000000 -0.382683
vn 0.923880 -0.000000 -0.382683
vn 0.923880 -0.000000 -0.382683
vn 0.923880 -0.000000 -0.382683
vn 0.923880 0.000000 -0.382683
vn 0.923880 -0.000000 -0.382683
vn 0.923880 0.000000 -0.382683
vn 0.808037 -0.484822 -0.334700
vn 0.808037 -0.484822 -0.334700
vn 0.808037 -0.484822 -0.334700
vn 0.808037 -0.484822 0.334700
vn 0.808037 -0.484822 0.334700
vn 0.808037 -0.484822 0.334700
vn 0.334700 -0.484822 0.808037
vn 0.334700 -0.484822 0.808037
vn 0.334700 -0.484822 0.808037
vn -0.334700 -0.484822 0.808037
vn -0.334700 -0.484822 0.808037
vn -0.334700 -0.484822 0.808037
vn 0.334700 -0.484822 -0.808037
vn 0.334700 -0.484822 -0.808037
vn 0.334700 -0.484822 -0.808037
vn -0.334700 -0.484822 -0.808037
vn -0.334700 -0.484822 -0.808037
vn -0.334700 -0.484822 -0.808037
vn -0.808037 -0.484822 -0.334700
vn -0.808037 -0.484822 -0.334700
vn -0.808037 -0.484822 -0.334700
vn -0.808037 -0.484822 0.334700
vn -0.808037 -0.484822 0.334700
vn -0.808037 -0.484822 0.334700
vn -0.000000 1.000000 0.000000
vn -0.000000 1.000000 0.000000
vn -0.000000 1.000000 0.000000
vn -0.000000 1.000000 0.000000
vn -0.000000 1.000000 0.000000
vn -0.000000 1.000000 0.000000
vn -0.000000 1.000000 0.000000
vn -0.000000 1.000000 0.000000
vn 0.382683 0.000000 0.923880
vn 0.382683 0.000000 0.923880
vn 0.382683 0.000000 0.923880
vn 0.382683 0.000000 0.923880
vn 0.382683 0.000000 0.923880
vn 0.382683 0.000000 0.923880
vn 0.382683 0.000000 0.923880
vn 0.382683 0.000000 0.923880
vn 0.382683 0.000000 0.923880
vn 0.382683 0.000000 0.923880
vn 0.382683 0.000000 0.923880
vn 0.382683 0.000000 0.923880
vn 0.382683 0.000000 0.923880
vn 0.382683 0.000000 0.923880
vn 0.382683 0.000000 0.923880
vn 0.382683 0.000000 0.923880
vn 0.382683 0.000000 0.923880
vn 0.382683 0.000000 0.923880
vn 0.382683 0.000000 0.923880
vn 0.382683 0.000000 0.923880
vn 0.382683 0.000000 0.923880
vn 0.382683 0.000000 0.923880
vn 0.382683 0.000000 0.923880
vn 0.382683 0.000000 0.923880
vn 0.382683 0.000000 0.923880
vn 0.382683 0.000000 0.923880
vn 0.382683 0.000000 0.923880
vn 0.382683 0.000000 0.923880
vn 0.382683 0.000000 0.923880
vn 0.382683 0.000000 0.923880
vn 0.382683 0.000000 0.923880
vn 0.382683 0.000000 0.923880
vn 0.382683 0.000000 0.923880
vn 0.382683 0.000000 0.923880
vn 0.382683 0.000000 0.923880
vn 0.382683 0.000000 0.923880
vn 0.382683 0.000000 0.923880
vn 0.382683 0.000000 0.923880
vn 0.382683 0.000000 0.923880
vn 0.382683 0.000000 0.923880
vn 0.382683 0.000000 0.923880
vn 0.382683 0.000000 0.923880
vn 0.382683 0.000000 0.923880
vn 0.382683 0.000000 0.923880
vn 0.382683 0.000000 0.923880
vn 0.382683 0.000000 0.923880
vn 0.382683 0.000000 0.923880
vn 0.382683 0.000000 0.923880
vn -0.382683 0.000000 0.923880
vn -0.382683 0.000000 0.923880
vn -0.382683 0.000000 0.923880
vn 0.923880 0.000000 0.382683
vn 0.923880 0.000000 0.382683
vn 0.923880 0.000000 0.382683
vn 0.923880 0.000000 0.382683
vn 0.923880 0.000000 0.382683
vn 0.923880 0.000000 0.382683
vn 0.923880 0.000000 0.382683
vn 0.923880 0.000000 0.382683
vn 0.923880 0.000000 0.382683
vn 0.923880 0.000000 0.382683
vn 0.923880 0.000000 0.382683
vn 0.923880 0.000000 0.382683
vn 0.923880 0.000000 0.382683
vn 0.923880 0.000000 0.382683
vn 0.923880 0.000000 0.382683
vn 0.923880 0.000000 0.382683
vn 0.923880 0.000000 0.382683
vn 0.923880 0.000000 0.382683
vn 0.923880 0.000000 0.382683
vn 0.923880 0.000000 0.382683
vn 0.923880 0.000000 0.382683
vn 0.923880 0.000000 0.382683
vn 0.923880 0.000000 0.382683
vn 0.923880 0.000000 0.382683
vn 0.923880 0.000000 0.382683
vn 0.923880 0.000000 0.382683
vn 0.923880 0.000000 0.382683
vn 0.923880 0.000000 0.382683
vn 0.923880 0.000000 0.382683
vn 0.923880 0.000000 0.382683
vn 0.923880 0.000000 0.382683
vn 0.923880 0.000000 0.382683
vn 0.923880 0.000000 0.382683
vn 0.923880 0.000000 0.382683
vn 0.923880 0.000000 0.382683
vn 0.923880 0.000000 0.382683
vn 0.923880 0.000000 0.382683
vn 0.923880 0.000000 0.382683
vn 0.923880 0.000000 0.382683
vn 0.923880 0.000000 0.382683
vn 0.923880 0.000000 0.382683
vn 0.923880 0.000000 0.382683
vn 0.923880 0.000000 0.382683
vn 0.923880 0.000000 0.382683
vn 0.923880 0.000000 0.382683
vn 0.923880 0.000000 0.382683
vn 0.923880 0.000000 0.382683
vn 0.923880 0.000000 0.382683
vn 0.923880 0.000000 0.382683
vn 0.382683 0.000000 0.923880
vn 0.382683 0.000000 0.923880
vn 0.382683 0.000000 0.923880
vn 0.382683 0.000000 0.923880
vn 0.382683 0.000000 0.923880
vn 0.382683 0.000000 0.923880
vn 0.382683 0.000000 0.923880
vn 0.382683 0.000000 0.923880
vn 0.382683 0.000000 0.923880
vn 0.382683 0.000000 0.923880
vn 0.382683 0.000000 0.923880
vn 0.382683 0.000000 0.923880
vn 0.382683 0.000000 0.923880
vn 0.382683 0.000000 0.923880
vn 0.382683 0.000000 0.923880
vn 0.382683 0.000000 0.923880
vn 0.382683 0.000000 0.923880
vn 0.382683 0.000000 0.923880
vn 0.382683 0.000000 0.923880
vn 0.382683 0.000000 0.923880
vn 0.382683 0.000000 0.923880
vn 0.382683 0.000000 0.923880
vn 0.382683 0.000000 0.923880
vn 0.382683 0.000000 0.923880
vn 0.382683 0.000000 0.923880
vn 0.382683 0.000000 0.923880
vn 0.382683 0.000000 0.923880
vn 0.382683 0.000000 0.923880
vn 0.382683 0.000000 0.923880
vn 0.382683 0.000000 0.923880
vn 0.382683 0.000000 0.923880
vn 0.382683 0.000000 0.923880
vn 0.382683 0.000000 0.923880
vn 0.382683 0.000000 0.923880
vn 0.382683 0.000000 0.923880
vn 0.382683 0.000000 0.923880
vn 0.382683 0.000000 0.923880
vn -0.382683 0.000000 0.923880
vn -0.382683 0.000000 0.923880
vn -0.382683 0.000000 0.923880
vn -0.382683 0.000000 0.923880
vn -0.382683 0.000000 0.923880
vn 0.923880 0.000000 0.382683
vn 0.923880 0.000000 0.382683
vn 0.923880 0.000000 0.382683
vn 0.923880 0.000000 0.382683
vn 0.923880 0.000000 0.382683
vn 0.923880 0.000000 0.382683
vn 0.923880 0.000000 0.382683
vn 0.923880 0.000000 0.382683
vn 0.923880 0.000000 0.382683
vn 0.923880 0.000000 0.382683
vn 0.923880 0.000000 0.382683
vn 0.923880 0.000000 0.382683
vn 0.923880 0.000000 0.382683
vn 0.923880 0.000000 0.382683
vn 0.923880 0.000000 0.382683
vn 0.923880 0.000000 0.382683
vn 0.923880 0.000000 0.382683
vn 0.923880 0.000000 0.382683
vn 0.923880 0.000000 0.382683
vn 0.923880 0.000000 0.382683
vn 0.923880 0.000000 0.382683
vn 0.923880 0.000000 0.382683
vn 0.923880 0.000000 0.382683
vn 0.923880 0.000000 0.382683
vn 0.923880 0.000000 0.382683
vn 0.923880 0.000000 0.382683
vn 0.923880 0.000000 0.382683
vn 0.923880 0.000000 0.382683
vn 0.923880 0.000000 0.382683
vn 0.923880 0.000000 0.382683
vn 0.923880 0.000000 0.382683
vn 0.923880 0.000000 0.382683
vn 0.923880 0.000000 0.382683
vn 0.923880 0.000000 0.382683
vn 0.923880 0.000000 0.382683
vn -0.923880 0.000000 -0.382683
vn -0.923880 0.000000 -0.382683
vn -0.923880 0.000000 -0.382683
vn -0.923880 0.000000 -0.382683
vn -0.382683 0.000000 -0.923880
vn -0.382683 0.000000 -0.923880
vn -0.382683 0.000000 -0.923880
vn -0.382683 0.000000 -0.923880
vn -0.382683 0.000000 -0.923880
vn -0.382683 0.000000 -0.923880
vn -0.382683 0.000000 -0.923880
vn -0.382683 0.000000 -0.923880
vn -0.382683 0.000000 -0.923880
vn -0.382683 0.000000 -0.923880
vn -0.382683 0.000000 -0.923880
vn -0.382683 0.000000 -0.923880
vn -0.382683 0.000000 -0.923880
vn -0.382683 0.000000 -0.923880
vn -0.382683 0.000000 -0.923880
vn -0.382683 0.000000 -0.923880
vn -0.382683 0.000000 -0.923880
vn -0.382683 0.000000 -0.923880
vn -0.382683 0.000000 -0.923880
vn -0.382683 0.000000 -0.923880
vn -0.382683 0.000000 -0.923880
vn -0.382683 0.000000 -0.923880
vn -0.382683 0.000000 -0.923880
vn -0.382683 0.000000 -0.923880
vn -0.382683 0.000000 -0.923880
vn -0.382683 0.000000 -0.923880
vn -0.382683 0.000000 -0.923880
vn -0.382683 0.000000 -0.923880
vn -0.382683 0.000000 -0.923880
vn -0.382683 0.000000 -0.923880
vn -0.382683 0.000000 -0.923880
vn -0.382683 0.000000 -0.923880
vn -0.382683 0.000000 -0.923880
vn -0.382683 0.000000 -0.923880
vn -0.382683 0.000000 -0.923880
vn -0.382683 0.000000 -0.923880
vn -0.382683 0.000000 -0.923880
vn -0.382683 0.000000 -0.923880
vn -0.382683 0.000000 -0.923880
vn -0.382683 0.000000 -0.923880
vn -0.382683 0.000000 -0.923880
vn -0.382683 0.000000 -0.923880
vn -0.382683 0.000000 -0.923880
vn -0.382683 0.000000 -0.923880
vn -0.382683 0.000000 -0.923880
vn -0.382683 0.000000 -0.923880
vn -0.382683 0.000000 -0.923880
vn -0.382683 0.000000 -0.923880
vn -0.382683 0.000000 -0.923880
vn -0.382683 0.000000 -0.923880
vn -0.382683 0.000000 -0.923880
vn -0.382683 0.000000 -0.923880
vn -0.382683 0.000000 -0.923880
vn -0.382683 0.000000 -0.923880
vn 0.382683 0.000000 -0.923880
vn 0.382683 -0.000000 -0.923880
vn 0.382683 0.000000 -0.923880
vn 0.382683 -0.000000 -0.923880
vn -0.923880 0.000000 -0.382683
vn -0.923880 0.000000 -0.382683
vn -0.923880 0.000000 -0.382683
vn -0.923880 0.000000 -0.382683
vn -0.923880 0.000000 -0.382683
vn -0.923880 0.000000 -0.382683
vn -0.382683 0.000000 -0.923880
vn -0.382683 0.000000 -0.923880
vn -0.382683 0.000000 -0.923880
vn -0.382683 0.000000 -0.923880
vn -0.382683 0.000000 -0.923880
vn -0.382683 0.000000 -0.923880
vn -0.382683 0.000000 -0.923880
vn -0.382683 0.000000 -0.923880
vn -0.382683 0.000000 -0.923880
vn -0.382683 0.000000 -0.923880
vn -0.382683 0.000000 -0.923880
vn -0.382683 0.000000 -0.923880
vn -0.382683 0.000000 -0.923880
vn -0.382683 0.000000 -0.923880
vn -0.382683 0.000000 -0.923880
vn -0.382683 0.000000 -0.923880
vn -0.382683 0.000000 -0.923880
vn -0.382683 0.000000 -0.923880
vn -0.382683 0.000000 -0.923880
vn -0.382683 0.000000 -0.923880
vn -0.382683 0.000000 -0.923880
vn -0.382683 0.000000 -0.923880
vn -0.382683 0.000000 -0.923880
vn -0.382683 0.000000 -0.923880
vn -0.382683 0.000000 -0.923880
vn -0.382683 0.000000 -0.923880
vn -0.382683 0.000000 -0.923880
vn -0.382683 0.000000 -0.923880
vn -0.382683 0.000000 -0.923880
vn -0.382683 0.000000 -0.923880
vn -0.382683 0.000000 -0.923880
vn -0.382683 0.000000 -0.923880
vn -0.382683 0.000000 -0.923880
vn -0.382683 0.000000 -0.923880
vn -0.382683 0.000000 -0.923880
vn -0.382683 0.000000 -0.923880
vn -0.382683 0.000000 -0.923880
vn 0.382683 0.000000 -0.923880
vn 0.382683 0.000000 -0.923880
vn 0.382683 0.000000 -0.923880
vn 0.382683 -0.000000 -0.923880
vn 0.382683 0.000000 -0.923880
vn 0.382683 0.000000 -0.923880
vn -0.923880 0.000000 0.382683
vn -0.923880 0.000000 0.382683
vn -0.923880 0.000000 0.382683
vn -0.923880 0.000000 0.382683
vn -0.923880 0.000000 0.382683
vn -0.923880 0.000000 0.382683
vn -0.923880 0.000000 0.382683
vn -0.923880 0.000000 0.382683
vn 0.923880 -0.000000 -0.382683
vn 0.923880 -0.000000 -0.382683
vn 0.923880 -0.000000 -0.382683
vn 0.923880 -0.000000 -0.382683
vn 0.923880 -0.000000 -0.382683
vn 0.923880 0.000000 -0.382683
vn 0.923880 -0.000000 -0.382683
vn 0.923880 0.000000 -0.382683
vn 0.808037 -0.484822 -0.334700
vn 0.808037 -0.484822 -0.334700
vn 0.808037 -0.484822 -0.334700
vn 0.808037 -0.484822 0.334700
vn 0.808037 -0.484822 0.334700
vn 0.808037 -0.484822 0.334700
vn 0.334700 -0.484822 0.808037
vn 0.334700 -0.484822 0.808037
vn 0.334700 -0.484822 0.808037
vn -0.334700 -0.484822 0.808037
vn -0.334700 -0.484822 0.808037
vn -0.334700 -0.484822 0.808037
vn 0.334700 -0.484822 -0.808037
vn 0.334700 -0.484822 -0.808037
vn 0.334700 -0.484822 -0.808037
vn -0.334700 -0.484822 -0.808037
vn -0.334700 -0.484822 -0.808037
vn -0.334700 -0.484822 -0.808037
vn -0.808037 -0.484822 -0.334700
vn -0.808037 -0.484822 -0.334700
vn -0.808037 -0.484822 -0.334700
vn -0.808037 -0.484822 0.334700
vn -0.808037 -0.484822 0.334700
vn -0.808037 -0.484822 0.334700
vn -0.000000 1.000000 0.000000
vn -0.000000 1.000000 0.000000
vn -0.000000 1.000000 0.000000
vn -0.000000 1.000000 0.000000
vn -0.000000 1.000000 0.000000
vn -0.000000 1.000000 0.000000
vn -0.000000 1.000000 0.000000
vn -0.000000 1.000000 0.000000
vn 0.382683 0.000000 0.923880
vn 0.382683 0.000000 0.923880
vn 0.382683 0.000000 0.923880
vn 0.382683 0.000000 0.923880
vn 0.382683 0.000000 0.923880
vn 0.382683 0.000000 0.923880
vn 0.382683 0.000000 0.923880
vn 0.382683 0.000000 0.923880
vn 0.382683 0.000000 0.923880
vn 0.382683 0.000000 0.923880
vn 0.382683 0.000000 0.923880
vn 0.382683 0.000000 0.923880
vn 0.382683 0.000000 0.923880
vn 0.382683 0.000000 0.923880
vn 0.382683 0.000000 0.923880
vn 0.382683 0.000000 0.923880
vn 0.382683 0.000000 0.923880
vn 0.382683 0.000000 0.923880
vn 0.382683 0.000000 0.923880
vn 0.382683 0.000000 0.923880
vn 0.382683 0.000000 0.923880
vn 0.382683 0.000000 0.923880
vn 0.382683 0.000000 0.923880
vn 0.382683 0.000000 0.923880
vn 0.382683 0.000000 0.923880
vn 0.382683 0.000000 0.923880
vn 0.382683 0.000000 0.923880
vn 0.382683 0.000000 0.923880
vn 0.382683 0.000000 0.923880
vn 0.382683 0.000000 0.923880
vn 0.382683 0.000000 0.923880
vn 0.382683 0.000000 0.923880
vn 0.382683 0.000000 0.923880
vn 0.382683 0.000000 0.923880
vn 0.382683 0.000000 0.923880
vn 0.382683 0.000000 0.923880
vn 0.382683 0.000000 0.923880
vn 0.382683 0.000000 0.923880
vn 0.382683 0.000000 0.923880
vn 0.382683 0.000000 0.923880
vn 0.382683 0.000000 0.923880
vn 0.382683 0.000000 0.923880
vn 0.382683 0.000000 0.923880
vn 0.382683 0.000000 0.923880
vn 0.382683 0.000000 0.923880
vn 0.382683 0.000000 0.923880
vn 0.382683 0.000000 0.923880
vn 0.382683 0.000000 0.923880
vn -0.382683 0.000000 0.923880
vn -0.382683 0.000000 0.923880
vn -0.382683 0.000000 0.923880
vn 0.923880 0.000000 0.382683
vn 0.923880 0.000000 0.382683
vn 0.923880 0.000000 0.382683
vn 0.923880 0.000000 0.382683
vn 0.923880 0.000000 0.382683
vn 0.923880 0.000000 0.382683
vn 0.923880 0.000000 0.382683
vn 0.923880 0.000000 0.382683
vn 0.923880 0.000000 0.382683
vn 0.923880 0.000000 0.382683
vn 0.923880 0.000000 0.382683
vn 0.923880 0.000000 0.382683
vn 0.923880 0.000000 0.382683
vn 0.923880 0.000000 0.382683
vn 0.923880 0.000000 0.382683
vn 0.923880 0.000000 0.382683
vn 0.923880 0.000000 0.382683
vn 0.923880 0.000000 0.382683
vn 0.923880 0.000000 0.382683
vn 0.923880 0.000000 0.382683
vn 0.923880 0.000000 0.382683
vn 0.923880 0.000000 0.382683
vn 0.923880 0.000000 0.382683
vn 0.923880 0.000000 0.382683
vn 0.923880 0.000000 0.382683
vn 0.923880 0.000000 0.382683
vn 0.923880 0.000000 0.382683
vn 0.923880 0.000000 0.382683
vn 0.923880 0.000000 0.382683
vn 0.923880 0.000000 0.382683
vn 0.923880 0.000000 0.382683
vn 0.923880 0.000000 0.382683
vn 0.923880 0.000000 0.382683
vn 0.923880 0.000000 0.382683
vn 0.923880 0.000000 0.382683
vn 0.923880 0.000000 0.382683
vn 0.923880 0.000000 0.382683
vn 0.923880 0.000000 0.382683
vn 0.923880 0.000000 0.382683
vn 0.923880 0.000000 0.382683
vn 0.923880 0.000000 0.382683
vn 0.923880 0.000000 0.382683
vn 0.923880 0.000000 0.382683
vn 0.923880 0.000000 0.382683
vn 0.923880 0.000000 0.382683
vn 0.923880 0.000000 0.382683
vn 0.923880 0.000000 0.382683
vn 0.923880 0.000000 0.382683
vn 0.923880 0.000000 0.382683
vn 0.382683 0.000000 0.923880
vn 0.382683 0.000000 0.923880
vn 0.382683 0.000000 0.923880
vn 0.382683 0.000000 0.923880
vn 0.382683 0.000000 0.923880
vn 0.382683 0.000000 0.923880
vn 0.382683 0.000000 0.923880
vn 0.382683 0.000000 0.923880
vn 0.382683 0.000000 0.923880
vn 0.382683 0.000000 0.923880
vn 0.382683 0.000000 0.923880
vn 0.382683 0.000000 0.923880
vn 0.382683 0.000000 0.923880
vn 0.382683 0.000000 0.923880
vn 0.382683 0.000000 0.923880
vn 0.382683 0.000000 0.923880
vn 0.382683 0.000000 0.923880
vn 0.382683 0.000000 0.923880
vn 0.382683 0.000000 0.923880
vn 0.382683 0.000000 0.923880
vn 0.382683 0.000000 0.923880
vn 0.382683 0.000000 0.923880
vn 0.382683 0.000000 0.923880
vn 0.382683 0.000000 0.923880
vn 0.382683 0.000000 0.923880
vn 0.382683 0.000000 0.923880
vn 0.382683 0.000000 0.923880
vn 0.382683 0.000000 0.923880
vn 0.382683 0.000000 0.923880
vn 0.382683 0.000000 0.923880
vn 0.382683 0.000000 0.923880
vn 0.382683 0.000000 0.923880
vn 0.382683 0.000000 0.923880
vn 0.382683 0.000000 0.923880
vn 0.382683 0.000000 0.923880
vn 0.382683 0.000000 0.923880
vn 0.382683 0.000000 0.923880
vn -0.382683 0.000000 0.923880
vn -0.382683 0.000000 0.923880
vn -0.382683 0.000000 0.923880
vn -0.382683 0.000000 0.923880
vn -0.382683 0.000000 0.923880
vn 0.923880 0.000000 0.382683
vn 0.923880 0.000000 0.382683
vn 0.923880 0.000000 0.382683
vn 0.923880 0.000000 0.382683
vn 0.923880 0.000000 0.382683
vn 0.923880 0.000000 0.382683
vn 0.923880 0.000000 0.382683
vn 0.923880 0.000000 0.382683
vn 0.923880 0.000000 0.382683
vn 0.923880 0.000000 0.382683
vn 0.923880 0.000000 0.382683
vn 0.923880 0.000000 0.382683
vn 0.923880 0.000000 0.382683
vn 0.923880 0.000000 0.382683
vn 0.923880 0.000000 0.382683
vn 0.923880 0.000000 0.382683
vn 0.923880 0.000000 0.382683
vn 0.923880 0.000000 0.382683
vn 0.923880 0.000000 0.382683
vn 0.923880 0.000000 0.382683
vn 0.923880 0.000000 0.382683
vn 0.923880 0.000000 0.382683
vn 0.923880 0.000000 0.382683
vn 0.923880 0.000000 0.382683
vn 0.923880 0.000000 0.382683
vn 0.923880 0.000000 0.382683
vn 0.923880 0.000000 0.382683
vn 0.923880 0.000000 0.382683
vn 0.923880 0.000000 0.382683
vn 0.923880 0.000000 0.382683
vn 0.923880 0.000000 0.382683
vn 0.923880 0.000000 0.382683
vn 0.923880 0.000000 0.382683
vn 0.923880 0.000000 0.382683
vn 0.923880 0.000000 0.382683
vn -0.923880 0.000000 -0.382683
vn -0.923880 0.000000 -0.382683
vn -0.923880 0.000000 -0.382683
vn -0.923880 0.000000 -0.382683
vn -0.382683 0.000000 -0.923880
vn -0.382683 0.000000 -0.923880
vn -0.382683 0.000000 -0.923880
vn -0.382683 0.000000 -0.923880
vn -0.382683 0.000000 -0.923880
vn -0.382683 0.000000 -0.923880
vn -0.382683 0.000000 -0.923880
vn -0.382683 0.000000 -0.923880
vn -0.382683 0.000000 -0.923880
vn -0.382683 0.000000 -0.923880
vn -0.382683 0.000000 -0.923880
vn -0.382683 0.000000 -0.923880
vn -0.382683 0.000000 -0.923880
vn -0.382683 0.000000 -0.923880
vn -0.382683 0.000000 -0.923880
vn -0.382683 0.000000 -0.923880
vn -0.382683 0.000000 -0.923880
vn -0.382683 0.000000 -0.923880
vn -0.382683 0.000000 -0.923880
vn -0.382683 0.000000 -0.923880
vn -0.382683 0.000000 -0.923880
vn -0.382683 0.000000 -0.923880
vn -0.382683 0.000000 -0.923880
vn -0.382683 0.000000 -0.923880
vn -0.382683 0.000000 -0.923880
vn -0.382683 0.000000 -0.923880
vn -0.382683 0.000000 -0.923880
vn -0.382683 0.000000 -0.923880
vn -0.382683 0.000000 -0.923880
vn -0.382683 0.000000 -0.923880
vn -0.382683 0.000000 -0.923880
vn -0.382683 0.000000 -0.923880
vn -0.382683 0.000000 -0.923880
vn -0.382683 0.000000 -0.923880
vn -0.382683 0.000000 -0.923880
vn -0.382683 0.000000 -0.923880
vn -0.382683 0.000000 -0.923880
vn -0.382683 0.000000 -0.923880
vn -0.382683 0.000000 -0.923880
vn -0.382683 0.000000 -0.923880
vn -0.382683 0.000000 -0.923880
vn -0.382683 0.000000 -0.923880
vn -0.382683 0.000000 -0.923880
vn -0.382683 0.000000 -0.923880
vn -0.382683 0.000000 -0.923880
vn -0.382683 0.000000 -0.923880
vn -0.382683 0.000000 -0.923880
vn -0.382683 0.000000 -0.923880
vn -0.382683 0.000000 -0.923880
vn -0.382683 0.000000 -0.923880
vn -0.382683 0.000000 -0.923880
vn -0.382683 0.000000 -0.923880
vn -0.382683 0.000000 -0.923880
vn -0.382683 0.000000 -0.923880
vn 0.382683 0.000000 -0.923880
vn 0.382683 -0.000000 -0.923880
vn 0.382683 0.000000 -0.923880
vn 0.382683 -0.000000 -0.923880
vn -0.923880 0.000000 -0.382683
vn -0.923880 0.000000 -0.382683
vn -0.923880 0.000000 -0.382683
vn -0.923880 0.000000 -0.382683
vn -0.923880 0.000000 -0.382683
vn -0.923880 0.000000 -0.382683
vn -0.382683 0.000000 -0.923880
vn -0.382683 0.000000 -0.923880
vn -0.382683 0.000000 -0.923880
vn -0.382683 0.000000 -0.923880
vn -0.382683 0.000000 -0.923880
vn -0.382683 0.000000 -0.923880
vn -0.382683 0.000000 -0.923880
vn -0.382683 0.000000 -0.923880
vn -0.382683 0.000000 -0.923880
vn -0.382683 0.000000 -0.923880
vn -0.382683 0.000000 -0.923880
vn -0.382683 0.000000 -0.923880
vn -0.382683 0.000000 -0.923880
vn -0.382683 0.000000 -0.923880
vn -0.382683 0.000000 -0.923880
vn -0.382683 0.000000 -0.923880
vn -0.382683 0.000000 -0.923880
vn -0.382683 0.000000 -0.923880
vn -0.382683 0.000000 -0.923880
vn -0.382683 0.000000 -0.923880
vn -0.382683 0.000000 -0.923880
vn -0.382683 0.000000 -0.923880
vn -0.382683 0.000000 -0.923880
vn -0.382683 0.000000 -0.923880
vn -0.382683 0.000000 -0.923880
vn -0.382683 0.000000 -0.923880
vn -0.382683 0.000000 -0.923880
vn -0.382683 0.000000 -0.923880
vn -0.382683 0.000000 -0.923880
vn -0.382683 0.000000 -0.923880
vn -0.382683 0.000000 -0.923880
vn -0.382683 0.000000 -0.923880
vn -0.382683 0.000000 -0.923880
vn -0.382683 0.000000 -0.923880
vn -0.382683 0.000000 -0.923880
vn -0.382683 0.000000 -0.923880
vn -0.382683 0.000000 -0.923880
vn 0.382683 0.000000 -0.923880
vn 0.382683 0.000000 -0.923880
vn 0.382683 0.000000 -0.923880
vn 0.382683 -0.000000 -0.923880
vn 0.382683 0.000000 -0.923880
vn 0.382683 0.000000 -0.923880
vn -0.923880 0.000000 0.382683
vn -0.923880 0.000000 0.382683
vn -0.923880 0.000000 0.382683
vn -0.923880 0.000000 0.382683
vn -0.923880 0.000000 0.382683
vn -0.923880 0.000000 0.382683
vn -0.923880 0.000000 0.382683
vn -0.923880 0.000000 0.382683
vn 0.923880 -0.000000 -0.382683
vn 0.923880 -0.000000 -0.382683
vn 0.923880 -0.000000 -0.382683
vn 0.923880 -0.000000 -0.382683
vn 0.923880 -0.000000 -0.382683
vn 0.923880 0.000000 -0.382683
vn 0.923880 -0.000000 -0.382683
vn 0.923880 0.000000 -0.382683
vn 0.808037 -0.484822 -0.334700
vn 0.808037 -0.484822 -0.334700
vn 0.808037 -0.484822 -0.334700
vn 0.808037 -0.484822 0.334700
vn 0.808037 -0.484822 0.334700
vn 0.808037 -0.484822 0.334700
vn 0.334700 -0.484822 0.808037
vn 0.334700 -0.484822 0.808037
vn 0.334700 -0.484822 0.808037
vn -0.334700 -0.484822 0.808037
vn -0.334700 -0.484822 0.808037
vn -0.334700 -0.484822 0.808037
vn 0.334700 -0.484822 -0.808037
vn 0.334700 -0.484822 -0.808037
vn 0.334700 -0.484822 -0.808037
vn -0.334700 -0.484822 -0.808037
vn -0.334700 -0.484822 -0.808037
vn -0.334700 -0.484822 -0.808037
vn -0.808037 -0.484822 -0.334700
vn -0.808037 -0.484822 -0.334700
vn -0.808037 -0.484822 -0.334700
vn -0.808037 -0.484822 0.334700
vn -0.808037 -0.484822 0.334700
vn -0.808037 -0.484822 0.334700
vn -0.000000 1.000000 0.000000
vn -0.000000 1.000000 0.000000
vn -0.000000 1.000000 0.000000
vn -0.000000 1.000000 0.000000
vn -0.000000 1.000000 0.000000
vn -0.000000 1.000000 0.000000
vn -0.000000 1.000000 0.000000
vn -0.000000 1.000000 0.000000
vn 0.382683 0.000000 0.923880
vn 0.382683 0.000000 0.923880
vn 0.382683 0.000000 0.923880
vn 0.382683 0.000000 0.923880
vn 0.382683 0.000000 0.923880
vn 0.382683 0.000000 0.923880
vn 0.382683 0.000000 0.923880
vn 0.382683 0.000000 0.923880
vn 0.382683 0.000000 0.923880
vn 0.382683 0.000000 0.923880
vn 0.382683 0.000000 0.923880
vn 0.382683 0.000000 0.923880
vn 0.382683 0.000000 0.923880
vn 0.382683 0.000000 0.923880
vn 0.382683 0.000000 0.923880
vn 0.382683 0.000000 0.923880
vn 0.382683 0.000000 0.923880
vn 0.382683 0.000000 0.923880
vn 0.382683 0.000000 0.923880
vn 0.382683 0.000000 0.923880
vn 0.382683 0.000000 0.923880
vn 0.382683 0.000000 0.923880
vn 0.382683 0.000000 0.923880
vn 0.382683 0.000000 0.923880
vn 0.382683 0.000000 0.923880
vn 0.382683 0.000000 0.923880
vn 0.382683 0.000000 0.923880
vn 0.382683 0.000000 0.923880
vn 0.382683 0.000000 0.923880
vn 0.382683 0.000000 0.923880
vn 0.382683 0.000000 0.923880
vn 0.382683 0.000000 0.923880
vn 0.382683 0.000000 0.923880
vn 0.382683 0.000000 0.923880
vn 0.382683 0.000000 0.923880
vn 0.382683 0.000000 0.923880
vn 0.382683 0.000000 0.923880
vn 0.382683 0.000000 0.923880
vn 0.382683 0.000000 0.923880
vn 0.382683 0.000000 0.923880
vn 0.382683 0.000000 0.923880
vn 0.382683 0.000000 0.923880
vn 0.382683 0.000000 0.923880
vn 0.382683 0.000000 0.923880
vn 0.382683 0.000000 0.923880
vn 0.382683 0.000000 0.923880
vn 0.382683 0.000000 0.923880
vn 0.382683 0.000000 0.923880
vn -0.382683 0.000000 0.923880
vn -0.382683 0.000000 0.923880
vn -0.382683 0.000000 0.923880
vn 0.923880 0.000000 0.382683
vn 0.923880 0.000000 0.382683
vn 0.923880 0.000000 0.382683
vn 0.923880 0.000000 0.382683
vn 0.923880 0.000000 0.382683
vn 0.923880 0.000000 0.382683
vn 0.923880 0.000000 0.382683
vn 0.923880 0.000000 0.382683
vn 0.923880 0.000000 0.382683
vn 0.923880 0.000000 0.382683
vn 0.923880 0.000000 0.382683
vn 0.923880 0.000000 0.382683
vn 0.923880 0.000000 0.382683
vn 0.923880 0.000000 0.382683
vn 0.923880 0.000000 0.382683
vn 0.923880 0.000000 0.382683
vn 0.923880 0.000000 0.382683
vn 0.923880 0.000000 0.382683
vn 0.923880 0.000000 0.382683
vn 0.923880 0.000000 0.382683
vn 0.923880 0.000000 0.382683
vn 0.923880 0.000000 0.382683
vn 0.923880 0.000000 0.382683
vn 0.923880 0.000000 0.382683
vn 0.923880 0.000000 0.382683
vn 0.923880 0.000000 0.382683
vn 0.923880 0.000000 0.382683
vn 0.923880 0.000000 0.382683
vn 0.923880 0.000000 0.382683
vn 0.923880 0.000000 0.382683
vn 0.923880 0.000000 0.382683
vn 0.923880 0.000000 0.382683
vn 0.923880 0.000000 0.382683
vn 0.923880 0.000000 0.382683
vn 0.923880 0.000000 0.382683
vn 0.923880 0.000000 0.382683
vn 0.923880 0.000000 0.382683
vn 0.923880 0.000000 0.382683
vn 0.923880 0.000000 0.382683
vn 0.923880 0.000000 0.382683
vn 0.923880 0.000000 0.382683
vn 0.923880 0.000000 0.382683
vn 0.923880 0.000000 0.382683
vn 0.923880 0.000000 0.382683
vn 0.923880 0.000000 0.382683
vn 0.923880 0.000000 0.382683
vn 0.923880 0.000000 0.382683
vn 0.923880 0.000000 0.382683
vn 0.923880 0.000000 0.382683
vn 0.382683 0.000000 0.923880
vn 0.382683 0.000000 0.923880
vn 0.382683 0.000000 0.923880
vn 0.382683 0.000000 0.923880
vn 0.382683 0.000000 0.923880
vn 0.382683 0.000000 0.923880
vn 0.382683 0.000000 0.923880
vn 0.382683 0.000000 0.923880
vn 0.382683 0.000000 0.923880
vn 0.382683 0.000000 0.923880
vn 0.382683 0.000000 0.923880
vn 0.382683 0.000000 0.923880
vn 0.382683 0.000000 0.923880
vn 0.382683 0.000000 0.923880
vn 0.382683 0.000000 0.923880
vn 0.382683 0.000000 0.923880
vn 0.382683 0.000000 0.923880
vn 0.382683 0.000000 0.923880
vn 0.382683 0.000000 0.923880
vn 0.382683 0.000000 0.923880
vn 0.382683 0.000000 0.923880
vn 0.382683 0.000000 0.923880
vn 0.382683 0.000000 0.923880
vn 0.382683 0.000000 0.923880
vn 0.382683 0.000000 0.923880
vn 0.382683 0.000000 0.923880
vn 0.382683 0.000000 0.923880
vn 0.382683 0.000000 0.923880
vn 0.382683 0.000000 0.923880
vn 0.382683 0.000000 0.923880
vn 0.382683 0.000000 0.923880
vn 0.382683 0.000000 0.923880
vn 0.382683 0.000000 0.923880
vn 0.382683 0.000000 0.923880
vn 0.382683 0.000000 0.923880
vn 0.382683 0.000000 0.923880
vn 0.382683 0.000000 0.923880
vn -0.382683 0.000000 0.923880
vn -0.382683 0.000000 0.923880
vn -0.382683 0.000000 0.923880
vn -0.382683 0.000000 0.923880
vn -0.382683 0.000000 0.923880
vn 0.923880 0.000000 0.382683
vn 0.923880 0.000000 0.382683
vn 0.923880 0.000000 0.382683
vn 0.923880 0.000000 0.382683
vn 0.923880 0.000000 0.382683
vn 0.923880 0.000000 0.382683
vn 0.923880 0.000000 0.382683
vn 0.923880 0.000000 0.382683
vn 0.923880 0.000000 0.382683
vn 0.923880 0.000000 0.382683
vn 0.923880 0.000000 0.382683
vn 0.923880 0.000000 0.382683
vn 0.923880 0.000000 0.382683
vn 0.923880 0.000000 0.382683
vn 0.923880 0.000000 0.382683
vn 0.923880 0.000000 0.382683
vn 0.923880 0.000000 0.382683
vn 0.923880 0.000000 0.382683
vn 0.923880 0.000000 0.382683
vn 0.923880 0.000000 0.382683
vn 0.923880 0.000000 0.382683
vn 0.923880 0.000000 0.382683
vn 0.923880 0.000000 0.382683
vn 0.923880 0.000000 0.382683
vn 0.923880 0.000000 0.382683
vn 0.923880 0.000000 0.382683
vn 0.923880 0.000000 0.382683
vn 0.923880 0.000000 0.382683
vn 0.923880 0.000000 0.382683
vn 0.923880 0.000000 0.382683
vn 0.923880 0.000000 0.382683
vn 0.923880 0.000000 0.382683
vn 0.923880 0.000000 0.382683
vn 0.923880 0.000000 0.382683
vn 0.923880 0.000000 0.382683
vn -0.923880 0.000000 -0.382683
vn -0.923880 0.000000 -0.382683
vn -0.923880 0.000000 -0.382683
vn -0.923880 0.000000 -0.382683
vn -0.382683 0.000000 -0.923880
vn -0.382683 0.000000 -0.923880
vn -0.382683 0.000000 -0.923880
vn -0.382683 0.000000 -0.923880
vn -0.382683 0.000000 -0.923880
vn -0.382683 0.000000 -0.923880
vn -0.382683 0.000000 -0.923880
vn -0.382683 0.000000 -0.923880
vn -0.382683 0.000000 -0.923880
vn -0.382683 0.000000 -0.923880
vn -0.382683 0.000000 -0.923880
vn -0.382683 0.000000 -0.923880
vn -0.382683 0.000000 -0.923880
vn -0.382683 0.000000 -0.923880
vn -0.382683 0.000000 -0.923880
vn -0.382683 0.000000 -0.923880
vn -0.382683 0.000000 -0.923880
vn -0.382683 0.000000 -0.923880
vn -0.382683 0.000000 -0.923880
vn -0.382683 0.000000 -0.923880
vn -0.382683 0.000000 -0.923880
vn -0.382683 0.000000 -0.923880
vn -0.382683 0.000000 -0.923880
vn -0.382683 0.000000 -0.923880
vn -0.382683 0.000000 -0.923880
vn -0.382683 0.000000 -0.923880
vn -0.382683 0.000000 -0.923880
vn -0.382683 0.000000 -0.923880
vn -0.382683 0.000000 -0.923880
vn -0.382683 0.000000 -0.923880
vn -0.382683 0.000000 -0.923880
vn -0.382683 0.000000 -0.923880
vn -0.382683 0.000000 -0.923880
vn -0.382683 0.000000 -0.923880
vn -0.382683 0.000000 -0.923880
vn -0.382683 0.000000 -0.923880
vn -0.382683 0.000000 -0.923880
vn -0.382683 0.000000 -0.923880
vn -0.382683 0.000000 -0.923880
vn -0.382683 0.000000 -0.923880
vn -0.382683 0.000000 -0.923880
vn -0.382683 0.000000 -0.923880
vn -0.382683 0.000000 -0.923880
vn -0.382683 0.000000 -0.923880
vn -0.382683 0.000000 -0.923880
vn -0.382683 0.000000 -0.923880
vn -0.382683 0.000000 -0.923880
vn -0.382683 0.000000 -0.923880
vn -0.382683 0.000000 -0.923880
vn -0.382683 0.000000 -0.923880
vn -0.382683 0.000000 -0.923880
vn -0.382683 0.000000 -0.923880
vn -0.382683 0.000000 -0.923880
vn -0.382683 0.000000 -0.923880
vn 0.382683 0.000000 -0.923880
vn 0.382683 -0.000000 -0.923880
vn 0.382683 0.000000 -0.923880
vn 0.382683 -0.000000 -0.923880
vn -0.923880 0.000000 -0.382683
vn -0.923880 0.000000 -0.382683
vn -0.923880 0.000000 -0.382683
vn -0.923880 0.000000 -0.382683
vn -0.923880 0.000000 -0.382683
vn -0.923880 0.000000 -0.382683
vn -0.382683 0.000000 -0.923880
vn -0.382683 0.000000 -0.923880
vn -0.382683 0.000000 -0.923880
vn -0.382683 0.000000 -0.923880
vn -0.382683 0.000000 -0.923880
vn -0.382683 0.000000 -0.923880
vn -0.382683 0.000000 -0.923880
vn -0.382683 0.000000 -0.923880
vn -0.382683 0.000000 -0.923880
vn -0.382683 0.000000 -0.923880
vn -0.382683 0.000000 -0.923880
vn -0.382683 0.000000 -0.923880
vn -0.382683 0.000000 -0.923880
vn -0.382683 0.000000 -0.923880
vn -0.382683 0.000000 -0.923880
vn -0.382683 0.000000 -0.923880
vn -0.382683 0.000000 -0.923880
vn -0.382683 0.000000 -0.923880
vn -0.382683 0.000000 -0.923880
vn -0.382683 0.000000 -0.923880
vn -0.382683 0.000000 -0.923880
vn -0.382683 0.000000 -0.923880
vn -0.382683 0.000000 -0.923880
vn -0.382683 0.000000 -0.923880
vn -0.382683 0.000000 -0.923880
vn -0.382683 0.000000 -0.923880
vn -0.382683 0.000000 -0.923880
vn -0.382683 0.000000 -0.923880
vn -0.382683 0.000000 -0.923880
vn -0.382683 0.000000 -0.923880
vn -0.382683 0.000000 -0.923880
vn -0.382683 0.000000 -0.923880
vn -0.382683 0.000000 -0.923880
vn -0.382683 0.000000 -0.923880
vn -0.382683 0.000000 -0.923880
vn -0.382683 0.000000 -0.923880
vn -0.382683 0.000000 -0.923880
vn 0.382683 0.000000 -0.923880
vn 0.382683 0.000000 -0.923880
vn 0.382683 0.000000 -0.923880
vn 0.382683 -0.000000 -0.923880
vn 0.382683 0.000000 -0.923880
vn 0.382683 0.000000 -0.923880
vn -0.923880 0.000000 0.382683
vn -0.923880 0.000000 0.382683
vn -0.923880 0.000000 0.382683
vn -0.923880 0.000000 0.382683
vn -0.923880 0.000000 0.382683
vn -0.923880 0.000000 0.382683
vn -0.923880 0.000000 0.382683
vn -0.923880 0.000000 0.382683
vn 0.923880 -0.000000 -0.382683
vn 0.923880 -0.000000 -0.382683
vn 0.923880 -0.000000 -0.382683
vn 0.923880 -0.000000 -0.382683
vn 0.923880 -0.000000 -0.382683
vn 0.923880 0.000000 -0.382683
vn 0.923880 -0.000000 -0.382683
vn 0.923880 0.000000 -0.382683
vn 0.808037 -0.484822 -0.334700
vn 0.808037 -0.484822 -0.334700
vn 0.808037 -0.484822 -0.334700
vn 0.808037 -0.484822 0.334700
vn 0.808037 -0.484822 0.334700
vn 0.808037 -0.484822 0.334700
vn 0.334700 -0.484822 0.808037
vn 0.334700 -0.484822 0.808037
vn 0.334700 -0.484822 0.808037
vn -0.334700 -0.484822 0.808037
vn -0.334700 -0.484822 0.808037
vn -0.334700 -0.484822 0.808037
vn 0.334700 -0.484822 -0.808037
vn 0.334700 -0.484822 -0.808037
vn 0.334700 -0.484822 -0.808037
vn -0.334700 -0.484822 -0.808037
vn -0.334700 -0.484822 -0.808037
vn -0.334700 -0.484822 -0.808037
vn -0.808037 -0.484822 -0.334700
vn -0.808037 -0.484822 -0.334700
vn -0.808037 -0.484822 -0.334700
vn -0.808037 -0.484822 0.334700
vn -0.808037 -0.484822 0.334700
vn -0.808037 -0.484822 0.334700
vn -0.000000 1.000000 0.000000
vn -0.000000 1.000000 0.000000
vn -0.000000 1.000000 0.000000
vn -0.000000 1.000000 0.000000
vn -0.000000 1.000000 0.000000
vn -0.000000 1.000000 0.000000
vn -0.000000 1.000000 0.000000
vn -0.000000 1.000000 0.000000
vn 0.382683 0.000000 0.923880
vn 0.382683 0.000000 0.923880
vn 0.382683 0.000000 0.923880
vn 0.382683 0.000000 0.923880
vn 0.382683 0.000000 0.923880
vn 0.382683 0.000000 0.923880
vn 0.382683 0.000000 0.923880
vn 0.382683 0.000000 0.923880
vn 0.382683 0.000000 0.923880
vn 0.382683 0.000000 0.923880
vn 0.382683 0.000000 0.923880
vn 0.382683 0.000000 0.923880
vn 0.382683 0.000000 0.923880
vn 0.382683 0.000000 0.923880
vn 0.382683 0.000000 0.923880
vn 0.382683 0.000000 0.923880
vn 0.382683 0.000000 0.923880
vn 0.382683 0.000000 0.923880
vn 0.382683 0.000000 0.923880
vn 0.382683 0.000000 0.923880
vn 0.382683 0.000000 0.923880
vn 0.382683 0.000000 0.923880
vn 0.382683 0.000000 0.923880
vn 0.382683 0.000000 0.923880
vn 0.382683 0.000000 0.923880
vn 0.382683 0.000000 0.923880
vn 0.382683 0.000000 0.923880
vn 0.382683 0.000000 0.923880
vn 0.382683 0.000000 0.923880
vn 0.382683 0.000000 0.923880
vn 0.382683 0.000000 0.923880
vn 0.382683 0.000000 0.923880
vn 0.382683 0.000000 0.923880
vn 0.382683 0.000000 0.923880
vn 0.382683 0.000000 0.923880
vn 0.382683 0.000000 0.923880
vn 0.382683 0.000000 0.923880
vn 0.382683 0.000000 0.923880
vn 0.382683 0.000000 0.923880
vn 0.382683 0.000000 0.923880
vn 0.382683 0.000000 0.923880
vn 0.382683 0.000000 0.923880
vn 0.382683 0.000000 0.923880
vn 0.382683 0.000000 0.923880
vn 0.382683 0.000000 0.923880
vn 0.382683 0.000000 0.923880
vn 0.382683 0.000000 0.923880
vn 0.382683 0.000000 0.923880
vn -0.382683 0.000000 0.923880
vn -0.382683 0.000000 0.923880
vn -0.382683 0.000000 0.923880
vn 0.923880 0.000000 0.382683
vn 0.923880 0.000000 0.382683
vn 0.923880 0.000000 0.382683
vn 0.923880 0.000000 0.382683
vn 0.923880 0.000000 0.382683
vn 0.923880 0.000000 0.382683
vn 0.923880 0.000000 0.382683
vn 0.923880 0.000000 0.382683
vn 0.923880 0.000000 0.382683
vn 0.923880 0.000000 0.382683
vn 0.923880 0.000000 0.382683
vn 0.923880 0.000000 0.382683
vn 0.923880 0.000000 0.382683
vn 0.923880 0.000000 0.382683
vn 0.923880 0.000000 0.382683
vn 0.923880 0.000000 0.382683
vn 0.923880 0.000000 0.382683
vn 0.923880 0.000000 0.382683
vn 0.923880 0.000000 0.382683
vn 0.923880 0.000000 0.382683
vn 0.923880 0.000000 0.382683
vn 0.923880 0.000000 0.382683
vn 0.923880 0.000000 0.382683
vn 0.923880 0.000000 0.382683
vn 0.923880 0.000000 0.382683
vn 0.923880 0.000000 0.382683
vn 0.923880 0.000000 0.382683
vn 0.923880 0.000000 0.382683
vn 0.923880 0.000000 0.382683
vn 0.923880 0.000000 0.382683
vn 0.923880 0.000000 0.382683
vn 0.923880 0.000000 0.382683
vn 0.923880 0.000000 0.382683
vn 0.923880 0.000000 0.382683
vn 0.923880 0.000000 0.382683
vn 0.923880 0.000000 0.382683
vn 0.923880 0.000000 0.382683
vn 0.923880 0.000000 0.382683
vn 0.923880 0.000000 0.382683
vn 0.923880 0.000000 0.382683
vn 0.923880 0.000000 0.382683
vn 0.923880 0.000000 0.382683
vn 0.923880 0.000000 0.382683
vn 0.923880 0.000000 0.382683
vn 0.923880 0.000000 0.382683
vn 0.923880 0.000000 0.382683
vn 0.923880 0.000000 0.382683
vn 0.923880 0.000000 0.382683
vn 0.923880 0.000000 0.382683
vn 0.382683 0.000000 0.923880
vn 0.382683 0.000000 0.923880
vn 0.382683 0.000000 0.923880
vn 0.382683 0.000000 0.923880
vn 0.382683 0.000000 0.923880
vn 0.382683 0.000000 0.923880
vn 0.382683 0.000000 0.923880
vn 0.382683 0.000000 0.923880
vn 0.382683 0.000000 0.923880
vn 0.382683 0.000000 0.923880
vn 0.382683 0.000000 0.923880
vn 0.382683 0.000000 0.923880
vn 0.382683 0.000000 0.923880
vn 0.382683 0.000000 0.923880
vn 0.382683 0.000000 0.923880
vn 0.382683 0.000000 0.923880
vn 0.382683 0.000000 0.923880
vn 0.382683 0.000000 0.923880
vn 0.382683 0.000000 0.923880
vn 0.382683 0.000000 0.923880
vn 0.382683 0.000000 0.923880
vn 0.382683 0.000000 0.923880
vn 0.382683 0.000000 0.923880
vn 0.382683 0.000000 0.923880
vn 0.382683 0.000000 0.923880
vn 0.382683 0.000000 0.923880
vn 0.382683 0.000000 0.923880
vn 0.382683 0.000000 0.923880
vn 0.382683 0.000000 0.923880
vn 0.382683 0.000000 0.923880
vn 0.382683 0.000000 0.923880
vn 0.382683 0.000000 0.923880
vn 0.382683 0.000000 0.923880
vn 0.382683 0.000000 0.923880
vn 0.382683 0.000000 0.923880
vn 0.382683 0.000000 0.923880
vn 0.382683 0.000000 0.923880
vn -0.382683 0.000000 0.923880
vn -0.382683 0.000000 0.923880
vn -0.382683 0.000000 0.923880
vn -0.382683 0.000000 0.923880
vn -0.382683 0.000000 0.923880
vn 0.923880 0.000000 0.382683
vn 0.923880 0.000000 0.382683
vn 0.923880 0.000000 0.382683
vn 0.923880 0.000000 0.382683
vn 0.923880 0.000000 0.382683
vn 0.923880 0.000000 0.382683
vn 0.923880 0.000000 0.382683
vn 0.923880 0.000000 0.382683
vn 0.923880 0.000000 0.382683
vn 0.923880 0.000000 0.382683
vn 0.923880 0.000000 0.382683
vn 0.923880 0.000000 0.382683
vn 0.923880 0.000000 0.382683
vn 0.923880 0.000000 0.382683
vn 0.923880 0.000000 0.382683
vn 0.923880 0.000000 0.382683
vn 0.923880 0.000000 0.382683
vn 0.923880 0.000000 0.382683
vn 0.923880 0.000000 0.382683
vn 0.923880 0.000000 0.382683
vn 0.923880 0.000000 0.382683
vn 0.923880 0.000000 0.382683
vn 0.923880 0.000000 0.382683
vn 0.923880 0.000000 0.382683
vn 0.923880 0.000000 0.382683
vn 0.923880 0.000000 0.382683
vn 0.923880 0.000000 0.382683
vn 0.923880 0.000000 0.382683
vn 0.923880 0.000000 0.382683
vn 0.923880 0.000000 0.382683
vn 0.923880 0.000000 0.382683
vn 0.923880 0.000000 0.382683
vn 0.923880 0.000000 0.382683
vn 0.923880 0.000000 0.382683
vn 0.923880 0.000000 0.382683
vn -0.923880 0.000000 -0.382683
vn -0.923880 0.000000 -0.382683
vn -0.923880 0.000000 -0.382683
vn -0.923880 0.000000 -0.382683
vn -0.382683 0.000000 -0.923880
vn -0.382683 0.000000 -0.923880
vn -0.382683 0.000000 -0.923880
vn -0.382683 0.000000 -0.923880
vn -0.382683 0.000000 -0.923880
vn -0.382683 0.000000 -0.923880
vn -0.382683 0.000000 -0.923880
vn -0.382683 0.000000 -0.923880
vn -0.382683 0.000000 -0.923880
vn -0.382683 0.000000 -0.923880
vn -0.382683 0.000000 -0.923880
vn -0.382683 0.000000 -0.923880
vn -0.382683 0.000000 -0.923880
vn -0.382683 0.000000 -0.923880
vn -0.382683 0.000000 -0.923880
vn -0.382683 0.000000 -0.923880
vn -0.382683 0.000000 -0.923880
vn -0.382683 0.000000 -0.923880
vn -0.382683 0.000000 -0.923880
vn -0.382683 0.000000 -0.923880
vn -0.382683 0.000000 -0.923880
vn -0.382683 0.000000 -0.923880
vn -0.382683 0.000000 -0.923880
vn -0.382683 0.000000 -0.923880
vn -0.382683 0.000000 -0.923880
vn -0.382683 0.000000 -0.923880
vn -0.382683 0.000000 -0.923880
vn -0.382683 0.000000 -0.923880
vn -0.382683 0.000000 -0.923880
vn -0.382683 0.000000 -0.923880
vn -0.382683 0.000000 -0.923880
vn -0.382683 0.000000 -0.923880
vn -0.382683 0.000000 -0.923880
vn -0.382683 0.000000 -0.923880
vn -0.382683 0.000000 -0.923880
vn -0.382683 0.000000 -0.923880
vn -0.382683 0.000000 -0.923880
vn -0.382683 0.000000 -0.923880
vn -0.382683 0.000000 -0.923880
vn -0.382683 0.000000 -0.923880
vn -0.382683 0.000000 -0.923880
vn -0.382683 0.000000 -0.923880
vn -0.382683 0.000000 -0.923880
vn -0.382683 0.000000 -0.923880
vn -0.382683 0.000000 -0.923880
vn -0.382683 0.000000 -0.923880
vn -0.382683 0.000000 -0.923880
vn -0.382683 0.000000 -0.923880
vn -0.382683 0.000000 -0.923880
vn -0.382683 0.000000 -0.923880
vn -0.382683 0.000000 -0.923880
vn -0.382683 0.000000 -0.923880
vn -0.382683 0.000000 -0.923880
vn -0.382683 0.000000 -0.923880
vn 0.382683 0.000000 -0.923880
vn 0.382683 -0.000000 -0.923880
vn 0.382683 0.000000 -0.923880
vn 0.382683 -0.000000 -0.923880
vn -0.923880 0.000000 -0.382683
vn -0.923880 0.000000 -0.382683
vn -0.923880 0.000000 -0.382683
vn -0.923880 0.000000 -0.382683
vn -0.923880 0.000000 -0.382683
vn -0.923880 0.000000 -0.382683
vn -0.382683 0.000000 -0.923880
vn -0.382683 0.000000 -0.923880
vn -0.382683 0.000000 -0.923880
vn -0.382683 0.000000 -0.923880
vn -0.382683 0.000000 -0.923880
vn -0.382683 0.000000 -0.923880
vn -0.382683 0.000000 -0.923880
vn -0.382683 0.000000 -0.923880
vn -0.382683 0.000000 -0.923880
vn -0.382683 0.000000 -0.923880
vn -0.382683 0.000000 -0.923880
vn -0.382683 0.000000 -0.923880
vn -0.382683 0.000000 -0.923880
vn -0.382683 0.000000 -0.923880
vn -0.382683 0.000000 -0.923880
vn -0.382683 0.000000 -0.923880
vn -0.382683 0.000000 -0.923880
vn -0.382683 0.000000 -0.923880
vn -0.382683 0.000000 -0.923880
vn -0.382683 0.000000 -0.923880
vn -0.382683 0.000000 -0.923880
vn -0.382683 0.000000 -0.923880
vn -0.382683 0.000000 -0.923880
vn -0.382683 0.000000 -0.923880
vn -0.382683 0.000000 -0.923880
vn -0.382683 0.000000 -0.923880
vn -0.382683 0.000000 -0.923880
vn -0.382683 0.000000 -0.923880
vn -0.382683 0.000000 -0.923880
vn -0.382683 0.000000 -0.923880
vn -0.382683 0.000000 -0.923880
vn -0.382683 0.000000 -0.923880
vn -0.382683 0.000000 -0.923880
vn -0.382683 0.000000 -0.923880
vn -0.382683 0.000000 -0.923880
vn -0.382683 0.000000 -0.923880
vn -0.382683 0.000000 -0.923880
vn 0.382683 0.000000 -0.923880
vn 0.382683 0.000000 -0.923880
vn 0.382683 0.000000 -0.923880
vn 0.382683 -0.000000 -0.923880
vn 0.382683 0.000000 -0.923880
vn 0.382683 0.000000 -0.923880
vn -0.923880 0.000000 0.382683
vn -0.923880 0.000000 0.382683
vn -0.923880 0.000000 0.382683
vn -0.923880 0.000000 0.382683
vn -0.923880 0.000000 0.382683
vn -0.923880 0.000000 0.382683
vn -0.923880 0.000000 0.382683
vn -0.923880 0.000000 0.382683
vn 0.923880 -0.000000 -0.382683
vn 0.923880 -0.000000 -0.382683
vn 0.923880 -0.000000 -0.382683
vn 0.923880 -0.000000 -0.382683
vn 0.923880 -0.000000 -0.382683
vn 0.923880 0.000000 -0.382683
vn 0.923880 -0.000000 -0.382683
vn 0.923880 0.000000 -0.382683
vn 0.808037 -0.484822 -0.334700
vn 0.808037 -0.484822 -0.334700
vn 0.808037 -0.484822 -0.334700
vn 0.808037 -0.484822 0.334700
vn 0.808037 -0.484822 0.334700
vn 0.808037 -0.484822 0.334700
vn 0.334700 -0.484822 0.808037
vn 0.334700 -0.484822 0.808037
vn 0.334700 -0.484822 0.808037
vn -0.334700 -0.484822 0.808037
vn -0.334700 -0.484822 0.808037
vn -0.334700 -0.484822 0.808037
vn 0.334700 -0.484822 -0.808037
vn 0.334700 -0.484822 -0.808037
vn 0.334700 -0.484822 -0.808037
vn -0.334700 -0.484822 -0.808037
vn -0.334700 -0.484822 -0.808037
vn -0.334700 -0.484822 -0.808037
vn -0.808037 -0.484822 -0.334700
vn -0.808037 -0.484822 -0.334700
vn -0.808037 -0.484822 -0.334700
vn -0.808037 -0.484822 0.334700
vn -0.808037 -0.484822 0.334700
vn -0.808037 -0.484822 0.334700
vn -0.000000 1.000000 0.000000
vn -0.000000 1.000000 0.000000
vn -0.000000 1.000000 0.000000
vn -0.000000 1.000000 0.000000
vn -0.000000 1.000000 0.000000
vn -0.000000 1.000000 0.000000
vn -0.000000 1.000000 0.000000
vn -0.000000 1.000000 0.000000
vn 0.382683 0.000000 0.923880
vn 0.382683 0.000000 0.923880
vn 0.382683 0.000000 0.923880
vn 0.382683 0.000000 0.923880
vn 0.382683 0.000000 0.923880
vn 0.382683 0.000000 0.923880
vn 0.382683 0.000000 0.923880
vn 0.382683 0.000000 0.923880
vn 0.382683 0.000000 0.923880
vn 0.382683 0.000000 0.923880
vn 0.382683 0.000000 0.923880
vn 0.382683 0.000000 0.923880
vn 0.382683 0.000000 0.923880
vn 0.382683 0.000000 0.923880
vn 0.382683 0.000000 0.923880
vn 0.382683 0.000000 0.923880
vn 0.382683 0.000000 0.923880
vn 0.382683 0.000000 0.923880
vn 0.382683 0.000000 0.923880
vn 0.382683 0.000000 0.923880
vn 0.382683 0.000000 0.923880
vn 0.382683 0.000000 0.923880
vn 0.382683 0.000000 0.923880
vn 0.382683 0.000000 0.923880
vn 0.382683 0.000000 0.923880
vn 0.382683 0.000000 0.923880
vn 0.382683 0.000000 0.923880
vn 0.382683 0.000000 0.923880
vn 0.382683 0.000000 0.923880
vn 0.382683 0.000000 0.923880
vn 0.382683 0.000000 0.923880
vn 0.382683 0.000000 0.923880
vn 0.382683 0.000000 0.923880
vn 0.382683 0.000000 0.923880
vn 0.382683 0.000000 0.923880
vn 0.382683 0.000000 0.923880
vn 0.382683 0.000000 0.923880
vn 0.382683 0.000000 0.923880
vn 0.382683 0.000000 0.923880
vn 0.382683 0.000000 0.923880
vn 0.382683 0.000000 0.923880
vn 0.382683 0.000000 0.923880
vn 0.382683 0.000000 0.923880
vn 0.382683 0.000000 0.923880
vn 0.382683 0.000000 0.923880
vn 0.382683 0.000000 0.923880
vn 0.382683 0.000000 0.923880
vn 0.382683 0.000000 0.923880
vn -0.382683 0.000000 0.923880
vn -0.382683 0.000000 0.923880
vn -0.382683 0.000000 0.923880
vn 0.923880 0.000000 0.382683
vn 0.923880 0.000000 0.382683
vn 0.923880 0.000000 0.382683
vn 0.923880 0.000000 0.382683
vn 0.923880 0.000000 0.382683
vn 0.923880 0.000000 0.382683
vn 0.923880 0.000000 0.382683
vn 0.923880 0.000000 0.382683
vn 0.923880 0.000000 0.382683
vn 0.923880 0.000000 0.382683
vn 0.923880 0.000000 0.382683
vn 0.923880 0.000000 0.382683
vn 0.923880 0.000000 0.382683
vn 0.923880 0.000000 0.382683
vn 0.923880 0.000000 0.382683
vn 0.923880 0.000000 0.382683
vn 0.923880 0.000000 0.382683
vn 0.923880 0.000000 0.382683
vn 0.923880 0.000000 0.382683
vn 0.923880 0.000000 0.382683
vn 0.923880 0.000000 0.382683
vn 0.923880 0.000000 0.382683
vn 0.923880 0.000000 0.382683
vn 0.923880 0.000000 0.382683
vn 0.923880 0.000000 0.382683
vn 0.923880 0.000000 0.382683
vn 0.923880 0.000000 0.382683
vn 0.923880 0.000000 0.382683
vn 0.923880 0.000000 0.382683
vn 0.923880 0.000000 0.382683
vn 0.923880 0.000000 0.382683
vn 0.923880 0.000000 0.382683
vn 0.923880 0.000000 0.382683
vn 0.923880 0.000000 0.382683
vn 0.923880 0.000000 0.382683
vn 0.923880 0.000000 0.382683
vn 0.923880 0.000000 0.382683
vn 0.923880 0.000000 0.382683
vn 0.923880 0.000000 0.382683
vn 0.923880 0.000000 0.382683
vn 0.923880 0.000000 0.382683
vn 0.923880 0.000000 0.382683
vn 0.923880 0.000000 0.382683
vn 0.923880 0.000000 0.382683
vn 0.923880 0.000000 0.382683
vn 0.923880 0.000000 0.382683
vn 0.923880 0.000000 0.382683
vn 0.923880 0.000000 0.382683
vn 0.923880 0.000000 0.382683
vn 0.382683 0.000000 0.923880
vn 0.382683 0.000000 0.923880
vn 0.382683 0.000000 0.923880
vn 0.382683 0.000000 0.923880
vn 0.382683 0.000000 0.923880
vn 0.382683 0.000000 0.923880
vn 0.382683 0.000000 0.923880
vn 0.382683 0.000000 0.923880
vn 0.382683 0.000000 0.923880
vn 0.382683 0.000000 0.923880
vn 0.382683 0.000000 0.923880
vn 0.382683 0.000000 0.923880
vn 0.382683 0.000000 0.923880
vn 0.382683 0.000000 0.923880
vn 0.382683 0.000000 0.923880
vn 0.382683 0.000000 0.923880
vn 0.382683 0.000000 0.923880
vn 0.382683 0.000000 0.923880
vn 0.382683 0.000000 0.923880
vn 0.382683 0.000000 0.923880
vn 0.382683 0.000000 0.923880
vn 0.382683 0.000000 0.923880
vn 0.382683 0.000000 0.923880
vn 0.382683 0.000000 0.923880
vn 0.382683 0.000000 0.923880
vn 0.382683 0.000000 0.923880
vn 0.382683 0.000000 0.923880
vn 0.382683 0.000000 0.923880
vn 0.382683 0.000000 0.923880
vn 0.382683 0.000000 0.923880
vn 0.382683 0.000000 0.923880
vn 0.382683 0.000000 0.923880
vn 0.382683 0.000000 0.923880
vn 0.382683 0.000000 0.923880
vn 0.382683 0.000000 0.923880
vn 0.382683 0.000000 0.923880
vn 0.382683 0.000000 0.923880
vn -0.382683 0.000000 0.923880
vn -0.382683 0.000000 0.923880
vn -0.382683 0.000000 0.923880
vn -0.382683 0.000000 0.923880
vn -0.382683 0.000000 0.923880
vn 0.923880 0.000000 0.382683
vn 0.923880 0.000000 0.382683
vn 0.923880 0.000000 0.382683
vn 0.923880 0.000000 0.382683
vn 0.923880 0.000000 0.382683
vn 0.923880 0.000000 0.382683
vn 0.923880 0.000000 0.382683
vn 0.923880 0.000000 0.382683
vn 0.923880 0.000000 0.382683
vn 0.923880 0.000000 0.382683
vn 0.923880 0.000000 0.382683
vn 0.923880 0.000000 0.382683
vn 0.923880 0.000000 0.382683
vn 0.923880 0.000000 0.382683
vn 0.923880 0.000000 0.382683
vn 0.923880 0.000000 0.382683
vn 0.923880 0.000000 0.382683
vn 0.923880 0.000000 0.382683
vn 0.923880 0.000000 0.382683
vn 0.923880 0.000000 0.382683
vn 0.923880 0.000000 0.382683
vn 0.923880 0.000000 0.382683
vn 0.923880 0.000000 0.382683
vn 0.923880 0.000000 0.382683
vn 0.923880 0.000000 0.382683
vn 0.923880 0.000000 0.382683
vn 0.923880 0.000000 0.382683
vn 0.923880 0.000000 0.382683
vn 0.923880 0.000000 0.382683
vn 0.923880 0.000000 0.382683
vn 0.923880 0.000000 0.382683
vn 0.923880 0.000000 0.382683
vn 0.923880 0.000000 0.382683
vn 0.923880 0.000000 0.382683
vn 0.923880 0.000000 0.382683
vn -0.923880 0.000000 -0.382683
vn -0.923880 0.000000 -0.382683
vn -0.923880 0.000000 -0.382683
vn -0.923880 0.000000 -0.382683
vn -0.382683 0.000000 -0.923880
vn -0.382683 0.000000 -0.923880
vn -0.382683 0.000000 -0.923880
vn -0.382683 0.000000 -0.923880
vn -0.382683 0.000000 -0.923880
vn -0.382683 0.000000 -0.923880
vn -0.382683 0.000000 -0.923880
vn -0.382683 0.000000 -0.923880
vn -0.382683 0.000000 -0.923880
vn -0.382683 0.000000 -0.923880
vn -0.382683 0.000000 -0.923880
vn -0.382683 0.000000 -0.923880
vn -0.382683 0.000000 -0.923880
vn -0.382683 0.000000 -0.923880
vn -0.382683 0.000000 -0.923880
vn -0.382683 0.000000 -0.923880
vn -0.382683 0.000000 -0.923880
vn -0.382683 0.000000 -0.923880
vn -0.382683 0.000000 -0.923880
vn -0.382683 0.000000 -0.923880
vn -0.382683 0.000000 -0.923880
vn -0.382683 0.000000 -0.923880
vn -0.382683 0.000000 -0.923880
vn -0.382683 0.000000 -0.923880
vn -0.382683 0.000000 -0.923880
vn -0.382683 0.000000 -0.923880
vn -0.382683 0.000000 -0.923880
vn -0.382683 0.000000 -0.923880
vn -0.382683 0.000000 -0.923880
vn -0.382683 0.000000 -0.923880
vn -0.382683 0.000000 -0.923880
vn -0.382683 0.000000 -0.923880
vn -0.382683 0.000000 -0.923880
vn -0.382683 0.000000 -0.923880
vn -0.382683 0.000000 -0.923880
vn -0.382683 0.000000 -0.923880
vn -0.382683 0.000000 -0.923880
vn -0.382683 0.000000 -0.923880
vn -0.382683 0.000000 -0.923880
vn -0.382683 0.000000 -0.923880
vn -0.382683 0.000000 -0.923880
vn -0.382683 0.000000 -0.923880
vn -0.382683 0.000000 -0.923880
vn -0.382683 0.000000 -0.923880
vn -0.382683 0.000000 -0.923880
vn -0.382683 0.000000 -0.923880
vn -0.382683 0.000000 -0.923880
vn -0.382683 0.000000 -0.923880
vn -0.382683 0.000000 -0.923880
vn -0.382683 0.000000 -0.923880
vn -0.382683 0.000000 -0.923880
vn -0.382683 0.000000 -0.923880
vn -0.382683 0.000000 -0.923880
vn -0.382683 0.000000 -0.923880
vn 0.382683 0.000000 -0.923880
vn 0.382683 -0.000000 -0.923880
vn 0.382683 0.000000 -0.923880
vn 0.382683 -0.000000 -0.923880
vn -0.923880 0.000000 -0.382683
vn -0.923880 0.000000 -0.382683
vn -0.923880 0.000000 -0.382683
vn -0.923880 0.000000 -0.382683
vn -0.923880 0.000000 -0.382683
vn -0.923880 0.000000 -0.382683
vn -0.382683 0.000000 -0.923880
vn -0.382683 0.000000 -0.923880
vn -0.382683 0.000000 -0.923880
vn -0.382683 0.000000 -0.923880
vn -0.382683 0.000000 -0.923880
vn -0.382683 0.000000 -0.923880
vn -0.382683 0.000000 -0.923880
vn -0.382683 0.000000 -0.923880
vn -0.382683 0.000000 -0.923880
vn -0.382683 0.000000 -0.923880
vn -0.382683 0.000000 -0.923880
vn -0.382683 0.000000 -0.923880
vn -0.382683 0.000000 -0.923880
vn -0.382683 0.000000 -0.923880
vn -0.382683 0.000000 -0.923880
vn -0.382683 0.000000 -0.923880
vn -0.382683 0.000000 -0.923880
vn -0.382683 0.000000 -0.923880
vn -0.382683 0.000000 -0.923880
vn -0.382683 0.000000 -0.923880
vn -0.382683 0.000000 -0.923880
vn -0.382683 0.000000 -0.923880
vn -0.382683 0.000000 -0.923880
vn -0.382683 0.000000 -0.923880
vn -0.382683 0.000000 -0.923880
vn -0.382683 0.000000 -0.923880
vn -0.382683 0.000000 -0.923880
vn -0.382683 0.000000 -0.923880
vn -0.382683 0.000000 -0.923880
vn -0.382683 0.000000 -0.923880
vn -0.382683 0.000000 -0.923880
vn -0.382683 0.000000 -0.923880
vn -0.382683 0.000000 -0.923880
vn -0.382683 0.000000 -0.923880
vn -0.382683 0.000000 -0.923880
vn -0.382683 0.000000 -0.923880
vn -0.382683 0.000000 -0.923880
vn 0.382683 0.000000 -0.923880
vn 0.382683 0.000000 -0.923880
vn 0.382683 0.000000 -0.923880
vn 0.382683 -0.000000 -0.923880
vn 0.382683 0.000000 -0.923880
vn 0.382683 0.000000 -0.923880
vn -0.923880 0.000000 0.382683
vn -0.923880 0.000000 0.382683
vn -0.923880 0.000000 0.382683
vn -0.923880 0.000000 0.382683
vn -0.923880 0.000000 0.382683
vn -0.923880 0.000000 0.382683
vn -0.923880 0.000000 0.382683
vn -0.923880 0.000000 0.382683
vn 0.923880 -0.000000 -0.382683
vn 0.923880 -0.000000 -0.382683
vn 0.923880 -0.000000 -0.382683
vn 0.923880 -0.000000 -0.382683
vn 0.923880 -0.000000 -0.382683
vn 0.923880 0.000000 -0.382683
vn 0.923880 -0.000000 -0.382683
vn 0.923880 0.000000 -0.382683
vn 0.808037 -0.484822 -0.334700
vn 0.808037 -0.484822 -0.334700
vn 0.808037 -0.484822 -0.334700
vn 0.808037 -0.484822 0.334700
vn 0.808037 -0.484822 0.334700
vn 0.808037 -0.484822 0.334700
vn 0.334700 -0.484822 0.808037
vn 0.334700 -0.484822 0.808037
vn 0.334700 -0.484822 0.808037
vn -0.334700 -0.484822 0.808037
vn -0.334700 -0.484822 0.808037
vn -0.334700 -0.484822 0.808037
vn 0.334700 -0.484822 -0.808037
vn 0.334700 -0.484822 -0.808037
vn 0.334700 -0.484822 -0.808037
vn -0.334700 -0.484822 -0.808037
vn -0.334700 -0.484822 -0.808037
vn -0.334700 -0.484822 -0.808037
vn -0.808037 -0.484822 -0.334700
vn -0.808037 -0.484822 -0.334700
vn -0.808037 -0.484822 -0.334700
vn -0.808037 -0.484822 0.334700
vn -0.808037 -0.484822 0.334700
vn -0.808037 -0.484822 0.334700
vn -0.000000 1.000000 0.000000
vn -0.000000 1.000000 0.000000
vn -0.000000 1.000000 0.000000
vn -0.000000 1.000000 0.000000
vn -0.000000 1.000000 0.000000
vn -0.000000 1.000000 0.000000
vn -0.000000 1.000000 0.000000
vn -0.000000 1.000000 0.000000
vn 0.382683 0.000000 0.923880
vn 0.382683 0.000000 0.923880
vn 0.382683 0.000000 0.923880
vn 0.382683 0.000000 0.923880
vn 0.382683 0.000000 0.923880
vn 0.382683 0.000000 0.923880
vn 0.382683 0.000000 0.923880
vn 0.382683 0.000000 0.923880
vn 0.382683 0.000000 0.923880
vn 0.382683 0.000000 0.923880
vn 0.382683 0.000000 0.923880
vn 0.382683 0.000000 0.923880
vn 0.382683 0.000000 0.923880
vn 0.382683 0.000000 0.923880
vn 0.382683 0.000000 0.923880
vn 0.382683 0.000000 0.923880
vn 0.382683 0.000000 0.923880
vn 0.382683 0.000000 0.923880
vn 0.382683 0.000000 0.923880
vn 0.382683 0.000000 0.923880
vn 0.382683 0.000000 0.923880
vn 0.382683 0.000000 0.923880
vn 0.382683 0.000000 0.923880
vn 0.382683 0.000000 0.923880
vn 0.382683 0.000000 0.923880
vn 0.382683 0.000000 0.923880
vn 0.382683 0.000000 0.923880
vn 0.382683 0.000000 0.923880
vn 0.382683 0.000000 0.923880
vn 0.382683 0.000000 0.923880
vn 0.382683 0.000000 0.923880
vn 0.382683 0.000000 0.923880
vn 0.382683 0.000000 0.923880
vn 0.382683 0.000000 0.923880
vn 0.382683 0.000000 0.923880
vn 0.382683 0.000000 0.923880
vn 0.382683 0.000000 0.923880
vn 0.382683 0.000000 0.923880
vn 0.382683 0.000000 0.923880
vn 0.382683 0.000000 0.923880
vn 0.382683 0.000000 0.923880
vn 0.382683 0.000000 0.923880
vn 0.382683 0.000000 0.923880
vn 0.382683 0.000000 0.923880
vn 0.382683 0.000000 0.923880
vn 0.382683 0.000000 0.923880
vn 0.382683 0.000000 0.923880
vn 0.382683 0.000000 0.923880
vn -0.382683 0.000000 0.923880
vn -0.382683 0.000000 0.923880
vn -0.382683 0.000000 0.923880
vn 0.923880 0.000000 0.382683
vn 0.923880 0.000000 0.382683
vn 0.923880 0.000000 0.382683
vn 0.923880 0.000000 0.382683
vn 0.923880 0.000000 0.382683
vn 0.923880 0.000000 0.382683
vn 0.923880 0.000000 0.382683
vn 0.923880 0.000000 0.382683
vn 0.923880 0.000000 0.382683
vn 0.923880 0.000000 0.382683
vn 0.923880 0.000000 0.382683
vn 0.923880 0.000000 0.382683
vn 0.923880 0.000000 0.382683
vn 0.923880 0.000000 0.382683
vn 0.923880 0.000000 0.382683
vn 0.923880 0.000000 0.382683
vn 0.923880 0.000000 0.382683
vn 0.923880 0.000000 0.382683
vn 0.923880 0.000000 0.382683
vn 0.923880 0.000000 0.382683
vn 0.923880 0.000000 0.382683
vn 0.923880 0.000000 0.382683
vn 0.923880 0.000000 0.382683
vn 0.923880 0.000000 0.382683
vn 0.923880 0.000000 0.382683
vn 0.923880 0.000000 0.382683
vn 0.923880 0.000000 0.382683
vn 0.923880 0.000000 0.382683
vn 0.923880 0.000000 0.382683
vn 0.923880 0.000000 0.382683
vn 0.923880 0.000000 0.382683
vn 0.923880 0.000000 0.382683
vn 0.923880 0.000000 0.382683
vn 0.923880 0.000000 0.382683
vn 0.923880 0.000000 0.382683
vn 0.923880 0.000000 0.382683
vn 0.923880 0.000000 0.382683
vn 0.923880 0.000000 0.382683
vn 0.923880 0.000000 0.382683
vn 0.923880 0.000000 0.382683
vn 0.923880 0.000000 0.382683
vn 0.923880 0.000000 0.382683
vn 0.923880 0.000000 0.382683
vn 0.923880 0.000000 0.382683
vn 0.923880 0.000000 0.382683
vn 0.923880 0.000000 0.382683
vn 0.923880 0.000000 0.382683
vn 0.923880 0.000000 0.382683
vn 0.923880 0.000000 0.382683
vn 0.382683 0.000000 0.923880
vn 0.382683 0.000000 0.923880
vn 0.382683 0.000000 0.923880
vn 0.382683 0.000000 0.923880
vn 0.382683 0.000000 0.923880
vn 0.382683 0.000000 0.923880
vn 0.382683 0.000000 0.923880
vn 0.382683 0.000000 0.923880
vn 0.382683 0.000000 0.923880
vn 0.382683 0.000000 0.923880
vn 0.382683 0.000000 0.923880
vn 0.382683 0.000000 0.923880
vn 0.382683 0.000000 0.923880
vn 0.382683 0.000000 0.923880
vn 0.382683 0.000000 0.923880
vn 0.382683 0.000000 0.923880
vn 0.382683 0.000000 0.923880
vn 0.382683 0.000000 0.923880
vn 0.382683 0.000000 0.923880
vn 0.382683 0.000000 0.923880
vn 0.382683 0.000000 0.923880
vn 0.382683 0.000000 0.923880
vn 0.382683 0.000000 0.923880
vn 0.382683 0.000000 0.923880
vn 0.382683 0.000000 0.923880
vn 0.382683 0.000000 0.923880
vn 0.382683 0.000000 0.923880
vn 0.382683 0.000000 0.923880
vn 0.382683 0.000000 0.923880
vn 0.382683 0.000000 0.923880
vn 0.382683 0.000000 0.923880
vn 0.382683 0.000000 0.923880
vn 0.382683 0.000000 0.923880
vn 0.382683 0.000000 0.923880
vn 0.382683 0.000000 0.923880
vn 0.382683 0.000000 0.923880
vn 0.382683 0.000000 0.923880
vn -0.382683 0.000000 0.923880
vn -0.382683 0.000000 0.923880
vn -0.382683 0.000000 0.923880
vn -0.382683 0.000000 0.923880
vn -0.382683 0.000000 0.923880
vn 0.923880 0.000000 0.382683
vn 0.923880 0.000000 0.382683
vn 0.923880 0.000000 0.382683
vn 0.923880 0.000000 0.382683
vn 0.923880 0.000000 0.382683
vn 0.923880 0.000000 0.382683
vn 0.923880 0.000000 0.382683
vn 0.923880 0.000000 0.382683
vn 0.923880 0.000000 0.382683
vn 0.923880 0.000000 0.382683
vn 0.923880 0.000000 0.382683
vn 0.923880 0.000000 0.382683
vn 0.923880 0.000000 0.382683
vn 0.923880 0.000000 0.382683
vn 0.923880 0.000000 0.382683
vn 0.923880 0.000000 0.382683
vn 0.923880 0.000000 0.382683
vn 0.923880 0.000000 0.382683
vn 0.923880 0.000000 0.382683
vn 0.923880 0.000000 0.382683
vn 0.923880 0.000000 0.382683
vn 0.923880 0.000000 0.382683
vn 0.923880 0.000000 0.382683
vn 0.923880 0.000000 0.382683
vn 0.923880 0.000000 0.382683
vn 0.923880 0.000000 0.382683
vn 0.923880 0.000000 0.382683
vn 0.923880 0.000000 0.382683
vn 0.923880 0.000000 0.382683
vn 0.923880 0.000000 0.382683
vn 0.923880 0.000000 0.382683
vn 0.923880 0.000000 0.382683
vn 0.923880 0.000000 0.382683
vn 0.923880 0.000000 0.382683
vn 0.923880 0.000000 0.382683
vn -0.923880 0.000000 -0.382683
vn -0.923880 0.000000 -0.382683
vn -0.923880 0.000000 -0.382683
vn -0.923880 0.000000 -0.382683
vn -0.382683 0.000000 -0.923880
vn -0.382683 0.000000 -0.923880
vn -0.382683 0.000000 -0.923880
vn -0.382683 0.000000 -0.923880
vn -0.382683 0.000000 -0.923880
vn -0.382683 0.000000 -0.923880
vn -0.382683 0.000000 -0.923880
vn -0.382683 0.000000 -0.923880
vn -0.382683 0.000000 -0.923880
vn -0.382683 0.000000 -0.923880
vn -0.382683 0.000000 -0.923880
vn -0.382683 0.000000 -0.923880
vn -0.382683 0.000000 -0.923880
vn -0.382683 0.000000 -0.923880
vn -0.382683 0.000000 -0.923880
vn -0.382683 0.000000 -0.923880
vn -0.382683 0.000000 -0.923880
vn -0.382683 0.000000 -0.923880
vn -0.382683 0.000000 -0.923880
vn -0.382683 0.000000 -0.923880
vn -0.382683 0.000000 -0.923880
vn -0.382683 0.000000 -0.923880
vn -0.382683 0.000000 -0.923880
vn -0.382683 0.000000 -0.923880
vn -0.382683 0.000000 -0.923880
vn -0.382683 0.000000 -0.923880
vn -0.382683 0.000000 -0.923880
vn -0.382683 0.000000 -0.923880
vn -0.382683 0.000000 -0.923880
vn -0.382683 0.000000 -0.923880
vn -0.382683 0.000000 -0.923880
vn -0.382683 0.000000 -0.923880
vn -0.382683 0.000000 -0.923880
vn -0.382683 0.000000 -0.923880
vn -0.382683 0.000000 -0.923880
vn -0.382683 0.000000 -0.923880
vn -0.382683 0.000000 -0.923880
vn -0.382683 0.000000 -0.923880
vn -0.382683 0.000000 -0.923880
vn -0.382683 0.000000 -0.923880
vn -0.382683 0.000000 -0.923880
vn -0.382683 0.000000 -0.923880
vn -0.382683 0.000000 -0.923880
vn -0.382683 0.000000 -0.923880
vn -0.382683 0.000000 -0.923880
vn -0.382683 0.000000 -0.923880
vn -0.382683 0.000000 -0.923880
vn -0.382683 0.000000 -0.923880
vn -0.382683 0.000000 -0.923880
vn -0.382683 0.000000 -0.923880
vn -0.382683 0.000000 -0.923880
vn -0.382683 0.000000 -0.923880
vn -0.382683 0.000000 -0.923880
vn -0.382683 0.000000 -0.923880
vn 0.382683 0.000000 -0.923880
vn 0.382683 -0.000000 -0.923880
vn 0.382683 0.000000 -0.923880
vn 0.382683 -0.000000 -0.923880
vn -0.923880 0.000000 -0.382683
vn -0.923880 0.000000 -0.382683
vn -0.923880 0.000000 -0.382683
vn -0.923880 0.000000 -0.382683
vn -0.923880 0.000000 -0.382683
vn -0.923880 0.000000 -0.382683
vn -0.382683 0.000000 -0.923880
vn -0.382683 0.000000 -0.923880
vn -0.382683 0.000000 -0.923880
vn -0.382683 0.000000 -0.923880
vn -0.382683 0.000000 -0.923880
vn -0.382683 0.000000 -0.923880
vn -0.382683 0.000000 -0.923880
vn -0.382683 0.000000 -0.923880
vn -0.382683 0.000000 -0.923880
vn -0.382683 0.000000 -0.923880
vn -0.382683 0.000000 -0.923880
vn -0.382683 0.000000 -0.923880
vn -0.382683 0.000000 -0.923880
vn -0.382683 0.000000 -0.923880
vn -0.382683 0.000000 -0.923880
vn -0.382683 0.000000 -0.923880
vn -0.382683 0.000000 -0.923880
vn -0.382683 0.000000 -0.923880
vn -0.382683 0.000000 -0.923880
vn -0.382683 0.000000 -0.923880
vn -0.382683 0.000000 -0.923880
vn -0.382683 0.000000 -0.923880
vn -0.382683 0.000000 -0.923880
vn -0.382683 0.000000 -0.923880
vn -0.382683 0.000000 -0.923880
vn -0.382683 0.000000 -0.923880
vn -0.382683 0.000000 -0.923880
vn -0.382683 0.000000 -0.923880
vn -0.382683 0.000000 -0.923880
vn -0.382683 0.000000 -0.923880
vn -0.382683 0.000000 -0.923880
vn -0.382683 0.000000 -0.923880
vn -0.382683 0.000000 -0.923880
vn -0.382683 0.000000 -0.923880
vn -0.382683 0.000000 -0.923880
vn -0.382683 0.000000 -0.923880
vn -0.382683 0.000000 -0.923880
vn 0.382683 0.000000 -0.923880
vn 0.382683 0.000000 -0.923880
vn 0.382683 0.000000 -0.923880
vn 0.382683 -0.000000 -0.923880
vn 0.382683 0.000000 -0.923880
vn 0.382683 0.000000 -0.923880
vn -0.923880 0.000000 0.382683
vn -0.923880 0.000000 0.382683
vn -0.923880 0.000000 0.382683
vn -0.923880 0.000000 0.382683
vn -0.923880 0.000000 0.382683
vn -0.923880 0.000000 0.382683
vn -0.923880 0.000000 0.382683
vn -0.923880 0.000000 0.382683
vn 0.923880 -0.000000 -0.382683
vn 0.923880 -0.000000 -0.382683
vn 0.923880 -0.000000 -0.382683
vn 0.923880 -0.000000 -0.382683
vn 0.923880 -0.000000 -0.382683
vn 0.923880 0.000000 -0.382683
vn 0.923880 -0.000000 -0.382683
vn 0.923880 0.000000 -0.382683
vn 0.808037 -0.484822 -0.334700
vn 0.808037 -0.484822 -0.334700
vn 0.808037 -0.484822 -0.334700
vn 0.808037 -0.484822 0.334700
vn 0.808037 -0.484822 0.334700
vn 0.808037 -0.484822 0.334700
vn 0.334700 -0.484822 0.808037
vn 0.334700 -0.484822 0.808037
vn 0.334700 -0.484822 0.808037
vn -0.334700 -0.484822 0.808037
vn -0.334700 -0.484822 0.808037
vn -0.334700 -0.484822 0.808037
vn 0.334700 -0.484822 -0.808037
vn 0.334700 -0.484822 -0.808037
vn 0.334700 -0.484822 -0.808037
vn -0.334700 -0.484822 -0.808037
vn -0.334700 -0.484822 -0.808037
vn -0.334700 -0.484822 -0.808037
vn -0.808037 -0.484822 -0.334700
vn -0.808037 -0.484822 -0.334700
vn -0.808037 -0.484822 -0.334700
vn -0.808037 -0.484822 0.334700
vn -0.808037 -0.484822 0.334700
vn -0.808037 -0.484822 0.334700
vn -0.000000 1.000000 0.000000
vn -0.000000 1.000000 0.000000
vn -0.000000 1.000000 0.000000
vn -0.000000 1.000000 0.000000
vn -0.000000 1.000000 0.000000
vn -0.000000 1.000000 0.000000
vn -0.000000 1.000000 0.000000
vn -0.000000 1.000000 0.000000
vn 0.382683 0.000000 0.923880
vn 0.382683 0.000000 0.923880
vn 0.382683 0.000000 0.923880
vn 0.382683 0.000000 0.923880
vn 0.382683 0.000000 0.923880
vn 0.382683 0.000000 0.923880
vn 0.382683 0.000000 0.923880
vn 0.382683 0.000000 0.923880
vn 0.382683 0.000000 0.923880
vn 0.382683 0.000000 0.923880
vn 0.382683 0.000000 0.923880
vn 0.382683 0.000000 0.923880
vn 0.382683 0.000000 0.923880
vn 0.382683 0.000000 0.923880
vn 0.382683 0.000000 0.923880
vn 0.382683 0.000000 0.923880
vn 0.382683 0.000000 0.923880
vn 0.382683 0.000000 0.923880
vn 0.382683 0.000000 0.923880
vn 0.382683 0.000000 0.923880
vn 0.382683 0.000000 0.923880
vn 0.382683 0.000000 0.923880
vn 0.382683 0.000000 0.923880
vn 0.382683 0.000000 0.923880
vn 0.382683 0.000000 0.923880
vn 0.382683 0.000000 0.923880
vn 0.382683 0.000000 0.923880
vn 0.382683 0.000000 0.923880
vn 0.382683 0.000000 0.923880
vn 0.382683 0.000000 0.923880
vn 0.382683 0.000000 0.923880
vn 0.382683 0.000000 0.923880
vn 0.382683 0.000000 0.923880
vn 0.382683 0.000000 0.923880
vn 0.382683 0.000000 0.923880
vn 0.382683 0.000000 0.923880
vn 0.382683 0.000000 0.923880
vn 0.382683 0.000000 0.923880
vn 0.382683 0.000000 0.923880
vn 0.382683 0.000000 0.923880
vn 0.382683 0.000000 0.923880
vn 0.382683 0.000000 0.923880
vn 0.382683 0.000000 0.923880
vn 0.382683 0.000000 0.923880
vn 0.382683 0.000000 0.923880
vn 0.382683 0.000000 0.923880
vn 0.382683 0.000000 0.923880
vn 0.382683 0.000000 0.923880
vn -0.382683 0.000000 0.923880
vn -0.382683 0.000000 0.923880
vn -0.382683 0.000000 0.923880
vn 0.923880 0.000000 0.382683
vn 0.923880 0.000000 0.382683
vn 0.923880 0.000000 0.382683
vn 0.923880 0.000000 0.382683
vn 0.923880 0.000000 0.382683
vn 0.923880 0.000000 0.382683
vn 0.923880 0.000000 0.382683
vn 0.923880 0.000000 0.382683
vn 0.923880 0.000000 0.382683
vn 0.923880 0.000000 0.382683
vn 0.923880 0.000000 0.382683
vn 0.923880 0.000000 0.382683
vn 0.923880 0.000000 0.382683
vn 0.923880 0.000000 0.382683
vn 0.923880 0.000000 0.382683
vn 0.923880 0.000000 0.382683
vn 0.923880 0.000000 0.382683
vn 0.923880 0.000000 0.382683
vn 0.923880 0.000000 0.382683
vn 0.923880 0.000000 0.382683
vn 0.923880 0.000000 0.382683
vn 0.923880 0.000000 0.382683
vn 0.923880 0.000000 0.382683
vn 0.923880 0.000000 0.382683
vn 0.923880 0.000000 0.382683
vn 0.923880 0.000000 0.382683
vn 0.923880 0.000000 0.382683
vn 0.923880 0.000000 0.382683
vn 0.923880 0.000000 0.382683
vn 0.923880 0.000000 0.382683
vn 0.923880 0.000000 0.382683
vn 0.923880 0.000000 0.382683
vn 0.923880 0.000000 0.382683
vn 0.923880 0.000000 0.382683
vn 0.923880 0.000000 0.382683
vn 0.923880 0.000000 0.382683
vn 0.923880 0.000000 0.382683
vn 0.923880 0.000000 0.382683
vn 0.923880 0.000000 0.382683
vn 0.923880 0.000000 0.382683
vn 0.923880 0.000000 0.382683
vn 0.923880 0.000000 0.382683
vn 0.923880 0.000000 0.382683
vn 0.923880 0.000000 0.382683
vn 0.923880 0.000000 0.382683
vn 0.923880 0.000000 0.382683
vn 0.923880 0.000000 0.382683
vn 0.923880 0.000000 0.382683
vn 0.923880 0.000000 0.382683
vn 0.382683 0.000000 0.923880
vn 0.382683 0.000000 0.923880
vn 0.382683 0.000000 0.923880
vn 0.382683 0.000000 0.923880
vn 0.382683 0.000000 0.923880
vn 0.382683 0.000000 0.923880
vn 0.382683 0.000000 0.923880
vn 0.382683 0.000000 0.923880
vn 0.382683 0.000000 0.923880
vn 0.382683 0.000000 0.923880
vn 0.382683 0.000000 0.923880
vn 0.382683 0.000000 0.923880
vn 0.382683 0.000000 0.923880
vn 0.382683 0.000000 0.923880
vn 0.382683 0.000000 0.923880
vn 0.382683 0.000000 0.923880
vn 0.382683 0.000000 0.923880
vn 0.382683 0.000000 0.923880
vn 0.382683 0.000000 0.923880
vn 0.382683 0.000000 0.923880
vn 0.382683 0.000000 0.923880
vn 0.382683 0.000000 0.923880
vn 0.382683 0.000000 0.923880
vn 0.382683 0.000000 0.923880
vn 0.382683 0.000000 0.923880
vn 0.382683 0.000000 0.923880
vn 0.382683 0.000000 0.923880
vn 0.382683 0.000000 0.923880
vn 0.382683 0.000000 0.923880
vn 0.382683 0.000000 0.923880
vn 0.382683 0.000000 0.923880
vn 0.382683 0.000000 0.923880
vn 0.382683 0.000000 0.923880
vn 0.382683 0.000000 0.923880
vn 0.382683 0.000000 0.923880
vn 0.382683 0.000000 0.923880
vn 0.382683 0.000000 0.923880
vn -0.382683 0.000000 0.923880
vn -0.382683 0.000000 0.923880
vn -0.382683 0.000000 0.923880
vn -0.382683 0.000000 0.923880
vn -0.382683 0.000000 0.923880
vn 0.923880 0.000000 0.382683
vn 0.923880 0.000000 0.382683
vn 0.923880 0.000000 0.382683
vn 0.923880 0.000000 0.382683
vn 0.923880 0.000000 0.382683
vn 0.923880 0.000000 0.382683
vn 0.923880 0.000000 0.382683
vn 0.923880 0.000000 0.382683
vn 0.923880 0.000000 0.382683
vn 0.923880 0.000000 0.382683
vn 0.923880 0.000000 0.382683
vn 0.923880 0.000000 0.382683
vn 0.923880 0.000000 0.382683
vn 0.923880 0.000000 0.382683
vn 0.923880 0.000000 0.382683
vn 0.923880 0.000000 0.382683
vn 0.923880 0.000000 0.382683
vn 0.923880 0.000000 0.382683
vn 0.923880 0.000000 0.382683
vn 0.923880 0.000000 0.382683
vn 0.923880 0.000000 0.382683
vn 0.923880 0.000000 0.382683
vn 0.923880 0.000000 0.382683
vn 0.923880 0.000000 0.382683
vn 0.923880 0.000000 0.382683
vn 0.923880 0.000000 0.382683
vn 0.923880 0.000000 0.382683
vn 0.923880 0.000000 0.382683
vn 0.923880 0.000000 0.382683
vn 0.923880 0.000000 0.382683
vn 0.923880 0.000000 0.382683
vn 0.923880 0.000000 0.382683
vn 0.923880 0.000000 0.382683
vn 0.923880 0.000000 0.382683
vn 0.923880 0.000000 0.382683
vn -0.923880 0.000000 -0.382683
vn -0.923880 0.000000 -0.382683
vn -0.923880 0.000000 -0.382683
vn -0.923880 0.000000 -0.382683
vn -0.382683 0.000000 -0.923880
vn -0.382683 0.000000 -0.923880
vn -0.382683 0.000000 -0.923880
vn -0.382683 0.000000 -0.923880
vn -0.382683 0.000000 -0.923880
vn -0.382683 0.000000 -0.923880
vn -0.382683 0.000000 -0.923880
vn -0.382683 0.000000 -0.923880
vn -0.382683 0.000000 -0.923880
vn -0.382683 0.000000 -0.923880
vn -0.382683 0.000000 -0.923880
vn -0.382683 0.000000 -0.923880
vn -0.382683 0.000000 -0.923880
vn -0.382683 0.000000 -0.923880
vn -0.382683 0.000000 -0.923880
vn -0.382683 0.000000 -0.923880
vn -0.382683 0.000000 -0.923880
vn -0.382683 0.000000 -0.923880
vn -0.382683 0.000000 -0.923880
vn -0.382683 0.000000 -0.923880
vn -0.382683 0.000000 -0.923880
vn -0.382683 0.000000 -0.923880
vn -0.382683 0.000000 -0.923880
vn -0.382683 0.000000 -0.923880
vn -0.382683 0.000000 -0.923880
vn -0.382683 0.000000 -0.923880
vn -0.382683 0.000000 -0.923880
vn -0.382683 0.000000 -0.923880
vn -0.382683 0.000000 -0.923880
vn -0.382683 0.000000 -0.923880
vn -0.382683 0.000000 -0.923880
vn -0.382683 0.000000 -0.923880
vn -0.382683 0.000000 -0.923880
vn -0.382683 0.000000 -0.923880
vn -0.382683 0.000000 -0.923880
vn -0.382683 0.000000 -0.923880
vn -0.382683 0.000000 -0.923880
vn -0.382683 0.000000 -0.923880
vn -0.382683 0.000000 -0.923880
vn -0.382683 0.000000 -0.923880
vn -0.382683 0.000000 -0.923880
vn -0.382683 0.000000 -0.923880
vn -0.382683 0.000000 -0.923880
vn -0.382683 0.000000 -0.923880
vn -0.382683 0.000000 -0.923880
vn -0.382683 0.000000 -0.923880
vn -0.382683 0.000000 -0.923880
vn -0.382683 0.000000 -0.923880
vn -0.382683 0.000000 -0.923880
vn -0.382683 0.000000 -0.923880
vn -0.382683 0.000000 -0.923880
vn -0.382683 0.000000 -0.923880
vn -0.382683 0.000000 -0.923880
vn -0.382683 0.000000 -0.923880
vn 0.382683 0.000000 -0.923880
vn 0.382683 -0.000000 -0.923880
vn 0.382683 0.000000 -0.923880
vn 0.382683 -0.000000 -0.923880
vn -0.923880 0.000000 -0.382683
vn -0.923880 0.000000 -0.382683
vn -0.923880 0.000000 -0.382683
vn -0.923880 0.000000 -0.382683
vn -0.923880 0.000000 -0.382683
vn -0.923880 0.000000 -0.382683
vn -0.382683 0.000000 -0.923880
vn -0.382683 0.000000 -0.923880
vn -0.382683 0.000000 -0.923880
vn -0.382683 0.000000 -0.923880
vn -0.382683 0.000000 -0.923880
vn -0.382683 0.000000 -0.923880
vn -0.382683 0.000000 -0.923880
vn -0.382683 0.000000 -0.923880
vn -0.382683 0.000000 -0.923880
vn -0.382683 0.000000 -0.923880
vn -0.382683 0.000000 -0.923880
vn -0.382683 0.000000 -0.923880
vn -0.382683 0.000000 -0.923880
vn -0.382683 0.000000 -0.923880
vn -0.382683 0.000000 -0.923880
vn -0.382683 0.000000 -0.923880
vn -0.382683 0.000000 -0.923880
vn -0.382683 0.000000 -0.923880
vn -0.382683 0.000000 -0.923880
vn -0.382683 0.000000 -0.923880
vn -0.382683 0.000000 -0.923880
vn -0.382683 0.000000 -0.923880
vn -0.382683 0.000000 -0.923880
vn -0.382683 0.000000 -0.923880
vn -0.382683 0.000000 -0.923880
vn -0.382683 0.000000 -0.923880
vn -0.382683 0.000000 -0.923880
vn -0.382683 0.000000 -0.923880
vn -0.382683 0.000000 -0.923880
vn -0.382683 0.000000 -0.923880
vn -0.382683 0.000000 -0.923880
vn -0.382683 0.000000 -0.923880
vn -0.382683 0.000000 -0.923880
vn -0.382683 0.000000 -0.923880
vn -0.382683 0.000000 -0.923880
vn -0.382683 0.000000 -0.923880
vn -0.382683 0.000000 -0.923880
vn 0.382683 0.000000 -0.923880
vn 0.382683 0.000000 -0.923880
vn 0.382683 0.000000 -0.923880
vn 0.382683 -0.000000 -0.923880
vn 0.382683 0.000000 -0.923880
vn 0.382683 0.000000 -0.923880
vn -0.923880 0.000000 0.382683
vn -0.923880 0.000000 0.382683
vn -0.923880 0.000000 0.382683
vn -0.923880 0.000000 0.382683
vn -0.923880 0.000000 0.382683
vn -0.923880 0.000000 0.382683
vn -0.923880 0.000000 0.382683
vn -0.923880 0.000000 0.382683
vn 0.923880 -0.000000 -0.382683
vn 0.923880 -0.000000 -0.382683
vn 0.923880 -0.000000 -0.382683
vn 0.923880 -0.000000 -0.382683
vn 0.923880 -0.000000 -0.382683
vn 0.923880 0.000000 -0.382683
vn 0.923880 -0.000000 -0.382683
vn 0.923880 0.000000 -0.382683
vn 0.808037 -0.484822 -0.334700
vn 0.808037 -0.484822 -0.334700
vn 0.808037 -0.484822 -0.334700
vn 0.808037 -0.484822 0.334700
vn 0.808037 -0.484822 0.334700
vn 0.808037 -0.484822 0.334700
vn 0.334700 -0.484822 0.808037
vn 0.334700 -0.484822 0.808037
vn 0.334700 -0.484822 0.808037
vn -0.334700 -0.484822 0.808037
vn -0.334700 -0.484822 0.808037
vn -0.334700 -0.484822 0.808037
vn 0.334700 -0.484822 -0.808037
vn 0.334700 -0.484822 -0.808037
vn 0.334700 -0.484822 -0.808037
vn -0.334700 -0.484822 -0.808037
vn -0.334700 -0.484822 -0.808037
vn -0.334700 -0.484822 -0.808037
vn -0.808037 -0.484822 -0.334700
vn -0.808037 -0.484822 -0.334700
vn -0.808037 -0.484822 -0.334700
vn -0.808037 -0.484822 0.334700
vn -0.808037 -0.484822 0.334700
vn -0.808037 -0.484822 0.334700
vn -0.000000 1.000000 0.000000
vn -0.000000 1.000000 0.000000
vn -0.000000 1.000000 0.000000
vn -0.000000 1.000000 0.000000
vn -0.000000 1.000000 0.000000
vn -0.000000 1.000000 0.000000
vn -0.000000 1.000000 0.000000
vn -0.000000 1.000000 0.000000
vn 0.382683 0.000000 0.923880
vn 0.382683 0.000000 0.923880
vn 0.382683 0.000000 0.923880
vn 0.382683 0.000000 0.923880
vn 0.382683 0.000000 0.923880
vn 0.382683 0.000000 0.923880
vn 0.382683 0.000000 0.923880
vn 0.382683 0.000000 0.923880
vn 0.382683 0.000000 0.923880
vn 0.382683 0.000000 0.923880
vn 0.382683 0.000000 0.923880
vn 0.382683 0.000000 0.923880
vn 0.382683 0.000000 0.923880
vn 0.382683 0.000000 0.923880
vn 0.382683 0.000000 0.923880
vn 0.382683 0.000000 0.923880
vn 0.382683 0.000000 0.923880
vn 0.382683 0.000000 0.923880
vn 0.382683 0.000000 0.923880
vn 0.382683 0.000000 0.923880
vn 0.382683 0.000000 0.923880
vn 0.382683 0.000000 0.923880
vn 0.382683 0.000000 0.923880
vn 0.382683 0.000000 0.923880
vn 0.382683 0.000000 0.923880
vn 0.382683 0.000000 0.923880
vn 0.382683 0.000000 0.923880
vn 0.382683 0.000000 0.923880
vn 0.382683 0.000000 0.923880
vn 0.382683 0.000000 0.923880
vn 0.382683 0.000000 0.923880
vn 0.382683 0.000000 0.923880
vn 0.382683 0.000000 0.923880
vn 0.382683 0.000000 0.923880
vn 0.382683 0.000000 0.923880
vn 0.382683 0.000000 0.923880
vn 0.382683 0.000000 0.923880
vn 0.382683 0.000000 0.923880
vn 0.382683 0.000000 0.923880
vn 0.382683 0.000000 0.923880
vn 0.382683 0.000000 0.923880
vn 0.382683 0.000000 0.923880
vn 0.382683 0.000000 0.923880
vn 0.382683 0.000000 0.923880
vn 0.382683 0.000000 0.923880
vn 0.382683 0.000000 0.923880
vn 0.382683 0.000000 0.923880
vn 0.382683 0.000000 0.923880
vn -0.382683 0.000000 0.923880
vn -0.382683 0.000000 0.923880
vn -0.382683 0.000000 0.923880
vn 0.923880 0.000000 0.382683
vn 0.923880 0.000000 0.382683
vn 0.923880 0.000000 0.382683
vn 0.923880 0.000000 0.382683
vn 0.923880 0.000000 0.382683
vn 0.923880 0.000000 0.382683
vn 0.923880 0.000000 0.382683
vn 0.923880 0.000000 0.382683
vn 0.923880 0.000000 0.382683
vn 0.923880 0.000000 0.382683
vn 0.923880 0.000000 0.382683
vn 0.923880 0.000000 0.382683
vn 0.923880 0.000000 0.382683
vn 0.923880 0.000000 0.382683
vn 0.923880 0.000000 0.382683
vn 0.923880 0.000000 0.382683
vn 0.923880 0.000000 0.382683
vn 0.923880 0.000000 0.382683
vn 0.923880 0.000000 0.382683
vn 0.923880 0.000000 0.382683
vn 0.923880 0.000000 0.382683
vn 0.923880 0.000000 0.382683
vn 0.923880 0.000000 0.382683
vn 0.923880 0.000000 0.382683
vn 0.923880 0.000000 0.382683
vn 0.923880 0.000000 0.382683
vn 0.923880 0.000000 0.382683
vn 0.923880 0.000000 0.382683
vn 0.923880 0.000000 0.382683
vn 0.923880 0.000000 0.382683
vn 0.923880 0.000000 0.382683
vn 0.923880 0.000000 0.382683
vn 0.923880 0.000000 0.382683
vn 0.923880 0.000000 0.382683
vn 0.923880 0.000000 0.382683
vn 0.923880 0.000000 0.382683
vn 0.923880 0.000000 0.382683
vn 0.923880 0.000000 0.382683
vn 0.923880 0.000000 0.382683
vn 0.923880 0.000000 0.382683
vn 0.923880 0.000000 0.382683
vn 0.923880 0.000000 0.382683
vn 0.923880 0.000000 0.382683
vn 0.923880 0.000000 0.382683
vn 0.923880 0.000000 0.382683
vn 0.923880 0.000000 0.382683
vn 0.923880 0.000000 0.382683
vn 0.923880 0.000000 0.382683
vn 0.923880 0.000000 0.382683
vn 0.382683 0.000000 0.923880
vn 0.382683 0.000000 0.923880
vn 0.382683 0.000000 0.923880
vn 0.382683 0.000000 0.923880
vn 0.382683 0.000000 0.923880
vn 0.382683 0.000000 0.923880
vn 0.382683 0.000000 0.923880
vn 0.382683 0.000000 0.923880
vn 0.382683 0.000000 0.923880
vn 0.382683 0.000000 0.923880
vn 0.382683 0.000000 0.923880
vn 0.382683 0.000000 0.923880
vn 0.382683 0.000000 0.923880
vn 0.382683 0.000000 0.923880
vn 0.382683 0.000000 0.923880
vn 0.382683 0.000000 0.923880
vn 0.382683 0.000000 0.923880
vn 0.382683 0.000000 0.923880
vn 0.382683 0.000000 0.923880
vn 0.382683 0.000000 0.923880
vn 0.382683 0.000000 0.923880
vn 0.382683 0.000000 0.923880
vn 0.382683 0.000000 0.923880
vn 0.382683 0.000000 0.923880
vn 0.382683 0.000000 0.923880
vn 0.382683 0.000000 0.923880
vn 0.382683 0.000000 0.923880
vn 0.382683 0.000000 0.923880
vn 0.382683 0.000000 0.923880
vn 0.382683 0.000000 0.923880
vn 0.382683 0.000000 0.923880
vn 0.382683 0.000000 0.923880
vn 0.382683 0.000000 0.923880
vn 0.382683 0.000000 0.923880
vn 0.382683 0.000000 0.923880
vn 0.382683 0.000000 0.923880
vn 0.382683 0.000000 0.923880
vn -0.382683 0.000000 0.923880
vn -0.382683 0.000000 0.923880
vn -0.382683 0.000000 0.923880
vn -0.382683 0.000000 0.923880
vn -0.382683 0.000000 0.923880
vn 0.923880 0.000000 0.382683
vn 0.923880 0.000000 0.382683
vn 0.923880 0.000000 0.382683
vn 0.923880 0.000000 0.382683
vn 0.923880 0.000000 0.382683
vn 0.923880 0.000000 0.382683
vn 0.923880 0.000000 0.382683
vn 0.923880 0.000000 0.382683
vn 0.923880 0.000000 0.382683
vn 0.923880 0.000000 0.382683
vn 0.923880 0.000000 0.382683
vn 0.923880 0.000000 0.382683
vn 0.923880 0.000000 0.382683
vn 0.923880 0.000000 0.382683
vn 0.923880 0.000000 0.382683
vn 0.923880 0.000000 0.382683
vn 0.923880 0.000000 0.382683
vn 0.923880 0.000000 0.382683
vn 0.923880 0.000000 0.382683
vn 0.923880 0.000000 0.382683
vn 0.923880 0.000000 0.382683
vn 0.923880 0.000000 0.382683
vn 0.923880 0.000000 0.382683
vn 0.923880 0.000000 0.382683
vn 0.923880 0.000000 0.382683
vn 0.923880 0.000000 0.382683
vn 0.923880 0.000000 0.382683
vn 0.923880 0.000000 0.382683
vn 0.923880 0.000000 0.382683
vn 0.923880 0.000000 0.382683
vn 0.923880 0.000000 0.382683
vn 0.923880 0.000000 0.382683
vn 0.923880 0.000000 0.382683
vn 0.923880 0.000000 0.382683
vn 0.923880 0.000000 0.382683
vn -0.923880 0.000000 -0.382683
vn -0.923880 0.000000 -0.382683
vn -0.923880 0.000000 -0.382683
vn -0.923880 0.000000 -0.382683
vn -0.382683 0.000000 -0.923880
vn -0.382683 0.000000 -0.923880
vn -0.382683 0.000000 -0.923880
vn -0.382683 0.000000 -0.923880
vn -0.382683 0.000000 -0.923880
vn -0.382683 0.000000 -0.923880
vn -0.382683 0.000000 -0.923880
vn -0.382683 0.000000 -0.923880
vn -0.382683 0.000000 -0.923880
vn -0.382683 0.000000 -0.923880
vn -0.382683 0.000000 -0.923880
vn -0.382683 0.000000 -0.923880
vn -0.382683 0.000000 -0.923880
vn -0.382683 0.000000 -0.923880
vn -0.382683 0.000000 -0.923880
vn -0.382683 0.000000 -0.923880
vn -0.382683 0.000000 -0.923880
vn -0.382683 0.000000 -0.923880
vn -0.382683 0.000000 -0.923880
vn -0.382683 0.000000 -0.923880
vn -0.382683 0.000000 -0.923880
vn -0.382683 0.000000 -0.923880
vn -0.382683 0.000000 -0.923880
vn -0.382683 0.000000 -0.923880
vn -0.382683 0.000000 -0.923880
vn -0.382683 0.000000 -0.923880
vn -0.382683 0.000000 -0.923880
vn -0.382683 0.000000 -0.923880
vn -0.382683 0.000000 -0.923880
vn -0.382683 0.000000 -0.923880
vn -0.382683 0.000000 -0.923880
vn -0.382683 0.000000 -0.923880
vn -0.382683 0.000000 -0.923880
vn -0.382683 0.000000 -0.923880
vn -0.382683 0.000000 -0.923880
vn -0.382683 0.000000 -0.923880
vn -0.382683 0.000000 -0.923880
vn -0.382683 0.000000 -0.923880
vn -0.382683 0.000000 -0.923880
vn -0.382683 0.000000 -0.923880
vn -0.382683 0.000000 -0.923880
vn -0.382683 0.000000 -0.923880
vn -0.382683 0.000000 -0.923880
vn -0.382683 0.000000 -0.923880
vn -0.382683 0.000000 -0.923880
vn -0.382683 0.000000 -0.923880
vn -0.382683 0.000000 -0.923880
vn -0.382683 0.000000 -0.923880
vn -0.382683 0.000000 -0.923880
vn -0.382683 0.000000 -0.923880
vn -0.382683 0.000000 -0.923880
vn -0.382683 0.000000 -0.923880
vn -0.382683 0.000000 -0.923880
vn -0.382683 0.000000 -0.923880
vn 0.382683 0.000000 -0.923880
vn 0.382683 -0.000000 -0.923880
vn 0.382683 0.000000 -0.923880
vn 0.382683 -0.000000 -0.923880
vn -0.923880 0.000000 -0.382683
vn -0.923880 0.000000 -0.382683
vn -0.923880 0.000000 -0.382683
vn -0.923880 0.000000 -0.382683
vn -0.923880 0.000000 -0.382683
vn -0.923880 0.000000 -0.382683
vn -0.382683 0.000000 -0.923880
vn -0.382683 0.000000 -0.923880
vn -0.382683 0.000000 -0.923880
vn -0.382683 0.000000 -0.923880
vn -0.382683 0.000000 -0.923880
vn -0.382683 0.000000 -0.923880
vn -0.382683 0.000000 -0.923880
vn -0.382683 0.000000 -0.923880
vn -0.382683 0.000000 -0.923880
vn -0.382683 0.000000 -0.923880
vn -0.382683 0.000000 -0.923880
vn -0.382683 0.000000 -0.923880
vn -0.382683 0.000000 -0.923880
vn -0.382683 0.000000 -0.923880
vn -0.382683 0.000000 -0.923880
vn -0.382683 0.000000 -0.923880
vn -0.382683 0.000000 -0.923880
vn -0.382683 0.000000 -0.923880
vn -0.382683 0.000000 -0.923880
vn -0.382683 0.000000 -0.923880
vn -0.382683 0.000000 -0.923880
vn -0.382683 0.000000 -0.923880
vn -0.382683 0.000000 -0.923880
vn -0.382683 0.000000 -0.923880
vn -0.382683 0.000000 -0.923880
vn -0.382683 0.000000 -0.923880
vn -0.382683 0.000000 -0.923880
vn -0.382683 0.000000 -0.923880
vn -0.382683 0.000000 -0.923880
vn -0.382683 0.000000 -0.923880
vn -0.382683 0.000000 -0.923880
vn -0.382683 0.000000 -0.923880
vn -0.382683 0.000000 -0.923880
vn -0.382683 0.000000 -0.923880
vn -0.382683 0.000000 -0.923880
vn -0.382683 0.000000 -0.923880
vn -0.382683 0.000000 -0.923880
vn 0.382683 0.000000 -0.923880
vn 0.382683 0.000000 -0.923880
vn 0.382683 0.000000 -0.923880
vn 0.382683 -0.000000 -0.923880
vn 0.382683 0.000000 -0.923880
vn 0.382683 0.000000 -0.923880
vn -0.923880 0.000000 -0.382683
vn -0.923880 0.000000 -0.382683
vn -0.923880 0.000000 -0.382683
vn -0.923880 0.000000 -0.382683
vn -0.923880 0.000000 -0.382683
vn -0.923880 0.000000 -0.382683
vn -0.923880 0.000000 -0.382683
vn -0.923880 0.000000 -0.382683
vn 0.923880 0.000000 0.382683
vn 0.923880 0.000000 0.382683
vn 0.923880 0.000000 0.382683
vn 0.923880 0.000000 0.382683
vn 0.923880 0.000000 0.382683
vn 0.923880 0.000000 0.382683
vn 0.923880 0.000000 0.382683
vn 0.923880 0.000000 0.382683
vn 0.808037 0.484822 0.334700
vn 0.808037 0.484822 0.334700
vn 0.808037 0.484822 0.334700
vn 0.808037 0.484822 -0.334700
vn 0.808037 0.484822 -0.334700
vn 0.808037 0.484822 -0.334700
vn 0.334700 0.484822 -0.808037
vn 0.334700 0.484822 -0.808037
vn 0.334700 0.484822 -0.808037
vn -0.334700 0.484822 -0.808037
vn -0.334700 0.484822 -0.808037
vn -0.334700 0.484822 -0.808037
vn 0.334700 0.484822 0.808037
vn 0.334700 0.484822 0.808037
vn 0.334700 0.484822 0.808037
vn -0.334700 0.484822 0.808037
vn -0.334700 0.484822 0.808037
vn -0.334700 0.484822 0.808037
vn -0.808037 0.484822 0.334700
vn -0.808037 0.484822 0.334700
vn -0.808037 0.484822 0.334700
vn -0.808037 0.484822 -0.334700
vn -0.808037 0.484822 -0.334700
vn -0.808037 0.484822 -0.334700
vn -0.000000 -1.000000 0.000000
vn -0.000000 -1.000000 0.000000
vn -0.000000 -1.000000 0.000000
vn -0.000000 -1.000000 0.000000
vn -0.000000 -1.000000 0.000000
vn -0.000000 -1.000000 0.000000
vn -0.000000 -1.000000 0.000000
vn -0.000000 -1.000000 0.000000
vn 0.382683 -0.000000 -0.923880
vn 0.382683 -0.000000 -0.923880
vn 0.382683 -0.000000 -0.923880
vn 0.382683 -0.000000 -0.923880
vn 0.382683 -0.000000 -0.923880
vn 0.382683 -0.000000 -0.923880
vn 0.382683 -0.000000 -0.923880
vn 0.382683 -0.000000 -0.923880
vn 0.382683 -0.000000 -0.923880
vn 0.382683 -0.000000 -0.923880
vn 0.382683 -0.000000 -0.923880
vn 0.382683 -0.000000 -0.923880
vn 0.382683 -0.000000 -0.923880
vn 0.382683 -0.000000 -0.923880
vn 0.382683 -0.000000 -0.923880
vn 0.382683 -0.000000 -0.923880
vn 0.382683 -0.000000 -0.923880
vn 0.382683 -0.000000 -0.923880
vn 0.382683 -0.000000 -0.923880
vn 0.382683 -0.000000 -0.923880
vn 0.382683 -0.000000 -0.923880
vn 0.382683 -0.000000 -0.923880
vn 0.382683 -0.000000 -0.923880
vn 0.382683 -0.000000 -0.923880
vn 0.382683 -0.000000 -0.923880
vn 0.382683 -0.000000 -0.923880
vn 0.382683 -0.000000 -0.923880
vn 0.382683 -0.000000 -0.923880
vn 0.382683 -0.000000 -0.923880
vn 0.382683 -0.000000 -0.923880
vn 0.382683 -0.000000 -0.923880
vn 0.382683 -0.000000 -0.923880
vn 0.382683 -0.000000 -0.923880
vn 0.382683 -0.000000 -0.923880
vn 0.382683 -0.000000 -0.923880
vn 0.382683 -0.000000 -0.923880
vn 0.382683 -0.000000 -0.923880
vn 0.382683 -0.000000 -0.923880
vn 0.382683 -0.000000 -0.923880
vn 0.382683 -0.000000 -0.923880
vn 0.382683 -0.000000 -0.923880
vn 0.382683 -0.000000 -0.923880
vn 0.382683 -0.000000 -0.923880
vn 0.382683 -0.000000 -0.923880
vn 0.382683 -0.000000 -0.923880
vn 0.382683 -0.000000 -0.923880
vn 0.382683 -0.000000 -0.923880
vn 0.382683 -0.000000 -0.923880
vn -0.382683 0.000000 -0.923880
vn -0.382683 0.000000 -0.923880
vn -0.382683 0.000000 -0.923880
vn 0.923880 -0.000000 -0.382683
vn 0.923880 -0.000000 -0.382683
vn 0.923880 -0.000000 -0.382683
vn 0.923880 -0.000000 -0.382683
vn 0.923880 -0.000000 -0.382683
vn 0.923880 -0.000000 -0.382683
vn 0.923880 -0.000000 -0.382683
vn 0.923880 -0.000000 -0.382683
vn 0.923880 -0.000000 -0.382683
vn 0.923880 -0.000000 -0.382683
vn 0.923880 -0.000000 -0.382683
vn 0.923880 -0.000000 -0.382683
vn 0.923880 -0.000000 -0.382683
vn 0.923880 -0.000000 -0.382683
vn 0.923880 -0.000000 -0.382683
vn 0.923880 -0.000000 -0.382683
vn 0.923880 -0.000000 -0.382683
vn 0.923880 -0.000000 -0.382683
vn 0.923880 -0.000000 -0.382683
vn 0.923880 -0.000000 -0.382683
vn 0.923880 -0.000000 -0.382683
vn 0.923880 -0.000000 -0.382683
vn 0.923880 -0.000000 -0.382683
vn 0.923880 -0.000000 -0.382683
vn 0.923880 -0.000000 -0.382683
vn 0.923880 -0.000000 -0.382683
vn 0.923880 -0.000000 -0.382683
vn 0.923880 -0.000000 -0.382683
vn 0.923880 -0.000000 -0.382683
vn 0.923880 -0.000000 -0.382683
vn 0.923880 -0.000000 -0.382683
vn 0.923880 -0.000000 -0.382683
vn 0.923880 -0.000000 -0.382683
vn 0.923880 -0.000000 -0.382683
vn 0.923880 -0.000000 -0.382683
vn 0.923880 -0.000000 -0.382683
vn 0.923880 -0.000000 -0.382683
vn 0.923880 -0.000000 -0.382683
vn 0.923880 -0.000000 -0.382683
vn 0.923880 -0.000000 -0.382683
vn 0.923880 -0.000000 -0.382683
vn 0.923880 -0.000000 -0.382683
vn 0.923880 -0.000000 -0.382683
vn 0.923880 -0.000000 -0.382683
vn 0.923880 -0.000000 -0.382683
vn 0.923880 -0.000000 -0.382683
vn 0.923880 -0.000000 -0.382683
vn 0.923880 -0.000000 -0.382683
vn 0.923880 -0.000000 -0.382683
vn 0.382683 -0.000000 -0.923880
vn 0.382683 -0.000000 -0.923880
vn 0.382683 -0.000000 -0.923880
vn 0.382683 -0.000000 -0.923880
vn 0.382683 -0.000000 -0.923880
vn 0.382683 -0.000000 -0.923880
vn 0.382683 -0.000000 -0.923880
vn 0.382683 -0.000000 -0.923880
vn 0.382683 -0.000000 -0.923880
vn 0.382683 -0.000000 -0.923880
vn 0.382683 -0.000000 -0.923880
vn 0.382683 -0.000000 -0.923880
vn 0.382683 -0.000000 -0.923880
vn 0.382683 -0.000000 -0.923880
vn 0.382683 -0.000000 -0.923880
vn 0.382683 -0.000000 -0.923880
vn 0.382683 -0.000000 -0.923880
vn 0.382683 -0.000000 -0.923880
vn 0.382683 -0.000000 -0.923880
vn 0.382683 -0.000000 -0.923880
vn 0.382683 -0.000000 -0.923880
vn 0.382683 -0.000000 -0.923880
vn 0.382683 -0.000000 -0.923880
vn 0.382683 -0.000000 -0.923880
vn 0.382683 -0.000000 -0.923880
vn 0.382683 -0.000000 -0.923880
vn 0.382683 -0.000000 -0.923880
vn 0.382683 -0.000000 -0.923880
vn 0.382683 -0.000000 -0.923880
vn 0.382683 -0.000000 -0.923880
vn 0.382683 -0.000000 -0.923880
vn 0.382683 -0.000000 -0.923880
vn 0.382683 -0.000000 -0.923880
vn 0.382683 -0.000000 -0.923880
vn 0.382683 -0.000000 -0.923880
vn 0.382683 -0.000000 -0.923880
vn 0.382683 -0.000000 -0.923880
vn -0.382683 0.000000 -0.923880
vn -0.382683 0.000000 -0.923880
vn -0.382683 0.000000 -0.923880
vn -0.382683 0.000000 -0.923880
vn -0.382683 0.000000 -0.923880
vn 0.923880 -0.000000 -0.382683
vn 0.923880 -0.000000 -0.382683
vn 0.923880 -0.000000 -0.382683
vn 0.923880 -0.000000 -0.382683
vn 0.923880 -0.000000 -0.382683
vn 0.923880 -0.000000 -0.382683
vn 0.923880 -0.000000 -0.382683
vn 0.923880 -0.000000 -0.382683
vn 0.923880 -0.000000 -0.382683
vn 0.923880 -0.000000 -0.382683
vn 0.923880 -0.000000 -0.382683
vn 0.923880 -0.000000 -0.382683
vn 0.923880 -0.000000 -0.382683
vn 0.923880 -0.000000 -0.382683
vn 0.923880 -0.000000 -0.382683
vn 0.923880 -0.000000 -0.382683
vn 0.923880 -0.000000 -0.382683
vn 0.923880 -0.000000 -0.382683
vn 0.923880 -0.000000 -0.382683
vn 0.923880 -0.000000 -0.382683
vn 0.923880 -0.000000 -0.382683
vn 0.923880 -0.000000 -0.382683
vn 0.923880 -0.000000 -0.382683
vn 0.923880 -0.000000 -0.382683
vn 0.923880 -0.000000 -0.382683
vn 0.923880 -0.000000 -0.382683
vn 0.923880 -0.000000 -0.382683
vn 0.923880 -0.000000 -0.382683
vn 0.923880 -0.000000 -0.382683
vn 0.923880 -0.000000 -0.382683
vn 0.923880 -0.000000 -0.382683
vn 0.923880 -0.000000 -0.382683
vn 0.923880 -0.000000 -0.382683
vn 0.923880 -0.000000 -0.382683
vn 0.923880 -0.000000 -0.382683
vn -0.923880 0.000000 0.382683
vn -0.923880 0.000000 0.382683
vn -0.923880 0.000000 0.382683
vn -0.923880 0.000000 0.382683
vn -0.382683 0.000000 0.923880
vn -0.382683 0.000000 0.923880
vn -0.382683 0.000000 0.923880
vn -0.382683 0.000000 0.923880
vn -0.382683 0.000000 0.923880
vn -0.382683 0.000000 0.923880
vn -0.382683 0.000000 0.923880
vn -0.382683 0.000000 0.923880
vn -0.382683 0.000000 0.923880
vn -0.382683 0.000000 0.923880
vn -0.382683 0.000000 0.923880
vn -0.382683 0.000000 0.923880
vn -0.382683 0.000000 0.923880
vn -0.382683 0.000000 0.923880
vn -0.382683 0.000000 0.923880
vn -0.382683 0.000000 0.923880
vn -0.382683 0.000000 0.923880
vn -0.382683 0.000000 0.923880
vn -0.382683 0.000000 0.923880
vn -0.382683 0.000000 0.923880
vn -0.382683 0.000000 0.923880
vn -0.382683 0.000000 0.923880
vn -0.382683 0.000000 0.923880
vn -0.382683 0.000000 0.923880
vn -0.382683 0.000000 0.923880
vn -0.382683 0.000000 0.923880
vn -0.382683 0.000000 0.923880
vn -0.382683 0.000000 0.923880
vn -0.382683 0.000000 0.923880
vn -0.382683 0.000000 0.923880
vn -0.382683 0.000000 0.923880
vn -0.382683 0.000000 0.923880
vn -0.382683 0.000000 0.923880
vn -0.382683 0.000000 0.923880
vn -0.382683 0.000000 0.923880
vn -0.382683 0.000000 0.923880
vn -0.382683 0.000000 0.923880
vn -0.382683 0.000000 0.923880
vn -0.382683 0.000000 0.923880
vn -0.382683 0.000000 0.923880
vn -0.382683 0.000000 0.923880
vn -0.382683 0.000000 0.923880
vn -0.382683 0.000000 0.923880
vn -0.382683 0.000000 0.923880
vn -0.382683 0.000000 0.923880
vn -0.382683 0.000000 0.923880
vn -0.382683 0.000000 0.923880
vn -0.382683 0.000000 0.923880
vn -0.382683 0.000000 0.923880
vn -0.382683 0.000000 0.923880
vn -0.382683 0.000000 0.923880
vn -0.382683 0.000000 0.923880
vn -0.382683 0.000000 0.923880
vn -0.382683 0.000000 0.923880
vn 0.382683 0.000000 0.923880
vn 0.382683 0.000000 0.923880
vn 0.382683 0.000000 0.923880
vn 0.382683 0.000000 0.923880
vn -0.923880 0.000000 0.382683
vn -0.923880 0.000000 0.382683
vn -0.923880 0.000000 0.382683
vn -0.923880 0.000000 0.382683
vn -0.923880 0.000000 0.382683
vn -0.923880 0.000000 0.382683
vn -0.382683 0.000000 0.923880
vn -0.382683 0.000000 0.923880
vn -0.382683 0.000000 0.923880
vn -0.382683 0.000000 0.923880
vn -0.382683 0.000000 0.923880
vn -0.382683 0.000000 0.923880
vn -0.382683 0.000000 0.923880
vn -0.382683 0.000000 0.923880
vn -0.382683 0.000000 0.923880
vn -0.382683 0.000000 0.923880
vn -0.382683 0.000000 0.923880
vn -0.382683 0.000000 0.923880
vn -0.382683 0.000000 0.923880
vn -0.382683 0.000000 0.923880
vn -0.382683 0.000000 0.923880
vn -0.382683 0.000000 0.923880
vn -0.382683 0.000000 0.923880
vn -0.382683 0.000000 0.923880
vn -0.382683 0.000000 0.923880
vn -0.382683 0.000000 0.923880
vn -0.382683 0.000000 0.923880
vn -0.382683 0.000000 0.923880
vn -0.382683 0.000000 0.923880
vn -0.382683 0.000000 0.923880
vn -0.382683 0.000000 0.923880
vn -0.382683 0.000000 0.923880
vn -0.382683 0.000000 0.923880
vn -0.382683 0.000000 0.923880
vn -0.382683 0.000000 0.923880
vn -0.382683 0.000000 0.923880
vn -0.382683 0.000000 0.923880
vn -0.382683 0.000000 0.923880
vn -0.382683 0.000000 0.923880
vn -0.382683 0.000000 0.923880
vn -0.382683 0.000000 0.923880
vn -0.382683 0.000000 0.923880
vn -0.382683 0.000000 0.923880
vn 0.382683 0.000000 0.923880
vn 0.382683 0.000000 0.923880
vn 0.382683 0.000000 0.923880
vn 0.382683 0.000000 0.923880
vn 0.382683 0.000000 0.923880
vn 0.382683 0.000000 0.923880
vn -0.923880 0.000000 -0.382683
vn -0.923880 0.000000 -0.382683
vn -0.923880 0.000000 -0.382683
vn -0.923880 0.000000 -0.382683
vn -0.923880 0.000000 -0.382683
vn -0.923880 0.000000 -0.382683
vn -0.923880 0.000000 -0.382683
vn -0.923880 0.000000 -0.382683
vn 0.923880 0.000000 0.382683
vn 0.923880 0.000000 0.382683
vn 0.923880 0.000000 0.382683
vn 0.923880 0.000000 0.382683
vn 0.923880 0.000000 0.382683
vn 0.923880 0.000000 0.382683
vn 0.923880 0.000000 0.382683
vn 0.923880 0.000000 0.382683
vn 0.808037 0.484822 0.334700
vn 0.808037 0.484822 0.334700
vn 0.808037 0.484822 0.334700
vn 0.808037 0.484822 -0.334700
vn 0.808037 0.484822 -0.334700
vn 0.808037 0.484822 -0.334700
vn 0.334700 0.484822 -0.808037
vn 0.334700 0.484822 -0.808037
vn 0.334700 0.484822 -0.808037
vn -0.334700 0.484822 -0.808037
vn -0.334700 0.484822 -0.808037
vn -0.334700 0.484822 -0.808037
vn 0.334700 0.484822 0.808037
vn 0.334700 0.484822 0.808037
vn 0.334700 0.484822 0.808037
vn -0.334700 0.484822 0.808037
vn -0.334700 0.484822 0.808037
vn -0.334700 0.484822 0.808037
vn -0.808037 0.484822 0.334700
vn -0.808037 0.484822 0.334700
vn -0.808037 0.484822 0.334700
vn -0.808037 0.484822 -0.334700
vn -0.808037 0.484822 -0.334700
vn -0.808037 0.484822 -0.334700
vn -0.000000 -1.000000 0.000000
vn -0.000000 -1.000000 0.000000
vn -0.000000 -1.000000 0.000000
vn -0.000000 -1.000000 0.000000
vn -0.000000 -1.000000 0.000000
vn -0.000000 -1.000000 0.000000
vn -0.000000 -1.000000 0.000000
vn -0.000000 -1.000000 0.000000
vn 0.382683 -0.000000 -0.923880
vn 0.382683 -0.000000 -0.923880
vn 0.382683 -0.000000 -0.923880
vn 0.382683 -0.000000 -0.923880
vn 0.382683 -0.000000 -0.923880
vn 0.382683 -0.000000 -0.923880
vn 0.382683 -0.000000 -0.923880
vn 0.382683 -0.000000 -0.923880
vn 0.382683 -0.000000 -0.923880
vn 0.382683 -0.000000 -0.923880
vn 0.382683 -0.000000 -0.923880
vn 0.382683 -0.000000 -0.923880
vn 0.382683 -0.000000 -0.923880
vn 0.382683 -0.000000 -0.923880
vn 0.382683 -0.000000 -0.923880
vn 0.382683 -0.000000 -0.923880
vn 0.382683 -0.000000 -0.923880
vn 0.382683 -0.000000 -0.923880
vn 0.382683 -0.000000 -0.923880
vn 0.382683 -0.000000 -0.923880
vn 0.382683 -0.000000 -0.923880
vn 0.382683 -0.000000 -0.923880
vn 0.382683 -0.000000 -0.923880
vn 0.382683 -0.000000 -0.923880
vn 0.382683 -0.000000 -0.923880
vn 0.382683 -0.000000 -0.923880
vn 0.382683 -0.000000 -0.923880
vn 0.382683 -0.000000 -0.923880
vn 0.382683 -0.000000 -0.923880
vn 0.382683 -0.000000 -0.923880
vn 0.382683 -0.000000 -0.923880
vn 0.382683 -0.000000 -0.923880
vn 0.382683 -0.000000 -0.923880
vn 0.382683 -0.000000 -0.923880
vn 0.382683 -0.000000 -0.923880
vn 0.382683 -0.000000 -0.923880
vn 0.382683 -0.000000 -0.923880
vn 0.382683 -0.000000 -0.923880
vn 0.382683 -0.000000 -0.923880
vn 0.382683 -0.000000 -0.923880
vn 0.382683 -0.000000 -0.923880
vn 0.382683 -0.000000 -0.923880
vn 0.382683 -0.000000 -0.923880
vn 0.382683 -0.000000 -0.923880
vn 0.382683 -0.000000 -0.923880
vn 0.382683 -0.000000 -0.923880
vn 0.382683 -0.000000 -0.923880
vn 0.382683 -0.000000 -0.923880
vn -0.382683 0.000000 -0.923880
vn -0.382683 0.000000 -0.923880
vn -0.382683 0.000000 -0.923880
vn 0.923880 -0.000000 -0.382683
vn 0.923880 -0.000000 -0.382683
vn 0.923880 -0.000000 -0.382683
vn 0.923880 -0.000000 -0.382683
vn 0.923880 -0.000000 -0.382683
vn 0.923880 -0.000000 -0.382683
vn 0.923880 -0.000000 -0.382683
vn 0.923880 -0.000000 -0.382683
vn 0.923880 -0.000000 -0.382683
vn 0.923880 -0.000000 -0.382683
vn 0.923880 -0.000000 -0.382683
vn 0.923880 -0.000000 -0.382683
vn 0.923880 -0.000000 -0.382683
vn 0.923880 -0.000000 -0.382683
vn 0.923880 -0.000000 -0.382683
vn 0.923880 -0.000000 -0.382683
vn 0.923880 -0.000000 -0.382683
vn 0.923880 -0.000000 -0.382683
vn 0.923880 -0.000000 -0.382683
vn 0.923880 -0.000000 -0.382683
vn 0.923880 -0.000000 -0.382683
vn 0.923880 -0.000000 -0.382683
vn 0.923880 -0.000000 -0.382683
vn 0.923880 -0.000000 -0.382683
vn 0.923880 -0.000000 -0.382683
vn 0.923880 -0.000000 -0.382683
vn 0.923880 -0.000000 -0.382683
vn 0.923880 -0.000000 -0.382683
vn 0.923880 -0.000000 -0.382683
vn 0.923880 -0.000000 -0.382683
vn 0.923880 -0.000000 -0.382683
vn 0.923880 -0.000000 -0.382683
vn 0.923880 -0.000000 -0.382683
vn 0.923880 -0.000000 -0.382683
vn 0.923880 -0.000000 -0.382683
vn 0.923880 -0.000000 -0.382683
vn 0.923880 -0.000000 -0.382683
vn 0.923880 -0.000000 -0.382683
vn 0.923880 -0.000000 -0.382683
vn 0.923880 -0.000000 -0.382683
vn 0.923880 -0.000000 -0.382683
vn 0.923880 -0.000000 -0.382683
vn 0.923880 -0.000000 -0.382683
vn 0.923880 -0.000000 -0.382683
vn 0.923880 -0.000000 -0.382683
vn 0.923880 -0.000000 -0.382683
vn 0.923880 -0.000000 -0.382683
vn 0.923880 -0.000000 -0.382683
vn 0.923880 -0.000000 -0.382683
vn 0.382683 -0.000000 -0.923880
vn 0.382683 -0.000000 -0.923880
vn 0.382683 -0.000000 -0.923880
vn 0.382683 -0.000000 -0.923880
vn 0.382683 -0.000000 -0.923880
vn 0.382683 -0.000000 -0.923880
vn 0.382683 -0.000000 -0.923880
vn 0.382683 -0.000000 -0.923880
vn 0.382683 -0.000000 -0.923880
vn 0.382683 -0.000000 -0.923880
vn 0.382683 -0.000000 -0.923880
vn 0.382683 -0.000000 -0.923880
vn 0.382683 -0.000000 -0.923880
vn 0.382683 -0.000000 -0.923880
vn 0.382683 -0.000000 -0.923880
vn 0.382683 -0.000000 -0.923880
vn 0.382683 -0.000000 -0.923880
vn 0.382683 -0.000000 -0.923880
vn 0.382683 -0.000000 -0.923880
vn 0.382683 -0.000000 -0.923880
vn 0.382683 -0.000000 -0.923880
vn 0.382683 -0.000000 -0.923880
vn 0.382683 -0.000000 -0.923880
vn 0.382683 -0.000000 -0.923880
vn 0.382683 -0.000000 -0.923880
vn 0.382683 -0.000000 -0.923880
vn 0.382683 -0.000000 -0.923880
vn 0.382683 -0.000000 -0.923880
vn 0.382683 -0.000000 -0.923880
vn 0.382683 -0.000000 -0.923880
vn 0.382683 -0.000000 -0.923880
vn 0.382683 -0.000000 -0.923880
vn 0.382683 -0.000000 -0.923880
vn 0.382683 -0.000000 -0.923880
vn 0.382683 -0.000000 -0.923880
vn 0.382683 -0.000000 -0.923880
vn 0.382683 -0.000000 -0.923880
vn -0.382683 0.000000 -0.923880
vn -0.382683 0.000000 -0.923880
vn -0.382683 0.000000 -0.923880
vn -0.382683 0.000000 -0.923880
vn -0.382683 0.000000 -0.923880
vn 0.923880 -0.000000 -0.382683
vn 0.923880 -0.000000 -0.382683
vn 0.923880 -0.000000 -0.382683
vn 0.923880 -0.000000 -0.382683
vn 0.923880 -0.000000 -0.382683
vn 0.923880 -0.000000 -0.382683
vn 0.923880 -0.000000 -0.382683
vn 0.923880 -0.000000 -0.382683
vn 0.923880 -0.000000 -0.382683
vn 0.923880 -0.000000 -0.382683
vn 0.923880 -0.000000 -0.382683
vn 0.923880 -0.000000 -0.382683
vn 0.923880 -0.000000 -0.382683
vn 0.923880 -0.000000 -0.382683
vn 0.923880 -0.000000 -0.382683
vn 0.923880 -0.000000 -0.382683
vn 0.923880 -0.000000 -0.382683
vn 0.923880 -0.000000 -0.382683
vn 0.923880 -0.000000 -0.382683
vn 0.923880 -0.000000 -0.382683
vn 0.923880 -0.000000 -0.382683
vn 0.923880 -0.000000 -0.382683
vn 0.923880 -0.000000 -0.382683
vn 0.923880 -0.000000 -0.382683
vn 0.923880 -0.000000 -0.382683
vn 0.923880 -0.000000 -0.382683
vn 0.923880 -0.000000 -0.382683
vn 0.923880 -0.000000 -0.382683
vn 0.923880 -0.000000 -0.382683
vn 0.923880 -0.000000 -0.382683
vn 0.923880 -0.000000 -0.382683
vn 0.923880 -0.000000 -0.382683
vn 0.923880 -0.000000 -0.382683
vn 0.923880 -0.000000 -0.382683
vn 0.923880 -0.000000 -0.382683
vn -0.923880 0.000000 0.382683
vn -0.923880 0.000000 0.382683
vn -0.923880 0.000000 0.382683
vn -0.923880 0.000000 0.382683
vn -0.382683 0.000000 0.923880
vn -0.382683 0.000000 0.923880
vn -0.382683 0.000000 0.923880
vn -0.382683 0.000000 0.923880
vn -0.382683 0.000000 0.923880
vn -0.382683 0.000000 0.923880
vn -0.382683 0.000000 0.923880
vn -0.382683 0.000000 0.923880
vn -0.382683 0.000000 0.923880
vn -0.382683 0.000000 0.923880
vn -0.382683 0.000000 0.923880
vn -0.382683 0.000000 0.923880
vn -0.382683 0.000000 0.923880
vn -0.382683 0.000000 0.923880
vn -0.382683 0.000000 0.923880
vn -0.382683 0.000000 0.923880
vn -0.382683 0.000000 0.923880
vn -0.382683 0.000000 0.923880
vn -0.382683 0.000000 0.923880
vn -0.382683 0.000000 0.923880
vn -0.382683 0.000000 0.923880
vn -0.382683 0.000000 0.923880
vn -0.382683 0.000000 0.923880
vn -0.382683 0.000000 0.923880
vn -0.382683 0.000000 0.923880
vn -0.382683 0.000000 0.923880
vn -0.382683 0.000000 0.923880
vn -0.382683 0.000000 0.923880
vn -0.382683 0.000000 0.923880
vn -0.382683 0.000000 0.923880
vn -0.382683 0.000000 0.923880
vn -0.382683 0.000000 0.923880
vn -0.382683 0.000000 0.923880
vn -0.382683 0.000000 0.923880
vn -0.382683 0.000000 0.923880
vn -0.382683 0.000000 0.923880
vn -0.382683 0.000000 0.923880
vn -0.382683 0.000000 0.923880
vn -0.382683 0.000000 0.923880
vn -0.382683 0.000000 0.923880
vn -0.382683 0.000000 0.923880
vn -0.382683 0.000000 0.923880
vn -0.382683 0.000000 0.923880
vn -0.382683 0.000000 0.923880
vn -0.382683 0.000000 0.923880
vn -0.382683 0.000000 0.923880
vn -0.382683 0.000000 0.923880
vn -0.382683 0.000000 0.923880
vn -0.382683 0.000000 0.923880
vn -0.382683 0.000000 0.923880
vn -0.382683 0.000000 0.923880
vn -0.382683 0.000000 0.923880
vn -0.382683 0.000000 0.923880
vn -0.382683 0.000000 0.923880
vn 0.382683 0.000000 0.923880
vn 0.382683 0.000000 0.923880
vn 0.382683 0.000000 0.923880
vn 0.382683 0.000000 0.923880
vn -0.923880 0.000000 0.382683
vn -0.923880 0.000000 0.382683
vn -0.923880 0.000000 0.382683
vn -0.923880 0.000000 0.382683
vn -0.923880 0.000000 0.382683
vn -0.923880 0.000000 0.382683
vn -0.382683 0.000000 0.923880
vn -0.382683 0.000000 0.923880
vn -0.382683 0.000000 0.923880
vn -0.382683 0.000000 0.923880
vn -0.382683 0.000000 0.923880
vn -0.382683 0.000000 0.923880
vn -0.382683 0.000000 0.923880
vn -0.382683 0.000000 0.923880
vn -0.382683 0.000000 0.923880
vn -0.382683 0.000000 0.923880
vn -0.382683 0.000000 0.923880
vn -0.382683 0.000000 0.923880
vn -0.382683 0.000000 0.923880
vn -0.382683 0.000000 0.923880
vn -0.382683 0.000000 0.923880
vn -0.382683 0.000000 0.923880
vn -0.382683 0.000000 0.923880
vn -0.382683 0.000000 0.923880
vn -0.382683 0.000000 0.923880
vn -0.382683 0.000000 0.923880
vn -0.382683 0.000000 0.923880
vn -0.382683 0.000000 0.923880
vn -0.382683 0.000000 0.923880
vn -0.382683 0.000000 0.923880
vn -0.382683 0.000000 0.923880
vn -0.382683 0.000000 0.923880
vn -0.382683 0.000000 0.923880
vn -0.382683 0.000000 0.923880
vn -0.382683 0.000000 0.923880
vn -0.382683 0.000000 0.923880
vn -0.382683 0.000000 0.923880
vn -0.382683 0.000000 0.923880
vn -0.382683 0.000000 0.923880
vn -0.382683 0.000000 0.923880
vn -0.382683 0.000000 0.923880
vn -0.382683 0.000000 0.923880
vn -0.382683 0.000000 0.923880
vn 0.382683 0.000000 0.923880
vn 0.382683 0.000000 0.923880
vn 0.382683 0.000000 0.923880
vn 0.382683 0.000000 0.923880
vn 0.382683 0.000000 0.923880
vn 0.382683 0.000000 0.923880
vn -0.923880 0.000000 -0.382683
vn -0.923880 0.000000 -0.382683
vn -0.923880 0.000000 -0.382683
vn -0.923880 0.000000 -0.382683
vn -0.923880 0.000000 -0.382683
vn -0.923880 0.000000 -0.382683
vn -0.923880 0.000000 -0.382683
vn -0.923880 0.000000 -0.382683
vn 0.923880 0.000000 0.382683
vn 0.923880 0.000000 0.382683
vn 0.923880 0.000000 0.382683
vn 0.923880 0.000000 0.382683
vn 0.923880 0.000000 0.382683
vn 0.923880 0.000000 0.382683
vn 0.923880 0.000000 0.382683
vn 0.923880 0.000000 0.382683
vn 0.808037 0.484822 0.334700
vn 0.808037 0.484822 0.334700
vn 0.808037 0.484822 0.334700
vn 0.808037 0.484822 -0.334700
vn 0.808037 0.484822 -0.334700
vn 0.808037 0.484822 -0.334700
vn 0.334700 0.484822 -0.808037
vn 0.334700 0.484822 -0.808037
vn 0.334700 0.484822 -0.808037
vn -0.334700 0.484822 -0.808037
vn -0.334700 0.484822 -0.808037
vn -0.334700 0.484822 -0.808037
vn 0.334700 0.484822 0.808037
vn 0.334700 0.484822 0.808037
vn 0.334700 0.484822 0.808037
vn -0.334700 0.484822 0.808037
vn -0.334700 0.484822 0.808037
vn -0.334700 0.484822 0.808037
vn -0.808037 0.484822 0.334700
vn -0.808037 0.484822 0.334700
vn -0.808037 0.484822 0.334700
vn -0.808037 0.484822 -0.334700
vn -0.808037 0.484822 -0.334700
vn -0.808037 0.484822 -0.334700
vn -0.000000 -1.000000 0.000000
vn -0.000000 -1.000000 0.000000
vn -0.000000 -1.000000 0.000000
vn -0.000000 -1.000000 0.000000
vn -0.000000 -1.000000 0.000000
vn -0.000000 -1.000000 0.000000
vn -0.000000 -1.000000 0.000000
vn -0.000000 -1.000000 0.000000
vn 0.382683 -0.000000 -0.923880
vn 0.382683 -0.000000 -0.923880
vn 0.382683 -0.000000 -0.923880
vn 0.382683 -0.000000 -0.923880
vn 0.382683 -0.000000 -0.923880
vn 0.382683 -0.000000 -0.923880
vn 0.382683 -0.000000 -0.923880
vn 0.382683 -0.000000 -0.923880
vn 0.382683 -0.000000 -0.923880
vn 0.382683 -0.000000 -0.923880
vn 0.382683 -0.000000 -0.923880
vn 0.382683 -0.000000 -0.923880
vn 0.382683 -0.000000 -0.923880
vn 0.382683 -0.000000 -0.923880
vn 0.382683 -0.000000 -0.923880
vn 0.382683 -0.000000 -0.923880
vn 0.382683 -0.000000 -0.923880
vn 0.382683 -0.000000 -0.923880
vn 0.382683 -0.000000 -0.923880
vn 0.382683 -0.000000 -0.923880
vn 0.382683 -0.000000 -0.923880
vn 0.382683 -0.000000 -0.923880
vn 0.382683 -0.000000 -0.923880
vn 0.382683 -0.000000 -0.923880
vn 0.382683 -0.000000 -0.923880
vn 0.382683 -0.000000 -0.923880
vn 0.382683 -0.000000 -0.923880
vn 0.382683 -0.000000 -0.923880
vn 0.382683 -0.000000 -0.923880
vn 0.382683 -0.000000 -0.923880
vn 0.382683 -0.000000 -0.923880
vn 0.382683 -0.000000 -0.923880
vn 0.382683 -0.000000 -0.923880
vn 0.382683 -0.000000 -0.923880
vn 0.382683 -0.000000 -0.923880
vn 0.382683 -0.000000 -0.923880
vn 0.382683 -0.000000 -0.923880
vn 0.382683 -0.000000 -0.923880
vn 0.382683 -0.000000 -0.923880
vn 0.382683 -0.000000 -0.923880
vn 0.382683 -0.000000 -0.923880
vn 0.382683 -0.000000 -0.923880
vn 0.382683 -0.000000 -0.923880
vn 0.382683 -0.000000 -0.923880
vn 0.382683 -0.000000 -0.923880
vn 0.382683 -0.000000 -0.923880
vn 0.382683 -0.000000 -0.923880
vn 0.382683 -0.000000 -0.923880
vn -0.382683 0.000000 -0.923880
vn -0.382683 0.000000 -0.923880
vn -0.382683 0.000000 -0.923880
vn 0.923880 -0.000000 -0.382683
vn 0.923880 -0.000000 -0.382683
vn 0.923880 -0.000000 -0.382683
vn 0.923880 -0.000000 -0.382683
vn 0.923880 -0.000000 -0.382683
vn 0.923880 -0.000000 -0.382683
vn 0.923880 -0.000000 -0.382683
vn 0.923880 -0.000000 -0.382683
vn 0.923880 -0.000000 -0.382683
vn 0.923880 -0.000000 -0.382683
vn 0.923880 -0.000000 -0.382683
vn 0.923880 -0.000000 -0.382683
vn 0.923880 -0.000000 -0.382683
vn 0.923880 -0.000000 -0.382683
vn 0.923880 -0.000000 -0.382683
vn 0.923880 -0.000000 -0.382683
vn 0.923880 -0.000000 -0.382683
vn 0.923880 -0.000000 -0.382683
vn 0.923880 -0.000000 -0.382683
vn 0.923880 -0.000000 -0.382683
vn 0.923880 -0.000000 -0.382683
vn 0.923880 -0.000000 -0.382683
vn 0.923880 -0.000000 -0.382683
vn 0.923880 -0.000000 -0.382683
vn 0.923880 -0.000000 -0.382683
vn 0.923880 -0.000000 -0.382683
vn 0.923880 -0.000000 -0.382683
vn 0.923880 -0.000000 -0.382683
vn 0.923880 -0.000000 -0.382683
vn 0.923880 -0.000000 -0.382683
vn 0.923880 -0.000000 -0.382683
vn 0.923880 -0.000000 -0.382683
vn 0.923880 -0.000000 -0.382683
vn 0.923880 -0.000000 -0.382683
vn 0.923880 -0.000000 -0.382683
vn 0.923880 -0.000000 -0.382683
vn 0.923880 -0.000000 -0.382683
vn 0.923880 -0.000000 -0.382683
vn 0.923880 -0.000000 -0.382683
vn 0.923880 -0.000000 -0.382683
vn 0.923880 -0.000000 -0.382683
vn 0.923880 -0.000000 -0.382683
vn 0.923880 -0.000000 -0.382683
vn 0.923880 -0.000000 -0.382683
vn 0.923880 -0.000000 -0.382683
vn 0.923880 -0.000000 -0.382683
vn 0.923880 -0.000000 -0.382683
vn 0.923880 -0.000000 -0.382683
vn 0.923880 -0.000000 -0.382683
vn 0.382683 -0.000000 -0.923880
vn 0.382683 -0.000000 -0.923880
vn 0.382683 -0.000000 -0.923880
vn 0.382683 -0.000000 -0.923880
vn 0.382683 -0.000000 -0.923880
vn 0.382683 -0.000000 -0.923880
vn 0.382683 -0.000000 -0.923880
vn 0.382683 -0.000000 -0.923880
vn 0.382683 -0.000000 -0.923880
vn 0.382683 -0.000000 -0.923880
vn 0.382683 -0.000000 -0.923880
vn 0.382683 -0.000000 -0.923880
vn 0.382683 -0.000000 -0.923880
vn 0.382683 -0.000000 -0.923880
vn 0.382683 -0.000000 -0.923880
vn 0.382683 -0.000000 -0.923880
vn 0.382683 -0.000000 -0.923880
vn 0.382683 -0.000000 -0.923880
vn 0.382683 -0.000000 -0.923880
vn 0.382683 -0.000000 -0.923880
vn 0.382683 -0.000000 -0.923880
vn 0.382683 -0.000000 -0.923880
vn 0.382683 -0.000000 -0.923880
vn 0.382683 -0.000000 -0.923880
vn 0.382683 -0.000000 -0.923880
vn 0.382683 -0.000000 -0.923880
vn 0.382683 -0.000000 -0.923880
vn 0.382683 -0.000000 -0.923880
vn 0.382683 -0.000000 -0.923880
vn 0.382683 -0.000000 -0.923880
vn 0.382683 -0.000000 -0.923880
vn 0.382683 -0.000000 -0.923880
vn 0.382683 -0.000000 -0.923880
vn 0.382683 -0.000000 -0.923880
vn 0.382683 -0.000000 -0.923880
vn 0.382683 -0.000000 -0.923880
vn 0.382683 -0.000000 -0.923880
vn -0.382683 0.000000 -0.923880
vn -0.382683 0.000000 -0.923880
vn -0.382683 0.000000 -0.923880
vn -0.382683 0.000000 -0.923880
vn -0.382683 0.000000 -0.923880
vn 0.923880 -0.000000 -0.382683
vn 0.923880 -0.000000 -0.382683
vn 0.923880 -0.000000 -0.382683
vn 0.923880 -0.000000 -0.382683
vn 0.923880 -0.000000 -0.382683
vn 0.923880 -0.000000 -0.382683
vn 0.923880 -0.000000 -0.382683
vn 0.923880 -0.000000 -0.382683
vn 0.923880 -0.000000 -0.382683
vn 0.923880 -0.000000 -0.382683
vn 0.923880 -0.000000 -0.382683
vn 0.923880 -0.000000 -0.382683
vn 0.923880 -0.000000 -0.382683
vn 0.923880 -0.000000 -0.382683
vn 0.923880 -0.000000 -0.382683
vn 0.923880 -0.000000 -0.382683
vn 0.923880 -0.000000 -0.382683
vn 0.923880 -0.000000 -0.382683
vn 0.923880 -0.000000 -0.382683
vn 0.923880 -0.000000 -0.382683
vn 0.923880 -0.000000 -0.382683
vn 0.923880 -0.000000 -0.382683
vn 0.923880 -0.000000 -0.382683
vn 0.923880 -0.000000 -0.382683
vn 0.923880 -0.000000 -0.382683
vn 0.923880 -0.000000 -0.382683
vn 0.923880 -0.000000 -0.382683
vn 0.923880 -0.000000 -0.382683
vn 0.923880 -0.000000 -0.382683
vn 0.923880 -0.000000 -0.382683
vn 0.923880 -0.000000 -0.382683
vn 0.923880 -0.000000 -0.382683
vn 0.923880 -0.000000 -0.382683
vn 0.923880 -0.000000 -0.382683
vn 0.923880 -0.000000 -0.382683
vn -0.923880 0.000000 0.382683
vn -0.923880 0.000000 0.382683
vn -0.923880 0.000000 0.382683
vn -0.923880 0.000000 0.382683
vn -0.382683 0.000000 0.923880
vn -0.382683 0.000000 0.923880
vn -0.382683 0.000000 0.923880
vn -0.382683 0.000000 0.923880
vn -0.382683 0.000000 0.923880
vn -0.382683 0.000000 0.923880
vn -0.382683 0.000000 0.923880
vn -0.382683 0.000000 0.923880
vn -0.382683 0.000000 0.923880
vn -0.382683 0.000000 0.923880
vn -0.382683 0.000000 0.923880
vn -0.382683 0.000000 0.923880
vn -0.382683 0.000000 0.923880
vn -0.382683 0.000000 0.923880
vn -0.382683 0.000000 0.923880
vn -0.382683 0.000000 0.923880
vn -0.382683 0.000000 0.923880
vn -0.382683 0.000000 0.923880
vn -0.382683 0.000000 0.923880
vn -0.382683 0.000000 0.923880
vn -0.382683 0.000000 0.923880
vn -0.382683 0.000000 0.923880
vn -0.382683 0.000000 0.923880
vn -0.382683 0.000000 0.923880
vn -0.382683 0.000000 0.923880
vn -0.382683 0.000000 0.923880
vn -0.382683 0.000000 0.923880
vn -0.382683 0.000000 0.923880
vn -0.382683 0.000000 0.923880
vn -0.382683 0.000000 0.923880
vn -0.382683 0.000000 0.923880
vn -0.382683 0.000000 0.923880
vn -0.382683 0.000000 0.923880
vn -0.382683 0.000000 0.923880
vn -0.382683 0.000000 0.923880
vn -0.382683 0.000000 0.923880
vn -0.382683 0.000000 0.923880
vn -0.382683 0.000000 0.923880
vn -0.382683 0.000000 0.923880
vn -0.382683 0.000000 0.923880
vn -0.382683 0.000000 0.923880
vn -0.382683 0.000000 0.923880
vn -0.382683 0.000000 0.923880
vn -0.382683 0.000000 0.923880
vn -0.382683 0.000000 0.923880
vn -0.382683 0.000000 0.923880
vn -0.382683 0.000000 0.923880
vn -0.382683 0.000000 0.923880
vn -0.382683 0.000000 0.923880
vn -0.382683 0.000000 0.923880
vn -0.382683 0.000000 0.923880
vn -0.382683 0.000000 0.923880
vn -0.382683 0.000000 0.923880
vn -0.382683 0.000000 0.923880
vn 0.382683 0.000000 0.923880
vn 0.382683 0.000000 0.923880
vn 0.382683 0.000000 0.923880
vn 0.382683 0.000000 0.923880
vn -0.923880 0.000000 0.382683
vn -0.923880 0.000000 0.382683
vn -0.923880 0.000000 0.382683
vn -0.923880 0.000000 0.382683
vn -0.923880 0.000000 0.382683
vn -0.923880 0.000000 0.382683
vn -0.382683 0.000000 0.923880
vn -0.382683 0.000000 0.923880
vn -0.382683 0.000000 0.923880
vn -0.382683 0.000000 0.923880
vn -0.382683 0.000000 0.923880
vn -0.382683 0.000000 0.923880
vn -0.382683 0.000000 0.923880
vn -0.382683 0.000000 0.923880
vn -0.382683 0.000000 0.923880
vn -0.382683 0.000000 0.923880
vn -0.382683 0.000000 0.923880
vn -0.382683 0.000000 0.923880
vn -0.382683 0.000000 0.923880
vn -0.382683 0.000000 0.923880
vn -0.382683 0.000000 0.923880
vn -0.382683 0.000000 0.923880
vn -0.382683 0.000000 0.923880
vn -0.382683 0.000000 0.923880
vn -0.382683 0.000000 0.923880
vn -0.382683 0.000000 0.923880
vn -0.382683 0.000000 0.923880
vn -0.382683 0.000000 0.923880
vn -0.382683 0.000000 0.923880
vn -0.382683 0.000000 0.923880
vn -0.382683 0.000000 0.923880
vn -0.382683 0.000000 0.923880
vn -0.382683 0.000000 0.923880
vn -0.382683 0.000000 0.923880
vn -0.382683 0.000000 0.923880
vn -0.382683 0.000000 0.923880
vn -0.382683 0.000000 0.923880
vn -0.382683 0.000000 0.923880
vn -0.382683 0.000000 0.923880
vn -0.382683 0.000000 0.923880
vn -0.382683 0.000000 0.923880
vn -0.382683 0.000000 0.923880
vn -0.382683 0.000000 0.923880
vn 0.382683 0.000000 0.923880
vn 0.382683 0.000000 0.923880
vn 0.382683 0.000000 0.923880
vn 0.382683 0.000000 0.923880
vn 0.382683 0.000000 0.923880
vn 0.382683 0.000000 0.923880
vn -0.923880 0.000000 -0.382683
vn -0.923880 0.000000 -0.382683
vn -0.923880 0.000000 -0.382683
vn -0.923880 0.000000 -0.382683
vn -0.923880 0.000000 -0.382683
vn -0.923880 0.000000 -0.382683
vn -0.923880 0.000000 -0.382683
vn -0.923880 0.000000 -0.382683
vn 0.923880 0.000000 0.382683
vn 0.923880 0.000000 0.382683
vn 0.923880 0.000000 0.382683
vn 0.923880 0.000000 0.382683
vn 0.923880 0.000000 0.382683
vn 0.923880 0.000000 0.382683
vn 0.923880 0.000000 0.382683
vn 0.923880 0.000000 0.382683
vn 0.808037 0.484822 0.334700
vn 0.808037 0.484822 0.334700
vn 0.808037 0.484822 0.334700
vn 0.808037 0.484822 -0.334700
vn 0.808037 0.484822 -0.334700
vn 0.808037 0.484822 -0.334700
vn 0.334700 0.484822 -0.808037
vn 0.334700 0.484822 -0.808037
vn 0.334700 0.484822 -0.808037
vn -0.334700 0.484822 -0.808037
vn -0.334700 0.484822 -0.808037
vn -0.334700 0.484822 -0.808037
vn 0.334700 0.484822 0.808037
vn 0.334700 0.484822 0.808037
vn 0.334700 0.484822 0.808037
vn -0.334700 0.484822 0.808037
vn -0.334700 0.484822 0.808037
vn -0.334700 0.484822 0.808037
vn -0.808037 0.484822 0.334700
vn -0.808037 0.484822 0.334700
vn -0.808037 0.484822 0.334700
vn -0.808037 0.484822 -0.334700
vn -0.808037 0.484822 -0.334700
vn -0.808037 0.484822 -0.334700
vn -0.000000 -1.000000 0.000000
vn -0.000000 -1.000000 0.000000
vn -0.000000 -1.000000 0.000000
vn -0.000000 -1.000000 0.000000
vn -0.000000 -1.000000 0.000000
vn -0.000000 -1.000000 0.000000
vn -0.000000 -1.000000 0.000000
vn -0.000000 -1.000000 0.000000
vn 0.382683 -0.000000 -0.923880
vn 0.382683 -0.000000 -0.923880
vn 0.382683 -0.000000 -0.923880
vn 0.382683 -0.000000 -0.923880
vn 0.382683 -0.000000 -0.923880
vn 0.382683 -0.000000 -0.923880
vn 0.382683 -0.000000 -0.923880
vn 0.382683 -0.000000 -0.923880
vn 0.382683 -0.000000 -0.923880
vn 0.382683 -0.000000 -0.923880
vn 0.382683 -0.000000 -0.923880
vn 0.382683 -0.000000 -0.923880
vn 0.382683 -0.000000 -0.923880
vn 0.382683 -0.000000 -0.923880
vn 0.382683 -0.000000 -0.923880
vn 0.382683 -0.000000 -0.923880
vn 0.382683 -0.000000 -0.923880
vn 0.382683 -0.000000 -0.923880
vn 0.382683 -0.000000 -0.923880
vn 0.382683 -0.000000 -0.923880
vn 0.382683 -0.000000 -0.923880
vn 0.382683 -0.000000 -0.923880
vn 0.382683 -0.000000 -0.923880
vn 0.382683 -0.000000 -0.923880
vn 0.382683 -0.000000 -0.923880
vn 0.382683 -0.000000 -0.923880
vn 0.382683 -0.000000 -0.923880
vn 0.382683 -0.000000 -0.923880
vn 0.382683 -0.000000 -0.923880
vn 0.382683 -0.000000 -0.923880
vn 0.382683 -0.000000 -0.923880
vn 0.382683 -0.000000 -0.923880
vn 0.382683 -0.000000 -0.923880
vn 0.382683 -0.000000 -0.923880
vn 0.382683 -0.000000 -0.923880
vn 0.382683 -0.000000 -0.923880
vn 0.382683 -0.000000 -0.923880
vn 0.382683 -0.000000 -0.923880
vn 0.382683 -0.000000 -0.923880
vn 0.382683 -0.000000 -0.923880
vn 0.382683 -0.000000 -0.923880
vn 0.382683 -0.000000 -0.923880
vn 0.382683 -0.000000 -0.923880
vn 0.382683 -0.000000 -0.923880
vn 0.382683 -0.000000 -0.923880
vn 0.382683 -0.000000 -0.923880
vn 0.382683 -0.000000 -0.923880
vn 0.382683 -0.000000 -0.923880
vn -0.382683 0.000000 -0.923880
vn -0.382683 0.000000 -0.923880
vn -0.382683 0.000000 -0.923880
vn 0.923880 -0.000000 -0.382683
vn 0.923880 -0.000000 -0.382683
vn 0.923880 -0.000000 -0.382683
vn 0.923880 -0.000000 -0.382683
vn 0.923880 -0.000000 -0.382683
vn 0.923880 -0.000000 -0.382683
vn 0.923880 -0.000000 -0.382683
vn 0.923880 -0.000000 -0.382683
vn 0.923880 -0.000000 -0.382683
vn 0.923880 -0.000000 -0.382683
vn 0.923880 -0.000000 -0.382683
vn 0.923880 -0.000000 -0.382683
vn 0.923880 -0.000000 -0.382683
vn 0.923880 -0.000000 -0.382683
vn 0.923880 -0.000000 -0.382683
vn 0.923880 -0.000000 -0.382683
vn 0.923880 -0.000000 -0.382683
vn 0.923880 -0.000000 -0.382683
vn 0.923880 -0.000000 -0.382683
vn 0.923880 -0.000000 -0.382683
vn 0.923880 -0.000000 -0.382683
vn 0.923880 -0.000000 -0.382683
vn 0.923880 -0.000000 -0.382683
vn 0.923880 -0.000000 -0.382683
vn 0.923880 -0.000000 -0.382683
vn 0.923880 -0.000000 -0.382683
vn 0.923880 -0.000000 -0.382683
vn 0.923880 -0.000000 -0.382683
vn 0.923880 -0.000000 -0.382683
vn 0.923880 -0.000000 -0.382683
vn 0.923880 -0.000000 -0.382683
vn 0.923880 -0.000000 -0.382683
vn 0.923880 -0.000000 -0.382683
vn 0.923880 -0.000000 -0.382683
vn 0.923880 -0.000000 -0.382683
vn 0.923880 -0.000000 -0.382683
vn 0.923880 -0.000000 -0.382683
vn 0.923880 -0.000000 -0.382683
vn 0.923880 -0.000000 -0.382683
vn 0.923880 -0.000000 -0.382683
vn 0.923880 -0.000000 -0.382683
vn 0.923880 -0.000000 -0.382683
vn 0.923880 -0.000000 -0.382683
vn 0.923880 -0.000000 -0.382683
vn 0.923880 -0.000000 -0.382683
vn 0.923880 -0.000000 -0.382683
vn 0.923880 -0.000000 -0.382683
vn 0.923880 -0.000000 -0.382683
vn 0.923880 -0.000000 -0.382683
vn 0.382683 -0.000000 -0.923880
vn 0.382683 -0.000000 -0.923880
vn 0.382683 -0.000000 -0.923880
vn 0.382683 -0.000000 -0.923880
vn 0.382683 -0.000000 -0.923880
vn 0.382683 -0.000000 -0.923880
vn 0.382683 -0.000000 -0.923880
vn 0.382683 -0.000000 -0.923880
vn 0.382683 -0.000000 -0.923880
vn 0.382683 -0.000000 -0.923880
vn 0.382683 -0.000000 -0.923880
vn 0.382683 -0.000000 -0.923880
vn 0.382683 -0.000000 -0.923880
vn 0.382683 -0.000000 -0.923880
vn 0.382683 -0.000000 -0.923880
vn 0.382683 -0.000000 -0.923880
vn 0.382683 -0.000000 -0.923880
vn 0.382683 -0.000000 -0.923880
vn 0.382683 -0.000000 -0.923880
vn 0.382683 -0.000000 -0.923880
vn 0.382683 -0.000000 -0.923880
vn 0.382683 -0.000000 -0.923880
vn 0.382683 -0.000000 -0.923880
vn 0.382683 -0.000000 -0.923880
vn 0.382683 -0.000000 -0.923880
vn 0.382683 -0.000000 -0.923880
vn 0.382683 -0.000000 -0.923880
vn 0.382683 -0.000000 -0.923880
vn 0.382683 -0.000000 -0.923880
vn 0.382683 -0.000000 -0.923880
vn 0.382683 -0.000000 -0.923880
vn 0.382683 -0.000000 -0.923880
vn 0.382683 -0.000000 -0.923880
vn 0.382683 -0.000000 -0.923880
vn 0.382683 -0.000000 -0.923880
vn 0.382683 -0.000000 -0.923880
vn 0.382683 -0.000000 -0.923880
vn -0.382683 0.000000 -0.923880
vn -0.382683 0.000000 -0.923880
vn -0.382683 0.000000 -0.923880
vn -0.382683 0.000000 -0.923880
vn -0.382683 0.000000 -0.923880
vn 0.923880 -0.000000 -0.382683
vn 0.923880 -0.000000 -0.382683
vn 0.923880 -0.000000 -0.382683
vn 0.923880 -0.000000 -0.382683
vn 0.923880 -0.000000 -0.382683
vn 0.923880 -0.000000 -0.382683
vn 0.923880 -0.000000 -0.382683
vn 0.923880 -0.000000 -0.382683
vn 0.923880 -0.000000 -0.382683
vn 0.923880 -0.000000 -0.382683
vn 0.923880 -0.000000 -0.382683
vn 0.923880 -0.000000 -0.382683
vn 0.923880 -0.000000 -0.382683
vn 0.923880 -0.000000 -0.382683
vn 0.923880 -0.000000 -0.382683
vn 0.923880 -0.000000 -0.382683
vn 0.923880 -0.000000 -0.382683
vn 0.923880 -0.000000 -0.382683
vn 0.923880 -0.000000 -0.382683
vn 0.923880 -0.000000 -0.382683
vn 0.923880 -0.000000 -0.382683
vn 0.923880 -0.000000 -0.382683
vn 0.923880 -0.000000 -0.382683
vn 0.923880 -0.000000 -0.382683
vn 0.923880 -0.000000 -0.382683
vn 0.923880 -0.000000 -0.382683
vn 0.923880 -0.000000 -0.382683
vn 0.923880 -0.000000 -0.382683
vn 0.923880 -0.000000 -0.382683
vn 0.923880 -0.000000 -0.382683
vn 0.923880 -0.000000 -0.382683
vn 0.923880 -0.000000 -0.382683
vn 0.923880 -0.000000 -0.382683
vn 0.923880 -0.000000 -0.382683
vn 0.923880 -0.000000 -0.382683
vn -0.923880 0.000000 0.382683
vn -0.923880 0.000000 0.382683
vn -0.923880 0.000000 0.382683
vn -0.923880 0.000000 0.382683
vn -0.382683 0.000000 0.923880
vn -0.382683 0.000000 0.923880
vn -0.382683 0.000000 0.923880
vn -0.382683 0.000000 0.923880
vn -0.382683 0.000000 0.923880
vn -0.382683 0.000000 0.923880
vn -0.382683 0.000000 0.923880
vn -0.382683 0.000000 0.923880
vn -0.382683 0.000000 0.923880
vn -0.382683 0.000000 0.923880
vn -0.382683 0.000000 0.923880
vn -0.382683 0.000000 0.923880
vn -0.382683 0.000000 0.923880
vn -0.382683 0.000000 0.923880
vn -0.382683 0.000000 0.923880
vn -0.382683 0.000000 0.923880
vn -0.382683 0.000000 0.923880
vn -0.382683 0.000000 0.923880
vn -0.382683 0.000000 0.923880
vn -0.382683 0.000000 0.923880
vn -0.382683 0.000000 0.923880
vn -0.382683 0.000000 0.923880
vn -0.382683 0.000000 0.923880
vn -0.382683 0.000000 0.923880
vn -0.382683 0.000000 0.923880
vn -0.382683 0.000000 0.923880
vn -0.382683 0.000000 0.923880
vn -0.382683 0.000000 0.923880
vn -0.382683 0.000000 0.923880
vn -0.382683 0.000000 0.923880
vn -0.382683 0.000000 0.923880
vn -0.382683 0.000000 0.923880
vn -0.382683 0.000000 0.923880
vn -0.382683 0.000000 0.923880
vn -0.382683 0.000000 0.923880
vn -0.382683 0.000000 0.923880
vn -0.382683 0.000000 0.923880
vn -0.382683 0.000000 0.923880
vn -0.382683 0.000000 0.923880
vn -0.382683 0.000000 0.923880
vn -0.382683 0.000000 0.923880
vn -0.382683 0.000000 0.923880
vn -0.382683 0.000000 0.923880
vn -0.382683 0.000000 0.923880
vn -0.382683 0.000000 0.923880
vn -0.382683 0.000000 0.923880
vn -0.382683 0.000000 0.923880
vn -0.382683 0.000000 0.923880
vn -0.382683 0.000000 0.923880
vn -0.382683 0.000000 0.923880
vn -0.382683 0.000000 0.923880
vn -0.382683 0.000000 0.923880
vn -0.382683 0.000000 0.923880
vn -0.382683 0.000000 0.923880
vn 0.382683 0.000000 0.923880
vn 0.382683 0.000000 0.923880
vn 0.382683 0.000000 0.923880
vn 0.382683 0.000000 0.923880
vn -0.923880 0.000000 0.382683
vn -0.923880 0.000000 0.382683
vn -0.923880 0.000000 0.382683
vn -0.923880 0.000000 0.382683
vn -0.923880 0.000000 0.382683
vn -0.923880 0.000000 0.382683
vn -0.382683 0.000000 0.923880
vn -0.382683 0.000000 0.923880
vn -0.382683 0.000000 0.923880
vn -0.382683 0.000000 0.923880
vn -0.382683 0.000000 0.923880
vn -0.382683 0.000000 0.923880
vn -0.382683 0.000000 0.923880
vn -0.382683 0.000000 0.923880
vn -0.382683 0.000000 0.923880
vn -0.382683 0.000000 0.923880
vn -0.382683 0.000000 0.923880
vn -0.382683 0.000000 0.923880
vn -0.382683 0.000000 0.923880
vn -0.382683 0.000000 0.923880
vn -0.382683 0.000000 0.923880
vn -0.382683 0.000000 0.923880
vn -0.382683 0.000000 0.923880
vn -0.382683 0.000000 0.923880
vn -0.382683 0.000000 0.923880
vn -0.382683 0.000000 0.923880
vn -0.382683 0.000000 0.923880
vn -0.382683 0.000000 0.923880
vn -0.382683 0.000000 0.923880
vn -0.382683 0.000000 0.923880
vn -0.382683 0.000000 0.923880
vn -0.382683 0.000000 0.923880
vn -0.382683 0.000000 0.923880
vn -0.382683 0.000000 0.923880
vn -0.382683 0.000000 0.923880
vn -0.382683 0.000000 0.923880
vn -0.382683 0.000000 0.923880
vn -0.382683 0.000000 0.923880
vn -0.382683 0.000000 0.923880
vn -0.382683 0.000000 0.923880
vn -0.382683 0.000000 0.923880
vn -0.382683 0.000000 0.923880
vn -0.382683 0.000000 0.923880
vn 0.382683 0.000000 0.923880
vn 0.382683 0.000000 0.923880
vn 0.382683 0.000000 0.923880
vn 0.382683 0.000000 0.923880
vn 0.382683 0.000000 0.923880
vn 0.382683 0.000000 0.923880
vn -0.923880 0.000000 -0.382683
vn -0.923880 0.000000 -0.382683
vn -0.923880 0.000000 -0.382683
vn -0.923880 0.000000 -0.382683
vn -0.923880 0.000000 -0.382683
vn -0.923880 0.000000 -0.382683
vn -0.923880 0.000000 -0.382683
vn -0.923880 0.000000 -0.382683
vn 0.923880 0.000000 0.382683
vn 0.923880 0.000000 0.382683
vn 0.923880 0.000000 0.382683
vn 0.923880 0.000000 0.382683
vn 0.923880 0.000000 0.382683
vn 0.923880 0.000000 0.382683
vn 0.923880 0.000000 0.382683
vn 0.923880 0.000000 0.382683
vn 0.808037 0.484822 0.334700
vn 0.808037 0.484822 0.334700
vn 0.808037 0.484822 0.334700
vn 0.808037 0.484822 -0.334700
vn 0.808037 0.484822 -0.334700
vn 0.808037 0.484822 -0.334700
vn 0.334700 0.484822 -0.808037
vn 0.334700 0.484822 -0.808037
vn 0.334700 0.484822 -0.808037
vn -0.334700 0.484822 -0.808037
vn -0.334700 0.484822 -0.808037
vn -0.334700 0.484822 -0.808037
vn 0.334700 0.484822 0.808037
vn 0.334700 0.484822 0.808037
vn 0.334700 0.484822 0.808037
vn -0.334700 0.484822 0.808037
vn -0.334700 0.484822 0.808037
vn -0.334700 0.484822 0.808037
vn -0.808037 0.484822 0.334700
vn -0.808037 0.484822 0.334700
vn -0.808037 0.484822 0.334700
vn -0.808037 0.484822 -0.334700
vn -0.808037 0.484822 -0.334700
vn -0.808037 0.484822 -0.334700
vn -0.000000 -1.000000 0.000000
vn -0.000000 -1.000000 0.000000
vn -0.000000 -1.000000 0.000000
vn -0.000000 -1.000000 0.000000
vn -0.000000 -1.000000 0.000000
vn -0.000000 -1.000000 0.000000
vn -0.000000 -1.000000 0.000000
vn -0.000000 -1.000000 0.000000
vn 0.382683 -0.000000 -0.923880
vn 0.382683 -0.000000 -0.923880
vn 0.382683 -0.000000 -0.923880
vn 0.382683 -0.000000 -0.923880
vn 0.382683 -0.000000 -0.923880
vn 0.382683 -0.000000 -0.923880
vn 0.382683 -0.000000 -0.923880
vn 0.382683 -0.000000 -0.923880
vn 0.382683 -0.000000 -0.923880
vn 0.382683 -0.000000 -0.923880
vn 0.382683 -0.000000 -0.923880
vn 0.382683 -0.000000 -0.923880
vn 0.382683 -0.000000 -0.923880
vn 0.382683 -0.000000 -0.923880
vn 0.382683 -0.000000 -0.923880
vn 0.382683 -0.000000 -0.923880
vn 0.382683 -0.000000 -0.923880
vn 0.382683 -0.000000 -0.923880
vn 0.382683 -0.000000 -0.923880
vn 0.382683 -0.000000 -0.923880
vn 0.382683 -0.000000 -0.923880
vn 0.382683 -0.000000 -0.923880
vn 0.382683 -0.000000 -0.923880
vn 0.382683 -0.000000 -0.923880
vn 0.382683 -0.000000 -0.923880
vn 0.382683 -0.000000 -0.923880
vn 0.382683 -0.000000 -0.923880
vn 0.382683 -0.000000 -0.923880
vn 0.382683 -0.000000 -0.923880
vn 0.382683 -0.000000 -0.923880
vn 0.382683 -0.000000 -0.923880
vn 0.382683 -0.000000 -0.923880
vn 0.382683 -0.000000 -0.923880
vn 0.382683 -0.000000 -0.923880
vn 0.382683 -0.000000 -0.923880
vn 0.382683 -0.000000 -0.923880
vn 0.382683 -0.000000 -0.923880
vn 0.382683 -0.000000 -0.923880
vn 0.382683 -0.000000 -0.923880
vn 0.382683 -0.000000 -0.923880
vn 0.382683 -0.000000 -0.923880
vn 0.382683 -0.000000 -0.923880
vn 0.382683 -0.000000 -0.923880
vn 0.382683 -0.000000 -0.923880
vn 0.382683 -0.000000 -0.923880
vn 0.382683 -0.000000 -0.923880
vn 0.382683 -0.000000 -0.923880
vn 0.382683 -0.000000 -0.923880
vn -0.382683 0.000000 -0.923880
vn -0.382683 0.000000 -0.923880
vn -0.382683 0.000000 -0.923880
vn 0.923880 -0.000000 -0.382683
vn 0.923880 -0.000000 -0.382683
vn 0.923880 -0.000000 -0.382683
vn 0.923880 -0.000000 -0.382683
vn 0.923880 -0.000000 -0.382683
vn 0.923880 -0.000000 -0.382683
vn 0.923880 -0.000000 -0.382683
vn 0.923880 -0.000000 -0.382683
vn 0.923880 -0.000000 -0.382683
vn 0.923880 -0.000000 -0.382683
vn 0.923880 -0.000000 -0.382683
vn 0.923880 -0.000000 -0.382683
vn 0.923880 -0.000000 -0.382683
vn 0.923880 -0.000000 -0.382683
vn 0.923880 -0.000000 -0.382683
vn 0.923880 -0.000000 -0.382683
vn 0.923880 -0.000000 -0.382683
vn 0.923880 -0.000000 -0.382683
vn 0.923880 -0.000000 -0.382683
vn 0.923880 -0.000000 -0.382683
vn 0.923880 -0.000000 -0.382683
vn 0.923880 -0.000000 -0.382683
vn 0.923880 -0.000000 -0.382683
vn 0.923880 -0.000000 -0.382683
vn 0.923880 -0.000000 -0.382683
vn 0.923880 -0.000000 -0.382683
vn 0.923880 -0.000000 -0.382683
vn 0.923880 -0.000000 -0.382683
vn 0.923880 -0.000000 -0.382683
vn 0.923880 -0.000000 -0.382683
vn 0.923880 -0.000000 -0.382683
vn 0.923880 -0.000000 -0.382683
vn 0.923880 -0.000000 -0.382683
vn 0.923880 -0.000000 -0.382683
vn 0.923880 -0.000000 -0.382683
vn 0.923880 -0.000000 -0.382683
vn 0.923880 -0.000000 -0.382683
vn 0.923880 -0.000000 -0.382683
vn 0.923880 -0.000000 -0.382683
vn 0.923880 -0.000000 -0.382683
vn 0.923880 -0.000000 -0.382683
vn 0.923880 -0.000000 -0.382683
vn 0.923880 -0.000000 -0.382683
vn 0.923880 -0.000000 -0.382683
vn 0.923880 -0.000000 -0.382683
vn 0.923880 -0.000000 -0.382683
vn 0.923880 -0.000000 -0.382683
vn 0.923880 -0.000000 -0.382683
vn 0.923880 -0.000000 -0.382683
vn 0.382683 -0.000000 -0.923880
vn 0.382683 -0.000000 -0.923880
vn 0.382683 -0.000000 -0.923880
vn 0.382683 -0.000000 -0.923880
vn 0.382683 -0.000000 -0.923880
vn 0.382683 -0.000000 -0.923880
vn 0.382683 -0.000000 -0.923880
vn 0.382683 -0.000000 -0.923880
vn 0.382683 -0.000000 -0.923880
vn 0.382683 -0.000000 -0.923880
vn 0.382683 -0.000000 -0.923880
vn 0.382683 -0.000000 -0.923880
vn 0.382683 -0.000000 -0.923880
vn 0.382683 -0.000000 -0.923880
vn 0.382683 -0.000000 -0.923880
vn 0.382683 -0.000000 -0.923880
vn 0.382683 -0.000000 -0.923880
vn 0.382683 -0.000000 -0.923880
vn 0.382683 -0.000000 -0.923880
vn 0.382683 -0.000000 -0.923880
vn 0.382683 -0.000000 -0.923880
vn 0.382683 -0.000000 -0.923880
vn 0.382683 -0.000000 -0.923880
vn 0.382683 -0.000000 -0.923880
vn 0.382683 -0.000000 -0.923880
vn 0.382683 -0.000000 -0.923880
vn 0.382683 -0.000000 -0.923880
vn 0.382683 -0.000000 -0.923880
vn 0.382683 -0.000000 -0.923880
vn 0.382683 -0.000000 -0.923880
vn 0.382683 -0.000000 -0.923880
vn 0.382683 -0.000000 -0.923880
vn 0.382683 -0.000000 -0.923880
vn 0.382683 -0.000000 -0.923880
vn 0.382683 -0.000000 -0.923880
vn 0.382683 -0.000000 -0.923880
vn 0.382683 -0.000000 -0.923880
vn -0.382683 0.000000 -0.923880
vn -0.382683 0.000000 -0.923880
vn -0.382683 0.000000 -0.923880
vn -0.382683 0.000000 -0.923880
vn -0.382683 0.000000 -0.923880
vn 0.923880 -0.000000 -0.382683
vn 0.923880 -0.000000 -0.382683
vn 0.923880 -0.000000 -0.382683
vn 0.923880 -0.000000 -0.382683
vn 0.923880 -0.000000 -0.382683
vn 0.923880 -0.000000 -0.382683
vn 0.923880 -0.000000 -0.382683
vn 0.923880 -0.000000 -0.382683
vn 0.923880 -0.000000 -0.382683
vn 0.923880 -0.000000 -0.382683
vn 0.923880 -0.000000 -0.382683
vn 0.923880 -0.000000 -0.382683
vn 0.923880 -0.000000 -0.382683
vn 0.923880 -0.000000 -0.382683
vn 0.923880 -0.000000 -0.382683
vn 0.923880 -0.000000 -0.382683
vn 0.923880 -0.000000 -0.382683
vn 0.923880 -0.000000 -0.382683
vn 0.923880 -0.000000 -0.382683
vn 0.923880 -0.000000 -0.382683
vn 0.923880 -0.000000 -0.382683
vn 0.923880 -0.000000 -0.382683
vn 0.923880 -0.000000 -0.382683
vn 0.923880 -0.000000 -0.382683
vn 0.923880 -0.000000 -0.382683
vn 0.923880 -0.000000 -0.382683
vn 0.923880 -0.000000 -0.382683
vn 0.923880 -0.000000 -0.382683
vn 0.923880 -0.000000 -0.382683
vn 0.923880 -0.000000 -0.382683
vn 0.923880 -0.000000 -0.382683
vn 0.923880 -0.000000 -0.382683
vn 0.923880 -0.000000 -0.382683
vn 0.923880 -0.000000 -0.382683
vn 0.923880 -0.000000 -0.382683
vn -0.923880 0.000000 0.382683
vn -0.923880 0.000000 0.382683
vn -0.923880 0.000000 0.382683
vn -0.923880 0.000000 0.382683
vn -0.382683 0.000000 0.923880
vn -0.382683 0.000000 0.923880
vn -0.382683 0.000000 0.923880
vn -0.382683 0.000000 0.923880
vn -0.382683 0.000000 0.923880
vn -0.382683 0.000000 0.923880
vn -0.382683 0.000000 0.923880
vn -0.382683 0.000000 0.923880
vn -0.382683 0.000000 0.923880
vn -0.382683 0.000000 0.923880
vn -0.382683 0.000000 0.923880
vn -0.382683 0.000000 0.923880
vn -0.382683 0.000000 0.923880
vn -0.382683 0.000000 0.923880
vn -0.382683 0.000000 0.923880
vn -0.382683 0.000000 0.923880
vn -0.382683 0.000000 0.923880
vn -0.382683 0.000000 0.923880
vn -0.382683 0.000000 0.923880
vn -0.382683 0.000000 0.923880
vn -0.382683 0.000000 0.923880
vn -0.382683 0.000000 0.923880
vn -0.382683 0.000000 0.923880
vn -0.382683 0.000000 0.923880
vn -0.382683 0.000000 0.923880
vn -0.382683 0.000000 0.923880
vn -0.382683 0.000000 0.923880
vn -0.382683 0.000000 0.923880
vn -0.382683 0.000000 0.923880
vn -0.382683 0.000000 0.923880
vn -0.382683 0.000000 0.923880
vn -0.382683 0.000000 0.923880
vn -0.382683 0.000000 0.923880
vn -0.382683 0.000000 0.923880
vn -0.382683 0.000000 0.923880
vn -0.382683 0.000000 0.923880
vn -0.382683 0.000000 0.923880
vn -0.382683 0.000000 0.923880
vn -0.382683 0.000000 0.923880
vn -0.382683 0.000000 0.923880
vn -0.382683 0.000000 0.923880
vn -0.382683 0.000000 0.923880
vn -0.382683 0.000000 0.923880
vn -0.382683 0.000000 0.923880
vn -0.382683 0.000000 0.923880
vn -0.382683 0.000000 0.923880
vn -0.382683 0.000000 0.923880
vn -0.382683 0.000000 0.923880
vn -0.382683 0.000000 0.923880
vn -0.382683 0.000000 0.923880
vn -0.382683 0.000000 0.923880
vn -0.382683 0.000000 0.923880
vn -0.382683 0.000000 0.923880
vn -0.382683 0.000000 0.923880
vn 0.382683 0.000000 0.923880
vn 0.382683 0.000000 0.923880
vn 0.382683 0.000000 0.923880
vn 0.382683 0.000000 0.923880
vn -0.923880 0.000000 0.382683
vn -0.923880 0.000000 0.382683
vn -0.923880 0.000000 0.382683
vn -0.923880 0.000000 0.382683
vn -0.923880 0.000000 0.382683
vn -0.923880 0.000000 0.382683
vn -0.382683 0.000000 0.923880
vn -0.382683 0.000000 0.923880
vn -0.382683 0.000000 0.923880
vn -0.382683 0.000000 0.923880
vn -0.382683 0.000000 0.923880
vn -0.382683 0.000000 0.923880
vn -0.382683 0.000000 0.923880
vn -0.382683 0.000000 0.923880
vn -0.382683 0.000000 0.923880
vn -0.382683 0.000000 0.923880
vn -0.382683 0.000000 0.923880
vn -0.382683 0.000000 0.923880
vn -0.382683 0.000000 0.923880
vn -0.382683 0.000000 0.923880
vn -0.382683 0.000000 0.923880
vn -0.382683 0.000000 0.923880
vn -0.382683 0.000000 0.923880
vn -0.382683 0.000000 0.923880
vn -0.382683 0.000000 0.923880
vn -0.382683 0.000000 0.923880
vn -0.382683 0.000000 0.923880
vn -0.382683 0.000000 0.923880
vn -0.382683 0.000000 0.923880
vn -0.382683 0.000000 0.923880
vn -0.382683 0.000000 0.923880
vn -0.382683 0.000000 0.923880
vn -0.382683 0.000000 0.923880
vn -0.382683 0.000000 0.923880
vn -0.382683 0.000000 0.923880
vn -0.382683 0.000000 0.923880
vn -0.382683 0.000000 0.923880
vn -0.382683 0.000000 0.923880
vn -0.382683 0.000000 0.923880
vn -0.382683 0.000000 0.923880
vn -0.382683 0.000000 0.923880
vn -0.382683 0.000000 0.923880
vn -0.382683 0.000000 0.923880
vn 0.382683 0.000000 0.923880
vn 0.382683 0.000000 0.923880
vn 0.382683 0.000000 0.923880
vn 0.382683 0.000000 0.923880
vn 0.382683 0.000000 0.923880
vn 0.382683 0.000000 0.923880
vn -0.923880 0.000000 -0.382683
vn -0.923880 0.000000 -0.382683
vn -0.923880 0.000000 -0.382683
vn -0.923880 0.000000 -0.382683
vn -0.923880 0.000000 -0.382683
vn -0.923880 0.000000 -0.382683
vn -0.923880 0.000000 -0.382683
vn -0.923880 0.000000 -0.382683
vn 0.923880 0.000000 0.382683
vn 0.923880 0.000000 0.382683
vn 0.923880 0.000000 0.382683
vn 0.923880 0.000000 0.382683
vn 0.923880 0.000000 0.382683
vn 0.923880 0.000000 0.382683
vn 0.923880 0.000000 0.382683
vn 0.923880 0.000000 0.382683
vn 0.808037 0.484822 0.334700
vn 0.808037 0.484822 0.334700
vn 0.808037 0.484822 0.334700
vn 0.808037 0.484822 -0.334700
vn 0.808037 0.484822 -0.334700
vn 0.808037 0.484822 -0.334700
vn 0.334700 0.484822 -0.808037
vn 0.334700 0.484822 -0.808037
vn 0.334700 0.484822 -0.808037
vn -0.334700 0.484822 -0.808037
vn -0.334700 0.484822 -0.808037
vn -0.334700 0.484822 -0.808037
vn 0.334700 0.484822 0.808037
vn 0.334700 0.484822 0.808037
vn 0.334700 0.484822 0.808037
vn -0.334700 0.484822 0.808037
vn -0.334700 0.484822 0.808037
vn -0.334700 0.484822 0.808037
vn -0.808037 0.484822 0.334700
vn -0.808037 0.484822 0.334700
vn -0.808037 0.484822 0.334700
vn -0.808037 0.484822 -0.334700
vn -0.808037 0.484822 -0.334700
vn -0.808037 0.484822 -0.334700
vn -0.000000 -1.000000 0.000000
vn -0.000000 -1.000000 0.000000
vn -0.000000 -1.000000 0.000000
vn -0.000000 -1.000000 0.000000
vn -0.000000 -1.000000 0.000000
vn -0.000000 -1.000000 0.000000
vn -0.000000 -1.000000 0.000000
vn -0.000000 -1.000000 0.000000
vn 0.382683 -0.000000 -0.923880
vn 0.382683 -0.000000 -0.923880
vn 0.382683 -0.000000 -0.923880
vn 0.382683 -0.000000 -0.923880
vn 0.382683 -0.000000 -0.923880
vn 0.382683 -0.000000 -0.923880
vn 0.382683 -0.000000 -0.923880
vn 0.382683 -0.000000 -0.923880
vn 0.382683 -0.000000 -0.923880
vn 0.382683 -0.000000 -0.923880
vn 0.382683 -0.000000 -0.923880
vn 0.382683 -0.000000 -0.923880
vn 0.382683 -0.000000 -0.923880
vn 0.382683 -0.000000 -0.923880
vn 0.382683 -0.000000 -0.923880
vn 0.382683 -0.000000 -0.923880
vn 0.382683 -0.000000 -0.923880
vn 0.382683 -0.000000 -0.923880
vn 0.382683 -0.000000 -0.923880
vn 0.382683 -0.000000 -0.923880
vn 0.382683 -0.000000 -0.923880
vn 0.382683 -0.000000 -0.923880
vn 0.382683 -0.000000 -0.923880
vn 0.382683 -0.000000 -0.923880
vn 0.382683 -0.000000 -0.923880
vn 0.382683 -0.000000 -0.923880
vn 0.382683 -0.000000 -0.923880
vn 0.382683 -0.000000 -0.923880
vn 0.382683 -0.000000 -0.923880
vn 0.382683 -0.000000 -0.923880
vn 0.382683 -0.000000 -0.923880
vn 0.382683 -0.000000 -0.923880
vn 0.382683 -0.000000 -0.923880
vn 0.382683 -0.000000 -0.923880
vn 0.382683 -0.000000 -0.923880
vn 0.382683 -0.000000 -0.923880
vn 0.382683 -0.000000 -0.923880
vn 0.382683 -0.000000 -0.923880
vn 0.382683 -0.000000 -0.923880
vn 0.382683 -0.000000 -0.923880
vn 0.382683 -0.000000 -0.923880
vn 0.382683 -0.000000 -0.923880
vn 0.382683 -0.000000 -0.923880
vn 0.382683 -0.000000 -0.923880
vn 0.382683 -0.000000 -0.923880
vn 0.382683 -0.000000 -0.923880
vn 0.382683 -0.000000 -0.923880
vn 0.382683 -0.000000 -0.923880
vn -0.382683 0.000000 -0.923880
vn -0.382683 0.000000 -0.923880
vn -0.382683 0.000000 -0.923880
vn 0.923880 -0.000000 -0.382683
vn 0.923880 -0.000000 -0.382683
vn 0.923880 -0.000000 -0.382683
vn 0.923880 -0.000000 -0.382683
vn 0.923880 -0.000000 -0.382683
vn 0.923880 -0.000000 -0.382683
vn 0.923880 -0.000000 -0.382683
vn 0.923880 -0.000000 -0.382683
vn 0.923880 -0.000000 -0.382683
vn 0.923880 -0.000000 -0.382683
vn 0.923880 -0.000000 -0.382683
vn 0.923880 -0.000000 -0.382683
vn 0.923880 -0.000000 -0.382683
vn 0.923880 -0.000000 -0.382683
vn 0.923880 -0.000000 -0.382683
vn 0.923880 -0.000000 -0.382683
vn 0.923880 -0.000000 -0.382683
vn 0.923880 -0.000000 -0.382683
vn 0.923880 -0.000000 -0.382683
vn 0.923880 -0.000000 -0.382683
vn 0.923880 -0.000000 -0.382683
vn 0.923880 -0.000000 -0.382683
vn 0.923880 -0.000000 -0.382683
vn 0.923880 -0.000000 -0.382683
vn 0.923880 -0.000000 -0.382683
vn 0.923880 -0.000000 -0.382683
vn 0.923880 -0.000000 -0.382683
vn 0.923880 -0.000000 -0.382683
vn 0.923880 -0.000000 -0.382683
vn 0.923880 -0.000000 -0.382683
vn 0.923880 -0.000000 -0.382683
vn 0.923880 -0.000000 -0.382683
vn 0.923880 -0.000000 -0.382683
vn 0.923880 -0.000000 -0.382683
vn 0.923880 -0.000000 -0.382683
vn 0.923880 -0.000000 -0.382683
vn 0.923880 -0.000000 -0.382683
vn 0.923880 -0.000000 -0.382683
vn 0.923880 -0.000000 -0.382683
vn 0.923880 -0.000000 -0.382683
vn 0.923880 -0.000000 -0.382683
vn 0.923880 -0.000000 -0.382683
vn 0.923880 -0.000000 -0.382683
vn 0.923880 -0.000000 -0.382683
vn 0.923880 -0.000000 -0.382683
vn 0.923880 -0.000000 -0.382683
vn 0.923880 -0.000000 -0.382683
vn 0.923880 -0.000000 -0.382683
vn 0.923880 -0.000000 -0.382683
vn 0.382683 -0.000000 -0.923880
vn 0.382683 -0.000000 -0.923880
vn 0.382683 -0.000000 -0.923880
vn 0.382683 -0.000000 -0.923880
vn 0.382683 -0.000000 -0.923880
vn 0.382683 -0.000000 -0.923880
vn 0.382683 -0.000000 -0.923880
vn 0.382683 -0.000000 -0.923880
vn 0.382683 -0.000000 -0.923880
vn 0.382683 -0.000000 -0.923880
vn 0.382683 -0.000000 -0.923880
vn 0.382683 -0.000000 -0.923880
vn 0.382683 -0.000000 -0.923880
vn 0.382683 -0.000000 -0.923880
vn 0.382683 -0.000000 -0.923880
vn 0.382683 -0.000000 -0.923880
vn 0.382683 -0.000000 -0.923880
vn 0.382683 -0.000000 -0.923880
vn 0.382683 -0.000000 -0.923880
vn 0.382683 -0.000000 -0.923880
vn 0.382683 -0.000000 -0.923880
vn 0.382683 -0.000000 -0.923880
vn 0.382683 -0.000000 -0.923880
vn 0.382683 -0.000000 -0.923880
vn 0.382683 -0.000000 -0.923880
vn 0.382683 -0.000000 -0.923880
vn 0.382683 -0.000000 -0.923880
vn 0.382683 -0.000000 -0.923880
vn 0.382683 -0.000000 -0.923880
vn 0.382683 -0.000000 -0.923880
vn 0.382683 -0.000000 -0.923880
vn 0.382683 -0.000000 -0.923880
vn 0.382683 -0.000000 -0.923880
vn 0.382683 -0.000000 -0.923880
vn 0.382683 -0.000000 -0.923880
vn 0.382683 -0.000000 -0.923880
vn 0.382683 -0.000000 -0.923880
vn -0.382683 0.000000 -0.923880
vn -0.382683 0.000000 -0.923880
vn -0.382683 0.000000 -0.923880
vn -0.382683 0.000000 -0.923880
vn -0.382683 0.000000 -0.923880
vn 0.923880 -0.000000 -0.382683
vn 0.923880 -0.000000 -0.382683
vn 0.923880 -0.000000 -0.382683
vn 0.923880 -0.000000 -0.382683
vn 0.923880 -0.000000 -0.382683
vn 0.923880 -0.000000 -0.382683
vn 0.923880 -0.000000 -0.382683
vn 0.923880 -0.000000 -0.382683
vn 0.923880 -0.000000 -0.382683
vn 0.923880 -0.000000 -0.382683
vn 0.923880 -0.000000 -0.382683
vn 0.923880 -0.000000 -0.382683
vn 0.923880 -0.000000 -0.382683
vn 0.923880 -0.000000 -0.382683
vn 0.923880 -0.000000 -0.382683
vn 0.923880 -0.000000 -0.382683
vn 0.923880 -0.000000 -0.382683
vn 0.923880 -0.000000 -0.382683
vn 0.923880 -0.000000 -0.382683
vn 0.923880 -0.000000 -0.382683
vn 0.923880 -0.000000 -0.382683
vn 0.923880 -0.000000 -0.382683
vn 0.923880 -0.000000 -0.382683
vn 0.923880 -0.000000 -0.382683
vn 0.923880 -0.000000 -0.382683
vn 0.923880 -0.000000 -0.382683
vn 0.923880 -0.000000 -0.382683
vn 0.923880 -0.000000 -0.382683
vn 0.923880 -0.000000 -0.382683
vn 0.923880 -0.000000 -0.382683
vn 0.923880 -0.000000 -0.382683
vn 0.923880 -0.000000 -0.382683
vn 0.923880 -0.000000 -0.382683
vn 0.923880 -0.000000 -0.382683
vn 0.923880 -0.000000 -0.382683
vn -0.923880 0.000000 0.382683
vn -0.923880 0.000000 0.382683
vn -0.923880 0.000000 0.382683
vn -0.923880 0.000000 0.382683
vn -0.382683 0.000000 0.923880
vn -0.382683 0.000000 0.923880
vn -0.382683 0.000000 0.923880
vn -0.382683 0.000000 0.923880
vn -0.382683 0.000000 0.923880
vn -0.382683 0.000000 0.923880
vn -0.382683 0.000000 0.923880
vn -0.382683 0.000000 0.923880
vn -0.382683 0.000000 0.923880
vn -0.382683 0.000000 0.923880
vn -0.382683 0.000000 0.923880
vn -0.382683 0.000000 0.923880
vn -0.382683 0.000000 0.923880
vn -0.382683 0.000000 0.923880
vn -0.382683 0.000000 0.923880
vn -0.382683 0.000000 0.923880
vn -0.382683 0.000000 0.923880
vn -0.382683 0.000000 0.923880
vn -0.382683 0.000000 0.923880
vn -0.382683 0.000000 0.923880
vn -0.382683 0.000000 0.923880
vn -0.382683 0.000000 0.923880
vn -0.382683 0.000000 0.923880
vn -0.382683 0.000000 0.923880
vn -0.382683 0.000000 0.923880
vn -0.382683 0.000000 0.923880
vn -0.382683 0.000000 0.923880
vn -0.382683 0.000000 0.923880
vn -0.382683 0.000000 0.923880
vn -0.382683 0.000000 0.923880
vn -0.382683 0.000000 0.923880
vn -0.382683 0.000000 0.923880
vn -0.382683 0.000000 0.923880
vn -0.382683 0.000000 0.923880
vn -0.382683 0.000000 0.923880
vn -0.382683 0.000000 0.923880
vn -0.382683 0.000000 0.923880
vn -0.382683 0.000000 0.923880
vn -0.382683 0.000000 0.923880
vn -0.382683 0.000000 0.923880
vn -0.382683 0.000000 0.923880
vn -0.382683 0.000000 0.923880
vn -0.382683 0.000000 0.923880
vn -0.382683 0.000000 0.923880
vn -0.382683 0.000000 0.923880
vn -0.382683 0.000000 0.923880
vn -0.382683 0.000000 0.923880
vn -0.382683 0.000000 0.923880
vn -0.382683 0.000000 0.923880
vn -0.382683 0.000000 0.923880
vn -0.382683 0.000000 0.923880
vn -0.382683 0.000000 0.923880
vn -0.382683 0.000000 0.923880
vn -0.382683 0.000000 0.923880
vn 0.382683 0.000000 0.923880
vn 0.382683 0.000000 0.923880
vn 0.382683 0.000000 0.923880
vn 0.382683 0.000000 0.923880
vn -0.923880 0.000000 0.382683
vn -0.923880 0.000000 0.382683
vn -0.923880 0.000000 0.382683
vn -0.923880 0.000000 0.382683
vn -0.923880 0.000000 0.382683
vn -0.923880 0.000000 0.382683
vn -0.382683 0.000000 0.923880
vn -0.382683 0.000000 0.923880
vn -0.382683 0.000000 0.923880
vn -0.382683 0.000000 0.923880
vn -0.382683 0.000000 0.923880
vn -0.382683 0.000000 0.923880
vn -0.382683 0.000000 0.923880
vn -0.382683 0.000000 0.923880
vn -0.382683 0.000000 0.923880
vn -0.382683 0.000000 0.923880
vn -0.382683 0.000000 0.923880
vn -0.382683 0.000000 0.923880
vn -0.382683 0.000000 0.923880
vn -0.382683 0.000000 0.923880
vn -0.382683 0.000000 0.923880
vn -0.382683 0.000000 0.923880
vn -0.382683 0.000000 0.923880
vn -0.382683 0.000000 0.923880
vn -0.382683 0.000000 0.923880
vn -0.382683 0.000000 0.923880
vn -0.382683 0.000000 0.923880
vn -0.382683 0.000000 0.923880
vn -0.382683 0.000000 0.923880
vn -0.382683 0.000000 0.923880
vn -0.382683 0.000000 0.923880
vn -0.382683 0.000000 0.923880
vn -0.382683 0.000000 0.923880
vn -0.382683 0.000000 0.923880
vn -0.382683 0.000000 0.923880
vn -0.382683 0.000000 0.923880
vn -0.382683 0.000000 0.923880
vn -0.382683 0.000000 0.923880
vn -0.382683 0.000000 0.923880
vn -0.382683 0.000000 0.923880
vn -0.382683 0.000000 0.923880
vn -0.382683 0.000000 0.923880
vn -0.382683 0.000000 0.923880
vn 0.382683 0.000000 0.923880
vn 0.382683 0.000000 0.923880
vn 0.382683 0.000000 0.923880
vn 0.382683 0.000000 0.923880
vn 0.382683 0.000000 0.923880
vn 0.382683 0.000000 0.923880
vn 0.923880 0.000000 -0.382684
vn 0.923880 0.000000 -0.382684
vn 0.923880 0.000000 -0.382684
vn 0.923880 0.000000 -0.382684
vn 0.382683 0.000000 -0.923880
vn 0.382683 0.000000 -0.923880
vn 0.382683 0.000000 -0.923880
vn 0.382683 0.000000 -0.923880
vn -0.382684 0.000000 -0.923880
vn -0.382684 0.000000 -0.923880
vn -0.382684 0.000000 -0.923880
vn -0.382684 0.000000 -0.923880
vn -0.923880 0.000000 -0.382683
vn -0.923880 0.000000 -0.382683
vn -0.923880 0.000000 -0.382683
vn -0.923880 0.000000 -0.382683
vn -0.923880 0.000000 0.382684
vn -0.923880 0.000000 0.382684
vn -0.923880 0.000000 0.382684
vn -0.923880 0.000000 0.382684
vn -0.382683 0.000000 0.923880
vn -0.382683 0.000000 0.923880
vn -0.382683 0.000000 0.923880
vn -0.382683 0.000000 0.923880
vn 0.382684 0.000000 0.923880
vn 0.382684 0.000000 0.923880
vn 0.382684 0.000000 0.923880
vn 0.382684 0.000000 0.923880
vn 0.923880 0.000000 0.382683
vn 0.923880 0.000000 0.382683
vn 0.923880 0.000000 0.382683
vn 0.923880 0.000000 0.382683
vn 0.923880 0.000000 0.382683
vn 0.923880 0.000000 0.382683
vn 0.923880 0.000000 0.382683
vn 0.923880 0.000000 0.382683
vn 0.923880 0.000000 0.382683
vn 0.923880 0.000000 0.382683
vn 0.923880 0.000000 0.382683
vn 0.923880 0.000000 0.382683
vn 0.923880 0.000000 0.382683
vn 0.923880 0.000000 0.382683
vn 0.923880 0.000000 0.382683
vn 0.923880 0.000000 0.382683
vn 0.923880 0.000000 0.382683
vn 0.923880 0.000000 0.382683
vn 0.923880 0.000000 0.382683
vn 0.923880 0.000000 0.382683
vn 0.923880 0.000000 0.382683
vn 0.923880 0.000000 0.382683
vn 0.923880 0.000000 0.382683
vn 0.923880 0.000000 0.382683
vn 0.923880 0.000000 0.382683
vn 0.923880 0.000000 0.382683
vn 0.923880 0.000000 0.382683
vn 0.923880 0.000000 0.382683
vn 0.923880 0.000000 0.382683
vn 0.923880 0.000000 0.382683
vn 0.923880 0.000000 0.382683
vn 0.923880 0.000000 0.382683
vn 0.923880 0.000000 0.382683
vn 0.923880 0.000000 0.382683
vn -0.000000 -1.000000 0.000000
vn -0.000000 -1.000000 0.000000
vn -0.000000 -1.000000 0.000000
vn -0.000000 -1.000000 0.000000
vn -0.000000 -1.000000 0.000000
vn -0.000000 -1.000000 0.000000
vn -0.000000 -1.000000 0.000000
vn -0.000000 -1.000000 0.000000
vn -0.000000 1.000000 0.000000
vn -0.000000 1.000000 0.000000
vn -0.000000 1.000000 0.000000
vn -0.000000 1.000000 0.000000
vn -0.000000 1.000000 0.000000
vn -0.000000 1.000000 0.000000
vn -0.000000 1.000000 0.000000
vn -0.000000 1.000000 0.000000
vn -0.808037 -0.484822 0.334700
vn -0.808037 -0.484822 0.334700
vn -0.808037 -0.484822 0.334700
vn -0.808037 -0.484822 -0.334700
vn -0.808037 -0.484822 -0.334700
vn -0.808037 -0.484822 -0.334700
vn -0.334700 -0.484822 -0.808037
vn -0.334700 -0.484822 -0.808037
vn -0.334700 -0.484822 -0.808037
vn 0.334700 -0.484822 -0.808037
vn 0.334700 -0.484822 -0.808037
vn 0.334700 -0.484822 -0.808037
vn -0.334700 -0.484822 0.808037
vn -0.334700 -0.484822 0.808037
vn -0.334700 -0.484822 0.808037
vn 0.334700 -0.484822 0.808037
vn 0.334700 -0.484822 0.808037
vn 0.334700 -0.484822 0.808037
vn 0.808037 -0.484822 0.334700
vn 0.808037 -0.484822 0.334700
vn 0.808037 -0.484822 0.334700
vn 0.808037 -0.484822 -0.334700
vn 0.808037 -0.484822 -0.334700
vn 0.808037 -0.484822 -0.334700
vn 0.923880 0.000000 -0.382684
vn 0.923880 0.000000 -0.382684
vn 0.923880 0.000000 -0.382684
vn 0.923880 0.000000 -0.382684
vn 0.382683 0.000000 -0.923880
vn 0.382683 0.000000 -0.923880
vn 0.382683 0.000000 -0.923880
vn 0.382683 0.000000 -0.923880
vn -0.382684 0.000000 -0.923880
vn -0.382684 0.000000 -0.923880
vn -0.382684 0.000000 -0.923880
vn -0.382684 0.000000 -0.923880
vn -0.923880 0.000000 -0.382683
vn -0.923880 0.000000 -0.382683
vn -0.923880 0.000000 -0.382683
vn -0.923880 0.000000 -0.382683
vn -0.923880 0.000000 0.382684
vn -0.923880 0.000000 0.382684
vn -0.923880 0.000000 0.382684
vn -0.923880 0.000000 0.382684
vn -0.382683 0.000000 0.923880
vn -0.382683 0.000000 0.923880
vn -0.382683 0.000000 0.923880
vn -0.382683 0.000000 0.923880
vn 0.382684 0.000000 0.923880
vn 0.382684 0.000000 0.923880
vn 0.382684 0.000000 0.923880
vn 0.382684 0.000000 0.923880
vn 0.923880 0.000000 0.382683
vn 0.923880 0.000000 0.382683
vn 0.923880 0.000000 0.382683
vn 0.923880 0.000000 0.382683
vn 0.923880 0.000000 0.382683
vn 0.923880 0.000000 0.382683
vn 0.923880 0.000000 0.382683
vn 0.923880 0.000000 0.382683
vn 0.923880 0.000000 0.382683
vn 0.923880 0.000000 0.382683
vn 0.923880 0.000000 0.382683
vn 0.923880 0.000000 0.382683
vn 0.923880 0.000000 0.382683
vn 0.923880 0.000000 0.382683
vn 0.923880 0.000000 0.382683
vn 0.923880 0.000000 0.382683
vn 0.923880 0.000000 0.382683
vn 0.923880 0.000000 0.382683
vn 0.923880 0.000000 0.382683
vn 0.923880 0.000000 0.382683
vn 0.923880 0.000000 0.382683
vn 0.923880 0.000000 0.382683
vn 0.923880 0.000000 0.382683
vn 0.923880 0.000000 0.382683
vn 0.923880 0.000000 0.382683
vn 0.923880 0.000000 0.382683
vn 0.923880 0.000000 0.382683
vn 0.923880 0.000000 0.382683
vn 0.923880 0.000000 0.382683
vn 0.923880 0.000000 0.382683
vn 0.923880 0.000000 0.382683
vn 0.923880 0.000000 0.382683
vn 0.923880 0.000000 0.382683
vn 0.923880 0.000000 0.382683
vn -0.000000 -1.000000 0.000000
vn -0.000000 -1.000000 0.000000
vn -0.000000 -1.000000 0.000000
vn -0.000000 -1.000000 0.000000
vn -0.000000 -1.000000 0.000000
vn -0.000000 -1.000000 0.000000
vn -0.000000 -1.000000 0.000000
vn -0.000000 -1.000000 0.000000
vn -0.000000 1.000000 0.000000
vn -0.000000 1.000000 0.000000
vn -0.000000 1.000000 0.000000
vn -0.000000 1.000000 0.000000
vn -0.000000 1.000000 0.000000
vn -0.000000 1.000000 0.000000
vn -0.000000 1.000000 0.000000
vn -0.000000 1.000000 0.000000
vn -0.808037 -0.484822 0.334700
vn -0.808037 -0.484822 0.334700
vn -0.808037 -0.484822 0.334700
vn -0.808037 -0.484822 -0.334700
vn -0.808037 -0.484822 -0.334700
vn -0.808037 -0.484822 -0.334700
vn -0.334700 -0.484822 -0.808037
vn -0.334700 -0.484822 -0.808037
vn -0.334700 -0.484822 -0.808037
vn 0.334700 -0.484822 -0.808037
vn 0.334700 -0.484822 -0.808037
vn 0.334700 -0.484822 -0.808037
vn -0.334700 -0.484822 0.808037
vn -0.334700 -0.484822 0.808037
vn -0.334700 -0.484822 0.808037
vn 0.334700 -0.484822 0.808037
vn 0.334700 -0.484822 0.808037
vn 0.334700 -0.484822 0.808037
vn 0.808037 -0.484822 0.334700
vn 0.808037 -0.484822 0.334700
vn 0.808037 -0.484822 0.334700
vn 0.808037 -0.484822 -0.334700
vn 0.808037 -0.484822 -0.334700
vn 0.808037 -0.484822 -0.334700
vn 0.923880 0.000000 -0.382684
vn 0.923880 0.000000 -0.382684
vn 0.923880 0.000000 -0.382684
vn 0.923880 0.000000 -0.382684
vn 0.382683 0.000000 -0.923880
vn 0.382683 0.000000 -0.923880
vn 0.382683 0.000000 -0.923880
vn 0.382683 0.000000 -0.923880
vn -0.382684 0.000000 -0.923880
vn -0.382684 0.000000 -0.923880
vn -0.382684 0.000000 -0.923880
vn -0.382684 0.000000 -0.923880
vn -0.923880 0.000000 -0.382683
vn -0.923880 0.000000 -0.382683
vn -0.923880 0.000000 -0.382683
vn -0.923880 0.000000 -0.382683
vn -0.923880 0.000000 0.382684
vn -0.923880 0.000000 0.382684
vn -0.923880 0.000000 0.382684
vn -0.923880 0.000000 0.382684
vn -0.382683 0.000000 0.923880
vn -0.382683 0.000000 0.923880
vn -0.382683 0.000000 0.923880
vn -0.382683 0.000000 0.923880
vn 0.382684 0.000000 0.923880
vn 0.382684 0.000000 0.923880
vn 0.382684 0.000000 0.923880
vn 0.382684 0.000000 0.923880
vn 0.923880 0.000000 0.382683
vn 0.923880 0.000000 0.382683
vn 0.923880 0.000000 0.382683
vn 0.923880 0.000000 0.382683
vn 0.923880 0.000000 0.382683
vn 0.923880 0.000000 0.382683
vn 0.923880 0.000000 0.382683
vn 0.923880 0.000000 0.382683
vn 0.923880 0.000000 0.382683
vn 0.923880 0.000000 0.382683
vn 0.923880 0.000000 0.382683
vn 0.923880 0.000000 0.382683
vn 0.923880 0.000000 0.382683
vn 0.923880 0.000000 0.382683
vn 0.923880 0.000000 0.382683
vn 0.923880 0.000000 0.382683
vn 0.923880 0.000000 0.382683
vn 0.923880 0.000000 0.382683
vn 0.923880 0.000000 0.382683
vn 0.923880 0.000000 0.382683
vn 0.923880 0.000000 0.382683
vn 0.923880 0.000000 0.382683
vn 0.923880 0.000000 0.382683
vn 0.923880 0.000000 0.382683
vn 0.923880 0.000000 0.382683
vn 0.923880 0.000000 0.382683
vn 0.923880 0.000000 0.382683
vn 0.923880 0.000000 0.382683
vn 0.923880 0.000000 0.382683
vn 0.923880 0.000000 0.382683
vn 0.923880 0.000000 0.382683
vn 0.923880 0.000000 0.382683
vn 0.923880 0.000000 0.382683
vn 0.923880 0.000000 0.382683
vn -0.000000 -1.000000 0.000000
vn -0.000000 -1.000000 0.000000
vn -0.000000 -1.000000 0.000000
vn -0.000000 -1.000000 0.000000
vn -0.000000 -1.000000 0.000000
vn -0.000000 -1.000000 0.000000
vn -0.000000 -1.000000 0.000000
vn -0.000000 -1.000000 0.000000
vn -0.000000 1.000000 0.000000
vn -0.000000 1.000000 0.000000
vn -0.000000 1.000000 0.000000
vn -0.000000 1.000000 0.000000
vn -0.000000 1.000000 0.000000
vn -0.000000 1.000000 0.000000
vn -0.000000 1.000000 0.000000
vn -0.000000 1.000000 0.000000
vn -0.808037 -0.484822 0.334700
vn -0.808037 -0.484822 0.334700
vn -0.808037 -0.484822 0.334700
vn -0.808037 -0.484822 -0.334700
vn -0.808037 -0.484822 -0.334700
vn -0.808037 -0.484822 -0.334700
vn -0.334700 -0.484822 -0.808037
vn -0.334700 -0.484822 -0.808037
vn -0.334700 -0.484822 -0.808037
vn 0.334700 -0.484822 -0.808037
vn 0.334700 -0.484822 -0.808037
vn 0.334700 -0.484822 -0.808037
vn -0.334700 -0.484822 0.808037
vn -0.334700 -0.484822 0.808037
vn -0.334700 -0.484822 0.808037
vn 0.334700 -0.484822 0.808037
vn 0.334700 -0.484822 0.808037
vn 0.334700 -0.484822 0.808037
vn 0.808037 -0.484822 0.334700
vn 0.808037 -0.484822 0.334700
vn 0.808037 -0.484822 0.334700
vn 0.808037 -0.484822 -0.334700
vn 0.808037 -0.484822 -0.334700
vn 0.808037 -0.484822 -0.334700
vn 0.923880 0.000000 -0.382684
vn 0.923880 0.000000 -0.382684
vn 0.923880 0.000000 -0.382684
vn 0.923880 0.000000 -0.382684
vn 0.382683 0.000000 -0.923880
vn 0.382683 0.000000 -0.923880
vn 0.382683 0.000000 -0.923880
vn 0.382683 0.000000 -0.923880
vn -0.382684 0.000000 -0.923880
vn -0.382684 0.000000 -0.923880
vn -0.382684 0.000000 -0.923880
vn -0.382684 0.000000 -0.923880
vn -0.923880 0.000000 -0.382683
vn -0.923880 0.000000 -0.382683
vn -0.923880 0.000000 -0.382683
vn -0.923880 0.000000 -0.382683
vn -0.923880 0.000000 0.382684
vn -0.923880 0.000000 0.382684
vn -0.923880 0.000000 0.382684
vn -0.923880 0.000000 0.382684
vn -0.382683 0.000000 0.923880
vn -0.382683 0.000000 0.923880
vn -0.382683 0.000000 0.923880
vn -0.382683 0.000000 0.923880
vn 0.382684 0.000000 0.923880
vn 0.382684 0.000000 0.923880
vn 0.382684 0.000000 0.923880
vn 0.382684 0.000000 0.923880
vn 0.923880 0.000000 0.382683
vn 0.923880 0.000000 0.382683
vn 0.923880 0.000000 0.382683
vn 0.923880 0.000000 0.382683
vn 0.923880 0.000000 0.382683
vn 0.923880 0.000000 0.382683
vn 0.923880 0.000000 0.382683
vn 0.923880 0.000000 0.382683
vn 0.923880 0.000000 0.382683
vn 0.923880 0.000000 0.382683
vn 0.923880 0.000000 0.382683
vn 0.923880 0.000000 0.382683
vn 0.923880 0.000000 0.382683
vn 0.923880 0.000000 0.382683
vn 0.923880 0.000000 0.382683
vn 0.923880 0.000000 0.382683
vn 0.923880 0.000000 0.382683
vn 0.923880 0.000000 0.382683
vn 0.923880 0.000000 0.382683
vn 0.923880 0.000000 0.382683
vn 0.923880 0.000000 0.382683
vn 0.923880 0.000000 0.382683
vn 0.923880 0.000000 0.382683
vn 0.923880 0.000000 0.382683
vn 0.923880 0.000000 0.382683
vn 0.923880 0.000000 0.382683
vn 0.923880 0.000000 0.382683
vn 0.923880 0.000000 0.382683
vn 0.923880 0.000000 0.382683
vn 0.923880 0.000000 0.382683
vn 0.923880 0.000000 0.382683
vn 0.923880 0.000000 0.382683
vn 0.923880 0.000000 0.382683
vn 0.923880 0.000000 0.382683
vn -0.000000 -1.000000 0.000000
vn -0.000000 -1.000000 0.000000
vn -0.000000 -1.000000 0.000000
vn -0.000000 -1.000000 0.000000
vn -0.000000 -1.000000 0.000000
vn -0.000000 -1.000000 0.000000
vn -0.000000 -1.000000 0.000000
vn -0.000000 -1.000000 0.000000
vn -0.000000 1.000000 0.000000
vn -0.000000 1.000000 0.000000
vn -0.000000 1.000000 0.000000
vn -0.000000 1.000000 0.000000
vn -0.000000 1.000000 0.000000
vn -0.000000 1.000000 0.000000
vn -0.000000 1.000000 0.000000
vn -0.000000 1.000000 0.000000
vn -0.808037 -0.484822 0.334700
vn -0.808037 -0.484822 0.334700
vn -0.808037 -0.484822 0.334700
vn -0.808037 -0.484822 -0.334700
vn -0.808037 -0.484822 -0.334700
vn -0.808037 -0.484822 -0.334700
vn -0.334700 -0.484822 -0.808037
vn -0.334700 -0.484822 -0.808037
vn -0.334700 -0.484822 -0.808037
vn 0.334700 -0.484822 -0.808037
vn 0.334700 -0.484822 -0.808037
vn 0.334700 -0.484822 -0.808037
vn -0.334700 -0.484822 0.808037
vn -0.334700 -0.484822 0.808037
vn -0.334700 -0.484822 0.808037
vn 0.334700 -0.484822 0.808037
vn 0.334700 -0.484822 0.808037
vn 0.334700 -0.484822 0.808037
vn 0.808037 -0.484822 0.334700
vn 0.808037 -0.484822 0.334700
vn 0.808037 -0.484822 0.334700
vn 0.808037 -0.484822 -0.334700
vn 0.808037 -0.484822 -0.334700
vn 0.808037 -0.484822 -0.334700
vn 0.923880 0.000000 -0.382684
vn 0.923880 0.000000 -0.382684
vn 0.923880 0.000000 -0.382684
vn 0.923880 0.000000 -0.382684
vn 0.382683 0.000000 -0.923880
vn 0.382683 0.000000 -0.923880
vn 0.382683 0.000000 -0.923880
vn 0.382683 0.000000 -0.923880
vn -0.382684 0.000000 -0.923880
vn -0.382684 0.000000 -0.923880
vn -0.382684 0.000000 -0.923880
vn -0.382684 0.000000 -0.923880
vn -0.923880 0.000000 -0.382683
vn -0.923880 0.000000 -0.382683
vn -0.923880 0.000000 -0.382683
vn -0.923880 0.000000 -0.382683
vn -0.923880 0.000000 0.382684
vn -0.923880 0.000000 0.382684
vn -0.923880 0.000000 0.382684
vn -0.923880 0.000000 0.382684
vn -0.382683 0.000000 0.923880
vn -0.382683 0.000000 0.923880
vn -0.382683 0.000000 0.923880
vn -0.382683 0.000000 0.923880
vn 0.382684 0.000000 0.923880
vn 0.382684 0.000000 0.923880
vn 0.382684 0.000000 0.923880
vn 0.382684 0.000000 0.923880
vn 0.923880 0.000000 0.382683
vn 0.923880 0.000000 0.382683
vn 0.923880 0.000000 0.382683
vn 0.923880 0.000000 0.382683
vn 0.923880 0.000000 0.382683
vn 0.923880 0.000000 0.382683
vn 0.923880 0.000000 0.382683
vn 0.923880 0.000000 0.382683
vn 0.923880 0.000000 0.382683
vn 0.923880 0.000000 0.382683
vn 0.923880 0.000000 0.382683
vn 0.923880 0.000000 0.382683
vn 0.923880 0.000000 0.382683
vn 0.923880 0.000000 0.382683
vn 0.923880 0.000000 0.382683
vn 0.923880 0.000000 0.382683
vn 0.923880 0.000000 0.382683
vn 0.923880 0.000000 0.382683
vn 0.923880 0.000000 0.382683
vn 0.923880 0.000000 0.382683
vn 0.923880 0.000000 0.382683
vn 0.923880 0.000000 0.382683
vn 0.923880 0.000000 0.382683
vn 0.923880 0.000000 0.382683
vn 0.923880 0.000000 0.382683
vn 0.923880 0.000000 0.382683
vn 0.923880 0.000000 0.382683
vn 0.923880 0.000000 0.382683
vn 0.923880 0.000000 0.382683
vn 0.923880 0.000000 0.382683
vn 0.923880 0.000000 0.382683
vn 0.923880 0.000000 0.382683
vn 0.923880 0.000000 0.382683
vn 0.923880 0.000000 0.382683
vn -0.000000 -1.000000 0.000000
vn -0.000000 -1.000000 0.000000
vn -0.000000 -1.000000 0.000000
vn -0.000000 -1.000000 0.000000
vn -0.000000 -1.000000 0.000000
vn -0.000000 -1.000000 0.000000
vn -0.000000 -1.000000 0.000000
vn -0.000000 -1.000000 0.000000
vn -0.000000 1.000000 0.000000
vn -0.000000 1.000000 0.000000
vn -0.000000 1.000000 0.000000
vn -0.000000 1.000000 0.000000
vn -0.000000 1.000000 0.000000
vn -0.000000 1.000000 0.000000
vn -0.000000 1.000000 0.000000
vn -0.000000 1.000000 0.000000
vn -0.808037 -0.484822 0.334700
vn -0.808037 -0.484822 0.334700
vn -0.808037 -0.484822 0.334700
vn -0.808037 -0.484822 -0.334700
vn -0.808037 -0.484822 -0.334700
vn -0.808037 -0.484822 -0.334700
vn -0.334700 -0.484822 -0.808037
vn -0.334700 -0.484822 -0.808037
vn -0.334700 -0.484822 -0.808037
vn 0.334700 -0.484822 -0.808037
vn 0.334700 -0.484822 -0.808037
vn 0.334700 -0.484822 -0.808037
vn -0.334700 -0.484822 0.808037
vn -0.334700 -0.484822 0.808037
vn -0.334700 -0.484822 0.808037
vn 0.334700 -0.484822 0.808037
vn 0.334700 -0.484822 0.808037
vn 0.334700 -0.484822 0.808037
vn 0.808037 -0.484822 0.334700
vn 0.808037 -0.484822 0.334700
vn 0.808037 -0.484822 0.334700
vn 0.808037 -0.484822 -0.334700
vn 0.808037 -0.484822 -0.334700
vn 0.808037 -0.484822 -0.334700
vn 0.923880 0.000000 -0.382684
vn 0.923880 0.000000 -0.382684
vn 0.923880 0.000000 -0.382684
vn 0.923880 0.000000 -0.382684
vn 0.382683 0.000000 -0.923880
vn 0.382683 0.000000 -0.923880
vn 0.382683 0.000000 -0.923880
vn 0.382683 0.000000 -0.923880
vn -0.382684 0.000000 -0.923880
vn -0.382684 0.000000 -0.923880
vn -0.382684 0.000000 -0.923880
vn -0.382684 0.000000 -0.923880
vn -0.923880 0.000000 -0.382683
vn -0.923880 0.000000 -0.382683
vn -0.923880 0.000000 -0.382683
vn -0.923880 0.000000 -0.382683
vn -0.923880 0.000000 0.382684
vn -0.923880 0.000000 0.382684
vn -0.923880 0.000000 0.382684
vn -0.923880 0.000000 0.382684
vn -0.382683 0.000000 0.923880
vn -0.382683 0.000000 0.923880
vn -0.382683 0.000000 0.923880
vn -0.382683 0.000000 0.923880
vn 0.382684 0.000000 0.923880
vn 0.382684 0.000000 0.923880
vn 0.382684 0.000000 0.923880
vn 0.382684 0.000000 0.923880
vn 0.923880 0.000000 0.382683
vn 0.923880 0.000000 0.382683
vn 0.923880 0.000000 0.382683
vn 0.923880 0.000000 0.382683
vn 0.923880 0.000000 0.382683
vn 0.923880 0.000000 0.382683
vn 0.923880 0.000000 0.382683
vn 0.923880 0.000000 0.382683
vn 0.923880 0.000000 0.382683
vn 0.923880 0.000000 0.382683
vn 0.923880 0.000000 0.382683
vn 0.923880 0.000000 0.382683
vn 0.923880 0.000000 0.382683
vn 0.923880 0.000000 0.382683
vn 0.923880 0.000000 0.382683
vn 0.923880 0.000000 0.382683
vn 0.923880 0.000000 0.382683
vn 0.923880 0.000000 0.382683
vn 0.923880 0.000000 0.382683
vn 0.923880 0.000000 0.382683
vn 0.923880 0.000000 0.382683
vn 0.923880 0.000000 0.382683
vn 0.923880 0.000000 0.382683
vn 0.923880 0.000000 0.382683
vn 0.923880 0.000000 0.382683
vn 0.923880 0.000000 0.382683
vn 0.923880 0.000000 0.382683
vn 0.923880 0.000000 0.382683
vn 0.923880 0.000000 0.382683
vn 0.923880 0.000000 0.382683
vn 0.923880 0.000000 0.382683
vn 0.923880 0.000000 0.382683
vn 0.923880 0.000000 0.382683
vn 0.923880 0.000000 0.382683
vn -0.000000 -1.000000 0.000000
vn -0.000000 -1.000000 0.000000
vn -0.000000 -1.000000 0.000000
vn -0.000000 -1.000000 0.000000
vn -0.000000 -1.000000 0.000000
vn -0.000000 -1.000000 0.000000
vn -0.000000 -1.000000 0.000000
vn -0.000000 -1.000000 0.000000
vn -0.000000 1.000000 0.000000
vn -0.000000 1.000000 0.000000
vn -0.000000 1.000000 0.000000
vn -0.000000 1.000000 0.000000
vn -0.000000 1.000000 0.000000
vn -0.000000 1.000000 0.000000
vn -0.000000 1.000000 0.000000
vn -0.000000 1.000000 0.000000
vn -0.808037 -0.484822 0.334700
vn -0.808037 -0.484822 0.334700
vn -0.808037 -0.484822 0.334700
vn -0.808037 -0.484822 -0.334700
vn -0.808037 -0.484822 -0.334700
vn -0.808037 -0.484822 -0.334700
vn -0.334700 -0.484822 -0.808037
vn -0.334700 -0.484822 -0.808037
vn -0.334700 -0.484822 -0.808037
vn 0.334700 -0.484822 -0.808037
vn 0.334700 -0.484822 -0.808037
vn 0.334700 -0.484822 -0.808037
vn -0.334700 -0.484822 0.808037
vn -0.334700 -0.484822 0.808037
vn -0.334700 -0.484822 0.808037
vn 0.334700 -0.484822 0.808037
vn 0.334700 -0.484822 0.808037
vn 0.334700 -0.484822 0.808037
vn 0.808037 -0.484822 0.334700
vn 0.808037 -0.484822 0.334700
vn 0.808037 -0.484822 0.334700
vn 0.808037 -0.484822 -0.334700
vn 0.808037 -0.484822 -0.334700
vn 0.808037 -0.484822 -0.334700
f 1/1/1 2/2/2 3/3/3
f 5/5/5 6/6/6 7/7/7
f 9/9/9 10/10/10 11/11/11
f 13/13/13 14/14/14 15/15/15
f 17/17/17 18/18/18 19/19/19
f 21/21/21 22/22/22 23/23/23
f 25/25/25 26/26/26 27/27/27
f 29/29/29 30/30/30 31/31/31
f 33/33/33 34/34/34 35/35/35
f 37/37/37 38/38/38 39/39/39
f 41/41/41 42/42/42 43/43/43
f 45/45/45 46/46/46 47/47/47
f 49/49/49 50/50/50 51/51/51
f 53/53/53 54/54/54 55/55/55
f 57/57/57 58/58/58 59/59/59
f 61/61/61 62/62/62 63/63/63
f 65/65/65 66/66/66 67/67/67
f 69/69/69 70/70/70 71/71/71
f 73/73/73 74/74/74 75/75/75
f 77/77/77 78/78/78 79/79/79
f 81/81/81 82/82/82 83/83/83
f 85/85/85 86/86/86 87/87/87
f 89/89/89 90/90/90 91/91/91
f 93/93/93 94/94/94 95/95/95
f 99/99/99 97/97/97 98/98/98
f 101/101/101 97/97/97 102/102/102
f 104/104/104 98/98/98 97/97/97
f 98/98/98 104/104/104 103/103/103
f 107/107/107 105/105/105 106/106/106
f 109/109/109 105/105/105 110/110/110
f 112/112/112 106/106/106 105/105/105
f 106/106/106 112/112/112 111/111/111
f 113/113/113 114/114/114 115/115/115
f 116/116/116 117/117/117 118/118/118
f 119/119/119 120/120/120 121/121/121
f 122/122/122 123/123/123 124/124/124
f 125/125/125 126/126/126 127/127/127
f 128/128/128 129/129/129 130/130/130
f 131/131/131 132/132/132 133/133/133
f 134/134/134 135/135/135 136/136/136
f 137/137/137 138/138/138 139/139/139
f 138/138/138 137/137/137 140/140/140
f 137/137/137 139/139/139 141/141/141
f 142/142/142 141/141/141 143/143/143
f 142/142/142 144/144/144 137/137/137
f 141/141/141 142/142/142 137/137/137
f 147/147/147 146/146/146 148/148/148
f 149/149/149 148/148/148 150/150/150
f 153/153/153 155/155/155 156/156/156
f 157/157/157 156/156/156 158/158/158
f 148/148/148 152/152/152 150/150/150
f 145/145/145 152/152/152 148/148/148
f 145/145/145 148/148/148 146/146/146
f 147/147/147 149/149/149 156/156/156
f 149/149/149 151/151/151 158/158/158
f 160/160/160 157/157/157 159/159/159
f 154/154/154 153/153/153 157/157/157
f 157/157/157 160/160/160 154/154/154
f 161/161/161 162/162/162 145/145/145
f 146/146/146 164/164/164 145/145/145
f 163/163/163 164/164/164 146/146/146
f 165/165/165 166/166/166 153/153/153
f 154/154/154 168/168/168 153/153/153
f 167/167/167 168/168/168 154/154/154
f 173/173/173 174/174/174 152/152/152
f 176/176/176 145/145/145 175/175/175
f 178/178/178 147/147/147 155/155/155
f 155/155/155 177/177/177 178/178/178
f 179/179/179 180/180/180 147/147/147
f 147/147/147 180/180/180 146/146/146
f 163/163/163 146/146/146 180/180/180
f 162/162/162 175/175/175 145/145/145
f 173/173/173 152/152/152 145/145/145
f 145/145/145 181/181/181 173/173/173
f 185/185/185 160/160/160 184/184/184
f 153/153/153 188/188/188 155/155/155
f 166/166/166 188/188/188 153/153/153
f 189/189/189 167/167/167 154/154/154
f 154/154/154 190/190/190 191/191/191
f 160/160/160 192/192/192 154/154/154
f 190/190/190 154/154/154 192/192/192
f 198/198/198 197/197/197 199/199/199
f 200/200/200 199/199/199 201/201/201
f 204/204/204 206/206/206 207/207/207
f 208/208/208 207/207/207 209/209/209
f 199/199/199 203/203/203 201/201/201
f 196/196/196 203/203/203 199/199/199
f 196/196/196 199/199/199 197/197/197
f 198/198/198 200/200/200 207/207/207
f 200/200/200 202/202/202 209/209/209
f 211/211/211 208/208/208 210/210/210
f 205/205/205 204/204/204 208/208/208
f 208/208/208 211/211/211 205/205/205
f 212/212/212 213/213/213 196/196/196
f 197/197/197 215/215/215 196/196/196
f 214/214/214 215/215/215 197/197/197
f 216/216/216 217/217/217 204/204/204
f 205/205/205 219/219/219 204/204/204
f 218/218/218 219/219/219 205/205/205
f 224/224/224 225/225/225 203/203/203
f 227/227/227 196/196/196 226/226/226
f 206/206/206 228/228/228 198/198/198
f 229/229/229 198/198/198 228/228/228
f 230/230/230 231/231/231 206/206/206
f 198/198/198 232/232/232 197/197/197
f 214/214/214 197/197/197 232/232/232
f 213/213/213 226/226/226 196/196/196
f 224/224/224 203/203/203 196/196/196
f 196/196/196 233/233/233 224/224/224
f 235/235/235 211/211/211 234/234/234
f 204/204/204 239/239/239 206/206/206
f 217/217/217 239/239/239 204/204/204
f 240/240/240 241/241/241 205/205/205
f 205/205/205 242/242/242 243/243/243
f 211/211/211 244/244/244 205/205/205
f 242/242/242 205/205/205 244/244/244
f 152/152/152 245/245/245 150/150/150
f 245/245/245 152/152/152 246/246/246
f 248/248/248 247/247/247 150/150/150
f 159/159/159 249/249/249 160/160/160
f 249/249/249 159/159/159 250/250/250
f 249/249/249 251/251/251 160/160/160
f 150/150/150 252/252/252 151/151/151
f 252/252/252 150/150/150 253/253/253
f 151/151/151 254/254/254 158/158/158
f 151/151/151 252/252/252 254/254/254
f 256/256/256 255/255/255 158/158/158
f 258/258/258 257/257/257 152/152/152
f 260/260/260 159/159/159 158/158/158
f 259/259/259 159/159/159 260/260/260
f 261/261/261 160/160/160 262/262/262
f 170/170/170 264/264/264 169/169/169
f 263/263/263 169/169/169 264/264/264
f 170/170/170 266/266/266 265/265/265
f 267/267/267 172/172/172 268/268/268
f 172/172/172 270/270/270 171/171/171
f 269/269/269 152/152/152 174/174/174
f 271/271/271 152/152/152 269/269/269
f 273/273/273 272/272/272 182/182/182
f 274/274/274 182/182/182 183/183/183
f 276/276/276 184/184/184 160/160/160
f 160/160/160 277/277/277 276/276/276
f 279/279/279 278/278/278 186/186/186
f 280/280/280 186/186/186 187/187/187
f 187/187/187 281/281/281 280/280/280
f 283/283/283 282/282/282 194/194/194
f 284/284/284 194/194/194 193/193/193
f 193/193/193 285/285/285 284/284/284
f 282/282/282 286/286/286 195/195/195
f 195/195/195 194/194/194 282/282/282
f 203/203/203 287/287/287 201/201/201
f 287/287/287 203/203/203 288/288/288
f 290/290/290 289/289/289 201/201/201
f 210/210/210 291/291/291 211/211/211
f 291/291/291 210/210/210 292/292/292
f 294/294/294 293/293/293 211/211/211
f 201/201/201 295/295/295 202/202/202
f 295/295/295 201/201/201 296/296/296
f 202/202/202 297/297/297 209/209/209
f 202/202/202 298/298/298 297/297/297
f 297/297/297 299/299/299 209/209/209
f 300/300/300 288/288/288 203/203/203
f 209/209/209 302/302/302 210/210/210
f 301/301/301 210/210/210 302/302/302
f 303/303/303 211/211/211 293/293/293
f 221/221/221 305/305/305 220/220/220
f 304/304/304 220/220/220 305/305/305
f 221/221/221 307/307/307 306/306/306
f 308/308/308 223/223/223 304/304/304
f 223/223/223 310/310/310 222/222/222
f 309/309/309 203/203/203 225/225/225
f 311/311/311 203/203/203 309/309/309
f 312/312/312 234/234/234 211/211/211
f 211/211/211 313/313/313 312/312/312
f 315/315/315 314/314/314 236/236/236
f 234/234/234 316/316/316 236/236/236
f 319/319/319 318/318/318 237/237/237
f 321/321/321 237/237/237 238/238/238
f 238/238/238 320/320/320 321/321/321
f 328/328/328 327/327/327 329/329/329
f 330/330/330 329/329/329 331/331/331
f 334/334/334 336/336/336 337/337/337
f 338/338/338 337/337/337 339/339/339
f 329/329/329 333/333/333 331/331/331
f 329/329/329 326/326/326 333/333/333
f 326/326/326 329/329/329 327/327/327
f 328/328/328 330/330/330 337/337/337
f 330/330/330 332/332/332 339/339/339
f 341/341/341 338/338/338 340/340/340
f 335/335/335 334/334/334 338/338/338
f 338/338/338 341/341/341 335/335/335
f 342/342/342 343/343/343 326/326/326
f 327/327/327 345/345/345 326/326/326
f 344/344/344 345/345/345 327/327/327
f 346/346/346 347/347/347 334/334/334
f 335/335/335 349/349/349 334/334/334
f 348/348/348 349/349/349 335/335/335
f 354/354/354 355/355/355 333/333/333
f 357/357/357 326/326/326 356/356/356
f 328/328/328 358/358/358 327/327/327
f 344/344/344 327/327/327 358/358/358
f 359/359/359 360/360/360 326/326/326
f 362/362/362 333/333/333 326/326/326
f 326/326/326 361/361/361 362/362/362
f 363/363/363 364/364/364 328/328/328
f 336/336/336 366/366/366 328/328/328
f 365/365/365 366/366/366 336/336/336
f 370/370/370 341/341/341 369/369/369
f 334/334/334 374/374/374 336/336/336
f 373/373/373 374/374/374 334/334/334
f 375/375/375 348/348/348 335/335/335
f 335/335/335 376/376/376 377/377/377
f 341/341/341 378/378/378 335/335/335
f 379/379/379 335/335/335 378/378/378
f 385/385/385 384/384/384 322/322/322
f 386/386/386 322/322/322 323/323/323
f 323/323/323 387/387/387 386/386/386
f 389/389/389 388/388/388 324/324/324
f 325/325/325 389/389/389 324/324/324
f 333/333/333 390/390/390 331/331/331
f 333/333/333 391/391/391 390/390/390
f 393/393/393 392/392/392 331/331/331
f 340/340/340 394/394/394 341/341/341
f 340/340/340 395/395/395 394/394/394
f 397/397/397 396/396/396 341/341/341
f 399/399/399 398/398/398 339/339/339
f 332/332/332 400/400/400 339/339/339
f 401/401/401 400/400/400 332/332/332
f 331/331/331 402/402/402 332/332/332
f 331/331/331 403/403/403 402/402/402
f 404/404/404 391/391/391 333/333/333
f 339/339/339 398/398/398 340/340/340
f 405/405/405 340/340/340 398/398/398
f 406/406/406 341/341/341 407/407/407
f 351/351/351 409/409/409 350/350/350
f 351/351/351 410/410/410 409/409/409
f 353/353/353 412/412/412 352/352/352
f 411/411/411 352/352/352 412/412/412
f 353/353/353 414/414/414 413/413/413
f 416/416/416 333/333/333 355/355/355
f 415/415/415 333/333/333 416/416/416
f 418/418/418 417/417/417 367/367/367
f 419/419/419 367/367/367 368/368/368
f 421/421/421 369/369/369 341/341/341
f 341/341/341 422/422/422 421/421/421
f 424/424/424 423/423/423 371/371/371
f 425/425/425 371/371/371 372/372/372
f 372/372/372 426/426/426 425/425/425
f 428/428/428 427/427/427 380/380/380
f 429/429/429 380/380/380 381/381/381
f 381/381/381 430/430/430 429/429/429
f 431/431/431 382/382/382 432/432/432
f 383/383/383 432/432/432 382/382/382
f 435/435/435 433/433/433 434/434/434
f 437/437/437 433/433/433 438/438/438
f 440/440/440 434/434/434 433/433/433
f 434/434/434 440/440/440 439/439/439
f 443/443/443 441/441/441 442/442/442
f 445/445/445 441/441/441 446/446/446
f 448/448/448 442/442/442 441/441/441
f 442/442/442 448/448/448 447/447/447
f 449/449/449 450/450/450 451/451/451
f 452/452/452 453/453/453 454/454/454
f 455/455/455 456/456/456 457/457/457
f 458/458/458 459/459/459 460/460/460
f 461/461/461 462/462/462 463/463/463
f 464/464/464 465/465/465 466/466/466
f 467/467/467 468/468/468 469/469/469
f 470/470/470 471/471/471 472/472/472
f 473/473/473 474/474/474 475/475/475
f 474/474/474 473/473/473 476/476/476
f 473/473/473 475/475/475 477/477/477
f 478/478/478 477/477/477 479/479/479
f 478/478/478 480/480/480 473/473/473
f 477/477/477 478/478/478 473/473/473
f 483/483/483 482/482/482 484/484/484
f 485/485/485 484/484/484 486/486/486
f 489/489/489 491/491/491 492/492/492
f 493/493/493 492/492/492 494/494/494
f 484/484/484 488/488/488 486/486/486
f 481/481/481 488/488/488 484/484/484
f 481/481/481 484/484/484 482/482/482
f 483/483/483 485/485/485 492/492/492
f 485/485/485 487/487/487 494/494/494
f 496/496/496 493/493/493 495/495/495
f 490/490/490 489/489/489 493/493/493
f 493/493/493 496/496/496 490/490/490
f 497/497/497 498/498/498 481/481/481
f 482/482/482 500/500/500 481/481/481
f 499/499/499 500/500/500 482/482/482
f 501/501/501 502/502/502 489/489/489
f 490/490/490 504/504/504 489/489/489
f 503/503/503 504/504/504 490/490/490
f 509/509/509 510/510/510 488/488/488
f 512/512/512 481/481/481 511/511/511
f 514/514/514 483/483/483 491/491/491
f 491/491/491 513/513/513 514/514/514
f 515/515/515 516/516/516 483/483/483
f 483/483/483 516/516/516 482/482/482
f 499/499/499 482/482/482 516/516/516
f 498/498/498 511/511/511 481/481/481
f 509/509/509 488/488/488 481/481/481
f 481/481/481 517/517/517 509/509/509
f 521/521/521 496/496/496 520/520/520
f 489/489/489 524/524/524 491/491/491
f 502/502/502 524/524/524 489/489/489
f 525/525/525 503/503/503 490/490/490
f 490/490/490 526/526/526 527/527/527
f 496/496/496 528/528/528 490/490/490
f 526/526/526 490/490/490 528/528/528
f 534/534/534 533/533/533 535/535/535
f 536/536/536 535/535/535 537/537/537
f 540/540/540 542/542/542 543/543/543
f 544/544/544 543/543/543 545/545/545
f 535/535/535 539/539/539 537/537/537
f 532/532/532 539/539/539 535/535/535
f 532/532/532 535/535/535 533/533/533
f 534/534/534 536/536/536 543/543/543
f 536/536/536 538/538/538 545/545/545
f 547/547/547 544/544/544 546/546/546
f 541/541/541 540/540/540 544/544/544
f 544/544/544 547/547/547 541/541/541
f 548/548/548 549/549/549 532/532/532
f 533/533/533 551/551/551 532/532/532
f 550/550/550 551/551/551 533/533/533
f 552/552/552 553/553/553 540/540/540
f 541/541/541 555/555/555 540/540/540
f 554/554/554 555/555/555 541/541/541
f 560/560/560 561/561/561 539/539/539
f 563/563/563 532/532/532 562/562/562
f 542/542/542 564/564/564 534/534/534
f 565/565/565 534/534/534 564/564/564
f 566/566/566 567/567/567 542/542/542
f 534/534/534 568/568/568 533/533/533
f 550/550/550 533/533/533 568/568/568
f 549/549/549 562/562/562 532/532/532
f 560/560/560 539/539/539 532/532/532
f 532/532/532 569/569/569 560/560/560
f 571/571/571 547/547/547 570/570/570
f 540/540/540 575/575/575 542/542/542
f 553/553/553 575/575/575 540/540/540
f 576/576/576 577/577/577 541/541/541
f 541/541/541 578/578/578 579/579/579
f 547/547/547 580/580/580 541/541/541
f 578/578/578 541/541/541 580/580/580
f 488/488/488 581/581/581 486/486/486
f 581/581/581 488/488/488 582/582/582
f 584/584/584 583/583/583 486/486/486
f 495/495/495 585/585/585 496/496/496
f 585/585/585 495/495/495 586/586/586
f 585/585/585 587/587/587 496/496/496
f 486/486/486 588/588/588 487/487/487
f 588/588/588 486/486/486 589/589/589
f 487/487/487 590/590/590 494/494/494
f 487/487/487 588/588/588 590/590/590
f 592/592/592 591/591/591 494/494/494
f 594/594/594 593/593/593 488/488/488
f 596/596/596 495/495/495 494/494/494
f 595/595/595 495/495/495 596/596/596
f 597/597/597 496/496/496 598/598/598
f 506/506/506 600/600/600 505/505/505
f 599/599/599 505/505/505 600/600/600
f 506/506/506 602/602/602 601/601/601
f 603/603/603 508/508/508 604/604/604
f 508/508/508 606/606/606 507/507/507
f 605/605/605 488/488/488 510/510/510
f 607/607/607 488/488/488 605/605/605
f 609/609/609 608/608/608 518/518/518
f 610/610/610 518/518/518 519/519/519
f 612/612/612 520/520/520 496/496/496
f 496/496/496 613/613/613 612/612/612
f 615/615/615 614/614/614 522/522/522
f 616/616/616 522/522/522 523/523/523
f 523/523/523 617/617/617 616/616/616
f 619/619/619 618/618/618 530/530/530
f 620/620/620 530/530/530 529/529/529
f 529/529/529 621/621/621 620/620/620
f 618/618/618 622/622/622 531/531/531
f 531/531/531 530/530/530 618/618/618
f 539/539/539 623/623/623 537/537/537
f 623/623/623 539/539/539 624/624/624
f 626/626/626 625/625/625 537/537/537
f 546/546/546 627/627/627 547/547/547
f 627/627/627 546/546/546 628/628/628
f 630/630/630 629/629/629 547/547/547
f 537/537/537 631/631/631 538/538/538
f 631/631/631 537/537/537 632/632/632
f 538/538/538 633/633/633 545/545/545
f 538/538/538 634/634/634 633/633/633
f 633/633/633 635/635/635 545/545/545
f 636/636/636 624/624/624 539/539/539
f 545/545/545 638/638/638 546/546/546
f 637/637/637 546/546/546 638/638/638
f 639/639/639 547/547/547 629/629/629
f 557/557/557 641/641/641 556/556/556
f 640/640/640 556/556/556 641/641/641
f 557/557/557 643/643/643 642/642/642
f 644/644/644 559/559/559 640/640/640
f 559/559/559 646/646/646 558/558/558
f 645/645/645 539/539/539 561/561/561
f 647/647/647 539/539/539 645/645/645
f 648/648/648 570/570/570 547/547/547
f 547/547/547 649/649/649 648/648/648
f 651/651/651 650/650/650 572/572/572
f 570/570/570 652/652/652 572/572/572
f 655/655/655 654/654/654 573/573/573
f 657/657/657 573/573/573 574/574/574
f 574/574/574 656/656/656 657/657/657
f 664/664/664 663/663/663 665/665/665
f 666/666/666 665/665/665 667/667/667
f 670/670/670 672/672/672 673/673/673
f 674/674/674 673/673/673 675/675/675
f 665/665/665 669/669/669 667/667/667
f 665/665/665 662/662/662 669/669/669
f 662/662/662 665/665/665 663/663/663
f 664/664/664 666/666/666 673/673/673
f 666/666/666 668/668/668 675/675/675
f 677/677/677 674/674/674 676/676/676
f 671/671/671 670/670/670 674/674/674
f 674/674/674 677/677/677 671/671/671
f 678/678/678 679/679/679 662/662/662
f 663/663/663 681/681/681 662/662/662
f 680/680/680 681/681/681 663/663/663
f 682/682/682 683/683/683 670/670/670
f 671/671/671 685/685/685 670/670/670
f 684/684/684 685/685/685 671/671/671
f 690/690/690 691/691/691 669/669/669
f 693/693/693 662/662/662 692/692/692
f 664/664/664 694/694/694 663/663/663
f 680/680/680 663/663/663 694/694/694
f 695/695/695 696/696/696 662/662/662
f 698/698/698 669/669/669 662/662/662
f 662/662/662 697/697/697 698/698/698
f 699/699/699 700/700/700 664/664/664
f 672/672/672 702/702/702 664/664/664
f 701/701/701 702/702/702 672/672/672
f 706/706/706 677/677/677 705/705/705
f 670/670/670 710/710/710 672/672/672
f 709/709/709 710/710/710 670/670/670
f 711/711/711 684/684/684 671/671/671
f 671/671/671 712/712/712 713/713/713
f 677/677/677 714/714/714 671/671/671
f 715/715/715 671/671/671 714/714/714
f 721/721/721 720/720/720 658/658/658
f 722/722/722 658/658/658 659/659/659
f 659/659/659 723/723/723 722/722/722
f 725/725/725 724/724/724 660/660/660
f 661/661/661 725/725/725 660/660/660
f 669/669/669 726/726/726 667/667/667
f 669/669/669 727/727/727 726/726/726
f 729/729/729 728/728/728 667/667/667
f 676/676/676 730/730/730 677/677/677
f 676/676/676 731/731/731 730/730/730
f 733/733/733 732/732/732 677/677/677
f 735/735/735 734/734/734 675/675/675
f 668/668/668 736/736/736 675/675/675
f 737/737/737 736/736/736 668/668/668
f 667/667/667 738/738/738 668/668/668
f 667/667/667 739/739/739 738/738/738
f 740/740/740 727/727/727 669/669/669
f 675/675/675 734/734/734 676/676/676
f 741/741/741 676/676/676 734/734/734
f 742/742/742 677/677/677 743/743/743
f 687/687/687 745/745/745 686/686/686
f 687/687/687 746/746/746 745/745/745
f 689/689/689 748/748/748 688/688/688
f 747/747/747 688/688/688 748/748/748
f 689/689/689 750/750/750 749/749/749
f 752/752/752 669/669/669 691/691/691
f 751/751/751 669/669/669 752/752/752
f 754/754/754 753/753/753 703/703/703
f 755/755/755 703/703/703 704/704/704
f 757/757/757 705/705/705 677/677/677
f 677/677/677 758/758/758 757/757/757
f 760/760/760 759/759/759 707/707/707
f 761/761/761 707/707/707 708/708/708
f 708/708/708 762/762/762 761/761/761
f 764/764/764 763/763/763 716/716/716
f 765/765/765 716/716/716 717/717/717
f 717/717/717 766/766/766 765/765/765
f 767/767/767 718/718/718 768/768/768
f 719/719/719 768/768/768 718/718/718
f 771/771/771 769/769/769 770/770/770
f 773/773/773 769/769/769 774/774/774
f 776/776/776 770/770/770 769/769/769
f 770/770/770 776/776/776 775/775/775
f 779/779/779 777/777/777 778/778/778
f 781/781/781 777/777/777 782/782/782
f 784/784/784 778/778/778 777/777/777
f 778/778/778 784/784/784 783/783/783
f 785/785/785 786/786/786 787/787/787
f 788/788/788 789/789/789 790/790/790
f 791/791/791 792/792/792 793/793/793
f 794/794/794 795/795/795 796/796/796
f 797/797/797 798/798/798 799/799/799
f 800/800/800 801/801/801 802/802/802
f 803/803/803 804/804/804 805/805/805
f 806/806/806 807/807/807 808/808/808
f 809/809/809 810/810/810 811/811/811
f 810/810/810 809/809/809 812/812/812
f 809/809/809 811/811/811 813/813/813
f 814/814/814 813/813/813 815/815/815
f 814/814/814 816/816/816 809/809/809
f 813/813/813 814/814/814 809/809/809
f 819/819/819 818/818/818 820/820/820
f 821/821/821 820/820/820 822/822/822
f 825/825/825 827/827/827 828/828/828
f 829/829/829 828/828/828 830/830/830
f 820/820/820 824/824/824 822/822/822
f 817/817/817 824/824/824 820/820/820
f 817/817/817 820/820/820 818/818/818
f 819/819/819 821/821/821 828/828/828
f 821/821/821 823/823/823 830/830/830
f 832/832/832 829/829/829 831/831/831
f 826/826/826 825/825/825 829/829/829
f 829/829/829 832/832/832 826/826/826
f 833/833/833 834/834/834 817/817/817
f 818/818/818 836/836/836 817/817/817
f 835/835/835 836/836/836 818/818/818
f 837/837/837 838/838/838 825/825/825
f 826/826/826 840/840/840 825/825/825
f 839/839/839 840/840/840 826/826/826
f 845/845/845 846/846/846 824/824/824
f 848/848/848 817/817/817 847/847/847
f 850/850/850 819/819/819 827/827/827
f 827/827/827 849/849/849 850/850/850
f 851/851/851 852/852/852 819/819/819
f 819/819/819 852/852/852 818/818/818
f 835/835/835 818/818/818 852/852/852
f 834/834/834 847/847/847 817/817/817
f 845/845/845 824/824/824 817/817/817
f 817/817/817 853/853/853 845/845/845
f 857/857/857 832/832/832 856/856/856
f 825/825/825 860/860/860 827/827/827
f 838/838/838 860/860/860 825/825/825
f 861/861/861 839/839/839 826/826/826
f 826/826/826 862/862/862 863/863/863
f 832/832/832 864/864/864 826/826/826
f 862/862/862 826/826/826 864/864/864
f 870/870/870 869/869/869 871/871/871
f 872/872/872 871/871/871 873/873/873
f 876/876/876 878/878/878 879/879/879
f 880/880/880 879/879/879 881/881/881
f 871/871/871 875/875/875 873/873/873
f 868/868/868 875/875/875 871/871/871
f 868/868/868 871/871/871 869/869/869
f 870/870/870 872/872/872 879/879/879
f 872/872/872 874/874/874 881/881/881
f 883/883/883 880/880/880 882/882/882
f 877/877/877 876/876/876 880/880/880
f 880/880/880 883/883/883 877/877/877
f 884/884/884 885/885/885 868/868/868
f 869/869/869 887/887/887 868/868/868
f 886/886/886 887/887/887 869/869/869
f 888/888/888 889/889/889 876/876/876
f 877/877/877 891/891/891 876/876/876
f 890/890/890 891/891/891 877/877/877
f 896/896/896 897/897/897 875/875/875
f 899/899/899 868/868/868 898/898/898
f 878/878/878 900/900/900 870/870/870
f 901/901/901 870/870/870 900/900/900
f 902/902/902 903/903/903 878/878/878
f 870/870/870 904/904/904 869/869/869
f 886/886/886 869/869/869 904/904/904
f 885/885/885 898/898/898 868/868/868
f 896/896/896 875/875/875 868/868/868
f 868/868/868 905/905/905 896/896/896
f 907/907/907 883/883/883 906/906/906
f 876/876/876 911/911/911 878/878/878
f 889/889/889 911/911/911 876/876/876
f 912/912/912 913/913/913 877/877/877
f 877/877/877 914/914/914 915/915/915
f 883/883/883 916/916/916 877/877/877
f 914/914/914 877/877/877 916/916/916
f 824/824/824 917/917/917 822/822/822
f 917/917/917 824/824/824 918/918/918
f 920/920/920 919/919/919 822/822/822
f 831/831/831 921/921/921 832/832/832
f 921/921/921 831/831/831 922/922/922
f 921/921/921 923/923/923 832/832/832
f 822/822/822 924/924/924 823/823/823
f 924/924/924 822/822/822 925/925/925
f 823/823/823 926/926/926 830/830/830
f 823/823/823 924/924/924 926/926/926
f 928/928/928 927/927/927 830/830/830
f 930/930/930 929/929/929 824/824/824
f 932/932/932 831/831/831 830/830/830
f 931/931/931 831/831/831 932/932/932
f 933/933/933 832/832/832 934/934/934
f 842/842/842 936/936/936 841/841/841
f 935/935/935 841/841/841 936/936/936
f 842/842/842 938/938/938 937/937/937
f 939/939/939 844/844/844 940/940/940
f 844/844/844 942/942/942 843/843/843
f 941/941/941 824/824/824 846/846/846
f 943/943/943 824/824/824 941/941/941
f 945/945/945 944/944/944 854/854/854
f 946/946/946 854/854/854 855/855/855
f 948/948/948 856/856/856 832/832/832
f 832/832/832 949/949/949 948/948/948
f 951/951/951 950/950/950 858/858/858
f 952/952/952 858/858/858 859/859/859
f 859/859/859 953/953/953 952/952/952
f 955/955/955 954/954/954 866/866/866
f 956/956/956 866/866/866 865/865/865
f 865/865/865 957/957/957 956/956/956
f 954/954/954 958/958/958 867/867/867
f 867/867/867 866/866/866 954/954/954
f 875/875/875 959/959/959 873/873/873
f 959/959/959 875/875/875 960/960/960
f 962/962/962 961/961/961 873/873/873
f 882/882/882 963/963/963 883/883/883
f 963/963/963 882/882/882 964/964/964
f 966/966/966 965/965/965 883/883/883
f 873/873/873 967/967/967 874/874/874
f 967/967/967 873/873/873 968/968/968
f 874/874/874 969/969/969 881/881/881
f 874/874/874 970/970/970 969/969/969
f 969/969/969 971/971/971 881/881/881
f 972/972/972 960/960/960 875/875/875
f 881/881/881 974/974/974 882/882/882
f 973/973/973 882/882/882 974/974/974
f 975/975/975 883/883/883 965/965/965
f 893/893/893 977/977/977 892/892/892
f 976/976/976 892/892/892 977/977/977
f 893/893/893 979/979/979 978/978/978
f 980/980/980 895/895/895 976/976/976
f 895/895/895 982/982/982 894/894/894
f 981/981/981 875/875/875 897/897/897
f 983/983/983 875/875/875 981/981/981
f 984/984/984 906/906/906 883/883/883
f 883/883/883 985/985/985 984/984/984
f 987/987/987 986/986/986 908/908/908
f 906/906/906 988/988/988 908/908/908
f 991/991/991 990/990/990 909/909/909
f 993/993/993 909/909/909 910/910/910
f 910/910/910 992/992/992 993/993/993
f 1000/1000/1000 999/999/999 1001/1001/1001
f 1002/1002/1002 1001/1001/1001 1003/1003/1003
f 1006/1006/1006 1008/1008/1008 1009/1009/1009
f 1010/1010/1010 1009/1009/1009 1011/1011/1011
f 1001/1001/1001 1005/1005/1005 1003/1003/1003
f 1001/1001/1001 998/998/998 1005/1005/1005
f 998/998/998 1001/1001/1001 999/999/999
f 1000/1000/1000 1002/1002/1002 1009/1009/1009
f 1002/1002/1002 1004/1004/1004 1011/1011/1011
f 1013/1013/1013 1010/1010/1010 1012/1012/1012
f 1007/1007/1007 1006/1006/1006 1010/1010/1010
f 1010/1010/1010 1013/1013/1013 1007/1007/1007
f 1014/1014/1014 1015/1015/1015 998/998/998
f 999/999/999 1017/1017/1017 998/998/998
f 1016/1016/1016 1017/1017/1017 999/999/999
f 1018/1018/1018 1019/1019/1019 1006/1006/1006
f 1007/1007/1007 1021/1021/1021 1006/1006/1006
f 1020/1020/1020 1021/1021/1021 1007/1007/1007
f 1026/1026/1026 1027/1027/1027 1005/1005/1005
f 1029/1029/1029 998/998/998 1028/1028/1028
f 1000/1000/1000 1030/1030/1030 999/999/999
f 1016/1016/1016 999/999/999 1030/1030/1030
f 1031/1031/1031 1032/1032/1032 998/998/998
f 1034/1034/1034 1005/1005/1005 998/998/998
f 998/998/998 1033/1033/1033 1034/1034/1034
f 1035/1035/1035 1036/1036/1036 1000/1000/1000
f 1008/1008/1008 1038/1038/1038 1000/1000/1000
f 1037/1037/1037 1038/1038/1038 1008/1008/1008
f 1042/1042/1042 1013/1013/1013 1041/1041/1041
f 1006/1006/1006 1046/1046/1046 1008/1008/1008
f 1045/1045/1045 1046/1046/1046 1006/1006/1006
f 1047/1047/1047 1020/1020/1020 1007/1007/1007
f 1007/1007/1007 1048/1048/1048 1049/1049/1049
f 1013/1013/1013 1050/1050/1050 1007/1007/1007
f 1051/1051/1051 1007/1007/1007 1050/1050/1050
f 1057/1057/1057 1056/1056/1056 994/994/994
f 1058/1058/1058 994/994/994 995/995/995
f 995/995/995 1059/1059/1059 1058/1058/1058
f 1061/1061/1061 1060/1060/1060 996/996/996
f 997/997/997 1061/1061/1061 996/996/996
f 1005/1005/1005 1062/1062/1062 1003/1003/1003
f 1005/1005/1005 1063/1063/1063 1062/1062/1062
f 1065/1065/1065 1064/1064/1064 1003/1003/1003
f 1012/1012/1012 1066/1066/1066 1013/1013/1013
f 1012/1012/1012 1067/1067/1067 1066/1066/1066
f 1069/1069/1069 1068/1068/1068 1013/1013/1013
f 1071/1071/1071 1070/1070/1070 1011/1011/1011
f 1004/1004/1004 1072/1072/1072 1011/1011/1011
f 1073/1073/1073 1072/1072/1072 1004/1004/1004
f 1003/1003/1003 1074/1074/1074 1004/1004/1004
f 1003/1003/1003 1075/1075/1075 1074/1074/1074
f 1076/1076/1076 1063/1063/1063 1005/1005/1005
f 1011/1011/1011 1070/1070/1070 1012/1012/1012
f 1077/1077/1077 1012/1012/1012 1070/1070/1070
f 1078/1078/1078 1013/1013/1013 1079/1079/1079
f 1023/1023/1023 1081/1081/1081 1022/1022/1022
f 1023/1023/1023 1082/1082/1082 1081/1081/1081
f 1025/1025/1025 1084/1084/1084 1024/1024/1024
f 1083/1083/1083 1024/1024/1024 1084/1084/1084
f 1025/1025/1025 1086/1086/1086 1085/1085/1085
f 1088/1088/1088 1005/1005/1005 1027/1027/1027
f 1087/1087/1087 1005/1005/1005 1088/1088/1088
f 1090/1090/1090 1089/1089/1089 1039/1039/1039
f 1091/1091/1091 1039/1039/1039 1040/1040/1040
f 1093/1093/1093 1041/1041/1041 1013/1013/1013
f 1013/1013/1013 1094/1094/1094 1093/1093/1093
f 1096/1096/1096 1095/1095/1095 1043/1043/1043
f 1097/1097/1097 1043/1043/1043 1044/1044/1044
f 1044/1044/1044 1098/1098/1098 1097/1097/1097
f 1100/1100/1100 1099/1099/1099 1052/1052/1052
f 1101/1101/1101 1052/1052/1052 1053/1053/1053
f 1053/1053/1053 1102/1102/1102 1101/1101/1101
f 1103/1103/1103 1054/1054/1054 1104/1104/1104
f 1055/1055/1055 1104/1104/1104 1054/1054/1054
f 1107/1107/1107 1105/1105/1105 1106/1106/1106
f 1109/1109/1109 1105/1105/1105 1110/1110/1110
f 1112/1112/1112 1106/1106/1106 1105/1105/1105
f 1106/1106/1106 1112/1112/1112 1111/1111/1111
f 1115/1115/1115 1113/1113/1113 1114/1114/1114
f 1117/1117/1117 1113/1113/1113 1118/1118/1118
f 1120/1120/1120 1114/1114/1114 1113/1113/1113
f 1114/1114/1114 1120/1120/1120 1119/1119/1119
f 1121/1121/1121 1122/1122/1122 1123/1123/1123
f 1124/1124/1124 1125/1125/1125 1126/1126/1126
f 1127/1127/1127 1128/1128/1128 1129/1129/1129
f 1130/1130/1130 1131/1131/1131 1132/1132/1132
f 1133/1133/1133 1134/1134/1134 1135/1135/1135
f 1136/1136/1136 1137/1137/1137 1138/1138/1138
f 1139/1139/1139 1140/1140/1140 1141/1141/1141
f 1142/1142/1142 1143/1143/1143 1144/1144/1144
f 1145/1145/1145 1146/1146/1146 1147/1147/1147
f 1146/1146/1146 1145/1145/1145 1148/1148/1148
f 1145/1145/1145 1147/1147/1147 1149/1149/1149
f 1150/1150/1150 1149/1149/1149 1151/1151/1151
f 1150/1150/1150 1152/1152/1152 1145/1145/1145
f 1149/1149/1149 1150/1150/1150 1145/1145/1145
f 1155/1155/1155 1154/1154/1154 1156/1156/1156
f 1157/1157/1157 1156/1156/1156 1158/1158/1158
f 1161/1161/1161 1163/1163/1163 1164/1164/1164
f 1165/1165/1165 1164/1164/1164 1166/1166/1166
f 1156/1156/1156 1160/1160/1160 1158/1158/1158
f 1153/1153/1153 1160/1160/1160 1156/1156/1156
f 1153/1153/1153 1156/1156/1156 1154/1154/1154
f 1155/1155/1155 1157/1157/1157 1164/1164/1164
f 1157/1157/1157 1159/1159/1159 1166/1166/1166
f 1168/1168/1168 1165/1165/1165 1167/1167/1167
f 1162/1162/1162 1161/1161/1161 1165/1165/1165
f 1165/1165/1165 1168/1168/1168 1162/1162/1162
f 1169/1169/1169 1170/1170/1170 1153/1153/1153
f 1154/1154/1154 1172/1172/1172 1153/1153/1153
f 1171/1171/1171 1172/1172/1172 1154/1154/1154
f 1173/1173/1173 1174/1174/1174 1161/1161/1161
f 1162/1162/1162 1176/1176/1176 1161/1161/1161
f 1175/1175/1175 1176/1176/1176 1162/1162/1162
f 1181/1181/1181 1182/1182/1182 1160/1160/1160
f 1184/1184/1184 1153/1153/1153 1183/1183/1183
f 1186/1186/1186 1155/1155/1155 1163/1163/1163
f 1163/1163/1163 1185/1185/1185 1186/1186/1186
f 1187/1187/1187 1188/1188/1188 1155/1155/1155
f 1155/1155/1155 1188/1188/1188 1154/1154/1154
f 1171/1171/1171 1154/1154/1154 1188/1188/1188
f 1170/1170/1170 1183/1183/1183 1153/1153/1153
f 1181/1181/1181 1160/1160/1160 1153/1153/1153
f 1153/1153/1153 1189/1189/1189 1181/1181/1181
f 1193/1193/1193 1168/1168/1168 1192/1192/1192
f 1161/1161/1161 1196/1196/1196 1163/1163/1163
f 1174/1174/1174 1196/1196/1196 1161/1161/1161
f 1197/1197/1197 1175/1175/1175 1162/1162/1162
f 1162/1162/1162 1198/1198/1198 1199/1199/1199
f 1168/1168/1168 1200/1200/1200 1162/1162/1162
f 1198/1198/1198 1162/1162/1162 1200/1200/1200
f 1206/1206/1206 1205/1205/1205 1207/1207/1207
f 1208/1208/1208 1207/1207/1207 1209/1209/1209
f 1212/1212/1212 1214/1214/1214 1215/1215/1215
f 1216/1216/1216 1215/1215/1215 1217/1217/1217
f 1207/1207/1207 1211/1211/1211 1209/1209/1209
f 1204/1204/1204 1211/1211/1211 1207/1207/1207
f 1204/1204/1204 1207/1207/1207 1205/1205/1205
f 1206/1206/1206 1208/1208/1208 1215/1215/1215
f 1208/1208/1208 1210/1210/1210 1217/1217/1217
f 1219/1219/1219 1216/1216/1216 1218/1218/1218
f 1213/1213/1213 1212/1212/1212 1216/1216/1216
f 1216/1216/1216 1219/1219/1219 1213/1213/1213
f 1220/1220/1220 1221/1221/1221 1204/1204/1204
f 1205/1205/1205 1223/1223/1223 1204/1204/1204
f 1222/1222/1222 1223/1223/1223 1205/1205/1205
f 1224/1224/1224 1225/1225/1225 1212/1212/1212
f 1213/1213/1213 1227/1227/1227 1212/1212/1212
f 1226/1226/1226 1227/1227/1227 1213/1213/1213
f 1232/1232/1232 1233/1233/1233 1211/1211/1211
f 1235/1235/1235 1204/1204/1204 1234/1234/1234
f 1214/1214/1214 1236/1236/1236 1206/1206/1206
f 1237/1237/1237 1206/1206/1206 1236/1236/1236
f 1238/1238/1238 1239/1239/1239 1214/1214/1214
f 1206/1206/1206 1240/1240/1240 1205/1205/1205
f 1222/1222/1222 1205/1205/1205 1240/1240/1240
f 1221/1221/1221 1234/1234/1234 1204/1204/1204
f 1232/1232/1232 1211/1211/1211 1204/1204/1204
f 1204/1204/1204 1241/1241/1241 1232/1232/1232
f 1243/1243/1243 1219/1219/1219 1242/1242/1242
f 1212/1212/1212 1247/1247/1247 1214/1214/1214
f 1225/1225/1225 1247/1247/1247 1212/1212/1212
f 1248/1248/1248 1249/1249/1249 1213/1213/1213
f 1213/1213/1213 1250/1250/1250 1251/1251/1251
f 1219/1219/1219 1252/1252/1252 1213/1213/1213
f 1250/1250/1250 1213/1213/1213 1252/1252/1252
f 1160/1160/1160 1253/1253/1253 1158/1158/1158
f 1253/1253/1253 1160/1160/1160 1254/1254/1254
f 1256/1256/1256 1255/1255/1255 1158/1158/1158
f 1167/1167/1167 1257/1257/1257 1168/1168/1168
f 1257/1257/1257 1167/1167/1167 1258/1258/1258
f 1257/1257/1257 1259/1259/1259 1168/1168/1168
f 1158/1158/1158 1260/1260/1260 1159/1159/1159
f 1260/1260/1260 1158/1158/1158 1261/1261/1261
f 1159/1159/1159 1262/1262/1262 1166/1166/1166
f 1159/1159/1159 1260/1260/1260 1262/1262/1262
f 1264/1264/1264 1263/1263/1263 1166/1166/1166
f 1266/1266/1266 1265/1265/1265 1160/1160/1160
f 1268/1268/1268 1167/1167/1167 1166/1166/1166
f 1267/1267/1267 1167/1167/1167 1268/1268/1268
f 1269/1269/1269 1168/1168/1168 1270/1270/1270
f 1178/1178/1178 1272/1272/1272 1177/1177/1177
f 1271/1271/1271 1177/1177/1177 1272/1272/1272
f 1178/1178/1178 1274/1274/1274 1273/1273/1273
f 1275/1275/1275 1180/1180/1180 1276/1276/1276
f 1180/1180/1180 1278/1278/1278 1179/1179/1179
f 1277/1277/1277 1160/1160/1160 1182/1182/1182
f 1279/1279/1279 1160/1160/1160 1277/1277/1277
f 1281/1281/1281 1280/1280/1280 1190/1190/1190
f 1282/1282/1282 1190/1190/1190 1191/1191/1191
f 1284/1284/1284 1192/1192/1192 1168/1168/1168
f 1168/1168/1168 1285/1285/1285 1284/1284/1284
f 1287/1287/1287 1286/1286/1286 1194/1194/1194
f 1288/1288/1288 1194/1194/1194 1195/1195/1195
f 1195/1195/1195 1289/1289/1289 1288/1288/1288
f 1291/1291/1291 1290/1290/1290 1202/1202/1202
f 1292/1292/1292 1202/1202/1202 1201/1201/1201
f 1201/1201/1201 1293/1293/1293 1292/1292/1292
f 1290/1290/1290 1294/1294/1294 1203/1203/1203
f 1203/1203/1203 1202/1202/1202 1290/1290/1290
f 1211/1211/1211 1295/1295/1295 1209/1209/1209
f 1295/1295/1295 1211/1211/1211 1296/1296/1296
f 1298/1298/1298 1297/1297/1297 1209/1209/1209
f 1218/1218/1218 1299/1299/1299 1219/1219/1219
f 1299/1299/1299 1218/1218/1218 1300/1300/1300
f 1302/1302/1302 1301/1301/1301 1219/1219/1219
f 1209/1209/1209 1303/1303/1303 1210/1210/1210
f 1303/1303/1303 1209/1209/1209 1304/1304/1304
f 1210/1210/1210 1305/1305/1305 1217/1217/1217
f 1210/1210/1210 1306/1306/1306 1305/1305/1305
f 1305/1305/1305 1307/1307/1307 1217/1217/1217
f 1308/1308/1308 1296/1296/1296 1211/1211/1211
f 1217/1217/1217 1310/1310/1310 1218/1218/1218
f 1309/1309/1309 1218/1218/1218 1310/1310/1310
f 1311/1311/1311 1219/1219/1219 1301/1301/1301
f 1229/1229/1229 1313/1313/1313 1228/1228/1228
f 1312/1312/1312 1228/1228/1228 1313/1313/1313
f 1229/1229/1229 1315/1315/1315 1314/1314/1314
f 1316/1316/1316 1231/1231/1231 1312/1312/1312
f 1231/1231/1231 1318/1318/1318 1230/1230/1230
f 1317/1317/1317 1211/1211/1211 1233/1233/1233
f 1319/1319/1319 1211/1211/1211 1317/1317/1317
f 1320/1320/1320 1242/1242/1242 1219/1219/1219
f 1219/1219/1219 1321/1321/1321 1320/1320/1320
f 1323/1323/1323 1322/1322/1322 1244/1244/1244
f 1242/1242/1242 1324/1324/1324 1244/1244/1244
f 1327/1327/1327 1326/1326/1326 1245/1245/1245
f 1329/1329/1329 1245/1245/1245 1246/1246/1246
f 1246/1246/1246 1328/1328/1328 1329/1329/1329
f 1336/1336/1336 1335/1335/1335 1337/1337/1337
f 1338/1338/1338 1337/1337/1337 1339/1339/1339
f 1342/1342/1342 1344/1344/1344 1345/1345/1345
f 1346/1346/1346 1345/1345/1345 1347/1347/1347
f 1337/1337/1337 1341/1341/1341 1339/1339/1339
f 1337/1337/1337 1334/1334/1334 1341/1341/1341
f 1334/1334/1334 1337/1337/1337 1335/1335/1335
f 1336/1336/1336 1338/1338/1338 1345/1345/1345
f 1338/1338/1338 1340/1340/1340 1347/1347/1347
f 1349/1349/1349 1346/1346/1346 1348/1348/1348
f 1343/1343/1343 1342/1342/1342 1346/1346/1346
f 1346/1346/1346 1349/1349/1349 1343/1343/1343
f 1350/1350/1350 1351/1351/1351 1334/1334/1334
f 1335/1335/1335 1353/1353/1353 1334/1334/1334
f 1352/1352/1352 1353/1353/1353 1335/1335/1335
f 1354/1354/1354 1355/1355/1355 1342/1342/1342
f 1343/1343/1343 1357/1357/1357 1342/1342/1342
f 1356/1356/1356 1357/1357/1357 1343/1343/1343
f 1362/1362/1362 1363/1363/1363 1341/1341/1341
f 1365/1365/1365 1334/1334/1334 1364/1364/1364
f 1336/1336/1336 1366/1366/1366 1335/1335/1335
f 1352/1352/1352 1335/1335/1335 1366/1366/1366
f 1367/1367/1367 1368/1368/1368 1334/1334/1334
f 1370/1370/1370 1341/1341/1341 1334/1334/1334
f 1334/1334/1334 1369/1369/1369 1370/1370/1370
f 1371/1371/1371 1372/1372/1372 1336/1336/1336
f 1344/1344/1344 1374/1374/1374 1336/1336/1336
f 1373/1373/1373 1374/1374/1374 1344/1344/1344
f 1378/1378/1378 1349/1349/1349 1377/1377/1377
f 1342/1342/1342 1382/1382/1382 1344/1344/1344
f 1381/1381/1381 1382/1382/1382 1342/1342/1342
f 1383/1383/1383 1356/1356/1356 1343/1343/1343
f 1343/1343/1343 1384/1384/1384 1385/1385/1385
f 1349/1349/1349 1386/1386/1386 1343/1343/1343
f 1387/1387/1387 1343/1343/1343 1386/1386/1386
f 1393/1393/1393 1392/1392/1392 1330/1330/1330
f 1394/1394/1394 1330/1330/1330 1331/1331/1331
f 1331/1331/1331 1395/1395/1395 1394/1394/1394
f 1397/1397/1397 1396/1396/1396 1332/1332/1332
f 1333/1333/1333 1397/1397/1397 1332/1332/1332
f 1341/1341/1341 1398/1398/1398 1339/1339/1339
f 1341/1341/1341 1399/1399/1399 1398/1398/1398
f 1401/1401/1401 1400/1400/1400 1339/1339/1339
f 1348/1348/1348 1402/1402/1402 1349/1349/1349
f 1348/1348/1348 1403/1403/1403 1402/1402/1402
f 1405/1405/1405 1404/1404/1404 1349/1349/1349
f 1407/1407/1407 1406/1406/1406 1347/1347/1347
f 1340/1340/1340 1408/1408/1408 1347/1347/1347
f 1409/1409/1409 1408/1408/1408 1340/1340/1340
f 1339/1339/1339 1410/1410/1410 1340/1340/1340
f 1339/1339/1339 1411/1411/1411 1410/1410/1410
f 1412/1412/1412 1399/1399/1399 1341/1341/1341
f 1347/1347/1347 1406/1406/1406 1348/1348/1348
f 1413/1413/1413 1348/1348/1348 1406/1406/1406
f 1414/1414/1414 1349/1349/1349 1415/1415/1415
f 1359/1359/1359 1417/1417/1417 1358/1358/1358
f 1359/1359/1359 1418/1418/1418 1417/1417/1417
f 1361/1361/1361 1420/1420/1420 1360/1360/1360
f 1419/1419/1419 1360/1360/1360 1420/1420/1420
f 1361/1361/1361 1422/1422/1422 1421/1421/1421
f 1424/1424/1424 1341/1341/1341 1363/1363/1363
f 1423/1423/1423 1341/1341/1341 1424/1424/1424
f 1426/1426/1426 1425/1425/1425 1375/1375/1375
f 1427/1427/1427 1375/1375/1375 1376/1376/1376
f 1429/1429/1429 1377/1377/1377 1349/1349/1349
f 1349/1349/1349 1430/1430/1430 1429/1429/1429
f 1432/1432/1432 1431/1431/1431 1379/1379/1379
f 1433/1433/1433 1379/1379/1379 1380/1380/1380
f 1380/1380/1380 1434/1434/1434 1433/1433/1433
f 1436/1436/1436 1435/1435/1435 1388/1388/1388
f 1437/1437/1437 1388/1388/1388 1389/1389/1389
f 1389/1389/1389 1438/1438/1438 1437/1437/1437
f 1439/1439/1439 1390/1390/1390 1440/1440/1440
f 1391/1391/1391 1440/1440/1440 1390/1390/1390
f 1443/1443/1443 1441/1441/1441 1442/1442/1442
f 1445/1445/1445 1441/1441/1441 1446/1446/1446
f 1448/1448/1448 1442/1442/1442 1441/1441/1441
f 1442/1442/1442 1448/1448/1448 1447/1447/1447
f 1451/1451/1451 1449/1449/1449 1450/1450/1450
f 1453/1453/1453 1449/1449/1449 1454/1454/1454
f 1456/1456/1456 1450/1450/1450 1449/1449/1449
f 1450/1450/1450 1456/1456/1456 1455/1455/1455
f 1457/1457/1457 1458/1458/1458 1459/1459/1459
f 1460/1460/1460 1461/1461/1461 1462/1462/1462
f 1463/1463/1463 1464/1464/1464 1465/1465/1465
f 1466/1466/1466 1467/1467/1467 1468/1468/1468
f 1469/1469/1469 1470/1470/1470 1471/1471/1471
f 1472/1472/1472 1473/1473/1473 1474/1474/1474
f 1475/1475/1475 1476/1476/1476 1477/1477/1477
f 1478/1478/1478 1479/1479/1479 1480/1480/1480
f 1481/1481/1481 1482/1482/1482 1483/1483/1483
f 1482/1482/1482 1481/1481/1481 1484/1484/1484
f 1481/1481/1481 1483/1483/1483 1485/1485/1485
f 1486/1486/1486 1485/1485/1485 1487/1487/1487
f 1486/1486/1486 1488/1488/1488 1481/1481/1481
f 1485/1485/1485 1486/1486/1486 1481/1481/1481
f 1491/1491/1491 1490/1490/1490 1492/1492/1492
f 1493/1493/1493 1492/1492/1492 1494/1494/1494
f 1497/1497/1497 1499/1499/1499 1500/1500/1500
f 1501/1501/1501 1500/1500/1500 1502/1502/1502
f 1492/1492/1492 1496/1496/1496 1494/1494/1494
f 1489/1489/1489 1496/1496/1496 1492/1492/1492
f 1489/1489/1489 1492/1492/1492 1490/1490/1490
f 1491/1491/1491 1493/1493/1493 1500/1500/1500
f 1493/1493/1493 1495/1495/1495 1502/1502/1502
f 1504/1504/1504 1501/1501/1501 1503/1503/1503
f 1498/1498/1498 1497/1497/1497 1501/1501/1501
f 1501/1501/1501 1504/1504/1504 1498/1498/1498
f 1505/1505/1505 1506/1506/1506 1489/1489/1489
f 1490/1490/1490 1508/1508/1508 1489/1489/1489
f 1507/1507/1507 1508/1508/1508 1490/1490/1490
f 1509/1509/1509 1510/1510/1510 1497/1497/1497
f 1498/1498/1498 1512/1512/1512 1497/1497/1497
f 1511/1511/1511 1512/1512/1512 1498/1498/1498
f 1517/1517/1517 1518/1518/1518 1496/1496/1496
f 1520/1520/1520 1489/1489/1489 1519/1519/1519
f 1522/1522/1522 1491/1491/1491 1499/1499/1499
f 1499/1499/1499 1521/1521/1521 1522/1522/1522
f 1523/1523/1523 1524/1524/1524 1491/1491/1491
f 1491/1491/1491 1524/1524/1524 1490/1490/1490
f 1507/1507/1507 1490/1490/1490 1524/1524/1524
f 1506/1506/1506 1519/1519/1519 1489/1489/1489
f 1517/1517/1517 1496/1496/1496 1489/1489/1489
f 1489/1489/1489 1525/1525/1525 1517/1517/1517
f 1529/1529/1529 1504/1504/1504 1528/1528/1528
f 1497/1497/1497 1532/1532/1532 1499/1499/1499
f 1510/1510/1510 1532/1532/1532 1497/1497/1497
f 1533/1533/1533 1511/1511/1511 1498/1498/1498
f 1498/1498/1498 1534/1534/1534 1535/1535/1535
f 1504/1504/1504 1536/1536/1536 1498/1498/1498
f 1534/1534/1534 1498/1498/1498 1536/1536/1536
f 1542/1542/1542 1541/1541/1541 1543/1543/1543
f 1544/1544/1544 1543/1543/1543 1545/1545/1545
f 1548/1548/1548 1550/1550/1550 1551/1551/1551
f 1552/1552/1552 1551/1551/1551 1553/1553/1553
f 1543/1543/1543 1547/1547/1547 1545/1545/1545
f 1540/1540/1540 1547/1547/1547 1543/1543/1543
f 1540/1540/1540 1543/1543/1543 1541/1541/1541
f 1542/1542/1542 1544/1544/1544 1551/1551/1551
f 1544/1544/1544 1546/1546/1546 1553/1553/1553
f 1555/1555/1555 1552/1552/1552 1554/1554/1554
f 1549/1549/1549 1548/1548/1548 1552/1552/1552
f 1552/1552/1552 1555/1555/1555 1549/1549/1549
f 1556/1556/1556 1557/1557/1557 1540/1540/1540
f 1541/1541/1541 1559/1559/1559 1540/1540/1540
f 1558/1558/1558 1559/1559/1559 1541/1541/1541
f 1560/1560/1560 1561/1561/1561 1548/1548/1548
f 1549/1549/1549 1563/1563/1563 1548/1548/1548
f 1562/1562/1562 1563/1563/1563 1549/1549/1549
f 1568/1568/1568 1569/1569/1569 1547/1547/1547
f 1571/1571/1571 1540/1540/1540 1570/1570/1570
f 1550/1550/1550 1572/1572/1572 1542/1542/1542
f 1573/1573/1573 1542/1542/1542 1572/1572/1572
f 1574/1574/1574 1575/1575/1575 1550/1550/1550
f 1542/1542/1542 1576/1576/1576 1541/1541/1541
f 1558/1558/1558 1541/1541/1541 1576/1576/1576
f 1557/1557/1557 1570/1570/1570 1540/1540/1540
f 1568/1568/1568 1547/1547/1547 1540/1540/1540
f 1540/1540/1540 1577/1577/1577 1568/1568/1568
f 1579/1579/1579 1555/1555/1555 1578/1578/1578
f 1548/1548/1548 1583/1583/1583 1550/1550/1550
f 1561/1561/1561 1583/1583/1583 1548/1548/1548
f 1584/1584/1584 1585/1585/1585 1549/1549/1549
f 1549/1549/1549 1586/1586/1586 1587/1587/1587
f 1555/1555/1555 1588/1588/1588 1549/1549/1549
f 1586/1586/1586 1549/1549/1549 1588/1588/1588
f 1496/1496/1496 1589/1589/1589 1494/1494/1494
f 1589/1589/1589 1496/1496/1496 1590/1590/1590
f 1592/1592/1592 1591/1591/1591 1494/1494/1494
f 1503/1503/1503 1593/1593/1593 1504/1504/1504
f 1593/1593/1593 1503/1503/1503 1594/1594/1594
f 1593/1593/1593 1595/1595/1595 1504/1504/1504
f 1494/1494/1494 1596/1596/1596 1495/1495/1495
f 1596/1596/1596 1494/1494/1494 1597/1597/1597
f 1495/1495/1495 1598/1598/1598 1502/1502/1502
f 1495/1495/1495 1596/1596/1596 1598/1598/1598
f 1600/1600/1600 1599/1599/1599 1502/1502/1502
f 1602/1602/1602 1601/1601/1601 1496/1496/1496
f 1604/1604/1604 1503/1503/1503 1502/1502/1502
f 1603/1603/1603 1503/1503/1503 1604/1604/1604
f 1605/1605/1605 1504/1504/1504 1606/1606/1606
f 1514/1514/1514 1608/1608/1608 1513/1513/1513
f 1607/1607/1607 1513/1513/1513 1608/1608/1608
f 1514/1514/1514 1610/1610/1610 1609/1609/1609
f 1611/1611/1611 1516/1516/1516 1612/1612/1612
f 1516/1516/1516 1614/1614/1614 1515/1515/1515
f 1613/1613/1613 1496/1496/1496 1518/1518/1518
f 1615/1615/1615 1496/1496/1496 1613/1613/1613
f 1617/1617/1617 1616/1616/1616 1526/1526/1526
f 1618/1618/1618 1526/1526/1526 1527/1527/1527
f 1620/1620/1620 1528/1528/1528 1504/1504/1504
f 1504/1504/1504 1621/1621/1621 1620/1620/1620
f 1623/1623/1623 1622/1622/1622 1530/1530/1530
f 1624/1624/1624 1530/1530/1530 1531/1531/1531
f 1531/1531/1531 1625/1625/1625 1624/1624/1624
f 1627/1627/1627 1626/1626/1626 1538/1538/1538
f 1628/1628/1628 1538/1538/1538 1537/1537/1537
f 1537/1537/1537 1629/1629/1629 1628/1628/1628
f 1626/1626/1626 1630/1630/1630 1539/1539/1539
f 1539/1539/1539 1538/1538/1538 1626/1626/1626
f 1547/1547/1547 1631/1631/1631 1545/1545/1545
f 1631/1631/1631 1547/1547/1547 1632/1632/1632
f 1634/1634/1634 1633/1633/1633 1545/1545/1545
f 1554/1554/1554 1635/1635/1635 1555/1555/1555
f 1635/1635/1635 1554/1554/1554 1636/1636/1636
f 1638/1638/1638 1637/1637/1637 1555/1555/1555
f 1545/1545/1545 1639/1639/1639 1546/1546/1546
f 1639/1639/1639 1545/1545/1545 1640/1640/1640
f 1546/1546/1546 1641/1641/1641 1553/1553/1553
f 1546/1546/1546 1642/1642/1642 1641/1641/1641
f 1641/1641/1641 1643/1643/1643 1553/1553/1553
f 1644/1644/1644 1632/1632/1632 1547/1547/1547
f 1553/1553/1553 1646/1646/1646 1554/1554/1554
f 1645/1645/1645 1554/1554/1554 1646/1646/1646
f 1647/1647/1647 1555/1555/1555 1637/1637/1637
f 1565/1565/1565 1649/1649/1649 1564/1564/1564
f 1648/1648/1648 1564/1564/1564 1649/1649/1649
f 1565/1565/1565 1651/1651/1651 1650/1650/1650
f 1652/1652/1652 1567/1567/1567 1648/1648/1648
f 1567/1567/1567 1654/1654/1654 1566/1566/1566
f 1653/1653/1653 1566/1566/1566 1654/1654/1654
f 1653/1653/1653 1547/1547/1547 1569/1569/1569
f 1655/1655/1655 1547/1547/1547 1653/1653/1653
f 1656/1656/1656 1578/1578/1578 1555/1555/1555
f 1555/1555/1555 1657/1657/1657 1656/1656/1656
f 1659/1659/1659 1658/1658/1658 1580/1580/1580
f 1578/1578/1578 1660/1660/1660 1580/1580/1580
f 1661/1661/1661 1660/1660/1660 1578/1578/1578
f 1663/1663/1663 1662/1662/1662 1581/1581/1581
f 1665/1665/1665 1581/1581/1581 1582/1582/1582
f 1582/1582/1582 1664/1664/1664 1665/1665/1665
f 1672/1672/1672 1671/1671/1671 1673/1673/1673
f 1674/1674/1674 1673/1673/1673 1675/1675/1675
f 1678/1678/1678 1680/1680/1680 1681/1681/1681
f 1682/1682/1682 1681/1681/1681 1683/1683/1683
f 1673/1673/1673 1677/1677/1677 1675/1675/1675
f 1673/1673/1673 1670/1670/1670 1677/1677/1677
f 1670/1670/1670 1673/1673/1673 1671/1671/1671
f 1672/1672/1672 1674/1674/1674 1681/1681/1681
f 1674/1674/1674 1676/1676/1676 1683/1683/1683
f 1685/1685/1685 1682/1682/1682 1684/1684/1684
f 1679/1679/1679 1678/1678/1678 1682/1682/1682
f 1682/1682/1682 1685/1685/1685 1679/1679/1679
f 1686/1686/1686 1687/1687/1687 1670/1670/1670
f 1671/1671/1671 1689/1689/1689 1670/1670/1670
f 1688/1688/1688 1689/1689/1689 1671/1671/1671
f 1690/1690/1690 1691/1691/1691 1678/1678/1678
f 1679/1679/1679 1693/1693/1693 1678/1678/1678
f 1692/1692/1692 1693/1693/1693 1679/1679/1679
f 1698/1698/1698 1699/1699/1699 1677/1677/1677
f 1701/1701/1701 1670/1670/1670 1700/1700/1700
f 1672/1672/1672 1702/1702/1702 1671/1671/1671
f 1688/1688/1688 1671/1671/1671 1702/1702/1702
f 1703/1703/1703 1704/1704/1704 1670/1670/1670
f 1706/1706/1706 1677/1677/1677 1670/1670/1670
f 1670/1670/1670 1705/1705/1705 1706/1706/1706
f 1707/1707/1707 1708/1708/1708 1672/1672/1672
f 1680/1680/1680 1710/1710/1710 1672/1672/1672
f 1709/1709/1709 1710/1710/1710 1680/1680/1680
f 1714/1714/1714 1685/1685/1685 1713/1713/1713
f 1678/1678/1678 1718/1718/1718 1680/1680/1680
f 1717/1717/1717 1718/1718/1718 1678/1678/1678
f 1719/1719/1719 1692/1692/1692 1679/1679/1679
f 1679/1679/1679 1720/1720/1720 1721/1721/1721
f 1685/1685/1685 1722/1722/1722 1679/1679/1679
f 1723/1723/1723 1679/1679/1679 1722/1722/1722
f 1729/1729/1729 1728/1728/1728 1666/1666/1666
f 1730/1730/1730 1666/1666/1666 1667/1667/1667
f 1667/1667/1667 1731/1731/1731 1730/1730/1730
f 1733/1733/1733 1732/1732/1732 1668/1668/1668
f 1669/1669/1669 1733/1733/1733 1668/1668/1668
f 1677/1677/1677 1734/1734/1734 1675/1675/1675
f 1677/1677/1677 1735/1735/1735 1734/1734/1734
f 1737/1737/1737 1736/1736/1736 1675/1675/1675
f 1684/1684/1684 1738/1738/1738 1685/1685/1685
f 1684/1684/1684 1739/1739/1739 1738/1738/1738
f 1741/1741/1741 1740/1740/1740 1685/1685/1685
f 1743/1743/1743 1742/1742/1742 1683/1683/1683
f 1676/1676/1676 1744/1744/1744 1683/1683/1683
f 1745/1745/1745 1744/1744/1744 1676/1676/1676
f 1675/1675/1675 1746/1746/1746 1676/1676/1676
f 1675/1675/1675 1747/1747/1747 1746/1746/1746
f 1748/1748/1748 1735/1735/1735 1677/1677/1677
f 1683/1683/1683 1742/1742/1742 1684/1684/1684
f 1749/1749/1749 1684/1684/1684 1742/1742/1742
f 1750/1750/1750 1685/1685/1685 1751/1751/1751
f 1695/1695/1695 1753/1753/1753 1694/1694/1694
f 1695/1695/1695 1754/1754/1754 1753/1753/1753
f 1697/1697/1697 1756/1756/1756 1696/1696/1696
f 1755/1755/1755 1696/1696/1696 1756/1756/1756
f 1697/1697/1697 1758/1758/1758 1757/1757/1757
f 1760/1760/1760 1677/1677/1677 1699/1699/1699
f 1759/1759/1759 1677/1677/1677 1760/1760/1760
f 1762/1762/1762 1761/1761/1761 1711/1711/1711
f 1763/1763/1763 1711/1711/1711 1712/1712/1712
f 1765/1765/1765 1713/1713/1713 1685/1685/1685
f 1685/1685/1685 1766/1766/1766 1765/1765/1765
f 1768/1768/1768 1767/1767/1767 1715/1715/1715
f 1769/1769/1769 1715/1715/1715 1716/1716/1716
f 1716/1716/1716 1770/1770/1770 1769/1769/1769
f 1772/1772/1772 1771/1771/1771 1724/1724/1724
f 1773/1773/1773 1724/1724/1724 1725/1725/1725
f 1725/1725/1725 1774/1774/1774 1773/1773/1773
f 1775/1775/1775 1726/1726/1726 1776/1776/1776
f 1727/1727/1727 1776/1776/1776 1726/1726/1726
f 1779/1779/1779 1777/1777/1777 1778/1778/1778
f 1781/1781/1781 1777/1777/1777 1782/1782/1782
f 1784/1784/1784 1778/1778/1778 1777/1777/1777
f 1778/1778/1778 1784/1784/1784 1783/1783/1783
f 1787/1787/1787 1785/1785/1785 1786/1786/1786
f 1789/1789/1789 1785/1785/1785 1790/1790/1790
f 1792/1792/1792 1786/1786/1786 1785/1785/1785
f 1786/1786/1786 1792/1792/1792 1791/1791/1791
f 1793/1793/1793 1794/1794/1794 1795/1795/1795
f 1796/1796/1796 1797/1797/1797 1798/1798/1798
f 1799/1799/1799 1800/1800/1800 1801/1801/1801
f 1802/1802/1802 1803/1803/1803 1804/1804/1804
f 1805/1805/1805 1806/1806/1806 1807/1807/1807
f 1808/1808/1808 1809/1809/1809 1810/1810/1810
f 1811/1811/1811 1812/1812/1812 1813/1813/1813
f 1814/1814/1814 1815/1815/1815 1816/1816/1816
f 1817/1817/1817 1818/1818/1818 1819/1819/1819
f 1818/1818/1818 1817/1817/1817 1820/1820/1820
f 1817/1817/1817 1819/1819/1819 1821/1821/1821
f 1822/1822/1822 1821/1821/1821 1823/1823/1823
f 1822/1822/1822 1824/1824/1824 1817/1817/1817
f 1821/1821/1821 1822/1822/1822 1817/1817/1817
f 1827/1827/1827 1826/1826/1826 1828/1828/1828
f 1829/1829/1829 1828/1828/1828 1830/1830/1830
f 1833/1833/1833 1835/1835/1835 1836/1836/1836
f 1837/1837/1837 1836/1836/1836 1838/1838/1838
f 1828/1828/1828 1832/1832/1832 1830/1830/1830
f 1825/1825/1825 1832/1832/1832 1828/1828/1828
f 1825/1825/1825 1828/1828/1828 1826/1826/1826
f 1827/1827/1827 1829/1829/1829 1836/1836/1836
f 1829/1829/1829 1831/1831/1831 1838/1838/1838
f 1840/1840/1840 1837/1837/1837 1839/1839/1839
f 1834/1834/1834 1833/1833/1833 1837/1837/1837
f 1837/1837/1837 1840/1840/1840 1834/1834/1834
f 1841/1841/1841 1842/1842/1842 1825/1825/1825
f 1826/1826/1826 1844/1844/1844 1825/1825/1825
f 1843/1843/1843 1844/1844/1844 1826/1826/1826
f 1845/1845/1845 1846/1846/1846 1833/1833/1833
f 1834/1834/1834 1848/1848/1848 1833/1833/1833
f 1847/1847/1847 1848/1848/1848 1834/1834/1834
f 1853/1853/1853 1854/1854/1854 1832/1832/1832
f 1856/1856/1856 1825/1825/1825 1855/1855/1855
f 1858/1858/1858 1827/1827/1827 1835/1835/1835
f 1835/1835/1835 1857/1857/1857 1858/1858/1858
f 1859/1859/1859 1860/1860/1860 1827/1827/1827
f 1827/1827/1827 1860/1860/1860 1826/1826/1826
f 1843/1843/1843 1826/1826/1826 1860/1860/1860
f 1842/1842/1842 1855/1855/1855 1825/1825/1825
f 1853/1853/1853 1832/1832/1832 1825/1825/1825
f 1825/1825/1825 1861/1861/1861 1853/1853/1853
f 1865/1865/1865 1840/1840/1840 1864/1864/1864
f 1833/1833/1833 1868/1868/1868 1835/1835/1835
f 1846/1846/1846 1868/1868/1868 1833/1833/1833
f 1869/1869/1869 1847/1847/1847 1834/1834/1834
f 1834/1834/1834 1870/1870/1870 1871/1871/1871
f 1840/1840/1840 1872/1872/1872 1834/1834/1834
f 1870/1870/1870 1834/1834/1834 1872/1872/1872
f 1878/1878/1878 1877/1877/1877 1879/1879/1879
f 1880/1880/1880 1879/1879/1879 1881/1881/1881
f 1884/1884/1884 1886/1886/1886 1887/1887/1887
f 1888/1888/1888 1887/1887/1887 1889/1889/1889
f 1879/1879/1879 1883/1883/1883 1881/1881/1881
f 1876/1876/1876 1883/1883/1883 1879/1879/1879
f 1876/1876/1876 1879/1879/1879 1877/1877/1877
f 1878/1878/1878 1880/1880/1880 1887/1887/1887
f 1880/1880/1880 1882/1882/1882 1889/1889/1889
f 1891/1891/1891 1888/1888/1888 1890/1890/1890
f 1885/1885/1885 1884/1884/1884 1888/1888/1888
f 1888/1888/1888 1891/1891/1891 1885/1885/1885
f 1892/1892/1892 1893/1893/1893 1876/1876/1876
f 1877/1877/1877 1895/1895/1895 1876/1876/1876
f 1894/1894/1894 1895/1895/1895 1877/1877/1877
f 1896/1896/1896 1897/1897/1897 1884/1884/1884
f 1885/1885/1885 1899/1899/1899 1884/1884/1884
f 1898/1898/1898 1899/1899/1899 1885/1885/1885
f 1904/1904/1904 1905/1905/1905 1883/1883/1883
f 1907/1907/1907 1876/1876/1876 1906/1906/1906
f 1886/1886/1886 1908/1908/1908 1878/1878/1878
f 1909/1909/1909 1878/1878/1878 1908/1908/1908
f 1910/1910/1910 1911/1911/1911 1886/1886/1886
f 1878/1878/1878 1912/1912/1912 1877/1877/1877
f 1894/1894/1894 1877/1877/1877 1912/1912/1912
f 1893/1893/1893 1906/1906/1906 1876/1876/1876
f 1904/1904/1904 1883/1883/1883 1876/1876/1876
f 1876/1876/1876 1913/1913/1913 1904/1904/1904
f 1915/1915/1915 1891/1891/1891 1914/1914/1914
f 1884/1884/1884 1919/1919/1919 1886/1886/1886
f 1897/1897/1897 1919/1919/1919 1884/1884/1884
f 1920/1920/1920 1921/1921/1921 1885/1885/1885
f 1885/1885/1885 1922/1922/1922 1923/1923/1923
f 1891/1891/1891 1924/1924/1924 1885/1885/1885
f 1922/1922/1922 1885/1885/1885 1924/1924/1924
f 1832/1832/1832 1925/1925/1925 1830/1830/1830
f 1925/1925/1925 1832/1832/1832 1926/1926/1926
f 1928/1928/1928 1927/1927/1927 1830/1830/1830
f 1839/1839/1839 1929/1929/1929 1840/1840/1840
f 1929/1929/1929 1839/1839/1839 1930/1930/1930
f 1929/1929/1929 1931/1931/1931 1840/1840/1840
f 1830/1830/1830 1932/1932/1932 1831/1831/1831
f 1932/1932/1932 1830/1830/1830 1933/1933/1933
f 1831/1831/1831 1934/1934/1934 1838/1838/1838
f 1831/1831/1831 1932/1932/1932 1934/1934/1934
f 1936/1936/1936 1935/1935/1935 1838/1838/1838
f 1938/1938/1938 1937/1937/1937 1832/1832/1832
f 1940/1940/1940 1839/1839/1839 1838/1838/1838
f 1939/1939/1939 1839/1839/1839 1940/1940/1940
f 1941/1941/1941 1840/1840/1840 1942/1942/1942
f 1850/1850/1850 1944/1944/1944 1849/1849/1849
f 1943/1943/1943 1849/1849/1849 1944/1944/1944
f 1850/1850/1850 1946/1946/1946 1945/1945/1945
f 1947/1947/1947 1852/1852/1852 1948/1948/1948
f 1852/1852/1852 1950/1950/1950 1851/1851/1851
f 1949/1949/1949 1832/1832/1832 1854/1854/1854
f 1951/1951/1951 1832/1832/1832 1949/1949/1949
f 1953/1953/1953 1952/1952/1952 1862/1862/1862
f 1954/1954/1954 1862/1862/1862 1863/1863/1863
f 1956/1956/1956 1864/1864/1864 1840/1840/1840
f 1840/1840/1840 1957/1957/1957 1956/1956/1956
f 1959/1959/1959 1958/1958/1958 1866/1866/1866
f 1960/1960/1960 1866/1866/1866 1867/1867/1867
f 1867/1867/1867 1961/1961/1961 1960/1960/1960
f 1963/1963/1963 1962/1962/1962 1874/1874/1874
f 1964/1964/1964 1874/1874/1874 1873/1873/1873
f 1873/1873/1873 1965/1965/1965 1964/1964/1964
f 1962/1962/1962 1966/1966/1966 1875/1875/1875
f 1875/1875/1875 1874/1874/1874 1962/1962/1962
f 1883/1883/1883 1967/1967/1967 1881/1881/1881
f 1967/1967/1967 1883/1883/1883 1968/1968/1968
f 1970/1970/1970 1969/1969/1969 1881/1881/1881
f 1890/1890/1890 1971/1971/1971 1891/1891/1891
f 1971/1971/1971 1890/1890/1890 1972/1972/1972
f 1974/1974/1974 1973/1973/1973 1891/1891/1891
f 1881/1881/1881 1975/1975/1975 1882/1882/1882
f 1975/1975/1975 1881/1881/1881 1976/1976/1976
f 1882/1882/1882 1977/1977/1977 1889/1889/1889
f 1882/1882/1882 1978/1978/1978 1977/1977/1977
f 1977/1977/1977 1979/1979/1979 1889/1889/1889
f 1980/1980/1980 1968/1968/1968 1883/1883/1883
f 1889/1889/1889 1982/1982/1982 1890/1890/1890
f 1981/1981/1981 1890/1890/1890 1982/1982/1982
f 1983/1983/1983 1891/1891/1891 1973/1973/1973
f 1901/1901/1901 1985/1985/1985 1900/1900/1900
f 1984/1984/1984 1900/1900/1900 1985/1985/1985
f 1901/1901/1901 1987/1987/1987 1986/1986/1986
f 1988/1988/1988 1903/1903/1903 1984/1984/1984
f 1903/1903/1903 1990/1990/1990 1902/1902/1902
f 1989/1989/1989 1902/1902/1902 1990/1990/1990
f 1989/1989/1989 1883/1883/1883 1905/1905/1905
f 1991/1991/1991 1883/1883/1883 1989/1989/1989
f 1992/1992/1992 1914/1914/1914 1891/1891/1891
f 1891/1891/1891 1993/1993/1993 1992/1992/1992
f 1995/1995/1995 1994/1994/1994 1916/1916/1916
f 1914/1914/1914 1996/1996/1996 1916/1916/1916
f 1997/1997/1997 1996/1996/1996 1914/1914/1914
f 1999/1999/1999 1998/1998/1998 1917/1917/1917
f 2001/2001/2001 1917/1917/1917 1918/1918/1918
f 1918/1918/1918 2000/2000/2000 2001/2001/2001
f 2008/2008/2008 2007/2007/2007 2009/2009/2009
f 2010/2010/2010 2009/2009/2009 2011/2011/2011
f 2014/2014/2014 2016/2016/2016 2017/2017/2017
f 2018/2018/2018 2017/2017/2017 2019/2019/2019
f 2009/2009/2009 2013/2013/2013 2011/2011/2011
f 2009/2009/2009 2006/2006/2006 2013/2013/2013
f 2006/2006/2006 2009/2009/2009 2007/2007/2007
f 2008/2008/2008 2010/2010/2010 2017/2017/2017
f 2010/2010/2010 2012/2012/2012 2019/2019/2019
f 2021/2021/2021 2018/2018/2018 2020/2020/2020
f 2015/2015/2015 2014/2014/2014 2018/2018/2018
f 2018/2018/2018 2021/2021/2021 2015/2015/2015
f 2022/2022/2022 2023/2023/2023 2006/2006/2006
f 2007/2007/2007 2025/2025/2025 2006/2006/2006
f 2024/2024/2024 2025/2025/2025 2007/2007/2007
f 2026/2026/2026 2027/2027/2027 2014/2014/2014
f 2015/2015/2015 2029/2029/2029 2014/2014/2014
f 2028/2028/2028 2029/2029/2029 2015/2015/2015
f 2034/2034/2034 2035/2035/2035 2013/2013/2013
f 2037/2037/2037 2006/2006/2006 2036/2036/2036
f 2008/2008/2008 2038/2038/2038 2007/2007/2007
f 2024/2024/2024 2007/2007/2007 2038/2038/2038
f 2039/2039/2039 2040/2040/2040 2006/2006/2006
f 2042/2042/2042 2013/2013/2013 2006/2006/2006
f 2006/2006/2006 2041/2041/2041 2042/2042/2042
f 2043/2043/2043 2044/2044/2044 2008/2008/2008
f 2016/2016/2016 2046/2046/2046 2008/2008/2008
f 2045/2045/2045 2046/2046/2046 2016/2016/2016
f 2050/2050/2050 2021/2021/2021 2049/2049/2049
f 2014/2014/2014 2054/2054/2054 2016/2016/2016
f 2053/2053/2053 2054/2054/2054 2014/2014/2014
f 2055/2055/2055 2028/2028/2028 2015/2015/2015
f 2015/2015/2015 2056/2056/2056 2057/2057/2057
f 2021/2021/2021 2058/2058/2058 2015/2015/2015
f 2059/2059/2059 2015/2015/2015 2058/2058/2058
f 2065/2065/2065 2064/2064/2064 2002/2002/2002
f 2066/2066/2066 2002/2002/2002 2003/2003/2003
f 2003/2003/2003 2067/2067/2067 2066/2066/2066
f 2069/2069/2069 2068/2068/2068 2004/2004/2004
f 2005/2005/2005 2069/2069/2069 2004/2004/2004
f 2013/2013/2013 2070/2070/2070 2011/2011/2011
f 2013/2013/2013 2071/2071/2071 2070/2070/2070
f 2073/2073/2073 2072/2072/2072 2011/2011/2011
f 2020/2020/2020 2074/2074/2074 2021/2021/2021
f 2020/2020/2020 2075/2075/2075 2074/2074/2074
f 2077/2077/2077 2076/2076/2076 2021/2021/2021
f 2079/2079/2079 2078/2078/2078 2019/2019/2019
f 2012/2012/2012 2080/2080/2080 2019/2019/2019
f 2081/2081/2081 2080/2080/2080 2012/2012/2012
f 2011/2011/2011 2082/2082/2082 2012/2012/2012
f 2011/2011/2011 2083/2083/2083 2082/2082/2082
f 2084/2084/2084 2071/2071/2071 2013/2013/2013
f 2019/2019/2019 2078/2078/2078 2020/2020/2020
f 2085/2085/2085 2020/2020/2020 2078/2078/2078
f 2086/2086/2086 2021/2021/2021 2087/2087/2087
f 2031/2031/2031 2089/2089/2089 2030/2030/2030
f 2031/2031/2031 2090/2090/2090 2089/2089/2089
f 2033/2033/2033 2092/2092/2092 2032/2032/2032
f 2091/2091/2091 2032/2032/2032 2092/2092/2092
f 2033/2033/2033 2094/2094/2094 2093/2093/2093
f 2096/2096/2096 2013/2013/2013 2035/2035/2035
f 2095/2095/2095 2013/2013/2013 2096/2096/2096
f 2098/2098/2098 2097/2097/2097 2047/2047/2047
f 2099/2099/2099 2047/2047/2047 2048/2048/2048
f 2101/2101/2101 2049/2049/2049 2021/2021/2021
f 2021/2021/2021 2102/2102/2102 2101/2101/2101
f 2104/2104/2104 2103/2103/2103 2051/2051/2051
f 2105/2105/2105 2051/2051/2051 2052/2052/2052
f 2052/2052/2052 2106/2106/2106 2105/2105/2105
f 2108/2108/2108 2107/2107/2107 2060/2060/2060
f 2109/2109/2109 2060/2060/2060 2061/2061/2061
f 2061/2061/2061 2110/2110/2110 2109/2109/2109
f 2111/2111/2111 2062/2062/2062 2112/2112/2112
f 2063/2063/2063 2112/2112/2112 2062/2062/2062
f 2115/2115/2115 2113/2113/2113 2114/2114/2114
f 2117/2117/2117 2113/2113/2113 2118/2118/2118
f 2120/2120/2120 2114/2114/2114 2113/2113/2113
f 2114/2114/2114 2120/2120/2120 2119/2119/2119
f 2123/2123/2123 2121/2121/2121 2122/2122/2122
f 2125/2125/2125 2121/2121/2121 2126/2126/2126
f 2128/2128/2128 2122/2122/2122 2121/2121/2121
f 2122/2122/2122 2128/2128/2128 2127/2127/2127
f 2129/2129/2129 2130/2130/2130 2131/2131/2131
f 2132/2132/2132 2133/2133/2133 2134/2134/2134
f 2135/2135/2135 2136/2136/2136 2137/2137/2137
f 2138/2138/2138 2139/2139/2139 2140/2140/2140
f 2141/2141/2141 2142/2142/2142 2143/2143/2143
f 2144/2144/2144 2145/2145/2145 2146/2146/2146
f 2147/2147/2147 2148/2148/2148 2149/2149/2149
f 2150/2150/2150 2151/2151/2151 2152/2152/2152
f 2153/2153/2153 2154/2154/2154 2155/2155/2155
f 2154/2154/2154 2153/2153/2153 2156/2156/2156
f 2153/2153/2153 2155/2155/2155 2157/2157/2157
f 2158/2158/2158 2157/2157/2157 2159/2159/2159
f 2158/2158/2158 2160/2160/2160 2153/2153/2153
f 2157/2157/2157 2158/2158/2158 2153/2153/2153
f 2163/2163/2163 2162/2162/2162 2164/2164/2164
f 2165/2165/2165 2164/2164/2164 2166/2166/2166
f 2169/2169/2169 2171/2171/2171 2172/2172/2172
f 2173/2173/2173 2172/2172/2172 2174/2174/2174
f 2164/2164/2164 2168/2168/2168 2166/2166/2166
f 2161/2161/2161 2168/2168/2168 2164/2164/2164
f 2161/2161/2161 2164/2164/2164 2162/2162/2162
f 2163/2163/2163 2165/2165/2165 2172/2172/2172
f 2165/2165/2165 2167/2167/2167 2174/2174/2174
f 2176/2176/2176 2173/2173/2173 2175/2175/2175
f 2170/2170/2170 2169/2169/2169 2173/2173/2173
f 2173/2173/2173 2176/2176/2176 2170/2170/2170
f 2177/2177/2177 2178/2178/2178 2161/2161/2161
f 2162/2162/2162 2180/2180/2180 2161/2161/2161
f 2179/2179/2179 2180/2180/2180 2162/2162/2162
f 2181/2181/2181 2182/2182/2182 2169/2169/2169
f 2170/2170/2170 2184/2184/2184 2169/2169/2169
f 2183/2183/2183 2184/2184/2184 2170/2170/2170
f 2189/2189/2189 2190/2190/2190 2168/2168/2168
f 2192/2192/2192 2161/2161/2161 2191/2191/2191
f 2194/2194/2194 2163/2163/2163 2171/2171/2171
f 2171/2171/2171 2193/2193/2193 2194/2194/2194
f 2195/2195/2195 2196/2196/2196 2163/2163/2163
f 2163/2163/2163 2196/2196/2196 2162/2162/2162
f 2179/2179/2179 2162/2162/2162 2196/2196/2196
f 2178/2178/2178 2191/2191/2191 2161/2161/2161
f 2189/2189/2189 2168/2168/2168 2161/2161/2161
f 2161/2161/2161 2197/2197/2197 2189/2189/2189
f 2201/2201/2201 2176/2176/2176 2200/2200/2200
f 2169/2169/2169 2204/2204/2204 2171/2171/2171
f 2182/2182/2182 2204/2204/2204 2169/2169/2169
f 2205/2205/2205 2183/2183/2183 2170/2170/2170
f 2170/2170/2170 2206/2206/2206 2207/2207/2207
f 2176/2176/2176 2208/2208/2208 2170/2170/2170
f 2206/2206/2206 2170/2170/2170 2208/2208/2208
f 2214/2214/2214 2213/2213/2213 2215/2215/2215
f 2216/2216/2216 2215/2215/2215 2217/2217/2217
f 2220/2220/2220 2222/2222/2222 2223/2223/2223
f 2224/2224/2224 2223/2223/2223 2225/2225/2225
f 2215/2215/2215 2219/2219/2219 2217/2217/2217
f 2212/2212/2212 2219/2219/2219 2215/2215/2215
f 2212/2212/2212 2215/2215/2215 2213/2213/2213
f 2214/2214/2214 2216/2216/2216 2223/2223/2223
f 2216/2216/2216 2218/2218/2218 2225/2225/2225
f 2227/2227/2227 2224/2224/2224 2226/2226/2226
f 2221/2221/2221 2220/2220/2220 2224/2224/2224
f 2224/2224/2224 2227/2227/2227 2221/2221/2221
f 2228/2228/2228 2229/2229/2229 2212/2212/2212
f 2213/2213/2213 2231/2231/2231 2212/2212/2212
f 2230/2230/2230 2231/2231/2231 2213/2213/2213
f 2232/2232/2232 2233/2233/2233 2220/2220/2220
f 2221/2221/2221 2235/2235/2235 2220/2220/2220
f 2234/2234/2234 2235/2235/2235 2221/2221/2221
f 2240/2240/2240 2241/2241/2241 2219/2219/2219
f 2243/2243/2243 2212/2212/2212 2242/2242/2242
f 2222/2222/2222 2244/2244/2244 2214/2214/2214
f 2245/2245/2245 2214/2214/2214 2244/2244/2244
f 2246/2246/2246 2247/2247/2247 2222/2222/2222
f 2214/2214/2214 2248/2248/2248 2213/2213/2213
f 2230/2230/2230 2213/2213/2213 2248/2248/2248
f 2229/2229/2229 2242/2242/2242 2212/2212/2212
f 2240/2240/2240 2219/2219/2219 2212/2212/2212
f 2212/2212/2212 2249/2249/2249 2240/2240/2240
f 2251/2251/2251 2227/2227/2227 2250/2250/2250
f 2220/2220/2220 2255/2255/2255 2222/2222/2222
f 2233/2233/2233 2255/2255/2255 2220/2220/2220
f 2256/2256/2256 2257/2257/2257 2221/2221/2221
f 2221/2221/2221 2258/2258/2258 2259/2259/2259
f 2227/2227/2227 2260/2260/2260 2221/2221/2221
f 2258/2258/2258 2221/2221/2221 2260/2260/2260
f 2168/2168/2168 2261/2261/2261 2166/2166/2166
f 2261/2261/2261 2168/2168/2168 2262/2262/2262
f 2264/2264/2264 2263/2263/2263 2166/2166/2166
f 2175/2175/2175 2265/2265/2265 2176/2176/2176
f 2265/2265/2265 2175/2175/2175 2266/2266/2266
f 2265/2265/2265 2267/2267/2267 2176/2176/2176
f 2166/2166/2166 2268/2268/2268 2167/2167/2167
f 2268/2268/2268 2166/2166/2166 2269/2269/2269
f 2167/2167/2167 2270/2270/2270 2174/2174/2174
f 2167/2167/2167 2268/2268/2268 2270/2270/2270
f 2272/2272/2272 2271/2271/2271 2174/2174/2174
f 2274/2274/2274 2273/2273/2273 2168/2168/2168
f 2276/2276/2276 2175/2175/2175 2174/2174/2174
f 2275/2275/2275 2175/2175/2175 2276/2276/2276
f 2277/2277/2277 2176/2176/2176 2278/2278/2278
f 2186/2186/2186 2280/2280/2280 2185/2185/2185
f 2279/2279/2279 2185/2185/2185 2280/2280/2280
f 2186/2186/2186 2282/2282/2282 2281/2281/2281
f 2283/2283/2283 2188/2188/2188 2284/2284/2284
f 2188/2188/2188 2286/2286/2286 2187/2187/2187
f 2285/2285/2285 2168/2168/2168 2190/2190/2190
f 2287/2287/2287 2168/2168/2168 2285/2285/2285
f 2289/2289/2289 2288/2288/2288 2198/2198/2198
f 2290/2290/2290 2198/2198/2198 2199/2199/2199
f 2292/2292/2292 2200/2200/2200 2176/2176/2176
f 2176/2176/2176 2293/2293/2293 2292/2292/2292
f 2295/2295/2295 2294/2294/2294 2202/2202/2202
f 2296/2296/2296 2202/2202/2202 2203/2203/2203
f 2203/2203/2203 2297/2297/2297 2296/2296/2296
f 2299/2299/2299 2298/2298/2298 2210/2210/2210
f 2300/2300/2300 2210/2210/2210 2209/2209/2209
f 2209/2209/2209 2301/2301/2301 2300/2300/2300
f 2298/2298/2298 2302/2302/2302 2211/2211/2211
f 2211/2211/2211 2210/2210/2210 2298/2298/2298
f 2219/2219/2219 2303/2303/2303 2217/2217/2217
f 2303/2303/2303 2219/2219/2219 2304/2304/2304
f 2306/2306/2306 2305/2305/2305 2217/2217/2217
f 2226/2226/2226 2307/2307/2307 2227/2227/2227
f 2307/2307/2307 2226/2226/2226 2308/2308/2308
f 2310/2310/2310 2309/2309/2309 2227/2227/2227
f 2217/2217/2217 2311/2311/2311 2218/2218/2218
f 2311/2311/2311 2217/2217/2217 2312/2312/2312
f 2218/2218/2218 2313/2313/2313 2225/2225/2225
f 2218/2218/2218 2314/2314/2314 2313/2313/2313
f 2313/2313/2313 2315/2315/2315 2225/2225/2225
f 2316/2316/2316 2304/2304/2304 2219/2219/2219
f 2225/2225/2225 2318/2318/2318 2226/2226/2226
f 2317/2317/2317 2226/2226/2226 2318/2318/2318
f 2319/2319/2319 2227/2227/2227 2309/2309/2309
f 2237/2237/2237 2321/2321/2321 2236/2236/2236
f 2320/2320/2320 2236/2236/2236 2321/2321/2321
f 2237/2237/2237 2323/2323/2323 2322/2322/2322
f 2324/2324/2324 2239/2239/2239 2320/2320/2320
f 2239/2239/2239 2326/2326/2326 2238/2238/2238
f 2325/2325/2325 2219/2219/2219 2241/2241/2241
f 2327/2327/2327 2219/2219/2219 2325/2325/2325
f 2328/2328/2328 2250/2250/2250 2227/2227/2227
f 2227/2227/2227 2329/2329/2329 2328/2328/2328
f 2331/2331/2331 2330/2330/2330 2252/2252/2252
f 2250/2250/2250 2332/2332/2332 2252/2252/2252
f 2335/2335/2335 2334/2334/2334 2253/2253/2253
f 2337/2337/2337 2253/2253/2253 2254/2254/2254
f 2254/2254/2254 2336/2336/2336 2337/2337/2337
f 2344/2344/2344 2343/2343/2343 2345/2345/2345
f 2346/2346/2346 2345/2345/2345 2347/2347/2347
f 2350/2350/2350 2352/2352/2352 2353/2353/2353
f 2354/2354/2354 2353/2353/2353 2355/2355/2355
f 2345/2345/2345 2349/2349/2349 2347/2347/2347
f 2345/2345/2345 2342/2342/2342 2349/2349/2349
f 2342/2342/2342 2345/2345/2345 2343/2343/2343
f 2344/2344/2344 2346/2346/2346 2353/2353/2353
f 2346/2346/2346 2348/2348/2348 2355/2355/2355
f 2357/2357/2357 2354/2354/2354 2356/2356/2356
f 2351/2351/2351 2350/2350/2350 2354/2354/2354
f 2354/2354/2354 2357/2357/2357 2351/2351/2351
f 2358/2358/2358 2359/2359/2359 2342/2342/2342
f 2343/2343/2343 2361/2361/2361 2342/2342/2342
f 2360/2360/2360 2361/2361/2361 2343/2343/2343
f 2362/2362/2362 2363/2363/2363 2350/2350/2350
f 2351/2351/2351 2365/2365/2365 2350/2350/2350
f 2364/2364/2364 2365/2365/2365 2351/2351/2351
f 2370/2370/2370 2371/2371/2371 2349/2349/2349
f 2373/2373/2373 2342/2342/2342 2372/2372/2372
f 2344/2344/2344 2374/2374/2374 2343/2343/2343
f 2360/2360/2360 2343/2343/2343 2374/2374/2374
f 2375/2375/2375 2376/2376/2376 2342/2342/2342
f 2378/2378/2378 2349/2349/2349 2342/2342/2342
f 2342/2342/2342 2377/2377/2377 2378/2378/2378
f 2379/2379/2379 2380/2380/2380 2344/2344/2344
f 2352/2352/2352 2382/2382/2382 2344/2344/2344
f 2381/2381/2381 2382/2382/2382 2352/2352/2352
f 2386/2386/2386 2357/2357/2357 2385/2385/2385
f 2350/2350/2350 2390/2390/2390 2352/2352/2352
f 2389/2389/2389 2390/2390/2390 2350/2350/2350
f 2391/2391/2391 2364/2364/2364 2351/2351/2351
f 2351/2351/2351 2392/2392/2392 2393/2393/2393
f 2357/2357/2357 2394/2394/2394 2351/2351/2351
f 2395/2395/2395 2351/2351/2351 2394/2394/2394
f 2401/2401/2401 2400/2400/2400 2338/2338/2338
f 2402/2402/2402 2338/2338/2338 2339/2339/2339
f 2339/2339/2339 2403/2403/2403 2402/2402/2402
f 2405/2405/2405 2404/2404/2404 2340/2340/2340
f 2341/2341/2341 2405/2405/2405 2340/2340/2340
f 2349/2349/2349 2406/2406/2406 2347/2347/2347
f 2349/2349/2349 2407/2407/2407 2406/2406/2406
f 2409/2409/2409 2408/2408/2408 2347/2347/2347
f 2356/2356/2356 2410/2410/2410 2357/2357/2357
f 2356/2356/2356 2411/2411/2411 2410/2410/2410
f 2413/2413/2413 2412/2412/2412 2357/2357/2357
f 2415/2415/2415 2414/2414/2414 2355/2355/2355
f 2348/2348/2348 2416/2416/2416 2355/2355/2355
f 2417/2417/2417 2416/2416/2416 2348/2348/2348
f 2347/2347/2347 2418/2418/2418 2348/2348/2348
f 2347/2347/2347 2419/2419/2419 2418/2418/2418
f 2420/2420/2420 2407/2407/2407 2349/2349/2349
f 2355/2355/2355 2414/2414/2414 2356/2356/2356
f 2421/2421/2421 2356/2356/2356 2414/2414/2414
f 2422/2422/2422 2357/2357/2357 2423/2423/2423
f 2367/2367/2367 2425/2425/2425 2366/2366/2366
f 2367/2367/2367 2426/2426/2426 2425/2425/2425
f 2369/2369/2369 2428/2428/2428 2368/2368/2368
f 2427/2427/2427 2368/2368/2368 2428/2428/2428
f 2369/2369/2369 2430/2430/2430 2429/2429/2429
f 2432/2432/2432 2349/2349/2349 2371/2371/2371
f 2431/2431/2431 2349/2349/2349 2432/2432/2432
f 2434/2434/2434 2433/2433/2433 2383/2383/2383
f 2435/2435/2435 2383/2383/2383 2384/2384/2384
f 2437/2437/2437 2385/2385/2385 2357/2357/2357
f 2357/2357/2357 2438/2438/2438 2437/2437/2437
f 2440/2440/2440 2439/2439/2439 2387/2387/2387
f 2441/2441/2441 2387/2387/2387 2388/2388/2388
f 2388/2388/2388 2442/2442/2442 2441/2441/2441
f 2444/2444/2444 2443/2443/2443 2396/2396/2396
f 2445/2445/2445 2396/2396/2396 2397/2397/2397
f 2397/2397/2397 2446/2446/2446 2445/2445/2445
f 2447/2447/2447 2398/2398/2398 2448/2448/2448
f 2399/2399/2399 2448/2448/2448 2398/2398/2398
f 2451/2451/2451 2449/2449/2449 2450/2450/2450
f 2453/2453/2453 2449/2449/2449 2454/2454/2454
f 2456/2456/2456 2450/2450/2450 2449/2449/2449
f 2450/2450/2450 2456/2456/2456 2455/2455/2455
f 2459/2459/2459 2457/2457/2457 2458/2458/2458
f 2461/2461/2461 2457/2457/2457 2462/2462/2462
f 2464/2464/2464 2458/2458/2458 2457/2457/2457
f 2458/2458/2458 2464/2464/2464 2463/2463/2463
f 2465/2465/2465 2466/2466/2466 2467/2467/2467
f 2468/2468/2468 2469/2469/2469 2470/2470/2470
f 2471/2471/2471 2472/2472/2472 2473/2473/2473
f 2474/2474/2474 2475/2475/2475 2476/2476/2476
f 2477/2477/2477 2478/2478/2478 2479/2479/2479
f 2480/2480/2480 2481/2481/2481 2482/2482/2482
f 2483/2483/2483 2484/2484/2484 2485/2485/2485
f 2486/2486/2486 2487/2487/2487 2488/2488/2488
f 2489/2489/2489 2490/2490/2490 2491/2491/2491
f 2490/2490/2490 2489/2489/2489 2492/2492/2492
f 2489/2489/2489 2491/2491/2491 2493/2493/2493
f 2494/2494/2494 2493/2493/2493 2495/2495/2495
f 2494/2494/2494 2496/2496/2496 2489/2489/2489
f 2493/2493/2493 2494/2494/2494 2489/2489/2489
f 2499/2499/2499 2498/2498/2498 2500/2500/2500
f 2501/2501/2501 2500/2500/2500 2502/2502/2502
f 2505/2505/2505 2507/2507/2507 2508/2508/2508
f 2509/2509/2509 2508/2508/2508 2510/2510/2510
f 2500/2500/2500 2504/2504/2504 2502/2502/2502
f 2497/2497/2497 2504/2504/2504 2500/2500/2500
f 2497/2497/2497 2500/2500/2500 2498/2498/2498
f 2499/2499/2499 2501/2501/2501 2508/2508/2508
f 2501/2501/2501 2503/2503/2503 2510/2510/2510
f 2512/2512/2512 2509/2509/2509 2511/2511/2511
f 2506/2506/2506 2505/2505/2505 2509/2509/2509
f 2509/2509/2509 2512/2512/2512 2506/2506/2506
f 2513/2513/2513 2514/2514/2514 2497/2497/2497
f 2498/2498/2498 2516/2516/2516 2497/2497/2497
f 2515/2515/2515 2516/2516/2516 2498/2498/2498
f 2517/2517/2517 2518/2518/2518 2505/2505/2505
f 2506/2506/2506 2520/2520/2520 2505/2505/2505
f 2519/2519/2519 2520/2520/2520 2506/2506/2506
f 2525/2525/2525 2526/2526/2526 2504/2504/2504
f 2528/2528/2528 2497/2497/2497 2527/2527/2527
f 2530/2530/2530 2499/2499/2499 2507/2507/2507
f 2507/2507/2507 2529/2529/2529 2530/2530/2530
f 2531/2531/2531 2532/2532/2532 2499/2499/2499
f 2499/2499/2499 2532/2532/2532 2498/2498/2498
f 2515/2515/2515 2498/2498/2498 2532/2532/2532
f 2514/2514/2514 2527/2527/2527 2497/2497/2497
f 2525/2525/2525 2504/2504/2504 2497/2497/2497
f 2497/2497/2497 2533/2533/2533 2525/2525/2525
f 2537/2537/2537 2512/2512/2512 2536/2536/2536
f 2505/2505/2505 2540/2540/2540 2507/2507/2507
f 2518/2518/2518 2540/2540/2540 2505/2505/2505
f 2541/2541/2541 2519/2519/2519 2506/2506/2506
f 2506/2506/2506 2542/2542/2542 2543/2543/2543
f 2512/2512/2512 2544/2544/2544 2506/2506/2506
f 2542/2542/2542 2506/2506/2506 2544/2544/2544
f 2550/2550/2550 2549/2549/2549 2551/2551/2551
f 2552/2552/2552 2551/2551/2551 2553/2553/2553
f 2556/2556/2556 2558/2558/2558 2559/2559/2559
f 2560/2560/2560 2559/2559/2559 2561/2561/2561
f 2551/2551/2551 2555/2555/2555 2553/2553/2553
f 2548/2548/2548 2555/2555/2555 2551/2551/2551
f 2548/2548/2548 2551/2551/2551 2549/2549/2549
f 2550/2550/2550 2552/2552/2552 2559/2559/2559
f 2552/2552/2552 2554/2554/2554 2561/2561/2561
f 2563/2563/2563 2560/2560/2560 2562/2562/2562
f 2557/2557/2557 2556/2556/2556 2560/2560/2560
f 2560/2560/2560 2563/2563/2563 2557/2557/2557
f 2564/2564/2564 2565/2565/2565 2548/2548/2548
f 2549/2549/2549 2567/2567/2567 2548/2548/2548
f 2566/2566/2566 2567/2567/2567 2549/2549/2549
f 2568/2568/2568 2569/2569/2569 2556/2556/2556
f 2557/2557/2557 2571/2571/2571 2556/2556/2556
f 2570/2570/2570 2571/2571/2571 2557/2557/2557
f 2576/2576/2576 2577/2577/2577 2555/2555/2555
f 2579/2579/2579 2548/2548/2548 2578/2578/2578
f 2558/2558/2558 2580/2580/2580 2550/2550/2550
f 2581/2581/2581 2550/2550/2550 2580/2580/2580
f 2582/2582/2582 2583/2583/2583 2558/2558/2558
f 2550/2550/2550 2584/2584/2584 2549/2549/2549
f 2566/2566/2566 2549/2549/2549 2584/2584/2584
f 2565/2565/2565 2578/2578/2578 2548/2548/2548
f 2576/2576/2576 2555/2555/2555 2548/2548/2548
f 2548/2548/2548 2585/2585/2585 2576/2576/2576
f 2587/2587/2587 2563/2563/2563 2586/2586/2586
f 2556/2556/2556 2591/2591/2591 2558/2558/2558
f 2569/2569/2569 2591/2591/2591 2556/2556/2556
f 2592/2592/2592 2593/2593/2593 2557/2557/2557
f 2557/2557/2557 2594/2594/2594 2595/2595/2595
f 2563/2563/2563 2596/2596/2596 2557/2557/2557
f 2594/2594/2594 2557/2557/2557 2596/2596/2596
f 2504/2504/2504 2597/2597/2597 2502/2502/2502
f 2597/2597/2597 2504/2504/2504 2598/2598/2598
f 2600/2600/2600 2599/2599/2599 2502/2502/2502
f 2511/2511/2511 2601/2601/2601 2512/2512/2512
f 2601/2601/2601 2511/2511/2511 2602/2602/2602
f 2601/2601/2601 2603/2603/2603 2512/2512/2512
f 2502/2502/2502 2604/2604/2604 2503/2503/2503
f 2604/2604/2604 2502/2502/2502 2605/2605/2605
f 2503/2503/2503 2606/2606/2606 2510/2510/2510
f 2503/2503/2503 2604/2604/2604 2606/2606/2606
f 2608/2608/2608 2607/2607/2607 2510/2510/2510
f 2610/2610/2610 2609/2609/2609 2504/2504/2504
f 2612/2612/2612 2511/2511/2511 2510/2510/2510
f 2611/2611/2611 2511/2511/2511 2612/2612/2612
f 2613/2613/2613 2512/2512/2512 2614/2614/2614
f 2522/2522/2522 2616/2616/2616 2521/2521/2521
f 2615/2615/2615 2521/2521/2521 2616/2616/2616
f 2522/2522/2522 2618/2618/2618 2617/2617/2617
f 2619/2619/2619 2524/2524/2524 2620/2620/2620
f 2524/2524/2524 2622/2622/2622 2523/2523/2523
f 2621/2621/2621 2504/2504/2504 2526/2526/2526
f 2623/2623/2623 2504/2504/2504 2621/2621/2621
f 2625/2625/2625 2624/2624/2624 2534/2534/2534
f 2626/2626/2626 2534/2534/2534 2535/2535/2535
f 2628/2628/2628 2536/2536/2536 2512/2512/2512
f 2512/2512/2512 2629/2629/2629 2628/2628/2628
f 2631/2631/2631 2630/2630/2630 2538/2538/2538
f 2632/2632/2632 2538/2538/2538 2539/2539/2539
f 2539/2539/2539 2633/2633/2633 2632/2632/2632
f 2635/2635/2635 2634/2634/2634 2546/2546/2546
f 2636/2636/2636 2546/2546/2546 2545/2545/2545
f 2545/2545/2545 2637/2637/2637 2636/2636/2636
f 2634/2634/2634 2638/2638/2638 2547/2547/2547
f 2547/2547/2547 2546/2546/2546 2634/2634/2634
f 2555/2555/2555 2639/2639/2639 2553/2553/2553
f 2639/2639/2639 2555/2555/2555 2640/2640/2640
f 2642/2642/2642 2641/2641/2641 2553/2553/2553
f 2562/2562/2562 2643/2643/2643 2563/2563/2563
f 2643/2643/2643 2562/2562/2562 2644/2644/2644
f 2646/2646/2646 2645/2645/2645 2563/2563/2563
f 2553/2553/2553 2647/2647/2647 2554/2554/2554
f 2647/2647/2647 2553/2553/2553 2648/2648/2648
f 2554/2554/2554 2649/2649/2649 2561/2561/2561
f 2554/2554/2554 2650/2650/2650 2649/2649/2649
f 2649/2649/2649 2651/2651/2651 2561/2561/2561
f 2652/2652/2652 2640/2640/2640 2555/2555/2555
f 2561/2561/2561 2654/2654/2654 2562/2562/2562
f 2653/2653/2653 2562/2562/2562 2654/2654/2654
f 2655/2655/2655 2563/2563/2563 2645/2645/2645
f 2573/2573/2573 2657/2657/2657 2572/2572/2572
f 2656/2656/2656 2572/2572/2572 2657/2657/2657
f 2573/2573/2573 2659/2659/2659 2658/2658/2658
f 2660/2660/2660 2575/2575/2575 2656/2656/2656
f 2575/2575/2575 2662/2662/2662 2574/2574/2574
f 2661/2661/2661 2574/2574/2574 2662/2662/2662
f 2661/2661/2661 2555/2555/2555 2577/2577/2577
f 2663/2663/2663 2555/2555/2555 2661/2661/2661
f 2664/2664/2664 2586/2586/2586 2563/2563/2563
f 2563/2563/2563 2665/2665/2665 2664/2664/2664
f 2667/2667/2667 2666/2666/2666 2588/2588/2588
f 2586/2586/2586 2668/2668/2668 2588/2588/2588
f 2669/2669/2669 2668/2668/2668 2586/2586/2586
f 2671/2671/2671 2670/2670/2670 2589/2589/2589
f 2673/2673/2673 2589/2589/2589 2590/2590/2590
f 2590/2590/2590 2672/2672/2672 2673/2673/2673
f 2680/2680/2680 2679/2679/2679 2681/2681/2681
f 2682/2682/2682 2681/2681/2681 2683/2683/2683
f 2686/2686/2686 2688/2688/2688 2689/2689/2689
f 2690/2690/2690 2689/2689/2689 2691/2691/2691
f 2681/2681/2681 2685/2685/2685 2683/2683/2683
f 2681/2681/2681 2678/2678/2678 2685/2685/2685
f 2678/2678/2678 2681/2681/2681 2679/2679/2679
f 2680/2680/2680 2682/2682/2682 2689/2689/2689
f 2682/2682/2682 2684/2684/2684 2691/2691/2691
f 2693/2693/2693 2690/2690/2690 2692/2692/2692
f 2687/2687/2687 2686/2686/2686 2690/2690/2690
f 2690/2690/2690 2693/2693/2693 2687/2687/2687
f 2694/2694/2694 2695/2695/2695 2678/2678/2678
f 2679/2679/2679 2697/2697/2697 2678/2678/2678
f 2696/2696/2696 2697/2697/2697 2679/2679/2679
f 2698/2698/2698 2699/2699/2699 2686/2686/2686
f 2687/2687/2687 2701/2701/2701 2686/2686/2686
f 2700/2700/2700 2701/2701/2701 2687/2687/2687
f 2706/2706/2706 2707/2707/2707 2685/2685/2685
f 2709/2709/2709 2678/2678/2678 2708/2708/2708
f 2680/2680/2680 2710/2710/2710 2679/2679/2679
f 2696/2696/2696 2679/2679/2679 2710/2710/2710
f 2711/2711/2711 2712/2712/2712 2678/2678/2678
f 2714/2714/2714 2685/2685/2685 2678/2678/2678
f 2678/2678/2678 2713/2713/2713 2714/2714/2714
f 2715/2715/2715 2716/2716/2716 2680/2680/2680
f 2688/2688/2688 2718/2718/2718 2680/2680/2680
f 2717/2717/2717 2718/2718/2718 2688/2688/2688
f 2722/2722/2722 2693/2693/2693 2721/2721/2721
f 2686/2686/2686 2726/2726/2726 2688/2688/2688
f 2725/2725/2725 2726/2726/2726 2686/2686/2686
f 2727/2727/2727 2700/2700/2700 2687/2687/2687
f 2687/2687/2687 2728/2728/2728 2729/2729/2729
f 2693/2693/2693 2730/2730/2730 2687/2687/2687
f 2731/2731/2731 2687/2687/2687 2730/2730/2730
f 2737/2737/2737 2736/2736/2736 2674/2674/2674
f 2738/2738/2738 2674/2674/2674 2675/2675/2675
f 2675/2675/2675 2739/2739/2739 2738/2738/2738
f 2741/2741/2741 2740/2740/2740 2676/2676/2676
f 2677/2677/2677 2741/2741/2741 2676/2676/2676
f 2685/2685/2685 2742/2742/2742 2683/2683/2683
f 2685/2685/2685 2743/2743/2743 2742/2742/2742
f 2745/2745/2745 2744/2744/2744 2683/2683/2683
f 2692/2692/2692 2746/2746/2746 2693/2693/2693
f 2692/2692/2692 2747/2747/2747 2746/2746/2746
f 2749/2749/2749 2748/2748/2748 2693/2693/2693
f 2751/2751/2751 2750/2750/2750 2691/2691/2691
f 2684/2684/2684 2752/2752/2752 2691/2691/2691
f 2753/2753/2753 2752/2752/2752 2684/2684/2684
f 2683/2683/2683 2754/2754/2754 2684/2684/2684
f 2683/2683/2683 2755/2755/2755 2754/2754/2754
f 2756/2756/2756 2743/2743/2743 2685/2685/2685
f 2691/2691/2691 2750/2750/2750 2692/2692/2692
f 2757/2757/2757 2692/2692/2692 2750/2750/2750
f 2758/2758/2758 2693/2693/2693 2759/2759/2759
f 2703/2703/2703 2761/2761/2761 2702/2702/2702
f 2703/2703/2703 2762/2762/2762 2761/2761/2761
f 2705/2705/2705 2764/2764/2764 2704/2704/2704
f 2763/2763/2763 2704/2704/2704 2764/2764/2764
f 2705/2705/2705 2766/2766/2766 2765/2765/2765
f 2768/2768/2768 2685/2685/2685 2707/2707/2707
f 2767/2767/2767 2685/2685/2685 2768/2768/2768
f 2770/2770/2770 2769/2769/2769 2719/2719/2719
f 2771/2771/2771 2719/2719/2719 2720/2720/2720
f 2773/2773/2773 2721/2721/2721 2693/2693/2693
f 2693/2693/2693 2774/2774/2774 2773/2773/2773
f 2776/2776/2776 2775/2775/2775 2723/2723/2723
f 2777/2777/2777 2723/2723/2723 2724/2724/2724
f 2724/2724/2724 2778/2778/2778 2777/2777/2777
f 2780/2780/2780 2779/2779/2779 2732/2732/2732
f 2781/2781/2781 2732/2732/2732 2733/2733/2733
f 2733/2733/2733 2782/2782/2782 2781/2781/2781
f 2783/2783/2783 2734/2734/2734 2784/2784/2784
f 2735/2735/2735 2784/2784/2784 2734/2734/2734
f 2787/2787/2787 2785/2785/2785 2786/2786/2786
f 2789/2789/2789 2785/2785/2785 2790/2790/2790
f 2792/2792/2792 2786/2786/2786 2785/2785/2785
f 2786/2786/2786 2792/2792/2792 2791/2791/2791
f 2795/2795/2795 2793/2793/2793 2794/2794/2794
f 2797/2797/2797 2793/2793/2793 2798/2798/2798
f 2800/2800/2800 2794/2794/2794 2793/2793/2793
f 2794/2794/2794 2800/2800/2800 2799/2799/2799
f 2801/2801/2801 2802/2802/2802 2803/2803/2803
f 2804/2804/2804 2805/2805/2805 2806/2806/2806
f 2807/2807/2807 2808/2808/2808 2809/2809/2809
f 2810/2810/2810 2811/2811/2811 2812/2812/2812
f 2813/2813/2813 2814/2814/2814 2815/2815/2815
f 2816/2816/2816 2817/2817/2817 2818/2818/2818
f 2819/2819/2819 2820/2820/2820 2821/2821/2821
f 2822/2822/2822 2823/2823/2823 2824/2824/2824
f 2825/2825/2825 2826/2826/2826 2827/2827/2827
f 2826/2826/2826 2825/2825/2825 2828/2828/2828
f 2825/2825/2825 2827/2827/2827 2829/2829/2829
f 2830/2830/2830 2829/2829/2829 2831/2831/2831
f 2830/2830/2830 2832/2832/2832 2825/2825/2825
f 2829/2829/2829 2830/2830/2830 2825/2825/2825
f 2835/2835/2835 2834/2834/2834 2836/2836/2836
f 2837/2837/2837 2836/2836/2836 2838/2838/2838
f 2841/2841/2841 2843/2843/2843 2844/2844/2844
f 2845/2845/2845 2844/2844/2844 2846/2846/2846
f 2836/2836/2836 2840/2840/2840 2838/2838/2838
f 2833/2833/2833 2840/2840/2840 2836/2836/2836
f 2833/2833/2833 2836/2836/2836 2834/2834/2834
f 2835/2835/2835 2837/2837/2837 2844/2844/2844
f 2837/2837/2837 2839/2839/2839 2846/2846/2846
f 2848/2848/2848 2845/2845/2845 2847/2847/2847
f 2842/2842/2842 2841/2841/2841 2845/2845/2845
f 2845/2845/2845 2848/2848/2848 2842/2842/2842
f 2849/2849/2849 2850/2850/2850 2833/2833/2833
f 2834/2834/2834 2852/2852/2852 2833/2833/2833
f 2851/2851/2851 2852/2852/2852 2834/2834/2834
f 2853/2853/2853 2854/2854/2854 2841/2841/2841
f 2842/2842/2842 2856/2856/2856 2841/2841/2841
f 2855/2855/2855 2856/2856/2856 2842/2842/2842
f 2861/2861/2861 2862/2862/2862 2840/2840/2840
f 2864/2864/2864 2833/2833/2833 2863/2863/2863
f 2866/2866/2866 2835/2835/2835 2843/2843/2843
f 2843/2843/2843 2865/2865/2865 2866/2866/2866
f 2867/2867/2867 2868/2868/2868 2835/2835/2835
f 2835/2835/2835 2868/2868/2868 2834/2834/2834
f 2851/2851/2851 2834/2834/2834 2868/2868/2868
f 2850/2850/2850 2863/2863/2863 2833/2833/2833
f 2861/2861/2861 2840/2840/2840 2833/2833/2833
f 2833/2833/2833 2869/2869/2869 2861/2861/2861
f 2873/2873/2873 2848/2848/2848 2872/2872/2872
f 2841/2841/2841 2876/2876/2876 2843/2843/2843
f 2854/2854/2854 2876/2876/2876 2841/2841/2841
f 2877/2877/2877 2855/2855/2855 2842/2842/2842
f 2842/2842/2842 2878/2878/2878 2879/2879/2879
f 2848/2848/2848 2880/2880/2880 2842/2842/2842
f 2878/2878/2878 2842/2842/2842 2880/2880/2880
f 2886/2886/2886 2885/2885/2885 2887/2887/2887
f 2888/2888/2888 2887/2887/2887 2889/2889/2889
f 2892/2892/2892 2894/2894/2894 2895/2895/2895
f 2896/2896/2896 2895/2895/2895 2897/2897/2897
f 2887/2887/2887 2891/2891/2891 2889/2889/2889
f 2884/2884/2884 2891/2891/2891 2887/2887/2887
f 2884/2884/2884 2887/2887/2887 2885/2885/2885
f 2886/2886/2886 2888/2888/2888 2895/2895/2895
f 2888/2888/2888 2890/2890/2890 2897/2897/2897
f 2899/2899/2899 2896/2896/2896 2898/2898/2898
f 2893/2893/2893 2892/2892/2892 2896/2896/2896
f 2896/2896/2896 2899/2899/2899 2893/2893/2893
f 2900/2900/2900 2901/2901/2901 2884/2884/2884
f 2885/2885/2885 2903/2903/2903 2884/2884/2884
f 2902/2902/2902 2903/2903/2903 2885/2885/2885
f 2904/2904/2904 2905/2905/2905 2892/2892/2892
f 2893/2893/2893 2907/2907/2907 2892/2892/2892
f 2906/2906/2906 2907/2907/2907 2893/2893/2893
f 2912/2912/2912 2913/2913/2913 2891/2891/2891
f 2915/2915/2915 2884/2884/2884 2914/2914/2914
f 2894/2894/2894 2916/2916/2916 2886/2886/2886
f 2917/2917/2917 2886/2886/2886 2916/2916/2916
f 2918/2918/2918 2919/2919/2919 2894/2894/2894
f 2886/2886/2886 2920/2920/2920 2885/2885/2885
f 2902/2902/2902 2885/2885/2885 2920/2920/2920
f 2901/2901/2901 2914/2914/2914 2884/2884/2884
f 2912/2912/2912 2891/2891/2891 2884/2884/2884
f 2884/2884/2884 2921/2921/2921 2912/2912/2912
f 2923/2923/2923 2899/2899/2899 2922/2922/2922
f 2892/2892/2892 2927/2927/2927 2894/2894/2894
f 2905/2905/2905 2927/2927/2927 2892/2892/2892
f 2928/2928/2928 2929/2929/2929 2893/2893/2893
f 2893/2893/2893 2930/2930/2930 2931/2931/2931
f 2899/2899/2899 2932/2932/2932 2893/2893/2893
f 2930/2930/2930 2893/2893/2893 2932/2932/2932
f 2840/2840/2840 2933/2933/2933 2838/2838/2838
f 2933/2933/2933 2840/2840/2840 2934/2934/2934
f 2936/2936/2936 2935/2935/2935 2838/2838/2838
f 2847/2847/2847 2937/2937/2937 2848/2848/2848
f 2937/2937/2937 2847/2847/2847 2938/2938/2938
f 2937/2937/2937 2939/2939/2939 2848/2848/2848
f 2838/2838/2838 2940/2940/2940 2839/2839/2839
f 2940/2940/2940 2838/2838/2838 2941/2941/2941
f 2839/2839/2839 2942/2942/2942 2846/2846/2846
f 2839/2839/2839 2940/2940/2940 2942/2942/2942
f 2944/2944/2944 2943/2943/2943 2846/2846/2846
f 2946/2946/2946 2945/2945/2945 2840/2840/2840
f 2948/2948/2948 2847/2847/2847 2846/2846/2846
f 2947/2947/2947 2847/2847/2847 2948/2948/2948
f 2949/2949/2949 2848/2848/2848 2950/2950/2950
f 2858/2858/2858 2952/2952/2952 2857/2857/2857
f 2951/2951/2951 2857/2857/2857 2952/2952/2952
f 2858/2858/2858 2954/2954/2954 2953/2953/2953
f 2955/2955/2955 2860/2860/2860 2956/2956/2956
f 2860/2860/2860 2958/2958/2958 2859/2859/2859
f 2957/2957/2957 2840/2840/2840 2862/2862/2862
f 2959/2959/2959 2840/2840/2840 2957/2957/2957
f 2961/2961/2961 2960/2960/2960 2870/2870/2870
f 2962/2962/2962 2870/2870/2870 2871/2871/2871
f 2964/2964/2964 2872/2872/2872 2848/2848/2848
f 2848/2848/2848 2965/2965/2965 2964/2964/2964
f 2967/2967/2967 2966/2966/2966 2874/2874/2874
f 2968/2968/2968 2874/2874/2874 2875/2875/2875
f 2875/2875/2875 2969/2969/2969 2968/2968/2968
f 2971/2971/2971 2970/2970/2970 2882/2882/2882
f 2972/2972/2972 2882/2882/2882 2881/2881/2881
f 2881/2881/2881 2973/2973/2973 2972/2972/2972
f 2970/2970/2970 2974/2974/2974 2883/2883/2883
f 2883/2883/2883 2882/2882/2882 2970/2970/2970
f 2891/2891/2891 2975/2975/2975 2889/2889/2889
f 2975/2975/2975 2891/2891/2891 2976/2976/2976
f 2978/2978/2978 2977/2977/2977 2889/2889/2889
f 2898/2898/2898 2979/2979/2979 2899/2899/2899
f 2979/2979/2979 2898/2898/2898 2980/2980/2980
f 2982/2982/2982 2981/2981/2981 2899/2899/2899
f 2889/2889/2889 2983/2983/2983 2890/2890/2890
f 2983/2983/2983 2889/2889/2889 2984/2984/2984
f 2890/2890/2890 2985/2985/2985 2897/2897/2897
f 2890/2890/2890 2986/2986/2986 2985/2985/2985
f 2985/2985/2985 2987/2987/2987 2897/2897/2897
f 2988/2988/2988 2976/2976/2976 2891/2891/2891
f 2897/2897/2897 2990/2990/2990 2898/2898/2898
f 2989/2989/2989 2898/2898/2898 2990/2990/2990
f 2991/2991/2991 2899/2899/2899 2981/2981/2981
f 2909/2909/2909 2993/2993/2993 2908/2908/2908
f 2992/2992/2992 2908/2908/2908 2993/2993/2993
f 2909/2909/2909 2995/2995/2995 2994/2994/2994
f 2996/2996/2996 2911/2911/2911 2992/2992/2992
f 2911/2911/2911 2998/2998/2998 2910/2910/2910
f 2997/2997/2997 2891/2891/2891 2913/2913/2913
f 2999/2999/2999 2891/2891/2891 2997/2997/2997
f 3000/3000/3000 2922/2922/2922 2899/2899/2899
f 2899/2899/2899 3001/3001/3001 3000/3000/3000
f 3003/3003/3003 3002/3002/3002 2924/2924/2924
f 2922/2922/2922 3004/3004/3004 2924/2924/2924
f 3007/3007/3007 3006/3006/3006 2925/2925/2925
f 3009/3009/3009 2925/2925/2925 2926/2926/2926
f 2926/2926/2926 3008/3008/3008 3009/3009/3009
f 3016/3016/3016 3015/3015/3015 3017/3017/3017
f 3018/3018/3018 3017/3017/3017 3019/3019/3019
f 3022/3022/3022 3024/3024/3024 3025/3025/3025
f 3026/3026/3026 3025/3025/3025 3027/3027/3027
f 3017/3017/3017 3021/3021/3021 3019/3019/3019
f 3017/3017/3017 3014/3014/3014 3021/3021/3021
f 3014/3014/3014 3017/3017/3017 3015/3015/3015
f 3016/3016/3016 3018/3018/3018 3025/3025/3025
f 3018/3018/3018 3020/3020/3020 3027/3027/3027
f 3029/3029/3029 3026/3026/3026 3028/3028/3028
f 3023/3023/3023 3022/3022/3022 3026/3026/3026
f 3026/3026/3026 3029/3029/3029 3023/3023/3023
f 3030/3030/3030 3031/3031/3031 3014/3014/3014
f 3015/3015/3015 3033/3033/3033 3014/3014/3014
f 3032/3032/3032 3033/3033/3033 3015/3015/3015
f 3034/3034/3034 3035/3035/3035 3022/3022/3022
f 3023/3023/3023 3037/3037/3037 3022/3022/3022
f 3036/3036/3036 3037/3037/3037 3023/3023/3023
f 3042/3042/3042 3043/3043/3043 3021/3021/3021
f 3045/3045/3045 3014/3014/3014 3044/3044/3044
f 3016/3016/3016 3046/3046/3046 3015/3015/3015
f 3032/3032/3032 3015/3015/3015 3046/3046/3046
f 3047/3047/3047 3048/3048/3048 3014/3014/3014
f 3050/3050/3050 3021/3021/3021 3014/3014/3014
f 3014/3014/3014 3049/3049/3049 3050/3050/3050
f 3051/3051/3051 3052/3052/3052 3016/3016/3016
f 3024/3024/3024 3054/3054/3054 3016/3016/3016
f 3053/3053/3053 3054/3054/3054 3024/3024/3024
f 3058/3058/3058 3029/3029/3029 3057/3057/3057
f 3022/3022/3022 3062/3062/3062 3024/3024/3024
f 3061/3061/3061 3062/3062/3062 3022/3022/3022
f 3063/3063/3063 3036/3036/3036 3023/3023/3023
f 3023/3023/3023 3064/3064/3064 3065/3065/3065
f 3029/3029/3029 3066/3066/3066 3023/3023/3023
f 3067/3067/3067 3023/3023/3023 3066/3066/3066
f 3073/3073/3073 3072/3072/3072 3010/3010/3010
f 3074/3074/3074 3010/3010/3010 3011/3011/3011
f 3011/3011/3011 3075/3075/3075 3074/3074/3074
f 3077/3077/3077 3076/3076/3076 3012/3012/3012
f 3013/3013/3013 3077/3077/3077 3012/3012/3012
f 3021/3021/3021 3078/3078/3078 3019/3019/3019
f 3021/3021/3021 3079/3079/3079 3078/3078/3078
f 3081/3081/3081 3080/3080/3080 3019/3019/3019
f 3028/3028/3028 3082/3082/3082 3029/3029/3029
f 3028/3028/3028 3083/3083/3083 3082/3082/3082
f 3085/3085/3085 3084/3084/3084 3029/3029/3029
f 3087/3087/3087 3086/3086/3086 3027/3027/3027
f 3020/3020/3020 3088/3088/3088 3027/3027/3027
f 3089/3089/3089 3088/3088/3088 3020/3020/3020
f 3019/3019/3019 3090/3090/3090 3020/3020/3020
f 3019/3019/3019 3091/3091/3091 3090/3090/3090
f 3092/3092/3092 3079/3079/3079 3021/3021/3021
f 3027/3027/3027 3086/3086/3086 3028/3028/3028
f 3093/3093/3093 3028/3028/3028 3086/3086/3086
f 3094/3094/3094 3029/3029/3029 3095/3095/3095
f 3039/3039/3039 3097/3097/3097 3038/3038/3038
f 3039/3039/3039 3098/3098/3098 3097/3097/3097
f 3041/3041/3041 3100/3100/3100 3040/3040/3040
f 3099/3099/3099 3040/3040/3040 3100/3100/3100
f 3041/3041/3041 3102/3102/3102 3101/3101/3101
f 3104/3104/3104 3021/3021/3021 3043/3043/3043
f 3103/3103/3103 3021/3021/3021 3104/3104/3104
f 3106/3106/3106 3105/3105/3105 3055/3055/3055
f 3107/3107/3107 3055/3055/3055 3056/3056/3056
f 3109/3109/3109 3057/3057/3057 3029/3029/3029
f 3029/3029/3029 3110/3110/3110 3109/3109/3109
f 3112/3112/3112 3111/3111/3111 3059/3059/3059
f 3113/3113/3113 3059/3059/3059 3060/3060/3060
f 3060/3060/3060 3114/3114/3114 3113/3113/3113
f 3116/3116/3116 3115/3115/3115 3068/3068/3068
f 3117/3117/3117 3068/3068/3068 3069/3069/3069
f 3069/3069/3069 3118/3118/3118 3117/3117/3117
f 3119/3119/3119 3070/3070/3070 3120/3120/3120
f 3071/3071/3071 3120/3120/3120 3070/3070/3070
f 3123/3123/3123 3121/3121/3121 3122/3122/3122
f 3125/3125/3125 3121/3121/3121 3126/3126/3126
f 3128/3128/3128 3122/3122/3122 3121/3121/3121
f 3122/3122/3122 3128/3128/3128 3127/3127/3127
f 3131/3131/3131 3129/3129/3129 3130/3130/3130
f 3133/3133/3133 3129/3129/3129 3134/3134/3134
f 3136/3136/3136 3130/3130/3130 3129/3129/3129
f 3130/3130/3130 3136/3136/3136 3135/3135/3135
f 3137/3137/3137 3138/3138/3138 3139/3139/3139
f 3140/3140/3140 3141/3141/3141 3142/3142/3142
f 3143/3143/3143 3144/3144/3144 3145/3145/3145
f 3146/3146/3146 3147/3147/3147 3148/3148/3148
f 3149/3149/3149 3150/3150/3150 3151/3151/3151
f 3152/3152/3152 3153/3153/3153 3154/3154/3154
f 3155/3155/3155 3156/3156/3156 3157/3157/3157
f 3158/3158/3158 3159/3159/3159 3160/3160/3160
f 3161/3161/3161 3162/3162/3162 3163/3163/3163
f 3162/3162/3162 3161/3161/3161 3164/3164/3164
f 3161/3161/3161 3163/3163/3163 3165/3165/3165
f 3166/3166/3166 3165/3165/3165 3167/3167/3167
f 3166/3166/3166 3168/3168/3168 3161/3161/3161
f 3165/3165/3165 3166/3166/3166 3161/3161/3161
f 3171/3171/3171 3170/3170/3170 3172/3172/3172
f 3173/3173/3173 3172/3172/3172 3174/3174/3174
f 3177/3177/3177 3179/3179/3179 3180/3180/3180
f 3181/3181/3181 3180/3180/3180 3182/3182/3182
f 3172/3172/3172 3176/3176/3176 3174/3174/3174
f 3169/3169/3169 3176/3176/3176 3172/3172/3172
f 3169/3169/3169 3172/3172/3172 3170/3170/3170
f 3171/3171/3171 3173/3173/3173 3180/3180/3180
f 3173/3173/3173 3175/3175/3175 3182/3182/3182
f 3184/3184/3184 3181/3181/3181 3183/3183/3183
f 3178/3178/3178 3177/3177/3177 3181/3181/3181
f 3181/3181/3181 3184/3184/3184 3178/3178/3178
f 3185/3185/3185 3186/3186/3186 3169/3169/3169
f 3170/3170/3170 3188/3188/3188 3169/3169/3169
f 3187/3187/3187 3188/3188/3188 3170/3170/3170
f 3189/3189/3189 3190/3190/3190 3177/3177/3177
f 3178/3178/3178 3192/3192/3192 3177/3177/3177
f 3191/3191/3191 3192/3192/3192 3178/3178/3178
f 3197/3197/3197 3198/3198/3198 3176/3176/3176
f 3200/3200/3200 3169/3169/3169 3199/3199/3199
f 3202/3202/3202 3171/3171/3171 3179/3179/3179
f 3179/3179/3179 3201/3201/3201 3202/3202/3202
f 3203/3203/3203 3204/3204/3204 3171/3171/3171
f 3171/3171/3171 3204/3204/3204 3170/3170/3170
f 3187/3187/3187 3170/3170/3170 3204/3204/3204
f 3186/3186/3186 3199/3199/3199 3169/3169/3169
f 3197/3197/3197 3176/3176/3176 3169/3169/3169
f 3169/3169/3169 3205/3205/3205 3197/3197/3197
f 3209/3209/3209 3184/3184/3184 3208/3208/3208
f 3177/3177/3177 3212/3212/3212 3179/3179/3179
f 3190/3190/3190 3212/3212/3212 3177/3177/3177
f 3213/3213/3213 3191/3191/3191 3178/3178/3178
f 3178/3178/3178 3214/3214/3214 3215/3215/3215
f 3184/3184/3184 3216/3216/3216 3178/3178/3178
f 3214/3214/3214 3178/3178/3178 3216/3216/3216
f 3222/3222/3222 3221/3221/3221 3223/3223/3223
f 3224/3224/3224 3223/3223/3223 3225/3225/3225
f 3228/3228/3228 3230/3230/3230 3231/3231/3231
f 3232/3232/3232 3231/3231/3231 3233/3233/3233
f 3223/3223/3223 3227/3227/3227 3225/3225/3225
f 3220/3220/3220 3227/3227/3227 3223/3223/3223
f 3220/3220/3220 3223/3223/3223 3221/3221/3221
f 3222/3222/3222 3224/3224/3224 3231/3231/3231
f 3224/3224/3224 3226/3226/3226 3233/3233/3233
f 3235/3235/3235 3232/3232/3232 3234/3234/3234
f 3229/3229/3229 3228/3228/3228 3232/3232/3232
f 3232/3232/3232 3235/3235/3235 3229/3229/3229
f 3236/3236/3236 3237/3237/3237 3220/3220/3220
f 3221/3221/3221 3239/3239/3239 3220/3220/3220
f 3238/3238/3238 3239/3239/3239 3221/3221/3221
f 3240/3240/3240 3241/3241/3241 3228/3228/3228
f 3229/3229/3229 3243/3243/3243 3228/3228/3228
f 3242/3242/3242 3243/3243/3243 3229/3229/3229
f 3248/3248/3248 3249/3249/3249 3227/3227/3227
f 3251/3251/3251 3220/3220/3220 3250/3250/3250
f 3230/3230/3230 3252/3252/3252 3222/3222/3222
f 3253/3253/3253 3222/3222/3222 3252/3252/3252
f 3254/3254/3254 3255/3255/3255 3230/3230/3230
f 3222/3222/3222 3256/3256/3256 3221/3221/3221
f 3238/3238/3238 3221/3221/3221 3256/3256/3256
f 3237/3237/3237 3250/3250/3250 3220/3220/3220
f 3248/3248/3248 3227/3227/3227 3220/3220/3220
f 3220/3220/3220 3257/3257/3257 3248/3248/3248
f 3259/3259/3259 3235/3235/3235 3258/3258/3258
f 3228/3228/3228 3263/3263/3263 3230/3230/3230
f 3241/3241/3241 3263/3263/3263 3228/3228/3228
f 3264/3264/3264 3265/3265/3265 3229/3229/3229
f 3229/3229/3229 3266/3266/3266 3267/3267/3267
f 3235/3235/3235 3268/3268/3268 3229/3229/3229
f 3266/3266/3266 3229/3229/3229 3268/3268/3268
f 3176/3176/3176 3269/3269/3269 3174/3174/3174
f 3269/3269/3269 3176/3176/3176 3270/3270/3270
f 3272/3272/3272 3271/3271/3271 3174/3174/3174
f 3183/3183/3183 3273/3273/3273 3184/3184/3184
f 3273/3273/3273 3183/3183/3183 3274/3274/3274
f 3273/3273/3273 3275/3275/3275 3184/3184/3184
f 3174/3174/3174 3276/3276/3276 3175/3175/3175
f 3276/3276/3276 3174/3174/3174 3277/3277/3277
f 3175/3175/3175 3278/3278/3278 3182/3182/3182
f 3175/3175/3175 3276/3276/3276 3278/3278/3278
f 3280/3280/3280 3279/3279/3279 3182/3182/3182
f 3282/3282/3282 3281/3281/3281 3176/3176/3176
f 3284/3284/3284 3183/3183/3183 3182/3182/3182
f 3283/3283/3283 3183/3183/3183 3284/3284/3284
f 3285/3285/3285 3184/3184/3184 3286/3286/3286
f 3194/3194/3194 3288/3288/3288 3193/3193/3193
f 3287/3287/3287 3193/3193/3193 3288/3288/3288
f 3194/3194/3194 3290/3290/3290 3289/3289/3289
f 3291/3291/3291 3196/3196/3196 3292/3292/3292
f 3196/3196/3196 3294/3294/3294 3195/3195/3195
f 3293/3293/3293 3176/3176/3176 3198/3198/3198
f 3295/3295/3295 3176/3176/3176 3293/3293/3293
f 3297/3297/3297 3296/3296/3296 3206/3206/3206
f 3298/3298/3298 3206/3206/3206 3207/3207/3207
f 3300/3300/3300 3208/3208/3208 3184/3184/3184
f 3184/3184/3184 3301/3301/3301 3300/3300/3300
f 3303/3303/3303 3302/3302/3302 3210/3210/3210
f 3304/3304/3304 3210/3210/3210 3211/3211/3211
f 3211/3211/3211 3305/3305/3305 3304/3304/3304
f 3307/3307/3307 3306/3306/3306 3218/3218/3218
f 3308/3308/3308 3218/3218/3218 3217/3217/3217
f 3217/3217/3217 3309/3309/3309 3308/3308/3308
f 3306/3306/3306 3310/3310/3310 3219/3219/3219
f 3219/3219/3219 3218/3218/3218 3306/3306/3306
f 3227/3227/3227 3311/3311/3311 3225/3225/3225
f 3311/3311/3311 3227/3227/3227 3312/3312/3312
f 3314/3314/3314 3313/3313/3313 3225/3225/3225
f 3234/3234/3234 3315/3315/3315 3235/3235/3235
f 3315/3315/3315 3234/3234/3234 3316/3316/3316
f 3318/3318/3318 3317/3317/3317 3235/3235/3235
f 3225/3225/3225 3319/3319/3319 3226/3226/3226
f 3319/3319/3319 3225/3225/3225 3320/3320/3320
f 3226/3226/3226 3321/3321/3321 3233/3233/3233
f 3226/3226/3226 3322/3322/3322 3321/3321/3321
f 3321/3321/3321 3323/3323/3323 3233/3233/3233
f 3324/3324/3324 3312/3312/3312 3227/3227/3227
f 3233/3233/3233 3326/3326/3326 3234/3234/3234
f 3325/3325/3325 3234/3234/3234 3326/3326/3326
f 3327/3327/3327 3235/3235/3235 3317/3317/3317
f 3245/3245/3245 3329/3329/3329 3244/3244/3244
f 3328/3328/3328 3244/3244/3244 3329/3329/3329
f 3245/3245/3245 3331/3331/3331 3330/3330/3330
f 3332/3332/3332 3247/3247/3247 3328/3328/3328
f 3247/3247/3247 3334/3334/3334 3246/3246/3246
f 3333/3333/3333 3246/3246/3246 3334/3334/3334
f 3333/3333/3333 3227/3227/3227 3249/3249/3249
f 3335/3335/3335 3227/3227/3227 3333/3333/3333
f 3336/3336/3336 3258/3258/3258 3235/3235/3235
f 3235/3235/3235 3337/3337/3337 3336/3336/3336
f 3339/3339/3339 3338/3338/3338 3260/3260/3260
f 3258/3258/3258 3340/3340/3340 3260/3260/3260
f 3341/3341/3341 3340/3340/3340 3258/3258/3258
f 3343/3343/3343 3342/3342/3342 3261/3261/3261
f 3345/3345/3345 3261/3261/3261 3262/3262/3262
f 3262/3262/3262 3344/3344/3344 3345/3345/3345
f 3352/3352/3352 3351/3351/3351 3353/3353/3353
f 3354/3354/3354 3353/3353/3353 3355/3355/3355
f 3358/3358/3358 3360/3360/3360 3361/3361/3361
f 3362/3362/3362 3361/3361/3361 3363/3363/3363
f 3353/3353/3353 3357/3357/3357 3355/3355/3355
f 3353/3353/3353 3350/3350/3350 3357/3357/3357
f 3350/3350/3350 3353/3353/3353 3351/3351/3351
f 3352/3352/3352 3354/3354/3354 3361/3361/3361
f 3354/3354/3354 3356/3356/3356 3363/3363/3363
f 3365/3365/3365 3362/3362/3362 3364/3364/3364
f 3359/3359/3359 3358/3358/3358 3362/3362/3362
f 3362/3362/3362 3365/3365/3365 3359/3359/3359
f 3366/3366/3366 3367/3367/3367 3350/3350/3350
f 3351/3351/3351 3369/3369/3369 3350/3350/3350
f 3368/3368/3368 3369/3369/3369 3351/3351/3351
f 3370/3370/3370 3371/3371/3371 3358/3358/3358
f 3359/3359/3359 3373/3373/3373 3358/3358/3358
f 3372/3372/3372 3373/3373/3373 3359/3359/3359
f 3378/3378/3378 3379/3379/3379 3357/3357/3357
f 3381/3381/3381 3350/3350/3350 3380/3380/3380
f 3352/3352/3352 3382/3382/3382 3351/3351/3351
f 3368/3368/3368 3351/3351/3351 3382/3382/3382
f 3383/3383/3383 3384/3384/3384 3350/3350/3350
f 3386/3386/3386 3357/3357/3357 3350/3350/3350
f 3350/3350/3350 3385/3385/3385 3386/3386/3386
f 3387/3387/3387 3388/3388/3388 3352/3352/3352
f 3360/3360/3360 3390/3390/3390 3352/3352/3352
f 3389/3389/3389 3390/3390/3390 3360/3360/3360
f 3394/3394/3394 3365/3365/3365 3393/3393/3393
f 3358/3358/3358 3398/3398/3398 3360/3360/3360
f 3397/3397/3397 3398/3398/3398 3358/3358/3358
f 3399/3399/3399 3372/3372/3372 3359/3359/3359
f 3359/3359/3359 3400/3400/3400 3401/3401/3401
f 3365/3365/3365 3402/3402/3402 3359/3359/3359
f 3403/3403/3403 3359/3359/3359 3402/3402/3402
f 3409/3409/3409 3408/3408/3408 3346/3346/3346
f 3410/3410/3410 3346/3346/3346 3347/3347/3347
f 3347/3347/3347 3411/3411/3411 3410/3410/3410
f 3413/3413/3413 3412/3412/3412 3348/3348/3348
f 3349/3349/3349 3413/3413/3413 3348/3348/3348
f 3357/3357/3357 3414/3414/3414 3355/3355/3355
f 3357/3357/3357 3415/3415/3415 3414/3414/3414
f 3417/3417/3417 3416/3416/3416 3355/3355/3355
f 3364/3364/3364 3418/3418/3418 3365/3365/3365
f 3364/3364/3364 3419/3419/3419 3418/3418/3418
f 3421/3421/3421 3420/3420/3420 3365/3365/3365
f 3423/3423/3423 3422/3422/3422 3363/3363/3363
f 3356/3356/3356 3424/3424/3424 3363/3363/3363
f 3425/3425/3425 3424/3424/3424 3356/3356/3356
f 3355/3355/3355 3426/3426/3426 3356/3356/3356
f 3355/3355/3355 3427/3427/3427 3426/3426/3426
f 3428/3428/3428 3415/3415/3415 3357/3357/3357
f 3363/3363/3363 3422/3422/3422 3364/3364/3364
f 3429/3429/3429 3364/3364/3364 3422/3422/3422
f 3430/3430/3430 3365/3365/3365 3431/3431/3431
f 3375/3375/3375 3433/3433/3433 3374/3374/3374
f 3375/3375/3375 3434/3434/3434 3433/3433/3433
f 3377/3377/3377 3436/3436/3436 3376/3376/3376
f 3435/3435/3435 3376/3376/3376 3436/3436/3436
f 3377/3377/3377 3438/3438/3438 3437/3437/3437
f 3440/3440/3440 3357/3357/3357 3379/3379/3379
f 3439/3439/3439 3357/3357/3357 3440/3440/3440
f 3442/3442/3442 3441/3441/3441 3391/3391/3391
f 3443/3443/3443 3391/3391/3391 3392/3392/3392
f 3445/3445/3445 3393/3393/3393 3365/3365/3365
f 3365/3365/3365 3446/3446/3446 3445/3445/3445
f 3448/3448/3448 3447/3447/3447 3395/3395/3395
f 3449/3449/3449 3395/3395/3395 3396/3396/3396
f 3396/3396/3396 3450/3450/3450 3449/3449/3449
f 3452/3452/3452 3451/3451/3451 3404/3404/3404
f 3453/3453/3453 3404/3404/3404 3405/3405/3405
f 3405/3405/3405 3454/3454/3454 3453/3453/3453
f 3455/3455/3455 3406/3406/3406 3456/3456/3456
f 3407/3407/3407 3456/3456/3456 3406/3406/3406
f 3459/3459/3459 3457/3457/3457 3458/3458/3458
f 3461/3461/3461 3457/3457/3457 3462/3462/3462
f 3464/3464/3464 3458/3458/3458 3457/3457/3457
f 3458/3458/3458 3464/3464/3464 3463/3463/3463
f 3467/3467/3467 3465/3465/3465 3466/3466/3466
f 3469/3469/3469 3465/3465/3465 3470/3470/3470
f 3472/3472/3472 3466/3466/3466 3465/3465/3465
f 3466/3466/3466 3472/3472/3472 3471/3471/3471
f 3473/3473/3473 3474/3474/3474 3475/3475/3475
f 3476/3476/3476 3477/3477/3477 3478/3478/3478
f 3479/3479/3479 3480/3480/3480 3481/3481/3481
f 3482/3482/3482 3483/3483/3483 3484/3484/3484
f 3485/3485/3485 3486/3486/3486 3487/3487/3487
f 3488/3488/3488 3489/3489/3489 3490/3490/3490
f 3491/3491/3491 3492/3492/3492 3493/3493/3493
f 3494/3494/3494 3495/3495/3495 3496/3496/3496
f 3497/3497/3497 3498/3498/3498 3499/3499/3499
f 3498/3498/3498 3497/3497/3497 3500/3500/3500
f 3497/3497/3497 3499/3499/3499 3501/3501/3501
f 3502/3502/3502 3501/3501/3501 3503/3503/3503
f 3502/3502/3502 3504/3504/3504 3497/3497/3497
f 3501/3501/3501 3502/3502/3502 3497/3497/3497
f 3507/3507/3507 3506/3506/3506 3508/3508/3508
f 3509/3509/3509 3508/3508/3508 3510/3510/3510
f 3513/3513/3513 3515/3515/3515 3516/3516/3516
f 3517/3517/3517 3516/3516/3516 3518/3518/3518
f 3508/3508/3508 3512/3512/3512 3510/3510/3510
f 3505/3505/3505 3512/3512/3512 3508/3508/3508
f 3505/3505/3505 3508/3508/3508 3506/3506/3506
f 3507/3507/3507 3509/3509/3509 3516/3516/3516
f 3509/3509/3509 3511/3511/3511 3518/3518/3518
f 3520/3520/3520 3517/3517/3517 3519/3519/3519
f 3514/3514/3514 3513/3513/3513 3517/3517/3517
f 3517/3517/3517 3520/3520/3520 3514/3514/3514
f 3521/3521/3521 3522/3522/3522 3505/3505/3505
f 3506/3506/3506 3524/3524/3524 3505/3505/3505
f 3523/3523/3523 3524/3524/3524 3506/3506/3506
f 3525/3525/3525 3526/3526/3526 3513/3513/3513
f 3514/3514/3514 3528/3528/3528 3513/3513/3513
f 3527/3527/3527 3528/3528/3528 3514/3514/3514
f 3533/3533/3533 3534/3534/3534 3512/3512/3512
f 3536/3536/3536 3505/3505/3505 3535/3535/3535
f 3538/3538/3538 3507/3507/3507 3515/3515/3515
f 3515/3515/3515 3537/3537/3537 3538/3538/3538
f 3539/3539/3539 3540/3540/3540 3507/3507/3507
f 3507/3507/3507 3540/3540/3540 3506/3506/3506
f 3523/3523/3523 3506/3506/3506 3540/3540/3540
f 3522/3522/3522 3535/3535/3535 3505/3505/3505
f 3533/3533/3533 3512/3512/3512 3505/3505/3505
f 3505/3505/3505 3541/3541/3541 3533/3533/3533
f 3545/3545/3545 3520/3520/3520 3544/3544/3544
f 3513/3513/3513 3548/3548/3548 3515/3515/3515
f 3526/3526/3526 3548/3548/3548 3513/3513/3513
f 3549/3549/3549 3527/3527/3527 3514/3514/3514
f 3514/3514/3514 3550/3550/3550 3551/3551/3551
f 3520/3520/3520 3552/3552/3552 3514/3514/3514
f 3550/3550/3550 3514/3514/3514 3552/3552/3552
f 3558/3558/3558 3557/3557/3557 3559/3559/3559
f 3560/3560/3560 3559/3559/3559 3561/3561/3561
f 3564/3564/3564 3566/3566/3566 3567/3567/3567
f 3568/3568/3568 3567/3567/3567 3569/3569/3569
f 3559/3559/3559 3563/3563/3563 3561/3561/3561
f 3556/3556/3556 3563/3563/3563 3559/3559/3559
f 3556/3556/3556 3559/3559/3559 3557/3557/3557
f 3558/3558/3558 3560/3560/3560 3567/3567/3567
f 3560/3560/3560 3562/3562/3562 3569/3569/3569
f 3571/3571/3571 3568/3568/3568 3570/3570/3570
f 3565/3565/3565 3564/3564/3564 3568/3568/3568
f 3568/3568/3568 3571/3571/3571 3565/3565/3565
f 3572/3572/3572 3573/3573/3573 3556/3556/3556
f 3557/3557/3557 3575/3575/3575 3556/3556/3556
f 3574/3574/3574 3575/3575/3575 3557/3557/3557
f 3576/3576/3576 3577/3577/3577 3564/3564/3564
f 3565/3565/3565 3579/3579/3579 3564/3564/3564
f 3578/3578/3578 3579/3579/3579 3565/3565/3565
f 3584/3584/3584 3585/3585/3585 3563/3563/3563
f 3587/3587/3587 3556/3556/3556 3586/3586/3586
f 3566/3566/3566 3588/3588/3588 3558/3558/3558
f 3589/3589/3589 3558/3558/3558 3588/3588/3588
f 3590/3590/3590 3591/3591/3591 3566/3566/3566
f 3558/3558/3558 3592/3592/3592 3557/3557/3557
f 3574/3574/3574 3557/3557/3557 3592/3592/3592
f 3573/3573/3573 3586/3586/3586 3556/3556/3556
f 3584/3584/3584 3563/3563/3563 3556/3556/3556
f 3556/3556/3556 3593/3593/3593 3584/3584/3584
f 3595/3595/3595 3571/3571/3571 3594/3594/3594
f 3564/3564/3564 3599/3599/3599 3566/3566/3566
f 3577/3577/3577 3599/3599/3599 3564/3564/3564
f 3600/3600/3600 3601/3601/3601 3565/3565/3565
f 3565/3565/3565 3602/3602/3602 3603/3603/3603
f 3571/3571/3571 3604/3604/3604 3565/3565/3565
f 3602/3602/3602 3565/3565/3565 3604/3604/3604
f 3512/3512/3512 3605/3605/3605 3510/3510/3510
f 3605/3605/3605 3512/3512/3512 3606/3606/3606
f 3608/3608/3608 3607/3607/3607 3510/3510/3510
f 3519/3519/3519 3609/3609/3609 3520/3520/3520
f 3609/3609/3609 3519/3519/3519 3610/3610/3610
f 3609/3609/3609 3611/3611/3611 3520/3520/3520
f 3510/3510/3510 3612/3612/3612 3511/3511/3511
f 3612/3612/3612 3510/3510/3510 3613/3613/3613
f 3511/3511/3511 3614/3614/3614 3518/3518/3518
f 3511/3511/3511 3612/3612/3612 3614/3614/3614
f 3616/3616/3616 3615/3615/3615 3518/3518/3518
f 3618/3618/3618 3617/3617/3617 3512/3512/3512
f 3620/3620/3620 3519/3519/3519 3518/3518/3518
f 3619/3619/3619 3519/3519/3519 3620/3620/3620
f 3621/3621/3621 3520/3520/3520 3622/3622/3622
f 3530/3530/3530 3624/3624/3624 3529/3529/3529
f 3623/3623/3623 3529/3529/3529 3624/3624/3624
f 3530/3530/3530 3626/3626/3626 3625/3625/3625
f 3627/3627/3627 3532/3532/3532 3628/3628/3628
f 3532/3532/3532 3630/3630/3630 3531/3531/3531
f 3629/3629/3629 3512/3512/3512 3534/3534/3534
f 3631/3631/3631 3512/3512/3512 3629/3629/3629
f 3633/3633/3633 3632/3632/3632 3542/3542/3542
f 3634/3634/3634 3542/3542/3542 3543/3543/3543
f 3636/3636/3636 3544/3544/3544 3520/3520/3520
f 3520/3520/3520 3637/3637/3637 3636/3636/3636
f 3639/3639/3639 3638/3638/3638 3546/3546/3546
f 3640/3640/3640 3546/3546/3546 3547/3547/3547
f 3547/3547/3547 3641/3641/3641 3640/3640/3640
f 3643/3643/3643 3642/3642/3642 3554/3554/3554
f 3644/3644/3644 3554/3554/3554 3553/3553/3553
f 3553/3553/3553 3645/3645/3645 3644/3644/3644
f 3642/3642/3642 3646/3646/3646 3555/3555/3555
f 3555/3555/3555 3554/3554/3554 3642/3642/3642
f 3563/3563/3563 3647/3647/3647 3561/3561/3561
f 3647/3647/3647 3563/3563/3563 3648/3648/3648
f 3650/3650/3650 3649/3649/3649 3561/3561/3561
f 3570/3570/3570 3651/3651/3651 3571/3571/3571
f 3651/3651/3651 3570/3570/3570 3652/3652/3652
f 3654/3654/3654 3653/3653/3653 3571/3571/3571
f 3561/3561/3561 3655/3655/3655 3562/3562/3562
f 3655/3655/3655 3561/3561/3561 3656/3656/3656
f 3562/3562/3562 3657/3657/3657 3569/3569/3569
f 3562/3562/3562 3658/3658/3658 3657/3657/3657
f 3657/3657/3657 3659/3659/3659 3569/3569/3569
f 3660/3660/3660 3648/3648/3648 3563/3563/3563
f 3569/3569/3569 3662/3662/3662 3570/3570/3570
f 3661/3661/3661 3570/3570/3570 3662/3662/3662
f 3663/3663/3663 3571/3571/3571 3653/3653/3653
f 3581/3581/3581 3665/3665/3665 3580/3580/3580
f 3664/3664/3664 3580/3580/3580 3665/3665/3665
f 3581/3581/3581 3667/3667/3667 3666/3666/3666
f 3668/3668/3668 3583/3583/3583 3664/3664/3664
f 3583/3583/3583 3670/3670/3670 3582/3582/3582
f 3669/3669/3669 3563/3563/3563 3585/3585/3585
f 3671/3671/3671 3563/3563/3563 3669/3669/3669
f 3672/3672/3672 3594/3594/3594 3571/3571/3571
f 3571/3571/3571 3673/3673/3673 3672/3672/3672
f 3675/3675/3675 3674/3674/3674 3596/3596/3596
f 3594/3594/3594 3676/3676/3676 3596/3596/3596
f 3679/3679/3679 3678/3678/3678 3597/3597/3597
f 3681/3681/3681 3597/3597/3597 3598/3598/3598
f 3598/3598/3598 3680/3680/3680 3681/3681/3681
f 3688/3688/3688 3687/3687/3687 3689/3689/3689
f 3690/3690/3690 3689/3689/3689 3691/3691/3691
f 3694/3694/3694 3696/3696/3696 3697/3697/3697
f 3698/3698/3698 3697/3697/3697 3699/3699/3699
f 3689/3689/3689 3693/3693/3693 3691/3691/3691
f 3689/3689/3689 3686/3686/3686 3693/3693/3693
f 3686/3686/3686 3689/3689/3689 3687/3687/3687
f 3688/3688/3688 3690/3690/3690 3697/3697/3697
f 3690/3690/3690 3692/3692/3692 3699/3699/3699
f 3701/3701/3701 3698/3698/3698 3700/3700/3700
f 3695/3695/3695 3694/3694/3694 3698/3698/3698
f 3698/3698/3698 3701/3701/3701 3695/3695/3695
f 3702/3702/3702 3703/3703/3703 3686/3686/3686
f 3687/3687/3687 3705/3705/3705 3686/3686/3686
f 3704/3704/3704 3705/3705/3705 3687/3687/3687
f 3706/3706/3706 3707/3707/3707 3694/3694/3694
f 3695/3695/3695 3709/3709/3709 3694/3694/3694
f 3708/3708/3708 3709/3709/3709 3695/3695/3695
f 3714/3714/3714 3715/3715/3715 3693/3693/3693
f 3717/3717/3717 3686/3686/3686 3716/3716/3716
f 3688/3688/3688 3718/3718/3718 3687/3687/3687
f 3704/3704/3704 3687/3687/3687 3718/3718/3718
f 3719/3719/3719 3720/3720/3720 3686/3686/3686
f 3722/3722/3722 3693/3693/3693 3686/3686/3686
f 3686/3686/3686 3721/3721/3721 3722/3722/3722
f 3723/3723/3723 3724/3724/3724 3688/3688/3688
f 3696/3696/3696 3726/3726/3726 3688/3688/3688
f 3725/3725/3725 3726/3726/3726 3696/3696/3696
f 3730/3730/3730 3701/3701/3701 3729/3729/3729
f 3694/3694/3694 3734/3734/3734 3696/3696/3696
f 3733/3733/3733 3734/3734/3734 3694/3694/3694
f 3735/3735/3735 3708/3708/3708 3695/3695/3695
f 3695/3695/3695 3736/3736/3736 3737/3737/3737
f 3701/3701/3701 3738/3738/3738 3695/3695/3695
f 3739/3739/3739 3695/3695/3695 3738/3738/3738
f 3745/3745/3745 3744/3744/3744 3682/3682/3682
f 3746/3746/3746 3682/3682/3682 3683/3683/3683
f 3683/3683/3683 3747/3747/3747 3746/3746/3746
f 3749/3749/3749 3748/3748/3748 3684/3684/3684
f 3685/3685/3685 3749/3749/3749 3684/3684/3684
f 3693/3693/3693 3750/3750/3750 3691/3691/3691
f 3693/3693/3693 3751/3751/3751 3750/3750/3750
f 3753/3753/3753 3752/3752/3752 3691/3691/3691
f 3700/3700/3700 3754/3754/3754 3701/3701/3701
f 3700/3700/3700 3755/3755/3755 3754/3754/3754
f 3757/3757/3757 3756/3756/3756 3701/3701/3701
f 3759/3759/3759 3758/3758/3758 3699/3699/3699
f 3692/3692/3692 3760/3760/3760 3699/3699/3699
f 3761/3761/3761 3760/3760/3760 3692/3692/3692
f 3691/3691/3691 3762/3762/3762 3692/3692/3692
f 3691/3691/3691 3763/3763/3763 3762/3762/3762
f 3764/3764/3764 3751/3751/3751 3693/3693/3693
f 3699/3699/3699 3758/3758/3758 3700/3700/3700
f 3765/3765/3765 3700/3700/3700 3758/3758/3758
f 3766/3766/3766 3701/3701/3701 3767/3767/3767
f 3711/3711/3711 3769/3769/3769 3710/3710/3710
f 3711/3711/3711 3770/3770/3770 3769/3769/3769
f 3713/3713/3713 3772/3772/3772 3712/3712/3712
f 3771/3771/3771 3712/3712/3712 3772/3772/3772
f 3713/3713/3713 3774/3774/3774 3773/3773/3773
f 3776/3776/3776 3693/3693/3693 3715/3715/3715
f 3775/3775/3775 3693/3693/3693 3776/3776/3776
f 3778/3778/3778 3777/3777/3777 3727/3727/3727
f 3779/3779/3779 3727/3727/3727 3728/3728/3728
f 3781/3781/3781 3729/3729/3729 3701/3701/3701
f 3701/3701/3701 3782/3782/3782 3781/3781/3781
f 3784/3784/3784 3783/3783/3783 3731/3731/3731
f 3785/3785/3785 3731/3731/3731 3732/3732/3732
f 3732/3732/3732 3786/3786/3786 3785/3785/3785
f 3788/3788/3788 3787/3787/3787 3740/3740/3740
f 3789/3789/3789 3740/3740/3740 3741/3741/3741
f 3741/3741/3741 3790/3790/3790 3789/3789/3789
f 3791/3791/3791 3742/3742/3742 3792/3792/3792
f 3743/3743/3743 3792/3792/3792 3742/3742/3742
f 3795/3795/3795 3793/3793/3793 3794/3794/3794
f 3797/3797/3797 3793/3793/3793 3798/3798/3798
f 3800/3800/3800 3794/3794/3794 3793/3793/3793
f 3794/3794/3794 3800/3800/3800 3799/3799/3799
f 3803/3803/3803 3801/3801/3801 3802/3802/3802
f 3805/3805/3805 3801/3801/3801 3806/3806/3806
f 3808/3808/3808 3802/3802/3802 3801/3801/3801
f 3802/3802/3802 3808/3808/3808 3807/3807/3807
f 3809/3809/3809 3810/3810/3810 3811/3811/3811
f 3812/3812/3812 3813/3813/3813 3814/3814/3814
f 3815/3815/3815 3816/3816/3816 3817/3817/3817
f 3818/3818/3818 3819/3819/3819 3820/3820/3820
f 3821/3821/3821 3822/3822/3822 3823/3823/3823
f 3824/3824/3824 3825/3825/3825 3826/3826/3826
f 3827/3827/3827 3828/3828/3828 3829/3829/3829
f 3830/3830/3830 3831/3831/3831 3832/3832/3832
f 3833/3833/3833 3834/3834/3834 3835/3835/3835
f 3834/3834/3834 3833/3833/3833 3836/3836/3836
f 3833/3833/3833 3835/3835/3835 3837/3837/3837
f 3838/3838/3838 3837/3837/3837 3839/3839/3839
f 3838/3838/3838 3840/3840/3840 3833/3833/3833
f 3837/3837/3837 3838/3838/3838 3833/3833/3833
f 3843/3843/3843 3842/3842/3842 3844/3844/3844
f 3845/3845/3845 3844/3844/3844 3846/3846/3846
f 3849/3849/3849 3851/3851/3851 3852/3852/3852
f 3853/3853/3853 3852/3852/3852 3854/3854/3854
f 3844/3844/3844 3848/3848/3848 3846/3846/3846
f 3841/3841/3841 3848/3848/3848 3844/3844/3844
f 3841/3841/3841 3844/3844/3844 3842/3842/3842
f 3843/3843/3843 3845/3845/3845 3852/3852/3852
f 3845/3845/3845 3847/3847/3847 3854/3854/3854
f 3856/3856/3856 3853/3853/3853 3855/3855/3855
f 3850/3850/3850 3849/3849/3849 3853/3853/3853
f 3853/3853/3853 3856/3856/3856 3850/3850/3850
f 3857/3857/3857 3858/3858/3858 3841/3841/3841
f 3842/3842/3842 3860/3860/3860 3841/3841/3841
f 3859/3859/3859 3860/3860/3860 3842/3842/3842
f 3861/3861/3861 3862/3862/3862 3849/3849/3849
f 3850/3850/3850 3864/3864/3864 3849/3849/3849
f 3863/3863/3863 3864/3864/3864 3850/3850/3850
f 3869/3869/3869 3870/3870/3870 3848/3848/3848
f 3872/3872/3872 3841/3841/3841 3871/3871/3871
f 3874/3874/3874 3843/3843/3843 3851/3851/3851
f 3851/3851/3851 3873/3873/3873 3874/3874/3874
f 3875/3875/3875 3876/3876/3876 3843/3843/3843
f 3843/3843/3843 3876/3876/3876 3842/3842/3842
f 3859/3859/3859 3842/3842/3842 3876/3876/3876
f 3858/3858/3858 3871/3871/3871 3841/3841/3841
f 3869/3869/3869 3848/3848/3848 3841/3841/3841
f 3841/3841/3841 3877/3877/3877 3869/3869/3869
f 3881/3881/3881 3856/3856/3856 3880/3880/3880
f 3849/3849/3849 3884/3884/3884 3851/3851/3851
f 3862/3862/3862 3884/3884/3884 3849/3849/3849
f 3885/3885/3885 3863/3863/3863 3850/3850/3850
f 3850/3850/3850 3886/3886/3886 3887/3887/3887
f 3856/3856/3856 3888/3888/3888 3850/3850/3850
f 3886/3886/3886 3850/3850/3850 3888/3888/3888
f 3894/3894/3894 3893/3893/3893 3895/3895/3895
f 3896/3896/3896 3895/3895/3895 3897/3897/3897
f 3900/3900/3900 3902/3902/3902 3903/3903/3903
f 3904/3904/3904 3903/3903/3903 3905/3905/3905
f 3895/3895/3895 3899/3899/3899 3897/3897/3897
f 3892/3892/3892 3899/3899/3899 3895/3895/3895
f 3892/3892/3892 3895/3895/3895 3893/3893/3893
f 3894/3894/3894 3896/3896/3896 3903/3903/3903
f 3896/3896/3896 3898/3898/3898 3905/3905/3905
f 3907/3907/3907 3904/3904/3904 3906/3906/3906
f 3901/3901/3901 3900/3900/3900 3904/3904/3904
f 3904/3904/3904 3907/3907/3907 3901/3901/3901
f 3908/3908/3908 3909/3909/3909 3892/3892/3892
f 3893/3893/3893 3911/3911/3911 3892/3892/3892
f 3910/3910/3910 3911/3911/3911 3893/3893/3893
f 3912/3912/3912 3913/3913/3913 3900/3900/3900
f 3901/3901/3901 3915/3915/3915 3900/3900/3900
f 3914/3914/3914 3915/3915/3915 3901/3901/3901
f 3920/3920/3920 3921/3921/3921 3899/3899/3899
f 3923/3923/3923 3892/3892/3892 3922/3922/3922
f 3902/3902/3902 3924/3924/3924 3894/3894/3894
f 3925/3925/3925 3894/3894/3894 3924/3924/3924
f 3926/3926/3926 3927/3927/3927 3902/3902/3902
f 3894/3894/3894 3928/3928/3928 3893/3893/3893
f 3910/3910/3910 3893/3893/3893 3928/3928/3928
f 3909/3909/3909 3922/3922/3922 3892/3892/3892
f 3920/3920/3920 3899/3899/3899 3892/3892/3892
f 3892/3892/3892 3929/3929/3929 3920/3920/3920
f 3931/3931/3931 3907/3907/3907 3930/3930/3930
f 3900/3900/3900 3935/3935/3935 3902/3902/3902
f 3913/3913/3913 3935/3935/3935 3900/3900/3900
f 3936/3936/3936 3937/3937/3937 3901/3901/3901
f 3901/3901/3901 3938/3938/3938 3939/3939/3939
f 3907/3907/3907 3940/3940/3940 3901/3901/3901
f 3938/3938/3938 3901/3901/3901 3940/3940/3940
f 3848/3848/3848 3941/3941/3941 3846/3846/3846
f 3941/3941/3941 3848/3848/3848 3942/3942/3942
f 3944/3944/3944 3943/3943/3943 3846/3846/3846
f 3855/3855/3855 3945/3945/3945 3856/3856/3856
f 3945/3945/3945 3855/3855/3855 3946/3946/3946
f 3945/3945/3945 3947/3947/3947 3856/3856/3856
f 3846/3846/3846 3948/3948/3948 3847/3847/3847
f 3948/3948/3948 3846/3846/3846 3949/3949/3949
f 3847/3847/3847 3950/3950/3950 3854/3854/3854
f 3847/3847/3847 3948/3948/3948 3950/3950/3950
f 3952/3952/3952 3951/3951/3951 3854/3854/3854
f 3954/3954/3954 3953/3953/3953 3848/3848/3848
f 3956/3956/3956 3855/3855/3855 3854/3854/3854
f 3955/3955/3955 3855/3855/3855 3956/3956/3956
f 3957/3957/3957 3856/3856/3856 3958/3958/3958
f 3866/3866/3866 3960/3960/3960 3865/3865/3865
f 3959/3959/3959 3865/3865/3865 3960/3960/3960
f 3866/3866/3866 3962/3962/3962 3961/3961/3961
f 3963/3963/3963 3868/3868/3868 3964/3964/3964
f 3868/3868/3868 3966/3966/3966 3867/3867/3867
f 3965/3965/3965 3848/3848/3848 3870/3870/3870
f 3967/3967/3967 3848/3848/3848 3965/3965/3965
f 3969/3969/3969 3968/3968/3968 3878/3878/3878
f 3970/3970/3970 3878/3878/3878 3879/3879/3879
f 3972/3972/3972 3880/3880/3880 3856/3856/3856
f 3856/3856/3856 3973/3973/3973 3972/3972/3972
f 3975/3975/3975 3974/3974/3974 3882/3882/3882
f 3976/3976/3976 3882/3882/3882 3883/3883/3883
f 3883/3883/3883 3977/3977/3977 3976/3976/3976
f 3979/3979/3979 3978/3978/3978 3890/3890/3890
f 3980/3980/3980 3890/3890/3890 3889/3889/3889
f 3889/3889/3889 3981/3981/3981 3980/3980/3980
f 3978/3978/3978 3982/3982/3982 3891/3891/3891
f 3891/3891/3891 3890/3890/3890 3978/3978/3978
f 3899/3899/3899 3983/3983/3983 3897/3897/3897
f 3983/3983/3983 3899/3899/3899 3984/3984/3984
f 3986/3986/3986 3985/3985/3985 3897/3897/3897
f 3906/3906/3906 3987/3987/3987 3907/3907/3907
f 3987/3987/3987 3906/3906/3906 3988/3988/3988
f 3990/3990/3990 3989/3989/3989 3907/3907/3907
f 3897/3897/3897 3991/3991/3991 3898/3898/3898
f 3991/3991/3991 3897/3897/3897 3992/3992/3992
f 3898/3898/3898 3993/3993/3993 3905/3905/3905
f 3898/3898/3898 3994/3994/3994 3993/3993/3993
f 3993/3993/3993 3995/3995/3995 3905/3905/3905
f 3996/3996/3996 3984/3984/3984 3899/3899/3899
f 3905/3905/3905 3998/3998/3998 3906/3906/3906
f 3997/3997/3997 3906/3906/3906 3998/3998/3998
f 3999/3999/3999 3907/3907/3907 3989/3989/3989
f 3917/3917/3917 4001/4001/4001 3916/3916/3916
f 4000/4000/4000 3916/3916/3916 4001/4001/4001
f 3917/3917/3917 4003/4003/4003 4002/4002/4002
f 4004/4004/4004 3919/3919/3919 4000/4000/4000
f 3919/3919/3919 4006/4006/4006 3918/3918/3918
f 4005/4005/4005 3899/3899/3899 3921/3921/3921
f 4007/4007/4007 3899/3899/3899 4005/4005/4005
f 4008/4008/4008 3930/3930/3930 3907/3907/3907
f 3907/3907/3907 4009/4009/4009 4008/4008/4008
f 4011/4011/4011 4010/4010/4010 3932/3932/3932
f 3930/3930/3930 4012/4012/4012 3932/3932/3932
f 4015/4015/4015 4014/4014/4014 3933/3933/3933
f 4017/4017/4017 3933/3933/3933 3934/3934/3934
f 3934/3934/3934 4016/4016/4016 4017/4017/4017
f 4024/4024/4024 4023/4023/4023 4025/4025/4025
f 4026/4026/4026 4025/4025/4025 4027/4027/4027
f 4030/4030/4030 4032/4032/4032 4033/4033/4033
f 4034/4034/4034 4033/4033/4033 4035/4035/4035
f 4025/4025/4025 4029/4029/4029 4027/4027/4027
f 4025/4025/4025 4022/4022/4022 4029/4029/4029
f 4022/4022/4022 4025/4025/4025 4023/4023/4023
f 4024/4024/4024 4026/4026/4026 4033/4033/4033
f 4026/4026/4026 4028/4028/4028 4035/4035/4035
f 4037/4037/4037 4034/4034/4034 4036/4036/4036
f 4031/4031/4031 4030/4030/4030 4034/4034/4034
f 4034/4034/4034 4037/4037/4037 4031/4031/4031
f 4038/4038/4038 4039/4039/4039 4022/4022/4022
f 4023/4023/4023 4041/4041/4041 4022/4022/4022
f 4040/4040/4040 4041/4041/4041 4023/4023/4023
f 4042/4042/4042 4043/4043/4043 4030/4030/4030
f 4031/4031/4031 4045/4045/4045 4030/4030/4030
f 4044/4044/4044 4045/4045/4045 4031/4031/4031
f 4050/4050/4050 4051/4051/4051 4029/4029/4029
f 4053/4053/4053 4022/4022/4022 4052/4052/4052
f 4024/4024/4024 4054/4054/4054 4023/4023/4023
f 4040/4040/4040 4023/4023/4023 4054/4054/4054
f 4055/4055/4055 4056/4056/4056 4022/4022/4022
f 4058/4058/4058 4029/4029/4029 4022/4022/4022
f 4022/4022/4022 4057/4057/4057 4058/4058/4058
f 4059/4059/4059 4060/4060/4060 4024/4024/4024
f 4032/4032/4032 4062/4062/4062 4024/4024/4024
f 4061/4061/4061 4062/4062/4062 4032/4032/4032
f 4066/4066/4066 4037/4037/4037 4065/4065/4065
f 4030/4030/4030 4070/4070/4070 4032/4032/4032
f 4069/4069/4069 4070/4070/4070 4030/4030/4030
f 4071/4071/4071 4044/4044/4044 4031/4031/4031
f 4031/4031/4031 4072/4072/4072 4073/4073/4073
f 4037/4037/4037 4074/4074/4074 4031/4031/4031
f 4075/4075/4075 4031/4031/4031 4074/4074/4074
f 4081/4081/4081 4080/4080/4080 4018/4018/4018
f 4082/4082/4082 4018/4018/4018 4019/4019/4019
f 4019/4019/4019 4083/4083/4083 4082/4082/4082
f 4085/4085/4085 4084/4084/4084 4020/4020/4020
f 4021/4021/4021 4085/4085/4085 4020/4020/4020
f 4029/4029/4029 4086/4086/4086 4027/4027/4027
f 4029/4029/4029 4087/4087/4087 4086/4086/4086
f 4089/4089/4089 4088/4088/4088 4027/4027/4027
f 4036/4036/4036 4090/4090/4090 4037/4037/4037
f 4036/4036/4036 4091/4091/4091 4090/4090/4090
f 4093/4093/4093 4092/4092/4092 4037/4037/4037
f 4095/4095/4095 4094/4094/4094 4035/4035/4035
f 4028/4028/4028 4096/4096/4096 4035/4035/4035
f 4097/4097/4097 4096/4096/4096 4028/4028/4028
f 4027/4027/4027 4098/4098/4098 4028/4028/4028
f 4027/4027/4027 4099/4099/4099 4098/4098/4098
f 4100/4100/4100 4087/4087/4087 4029/4029/4029
f 4035/4035/4035 4094/4094/4094 4036/4036/4036
f 4101/4101/4101 4036/4036/4036 4094/4094/4094
f 4102/4102/4102 4037/4037/4037 4103/4103/4103
f 4047/4047/4047 4105/4105/4105 4046/4046/4046
f 4047/4047/4047 4106/4106/4106 4105/4105/4105
f 4049/4049/4049 4108/4108/4108 4048/4048/4048
f 4107/4107/4107 4048/4048/4048 4108/4108/4108
f 4049/4049/4049 4110/4110/4110 4109/4109/4109
f 4112/4112/4112 4029/4029/4029 4051/4051/4051
f 4111/4111/4111 4029/4029/4029 4112/4112/4112
f 4114/4114/4114 4113/4113/4113 4063/4063/4063
f 4115/4115/4115 4063/4063/4063 4064/4064/4064
f 4117/4117/4117 4065/4065/4065 4037/4037/4037
f 4037/4037/4037 4118/4118/4118 4117/4117/4117
f 4120/4120/4120 4119/4119/4119 4067/4067/4067
f 4121/4121/4121 4067/4067/4067 4068/4068/4068
f 4068/4068/4068 4122/4122/4122 4121/4121/4121
f 4124/4124/4124 4123/4123/4123 4076/4076/4076
f 4125/4125/4125 4076/4076/4076 4077/4077/4077
f 4077/4077/4077 4126/4126/4126 4125/4125/4125
f 4127/4127/4127 4078/4078/4078 4128/4128/4128
f 4079/4079/4079 4128/4128/4128 4078/4078/4078
f 4131/4131/4131 4129/4129/4129 4130/4130/4130
f 4133/4133/4133 4129/4129/4129 4134/4134/4134
f 4136/4136/4136 4130/4130/4130 4129/4129/4129
f 4130/4130/4130 4136/4136/4136 4135/4135/4135
f 4139/4139/4139 4137/4137/4137 4138/4138/4138
f 4141/4141/4141 4137/4137/4137 4142/4142/4142
f 4144/4144/4144 4138/4138/4138 4137/4137/4137
f 4138/4138/4138 4144/4144/4144 4143/4143/4143
f 4145/4145/4145 4146/4146/4146 4147/4147/4147
f 4148/4148/4148 4149/4149/4149 4150/4150/4150
f 4151/4151/4151 4152/4152/4152 4153/4153/4153
f 4154/4154/4154 4155/4155/4155 4156/4156/4156
f 4157/4157/4157 4158/4158/4158 4159/4159/4159
f 4160/4160/4160 4161/4161/4161 4162/4162/4162
f 4163/4163/4163 4164/4164/4164 4165/4165/4165
f 4166/4166/4166 4167/4167/4167 4168/4168/4168
f 4169/4169/4169 4170/4170/4170 4171/4171/4171
f 4170/4170/4170 4169/4169/4169 4172/4172/4172
f 4169/4169/4169 4171/4171/4171 4173/4173/4173
f 4174/4174/4174 4173/4173/4173 4175/4175/4175
f 4174/4174/4174 4176/4176/4176 4169/4169/4169
f 4173/4173/4173 4174/4174/4174 4169/4169/4169
f 4179/4179/4179 4178/4178/4178 4180/4180/4180
f 4181/4181/4181 4180/4180/4180 4182/4182/4182
f 4185/4185/4185 4187/4187/4187 4188/4188/4188
f 4189/4189/4189 4188/4188/4188 4190/4190/4190
f 4180/4180/4180 4184/4184/4184 4182/4182/4182
f 4177/4177/4177 4184/4184/4184 4180/4180/4180
f 4177/4177/4177 4180/4180/4180 4178/4178/4178
f 4179/4179/4179 4181/4181/4181 4188/4188/4188
f 4181/4181/4181 4183/4183/4183 4190/4190/4190
f 4192/4192/4192 4189/4189/4189 4191/4191/4191
f 4186/4186/4186 4185/4185/4185 4189/4189/4189
f 4189/4189/4189 4192/4192/4192 4186/4186/4186
f 4193/4193/4193 4194/4194/4194 4177/4177/4177
f 4178/4178/4178 4196/4196/4196 4177/4177/4177
f 4195/4195/4195 4196/4196/4196 4178/4178/4178
f 4197/4197/4197 4198/4198/4198 4185/4185/4185
f 4186/4186/4186 4200/4200/4200 4185/4185/4185
f 4199/4199/4199 4200/4200/4200 4186/4186/4186
f 4205/4205/4205 4206/4206/4206 4184/4184/4184
f 4208/4208/4208 4177/4177/4177 4207/4207/4207
f 4210/4210/4210 4179/4179/4179 4187/4187/4187
f 4187/4187/4187 4209/4209/4209 4210/4210/4210
f 4211/4211/4211 4212/4212/4212 4179/4179/4179
f 4179/4179/4179 4212/4212/4212 4178/4178/4178
f 4195/4195/4195 4178/4178/4178 4212/4212/4212
f 4194/4194/4194 4207/4207/4207 4177/4177/4177
f 4205/4205/4205 4184/4184/4184 4177/4177/4177
f 4177/4177/4177 4213/4213/4213 4205/4205/4205
f 4217/4217/4217 4192/4192/4192 4216/4216/4216
f 4185/4185/4185 4220/4220/4220 4187/4187/4187
f 4198/4198/4198 4220/4220/4220 4185/4185/4185
f 4221/4221/4221 4199/4199/4199 4186/4186/4186
f 4186/4186/4186 4222/4222/4222 4223/4223/4223
f 4192/4192/4192 4224/4224/4224 4186/4186/4186
f 4222/4222/4222 4186/4186/4186 4224/4224/4224
f 4230/4230/4230 4229/4229/4229 4231/4231/4231
f 4232/4232/4232 4231/4231/4231 4233/4233/4233
f 4236/4236/4236 4238/4238/4238 4239/4239/4239
f 4240/4240/4240 4239/4239/4239 4241/4241/4241
f 4231/4231/4231 4235/4235/4235 4233/4233/4233
f 4228/4228/4228 4235/4235/4235 4231/4231/4231
f 4228/4228/4228 4231/4231/4231 4229/4229/4229
f 4230/4230/4230 4232/4232/4232 4239/4239/4239
f 4232/4232/4232 4234/4234/4234 4241/4241/4241
f 4243/4243/4243 4240/4240/4240 4242/4242/4242
f 4237/4237/4237 4236/4236/4236 4240/4240/4240
f 4240/4240/4240 4243/4243/4243 4237/4237/4237
f 4244/4244/4244 4245/4245/4245 4228/4228/4228
f 4229/4229/4229 4247/4247/4247 4228/4228/4228
f 4246/4246/4246 4247/4247/4247 4229/4229/4229
f 4248/4248/4248 4249/4249/4249 4236/4236/4236
f 4237/4237/4237 4251/4251/4251 4236/4236/4236
f 4250/4250/4250 4251/4251/4251 4237/4237/4237
f 4256/4256/4256 4257/4257/4257 4235/4235/4235
f 4259/4259/4259 4228/4228/4228 4258/4258/4258
f 4238/4238/4238 4260/4260/4260 4230/4230/4230
f 4261/4261/4261 4230/4230/4230 4260/4260/4260
f 4262/4262/4262 4263/4263/4263 4238/4238/4238
f 4230/4230/4230 4264/4264/4264 4229/4229/4229
f 4246/4246/4246 4229/4229/4229 4264/4264/4264
f 4245/4245/4245 4258/4258/4258 4228/4228/4228
f 4256/4256/4256 4235/4235/4235 4228/4228/4228
f 4228/4228/4228 4265/4265/4265 4256/4256/4256
f 4267/4267/4267 4243/4243/4243 4266/4266/4266
f 4236/4236/4236 4271/4271/4271 4238/4238/4238
f 4249/4249/4249 4271/4271/4271 4236/4236/4236
f 4272/4272/4272 4273/4273/4273 4237/4237/4237
f 4237/4237/4237 4274/4274/4274 4275/4275/4275
f 4243/4243/4243 4276/4276/4276 4237/4237/4237
f 4274/4274/4274 4237/4237/4237 4276/4276/4276
f 4184/4184/4184 4277/4277/4277 4182/4182/4182
f 4277/4277/4277 4184/4184/4184 4278/4278/4278
f 4280/4280/4280 4279/4279/4279 4182/4182/4182
f 4191/4191/4191 4281/4281/4281 4192/4192/4192
f 4281/4281/4281 4191/4191/4191 4282/4282/4282
f 4281/4281/4281 4283/4283/4283 4192/4192/4192
f 4182/4182/4182 4284/4284/4284 4183/4183/4183
f 4284/4284/4284 4182/4182/4182 4285/4285/4285
f 4183/4183/4183 4286/4286/4286 4190/4190/4190
f 4183/4183/4183 4284/4284/4284 4286/4286/4286
f 4288/4288/4288 4287/4287/4287 4190/4190/4190
f 4290/4290/4290 4289/4289/4289 4184/4184/4184
f 4292/4292/4292 4191/4191/4191 4190/4190/4190
f 4291/4291/4291 4191/4191/4191 4292/4292/4292
f 4293/4293/4293 4192/4192/4192 4294/4294/4294
f 4202/4202/4202 4296/4296/4296 4201/4201/4201
f 4295/4295/4295 4201/4201/4201 4296/4296/4296
f 4202/4202/4202 4298/4298/4298 4297/4297/4297
f 4299/4299/4299 4204/4204/4204 4300/4300/4300
f 4204/4204/4204 4302/4302/4302 4203/4203/4203
f 4301/4301/4301 4184/4184/4184 4206/4206/4206
f 4303/4303/4303 4184/4184/4184 4301/4301/4301
f 4305/4305/4305 4304/4304/4304 4214/4214/4214
f 4306/4306/4306 4214/4214/4214 4215/4215/4215
f 4308/4308/4308 4216/4216/4216 4192/4192/4192
f 4192/4192/4192 4309/4309/4309 4308/4308/4308
f 4311/4311/4311 4310/4310/4310 4218/4218/4218
f 4312/4312/4312 4218/4218/4218 4219/4219/4219
f 4219/4219/4219 4313/4313/4313 4312/4312/4312
f 4315/4315/4315 4314/4314/4314 4226/4226/4226
f 4316/4316/4316 4226/4226/4226 4225/4225/4225
f 4225/4225/4225 4317/4317/4317 4316/4316/4316
f 4314/4314/4314 4318/4318/4318 4227/4227/4227
f 4227/4227/4227 4226/4226/4226 4314/4314/4314
f 4235/4235/4235 4319/4319/4319 4233/4233/4233
f 4319/4319/4319 4235/4235/4235 4320/4320/4320
f 4322/4322/4322 4321/4321/4321 4233/4233/4233
f 4242/4242/4242 4323/4323/4323 4243/4243/4243
f 4323/4323/4323 4242/4242/4242 4324/4324/4324
f 4326/4326/4326 4325/4325/4325 4243/4243/4243
f 4233/4233/4233 4327/4327/4327 4234/4234/4234
f 4327/4327/4327 4233/4233/4233 4328/4328/4328
f 4234/4234/4234 4329/4329/4329 4241/4241/4241
f 4234/4234/4234 4330/4330/4330 4329/4329/4329
f 4329/4329/4329 4331/4331/4331 4241/4241/4241
f 4332/4332/4332 4320/4320/4320 4235/4235/4235
f 4241/4241/4241 4334/4334/4334 4242/4242/4242
f 4333/4333/4333 4242/4242/4242 4334/4334/4334
f 4335/4335/4335 4243/4243/4243 4325/4325/4325
f 4253/4253/4253 4337/4337/4337 4252/4252/4252
f 4336/4336/4336 4252/4252/4252 4337/4337/4337
f 4253/4253/4253 4339/4339/4339 4338/4338/4338
f 4340/4340/4340 4255/4255/4255 4336/4336/4336
f 4255/4255/4255 4342/4342/4342 4254/4254/4254
f 4341/4341/4341 4235/4235/4235 4257/4257/4257
f 4343/4343/4343 4235/4235/4235 4341/4341/4341
f 4344/4344/4344 4266/4266/4266 4243/4243/4243
f 4243/4243/4243 4345/4345/4345 4344/4344/4344
f 4347/4347/4347 4346/4346/4346 4268/4268/4268
f 4266/4266/4266 4348/4348/4348 4268/4268/4268
f 4351/4351/4351 4350/4350/4350 4269/4269/4269
f 4353/4353/4353 4269/4269/4269 4270/4270/4270
f 4270/4270/4270 4352/4352/4352 4353/4353/4353
f 4360/4360/4360 4359/4359/4359 4361/4361/4361
f 4362/4362/4362 4361/4361/4361 4363/4363/4363
f 4366/4366/4366 4368/4368/4368 4369/4369/4369
f 4370/4370/4370 4369/4369/4369 4371/4371/4371
f 4361/4361/4361 4365/4365/4365 4363/4363/4363
f 4361/4361/4361 4358/4358/4358 4365/4365/4365
f 4358/4358/4358 4361/4361/4361 4359/4359/4359
f 4360/4360/4360 4362/4362/4362 4369/4369/4369
f 4362/4362/4362 4364/4364/4364 4371/4371/4371
f 4373/4373/4373 4370/4370/4370 4372/4372/4372
f 4367/4367/4367 4366/4366/4366 4370/4370/4370
f 4370/4370/4370 4373/4373/4373 4367/4367/4367
f 4374/4374/4374 4375/4375/4375 4358/4358/4358
f 4359/4359/4359 4377/4377/4377 4358/4358/4358
f 4376/4376/4376 4377/4377/4377 4359/4359/4359
f 4378/4378/4378 4379/4379/4379 4366/4366/4366
f 4367/4367/4367 4381/4381/4381 4366/4366/4366
f 4380/4380/4380 4381/4381/4381 4367/4367/4367
f 4386/4386/4386 4387/4387/4387 4365/4365/4365
f 4389/4389/4389 4358/4358/4358 4388/4388/4388
f 4360/4360/4360 4390/4390/4390 4359/4359/4359
f 4376/4376/4376 4359/4359/4359 4390/4390/4390
f 4391/4391/4391 4392/4392/4392 4358/4358/4358
f 4394/4394/4394 4365/4365/4365 4358/4358/4358
f 4358/4358/4358 4393/4393/4393 4394/4394/4394
f 4395/4395/4395 4396/4396/4396 4360/4360/4360
f 4368/4368/4368 4398/4398/4398 4360/4360/4360
f 4397/4397/4397 4398/4398/4398 4368/4368/4368
f 4402/4402/4402 4373/4373/4373 4401/4401/4401
f 4366/4366/4366 4406/4406/4406 4368/4368/4368
f 4405/4405/4405 4406/4406/4406 4366/4366/4366
f 4407/4407/4407 4380/4380/4380 4367/4367/4367
f 4367/4367/4367 4408/4408/4408 4409/4409/4409
f 4373/4373/4373 4410/4410/4410 4367/4367/4367
f 4411/4411/4411 4367/4367/4367 4410/4410/4410
f 4417/4417/4417 4416/4416/4416 4354/4354/4354
f 4418/4418/4418 4354/4354/4354 4355/4355/4355
f 4355/4355/4355 4419/4419/4419 4418/4418/4418
f 4421/4421/4421 4420/4420/4420 4356/4356/4356
f 4357/4357/4357 4421/4421/4421 4356/4356/4356
f 4365/4365/4365 4422/4422/4422 4363/4363/4363
f 4365/4365/4365 4423/4423/4423 4422/4422/4422
f 4425/4425/4425 4424/4424/4424 4363/4363/4363
f 4372/4372/4372 4426/4426/4426 4373/4373/4373
f 4372/4372/4372 4427/4427/4427 4426/4426/4426
f 4429/4429/4429 4428/4428/4428 4373/4373/4373
f 4431/4431/4431 4430/4430/4430 4371/4371/4371
f 4364/4364/4364 4432/4432/4432 4371/4371/4371
f 4433/4433/4433 4432/4432/4432 4364/4364/4364
f 4363/4363/4363 4434/4434/4434 4364/4364/4364
f 4363/4363/4363 4435/4435/4435 4434/4434/4434
f 4436/4436/4436 4423/4423/4423 4365/4365/4365
f 4371/4371/4371 4430/4430/4430 4372/4372/4372
f 4437/4437/4437 4372/4372/4372 4430/4430/4430
f 4438/4438/4438 4373/4373/4373 4439/4439/4439
f 4383/4383/4383 4441/4441/4441 4382/4382/4382
f 4383/4383/4383 4442/4442/4442 4441/4441/4441
f 4385/4385/4385 4444/4444/4444 4384/4384/4384
f 4443/4443/4443 4384/4384/4384 4444/4444/4444
f 4385/4385/4385 4446/4446/4446 4445/4445/4445
f 4448/4448/4448 4365/4365/4365 4387/4387/4387
f 4447/4447/4447 4365/4365/4365 4448/4448/4448
f 4450/4450/4450 4449/4449/4449 4399/4399/4399
f 4451/4451/4451 4399/4399/4399 4400/4400/4400
f 4453/4453/4453 4401/4401/4401 4373/4373/4373
f 4373/4373/4373 4454/4454/4454 4453/4453/4453
f 4456/4456/4456 4455/4455/4455 4403/4403/4403
f 4457/4457/4457 4403/4403/4403 4404/4404/4404
f 4404/4404/4404 4458/4458/4458 4457/4457/4457
f 4460/4460/4460 4459/4459/4459 4412/4412/4412
f 4461/4461/4461 4412/4412/4412 4413/4413/4413
f 4413/4413/4413 4462/4462/4462 4461/4461/4461
f 4463/4463/4463 4414/4414/4414 4464/4464/4464
f 4415/4415/4415 4464/4464/4464 4414/4414/4414
f 4467/4467/4467 4465/4465/4465 4466/4466/4466
f 4469/4469/4469 4465/4465/4465 4470/4470/4470
f 4472/4472/4472 4466/4466/4466 4465/4465/4465
f 4466/4466/4466 4472/4472/4472 4471/4471/4471
f 4475/4475/4475 4473/4473/4473 4474/4474/4474
f 4477/4477/4477 4473/4473/4473 4478/4478/4478
f 4480/4480/4480 4474/4474/4474 4473/4473/4473
f 4474/4474/4474 4480/4480/4480 4479/4479/4479
f 4481/4481/4481 4482/4482/4482 4483/4483/4483
f 4484/4484/4484 4485/4485/4485 4486/4486/4486
f 4487/4487/4487 4488/4488/4488 4489/4489/4489
f 4490/4490/4490 4491/4491/4491 4492/4492/4492
f 4493/4493/4493 4494/4494/4494 4495/4495/4495
f 4496/4496/4496 4497/4497/4497 4498/4498/4498
f 4499/4499/4499 4500/4500/4500 4501/4501/4501
f 4502/4502/4502 4503/4503/4503 4504/4504/4504
f 4505/4505/4505 4506/4506/4506 4507/4507/4507
f 4506/4506/4506 4505/4505/4505 4508/4508/4508
f 4505/4505/4505 4507/4507/4507 4509/4509/4509
f 4510/4510/4510 4509/4509/4509 4511/4511/4511
f 4510/4510/4510 4512/4512/4512 4505/4505/4505
f 4509/4509/4509 4510/4510/4510 4505/4505/4505
f 4515/4515/4515 4514/4514/4514 4516/4516/4516
f 4517/4517/4517 4516/4516/4516 4518/4518/4518
f 4521/4521/4521 4523/4523/4523 4524/4524/4524
f 4525/4525/4525 4524/4524/4524 4526/4526/4526
f 4516/4516/4516 4520/4520/4520 4518/4518/4518
f 4513/4513/4513 4520/4520/4520 4516/4516/4516
f 4513/4513/4513 4516/4516/4516 4514/4514/4514
f 4515/4515/4515 4517/4517/4517 4524/4524/4524
f 4517/4517/4517 4519/4519/4519 4526/4526/4526
f 4528/4528/4528 4525/4525/4525 4527/4527/4527
f 4522/4522/4522 4521/4521/4521 4525/4525/4525
f 4525/4525/4525 4528/4528/4528 4522/4522/4522
f 4529/4529/4529 4530/4530/4530 4513/4513/4513
f 4514/4514/4514 4532/4532/4532 4513/4513/4513
f 4531/4531/4531 4532/4532/4532 4514/4514/4514
f 4533/4533/4533 4534/4534/4534 4521/4521/4521
f 4522/4522/4522 4536/4536/4536 4521/4521/4521
f 4535/4535/4535 4536/4536/4536 4522/4522/4522
f 4541/4541/4541 4542/4542/4542 4520/4520/4520
f 4544/4544/4544 4513/4513/4513 4543/4543/4543
f 4546/4546/4546 4515/4515/4515 4523/4523/4523
f 4523/4523/4523 4545/4545/4545 4546/4546/4546
f 4547/4547/4547 4548/4548/4548 4515/4515/4515
f 4515/4515/4515 4548/4548/4548 4514/4514/4514
f 4531/4531/4531 4514/4514/4514 4548/4548/4548
f 4530/4530/4530 4543/4543/4543 4513/4513/4513
f 4541/4541/4541 4520/4520/4520 4513/4513/4513
f 4513/4513/4513 4549/4549/4549 4541/4541/4541
f 4553/4553/4553 4528/4528/4528 4552/4552/4552
f 4521/4521/4521 4556/4556/4556 4523/4523/4523
f 4534/4534/4534 4556/4556/4556 4521/4521/4521
f 4557/4557/4557 4535/4535/4535 4522/4522/4522
f 4522/4522/4522 4558/4558/4558 4559/4559/4559
f 4528/4528/4528 4560/4560/4560 4522/4522/4522
f 4558/4558/4558 4522/4522/4522 4560/4560/4560
f 4566/4566/4566 4565/4565/4565 4567/4567/4567
f 4568/4568/4568 4567/4567/4567 4569/4569/4569
f 4572/4572/4572 4574/4574/4574 4575/4575/4575
f 4576/4576/4576 4575/4575/4575 4577/4577/4577
f 4567/4567/4567 4571/4571/4571 4569/4569/4569
f 4564/4564/4564 4571/4571/4571 4567/4567/4567
f 4564/4564/4564 4567/4567/4567 4565/4565/4565
f 4566/4566/4566 4568/4568/4568 4575/4575/4575
f 4568/4568/4568 4570/4570/4570 4577/4577/4577
f 4579/4579/4579 4576/4576/4576 4578/4578/4578
f 4573/4573/4573 4572/4572/4572 4576/4576/4576
f 4576/4576/4576 4579/4579/4579 4573/4573/4573
f 4580/4580/4580 4581/4581/4581 4564/4564/4564
f 4565/4565/4565 4583/4583/4583 4564/4564/4564
f 4582/4582/4582 4583/4583/4583 4565/4565/4565
f 4584/4584/4584 4585/4585/4585 4572/4572/4572
f 4573/4573/4573 4587/4587/4587 4572/4572/4572
f 4586/4586/4586 4587/4587/4587 4573/4573/4573
f 4592/4592/4592 4593/4593/4593 4571/4571/4571
f 4595/4595/4595 4564/4564/4564 4594/4594/4594
f 4574/4574/4574 4596/4596/4596 4566/4566/4566
f 4597/4597/4597 4566/4566/4566 4596/4596/4596
f 4598/4598/4598 4599/4599/4599 4574/4574/4574
f 4566/4566/4566 4600/4600/4600 4565/4565/4565
f 4582/4582/4582 4565/4565/4565 4600/4600/4600
f 4581/4581/4581 4594/4594/4594 4564/4564/4564
f 4592/4592/4592 4571/4571/4571 4564/4564/4564
f 4564/4564/4564 4601/4601/4601 4592/4592/4592
f 4603/4603/4603 4579/4579/4579 4602/4602/4602
f 4572/4572/4572 4607/4607/4607 4574/4574/4574
f 4585/4585/4585 4607/4607/4607 4572/4572/4572
f 4608/4608/4608 4609/4609/4609 4573/4573/4573
f 4573/4573/4573 4610/4610/4610 4611/4611/4611
f 4579/4579/4579 4612/4612/4612 4573/4573/4573
f 4610/4610/4610 4573/4573/4573 4612/4612/4612
f 4520/4520/4520 4613/4613/4613 4518/4518/4518
f 4613/4613/4613 4520/4520/4520 4614/4614/4614
f 4616/4616/4616 4615/4615/4615 4518/4518/4518
f 4527/4527/4527 4617/4617/4617 4528/4528/4528
f 4617/4617/4617 4527/4527/4527 4618/4618/4618
f 4617/4617/4617 4619/4619/4619 4528/4528/4528
f 4518/4518/4518 4620/4620/4620 4519/4519/4519
f 4620/4620/4620 4518/4518/4518 4621/4621/4621
f 4519/4519/4519 4622/4622/4622 4526/4526/4526
f 4519/4519/4519 4620/4620/4620 4622/4622/4622
f 4624/4624/4624 4623/4623/4623 4526/4526/4526
f 4626/4626/4626 4625/4625/4625 4520/4520/4520
f 4628/4628/4628 4527/4527/4527 4526/4526/4526
f 4627/4627/4627 4527/4527/4527 4628/4628/4628
f 4629/4629/4629 4528/4528/4528 4630/4630/4630
f 4538/4538/4538 4632/4632/4632 4537/4537/4537
f 4631/4631/4631 4537/4537/4537 4632/4632/4632
f 4538/4538/4538 4634/4634/4634 4633/4633/4633
f 4635/4635/4635 4540/4540/4540 4636/4636/4636
f 4540/4540/4540 4638/4638/4638 4539/4539/4539
f 4637/4637/4637 4520/4520/4520 4542/4542/4542
f 4639/4639/4639 4520/4520/4520 4637/4637/4637
f 4641/4641/4641 4640/4640/4640 4550/4550/4550
f 4642/4642/4642 4550/4550/4550 4551/4551/4551
f 4644/4644/4644 4552/4552/4552 4528/4528/4528
f 4528/4528/4528 4645/4645/4645 4644/4644/4644
f 4647/4647/4647 4646/4646/4646 4554/4554/4554
f 4648/4648/4648 4554/4554/4554 4555/4555/4555
f 4555/4555/4555 4649/4649/4649 4648/4648/4648
f 4651/4651/4651 4650/4650/4650 4562/4562/4562
f 4652/4652/4652 4562/4562/4562 4561/4561/4561
f 4561/4561/4561 4653/4653/4653 4652/4652/4652
f 4650/4650/4650 4654/4654/4654 4563/4563/4563
f 4563/4563/4563 4562/4562/4562 4650/4650/4650
f 4571/4571/4571 4655/4655/4655 4569/4569/4569
f 4655/4655/4655 4571/4571/4571 4656/4656/4656
f 4658/4658/4658 4657/4657/4657 4569/4569/4569
f 4578/4578/4578 4659/4659/4659 4579/4579/4579
f 4659/4659/4659 4578/4578/4578 4660/4660/4660
f 4662/4662/4662 4661/4661/4661 4579/4579/4579
f 4569/4569/4569 4663/4663/4663 4570/4570/4570
f 4663/4663/4663 4569/4569/4569 4664/4664/4664
f 4570/4570/4570 4665/4665/4665 4577/4577/4577
f 4570/4570/4570 4666/4666/4666 4665/4665/4665
f 4665/4665/4665 4667/4667/4667 4577/4577/4577
f 4668/4668/4668 4656/4656/4656 4571/4571/4571
f 4577/4577/4577 4670/4670/4670 4578/4578/4578
f 4669/4669/4669 4578/4578/4578 4670/4670/4670
f 4671/4671/4671 4579/4579/4579 4661/4661/4661
f 4589/4589/4589 4673/4673/4673 4588/4588/4588
f 4672/4672/4672 4588/4588/4588 4673/4673/4673
f 4589/4589/4589 4675/4675/4675 4674/4674/4674
f 4676/4676/4676 4591/4591/4591 4672/4672/4672
f 4591/4591/4591 4678/4678/4678 4590/4590/4590
f 4677/4677/4677 4571/4571/4571 4593/4593/4593
f 4679/4679/4679 4571/4571/4571 4677/4677/4677
f 4680/4680/4680 4602/4602/4602 4579/4579/4579
f 4579/4579/4579 4681/4681/4681 4680/4680/4680
f 4683/4683/4683 4682/4682/4682 4604/4604/4604
f 4602/4602/4602 4684/4684/4684 4604/4604/4604
f 4687/4687/4687 4686/4686/4686 4605/4605/4605
f 4689/4689/4689 4605/4605/4605 4606/4606/4606
f 4606/4606/4606 4688/4688/4688 4689/4689/4689
f 4696/4696/4696 4695/4695/4695 4697/4697/4697
f 4698/4698/4698 4697/4697/4697 4699/4699/4699
f 4702/4702/4702 4704/4704/4704 4705/4705/4705
f 4706/4706/4706 4705/4705/4705 4707/4707/4707
f 4697/4697/4697 4701/4701/4701 4699/4699/4699
f 4697/4697/4697 4694/4694/4694 4701/4701/4701
f 4694/4694/4694 4697/4697/4697 4695/4695/4695
f 4696/4696/4696 4698/4698/4698 4705/4705/4705
f 4698/4698/4698 4700/4700/4700 4707/4707/4707
f 4709/4709/4709 4706/4706/4706 4708/4708/4708
f 4703/4703/4703 4702/4702/4702 4706/4706/4706
f 4706/4706/4706 4709/4709/4709 4703/4703/4703
f 4710/4710/4710 4711/4711/4711 4694/4694/4694
f 4695/4695/4695 4713/4713/4713 4694/4694/4694
f 4712/4712/4712 4713/4713/4713 4695/4695/4695
f 4714/4714/4714 4715/4715/4715 4702/4702/4702
f 4703/4703/4703 4717/4717/4717 4702/4702/4702
f 4716/4716/4716 4717/4717/4717 4703/4703/4703
f 4722/4722/4722 4723/4723/4723 4701/4701/4701
f 4725/4725/4725 4694/4694/4694 4724/4724/4724
f 4696/4696/4696 4726/4726/4726 4695/4695/4695
f 4712/4712/4712 4695/4695/4695 4726/4726/4726
f 4727/4727/4727 4728/4728/4728 4694/4694/4694
f 4730/4730/4730 4701/4701/4701 4694/4694/4694
f 4694/4694/4694 4729/4729/4729 4730/4730/4730
f 4731/4731/4731 4732/4732/4732 4696/4696/4696
f 4704/4704/4704 4734/4734/4734 4696/4696/4696
f 4733/4733/4733 4734/4734/4734 4704/4704/4704
f 4738/4738/4738 4709/4709/4709 4737/4737/4737
f 4702/4702/4702 4742/4742/4742 4704/4704/4704
f 4741/4741/4741 4742/4742/4742 4702/4702/4702
f 4743/4743/4743 4716/4716/4716 4703/4703/4703
f 4703/4703/4703 4744/4744/4744 4745/4745/4745
f 4709/4709/4709 4746/4746/4746 4703/4703/4703
f 4747/4747/4747 4703/4703/4703 4746/4746/4746
f 4753/4753/4753 4752/4752/4752 4690/4690/4690
f 4754/4754/4754 4690/4690/4690 4691/4691/4691
f 4691/4691/4691 4755/4755/4755 4754/4754/4754
f 4757/4757/4757 4756/4756/4756 4692/4692/4692
f 4693/4693/4693 4757/4757/4757 4692/4692/4692
f 4701/4701/4701 4758/4758/4758 4699/4699/4699
f 4701/4701/4701 4759/4759/4759 4758/4758/4758
f 4761/4761/4761 4760/4760/4760 4699/4699/4699
f 4708/4708/4708 4762/4762/4762 4709/4709/4709
f 4708/4708/4708 4763/4763/4763 4762/4762/4762
f 4765/4765/4765 4764/4764/4764 4709/4709/4709
f 4767/4767/4767 4766/4766/4766 4707/4707/4707
f 4700/4700/4700 4768/4768/4768 4707/4707/4707
f 4769/4769/4769 4768/4768/4768 4700/4700/4700
f 4699/4699/4699 4770/4770/4770 4700/4700/4700
f 4699/4699/4699 4771/4771/4771 4770/4770/4770
f 4772/4772/4772 4759/4759/4759 4701/4701/4701
f 4707/4707/4707 4766/4766/4766 4708/4708/4708
f 4773/4773/4773 4708/4708/4708 4766/4766/4766
f 4774/4774/4774 4709/4709/4709 4775/4775/4775
f 4719/4719/4719 4777/4777/4777 4718/4718/4718
f 4719/4719/4719 4778/4778/4778 4777/4777/4777
f 4721/4721/4721 4780/4780/4780 4720/4720/4720
f 4779/4779/4779 4720/4720/4720 4780/4780/4780
f 4721/4721/4721 4782/4782/4782 4781/4781/4781
f 4784/4784/4784 4701/4701/4701 4723/4723/4723
f 4783/4783/4783 4701/4701/4701 4784/4784/4784
f 4786/4786/4786 4785/4785/4785 4735/4735/4735
f 4787/4787/4787 4735/4735/4735 4736/4736/4736
f 4789/4789/4789 4737/4737/4737 4709/4709/4709
f 4709/4709/4709 4790/4790/4790 4789/4789/4789
f 4792/4792/4792 4791/4791/4791 4739/4739/4739
f 4793/4793/4793 4739/4739/4739 4740/4740/4740
f 4740/4740/4740 4794/4794/4794 4793/4793/4793
f 4796/4796/4796 4795/4795/4795 4748/4748/4748
f 4797/4797/4797 4748/4748/4748 4749/4749/4749
f 4749/4749/4749 4798/4798/4798 4797/4797/4797
f 4799/4799/4799 4750/4750/4750 4800/4800/4800
f 4751/4751/4751 4800/4800/4800 4750/4750/4750
f 4803/4803/4803 4801/4801/4801 4802/4802/4802
f 4805/4805/4805 4801/4801/4801 4806/4806/4806
f 4808/4808/4808 4802/4802/4802 4801/4801/4801
f 4802/4802/4802 4808/4808/4808 4807/4807/4807
f 4811/4811/4811 4809/4809/4809 4810/4810/4810
f 4813/4813/4813 4809/4809/4809 4814/4814/4814
f 4816/4816/4816 4810/4810/4810 4809/4809/4809
f 4810/4810/4810 4816/4816/4816 4815/4815/4815
f 4817/4817/4817 4818/4818/4818 4819/4819/4819
f 4820/4820/4820 4821/4821/4821 4822/4822/4822
f 4823/4823/4823 4824/4824/4824 4825/4825/4825
f 4826/4826/4826 4827/4827/4827 4828/4828/4828
f 4829/4829/4829 4830/4830/4830 4831/4831/4831
f 4832/4832/4832 4833/4833/4833 4834/4834/4834
f 4835/4835/4835 4836/4836/4836 4837/4837/4837
f 4838/4838/4838 4839/4839/4839 4840/4840/4840
f 4841/4841/4841 4842/4842/4842 4843/4843/4843
f 4842/4842/4842 4841/4841/4841 4844/4844/4844
f 4841/4841/4841 4843/4843/4843 4845/4845/4845
f 4846/4846/4846 4845/4845/4845 4847/4847/4847
f 4846/4846/4846 4848/4848/4848 4841/4841/4841
f 4845/4845/4845 4846/4846/4846 4841/4841/4841
f 4851/4851/4851 4850/4850/4850 4852/4852/4852
f 4853/4853/4853 4852/4852/4852 4854/4854/4854
f 4857/4857/4857 4859/4859/4859 4860/4860/4860
f 4861/4861/4861 4860/4860/4860 4862/4862/4862
f 4852/4852/4852 4856/4856/4856 4854/4854/4854
f 4849/4849/4849 4856/4856/4856 4852/4852/4852
f 4849/4849/4849 4852/4852/4852 4850/4850/4850
f 4851/4851/4851 4853/4853/4853 4860/4860/4860
f 4853/4853/4853 4855/4855/4855 4862/4862/4862
f 4864/4864/4864 4861/4861/4861 4863/4863/4863
f 4858/4858/4858 4857/4857/4857 4861/4861/4861
f 4861/4861/4861 4864/4864/4864 4858/4858/4858
f 4865/4865/4865 4866/4866/4866 4849/4849/4849
f 4850/4850/4850 4868/4868/4868 4849/4849/4849
f 4867/4867/4867 4868/4868/4868 4850/4850/4850
f 4869/4869/4869 4870/4870/4870 4857/4857/4857
f 4858/4858/4858 4872/4872/4872 4857/4857/4857
f 4871/4871/4871 4872/4872/4872 4858/4858/4858
f 4877/4877/4877 4878/4878/4878 4856/4856/4856
f 4880/4880/4880 4849/4849/4849 4879/4879/4879
f 4882/4882/4882 4851/4851/4851 4859/4859/4859
f 4859/4859/4859 4881/4881/4881 4882/4882/4882
f 4883/4883/4883 4884/4884/4884 4851/4851/4851
f 4851/4851/4851 4884/4884/4884 4850/4850/4850
f 4867/4867/4867 4850/4850/4850 4884/4884/4884
f 4866/4866/4866 4879/4879/4879 4849/4849/4849
f 4877/4877/4877 4856/4856/4856 4849/4849/4849
f 4849/4849/4849 4885/4885/4885 4877/4877/4877
f 4889/4889/4889 4864/4864/4864 4888/4888/4888
f 4857/4857/4857 4892/4892/4892 4859/4859/4859
f 4870/4870/4870 4892/4892/4892 4857/4857/4857
f 4893/4893/4893 4871/4871/4871 4858/4858/4858
f 4858/4858/4858 4894/4894/4894 4895/4895/4895
f 4864/4864/4864 4896/4896/4896 4858/4858/4858
f 4894/4894/4894 4858/4858/4858 4896/4896/4896
f 4902/4902/4902 4901/4901/4901 4903/4903/4903
f 4904/4904/4904 4903/4903/4903 4905/4905/4905
f 4908/4908/4908 4910/4910/4910 4911/4911/4911
f 4912/4912/4912 4911/4911/4911 4913/4913/4913
f 4903/4903/4903 4907/4907/4907 4905/4905/4905
f 4900/4900/4900 4907/4907/4907 4903/4903/4903
f 4900/4900/4900 4903/4903/4903 4901/4901/4901
f 4902/4902/4902 4904/4904/4904 4911/4911/4911
f 4904/4904/4904 4906/4906/4906 4913/4913/4913
f 4915/4915/4915 4912/4912/4912 4914/4914/4914
f 4909/4909/4909 4908/4908/4908 4912/4912/4912
f 4912/4912/4912 4915/4915/4915 4909/4909/4909
f 4916/4916/4916 4917/4917/4917 4900/4900/4900
f 4901/4901/4901 4919/4919/4919 4900/4900/4900
f 4918/4918/4918 4919/4919/4919 4901/4901/4901
f 4920/4920/4920 4921/4921/4921 4908/4908/4908
f 4909/4909/4909 4923/4923/4923 4908/4908/4908
f 4922/4922/4922 4923/4923/4923 4909/4909/4909
f 4928/4928/4928 4929/4929/4929 4907/4907/4907
f 4931/4931/4931 4900/4900/4900 4930/4930/4930
f 4910/4910/4910 4932/4932/4932 4902/4902/4902
f 4933/4933/4933 4902/4902/4902 4932/4932/4932
f 4934/4934/4934 4935/4935/4935 4910/4910/4910
f 4902/4902/4902 4936/4936/4936 4901/4901/4901
f 4918/4918/4918 4901/4901/4901 4936/4936/4936
f 4917/4917/4917 4930/4930/4930 4900/4900/4900
f 4928/4928/4928 4907/4907/4907 4900/4900/4900
f 4900/4900/4900 4937/4937/4937 4928/4928/4928
f 4939/4939/4939 4915/4915/4915 4938/4938/4938
f 4908/4908/4908 4943/4943/4943 4910/4910/4910
f 4921/4921/4921 4943/4943/4943 4908/4908/4908
f 4944/4944/4944 4945/4945/4945 4909/4909/4909
f 4909/4909/4909 4946/4946/4946 4947/4947/4947
f 4915/4915/4915 4948/4948/4948 4909/4909/4909
f 4946/4946/4946 4909/4909/4909 4948/4948/4948
f 4856/4856/4856 4949/4949/4949 4854/4854/4854
f 4949/4949/4949 4856/4856/4856 4950/4950/4950
f 4952/4952/4952 4951/4951/4951 4854/4854/4854
f 4863/4863/4863 4953/4953/4953 4864/4864/4864
f 4953/4953/4953 4863/4863/4863 4954/4954/4954
f 4953/4953/4953 4955/4955/4955 4864/4864/4864
f 4854/4854/4854 4956/4956/4956 4855/4855/4855
f 4956/4956/4956 4854/4854/4854 4957/4957/4957
f 4855/4855/4855 4958/4958/4958 4862/4862/4862
f 4855/4855/4855 4956/4956/4956 4958/4958/4958
f 4960/4960/4960 4959/4959/4959 4862/4862/4862
f 4962/4962/4962 4961/4961/4961 4856/4856/4856
f 4964/4964/4964 4863/4863/4863 4862/4862/4862
f 4963/4963/4963 4863/4863/4863 4964/4964/4964
f 4965/4965/4965 4864/4864/4864 4966/4966/4966
f 4874/4874/4874 4968/4968/4968 4873/4873/4873
f 4967/4967/4967 4873/4873/4873 4968/4968/4968
f 4874/4874/4874 4970/4970/4970 4969/4969/4969
f 4971/4971/4971 4876/4876/4876 4972/4972/4972
f 4876/4876/4876 4974/4974/4974 4875/4875/4875
f 4973/4973/4973 4856/4856/4856 4878/4878/4878
f 4975/4975/4975 4856/4856/4856 4973/4973/4973
f 4977/4977/4977 4976/4976/4976 4886/4886/4886
f 4978/4978/4978 4886/4886/4886 4887/4887/4887
f 4980/4980/4980 4888/4888/4888 4864/4864/4864
f 4864/4864/4864 4981/4981/4981 4980/4980/4980
f 4983/4983/4983 4982/4982/4982 4890/4890/4890
f 4984/4984/4984 4890/4890/4890 4891/4891/4891
f 4891/4891/4891 4985/4985/4985 4984/4984/4984
f 4987/4987/4987 4986/4986/4986 4898/4898/4898
f 4988/4988/4988 4898/4898/4898 4897/4897/4897
f 4897/4897/4897 4989/4989/4989 4988/4988/4988
f 4986/4986/4986 4990/4990/4990 4899/4899/4899
f 4899/4899/4899 4898/4898/4898 4986/4986/4986
f 4907/4907/4907 4991/4991/4991 4905/4905/4905
f 4991/4991/4991 4907/4907/4907 4992/4992/4992
f 4994/4994/4994 4993/4993/4993 4905/4905/4905
f 4914/4914/4914 4995/4995/4995 4915/4915/4915
f 4995/4995/4995 4914/4914/4914 4996/4996/4996
f 4998/4998/4998 4997/4997/4997 4915/4915/4915
f 4905/4905/4905 4999/4999/4999 4906/4906/4906
f 4999/4999/4999 4905/4905/4905 5000/5000/5000
f 4906/4906/4906 5001/5001/5001 4913/4913/4913
f 4906/4906/4906 5002/5002/5002 5001/5001/5001
f 5001/5001/5001 5003/5003/5003 4913/4913/4913
f 5004/5004/5004 4992/4992/4992 4907/4907/4907
f 4913/4913/4913 5006/5006/5006 4914/4914/4914
f 5005/5005/5005 4914/4914/4914 5006/5006/5006
f 5007/5007/5007 4915/4915/4915 4997/4997/4997
f 4925/4925/4925 5009/5009/5009 4924/4924/4924
f 5008/5008/5008 4924/4924/4924 5009/5009/5009
f 4925/4925/4925 5011/5011/5011 5010/5010/5010
f 5012/5012/5012 4927/4927/4927 5008/5008/5008
f 4927/4927/4927 5014/5014/5014 4926/4926/4926
f 5013/5013/5013 4907/4907/4907 4929/4929/4929
f 5015/5015/5015 4907/4907/4907 5013/5013/5013
f 5016/5016/5016 4938/4938/4938 4915/4915/4915
f 4915/4915/4915 5017/5017/5017 5016/5016/5016
f 5019/5019/5019 5018/5018/5018 4940/4940/4940
f 4938/4938/4938 5020/5020/5020 4940/4940/4940
f 5023/5023/5023 5022/5022/5022 4941/4941/4941
f 5025/5025/5025 4941/4941/4941 4942/4942/4942
f 4942/4942/4942 5024/5024/5024 5025/5025/5025
f 5032/5032/5032 5031/5031/5031 5033/5033/5033
f 5034/5034/5034 5033/5033/5033 5035/5035/5035
f 5038/5038/5038 5040/5040/5040 5041/5041/5041
f 5042/5042/5042 5041/5041/5041 5043/5043/5043
f 5033/5033/5033 5037/5037/5037 5035/5035/5035
f 5033/5033/5033 5030/5030/5030 5037/5037/5037
f 5030/5030/5030 5033/5033/5033 5031/5031/5031
f 5032/5032/5032 5034/5034/5034 5041/5041/5041
f 5034/5034/5034 5036/5036/5036 5043/5043/5043
f 5045/5045/5045 5042/5042/5042 5044/5044/5044
f 5039/5039/5039 5038/5038/5038 5042/5042/5042
f 5042/5042/5042 5045/5045/5045 5039/5039/5039
f 5046/5046/5046 5047/5047/5047 5030/5030/5030
f 5031/5031/5031 5049/5049/5049 5030/5030/5030
f 5048/5048/5048 5049/5049/5049 5031/5031/5031
f 5050/5050/5050 5051/5051/5051 5038/5038/5038
f 5039/5039/5039 5053/5053/5053 5038/5038/5038
f 5052/5052/5052 5053/5053/5053 5039/5039/5039
f 5058/5058/5058 5059/5059/5059 5037/5037/5037
f 5061/5061/5061 5030/5030/5030 5060/5060/5060
f 5032/5032/5032 5062/5062/5062 5031/5031/5031
f 5048/5048/5048 5031/5031/5031 5062/5062/5062
f 5063/5063/5063 5064/5064/5064 5030/5030/5030
f 5066/5066/5066 5037/5037/5037 5030/5030/5030
f 5030/5030/5030 5065/5065/5065 5066/5066/5066
f 5067/5067/5067 5068/5068/5068 5032/5032/5032
f 5040/5040/5040 5070/5070/5070 5032/5032/5032
f 5069/5069/5069 5070/5070/5070 5040/5040/5040
f 5074/5074/5074 5045/5045/5045 5073/5073/5073
f 5038/5038/5038 5078/5078/5078 5040/5040/5040
f 5077/5077/5077 5078/5078/5078 5038/5038/5038
f 5079/5079/5079 5052/5052/5052 5039/5039/5039
f 5039/5039/5039 5080/5080/5080 5081/5081/5081
f 5045/5045/5045 5082/5082/5082 5039/5039/5039
f 5083/5083/5083 5039/5039/5039 5082/5082/5082
f 5089/5089/5089 5088/5088/5088 5026/5026/5026
f 5090/5090/5090 5026/5026/5026 5027/5027/5027
f 5027/5027/5027 5091/5091/5091 5090/5090/5090
f 5093/5093/5093 5092/5092/5092 5028/5028/5028
f 5029/5029/5029 5093/5093/5093 5028/5028/5028
f 5037/5037/5037 5094/5094/5094 5035/5035/5035
f 5037/5037/5037 5095/5095/5095 5094/5094/5094
f 5097/5097/5097 5096/5096/5096 5035/5035/5035
f 5044/5044/5044 5098/5098/5098 5045/5045/5045
f 5044/5044/5044 5099/5099/5099 5098/5098/5098
f 5101/5101/5101 5100/5100/5100 5045/5045/5045
f 5103/5103/5103 5102/5102/5102 5043/5043/5043
f 5036/5036/5036 5104/5104/5104 5043/5043/5043
f 5105/5105/5105 5104/5104/5104 5036/5036/5036
f 5035/5035/5035 5106/5106/5106 5036/5036/5036
f 5035/5035/5035 5107/5107/5107 5106/5106/5106
f 5108/5108/5108 5095/5095/5095 5037/5037/5037
f 5043/5043/5043 5102/5102/5102 5044/5044/5044
f 5109/5109/5109 5044/5044/5044 5102/5102/5102
f 5110/5110/5110 5045/5045/5045 5111/5111/5111
f 5055/5055/5055 5113/5113/5113 5054/5054/5054
f 5055/5055/5055 5114/5114/5114 5113/5113/5113
f 5057/5057/5057 5116/5116/5116 5056/5056/5056
f 5115/5115/5115 5056/5056/5056 5116/5116/5116
f 5057/5057/5057 5118/5118/5118 5117/5117/5117
f 5120/5120/5120 5037/5037/5037 5059/5059/5059
f 5119/5119/5119 5037/5037/5037 5120/5120/5120
f 5122/5122/5122 5121/5121/5121 5071/5071/5071
f 5123/5123/5123 5071/5071/5071 5072/5072/5072
f 5125/5125/5125 5073/5073/5073 5045/5045/5045
f 5045/5045/5045 5126/5126/5126 5125/5125/5125
f 5128/5128/5128 5127/5127/5127 5075/5075/5075
f 5129/5129/5129 5075/5075/5075 5076/5076/5076
f 5076/5076/5076 5130/5130/5130 5129/5129/5129
f 5132/5132/5132 5131/5131/5131 5084/5084/5084
f 5133/5133/5133 5084/5084/5084 5085/5085/5085
f 5085/5085/5085 5134/5134/5134 5133/5133/5133
f 5135/5135/5135 5086/5086/5086 5136/5136/5136
f 5087/5087/5087 5136/5136/5136 5086/5086/5086
f 5139/5139/5139 5137/5137/5137 5138/5138/5138
f 5141/5141/5141 5137/5137/5137 5142/5142/5142
f 5144/5144/5144 5138/5138/5138 5137/5137/5137
f 5138/5138/5138 5144/5144/5144 5143/5143/5143
f 5147/5147/5147 5145/5145/5145 5146/5146/5146
f 5149/5149/5149 5145/5145/5145 5150/5150/5150
f 5152/5152/5152 5146/5146/5146 5145/5145/5145
f 5146/5146/5146 5152/5152/5152 5151/5151/5151
f 5153/5153/5153 5154/5154/5154 5155/5155/5155
f 5156/5156/5156 5157/5157/5157 5158/5158/5158
f 5159/5159/5159 5160/5160/5160 5161/5161/5161
f 5162/5162/5162 5163/5163/5163 5164/5164/5164
f 5165/5165/5165 5166/5166/5166 5167/5167/5167
f 5168/5168/5168 5169/5169/5169 5170/5170/5170
f 5171/5171/5171 5172/5172/5172 5173/5173/5173
f 5174/5174/5174 5175/5175/5175 5176/5176/5176
f 5177/5177/5177 5178/5178/5178 5179/5179/5179
f 5178/5178/5178 5177/5177/5177 5180/5180/5180
f 5177/5177/5177 5179/5179/5179 5181/5181/5181
f 5182/5182/5182 5181/5181/5181 5183/5183/5183
f 5182/5182/5182 5184/5184/5184 5177/5177/5177
f 5181/5181/5181 5182/5182/5182 5177/5177/5177
f 5187/5187/5187 5186/5186/5186 5188/5188/5188
f 5189/5189/5189 5188/5188/5188 5190/5190/5190
f 5193/5193/5193 5195/5195/5195 5196/5196/5196
f 5197/5197/5197 5196/5196/5196 5198/5198/5198
f 5188/5188/5188 5192/5192/5192 5190/5190/5190
f 5185/5185/5185 5192/5192/5192 5188/5188/5188
f 5185/5185/5185 5188/5188/5188 5186/5186/5186
f 5187/5187/5187 5189/5189/5189 5196/5196/5196
f 5189/5189/5189 5191/5191/5191 5198/5198/5198
f 5200/5200/5200 5197/5197/5197 5199/5199/5199
f 5194/5194/5194 5193/5193/5193 5197/5197/5197
f 5197/5197/5197 5200/5200/5200 5194/5194/5194
f 5201/5201/5201 5202/5202/5202 5185/5185/5185
f 5186/5186/5186 5204/5204/5204 5185/5185/5185
f 5203/5203/5203 5204/5204/5204 5186/5186/5186
f 5205/5205/5205 5206/5206/5206 5193/5193/5193
f 5194/5194/5194 5208/5208/5208 5193/5193/5193
f 5207/5207/5207 5208/5208/5208 5194/5194/5194
f 5213/5213/5213 5214/5214/5214 5192/5192/5192
f 5216/5216/5216 5185/5185/5185 5215/5215/5215
f 5218/5218/5218 5187/5187/5187 5195/5195/5195
f 5195/5195/5195 5217/5217/5217 5218/5218/5218
f 5219/5219/5219 5220/5220/5220 5187/5187/5187
f 5187/5187/5187 5220/5220/5220 5186/5186/5186
f 5203/5203/5203 5186/5186/5186 5220/5220/5220
f 5202/5202/5202 5215/5215/5215 5185/5185/5185
f 5213/5213/5213 5192/5192/5192 5185/5185/5185
f 5185/5185/5185 5221/5221/5221 5213/5213/5213
f 5225/5225/5225 5200/5200/5200 5224/5224/5224
f 5193/5193/5193 5228/5228/5228 5195/5195/5195
f 5206/5206/5206 5228/5228/5228 5193/5193/5193
f 5229/5229/5229 5207/5207/5207 5194/5194/5194
f 5194/5194/5194 5230/5230/5230 5231/5231/5231
f 5200/5200/5200 5232/5232/5232 5194/5194/5194
f 5230/5230/5230 5194/5194/5194 5232/5232/5232
f 5238/5238/5238 5237/5237/5237 5239/5239/5239
f 5240/5240/5240 5239/5239/5239 5241/5241/5241
f 5244/5244/5244 5246/5246/5246 5247/5247/5247
f 5248/5248/5248 5247/5247/5247 5249/5249/5249
f 5239/5239/5239 5243/5243/5243 5241/5241/5241
f 5236/5236/5236 5243/5243/5243 5239/5239/5239
f 5236/5236/5236 5239/5239/5239 5237/5237/5237
f 5238/5238/5238 5240/5240/5240 5247/5247/5247
f 5240/5240/5240 5242/5242/5242 5249/5249/5249
f 5251/5251/5251 5248/5248/5248 5250/5250/5250
f 5245/5245/5245 5244/5244/5244 5248/5248/5248
f 5248/5248/5248 5251/5251/5251 5245/5245/5245
f 5252/5252/5252 5253/5253/5253 5236/5236/5236
f 5237/5237/5237 5255/5255/5255 5236/5236/5236
f 5254/5254/5254 5255/5255/5255 5237/5237/5237
f 5256/5256/5256 5257/5257/5257 5244/5244/5244
f 5245/5245/5245 5259/5259/5259 5244/5244/5244
f 5258/5258/5258 5259/5259/5259 5245/5245/5245
f 5264/5264/5264 5265/5265/5265 5243/5243/5243
f 5267/5267/5267 5236/5236/5236 5266/5266/5266
f 5246/5246/5246 5268/5268/5268 5238/5238/5238
f 5269/5269/5269 5238/5238/5238 5268/5268/5268
f 5270/5270/5270 5271/5271/5271 5246/5246/5246
f 5238/5238/5238 5272/5272/5272 5237/5237/5237
f 5254/5254/5254 5237/5237/5237 5272/5272/5272
f 5253/5253/5253 5266/5266/5266 5236/5236/5236
f 5264/5264/5264 5243/5243/5243 5236/5236/5236
f 5236/5236/5236 5273/5273/5273 5264/5264/5264
f 5275/5275/5275 5251/5251/5251 5274/5274/5274
f 5244/5244/5244 5279/5279/5279 5246/5246/5246
f 5257/5257/5257 5279/5279/5279 5244/5244/5244
f 5280/5280/5280 5281/5281/5281 5245/5245/5245
f 5245/5245/5245 5282/5282/5282 5283/5283/5283
f 5251/5251/5251 5284/5284/5284 5245/5245/5245
f 5282/5282/5282 5245/5245/5245 5284/5284/5284
f 5192/5192/5192 5285/5285/5285 5190/5190/5190
f 5285/5285/5285 5192/5192/5192 5286/5286/5286
f 5288/5288/5288 5287/5287/5287 5190/5190/5190
f 5199/5199/5199 5289/5289/5289 5200/5200/5200
f 5289/5289/5289 5199/5199/5199 5290/5290/5290
f 5289/5289/5289 5291/5291/5291 5200/5200/5200
f 5190/5190/5190 5292/5292/5292 5191/5191/5191
f 5292/5292/5292 5190/5190/5190 5293/5293/5293
f 5191/5191/5191 5294/5294/5294 5198/5198/5198
f 5191/5191/5191 5292/5292/5292 5294/5294/5294
f 5296/5296/5296 5295/5295/5295 5198/5198/5198
f 5298/5298/5298 5297/5297/5297 5192/5192/5192
f 5300/5300/5300 5199/5199/5199 5198/5198/5198
f 5299/5299/5299 5199/5199/5199 5300/5300/5300
f 5301/5301/5301 5200/5200/5200 5302/5302/5302
f 5210/5210/5210 5304/5304/5304 5209/5209/5209
f 5303/5303/5303 5209/5209/5209 5304/5304/5304
f 5210/5210/5210 5306/5306/5306 5305/5305/5305
f 5307/5307/5307 5212/5212/5212 5308/5308/5308
f 5212/5212/5212 5310/5310/5310 5211/5211/5211
f 5309/5309/5309 5192/5192/5192 5214/5214/5214
f 5311/5311/5311 5192/5192/5192 5309/5309/5309
f 5313/5313/5313 5312/5312/5312 5222/5222/5222
f 5314/5314/5314 5222/5222/5222 5223/5223/5223
f 5316/5316/5316 5224/5224/5224 5200/5200/5200
f 5200/5200/5200 5317/5317/5317 5316/5316/5316
f 5319/5319/5319 5318/5318/5318 5226/5226/5226
f 5320/5320/5320 5226/5226/5226 5227/5227/5227
f 5227/5227/5227 5321/5321/5321 5320/5320/5320
f 5323/5323/5323 5322/5322/5322 5234/5234/5234
f 5324/5324/5324 5234/5234/5234 5233/5233/5233
f 5233/5233/5233 5325/5325/5325 5324/5324/5324
f 5322/5322/5322 5326/5326/5326 5235/5235/5235
f 5235/5235/5235 5234/5234/5234 5322/5322/5322
f 5243/5243/5243 5327/5327/5327 5241/5241/5241
f 5327/5327/5327 5243/5243/5243 5328/5328/5328
f 5330/5330/5330 5329/5329/5329 5241/5241/5241
f 5250/5250/5250 5331/5331/5331 5251/5251/5251
f 5331/5331/5331 5250/5250/5250 5332/5332/5332
f 5334/5334/5334 5333/5333/5333 5251/5251/5251
f 5241/5241/5241 5335/5335/5335 5242/5242/5242
f 5335/5335/5335 5241/5241/5241 5336/5336/5336
f 5242/5242/5242 5337/5337/5337 5249/5249/5249
f 5242/5242/5242 5338/5338/5338 5337/5337/5337
f 5337/5337/5337 5339/5339/5339 5249/5249/5249
f 5340/5340/5340 5328/5328/5328 5243/5243/5243
f 5249/5249/5249 5342/5342/5342 5250/5250/5250
f 5341/5341/5341 5250/5250/5250 5342/5342/5342
f 5343/5343/5343 5251/5251/5251 5333/5333/5333
f 5261/5261/5261 5345/5345/5345 5260/5260/5260
f 5344/5344/5344 5260/5260/5260 5345/5345/5345
f 5261/5261/5261 5347/5347/5347 5346/5346/5346
f 5348/5348/5348 5263/5263/5263 5344/5344/5344
f 5263/5263/5263 5350/5350/5350 5262/5262/5262
f 5349/5349/5349 5243/5243/5243 5265/5265/5265
f 5351/5351/5351 5243/5243/5243 5349/5349/5349
f 5352/5352/5352 5274/5274/5274 5251/5251/5251
f 5251/5251/5251 5353/5353/5353 5352/5352/5352
f 5355/5355/5355 5354/5354/5354 5276/5276/5276
f 5274/5274/5274 5356/5356/5356 5276/5276/5276
f 5359/5359/5359 5358/5358/5358 5277/5277/5277
f 5361/5361/5361 5277/5277/5277 5278/5278/5278
f 5278/5278/5278 5360/5360/5360 5361/5361/5361
f 5368/5368/5368 5367/5367/5367 5369/5369/5369
f 5370/5370/5370 5369/5369/5369 5371/5371/5371
f 5374/5374/5374 5376/5376/5376 5377/5377/5377
f 5378/5378/5378 5377/5377/5377 5379/5379/5379
f 5369/5369/5369 5373/5373/5373 5371/5371/5371
f 5369/5369/5369 5366/5366/5366 5373/5373/5373
f 5366/5366/5366 5369/5369/5369 5367/5367/5367
f 5368/5368/5368 5370/5370/5370 5377/5377/5377
f 5370/5370/5370 5372/5372/5372 5379/5379/5379
f 5381/5381/5381 5378/5378/5378 5380/5380/5380
f 5375/5375/5375 5374/5374/5374 5378/5378/5378
f 5378/5378/5378 5381/5381/5381 5375/5375/5375
f 5382/5382/5382 5383/5383/5383 5366/5366/5366
f 5367/5367/5367 5385/5385/5385 5366/5366/5366
f 5384/5384/5384 5385/5385/5385 5367/5367/5367
f 5386/5386/5386 5387/5387/5387 5374/5374/5374
f 5375/5375/5375 5389/5389/5389 5374/5374/5374
f 5388/5388/5388 5389/5389/5389 5375/5375/5375
f 5394/5394/5394 5395/5395/5395 5373/5373/5373
f 5397/5397/5397 5366/5366/5366 5396/5396/5396
f 5368/5368/5368 5398/5398/5398 5367/5367/5367
f 5384/5384/5384 5367/5367/5367 5398/5398/5398
f 5399/5399/5399 5400/5400/5400 5366/5366/5366
f 5402/5402/5402 5373/5373/5373 5366/5366/5366
f 5366/5366/5366 5401/5401/5401 5402/5402/5402
f 5403/5403/5403 5404/5404/5404 5368/5368/5368
f 5376/5376/5376 5406/5406/5406 5368/5368/5368
f 5405/5405/5405 5406/5406/5406 5376/5376/5376
f 5410/5410/5410 5381/5381/5381 5409/5409/5409
f 5374/5374/5374 5414/5414/5414 5376/5376/5376
f 5413/5413/5413 5414/5414/5414 5374/5374/5374
f 5415/5415/5415 5388/5388/5388 5375/5375/5375
f 5375/5375/5375 5416/5416/5416 5417/5417/5417
f 5381/5381/5381 5418/5418/5418 5375/5375/5375
f 5419/5419/5419 5375/5375/5375 5418/5418/5418
f 5425/5425/5425 5424/5424/5424 5362/5362/5362
f 5426/5426/5426 5362/5362/5362 5363/5363/5363
f 5363/5363/5363 5427/5427/5427 5426/5426/5426
f 5429/5429/5429 5428/5428/5428 5364/5364/5364
f 5365/5365/5365 5429/5429/5429 5364/5364/5364
f 5373/5373/5373 5430/5430/5430 5371/5371/5371
f 5373/5373/5373 5431/5431/5431 5430/5430/5430
f 5433/5433/5433 5432/5432/5432 5371/5371/5371
f 5380/5380/5380 5434/5434/5434 5381/5381/5381
f 5380/5380/5380 5435/5435/5435 5434/5434/5434
f 5437/5437/5437 5436/5436/5436 5381/5381/5381
f 5439/5439/5439 5438/5438/5438 5379/5379/5379
f 5372/5372/5372 5440/5440/5440 5379/5379/5379
f 5441/5441/5441 5440/5440/5440 5372/5372/5372
f 5371/5371/5371 5442/5442/5442 5372/5372/5372
f 5371/5371/5371 5443/5443/5443 5442/5442/5442
f 5444/5444/5444 5431/5431/5431 5373/5373/5373
f 5379/5379/5379 5438/5438/5438 5380/5380/5380
f 5445/5445/5445 5380/5380/5380 5438/5438/5438
f 5446/5446/5446 5381/5381/5381 5447/5447/5447
f 5391/5391/5391 5449/5449/5449 5390/5390/5390
f 5391/5391/5391 5450/5450/5450 5449/5449/5449
f 5393/5393/5393 5452/5452/5452 5392/5392/5392
f 5451/5451/5451 5392/5392/5392 5452/5452/5452
f 5393/5393/5393 5454/5454/5454 5453/5453/5453
f 5456/5456/5456 5373/5373/5373 5395/5395/5395
f 5455/5455/5455 5373/5373/5373 5456/5456/5456
f 5458/5458/5458 5457/5457/5457 5407/5407/5407
f 5459/5459/5459 5407/5407/5407 5408/5408/5408
f 5461/5461/5461 5409/5409/5409 5381/5381/5381
f 5381/5381/5381 5462/5462/5462 5461/5461/5461
f 5464/5464/5464 5463/5463/5463 5411/5411/5411
f 5465/5465/5465 5411/5411/5411 5412/5412/5412
f 5412/5412/5412 5466/5466/5466 5465/5465/5465
f 5468/5468/5468 5467/5467/5467 5420/5420/5420
f 5469/5469/5469 5420/5420/5420 5421/5421/5421
f 5421/5421/5421 5470/5470/5470 5469/5469/5469
f 5471/5471/5471 5422/5422/5422 5472/5472/5472
f 5423/5423/5423 5472/5472/5472 5422/5422/5422
f 5475/5475/5475 5473/5473/5473 5474/5474/5474
f 5477/5477/5477 5473/5473/5473 5478/5478/5478
f 5480/5480/5480 5474/5474/5474 5473/5473/5473
f 5474/5474/5474 5480/5480/5480 5479/5479/5479
f 5483/5483/5483 5481/5481/5481 5482/5482/5482
f 5485/5485/5485 5481/5481/5481 5486/5486/5486
f 5488/5488/5488 5482/5482/5482 5481/5481/5481
f 5482/5482/5482 5488/5488/5488 5487/5487/5487
f 5489/5489/5489 5490/5490/5490 5491/5491/5491
f 5492/5492/5492 5493/5493/5493 5494/5494/5494
f 5495/5495/5495 5496/5496/5496 5497/5497/5497
f 5498/5498/5498 5499/5499/5499 5500/5500/5500
f 5501/5501/5501 5502/5502/5502 5503/5503/5503
f 5504/5504/5504 5505/5505/5505 5506/5506/5506
f 5507/5507/5507 5508/5508/5508 5509/5509/5509
f 5510/5510/5510 5511/5511/5511 5512/5512/5512
f 5513/5513/5513 5514/5514/5514 5515/5515/5515
f 5514/5514/5514 5513/5513/5513 5516/5516/5516
f 5513/5513/5513 5515/5515/5515 5517/5517/5517
f 5518/5518/5518 5517/5517/5517 5519/5519/5519
f 5518/5518/5518 5520/5520/5520 5513/5513/5513
f 5517/5517/5517 5518/5518/5518 5513/5513/5513
f 5523/5523/5523 5522/5522/5522 5524/5524/5524
f 5525/5525/5525 5524/5524/5524 5526/5526/5526
f 5529/5529/5529 5531/5531/5531 5532/5532/5532
f 5533/5533/5533 5532/5532/5532 5534/5534/5534
f 5524/5524/5524 5528/5528/5528 5526/5526/5526
f 5521/5521/5521 5528/5528/5528 5524/5524/5524
f 5521/5521/5521 5524/5524/5524 5522/5522/5522
f 5523/5523/5523 5525/5525/5525 5532/5532/5532
f 5525/5525/5525 5527/5527/5527 5534/5534/5534
f 5536/5536/5536 5533/5533/5533 5535/5535/5535
f 5530/5530/5530 5529/5529/5529 5533/5533/5533
f 5533/5533/5533 5536/5536/5536 5530/5530/5530
f 5537/5537/5537 5538/5538/5538 5521/5521/5521
f 5522/5522/5522 5540/5540/5540 5521/5521/5521
f 5539/5539/5539 5540/5540/5540 5522/5522/5522
f 5541/5541/5541 5542/5542/5542 5529/5529/5529
f 5530/5530/5530 5544/5544/5544 5529/5529/5529
f 5543/5543/5543 5544/5544/5544 5530/5530/5530
f 5549/5549/5549 5550/5550/5550 5528/5528/5528
f 5552/5552/5552 5521/5521/5521 5551/5551/5551
f 5554/5554/5554 5523/5523/5523 5531/5531/5531
f 5531/5531/5531 5553/5553/5553 5554/5554/5554
f 5555/5555/5555 5556/5556/5556 5523/5523/5523
f 5523/5523/5523 5556/5556/5556 5522/5522/5522
f 5539/5539/5539 5522/5522/5522 5556/5556/5556
f 5538/5538/5538 5551/5551/5551 5521/5521/5521
f 5549/5549/5549 5528/5528/5528 5521/5521/5521
f 5521/5521/5521 5557/5557/5557 5549/5549/5549
f 5561/5561/5561 5536/5536/5536 5560/5560/5560
f 5529/5529/5529 5564/5564/5564 5531/5531/5531
f 5542/5542/5542 5564/5564/5564 5529/5529/5529
f 5565/5565/5565 5543/5543/5543 5530/5530/5530
f 5530/5530/5530 5566/5566/5566 5567/5567/5567
f 5536/5536/5536 5568/5568/5568 5530/5530/5530
f 5566/5566/5566 5530/5530/5530 5568/5568/5568
f 5574/5574/5574 5573/5573/5573 5575/5575/5575
f 5576/5576/5576 5575/5575/5575 5577/5577/5577
f 5580/5580/5580 5582/5582/5582 5583/5583/5583
f 5584/5584/5584 5583/5583/5583 5585/5585/5585
f 5575/5575/5575 5579/5579/5579 5577/5577/5577
f 5572/5572/5572 5579/5579/5579 5575/5575/5575
f 5572/5572/5572 5575/5575/5575 5573/5573/5573
f 5574/5574/5574 5576/5576/5576 5583/5583/5583
f 5576/5576/5576 5578/5578/5578 5585/5585/5585
f 5587/5587/5587 5584/5584/5584 5586/5586/5586
f 5581/5581/5581 5580/5580/5580 5584/5584/5584
f 5584/5584/5584 5587/5587/5587 5581/5581/5581
f 5588/5588/5588 5589/5589/5589 5572/5572/5572
f 5573/5573/5573 5591/5591/5591 5572/5572/5572
f 5590/5590/5590 5591/5591/5591 5573/5573/5573
f 5592/5592/5592 5593/5593/5593 5580/5580/5580
f 5581/5581/5581 5595/5595/5595 5580/5580/5580
f 5594/5594/5594 5595/5595/5595 5581/5581/5581
f 5600/5600/5600 5601/5601/5601 5579/5579/5579
f 5603/5603/5603 5572/5572/5572 5602/5602/5602
f 5582/5582/5582 5604/5604/5604 5574/5574/5574
f 5605/5605/5605 5574/5574/5574 5604/5604/5604
f 5606/5606/5606 5607/5607/5607 5582/5582/5582
f 5574/5574/5574 5608/5608/5608 5573/5573/5573
f 5590/5590/5590 5573/5573/5573 5608/5608/5608
f 5589/5589/5589 5602/5602/5602 5572/5572/5572
f 5600/5600/5600 5579/5579/5579 5572/5572/5572
f 5572/5572/5572 5609/5609/5609 5600/5600/5600
f 5611/5611/5611 5587/5587/5587 5610/5610/5610
f 5580/5580/5580 5615/5615/5615 5582/5582/5582
f 5593/5593/5593 5615/5615/5615 5580/5580/5580
f 5616/5616/5616 5617/5617/5617 5581/5581/5581
f 5581/5581/5581 5618/5618/5618 5619/5619/5619
f 5587/5587/5587 5620/5620/5620 5581/5581/5581
f 5618/5618/5618 5581/5581/5581 5620/5620/5620
f 5528/5528/5528 5621/5621/5621 5526/5526/5526
f 5621/5621/5621 5528/5528/5528 5622/5622/5622
f 5624/5624/5624 5623/5623/5623 5526/5526/5526
f 5535/5535/5535 5625/5625/5625 5536/5536/5536
f 5625/5625/5625 5535/5535/5535 5626/5626/5626
f 5625/5625/5625 5627/5627/5627 5536/5536/5536
f 5526/5526/5526 5628/5628/5628 5527/5527/5527
f 5628/5628/5628 5526/5526/5526 5629/5629/5629
f 5527/5527/5527 5630/5630/5630 5534/5534/5534
f 5527/5527/5527 5628/5628/5628 5630/5630/5630
f 5632/5632/5632 5631/5631/5631 5534/5534/5534
f 5634/5634/5634 5633/5633/5633 5528/5528/5528
f 5636/5636/5636 5535/5535/5535 5534/5534/5534
f 5635/5635/5635 5535/5535/5535 5636/5636/5636
f 5637/5637/5637 5536/5536/5536 5638/5638/5638
f 5546/5546/5546 5640/5640/5640 5545/5545/5545
f 5639/5639/5639 5545/5545/5545 5640/5640/5640
f 5546/5546/5546 5642/5642/5642 5641/5641/5641
f 5643/5643/5643 5548/5548/5548 5644/5644/5644
f 5548/5548/5548 5646/5646/5646 5547/5547/5547
f 5645/5645/5645 5528/5528/5528 5550/5550/5550
f 5647/5647/5647 5528/5528/5528 5645/5645/5645
f 5649/5649/5649 5648/5648/5648 5558/5558/5558
f 5650/5650/5650 5558/5558/5558 5559/5559/5559
f 5652/5652/5652 5560/5560/5560 5536/5536/5536
f 5536/5536/5536 5653/5653/5653 5652/5652/5652
f 5655/5655/5655 5654/5654/5654 5562/5562/5562
f 5656/5656/5656 5562/5562/5562 5563/5563/5563
f 5563/5563/5563 5657/5657/5657 5656/5656/5656
f 5659/5659/5659 5658/5658/5658 5570/5570/5570
f 5660/5660/5660 5570/5570/5570 5569/5569/5569
f 5569/5569/5569 5661/5661/5661 5660/5660/5660
f 5658/5658/5658 5662/5662/5662 5571/5571/5571
f 5571/5571/5571 5570/5570/5570 5658/5658/5658
f 5579/5579/5579 5663/5663/5663 5577/5577/5577
f 5663/5663/5663 5579/5579/5579 5664/5664/5664
f 5666/5666/5666 5665/5665/5665 5577/5577/5577
f 5586/5586/5586 5667/5667/5667 5587/5587/5587
f 5667/5667/5667 5586/5586/5586 5668/5668/5668
f 5670/5670/5670 5669/5669/5669 5587/5587/5587
f 5577/5577/5577 5671/5671/5671 5578/5578/5578
f 5671/5671/5671 5577/5577/5577 5672/5672/5672
f 5578/5578/5578 5673/5673/5673 5585/5585/5585
f 5578/5578/5578 5674/5674/5674 5673/5673/5673
f 5673/5673/5673 5675/5675/5675 5585/5585/5585
f 5676/5676/5676 5664/5664/5664 5579/5579/5579
f 5585/5585/5585 5678/5678/5678 5586/5586/5586
f 5677/5677/5677 5586/5586/5586 5678/5678/5678
f 5679/5679/5679 5587/5587/5587 5669/5669/5669
f 5597/5597/5597 5681/5681/5681 5596/5596/5596
f 5680/5680/5680 5596/5596/5596 5681/5681/5681
f 5597/5597/5597 5683/5683/5683 5682/5682/5682
f 5684/5684/5684 5599/5599/5599 5680/5680/5680
f 5599/5599/5599 5686/5686/5686 5598/5598/5598
f 5685/5685/5685 5579/5579/5579 5601/5601/5601
f 5687/5687/5687 5579/5579/5579 5685/5685/5685
f 5688/5688/5688 5610/5610/5610 5587/5587/5587
f 5587/5587/5587 5689/5689/5689 5688/5688/5688
f 5691/5691/5691 5690/5690/5690 5612/5612/5612
f 5610/5610/5610 5692/5692/5692 5612/5612/5612
f 5695/5695/5695 5694/5694/5694 5613/5613/5613
f 5697/5697/5697 5613/5613/5613 5614/5614/5614
f 5614/5614/5614 5696/5696/5696 5697/5697/5697
f 5704/5704/5704 5703/5703/5703 5705/5705/5705
f 5706/5706/5706 5705/5705/5705 5707/5707/5707
f 5710/5710/5710 5712/5712/5712 5713/5713/5713
f 5714/5714/5714 5713/5713/5713 5715/5715/5715
f 5705/5705/5705 5709/5709/5709 5707/5707/5707
f 5705/5705/5705 5702/5702/5702 5709/5709/5709
f 5702/5702/5702 5705/5705/5705 5703/5703/5703
f 5704/5704/5704 5706/5706/5706 5713/5713/5713
f 5706/5706/5706 5708/5708/5708 5715/5715/5715
f 5717/5717/5717 5714/5714/5714 5716/5716/5716
f 5711/5711/5711 5710/5710/5710 5714/5714/5714
f 5714/5714/5714 5717/5717/5717 5711/5711/5711
f 5718/5718/5718 5719/5719/5719 5702/5702/5702
f 5703/5703/5703 5721/5721/5721 5702/5702/5702
f 5720/5720/5720 5721/5721/5721 5703/5703/5703
f 5722/5722/5722 5723/5723/5723 5710/5710/5710
f 5711/5711/5711 5725/5725/5725 5710/5710/5710
f 5724/5724/5724 5725/5725/5725 5711/5711/5711
f 5730/5730/5730 5731/5731/5731 5709/5709/5709
f 5733/5733/5733 5702/5702/5702 5732/5732/5732
f 5704/5704/5704 5734/5734/5734 5703/5703/5703
f 5720/5720/5720 5703/5703/5703 5734/5734/5734
f 5735/5735/5735 5736/5736/5736 5702/5702/5702
f 5738/5738/5738 5709/5709/5709 5702/5702/5702
f 5702/5702/5702 5737/5737/5737 5738/5738/5738
f 5739/5739/5739 5740/5740/5740 5704/5704/5704
f 5712/5712/5712 5742/5742/5742 5704/5704/5704
f 5741/5741/5741 5742/5742/5742 5712/5712/5712
f 5746/5746/5746 5717/5717/5717 5745/5745/5745
f 5710/5710/5710 5750/5750/5750 5712/5712/5712
f 5749/5749/5749 5750/5750/5750 5710/5710/5710
f 5751/5751/5751 5724/5724/5724 5711/5711/5711
f 5711/5711/5711 5752/5752/5752 5753/5753/5753
f 5717/5717/5717 5754/5754/5754 5711/5711/5711
f 5755/5755/5755 5711/5711/5711 5754/5754/5754
f 5761/5761/5761 5760/5760/5760 5698/5698/5698
f 5762/5762/5762 5698/5698/5698 5699/5699/5699
f 5699/5699/5699 5763/5763/5763 5762/5762/5762
f 5765/5765/5765 5764/5764/5764 5700/5700/5700
f 5701/5701/5701 5765/5765/5765 5700/5700/5700
f 5709/5709/5709 5766/5766/5766 5707/5707/5707
f 5709/5709/5709 5767/5767/5767 5766/5766/5766
f 5769/5769/5769 5768/5768/5768 5707/5707/5707
f 5716/5716/5716 5770/5770/5770 5717/5717/5717
f 5716/5716/5716 5771/5771/5771 5770/5770/5770
f 5773/5773/5773 5772/5772/5772 5717/5717/5717
f 5775/5775/5775 5774/5774/5774 5715/5715/5715
f 5708/5708/5708 5776/5776/5776 5715/5715/5715
f 5777/5777/5777 5776/5776/5776 5708/5708/5708
f 5707/5707/5707 5778/5778/5778 5708/5708/5708
f 5707/5707/5707 5779/5779/5779 5778/5778/5778
f 5780/5780/5780 5767/5767/5767 5709/5709/5709
f 5715/5715/5715 5774/5774/5774 5716/5716/5716
f 5781/5781/5781 5716/5716/5716 5774/5774/5774
f 5782/5782/5782 5717/5717/5717 5783/5783/5783
f 5727/5727/5727 5785/5785/5785 5726/5726/5726
f 5727/5727/5727 5786/5786/5786 5785/5785/5785
f 5729/5729/5729 5788/5788/5788 5728/5728/5728
f 5787/5787/5787 5728/5728/5728 5788/5788/5788
f 5729/5729/5729 5790/5790/5790 5789/5789/5789
f 5792/5792/5792 5709/5709/5709 5731/5731/5731
f 5791/5791/5791 5709/5709/5709 5792/5792/5792
f 5794/5794/5794 5793/5793/5793 5743/5743/5743
f 5795/5795/5795 5743/5743/5743 5744/5744/5744
f 5797/5797/5797 5745/5745/5745 5717/5717/5717
f 5717/5717/5717 5798/5798/5798 5797/5797/5797
f 5800/5800/5800 5799/5799/5799 5747/5747/5747
f 5801/5801/5801 5747/5747/5747 5748/5748/5748
f 5748/5748/5748 5802/5802/5802 5801/5801/5801
f 5804/5804/5804 5803/5803/5803 5756/5756/5756
f 5805/5805/5805 5756/5756/5756 5757/5757/5757
f 5757/5757/5757 5806/5806/5806 5805/5805/5805
f 5807/5807/5807 5758/5758/5758 5808/5808/5808
f 5759/5759/5759 5808/5808/5808 5758/5758/5758
f 5811/5811/5811 5809/5809/5809 5810/5810/5810
f 5813/5813/5813 5809/5809/5809 5814/5814/5814
f 5816/5816/5816 5810/5810/5810 5809/5809/5809
f 5810/5810/5810 5816/5816/5816 5815/5815/5815
f 5819/5819/5819 5817/5817/5817 5818/5818/5818
f 5821/5821/5821 5817/5817/5817 5822/5822/5822
f 5824/5824/5824 5818/5818/5818 5817/5817/5817
f 5818/5818/5818 5824/5824/5824 5823/5823/5823
f 5825/5825/5825 5826/5826/5826 5827/5827/5827
f 5828/5828/5828 5829/5829/5829 5830/5830/5830
f 5831/5831/5831 5832/5832/5832 5833/5833/5833
f 5834/5834/5834 5835/5835/5835 5836/5836/5836
f 5837/5837/5837 5838/5838/5838 5839/5839/5839
f 5840/5840/5840 5841/5841/5841 5842/5842/5842
f 5843/5843/5843 5844/5844/5844 5845/5845/5845
f 5846/5846/5846 5847/5847/5847 5848/5848/5848
f 5849/5849/5849 5850/5850/5850 5851/5851/5851
f 5850/5850/5850 5849/5849/5849 5852/5852/5852
f 5849/5849/5849 5851/5851/5851 5853/5853/5853
f 5854/5854/5854 5853/5853/5853 5855/5855/5855
f 5854/5854/5854 5856/5856/5856 5849/5849/5849
f 5853/5853/5853 5854/5854/5854 5849/5849/5849
f 5859/5859/5859 5858/5858/5858 5860/5860/5860
f 5861/5861/5861 5860/5860/5860 5862/5862/5862
f 5865/5865/5865 5867/5867/5867 5868/5868/5868
f 5869/5869/5869 5868/5868/5868 5870/5870/5870
f 5860/5860/5860 5864/5864/5864 5862/5862/5862
f 5857/5857/5857 5864/5864/5864 5860/5860/5860
f 5857/5857/5857 5860/5860/5860 5858/5858/5858
f 5859/5859/5859 5861/5861/5861 5868/5868/5868
f 5861/5861/5861 5863/5863/5863 5870/5870/5870
f 5872/5872/5872 5869/5869/5869 5871/5871/5871
f 5866/5866/5866 5865/5865/5865 5869/5869/5869
f 5869/5869/5869 5872/5872/5872 5866/5866/5866
f 5873/5873/5873 5874/5874/5874 5857/5857/5857
f 5858/5858/5858 5876/5876/5876 5857/5857/5857
f 5875/5875/5875 5876/5876/5876 5858/5858/5858
f 5877/5877/5877 5878/5878/5878 5865/5865/5865
f 5866/5866/5866 5880/5880/5880 5865/5865/5865
f 5879/5879/5879 5880/5880/5880 5866/5866/5866
f 5885/5885/5885 5886/5886/5886 5864/5864/5864
f 5888/5888/5888 5857/5857/5857 5887/5887/5887
f 5890/5890/5890 5859/5859/5859 5867/5867/5867
f 5867/5867/5867 5889/5889/5889 5890/5890/5890
f 5891/5891/5891 5892/5892/5892 5859/5859/5859
f 5859/5859/5859 5892/5892/5892 5858/5858/5858
f 5875/5875/5875 5858/5858/5858 5892/5892/5892
f 5874/5874/5874 5887/5887/5887 5857/5857/5857
f 5885/5885/5885 5864/5864/5864 5857/5857/5857
f 5857/5857/5857 5893/5893/5893 5885/5885/5885
f 5897/5897/5897 5872/5872/5872 5896/5896/5896
f 5865/5865/5865 5900/5900/5900 5867/5867/5867
f 5878/5878/5878 5900/5900/5900 5865/5865/5865
f 5901/5901/5901 5879/5879/5879 5866/5866/5866
f 5866/5866/5866 5902/5902/5902 5903/5903/5903
f 5872/5872/5872 5904/5904/5904 5866/5866/5866
f 5902/5902/5902 5866/5866/5866 5904/5904/5904
f 5910/5910/5910 5909/5909/5909 5911/5911/5911
f 5912/5912/5912 5911/5911/5911 5913/5913/5913
f 5916/5916/5916 5918/5918/5918 5919/5919/5919
f 5920/5920/5920 5919/5919/5919 5921/5921/5921
f 5911/5911/5911 5915/5915/5915 5913/5913/5913
f 5908/5908/5908 5915/5915/5915 5911/5911/5911
f 5908/5908/5908 5911/5911/5911 5909/5909/5909
f 5910/5910/5910 5912/5912/5912 5919/5919/5919
f 5912/5912/5912 5914/5914/5914 5921/5921/5921
f 5923/5923/5923 5920/5920/5920 5922/5922/5922
f 5917/5917/5917 5916/5916/5916 5920/5920/5920
f 5920/5920/5920 5923/5923/5923 5917/5917/5917
f 5924/5924/5924 5925/5925/5925 5908/5908/5908
f 5909/5909/5909 5927/5927/5927 5908/5908/5908
f 5926/5926/5926 5927/5927/5927 5909/5909/5909
f 5928/5928/5928 5929/5929/5929 5916/5916/5916
f 5917/5917/5917 5931/5931/5931 5916/5916/5916
f 5930/5930/5930 5931/5931/5931 5917/5917/5917
f 5936/5936/5936 5937/5937/5937 5915/5915/5915
f 5939/5939/5939 5908/5908/5908 5938/5938/5938
f 5918/5918/5918 5940/5940/5940 5910/5910/5910
f 5941/5941/5941 5910/5910/5910 5940/5940/5940
f 5942/5942/5942 5943/5943/5943 5918/5918/5918
f 5910/5910/5910 5944/5944/5944 5909/5909/5909
f 5926/5926/5926 5909/5909/5909 5944/5944/5944
f 5925/5925/5925 5938/5938/5938 5908/5908/5908
f 5936/5936/5936 5915/5915/5915 5908/5908/5908
f 5908/5908/5908 5945/5945/5945 5936/5936/5936
f 5947/5947/5947 5923/5923/5923 5946/5946/5946
f 5916/5916/5916 5951/5951/5951 5918/5918/5918
f 5929/5929/5929 5951/5951/5951 5916/5916/5916
f 5952/5952/5952 5953/5953/5953 5917/5917/5917
f 5917/5917/5917 5954/5954/5954 5955/5955/5955
f 5923/5923/5923 5956/5956/5956 5917/5917/5917
f 5954/5954/5954 5917/5917/5917 5956/5956/5956
f 5864/5864/5864 5957/5957/5957 5862/5862/5862
f 5957/5957/5957 5864/5864/5864 5958/5958/5958
f 5960/5960/5960 5959/5959/5959 5862/5862/5862
f 5871/5871/5871 5961/5961/5961 5872/5872/5872
f 5961/5961/5961 5871/5871/5871 5962/5962/5962
f 5961/5961/5961 5963/5963/5963 5872/5872/5872
f 5862/5862/5862 5964/5964/5964 5863/5863/5863
f 5964/5964/5964 5862/5862/5862 5965/5965/5965
f 5863/5863/5863 5966/5966/5966 5870/5870/5870
f 5863/5863/5863 5964/5964/5964 5966/5966/5966
f 5968/5968/5968 5967/5967/5967 5870/5870/5870
f 5970/5970/5970 5969/5969/5969 5864/5864/5864
f 5972/5972/5972 5871/5871/5871 5870/5870/5870
f 5971/5971/5971 5871/5871/5871 5972/5972/5972
f 5973/5973/5973 5872/5872/5872 5974/5974/5974
f 5882/5882/5882 5976/5976/5976 5881/5881/5881
f 5975/5975/5975 5881/5881/5881 5976/5976/5976
f 5882/5882/5882 5978/5978/5978 5977/5977/5977
f 5979/5979/5979 5884/5884/5884 5980/5980/5980
f 5884/5884/5884 5982/5982/5982 5883/5883/5883
f 5981/5981/5981 5864/5864/5864 5886/5886/5886
f 5983/5983/5983 5864/5864/5864 5981/5981/5981
f 5985/5985/5985 5984/5984/5984 5894/5894/5894
f 5986/5986/5986 5894/5894/5894 5895/5895/5895
f 5988/5988/5988 5896/5896/5896 5872/5872/5872
f 5872/5872/5872 5989/5989/5989 5988/5988/5988
f 5991/5991/5991 5990/5990/5990 5898/5898/5898
f 5992/5992/5992 5898/5898/5898 5899/5899/5899
f 5899/5899/5899 5993/5993/5993 5992/5992/5992
f 5995/5995/5995 5994/5994/5994 5906/5906/5906
f 5996/5996/5996 5906/5906/5906 5905/5905/5905
f 5905/5905/5905 5997/5997/5997 5996/5996/5996
f 5994/5994/5994 5998/5998/5998 5907/5907/5907
f 5907/5907/5907 5906/5906/5906 5994/5994/5994
f 5915/5915/5915 5999/5999/5999 5913/5913/5913
f 5999/5999/5999 5915/5915/5915 6000/6000/6000
f 6002/6002/6002 6001/6001/6001 5913/5913/5913
f 5922/5922/5922 6003/6003/6003 5923/5923/5923
f 6003/6003/6003 5922/5922/5922 6004/6004/6004
f 6006/6006/6006 6005/6005/6005 5923/5923/5923
f 5913/5913/5913 6007/6007/6007 5914/5914/5914
f 6007/6007/6007 5913/5913/5913 6008/6008/6008
f 5914/5914/5914 6009/6009/6009 5921/5921/5921
f 5914/5914/5914 6010/6010/6010 6009/6009/6009
f 6009/6009/6009 6011/6011/6011 5921/5921/5921
f 6012/6012/6012 6000/6000/6000 5915/5915/5915
f 5921/5921/5921 6014/6014/6014 5922/5922/5922
f 6013/6013/6013 5922/5922/5922 6014/6014/6014
f 6015/6015/6015 5923/5923/5923 6005/6005/6005
f 5933/5933/5933 6017/6017/6017 5932/5932/5932
f 6016/6016/6016 5932/5932/5932 6017/6017/6017
f 5933/5933/5933 6019/6019/6019 6018/6018/6018
f 6020/6020/6020 5935/5935/5935 6016/6016/6016
f 5935/5935/5935 6022/6022/6022 5934/5934/5934
f 6021/6021/6021 5915/5915/5915 5937/5937/5937
f 6023/6023/6023 5915/5915/5915 6021/6021/6021
f 6024/6024/6024 5946/5946/5946 5923/5923/5923
f 5923/5923/5923 6025/6025/6025 6024/6024/6024
f 6027/6027/6027 6026/6026/6026 5948/5948/5948
f 5946/5946/5946 6028/6028/6028 5948/5948/5948
f 6031/6031/6031 6030/6030/6030 5949/5949/5949
f 6033/6033/6033 5949/5949/5949 5950/5950/5950
f 5950/5950/5950 6032/6032/6032 6033/6033/6033
f 6040/6040/6040 6039/6039/6039 6041/6041/6041
f 6042/6042/6042 6041/6041/6041 6043/6043/6043
f 6046/6046/6046 6048/6048/6048 6049/6049/6049
f 6050/6050/6050 6049/6049/6049 6051/6051/6051
f 6041/6041/6041 6045/6045/6045 6043/6043/6043
f 6041/6041/6041 6038/6038/6038 6045/6045/6045
f 6038/6038/6038 6041/6041/6041 6039/6039/6039
f 6040/6040/6040 6042/6042/6042 6049/6049/6049
f 6042/6042/6042 6044/6044/6044 6051/6051/6051
f 6053/6053/6053 6050/6050/6050 6052/6052/6052
f 6047/6047/6047 6046/6046/6046 6050/6050/6050
f 6050/6050/6050 6053/6053/6053 6047/6047/6047
f 6054/6054/6054 6055/6055/6055 6038/6038/6038
f 6039/6039/6039 6057/6057/6057 6038/6038/6038
f 6056/6056/6056 6057/6057/6057 6039/6039/6039
f 6058/6058/6058 6059/6059/6059 6046/6046/6046
f 6047/6047/6047 6061/6061/6061 6046/6046/6046
f 6060/6060/6060 6061/6061/6061 6047/6047/6047
f 6066/6066/6066 6067/6067/6067 6045/6045/6045
f 6069/6069/6069 6038/6038/6038 6068/6068/6068
f 6040/6040/6040 6070/6070/6070 6039/6039/6039
f 6056/6056/6056 6039/6039/6039 6070/6070/6070
f 6071/6071/6071 6072/6072/6072 6038/6038/6038
f 6074/6074/6074 6045/6045/6045 6038/6038/6038
f 6038/6038/6038 6073/6073/6073 6074/6074/6074
f 6075/6075/6075 6076/6076/6076 6040/6040/6040
f 6048/6048/6048 6078/6078/6078 6040/6040/6040
f 6077/6077/6077 6078/6078/6078 6048/6048/6048
f 6082/6082/6082 6053/6053/6053 6081/6081/6081
f 6046/6046/6046 6086/6086/6086 6048/6048/6048
f 6085/6085/6085 6086/6086/6086 6046/6046/6046
f 6087/6087/6087 6060/6060/6060 6047/6047/6047
f 6047/6047/6047 6088/6088/6088 6089/6089/6089
f 6053/6053/6053 6090/6090/6090 6047/6047/6047
f 6091/6091/6091 6047/6047/6047 6090/6090/6090
f 6097/6097/6097 6096/6096/6096 6034/6034/6034
f 6098/6098/6098 6034/6034/6034 6035/6035/6035
f 6035/6035/6035 6099/6099/6099 6098/6098/6098
f 6101/6101/6101 6100/6100/6100 6036/6036/6036
f 6037/6037/6037 6101/6101/6101 6036/6036/6036
f 6045/6045/6045 6102/6102/6102 6043/6043/6043
f 6045/6045/6045 6103/6103/6103 6102/6102/6102
f 6105/6105/6105 6104/6104/6104 6043/6043/6043
f 6052/6052/6052 6106/6106/6106 6053/6053/6053
f 6052/6052/6052 6107/6107/6107 6106/6106/6106
f 6109/6109/6109 6108/6108/6108 6053/6053/6053
f 6111/6111/6111 6110/6110/6110 6051/6051/6051
f 6044/6044/6044 6112/6112/6112 6051/6051/6051
f 6113/6113/6113 6112/6112/6112 6044/6044/6044
f 6043/6043/6043 6114/6114/6114 6044/6044/6044
f 6043/6043/6043 6115/6115/6115 6114/6114/6114
f 6116/6116/6116 6103/6103/6103 6045/6045/6045
f 6051/6051/6051 6110/6110/6110 6052/6052/6052
f 6117/6117/6117 6052/6052/6052 6110/6110/6110
f 6118/6118/6118 6053/6053/6053 6119/6119/6119
f 6063/6063/6063 6121/6121/6121 6062/6062/6062
f 6063/6063/6063 6122/6122/6122 6121/6121/6121
f 6065/6065/6065 6124/6124/6124 6064/6064/6064
f 6123/6123/6123 6064/6064/6064 6124/6124/6124
f 6065/6065/6065 6126/6126/6126 6125/6125/6125
f 6128/6128/6128 6045/6045/6045 6067/6067/6067
f 6127/6127/6127 6045/6045/6045 6128/6128/6128
f 6130/6130/6130 6129/6129/6129 6079/6079/6079
f 6131/6131/6131 6079/6079/6079 6080/6080/6080
f 6133/6133/6133 6081/6081/6081 6053/6053/6053
f 6053/6053/6053 6134/6134/6134 6133/6133/6133
f 6136/6136/6136 6135/6135/6135 6083/6083/6083
f 6137/6137/6137 6083/6083/6083 6084/6084/6084
f 6084/6084/6084 6138/6138/6138 6137/6137/6137
f 6140/6140/6140 6139/6139/6139 6092/6092/6092
f 6141/6141/6141 6092/6092/6092 6093/6093/6093
f 6093/6093/6093 6142/6142/6142 6141/6141/6141
f 6143/6143/6143 6094/6094/6094 6144/6144/6144
f 6095/6095/6095 6144/6144/6144 6094/6094/6094
f 6147/6147/6147 6145/6145/6145 6146/6146/6146
f 6149/6149/6149 6145/6145/6145 6150/6150/6150
f 6152/6152/6152 6146/6146/6146 6145/6145/6145
f 6146/6146/6146 6152/6152/6152 6151/6151/6151
f 6155/6155/6155 6153/6153/6153 6154/6154/6154
f 6157/6157/6157 6153/6153/6153 6158/6158/6158
f 6160/6160/6160 6154/6154/6154 6153/6153/6153
f 6154/6154/6154 6160/6160/6160 6159/6159/6159
f 6161/6161/6161 6162/6162/6162 6163/6163/6163
f 6164/6164/6164 6165/6165/6165 6166/6166/6166
f 6167/6167/6167 6168/6168/6168 6169/6169/6169
f 6170/6170/6170 6171/6171/6171 6172/6172/6172
f 6173/6173/6173 6174/6174/6174 6175/6175/6175
f 6176/6176/6176 6177/6177/6177 6178/6178/6178
f 6179/6179/6179 6180/6180/6180 6181/6181/6181
f 6182/6182/6182 6183/6183/6183 6184/6184/6184
f 6185/6185/6185 6186/6186/6186 6187/6187/6187
f 6186/6186/6186 6185/6185/6185 6188/6188/6188
f 6185/6185/6185 6187/6187/6187 6189/6189/6189
f 6190/6190/6190 6189/6189/6189 6191/6191/6191
f 6190/6190/6190 6192/6192/6192 6185/6185/6185
f 6189/6189/6189 6190/6190/6190 6185/6185/6185
f 6195/6195/6195 6194/6194/6194 6196/6196/6196
f 6197/6197/6197 6196/6196/6196 6198/6198/6198
f 6201/6201/6201 6203/6203/6203 6204/6204/6204
f 6205/6205/6205 6204/6204/6204 6206/6206/6206
f 6196/6196/6196 6200/6200/6200 6198/6198/6198
f 6193/6193/6193 6200/6200/6200 6196/6196/6196
f 6193/6193/6193 6196/6196/6196 6194/6194/6194
f 6195/6195/6195 6197/6197/6197 6204/6204/6204
f 6197/6197/6197 6199/6199/6199 6206/6206/6206
f 6208/6208/6208 6205/6205/6205 6207/6207/6207
f 6202/6202/6202 6201/6201/6201 6205/6205/6205
f 6205/6205/6205 6208/6208/6208 6202/6202/6202
f 6209/6209/6209 6210/6210/6210 6193/6193/6193
f 6194/6194/6194 6212/6212/6212 6193/6193/6193
f 6211/6211/6211 6212/6212/6212 6194/6194/6194
f 6213/6213/6213 6214/6214/6214 6201/6201/6201
f 6202/6202/6202 6216/6216/6216 6201/6201/6201
f 6215/6215/6215 6216/6216/6216 6202/6202/6202
f 6221/6221/6221 6222/6222/6222 6200/6200/6200
f 6224/6224/6224 6193/6193/6193 6223/6223/6223
f 6226/6226/6226 6195/6195/6195 6203/6203/6203
f 6203/6203/6203 6225/6225/6225 6226/6226/6226
f 6227/6227/6227 6228/6228/6228 6195/6195/6195
f 6195/6195/6195 6228/6228/6228 6194/6194/6194
f 6211/6211/6211 6194/6194/6194 6228/6228/6228
f 6210/6210/6210 6223/6223/6223 6193/6193/6193
f 6221/6221/6221 6200/6200/6200 6193/6193/6193
f 6193/6193/6193 6229/6229/6229 6221/6221/6221
f 6233/6233/6233 6208/6208/6208 6232/6232/6232
f 6201/6201/6201 6236/6236/6236 6203/6203/6203
f 6214/6214/6214 6236/6236/6236 6201/6201/6201
f 6237/6237/6237 6215/6215/6215 6202/6202/6202
f 6202/6202/6202 6238/6238/6238 6239/6239/6239
f 6208/6208/6208 6240/6240/6240 6202/6202/6202
f 6238/6238/6238 6202/6202/6202 6240/6240/6240
f 6246/6246/6246 6245/6245/6245 6247/6247/6247
f 6248/6248/6248 6247/6247/6247 6249/6249/6249
f 6252/6252/6252 6254/6254/6254 6255/6255/6255
f 6256/6256/6256 6255/6255/6255 6257/6257/6257
f 6247/6247/6247 6251/6251/6251 6249/6249/6249
f 6244/6244/6244 6251/6251/6251 6247/6247/6247
f 6244/6244/6244 6247/6247/6247 6245/6245/6245
f 6246/6246/6246 6248/6248/6248 6255/6255/6255
f 6248/6248/6248 6250/6250/6250 6257/6257/6257
f 6259/6259/6259 6256/6256/6256 6258/6258/6258
f 6253/6253/6253 6252/6252/6252 6256/6256/6256
f 6256/6256/6256 6259/6259/6259 6253/6253/6253
f 6260/6260/6260 6261/6261/6261 6244/6244/6244
f 6245/6245/6245 6263/6263/6263 6244/6244/6244
f 6262/6262/6262 6263/6263/6263 6245/6245/6245
f 6264/6264/6264 6265/6265/6265 6252/6252/6252
f 6253/6253/6253 6267/6267/6267 6252/6252/6252
f 6266/6266/6266 6267/6267/6267 6253/6253/6253
f 6272/6272/6272 6273/6273/6273 6251/6251/6251
f 6275/6275/6275 6244/6244/6244 6274/6274/6274
f 6254/6254/6254 6276/6276/6276 6246/6246/6246
f 6277/6277/6277 6246/6246/6246 6276/6276/6276
f 6278/6278/6278 6279/6279/6279 6254/6254/6254
f 6246/6246/6246 6280/6280/6280 6245/6245/6245
f 6262/6262/6262 6245/6245/6245 6280/6280/6280
f 6261/6261/6261 6274/6274/6274 6244/6244/6244
f 6272/6272/6272 6251/6251/6251 6244/6244/6244
f 6244/6244/6244 6281/6281/6281 6272/6272/6272
f 6283/6283/6283 6259/6259/6259 6282/6282/6282
f 6252/6252/6252 6287/6287/6287 6254/6254/6254
f 6265/6265/6265 6287/6287/6287 6252/6252/6252
f 6288/6288/6288 6289/6289/6289 6253/6253/6253
f 6253/6253/6253 6290/6290/6290 6291/6291/6291
f 6259/6259/6259 6292/6292/6292 6253/6253/6253
f 6290/6290/6290 6253/6253/6253 6292/6292/6292
f 6200/6200/6200 6293/6293/6293 6198/6198/6198
f 6293/6293/6293 6200/6200/6200 6294/6294/6294
f 6296/6296/6296 6295/6295/6295 6198/6198/6198
f 6207/6207/6207 6297/6297/6297 6208/6208/6208
f 6297/6297/6297 6207/6207/6207 6298/6298/6298
f 6297/6297/6297 6299/6299/6299 6208/6208/6208
f 6198/6198/6198 6300/6300/6300 6199/6199/6199
f 6300/6300/6300 6198/6198/6198 6301/6301/6301
f 6199/6199/6199 6302/6302/6302 6206/6206/6206
f 6199/6199/6199 6300/6300/6300 6302/6302/6302
f 6304/6304/6304 6303/6303/6303 6206/6206/6206
f 6306/6306/6306 6305/6305/6305 6200/6200/6200
f 6308/6308/6308 6207/6207/6207 6206/6206/6206
f 6307/6307/6307 6207/6207/6207 6308/6308/6308
f 6309/6309/6309 6208/6208/6208 6310/6310/6310
f 6218/6218/6218 6312/6312/6312 6217/6217/6217
f 6311/6311/6311 6217/6217/6217 6312/6312/6312
f 6218/6218/6218 6314/6314/6314 6313/6313/6313
f 6315/6315/6315 6220/6220/6220 6316/6316/6316
f 6220/6220/6220 6318/6318/6318 6219/6219/6219
f 6317/6317/6317 6200/6200/6200 6222/6222/6222
f 6319/6319/6319 6200/6200/6200 6317/6317/6317
f 6321/6321/6321 6320/6320/6320 6230/6230/6230
f 6322/6322/6322 6230/6230/6230 6231/6231/6231
f 6324/6324/6324 6232/6232/6232 6208/6208/6208
f 6208/6208/6208 6325/6325/6325 6324/6324/6324
f 6327/6327/6327 6326/6326/6326 6234/6234/6234
f 6328/6328/6328 6234/6234/6234 6235/6235/6235
f 6235/6235/6235 6329/6329/6329 6328/6328/6328
f 6331/6331/6331 6330/6330/6330 6242/6242/6242
f 6332/6332/6332 6242/6242/6242 6241/6241/6241
f 6241/6241/6241 6333/6333/6333 6332/6332/6332
f 6330/6330/6330 6334/6334/6334 6243/6243/6243
f 6243/6243/6243 6242/6242/6242 6330/6330/6330
f 6251/6251/6251 6335/6335/6335 6249/6249/6249
f 6335/6335/6335 6251/6251/6251 6336/6336/6336
f 6338/6338/6338 6337/6337/6337 6249/6249/6249
f 6258/6258/6258 6339/6339/6339 6259/6259/6259
f 6339/6339/6339 6258/6258/6258 6340/6340/6340
f 6342/6342/6342 6341/6341/6341 6259/6259/6259
f 6249/6249/6249 6343/6343/6343 6250/6250/6250
f 6343/6343/6343 6249/6249/6249 6344/6344/6344
f 6250/6250/6250 6345/6345/6345 6257/6257/6257
f 6250/6250/6250 6346/6346/6346 6345/6345/6345
f 6345/6345/6345 6347/6347/6347 6257/6257/6257
f 6348/6348/6348 6336/6336/6336 6251/6251/6251
f 6257/6257/6257 6350/6350/6350 6258/6258/6258
f 6349/6349/6349 6258/6258/6258 6350/6350/6350
f 6351/6351/6351 6259/6259/6259 6341/6341/6341
f 6269/6269/6269 6353/6353/6353 6268/6268/6268
f 6352/6352/6352 6268/6268/6268 6353/6353/6353
f 6269/6269/6269 6355/6355/6355 6354/6354/6354
f 6356/6356/6356 6271/6271/6271 6352/6352/6352
f 6271/6271/6271 6358/6358/6358 6270/6270/6270
f 6357/6357/6357 6251/6251/6251 6273/6273/6273
f 6359/6359/6359 6251/6251/6251 6357/6357/6357
f 6360/6360/6360 6282/6282/6282 6259/6259/6259
f 6259/6259/6259 6361/6361/6361 6360/6360/6360
f 6363/6363/6363 6362/6362/6362 6284/6284/6284
f 6282/6282/6282 6364/6364/6364 6284/6284/6284
f 6367/6367/6367 6366/6366/6366 6285/6285/6285
f 6369/6369/6369 6285/6285/6285 6286/6286/6286
f 6286/6286/6286 6368/6368/6368 6369/6369/6369
f 6376/6376/6376 6375/6375/6375 6377/6377/6377
f 6378/6378/6378 6377/6377/6377 6379/6379/6379
f 6382/6382/6382 6384/6384/6384 6385/6385/6385
f 6386/6386/6386 6385/6385/6385 6387/6387/6387
f 6377/6377/6377 6381/6381/6381 6379/6379/6379
f 6377/6377/6377 6374/6374/6374 6381/6381/6381
f 6374/6374/6374 6377/6377/6377 6375/6375/6375
f 6376/6376/6376 6378/6378/6378 6385/6385/6385
f 6378/6378/6378 6380/6380/6380 6387/6387/6387
f 6389/6389/6389 6386/6386/6386 6388/6388/6388
f 6383/6383/6383 6382/6382/6382 6386/6386/6386
f 6386/6386/6386 6389/6389/6389 6383/6383/6383
f 6390/6390/6390 6391/6391/6391 6374/6374/6374
f 6375/6375/6375 6393/6393/6393 6374/6374/6374
f 6392/6392/6392 6393/6393/6393 6375/6375/6375
f 6394/6394/6394 6395/6395/6395 6382/6382/6382
f 6383/6383/6383 6397/6397/6397 6382/6382/6382
f 6396/6396/6396 6397/6397/6397 6383/6383/6383
f 6402/6402/6402 6403/6403/6403 6381/6381/6381
f 6405/6405/6405 6374/6374/6374 6404/6404/6404
f 6376/6376/6376 6406/6406/6406 6375/6375/6375
f 6392/6392/6392 6375/6375/6375 6406/6406/6406
f 6407/6407/6407 6408/6408/6408 6374/6374/6374
f 6410/6410/6410 6381/6381/6381 6374/6374/6374
f 6374/6374/6374 6409/6409/6409 6410/6410/6410
f 6411/6411/6411 6412/6412/6412 6376/6376/6376
f 6384/6384/6384 6414/6414/6414 6376/6376/6376
f 6413/6413/6413 6414/6414/6414 6384/6384/6384
f 6418/6418/6418 6389/6389/6389 6417/6417/6417
f 6382/6382/6382 6422/6422/6422 6384/6384/6384
f 6421/6421/6421 6422/6422/6422 6382/6382/6382
f 6423/6423/6423 6396/6396/6396 6383/6383/6383
f 6383/6383/6383 6424/6424/6424 6425/6425/6425
f 6389/6389/6389 6426/6426/6426 6383/6383/6383
f 6427/6427/6427 6383/6383/6383 6426/6426/6426
f 6433/6433/6433 6432/6432/6432 6370/6370/6370
f 6434/6434/6434 6370/6370/6370 6371/6371/6371
f 6371/6371/6371 6435/6435/6435 6434/6434/6434
f 6437/6437/6437 6436/6436/6436 6372/6372/6372
f 6373/6373/6373 6437/6437/6437 6372/6372/6372
f 6381/6381/6381 6438/6438/6438 6379/6379/6379
f 6381/6381/6381 6439/6439/6439 6438/6438/6438
f 6441/6441/6441 6440/6440/6440 6379/6379/6379
f 6388/6388/6388 6442/6442/6442 6389/6389/6389
f 6388/6388/6388 6443/6443/6443 6442/6442/6442
f 6445/6445/6445 6444/6444/6444 6389/6389/6389
f 6447/6447/6447 6446/6446/6446 6387/6387/6387
f 6380/6380/6380 6448/6448/6448 6387/6387/6387
f 6449/6449/6449 6448/6448/6448 6380/6380/6380
f 6379/6379/6379 6450/6450/6450 6380/6380/6380
f 6379/6379/6379 6451/6451/6451 6450/6450/6450
f 6452/6452/6452 6439/6439/6439 6381/6381/6381
f 6387/6387/6387 6446/6446/6446 6388/6388/6388
f 6453/6453/6453 6388/6388/6388 6446/6446/6446
f 6454/6454/6454 6389/6389/6389 6455/6455/6455
f 6399/6399/6399 6457/6457/6457 6398/6398/6398
f 6399/6399/6399 6458/6458/6458 6457/6457/6457
f 6401/6401/6401 6460/6460/6460 6400/6400/6400
f 6459/6459/6459 6400/6400/6400 6460/6460/6460
f 6401/6401/6401 6462/6462/6462 6461/6461/6461
f 6464/6464/6464 6381/6381/6381 6403/6403/6403
f 6463/6463/6463 6381/6381/6381 6464/6464/6464
f 6466/6466/6466 6465/6465/6465 6415/6415/6415
f 6467/6467/6467 6415/6415/6415 6416/6416/6416
f 6469/6469/6469 6417/6417/6417 6389/6389/6389
f 6389/6389/6389 6470/6470/6470 6469/6469/6469
f 6472/6472/6472 6471/6471/6471 6419/6419/6419
f 6473/6473/6473 6419/6419/6419 6420/6420/6420
f 6420/6420/6420 6474/6474/6474 6473/6473/6473
f 6476/6476/6476 6475/6475/6475 6428/6428/6428
f 6477/6477/6477 6428/6428/6428 6429/6429/6429
f 6429/6429/6429 6478/6478/6478 6477/6477/6477
f 6479/6479/6479 6430/6430/6430 6480/6480/6480
f 6431/6431/6431 6480/6480/6480 6430/6430/6430
f 6483/6483/6483 6481/6481/6481 6482/6482/6482
f 6485/6485/6485 6481/6481/6481 6486/6486/6486
f 6488/6488/6488 6482/6482/6482 6481/6481/6481
f 6482/6482/6482 6488/6488/6488 6487/6487/6487
f 6491/6491/6491 6489/6489/6489 6490/6490/6490
f 6493/6493/6493 6489/6489/6489 6494/6494/6494
f 6496/6496/6496 6490/6490/6490 6489/6489/6489
f 6490/6490/6490 6496/6496/6496 6495/6495/6495
f 6497/6497/6497 6498/6498/6498 6499/6499/6499
f 6500/6500/6500 6501/6501/6501 6502/6502/6502
f 6503/6503/6503 6504/6504/6504 6505/6505/6505
f 6506/6506/6506 6507/6507/6507 6508/6508/6508
f 6509/6509/6509 6510/6510/6510 6511/6511/6511
f 6512/6512/6512 6513/6513/6513 6514/6514/6514
f 6515/6515/6515 6516/6516/6516 6517/6517/6517
f 6518/6518/6518 6519/6519/6519 6520/6520/6520
f 6521/6521/6521 6522/6522/6522 6523/6523/6523
f 6522/6522/6522 6521/6521/6521 6524/6524/6524
f 6521/6521/6521 6523/6523/6523 6525/6525/6525
f 6526/6526/6526 6525/6525/6525 6527/6527/6527
f 6526/6526/6526 6528/6528/6528 6521/6521/6521
f 6525/6525/6525 6526/6526/6526 6521/6521/6521
f 6531/6531/6531 6530/6530/6530 6532/6532/6532
f 6533/6533/6533 6532/6532/6532 6534/6534/6534
f 6537/6537/6537 6539/6539/6539 6540/6540/6540
f 6541/6541/6541 6540/6540/6540 6542/6542/6542
f 6532/6532/6532 6536/6536/6536 6534/6534/6534
f 6529/6529/6529 6536/6536/6536 6532/6532/6532
f 6529/6529/6529 6532/6532/6532 6530/6530/6530
f 6531/6531/6531 6533/6533/6533 6540/6540/6540
f 6533/6533/6533 6535/6535/6535 6542/6542/6542
f 6544/6544/6544 6541/6541/6541 6543/6543/6543
f 6538/6538/6538 6537/6537/6537 6541/6541/6541
f 6541/6541/6541 6544/6544/6544 6538/6538/6538
f 6545/6545/6545 6546/6546/6546 6529/6529/6529
f 6530/6530/6530 6548/6548/6548 6529/6529/6529
f 6547/6547/6547 6548/6548/6548 6530/6530/6530
f 6549/6549/6549 6550/6550/6550 6537/6537/6537
f 6538/6538/6538 6552/6552/6552 6537/6537/6537
f 6551/6551/6551 6552/6552/6552 6538/6538/6538
f 6557/6557/6557 6558/6558/6558 6536/6536/6536
f 6560/6560/6560 6529/6529/6529 6559/6559/6559
f 6562/6562/6562 6531/6531/6531 6539/6539/6539
f 6539/6539/6539 6561/6561/6561 6562/6562/6562
f 6563/6563/6563 6564/6564/6564 6531/6531/6531
f 6531/6531/6531 6564/6564/6564 6530/6530/6530
f 6547/6547/6547 6530/6530/6530 6564/6564/6564
f 6546/6546/6546 6559/6559/6559 6529/6529/6529
f 6557/6557/6557 6536/6536/6536 6529/6529/6529
f 6529/6529/6529 6565/6565/6565 6557/6557/6557
f 6569/6569/6569 6544/6544/6544 6568/6568/6568
f 6537/6537/6537 6572/6572/6572 6539/6539/6539
f 6550/6550/6550 6572/6572/6572 6537/6537/6537
f 6573/6573/6573 6551/6551/6551 6538/6538/6538
f 6538/6538/6538 6574/6574/6574 6575/6575/6575
f 6544/6544/6544 6576/6576/6576 6538/6538/6538
f 6574/6574/6574 6538/6538/6538 6576/6576/6576
f 6582/6582/6582 6581/6581/6581 6583/6583/6583
f 6584/6584/6584 6583/6583/6583 6585/6585/6585
f 6588/6588/6588 6590/6590/6590 6591/6591/6591
f 6592/6592/6592 6591/6591/6591 6593/6593/6593
f 6583/6583/6583 6587/6587/6587 6585/6585/6585
f 6580/6580/6580 6587/6587/6587 6583/6583/6583
f 6580/6580/6580 6583/6583/6583 6581/6581/6581
f 6582/6582/6582 6584/6584/6584 6591/6591/6591
f 6584/6584/6584 6586/6586/6586 6593/6593/6593
f 6595/6595/6595 6592/6592/6592 6594/6594/6594
f 6589/6589/6589 6588/6588/6588 6592/6592/6592
f 6592/6592/6592 6595/6595/6595 6589/6589/6589
f 6596/6596/6596 6597/6597/6597 6580/6580/6580
f 6581/6581/6581 6599/6599/6599 6580/6580/6580
f 6598/6598/6598 6599/6599/6599 6581/6581/6581
f 6600/6600/6600 6601/6601/6601 6588/6588/6588
f 6589/6589/6589 6603/6603/6603 6588/6588/6588
f 6602/6602/6602 6603/6603/6603 6589/6589/6589
f 6608/6608/6608 6609/6609/6609 6587/6587/6587
f 6611/6611/6611 6580/6580/6580 6610/6610/6610
f 6590/6590/6590 6612/6612/6612 6582/6582/6582
f 6613/6613/6613 6582/6582/6582 6612/6612/6612
f 6614/6614/6614 6615/6615/6615 6590/6590/6590
f 6582/6582/6582 6616/6616/6616 6581/6581/6581
f 6598/6598/6598 6581/6581/6581 6616/6616/6616
f 6597/6597/6597 6610/6610/6610 6580/6580/6580
f 6608/6608/6608 6587/6587/6587 6580/6580/6580
f 6580/6580/6580 6617/6617/6617 6608/6608/6608
f 6619/6619/6619 6595/6595/6595 6618/6618/6618
f 6588/6588/6588 6623/6623/6623 6590/6590/6590
f 6601/6601/6601 6623/6623/6623 6588/6588/6588
f 6624/6624/6624 6625/6625/6625 6589/6589/6589
f 6589/6589/6589 6626/6626/6626 6627/6627/6627
f 6595/6595/6595 6628/6628/6628 6589/6589/6589
f 6626/6626/6626 6589/6589/6589 6628/6628/6628
f 6536/6536/6536 6629/6629/6629 6534/6534/6534
f 6629/6629/6629 6536/6536/6536 6630/6630/6630
f 6632/6632/6632 6631/6631/6631 6534/6534/6534
f 6543/6543/6543 6633/6633/6633 6544/6544/6544
f 6633/6633/6633 6543/6543/6543 6634/6634/6634
f 6633/6633/6633 6635/6635/6635 6544/6544/6544
f 6534/6534/6534 6636/6636/6636 6535/6535/6535
f 6636/6636/6636 6534/6534/6534 6637/6637/6637
f 6535/6535/6535 6638/6638/6638 6542/6542/6542
f 6535/6535/6535 6636/6636/6636 6638/6638/6638
f 6640/6640/6640 6639/6639/6639 6542/6542/6542
f 6642/6642/6642 6641/6641/6641 6536/6536/6536
f 6644/6644/6644 6543/6543/6543 6542/6542/6542
f 6643/6643/6643 6543/6543/6543 6644/6644/6644
f 6645/6645/6645 6544/6544/6544 6646/6646/6646
f 6554/6554/6554 6648/6648/6648 6553/6553/6553
f 6647/6647/6647 6553/6553/6553 6648/6648/6648
f 6554/6554/6554 6650/6650/6650 6649/6649/6649
f 6651/6651/6651 6556/6556/6556 6652/6652/6652
f 6556/6556/6556 6654/6654/6654 6555/6555/6555
f 6653/6653/6653 6536/6536/6536 6558/6558/6558
f 6655/6655/6655 6536/6536/6536 6653/6653/6653
f 6657/6657/6657 6656/6656/6656 6566/6566/6566
f 6658/6658/6658 6566/6566/6566 6567/6567/6567
f 6660/6660/6660 6568/6568/6568 6544/6544/6544
f 6544/6544/6544 6661/6661/6661 6660/6660/6660
f 6663/6663/6663 6662/6662/6662 6570/6570/6570
f 6664/6664/6664 6570/6570/6570 6571/6571/6571
f 6571/6571/6571 6665/6665/6665 6664/6664/6664
f 6667/6667/6667 6666/6666/6666 6578/6578/6578
f 6668/6668/6668 6578/6578/6578 6577/6577/6577
f 6577/6577/6577 6669/6669/6669 6668/6668/6668
f 6666/6666/6666 6670/6670/6670 6579/6579/6579
f 6579/6579/6579 6578/6578/6578 6666/6666/6666
f 6587/6587/6587 6671/6671/6671 6585/6585/6585
f 6671/6671/6671 6587/6587/6587 6672/6672/6672
f 6674/6674/6674 6673/6673/6673 6585/6585/6585
f 6594/6594/6594 6675/6675/6675 6595/6595/6595
f 6675/6675/6675 6594/6594/6594 6676/6676/6676
f 6678/6678/6678 6677/6677/6677 6595/6595/6595
f 6585/6585/6585 6679/6679/6679 6586/6586/6586
f 6679/6679/6679 6585/6585/6585 6680/6680/6680
f 6586/6586/6586 6681/6681/6681 6593/6593/6593
f 6586/6586/6586 6682/6682/6682 6681/6681/6681
f 6681/6681/6681 6683/6683/6683 6593/6593/6593
f 6684/6684/6684 6672/6672/6672 6587/6587/6587
f 6593/6593/6593 6686/6686/6686 6594/6594/6594
f 6685/6685/6685 6594/6594/6594 6686/6686/6686
f 6687/6687/6687 6595/6595/6595 6677/6677/6677
f 6605/6605/6605 6689/6689/6689 6604/6604/6604
f 6688/6688/6688 6604/6604/6604 6689/6689/6689
f 6605/6605/6605 6691/6691/6691 6690/6690/6690
f 6692/6692/6692 6607/6607/6607 6688/6688/6688
f 6607/6607/6607 6694/6694/6694 6606/6606/6606
f 6693/6693/6693 6587/6587/6587 6609/6609/6609
f 6695/6695/6695 6587/6587/6587 6693/6693/6693
f 6696/6696/6696 6618/6618/6618 6595/6595/6595
f 6595/6595/6595 6697/6697/6697 6696/6696/6696
f 6699/6699/6699 6698/6698/6698 6620/6620/6620
f 6618/6618/6618 6700/6700/6700 6620/6620/6620
f 6703/6703/6703 6702/6702/6702 6621/6621/6621
f 6705/6705/6705 6621/6621/6621 6622/6622/6622
f 6622/6622/6622 6704/6704/6704 6705/6705/6705
f 6712/6712/6712 6711/6711/6711 6713/6713/6713
f 6714/6714/6714 6713/6713/6713 6715/6715/6715
f 6718/6718/6718 6720/6720/6720 6721/6721/6721
f 6722/6722/6722 6721/6721/6721 6723/6723/6723
f 6713/6713/6713 6717/6717/6717 6715/6715/6715
f 6713/6713/6713 6710/6710/6710 6717/6717/6717
f 6710/6710/6710 6713/6713/6713 6711/6711/6711
f 6712/6712/6712 6714/6714/6714 6721/6721/6721
f 6714/6714/6714 6716/6716/6716 6723/6723/6723
f 6725/6725/6725 6722/6722/6722 6724/6724/6724
f 6719/6719/6719 6718/6718/6718 6722/6722/6722
f 6722/6722/6722 6725/6725/6725 6719/6719/6719
f 6726/6726/6726 6727/6727/6727 6710/6710/6710
f 6711/6711/6711 6729/6729/6729 6710/6710/6710
f 6728/6728/6728 6729/6729/6729 6711/6711/6711
f 6730/6730/6730 6731/6731/6731 6718/6718/6718
f 6719/6719/6719 6733/6733/6733 6718/6718/6718
f 6732/6732/6732 6733/6733/6733 6719/6719/6719
f 6738/6738/6738 6739/6739/6739 6717/6717/6717
f 6741/6741/6741 6710/6710/6710 6740/6740/6740
f 6712/6712/6712 6742/6742/6742 6711/6711/6711
f 6728/6728/6728 6711/6711/6711 6742/6742/6742
f 6743/6743/6743 6744/6744/6744 6710/6710/6710
f 6746/6746/6746 6717/6717/6717 6710/6710/6710
f 6710/6710/6710 6745/6745/6745 6746/6746/6746
f 6747/6747/6747 6748/6748/6748 6712/6712/6712
f 6720/6720/6720 6750/6750/6750 6712/6712/6712
f 6749/6749/6749 6750/6750/6750 6720/6720/6720
f 6754/6754/6754 6725/6725/6725 6753/6753/6753
f 6718/6718/6718 6758/6758/6758 6720/6720/6720
f 6757/6757/6757 6758/6758/6758 6718/6718/6718
f 6759/6759/6759 6732/6732/6732 6719/6719/6719
f 6719/6719/6719 6760/6760/6760 6761/6761/6761
f 6725/6725/6725 6762/6762/6762 6719/6719/6719
f 6763/6763/6763 6719/6719/6719 6762/6762/6762
f 6769/6769/6769 6768/6768/6768 6706/6706/6706
f 6770/6770/6770 6706/6706/6706 6707/6707/6707
f 6707/6707/6707 6771/6771/6771 6770/6770/6770
f 6773/6773/6773 6772/6772/6772 6708/6708/6708
f 6709/6709/6709 6773/6773/6773 6708/6708/6708
f 6717/6717/6717 6774/6774/6774 6715/6715/6715
f 6717/6717/6717 6775/6775/6775 6774/6774/6774
f 6777/6777/6777 6776/6776/6776 6715/6715/6715
f 6724/6724/6724 6778/6778/6778 6725/6725/6725
f 6724/6724/6724 6779/6779/6779 6778/6778/6778
f 6781/6781/6781 6780/6780/6780 6725/6725/6725
f 6783/6783/6783 6782/6782/6782 6723/6723/6723
f 6716/6716/6716 6784/6784/6784 6723/6723/6723
f 6785/6785/6785 6784/6784/6784 6716/6716/6716
f 6715/6715/6715 6786/6786/6786 6716/6716/6716
f 6715/6715/6715 6787/6787/6787 6786/6786/6786
f 6788/6788/6788 6775/6775/6775 6717/6717/6717
f 6723/6723/6723 6782/6782/6782 6724/6724/6724
f 6789/6789/6789 6724/6724/6724 6782/6782/6782
f 6790/6790/6790 6725/6725/6725 6791/6791/6791
f 6735/6735/6735 6793/6793/6793 6734/6734/6734
f 6735/6735/6735 6794/6794/6794 6793/6793/6793
f 6737/6737/6737 6796/6796/6796 6736/6736/6736
f 6795/6795/6795 6736/6736/6736 6796/6796/6796
f 6737/6737/6737 6798/6798/6798 6797/6797/6797
f 6800/6800/6800 6717/6717/6717 6739/6739/6739
f 6799/6799/6799 6717/6717/6717 6800/6800/6800
f 6802/6802/6802 6801/6801/6801 6751/6751/6751
f 6803/6803/6803 6751/6751/6751 6752/6752/6752
f 6805/6805/6805 6753/6753/6753 6725/6725/6725
f 6725/6725/6725 6806/6806/6806 6805/6805/6805
f 6808/6808/6808 6807/6807/6807 6755/6755/6755
f 6809/6809/6809 6755/6755/6755 6756/6756/6756
f 6756/6756/6756 6810/6810/6810 6809/6809/6809
f 6812/6812/6812 6811/6811/6811 6764/6764/6764
f 6813/6813/6813 6764/6764/6764 6765/6765/6765
f 6765/6765/6765 6814/6814/6814 6813/6813/6813
f 6815/6815/6815 6766/6766/6766 6816/6816/6816
f 6767/6767/6767 6816/6816/6816 6766/6766/6766
f 6818/6818/6818 6817/6817/6817 6819/6819/6819
f 6822/6822/6822 6821/6821/6821 6823/6823/6823
f 6826/6826/6826 6825/6825/6825 6827/6827/6827
f 6830/6830/6830 6829/6829/6829 6831/6831/6831
f 6834/6834/6834 6833/6833/6833 6835/6835/6835
f 6838/6838/6838 6837/6837/6837 6839/6839/6839
f 6842/6842/6842 6841/6841/6841 6843/6843/6843
f 6847/6847/6847 6851/6851/6851 6852/6852/6852
f 6852/6852/6852 6854/6854/6854 6855/6855/6855
f 6855/6855/6855 6857/6857/6857 6858/6858/6858
f 6858/6858/6858 6860/6860/6860 6861/6861/6861
f 6861/6861/6861 6863/6863/6863 6864/6864/6864
f 6865/6865/6865 6847/6847/6847 6850/6850/6850
f 6867/6867/6867 6866/6866/6866 6868/6868/6868
f 6870/6870/6870 6869/6869/6869 6871/6871/6871
f 6873/6873/6873 6872/6872/6872 6874/6874/6874
f 6876/6876/6876 6875/6875/6875 6877/6877/6877
f 6863/6863/6863 6845/6845/6845 6864/6864/6864
f 6862/6862/6862 6864/6864/6864 6845/6845/6845
f 6845/6845/6845 6848/6848/6848 6862/6862/6862
f 6863/6863/6863 6846/6846/6846 6845/6845/6845
f 6862/6862/6862 6859/6859/6859 6861/6861/6861
f 6857/6857/6857 6860/6860/6860 6858/6858/6858
f 6858/6858/6858 6859/6859/6859 6856/6856/6856
f 6863/6863/6863 6861/6861/6861 6860/6860/6860
f 6862/6862/6862 6877/6877/6877 6874/6874/6874
f 6860/6860/6860 6846/6846/6846 6863/6863/6863
f 6855/6855/6855 6854/6854/6854 6857/6857/6857
f 6846/6846/6846 6857/6857/6857 6854/6854/6854
f 6855/6855/6855 6856/6856/6856 6853/6853/6853
f 6860/6860/6860 6857/6857/6857 6846/6846/6846
f 6854/6854/6854 6852/6852/6852 6851/6851/6851
f 6852/6852/6852 6853/6853/6853 6850/6850/6850
f 6846/6846/6846 6854/6854/6854 6851/6851/6851
f 6856/6856/6856 6871/6871/6871 6868/6868/6868
f 6859/6859/6859 6874/6874/6874 6856/6856/6856
f 6874/6874/6874 6872/6872/6872 6871/6871/6871
f 6875/6875/6875 6874/6874/6874 6877/6877/6877
f 6876/6876/6876 6878/6878/6878 6848/6848/6848
f 6877/6877/6877 6848/6848/6848 6878/6878/6878
f 6876/6876/6876 6848/6848/6848 6849/6849/6849
f 6876/6876/6876 6873/6873/6873 6875/6875/6875
f 6866/6866/6866 6850/6850/6850 6868/6868/6868
f 6853/6853/6853 6868/6868/6868 6850/6850/6850
f 6867/6867/6867 6865/6865/6865 6866/6866/6866
f 6871/6871/6871 6869/6869/6869 6868/6868/6868
f 6849/6849/6849 6867/6867/6867 6870/6870/6870
f 6869/6869/6869 6870/6870/6870 6867/6867/6867
f 6873/6873/6873 6849/6849/6849 6870/6870/6870
f 6865/6865/6865 6867/6867/6867 6849/6849/6849
f 6849/6849/6849 6873/6873/6873 6876/6876/6876
f 6872/6872/6872 6873/6873/6873 6870/6870/6870
f 6886/6886/6886 6880/6880/6880 6879/6879/6879
f 6879/6879/6879 6881/6881/6881 6886/6886/6886
f 6885/6885/6885 6882/6882/6882 6886/6886/6886
f 6884/6884/6884 6883/6883/6883 6882/6882/6882
f 6882/6882/6882 6885/6885/6885 6884/6884/6884
f 6887/6887/6887 6888/6888/6888 6889/6889/6889
f 6888/6888/6888 6887/6887/6887 6890/6890/6890
f 6887/6887/6887 6889/6889/6889 6891/6891/6891
f 6892/6892/6892 6891/6891/6891 6893/6893/6893
f 6892/6892/6892 6894/6894/6894 6887/6887/6887
f 6891/6891/6891 6892/6892/6892 6887/6887/6887
f 6895/6895/6895 6896/6896/6896 6897/6897/6897
f 6898/6898/6898 6899/6899/6899 6900/6900/6900
f 6901/6901/6901 6902/6902/6902 6903/6903/6903
f 6904/6904/6904 6905/6905/6905 6906/6906/6906
f 6907/6907/6907 6908/6908/6908 6909/6909/6909
f 6910/6910/6910 6911/6911/6911 6912/6912/6912
f 6913/6913/6913 6914/6914/6914 6915/6915/6915
f 6916/6916/6916 6917/6917/6917 6918/6918/6918
f 6920/6920/6920 6919/6919/6919 6921/6921/6921
f 6924/6924/6924 6923/6923/6923 6925/6925/6925
f 6928/6928/6928 6927/6927/6927 6929/6929/6929
f 6932/6932/6932 6931/6931/6931 6933/6933/6933
f 6936/6936/6936 6935/6935/6935 6937/6937/6937
f 6940/6940/6940 6939/6939/6939 6941/6941/6941
f 6944/6944/6944 6943/6943/6943 6945/6945/6945
f 6949/6949/6949 6953/6953/6953 6954/6954/6954
f 6954/6954/6954 6956/6956/6956 6957/6957/6957
f 6957/6957/6957 6959/6959/6959 6960/6960/6960
f 6960/6960/6960 6962/6962/6962 6963/6963/6963
f 6963/6963/6963 6965/6965/6965 6966/6966/6966
f 6967/6967/6967 6949/6949/6949 6952/6952/6952
f 6969/6969/6969 6968/6968/6968 6970/6970/6970
f 6972/6972/6972 6971/6971/6971 6973/6973/6973
f 6975/6975/6975 6974/6974/6974 6976/6976/6976
f 6978/6978/6978 6977/6977/6977 6979/6979/6979
f 6965/6965/6965 6947/6947/6947 6966/6966/6966
f 6964/6964/6964 6966/6966/6966 6947/6947/6947
f 6947/6947/6947 6950/6950/6950 6964/6964/6964
f 6965/6965/6965 6948/6948/6948 6947/6947/6947
f 6964/6964/6964 6961/6961/6961 6963/6963/6963
f 6959/6959/6959 6962/6962/6962 6960/6960/6960
f 6960/6960/6960 6961/6961/6961 6958/6958/6958
f 6965/6965/6965 6963/6963/6963 6962/6962/6962
f 6964/6964/6964 6979/6979/6979 6976/6976/6976
f 6962/6962/6962 6948/6948/6948 6965/6965/6965
f 6957/6957/6957 6956/6956/6956 6959/6959/6959
f 6948/6948/6948 6959/6959/6959 6956/6956/6956
f 6957/6957/6957 6958/6958/6958 6955/6955/6955
f 6962/6962/6962 6959/6959/6959 6948/6948/6948
f 6956/6956/6956 6954/6954/6954 6953/6953/6953
f 6954/6954/6954 6955/6955/6955 6952/6952/6952
f 6948/6948/6948 6956/6956/6956 6953/6953/6953
f 6958/6958/6958 6973/6973/6973 6970/6970/6970
f 6961/6961/6961 6976/6976/6976 6958/6958/6958
f 6976/6976/6976 6974/6974/6974 6973/6973/6973
f 6977/6977/6977 6976/6976/6976 6979/6979/6979
f 6978/6978/6978 6980/6980/6980 6950/6950/6950
f 6979/6979/6979 6950/6950/6950 6980/6980/6980
f 6978/6978/6978 6950/6950/6950 6951/6951/6951
f 6978/6978/6978 6975/6975/6975 6977/6977/6977
f 6968/6968/6968 6952/6952/6952 6970/6970/6970
f 6955/6955/6955 6970/6970/6970 6952/6952/6952
f 6969/6969/6969 6967/6967/6967 6968/6968/6968
f 6973/6973/6973 6971/6971/6971 6970/6970/6970
f 6951/6951/6951 6969/6969/6969 6972/6972/6972
f 6971/6971/6971 6972/6972/6972 6969/6969/6969
f 6975/6975/6975 6951/6951/6951 6972/6972/6972
f 6967/6967/6967 6969/6969/6969 6951/6951/6951
f 6951/6951/6951 6975/6975/6975 6978/6978/6978
f 6974/6974/6974 6975/6975/6975 6972/6972/6972
f 6988/6988/6988 6982/6982/6982 6981/6981/6981
f 6981/6981/6981 6983/6983/6983 6988/6988/6988
f 6987/6987/6987 6984/6984/6984 6988/6988/6988
f 6986/6986/6986 6985/6985/6985 6984/6984/6984
f 6984/6984/6984 6987/6987/6987 6986/6986/6986
f 6989/6989/6989 6990/6990/6990 6991/6991/6991
f 6990/6990/6990 6989/6989/6989 6992/6992/6992
f 6989/6989/6989 6991/6991/6991 6993/6993/6993
f 6994/6994/6994 6993/6993/6993 6995/6995/6995
f 6994/6994/6994 6996/6996/6996 6989/6989/6989
f 6993/6993/6993 6994/6994/6994 6989/6989/6989
f 6997/6997/6997 6998/6998/6998 6999/6999/6999
f 7000/7000/7000 7001/7001/7001 7002/7002/7002
f 7003/7003/7003 7004/7004/7004 7005/7005/7005
f 7006/7006/7006 7007/7007/7007 7008/7008/7008
f 7009/7009/7009 7010/7010/7010 7011/7011/7011
f 7012/7012/7012 7013/7013/7013 7014/7014/7014
f 7015/7015/7015 7016/7016/7016 7017/7017/7017
f 7018/7018/7018 7019/7019/7019 7020/7020/7020
f 7022/7022/7022 7021/7021/7021 7023/7023/7023
f 7026/7026/7026 7025/7025/7025 7027/7027/7027
f 7030/7030/7030 7029/7029/7029 7031/7031/7031
f 7034/7034/7034 7033/7033/7033 7035/7035/7035
f 7038/7038/7038 7037/7037/7037 7039/7039/7039
f 7042/7042/7042 7041/7041/7041 7043/7043/7043
f 7046/7046/7046 7045/7045/7045 7047/7047/7047
f 7051/7051/7051 7055/7055/7055 7056/7056/7056
f 7056/7056/7056 7058/7058/7058 7059/7059/7059
f 7059/7059/7059 7061/7061/7061 7062/7062/7062
f 7062/7062/7062 7064/7064/7064 7065/7065/7065
f 7065/7065/7065 7067/7067/7067 7068/7068/7068
f 7069/7069/7069 7051/7051/7051 7054/7054/7054
f 7071/7071/7071 7070/7070/7070 7072/7072/7072
f 7074/7074/7074 7073/7073/7073 7075/7075/7075
f 7077/7077/7077 7076/7076/7076 7078/7078/7078
f 7080/7080/7080 7079/7079/7079 7081/7081/7081
f 7067/7067/7067 7049/7049/7049 7068/7068/7068
f 7066/7066/7066 7068/7068/7068 7049/7049/7049
f 7049/7049/7049 7052/7052/7052 7066/7066/7066
f 7067/7067/7067 7050/7050/7050 7049/7049/7049
f 7066/7066/7066 7063/7063/7063 7065/7065/7065
f 7061/7061/7061 7064/7064/7064 7062/7062/7062
f 7062/7062/7062 7063/7063/7063 7060/7060/7060
f 7067/7067/7067 7065/7065/7065 7064/7064/7064
f 7066/7066/7066 7081/7081/7081 7078/7078/7078
f 7064/7064/7064 7050/7050/7050 7067/7067/7067
f 7059/7059/7059 7058/7058/7058 7061/7061/7061
f 7050/7050/7050 7061/7061/7061 7058/7058/7058
f 7059/7059/7059 7060/7060/7060 7057/7057/7057
f 7064/7064/7064 7061/7061/7061 7050/7050/7050
f 7058/7058/7058 7056/7056/7056 7055/7055/7055
f 7056/7056/7056 7057/7057/7057 7054/7054/7054
f 7050/7050/7050 7058/7058/7058 7055/7055/7055
f 7060/7060/7060 7075/7075/7075 7072/7072/7072
f 7063/7063/7063 7078/7078/7078 7060/7060/7060
f 7078/7078/7078 7076/7076/7076 7075/7075/7075
f 7079/7079/7079 7078/7078/7078 7081/7081/7081
f 7080/7080/7080 7082/7082/7082 7052/7052/7052
f 7081/7081/7081 7052/7052/7052 7082/7082/7082
f 7080/7080/7080 7052/7052/7052 7053/7053/7053
f 7080/7080/7080 7077/7077/7077 7079/7079/7079
f 7070/7070/7070 7054/7054/7054 7072/7072/7072
f 7057/7057/7057 7072/7072/7072 7054/7054/7054
f 7071/7071/7071 7069/7069/7069 7070/7070/7070
f 7075/7075/7075 7073/7073/7073 7072/7072/7072
f 7053/7053/7053 7071/7071/7071 7074/7074/7074
f 7073/7073/7073 7074/7074/7074 7071/7071/7071
f 7077/7077/7077 7053/7053/7053 7074/7074/7074
f 7069/7069/7069 7071/7071/7071 7053/7053/7053
f 7053/7053/7053 7077/7077/7077 7080/7080/7080
f 7076/7076/7076 7077/7077/7077 7074/7074/7074
f 7090/7090/7090 7084/7084/7084 7083/7083/7083
f 7083/7083/7083 7085/7085/7085 7090/7090/7090
f 7089/7089/7089 7086/7086/7086 7090/7090/7090
f 7088/7088/7088 7087/7087/7087 7086/7086/7086
f 7086/7086/7086 7089/7089/7089 7088/7088/7088
f 7091/7091/7091 7092/7092/7092 7093/7093/7093
f 7092/7092/7092 7091/7091/7091 7094/7094/7094
f 7091/7091/7091 7093/7093/7093 7095/7095/7095
f 7096/7096/7096 7095/7095/7095 7097/7097/7097
f 7096/7096/7096 7098/7098/7098 7091/7091/7091
f 7095/7095/7095 7096/7096/7096 7091/7091/7091
f 7099/7099/7099 7100/7100/7100 7101/7101/7101
f 7102/7102/7102 7103/7103/7103 7104/7104/7104
f 7105/7105/7105 7106/7106/7106 7107/7107/7107
f 7108/7108/7108 7109/7109/7109 7110/7110/7110
f 7111/7111/7111 7112/7112/7112 7113/7113/7113
f 7114/7114/7114 7115/7115/7115 7116/7116/7116
f 7117/7117/7117 7118/7118/7118 7119/7119/7119
f 7120/7120/7120 7121/7121/7121 7122/7122/7122
f 7124/7124/7124 7123/7123/7123 7125/7125/7125
f 7128/7128/7128 7127/7127/7127 7129/7129/7129
f 7132/7132/7132 7131/7131/7131 7133/7133/7133
f 7136/7136/7136 7135/7135/7135 7137/7137/7137
f 7140/7140/7140 7139/7139/7139 7141/7141/7141
f 7144/7144/7144 7143/7143/7143 7145/7145/7145
f 7148/7148/7148 7147/7147/7147 7149/7149/7149
f 7153/7153/7153 7157/7157/7157 7158/7158/7158
f 7158/7158/7158 7160/7160/7160 7161/7161/7161
f 7161/7161/7161 7163/7163/7163 7164/7164/7164
f 7164/7164/7164 7166/7166/7166 7167/7167/7167
f 7167/7167/7167 7169/7169/7169 7170/7170/7170
f 7171/7171/7171 7153/7153/7153 7156/7156/7156
f 7173/7173/7173 7172/7172/7172 7174/7174/7174
f 7176/7176/7176 7175/7175/7175 7177/7177/7177
f 7179/7179/7179 7178/7178/7178 7180/7180/7180
f 7182/7182/7182 7181/7181/7181 7183/7183/7183
f 7169/7169/7169 7151/7151/7151 7170/7170/7170
f 7168/7168/7168 7170/7170/7170 7151/7151/7151
f 7151/7151/7151 7154/7154/7154 7168/7168/7168
f 7169/7169/7169 7152/7152/7152 7151/7151/7151
f 7168/7168/7168 7165/7165/7165 7167/7167/7167
f 7163/7163/7163 7166/7166/7166 7164/7164/7164
f 7164/7164/7164 7165/7165/7165 7162/7162/7162
f 7169/7169/7169 7167/7167/7167 7166/7166/7166
f 7168/7168/7168 7183/7183/7183 7180/7180/7180
f 7166/7166/7166 7152/7152/7152 7169/7169/7169
f 7161/7161/7161 7160/7160/7160 7163/7163/7163
f 7152/7152/7152 7163/7163/7163 7160/7160/7160
f 7161/7161/7161 7162/7162/7162 7159/7159/7159
f 7166/7166/7166 7163/7163/7163 7152/7152/7152
f 7160/7160/7160 7158/7158/7158 7157/7157/7157
f 7158/7158/7158 7159/7159/7159 7156/7156/7156
f 7152/7152/7152 7160/7160/7160 7157/7157/7157
f 7162/7162/7162 7177/7177/7177 7174/7174/7174
f 7165/7165/7165 7180/7180/7180 7162/7162/7162
f 7180/7180/7180 7178/7178/7178 7177/7177/7177
f 7181/7181/7181 7180/7180/7180 7183/7183/7183
f 7182/7182/7182 7184/7184/7184 7154/7154/7154
f 7183/7183/7183 7154/7154/7154 7184/7184/7184
f 7182/7182/7182 7154/7154/7154 7155/7155/7155
f 7182/7182/7182 7179/7179/7179 7181/7181/7181
f 7172/7172/7172 7156/7156/7156 7174/7174/7174
f 7159/7159/7159 7174/7174/7174 7156/7156/7156
f 7173/7173/7173 7171/7171/7171 7172/7172/7172
f 7177/7177/7177 7175/7175/7175 7174/7174/7174
f 7155/7155/7155 7173/7173/7173 7176/7176/7176
f 7175/7175/7175 7176/7176/7176 7173/7173/7173
f 7179/7179/7179 7155/7155/7155 7176/7176/7176
f 7171/7171/7171 7173/7173/7173 7155/7155/7155
f 7155/7155/7155 7179/7179/7179 7182/7182/7182
f 7178/7178/7178 7179/7179/7179 7176/7176/7176
f 7192/7192/7192 7186/7186/7186 7185/7185/7185
f 7185/7185/7185 7187/7187/7187 7192/7192/7192
f 7191/7191/7191 7188/7188/7188 7192/7192/7192
f 7190/7190/7190 7189/7189/7189 7188/7188/7188
f 7188/7188/7188 7191/7191/7191 7190/7190/7190
f 7193/7193/7193 7194/7194/7194 7195/7195/7195
f 7194/7194/7194 7193/7193/7193 7196/7196/7196
f 7193/7193/7193 7195/7195/7195 7197/7197/7197
f 7198/7198/7198 7197/7197/7197 7199/7199/7199
f 7198/7198/7198 7200/7200/7200 7193/7193/7193
f 7197/7197/7197 7198/7198/7198 7193/7193/7193
f 7201/7201/7201 7202/7202/7202 7203/7203/7203
f 7204/7204/7204 7205/7205/7205 7206/7206/7206
f 7207/7207/7207 7208/7208/7208 7209/7209/7209
f 7210/7210/7210 7211/7211/7211 7212/7212/7212
f 7213/7213/7213 7214/7214/7214 7215/7215/7215
f 7216/7216/7216 7217/7217/7217 7218/7218/7218
f 7219/7219/7219 7220/7220/7220 7221/7221/7221
f 7222/7222/7222 7223/7223/7223 7224/7224/7224
f 7226/7226/7226 7225/7225/7225 7227/7227/7227
f 7230/7230/7230 7229/7229/7229 7231/7231/7231
f 7234/7234/7234 7233/7233/7233 7235/7235/7235
f 7238/7238/7238 7237/7237/7237 7239/7239/7239
f 7242/7242/7242 7241/7241/7241 7243/7243/7243
f 7246/7246/7246 7245/7245/7245 7247/7247/7247
f 7250/7250/7250 7249/7249/7249 7251/7251/7251
f 7255/7255/7255 7259/7259/7259 7260/7260/7260
f 7260/7260/7260 7262/7262/7262 7263/7263/7263
f 7263/7263/7263 7265/7265/7265 7266/7266/7266
f 7266/7266/7266 7268/7268/7268 7269/7269/7269
f 7269/7269/7269 7271/7271/7271 7272/7272/7272
f 7273/7273/7273 7255/7255/7255 7258/7258/7258
f 7275/7275/7275 7274/7274/7274 7276/7276/7276
f 7278/7278/7278 7277/7277/7277 7279/7279/7279
f 7281/7281/7281 7280/7280/7280 7282/7282/7282
f 7284/7284/7284 7283/7283/7283 7285/7285/7285
f 7271/7271/7271 7253/7253/7253 7272/7272/7272
f 7270/7270/7270 7272/7272/7272 7253/7253/7253
f 7253/7253/7253 7256/7256/7256 7270/7270/7270
f 7271/7271/7271 7254/7254/7254 7253/7253/7253
f 7270/7270/7270 7267/7267/7267 7269/7269/7269
f 7265/7265/7265 7268/7268/7268 7266/7266/7266
f 7266/7266/7266 7267/7267/7267 7264/7264/7264
f 7271/7271/7271 7269/7269/7269 7268/7268/7268
f 7270/7270/7270 7285/7285/7285 7282/7282/7282
f 7268/7268/7268 7254/7254/7254 7271/7271/7271
f 7263/7263/7263 7262/7262/7262 7265/7265/7265
f 7254/7254/7254 7265/7265/7265 7262/7262/7262
f 7263/7263/7263 7264/7264/7264 7261/7261/7261
f 7268/7268/7268 7265/7265/7265 7254/7254/7254
f 7262/7262/7262 7260/7260/7260 7259/7259/7259
f 7260/7260/7260 7261/7261/7261 7258/7258/7258
f 7254/7254/7254 7262/7262/7262 7259/7259/7259
f 7264/7264/7264 7279/7279/7279 7276/7276/7276
f 7267/7267/7267 7282/7282/7282 7264/7264/7264
f 7282/7282/7282 7280/7280/7280 7279/7279/7279
f 7283/7283/7283 7282/7282/7282 7285/7285/7285
f 7284/7284/7284 7286/7286/7286 7256/7256/7256
f 7285/7285/7285 7256/7256/7256 7286/7286/7286
f 7284/7284/7284 7256/7256/7256 7257/7257/7257
f 7284/7284/7284 7281/7281/7281 7283/7283/7283
f 7274/7274/7274 7258/7258/7258 7276/7276/7276
f 7261/7261/7261 7276/7276/7276 7258/7258/7258
f 7275/7275/7275 7273/7273/7273 7274/7274/7274
f 7279/7279/7279 7277/7277/7277 7276/7276/7276
f 7257/7257/7257 7275/7275/7275 7278/7278/7278
f 7277/7277/7277 7278/7278/7278 7275/7275/7275
f 7281/7281/7281 7257/7257/7257 7278/7278/7278
f 7273/7273/7273 7275/7275/7275 7257/7257/7257
f 7257/7257/7257 7281/7281/7281 7284/7284/7284
f 7280/7280/7280 7281/7281/7281 7278/7278/7278
f 7294/7294/7294 7288/7288/7288 7287/7287/7287
f 7287/7287/7287 7289/7289/7289 7294/7294/7294
f 7293/7293/7293 7290/7290/7290 7294/7294/7294
f 7292/7292/7292 7291/7291/7291 7290/7290/7290
f 7290/7290/7290 7293/7293/7293 7292/7292/7292
f 7295/7295/7295 7296/7296/7296 7297/7297/7297
f 7296/7296/7296 7295/7295/7295 7298/7298/7298
f 7295/7295/7295 7297/7297/7297 7299/7299/7299
f 7300/7300/7300 7299/7299/7299 7301/7301/7301
f 7300/7300/7300 7302/7302/7302 7295/7295/7295
f 7299/7299/7299 7300/7300/7300 7295/7295/7295
f 7303/7303/7303 7304/7304/7304 7305/7305/7305
f 7306/7306/7306 7307/7307/7307 7308/7308/7308
f 7309/7309/7309 7310/7310/7310 7311/7311/7311
f 7312/7312/7312 7313/7313/7313 7314/7314/7314
f 7315/7315/7315 7316/7316/7316 7317/7317/7317
f 7318/7318/7318 7319/7319/7319 7320/7320/7320
f 7321/7321/7321 7322/7322/7322 7323/7323/7323
f 7324/7324/7324 7325/7325/7325 7326/7326/7326
f 7328/7328/7328 7327/7327/7327 7329/7329/7329
f 7332/7332/7332 7331/7331/7331 7333/7333/7333
f 7336/7336/7336 7335/7335/7335 7337/7337/7337
f 7340/7340/7340 7339/7339/7339 7341/7341/7341
f 7344/7344/7344 7343/7343/7343 7345/7345/7345
f 7348/7348/7348 7347/7347/7347 7349/7349/7349
f 7352/7352/7352 7351/7351/7351 7353/7353/7353
f 7357/7357/7357 7361/7361/7361 7362/7362/7362
f 7362/7362/7362 7364/7364/7364 7365/7365/7365
f 7365/7365/7365 7367/7367/7367 7368/7368/7368
f 7368/7368/7368 7370/7370/7370 7371/7371/7371
f 7371/7371/7371 7373/7373/7373 7374/7374/7374
f 7375/7375/7375 7357/7357/7357 7360/7360/7360
f 7377/7377/7377 7376/7376/7376 7378/7378/7378
f 7380/7380/7380 7379/7379/7379 7381/7381/7381
f 7383/7383/7383 7382/7382/7382 7384/7384/7384
f 7386/7386/7386 7385/7385/7385 7387/7387/7387
f 7373/7373/7373 7355/7355/7355 7374/7374/7374
f 7372/7372/7372 7374/7374/7374 7355/7355/7355
f 7355/7355/7355 7358/7358/7358 7372/7372/7372
f 7373/7373/7373 7356/7356/7356 7355/7355/7355
f 7372/7372/7372 7369/7369/7369 7371/7371/7371
f 7367/7367/7367 7370/7370/7370 7368/7368/7368
f 7368/7368/7368 7369/7369/7369 7366/7366/7366
f 7373/7373/7373 7371/7371/7371 7370/7370/7370
f 7372/7372/7372 7387/7387/7387 7384/7384/7384
f 7370/7370/7370 7356/7356/7356 7373/7373/7373
f 7365/7365/7365 7364/7364/7364 7367/7367/7367
f 7356/7356/7356 7367/7367/7367 7364/7364/7364
f 7365/7365/7365 7366/7366/7366 7363/7363/7363
f 7370/7370/7370 7367/7367/7367 7356/7356/7356
f 7364/7364/7364 7362/7362/7362 7361/7361/7361
f 7362/7362/7362 7363/7363/7363 7360/7360/7360
f 7356/7356/7356 7364/7364/7364 7361/7361/7361
f 7366/7366/7366 7381/7381/7381 7378/7378/7378
f 7369/7369/7369 7384/7384/7384 7366/7366/7366
f 7384/7384/7384 7382/7382/7382 7381/7381/7381
f 7385/7385/7385 7384/7384/7384 7387/7387/7387
f 7386/7386/7386 7388/7388/7388 7358/7358/7358
f 7387/7387/7387 7358/7358/7358 7388/7388/7388
f 7386/7386/7386 7358/7358/7358 7359/7359/7359
f 7386/7386/7386 7383/7383/7383 7385/7385/7385
f 7376/7376/7376 7360/7360/7360 7378/7378/7378
f 7363/7363/7363 7378/7378/7378 7360/7360/7360
f 7377/7377/7377 7375/7375/7375 7376/7376/7376
f 7381/7381/7381 7379/7379/7379 7378/7378/7378
f 7359/7359/7359 7377/7377/7377 7380/7380/7380
f 7379/7379/7379 7380/7380/7380 7377/7377/7377
f 7383/7383/7383 7359/7359/7359 7380/7380/7380
f 7375/7375/7375 7377/7377/7377 7359/7359/7359
f 7359/7359/7359 7383/7383/7383 7386/7386/7386
f 7382/7382/7382 7383/7383/7383 7380/7380/7380
f 7396/7396/7396 7390/7390/7390 7389/7389/7389
f 7389/7389/7389 7391/7391/7391 7396/7396/7396
f 7395/7395/7395 7392/7392/7392 7396/7396/7396
f 7394/7394/7394 7393/7393/7393 7392/7392/7392
f 7392/7392/7392 7395/7395/7395 7394/7394/7394
f 7397/7397/7397 7398/7398/7398 7399/7399/7399
f 7398/7398/7398 7397/7397/7397 7400/7400/7400
f 7397/7397/7397 7399/7399/7399 7401/7401/7401
f 7402/7402/7402 7401/7401/7401 7403/7403/7403
f 7402/7402/7402 7404/7404/7404 7397/7397/7397
f 7401/7401/7401 7402/7402/7402 7397/7397/7397
f 7405/7405/7405 7406/7406/7406 7407/7407/7407
f 7408/7408/7408 7409/7409/7409 7410/7410/7410
f 7411/7411/7411 7412/7412/7412 7413/7413/7413
f 7414/7414/7414 7415/7415/7415 7416/7416/7416
f 7417/7417/7417 7418/7418/7418 7419/7419/7419
f 7420/7420/7420 7421/7421/7421 7422/7422/7422
f 7423/7423/7423 7424/7424/7424 7425/7425/7425
f 7426/7426/7426 7427/7427/7427 7428/7428/7428
f 1/1/1 3/3/3 4/4/4
f 5/5/5 7/7/7 8/8/8
f 9/9/9 11/11/11 12/12/12
f 13/13/13 15/15/15 16/16/16
f 17/17/17 19/19/19 20/20/20
f 21/21/21 23/23/23 24/24/24
f 25/25/25 27/27/27 28/28/28
f 29/29/29 31/31/31 32/32/32
f 33/33/33 35/35/35 36/36/36
f 37/37/37 39/39/39 40/40/40
f 41/41/41 43/43/43 44/44/44
f 45/45/45 47/47/47 48/48/48
f 49/49/49 51/51/51 52/52/52
f 53/53/53 55/55/55 56/56/56
f 57/57/57 59/59/59 60/60/60
f 61/61/61 63/63/63 64/64/64
f 65/65/65 67/67/67 68/68/68
f 69/69/69 71/71/71 72/72/72
f 73/73/73 75/75/75 76/76/76
f 77/77/77 79/79/79 80/80/80
f 81/81/81 83/83/83 84/84/84
f 85/85/85 87/87/87 88/88/88
f 89/89/89 91/91/91 92/92/92
f 93/93/93 95/95/95 96/96/96
f 99/99/99 98/98/98 100/100/100
f 107/107/107 106/106/106 108/108/108
f 147/147/147 148/148/148 149/149/149
f 149/149/149 150/150/150 151/151/151
f 153/153/153 156/156/156 157/157/157
f 157/157/157 158/158/158 159/159/159
f 147/147/147 156/156/156 155/155/155
f 149/149/149 158/158/158 156/156/156
f 198/198/198 199/199/199 200/200/200
f 200/200/200 201/201/201 202/202/202
f 204/204/204 207/207/207 208/208/208
f 208/208/208 209/209/209 210/210/210
f 198/198/198 207/207/207 206/206/206
f 200/200/200 209/209/209 207/207/207
f 328/328/328 329/329/329 330/330/330
f 330/330/330 331/331/331 332/332/332
f 334/334/334 337/337/337 338/338/338
f 338/338/338 339/339/339 340/340/340
f 328/328/328 337/337/337 336/336/336
f 330/330/330 339/339/339 337/337/337
f 435/435/435 434/434/434 436/436/436
f 443/443/443 442/442/442 444/444/444
f 483/483/483 484/484/484 485/485/485
f 485/485/485 486/486/486 487/487/487
f 489/489/489 492/492/492 493/493/493
f 493/493/493 494/494/494 495/495/495
f 483/483/483 492/492/492 491/491/491
f 485/485/485 494/494/494 492/492/492
f 534/534/534 535/535/535 536/536/536
f 536/536/536 537/537/537 538/538/538
f 540/540/540 543/543/543 544/544/544
f 544/544/544 545/545/545 546/546/546
f 534/534/534 543/543/543 542/542/542
f 536/536/536 545/545/545 543/543/543
f 664/664/664 665/665/665 666/666/666
f 666/666/666 667/667/667 668/668/668
f 670/670/670 673/673/673 674/674/674
f 674/674/674 675/675/675 676/676/676
f 664/664/664 673/673/673 672/672/672
f 666/666/666 675/675/675 673/673/673
f 771/771/771 770/770/770 772/772/772
f 779/779/779 778/778/778 780/780/780
f 819/819/819 820/820/820 821/821/821
f 821/821/821 822/822/822 823/823/823
f 825/825/825 828/828/828 829/829/829
f 829/829/829 830/830/830 831/831/831
f 819/819/819 828/828/828 827/827/827
f 821/821/821 830/830/830 828/828/828
f 870/870/870 871/871/871 872/872/872
f 872/872/872 873/873/873 874/874/874
f 876/876/876 879/879/879 880/880/880
f 880/880/880 881/881/881 882/882/882
f 870/870/870 879/879/879 878/878/878
f 872/872/872 881/881/881 879/879/879
f 1000/1000/1000 1001/1001/1001 1002/1002/1002
f 1002/1002/1002 1003/1003/1003 1004/1004/1004
f 1006/1006/1006 1009/1009/1009 1010/1010/1010
f 1010/1010/1010 1011/1011/1011 1012/1012/1012
f 1000/1000/1000 1009/1009/1009 1008/1008/1008
f 1002/1002/1002 1011/1011/1011 1009/1009/1009
f 1107/1107/1107 1106/1106/1106 1108/1108/1108
f 1115/1115/1115 1114/1114/1114 1116/1116/1116
f 1155/1155/1155 1156/1156/1156 1157/1157/1157
f 1157/1157/1157 1158/1158/1158 1159/1159/1159
f 1161/1161/1161 1164/1164/1164 1165/1165/1165
f 1165/1165/1165 1166/1166/1166 1167/1167/1167
f 1155/1155/1155 1164/1164/1164 1163/1163/1163
f 1157/1157/1157 1166/1166/1166 1164/1164/1164
f 1206/1206/1206 1207/1207/1207 1208/1208/1208
f 1208/1208/1208 1209/1209/1209 1210/1210/1210
f 1212/1212/1212 1215/1215/1215 1216/1216/1216
f 1216/1216/1216 1217/1217/1217 1218/1218/1218
f 1206/1206/1206 1215/1215/1215 1214/1214/1214
f 1208/1208/1208 1217/1217/1217 1215/1215/1215
f 1336/1336/1336 1337/1337/1337 1338/1338/1338
f 1338/1338/1338 1339/1339/1339 1340/1340/1340
f 1342/1342/1342 1345/1345/1345 1346/1346/1346
f 1346/1346/1346 1347/1347/1347 1348/1348/1348
f 1336/1336/1336 1345/1345/1345 1344/1344/1344
f 1338/1338/1338 1347/1347/1347 1345/1345/1345
f 1443/1443/1443 1442/1442/1442 1444/1444/1444
f 1451/1451/1451 1450/1450/1450 1452/1452/1452
f 1491/1491/1491 1492/1492/1492 1493/1493/1493
f 1493/1493/1493 1494/1494/1494 1495/1495/1495
f 1497/1497/1497 1500/1500/1500 1501/1501/1501
f 1501/1501/1501 1502/1502/1502 1503/1503/1503
f 1491/1491/1491 1500/1500/1500 1499/1499/1499
f 1493/1493/1493 1502/1502/1502 1500/1500/1500
f 1542/1542/1542 1543/1543/1543 1544/1544/1544
f 1544/1544/1544 1545/1545/1545 1546/1546/1546
f 1548/1548/1548 1551/1551/1551 1552/1552/1552
f 1552/1552/1552 1553/1553/1553 1554/1554/1554
f 1542/1542/1542 1551/1551/1551 1550/1550/1550
f 1544/1544/1544 1553/1553/1553 1551/1551/1551
f 1672/1672/1672 1673/1673/1673 1674/1674/1674
f 1674/1674/1674 1675/1675/1675 1676/1676/1676
f 1678/1678/1678 1681/1681/1681 1682/1682/1682
f 1682/1682/1682 1683/1683/1683 1684/1684/1684
f 1672/1672/1672 1681/1681/1681 1680/1680/1680
f 1674/1674/1674 1683/1683/1683 1681/1681/1681
f 1779/1779/1779 1778/1778/1778 1780/1780/1780
f 1787/1787/1787 1786/1786/1786 1788/1788/1788
f 1827/1827/1827 1828/1828/1828 1829/1829/1829
f 1829/1829/1829 1830/1830/1830 1831/1831/1831
f 1833/1833/1833 1836/1836/1836 1837/1837/1837
f 1837/1837/1837 1838/1838/1838 1839/1839/1839
f 1827/1827/1827 1836/1836/1836 1835/1835/1835
f 1829/1829/1829 1838/1838/1838 1836/1836/1836
f 1878/1878/1878 1879/1879/1879 1880/1880/1880
f 1880/1880/1880 1881/1881/1881 1882/1882/1882
f 1884/1884/1884 1887/1887/1887 1888/1888/1888
f 1888/1888/1888 1889/1889/1889 1890/1890/1890
f 1878/1878/1878 1887/1887/1887 1886/1886/1886
f 1880/1880/1880 1889/1889/1889 1887/1887/1887
f 2008/2008/2008 2009/2009/2009 2010/2010/2010
f 2010/2010/2010 2011/2011/2011 2012/2012/2012
f 2014/2014/2014 2017/2017/2017 2018/2018/2018
f 2018/2018/2018 2019/2019/2019 2020/2020/2020
f 2008/2008/2008 2017/2017/2017 2016/2016/2016
f 2010/2010/2010 2019/2019/2019 2017/2017/2017
f 2115/2115/2115 2114/2114/2114 2116/2116/2116
f 2123/2123/2123 2122/2122/2122 2124/2124/2124
f 2163/2163/2163 2164/2164/2164 2165/2165/2165
f 2165/2165/2165 2166/2166/2166 2167/2167/2167
f 2169/2169/2169 2172/2172/2172 2173/2173/2173
f 2173/2173/2173 2174/2174/2174 2175/2175/2175
f 2163/2163/2163 2172/2172/2172 2171/2171/2171
f 2165/2165/2165 2174/2174/2174 2172/2172/2172
f 2214/2214/2214 2215/2215/2215 2216/2216/2216
f 2216/2216/2216 2217/2217/2217 2218/2218/2218
f 2220/2220/2220 2223/2223/2223 2224/2224/2224
f 2224/2224/2224 2225/2225/2225 2226/2226/2226
f 2214/2214/2214 2223/2223/2223 2222/2222/2222
f 2216/2216/2216 2225/2225/2225 2223/2223/2223
f 2344/2344/2344 2345/2345/2345 2346/2346/2346
f 2346/2346/2346 2347/2347/2347 2348/2348/2348
f 2350/2350/2350 2353/2353/2353 2354/2354/2354
f 2354/2354/2354 2355/2355/2355 2356/2356/2356
f 2344/2344/2344 2353/2353/2353 2352/2352/2352
f 2346/2346/2346 2355/2355/2355 2353/2353/2353
f 2451/2451/2451 2450/2450/2450 2452/2452/2452
f 2459/2459/2459 2458/2458/2458 2460/2460/2460
f 2499/2499/2499 2500/2500/2500 2501/2501/2501
f 2501/2501/2501 2502/2502/2502 2503/2503/2503
f 2505/2505/2505 2508/2508/2508 2509/2509/2509
f 2509/2509/2509 2510/2510/2510 2511/2511/2511
f 2499/2499/2499 2508/2508/2508 2507/2507/2507
f 2501/2501/2501 2510/2510/2510 2508/2508/2508
f 2550/2550/2550 2551/2551/2551 2552/2552/2552
f 2552/2552/2552 2553/2553/2553 2554/2554/2554
f 2556/2556/2556 2559/2559/2559 2560/2560/2560
f 2560/2560/2560 2561/2561/2561 2562/2562/2562
f 2550/2550/2550 2559/2559/2559 2558/2558/2558
f 2552/2552/2552 2561/2561/2561 2559/2559/2559
f 2680/2680/2680 2681/2681/2681 2682/2682/2682
f 2682/2682/2682 2683/2683/2683 2684/2684/2684
f 2686/2686/2686 2689/2689/2689 2690/2690/2690
f 2690/2690/2690 2691/2691/2691 2692/2692/2692
f 2680/2680/2680 2689/2689/2689 2688/2688/2688
f 2682/2682/2682 2691/2691/2691 2689/2689/2689
f 2787/2787/2787 2786/2786/2786 2788/2788/2788
f 2795/2795/2795 2794/2794/2794 2796/2796/2796
f 2835/2835/2835 2836/2836/2836 2837/2837/2837
f 2837/2837/2837 2838/2838/2838 2839/2839/2839
f 2841/2841/2841 2844/2844/2844 2845/2845/2845
f 2845/2845/2845 2846/2846/2846 2847/2847/2847
f 2835/2835/2835 2844/2844/2844 2843/2843/2843
f 2837/2837/2837 2846/2846/2846 2844/2844/2844
f 2886/2886/2886 2887/2887/2887 2888/2888/2888
f 2888/2888/2888 2889/2889/2889 2890/2890/2890
f 2892/2892/2892 2895/2895/2895 2896/2896/2896
f 2896/2896/2896 2897/2897/2897 2898/2898/2898
f 2886/2886/2886 2895/2895/2895 2894/2894/2894
f 2888/2888/2888 2897/2897/2897 2895/2895/2895
f 3016/3016/3016 3017/3017/3017 3018/3018/3018
f 3018/3018/3018 3019/3019/3019 3020/3020/3020
f 3022/3022/3022 3025/3025/3025 3026/3026/3026
f 3026/3026/3026 3027/3027/3027 3028/3028/3028
f 3016/3016/3016 3025/3025/3025 3024/3024/3024
f 3018/3018/3018 3027/3027/3027 3025/3025/3025
f 3123/3123/3123 3122/3122/3122 3124/3124/3124
f 3131/3131/3131 3130/3130/3130 3132/3132/3132
f 3171/3171/3171 3172/3172/3172 3173/3173/3173
f 3173/3173/3173 3174/3174/3174 3175/3175/3175
f 3177/3177/3177 3180/3180/3180 3181/3181/3181
f 3181/3181/3181 3182/3182/3182 3183/3183/3183
f 3171/3171/3171 3180/3180/3180 3179/3179/3179
f 3173/3173/3173 3182/3182/3182 3180/3180/3180
f 3222/3222/3222 3223/3223/3223 3224/3224/3224
f 3224/3224/3224 3225/3225/3225 3226/3226/3226
f 3228/3228/3228 3231/3231/3231 3232/3232/3232
f 3232/3232/3232 3233/3233/3233 3234/3234/3234
f 3222/3222/3222 3231/3231/3231 3230/3230/3230
f 3224/3224/3224 3233/3233/3233 3231/3231/3231
f 3352/3352/3352 3353/3353/3353 3354/3354/3354
f 3354/3354/3354 3355/3355/3355 3356/3356/3356
f 3358/3358/3358 3361/3361/3361 3362/3362/3362
f 3362/3362/3362 3363/3363/3363 3364/3364/3364
f 3352/3352/3352 3361/3361/3361 3360/3360/3360
f 3354/3354/3354 3363/3363/3363 3361/3361/3361
f 3459/3459/3459 3458/3458/3458 3460/3460/3460
f 3467/3467/3467 3466/3466/3466 3468/3468/3468
f 3507/3507/3507 3508/3508/3508 3509/3509/3509
f 3509/3509/3509 3510/3510/3510 3511/3511/3511
f 3513/3513/3513 3516/3516/3516 3517/3517/3517
f 3517/3517/3517 3518/3518/3518 3519/3519/3519
f 3507/3507/3507 3516/3516/3516 3515/3515/3515
f 3509/3509/3509 3518/3518/3518 3516/3516/3516
f 3558/3558/3558 3559/3559/3559 3560/3560/3560
f 3560/3560/3560 3561/3561/3561 3562/3562/3562
f 3564/3564/3564 3567/3567/3567 3568/3568/3568
f 3568/3568/3568 3569/3569/3569 3570/3570/3570
f 3558/3558/3558 3567/3567/3567 3566/3566/3566
f 3560/3560/3560 3569/3569/3569 3567/3567/3567
f 3688/3688/3688 3689/3689/3689 3690/3690/3690
f 3690/3690/3690 3691/3691/3691 3692/3692/3692
f 3694/3694/3694 3697/3697/3697 3698/3698/3698
f 3698/3698/3698 3699/3699/3699 3700/3700/3700
f 3688/3688/3688 3697/3697/3697 3696/3696/3696
f 3690/3690/3690 3699/3699/3699 3697/3697/3697
f 3795/3795/3795 3794/3794/3794 3796/3796/3796
f 3803/3803/3803 3802/3802/3802 3804/3804/3804
f 3843/3843/3843 3844/3844/3844 3845/3845/3845
f 3845/3845/3845 3846/3846/3846 3847/3847/3847
f 3849/3849/3849 3852/3852/3852 3853/3853/3853
f 3853/3853/3853 3854/3854/3854 3855/3855/3855
f 3843/3843/3843 3852/3852/3852 3851/3851/3851
f 3845/3845/3845 3854/3854/3854 3852/3852/3852
f 3894/3894/3894 3895/3895/3895 3896/3896/3896
f 3896/3896/3896 3897/3897/3897 3898/3898/3898
f 3900/3900/3900 3903/3903/3903 3904/3904/3904
f 3904/3904/3904 3905/3905/3905 3906/3906/3906
f 3894/3894/3894 3903/3903/3903 3902/3902/3902
f 3896/3896/3896 3905/3905/3905 3903/3903/3903
f 4024/4024/4024 4025/4025/4025 4026/4026/4026
f 4026/4026/4026 4027/4027/4027 4028/4028/4028
f 4030/4030/4030 4033/4033/4033 4034/4034/4034
f 4034/4034/4034 4035/4035/4035 4036/4036/4036
f 4024/4024/4024 4033/4033/4033 4032/4032/4032
f 4026/4026/4026 4035/4035/4035 4033/4033/4033
f 4131/4131/4131 4130/4130/4130 4132/4132/4132
f 4139/4139/4139 4138/4138/4138 4140/4140/4140
f 4179/4179/4179 4180/4180/4180 4181/4181/4181
f 4181/4181/4181 4182/4182/4182 4183/4183/4183
f 4185/4185/4185 4188/4188/4188 4189/4189/4189
f 4189/4189/4189 4190/4190/4190 4191/4191/4191
f 4179/4179/4179 4188/4188/4188 4187/4187/4187
f 4181/4181/4181 4190/4190/4190 4188/4188/4188
f 4230/4230/4230 4231/4231/4231 4232/4232/4232
f 4232/4232/4232 4233/4233/4233 4234/4234/4234
f 4236/4236/4236 4239/4239/4239 4240/4240/4240
f 4240/4240/4240 4241/4241/4241 4242/4242/4242
f 4230/4230/4230 4239/4239/4239 4238/4238/4238
f 4232/4232/4232 4241/4241/4241 4239/4239/4239
f 4360/4360/4360 4361/4361/4361 4362/4362/4362
f 4362/4362/4362 4363/4363/4363 4364/4364/4364
f 4366/4366/4366 4369/4369/4369 4370/4370/4370
f 4370/4370/4370 4371/4371/4371 4372/4372/4372
f 4360/4360/4360 4369/4369/4369 4368/4368/4368
f 4362/4362/4362 4371/4371/4371 4369/4369/4369
f 4467/4467/4467 4466/4466/4466 4468/4468/4468
f 4475/4475/4475 4474/4474/4474 4476/4476/4476
f 4515/4515/4515 4516/4516/4516 4517/4517/4517
f 4517/4517/4517 4518/4518/4518 4519/4519/4519
f 4521/4521/4521 4524/4524/4524 4525/4525/4525
f 4525/4525/4525 4526/4526/4526 4527/4527/4527
f 4515/4515/4515 4524/4524/4524 4523/4523/4523
f 4517/4517/4517 4526/4526/4526 4524/4524/4524
f 4566/4566/4566 4567/4567/4567 4568/4568/4568
f 4568/4568/4568 4569/4569/4569 4570/4570/4570
f 4572/4572/4572 4575/4575/4575 4576/4576/4576
f 4576/4576/4576 4577/4577/4577 4578/4578/4578
f 4566/4566/4566 4575/4575/4575 4574/4574/4574
f 4568/4568/4568 4577/4577/4577 4575/4575/4575
f 4696/4696/4696 4697/4697/4697 4698/4698/4698
f 4698/4698/4698 4699/4699/4699 4700/4700/4700
f 4702/4702/4702 4705/4705/4705 4706/4706/4706
f 4706/4706/4706 4707/4707/4707 4708/4708/4708
f 4696/4696/4696 4705/4705/4705 4704/4704/4704
f 4698/4698/4698 4707/4707/4707 4705/4705/4705
f 4803/4803/4803 4802/4802/4802 4804/4804/4804
f 4811/4811/4811 4810/4810/4810 4812/4812/4812
f 4851/4851/4851 4852/4852/4852 4853/4853/4853
f 4853/4853/4853 4854/4854/4854 4855/4855/4855
f 4857/4857/4857 4860/4860/4860 4861/4861/4861
f 4861/4861/4861 4862/4862/4862 4863/4863/4863
f 4851/4851/4851 4860/4860/4860 4859/4859/4859
f 4853/4853/4853 4862/4862/4862 4860/4860/4860
f 4902/4902/4902 4903/4903/4903 4904/4904/4904
f 4904/4904/4904 4905/4905/4905 4906/4906/4906
f 4908/4908/4908 4911/4911/4911 4912/4912/4912
f 4912/4912/4912 4913/4913/4913 4914/4914/4914
f 4902/4902/4902 4911/4911/4911 4910/4910/4910
f 4904/4904/4904 4913/4913/4913 4911/4911/4911
f 5032/5032/5032 5033/5033/5033 5034/5034/5034
f 5034/5034/5034 5035/5035/5035 5036/5036/5036
f 5038/5038/5038 5041/5041/5041 5042/5042/5042
f 5042/5042/5042 5043/5043/5043 5044/5044/5044
f 5032/5032/5032 5041/5041/5041 5040/5040/5040
f 5034/5034/5034 5043/5043/5043 5041/5041/5041
f 5139/5139/5139 5138/5138/5138 5140/5140/5140
f 5147/5147/5147 5146/5146/5146 5148/5148/5148
f 5187/5187/5187 5188/5188/5188 5189/5189/5189
f 5189/5189/5189 5190/5190/5190 5191/5191/5191
f 5193/5193/5193 5196/5196/5196 5197/5197/5197
f 5197/5197/5197 5198/5198/5198 5199/5199/5199
f 5187/5187/5187 5196/5196/5196 5195/5195/5195
f 5189/5189/5189 5198/5198/5198 5196/5196/5196
f 5238/5238/5238 5239/5239/5239 5240/5240/5240
f 5240/5240/5240 5241/5241/5241 5242/5242/5242
f 5244/5244/5244 5247/5247/5247 5248/5248/5248
f 5248/5248/5248 5249/5249/5249 5250/5250/5250
f 5238/5238/5238 5247/5247/5247 5246/5246/5246
f 5240/5240/5240 5249/5249/5249 5247/5247/5247
f 5368/5368/5368 5369/5369/5369 5370/5370/5370
f 5370/5370/5370 5371/5371/5371 5372/5372/5372
f 5374/5374/5374 5377/5377/5377 5378/5378/5378
f 5378/5378/5378 5379/5379/5379 5380/5380/5380
f 5368/5368/5368 5377/5377/5377 5376/5376/5376
f 5370/5370/5370 5379/5379/5379 5377/5377/5377
f 5475/5475/5475 5474/5474/5474 5476/5476/5476
f 5483/5483/5483 5482/5482/5482 5484/5484/5484
f 5523/5523/5523 5524/5524/5524 5525/5525/5525
f 5525/5525/5525 5526/5526/5526 5527/5527/5527
f 5529/5529/5529 5532/5532/5532 5533/5533/5533
f 5533/5533/5533 5534/5534/5534 5535/5535/5535
f 5523/5523/5523 5532/5532/5532 5531/5531/5531
f 5525/5525/5525 5534/5534/5534 5532/5532/5532
f 5574/5574/5574 5575/5575/5575 5576/5576/5576
f 5576/5576/5576 5577/5577/5577 5578/5578/5578
f 5580/5580/5580 5583/5583/5583 5584/5584/5584
f 5584/5584/5584 5585/5585/5585 5586/5586/5586
f 5574/5574/5574 5583/5583/5583 5582/5582/5582
f 5576/5576/5576 5585/5585/5585 5583/5583/5583
f 5704/5704/5704 5705/5705/5705 5706/5706/5706
f 5706/5706/5706 5707/5707/5707 5708/5708/5708
f 5710/5710/5710 5713/5713/5713 5714/5714/5714
f 5714/5714/5714 5715/5715/5715 5716/5716/5716
f 5704/5704/5704 5713/5713/5713 5712/5712/5712
f 5706/5706/5706 5715/5715/5715 5713/5713/5713
f 5811/5811/5811 5810/5810/5810 5812/5812/5812
f 5819/5819/5819 5818/5818/5818 5820/5820/5820
f 5859/5859/5859 5860/5860/5860 5861/5861/5861
f 5861/5861/5861 5862/5862/5862 5863/5863/5863
f 5865/5865/5865 5868/5868/5868 5869/5869/5869
f 5869/5869/5869 5870/5870/5870 5871/5871/5871
f 5859/5859/5859 5868/5868/5868 5867/5867/5867
f 5861/5861/5861 5870/5870/5870 5868/5868/5868
f 5910/5910/5910 5911/5911/5911 5912/5912/5912
f 5912/5912/5912 5913/5913/5913 5914/5914/5914
f 5916/5916/5916 5919/5919/5919 5920/5920/5920
f 5920/5920/5920 5921/5921/5921 5922/5922/5922
f 5910/5910/5910 5919/5919/5919 5918/5918/5918
f 5912/5912/5912 5921/5921/5921 5919/5919/5919
f 6040/6040/6040 6041/6041/6041 6042/6042/6042
f 6042/6042/6042 6043/6043/6043 6044/6044/6044
f 6046/6046/6046 6049/6049/6049 6050/6050/6050
f 6050/6050/6050 6051/6051/6051 6052/6052/6052
f 6040/6040/6040 6049/6049/6049 6048/6048/6048
f 6042/6042/6042 6051/6051/6051 6049/6049/6049
f 6147/6147/6147 6146/6146/6146 6148/6148/6148
f 6155/6155/6155 6154/6154/6154 6156/6156/6156
f 6195/6195/6195 6196/6196/6196 6197/6197/6197
f 6197/6197/6197 6198/6198/6198 6199/6199/6199
f 6201/6201/6201 6204/6204/6204 6205/6205/6205
f 6205/6205/6205 6206/6206/6206 6207/6207/6207
f 6195/6195/6195 6204/6204/6204 6203/6203/6203
f 6197/6197/6197 6206/6206/6206 6204/6204/6204
f 6246/6246/6246 6247/6247/6247 6248/6248/6248
f 6248/6248/6248 6249/6249/6249 6250/6250/6250
f 6252/6252/6252 6255/6255/6255 6256/6256/6256
f 6256/6256/6256 6257/6257/6257 6258/6258/6258
f 6246/6246/6246 6255/6255/6255 6254/6254/6254
f 6248/6248/6248 6257/6257/6257 6255/6255/6255
f 6376/6376/6376 6377/6377/6377 6378/6378/6378
f 6378/6378/6378 6379/6379/6379 6380/6380/6380
f 6382/6382/6382 6385/6385/6385 6386/6386/6386
f 6386/6386/6386 6387/6387/6387 6388/6388/6388
f 6376/6376/6376 6385/6385/6385 6384/6384/6384
f 6378/6378/6378 6387/6387/6387 6385/6385/6385
f 6483/6483/6483 6482/6482/6482 6484/6484/6484
f 6491/6491/6491 6490/6490/6490 6492/6492/6492
f 6531/6531/6531 6532/6532/6532 6533/6533/6533
f 6533/6533/6533 6534/6534/6534 6535/6535/6535
f 6537/6537/6537 6540/6540/6540 6541/6541/6541
f 6541/6541/6541 6542/6542/6542 6543/6543/6543
f 6531/6531/6531 6540/6540/6540 6539/6539/6539
f 6533/6533/6533 6542/6542/6542 6540/6540/6540
f 6582/6582/6582 6583/6583/6583 6584/6584/6584
f 6584/6584/6584 6585/6585/6585 6586/6586/6586
f 6588/6588/6588 6591/6591/6591 6592/6592/6592
f 6592/6592/6592 6593/6593/6593 6594/6594/6594
f 6582/6582/6582 6591/6591/6591 6590/6590/6590
f 6584/6584/6584 6593/6593/6593 6591/6591/6591
f 6712/6712/6712 6713/6713/6713 6714/6714/6714
f 6714/6714/6714 6715/6715/6715 6716/6716/6716
f 6718/6718/6718 6721/6721/6721 6722/6722/6722
f 6722/6722/6722 6723/6723/6723 6724/6724/6724
f 6712/6712/6712 6721/6721/6721 6720/6720/6720
f 6714/6714/6714 6723/6723/6723 6721/6721/6721
f 6818/6818/6818 6819/6819/6819 6820/6820/6820
f 6822/6822/6822 6823/6823/6823 6824/6824/6824
f 6826/6826/6826 6827/6827/6827 6828/6828/6828
f 6830/6830/6830 6831/6831/6831 6832/6832/6832
f 6834/6834/6834 6835/6835/6835 6836/6836/6836
f 6838/6838/6838 6839/6839/6839 6840/6840/6840
f 6842/6842/6842 6843/6843/6843 6844/6844/6844
f 6847/6847/6847 6852/6852/6852 6850/6850/6850
f 6852/6852/6852 6855/6855/6855 6853/6853/6853
f 6855/6855/6855 6858/6858/6858 6856/6856/6856
f 6858/6858/6858 6861/6861/6861 6859/6859/6859
f 6861/6861/6861 6864/6864/6864 6862/6862/6862
f 6865/6865/6865 6850/6850/6850 6866/6866/6866
f 6867/6867/6867 6868/6868/6868 6869/6869/6869
f 6870/6870/6870 6871/6871/6871 6872/6872/6872
f 6873/6873/6873 6874/6874/6874 6875/6875/6875
f 6876/6876/6876 6877/6877/6877 6878/6878/6878
f 6848/6848/6848 6877/6877/6877 6862/6862/6862
f 6862/6862/6862 6874/6874/6874 6859/6859/6859
f 6856/6856/6856 6868/6868/6868 6853/6853/6853
f 6874/6874/6874 6871/6871/6871 6856/6856/6856
f 6882/6882/6882 6880/6880/6880 6886/6886/6886
f 6920/6920/6920 6921/6921/6921 6922/6922/6922
f 6924/6924/6924 6925/6925/6925 6926/6926/6926
f 6928/6928/6928 6929/6929/6929 6930/6930/6930
f 6932/6932/6932 6933/6933/6933 6934/6934/6934
f 6936/6936/6936 6937/6937/6937 6938/6938/6938
f 6940/6940/6940 6941/6941/6941 6942/6942/6942
f 6944/6944/6944 6945/6945/6945 6946/6946/6946
f 6949/6949/6949 6954/6954/6954 6952/6952/6952
f 6954/6954/6954 6957/6957/6957 6955/6955/6955
f 6957/6957/6957 6960/6960/6960 6958/6958/6958
f 6960/6960/6960 6963/6963/6963 6961/6961/6961
f 6963/6963/6963 6966/6966/6966 6964/6964/6964
f 6967/6967/6967 6952/6952/6952 6968/6968/6968
f 6969/6969/6969 6970/6970/6970 6971/6971/6971
f 6972/6972/6972 6973/6973/6973 6974/6974/6974
f 6975/6975/6975 6976/6976/6976 6977/6977/6977
f 6978/6978/6978 6979/6979/6979 6980/6980/6980
f 6950/6950/6950 6979/6979/6979 6964/6964/6964
f 6964/6964/6964 6976/6976/6976 6961/6961/6961
f 6958/6958/6958 6970/6970/6970 6955/6955/6955
f 6976/6976/6976 6973/6973/6973 6958/6958/6958
f 6984/6984/6984 6982/6982/6982 6988/6988/6988
f 7022/7022/7022 7023/7023/7023 7024/7024/7024
f 7026/7026/7026 7027/7027/7027 7028/7028/7028
f 7030/7030/7030 7031/7031/7031 7032/7032/7032
f 7034/7034/7034 7035/7035/7035 7036/7036/7036
f 7038/7038/7038 7039/7039/7039 7040/7040/7040
f 7042/7042/7042 7043/7043/7043 7044/7044/7044
f 7046/7046/7046 7047/7047/7047 7048/7048/7048
f 7051/7051/7051 7056/7056/7056 7054/7054/7054
f 7056/7056/7056 7059/7059/7059 7057/7057/7057
f 7059/7059/7059 7062/7062/7062 7060/7060/7060
f 7062/7062/7062 7065/7065/7065 7063/7063/7063
f 7065/7065/7065 7068/7068/7068 7066/7066/7066
f 7069/7069/7069 7054/7054/7054 7070/7070/7070
f 7071/7071/7071 7072/7072/7072 7073/7073/7073
f 7074/7074/7074 7075/7075/7075 7076/7076/7076
f 7077/7077/7077 7078/7078/7078 7079/7079/7079
f 7080/7080/7080 7081/7081/7081 7082/7082/7082
f 7052/7052/7052 7081/7081/7081 7066/7066/7066
f 7066/7066/7066 7078/7078/7078 7063/7063/7063
f 7060/7060/7060 7072/7072/7072 7057/7057/7057
f 7078/7078/7078 7075/7075/7075 7060/7060/7060
f 7086/7086/7086 7084/7084/7084 7090/7090/7090
f 7124/7124/7124 7125/7125/7125 7126/7126/7126
f 7128/7128/7128 7129/7129/7129 7130/7130/7130
f 7132/7132/7132 7133/7133/7133 7134/7134/7134
f 7136/7136/7136 7137/7137/7137 7138/7138/7138
f 7140/7140/7140 7141/7141/7141 7142/7142/7142
f 7144/7144/7144 7145/7145/7145 7146/7146/7146
f 7148/7148/7148 7149/7149/7149 7150/7150/7150
f 7153/7153/7153 7158/7158/7158 7156/7156/7156
f 7158/7158/7158 7161/7161/7161 7159/7159/7159
f 7161/7161/7161 7164/7164/7164 7162/7162/7162
f 7164/7164/7164 7167/7167/7167 7165/7165/7165
f 7167/7167/7167 7170/7170/7170 7168/7168/7168
f 7171/7171/7171 7156/7156/7156 7172/7172/7172
f 7173/7173/7173 7174/7174/7174 7175/7175/7175
f 7176/7176/7176 7177/7177/7177 7178/7178/7178
f 7179/7179/7179 7180/7180/7180 7181/7181/7181
f 7182/7182/7182 7183/7183/7183 7184/7184/7184
f 7154/7154/7154 7183/7183/7183 7168/7168/7168
f 7168/7168/7168 7180/7180/7180 7165/7165/7165
f 7162/7162/7162 7174/7174/7174 7159/7159/7159
f 7180/7180/7180 7177/7177/7177 7162/7162/7162
f 7188/7188/7188 7186/7186/7186 7192/7192/7192
f 7226/7226/7226 7227/7227/7227 7228/7228/7228
f 7230/7230/7230 7231/7231/7231 7232/7232/7232
f 7234/7234/7234 7235/7235/7235 7236/7236/7236
f 7238/7238/7238 7239/7239/7239 7240/7240/7240
f 7242/7242/7242 7243/7243/7243 7244/7244/7244
f 7246/7246/7246 7247/7247/7247 7248/7248/7248
f 7250/7250/7250 7251/7251/7251 7252/7252/7252
f 7255/7255/7255 7260/7260/7260 7258/7258/7258
f 7260/7260/7260 7263/7263/7263 7261/7261/7261
f 7263/7263/7263 7266/7266/7266 7264/7264/7264
f 7266/7266/7266 7269/7269/7269 7267/7267/7267
f 7269/7269/7269 7272/7272/7272 7270/7270/7270
f 7273/7273/7273 7258/7258/7258 7274/7274/7274
f 7275/7275/7275 7276/7276/7276 7277/7277/7277
f 7278/7278/7278 7279/7279/7279 7280/7280/7280
f 7281/7281/7281 7282/7282/7282 7283/7283/7283
f 7284/7284/7284 7285/7285/7285 7286/7286/7286
f 7256/7256/7256 7285/7285/7285 7270/7270/7270
f 7270/7270/7270 7282/7282/7282 7267/7267/7267
f 7264/7264/7264 7276/7276/7276 7261/7261/7261
f 7282/7282/7282 7279/7279/7279 7264/7264/7264
f 7290/7290/7290 7288/7288/7288 7294/7294/7294
f 7328/7328/7328 7329/7329/7329 7330/7330/7330
f 7332/7332/7332 7333/7333/7333 7334/7334/7334
f 7336/7336/7336 7337/7337/7337 7338/7338/7338
f 7340/7340/7340 7341/7341/7341 7342/7342/7342
f 7344/7344/7344 7345/7345/7345 7346/7346/7346
f 7348/7348/7348 7349/7349/7349 7350/7350/7350
f 7352/7352/7352 7353/7353/7353 7354/7354/7354
f 7357/7357/7357 7362/7362/7362 7360/7360/7360
f 7362/7362/7362 7365/7365/7365 7363/7363/7363
f 7365/7365/7365 7368/7368/7368 7366/7366/7366
f 7368/7368/7368 7371/7371/7371 7369/7369/7369
f 7371/7371/7371 7374/7374/7374 7372/7372/7372
f 7375/7375/7375 7360/7360/7360 7376/7376/7376
f 7377/7377/7377 7378/7378/7378 7379/7379/7379
f 7380/7380/7380 7381/7381/7381 7382/7382/7382
f 7383/7383/7383 7384/7384/7384 7385/7385/7385
f 7386/7386/7386 7387/7387/7387 7388/7388/7388
f 7358/7358/7358 7387/7387/7387 7372/7372/7372
f 7372/7372/7372 7384/7384/7384 7369/7369/7369
f 7366/7366/7366 7378/7378/7378 7363/7363/7363
f 7384/7384/7384 7381/7381/7381 7366/7366/7366
f 7392/7392/7392 7390/7390/7390 7396/7396/7396

