g mesh_forceflow0
v -7.510000 3.510000 1.250000
v -7.507071 3.502929 1.250000
v -7.507071 3.502929 4.250000
v -7.510000 3.510000 4.250000
v -7.507071 3.502929 1.250000
v -7.500000 3.500001 1.250000
v -7.500000 3.500001 4.250000
v -7.507071 3.502929 4.250000
v -7.500000 3.500001 1.250000
v -7.492929 3.502929 1.250000
v -7.492929 3.502929 4.250000
v -7.500000 3.500001 4.250000
v -7.492929 3.502929 1.250000
v -7.490000 3.510000 1.250000
v -7.490000 3.510000 4.250000
v -7.492929 3.502929 4.250000
v -7.490000 3.510000 1.250000
v -7.492929 3.517071 1.250000
v -7.492929 3.517071 4.250000
v -7.490000 3.510000 4.250000
v -7.492929 3.517071 1.250000
v -7.500000 3.520000 1.250000
v -7.500000 3.520000 4.250000
v -7.492929 3.517071 4.250000
v -7.500000 3.520000 1.250000
v -7.507071 3.517071 1.250000
v -7.507071 3.517071 4.250000
v -7.500000 3.520000 4.250000
v -7.507071 3.517071 1.250000
v -7.510000 3.510000 1.250000
v -7.510000 3.510000 4.250000
v -7.507071 3.517071 4.250000
v -7.500000 3.500001 1.250000
v -7.490000 3.510000 1.250000
v -7.492929 3.502929 1.250000
v -7.507071 3.502929 1.250000
v -7.510000 3.510000 1.250000
v -7.500000 3.520000 1.250000
v -7.507071 3.517071 1.250000
v -7.492929 3.517071 1.250000
v -7.500000 3.500001 4.250000
v -7.492929 3.502929 4.250000
v -7.490000 3.510000 4.250000
v -7.510000 3.510000 4.250000
v -7.507071 3.502929 4.250000
v -7.500000 3.520000 4.250000
v -7.507071 3.517071 4.250000
v -7.492929 3.517071 4.250000
v -7.490000 3.510000 4.250000
v -7.490000 3.510000 5.150000
v -7.492929 3.502928 5.150000
v -7.492929 3.502929 4.250000
v -7.492929 3.502929 4.250000
v -7.492929 3.502928 5.150000
v -7.500000 3.500000 5.150000
v -7.500000 3.500001 4.250000
v -7.500000 3.500001 4.250000
v -7.500000 3.500000 5.150000
v -7.507071 3.502928 5.150000
v -7.507071 3.502929 4.250000
v -7.507071 3.502929 4.250000
v -7.507071 3.502928 5.150000
v -7.510000 3.510000 5.150000
v -7.510000 3.510000 4.250000
v -7.510000 3.510000 4.250000
v -7.510000 3.510000 5.150000
v -7.507071 3.517071 5.150000
v -7.507071 3.517071 4.250000
v -7.507071 3.517071 4.250000
v -7.507071 3.517071 5.150000
v -7.500000 3.519999 5.150000
v -7.500000 3.520000 4.250000
v -7.500000 3.520000 4.250000
v -7.500000 3.519999 5.150000
v -7.492929 3.517071 5.150000
v -7.492929 3.517071 4.250000
v -7.491465 3.513535 4.250000
v -7.492197 3.515303 4.250000
v -7.492197 3.515303 4.700000
v -7.491465 3.513535 4.700000
v -7.492563 3.516186 4.700000
v -7.492563 3.516186 4.925000
v -7.492197 3.515303 4.925000
v -7.492746 3.516629 4.925000
v -7.492746 3.516629 5.037500
v -7.492563 3.516186 5.037500
v -7.492837 3.516849 5.037500
v -7.492837 3.516849 5.093750
v -7.492746 3.516629 5.093750
v -7.492883 3.516960 5.093750
v -7.492883 3.516960 5.121875
v -7.492837 3.516849 5.121875
v -7.490732 3.511767 4.250000
v -7.490732 3.511767 4.700000
v -7.490366 3.510883 4.700000
v -7.490732 3.511767 4.925000
v -7.490366 3.510883 4.925000
v -7.490183 3.510442 4.925000
v -7.490366 3.510883 5.037500
v -7.490183 3.510442 5.037500
v -7.490091 3.510220 5.037500
v -7.490183 3.510442 5.093750
v -7.490091 3.510220 5.093750
v -7.490046 3.510110 5.093750
v -7.490091 3.510220 5.121875
v -7.490046 3.510110 5.121875
v -7.492929 3.517071 5.150000
v -7.490000 3.510000 5.150000
v -7.492929 3.517071 4.250000
v -7.490000 3.510000 4.250000
v -7.490000 3.510000 5.150000
v -7.507071 3.502928 5.150000
v -7.500000 3.500000 5.150000
v -7.492929 3.502928 5.150000
v -7.492929 3.517071 5.150000
v -7.510000 3.510000 5.150000
v -7.500000 3.519999 5.150000
v -7.507071 3.517071 5.150000
v -7.560000 3.510000 5.150000
v -7.500000 3.570000 5.150000
v -7.457574 3.552426 5.150000
v -7.542426 3.552426 5.150000
v -7.440000 3.510000 5.150000
v -7.500000 3.450000 5.150000
v -7.457574 3.467574 5.150000
v -7.542426 3.467574 5.150000
v -7.500000 3.510000 5.250000
v -7.542426 3.552426 5.150000
v -7.560000 3.510000 5.150000
v -7.500000 3.510000 5.250000
v -7.560000 3.510000 5.150000
v -7.542426 3.467574 5.150000
v -7.500000 3.510000 5.250000
v -7.542426 3.467574 5.150000
v -7.500000 3.450000 5.150000
v -7.500000 3.510000 5.250000
v -7.500000 3.450000 5.150000
v -7.457574 3.467574 5.150000
v -7.500000 3.510000 5.250000
v -7.500000 3.570000 5.150000
v -7.542426 3.552426 5.150000
v -7.500000 3.510000 5.250000
v -7.457574 3.552426 5.150000
v -7.500000 3.570000 5.150000
v -7.500000 3.510000 5.250000
v -7.440000 3.510000 5.150000
v -7.457574 3.552426 5.150000
v -7.500000 3.510000 5.250000
v -7.457574 3.467574 5.150000
v -7.440000 3.510000 5.150000
v -7.490000 3.510000 1.250000
v -7.490000 3.510000 0.350000
v -7.492929 3.517071 0.350000
v -7.492929 3.517071 1.250000
v -7.492929 3.517071 1.250000
v -7.492929 3.517071 0.350000
v -7.500000 3.520000 0.350000
v -7.500000 3.520000 1.250000
v -7.500000 3.520000 1.250000
v -7.500000 3.520000 0.350000
v -7.507071 3.517071 0.350000
v -7.507071 3.517071 1.250000
v -7.507071 3.517071 1.250000
v -7.507071 3.517071 0.350000
v -7.510000 3.510000 0.350000
v -7.510000 3.510000 1.250000
v -7.510000 3.510000 1.250000
v -7.510000 3.510000 0.350000
v -7.507071 3.502929 0.350000
v -7.507071 3.502929 1.250000
v -7.507071 3.502929 1.250000
v -7.507071 3.502929 0.350000
v -7.500000 3.500001 0.350000
v -7.500000 3.500001 1.250000
v -7.500000 3.500001 1.250000
v -7.500000 3.500001 0.350000
v -7.492929 3.502929 0.350000
v -7.492929 3.502929 1.250000
v -7.491465 3.506465 1.250000
v -7.492197 3.504697 1.250000
v -7.492197 3.504697 0.800000
v -7.491465 3.506465 0.800000
v -7.492563 3.503814 0.800000
v -7.492563 3.503814 0.575000
v -7.492197 3.504697 0.575000
v -7.492746 3.503371 0.575000
v -7.492746 3.503371 0.462500
v -7.492563 3.503814 0.462500
v -7.492837 3.503151 0.462500
v -7.492837 3.503151 0.406250
v -7.492746 3.503371 0.406250
v -7.492883 3.503040 0.406250
v -7.492883 3.503040 0.378125
v -7.492837 3.503151 0.378125
v -7.490732 3.508233 1.250000
v -7.490732 3.508233 0.800000
v -7.490366 3.509117 0.800000
v -7.490732 3.508233 0.575000
v -7.490366 3.509117 0.575000
v -7.490183 3.509558 0.575000
v -7.490366 3.509117 0.462500
v -7.490183 3.509558 0.462500
v -7.490091 3.509780 0.462500
v -7.490183 3.509558 0.406250
v -7.490091 3.509780 0.406250
v -7.490046 3.509890 0.406250
v -7.490091 3.509780 0.378125
v -7.490046 3.509890 0.378125
v -7.492929 3.502929 0.350000
v -7.490000 3.510000 0.350000
v -7.492929 3.502929 1.250000
v -7.490000 3.510000 1.250000
v -7.490000 3.510000 0.350000
v -7.507071 3.517071 0.350000
v -7.500000 3.520000 0.350000
v -7.492929 3.517071 0.350000
v -7.492929 3.502929 0.350000
v -7.510000 3.510000 0.350000
v -7.500000 3.500001 0.350000
v -7.507071 3.502929 0.350000
v -7.560000 3.510000 0.350000
v -7.500000 3.450000 0.350000
v -7.457574 3.467574 0.350000
v -7.542426 3.467574 0.350000
v -7.440000 3.510000 0.350000
v -7.500000 3.570000 0.350000
v -7.457574 3.552426 0.350000
v -7.542426 3.552426 0.350000
v -7.500000 3.510000 0.250000
v -7.542426 3.467574 0.350000
v -7.560000 3.510000 0.350000
v -7.500000 3.510000 0.250000
v -7.560000 3.510000 0.350000
v -7.542426 3.552426 0.350000
v -7.500000 3.510000 0.250000
v -7.542426 3.552426 0.350000
v -7.500000 3.570000 0.350000
v -7.500000 3.510000 0.250000
v -7.500000 3.570000 0.350000
v -7.457574 3.552426 0.350000
v -7.500000 3.510000 0.250000
v -7.500000 3.450000 0.350000
v -7.542426 3.467574 0.350000
v -7.500000 3.510000 0.250000
v -7.457574 3.467574 0.350000
v -7.500000 3.450000 0.350000
v -7.500000 3.510000 0.250000
v -7.440000 3.510000 0.350000
v -7.457574 3.467574 0.350000
v -7.500000 3.510000 0.250000
v -7.457574 3.552426 0.350000
v -7.440000 3.510000 0.350000
v -6.510000 3.510000 1.250000
v -6.507071 3.502929 1.250000
v -6.507071 3.502929 4.250000
v -6.510000 3.510000 4.250000
v -6.507071 3.502929 1.250000
v -6.500000 3.500001 1.250000
v -6.500000 3.500001 4.250000
v -6.507071 3.502929 4.250000
v -6.500000 3.500001 1.250000
v -6.492929 3.502929 1.250000
v -6.492929 3.502929 4.250000
v -6.500000 3.500001 4.250000
v -6.492929 3.502929 1.250000
v -6.490000 3.510000 1.250000
v -6.490000 3.510000 4.250000
v -6.492929 3.502929 4.250000
v -6.490000 3.510000 1.250000
v -6.492929 3.517071 1.250000
v -6.492929 3.517071 4.250000
v -6.490000 3.510000 4.250000
v -6.492929 3.517071 1.250000
v -6.500000 3.520000 1.250000
v -6.500000 3.520000 4.250000
v -6.492929 3.517071 4.250000
v -6.500000 3.520000 1.250000
v -6.507071 3.517071 1.250000
v -6.507071 3.517071 4.250000
v -6.500000 3.520000 4.250000
v -6.507071 3.517071 1.250000
v -6.510000 3.510000 1.250000
v -6.510000 3.510000 4.250000
v -6.507071 3.517071 4.250000
v -6.500000 3.500001 1.250000
v -6.490000 3.510000 1.250000
v -6.492929 3.502929 1.250000
v -6.507071 3.502929 1.250000
v -6.510000 3.510000 1.250000
v -6.500000 3.520000 1.250000
v -6.507071 3.517071 1.250000
v -6.492929 3.517071 1.250000
v -6.500000 3.500001 4.250000
v -6.492929 3.502929 4.250000
v -6.490000 3.510000 4.250000
v -6.510000 3.510000 4.250000
v -6.507071 3.502929 4.250000
v -6.500000 3.520000 4.250000
v -6.507071 3.517071 4.250000
v -6.492929 3.517071 4.250000
v -6.490000 3.510000 4.250000
v -6.490000 3.510000 5.150000
v -6.492929 3.502928 5.150000
v -6.492929 3.502929 4.250000
v -6.492929 3.502929 4.250000
v -6.492929 3.502928 5.150000
v -6.500000 3.500000 5.150000
v -6.500000 3.500001 4.250000
v -6.500000 3.500001 4.250000
v -6.500000 3.500000 5.150000
v -6.507071 3.502928 5.150000
v -6.507071 3.502929 4.250000
v -6.507071 3.502929 4.250000
v -6.507071 3.502928 5.150000
v -6.510000 3.510000 5.150000
v -6.510000 3.510000 4.250000
v -6.510000 3.510000 4.250000
v -6.510000 3.510000 5.150000
v -6.507071 3.517071 5.150000
v -6.507071 3.517071 4.250000
v -6.507071 3.517071 4.250000
v -6.507071 3.517071 5.150000
v -6.500000 3.519999 5.150000
v -6.500000 3.520000 4.250000
v -6.500000 3.520000 4.250000
v -6.500000 3.519999 5.150000
v -6.492929 3.517071 5.150000
v -6.492929 3.517071 4.250000
v -6.491465 3.513535 4.250000
v -6.492197 3.515303 4.250000
v -6.492197 3.515303 4.700000
v -6.491465 3.513535 4.700000
v -6.492563 3.516186 4.700000
v -6.492563 3.516186 4.925000
v -6.492197 3.515303 4.925000
v -6.492746 3.516629 4.925000
v -6.492746 3.516629 5.037500
v -6.492563 3.516186 5.037500
v -6.492837 3.516849 5.037500
v -6.492837 3.516849 5.093750
v -6.492746 3.516629 5.093750
v -6.492883 3.516960 5.093750
v -6.492883 3.516960 5.121875
v -6.492837 3.516849 5.121875
v -6.490732 3.511767 4.250000
v -6.490732 3.511767 4.700000
v -6.490366 3.510883 4.700000
v -6.490732 3.511767 4.925000
v -6.490366 3.510883 4.925000
v -6.490183 3.510442 4.925000
v -6.490366 3.510883 5.037500
v -6.490183 3.510442 5.037500
v -6.490091 3.510220 5.037500
v -6.490183 3.510442 5.093750
v -6.490091 3.510220 5.093750
v -6.490046 3.510110 5.093750
v -6.490091 3.510220 5.121875
v -6.490046 3.510110 5.121875
v -6.492929 3.517071 5.150000
v -6.490000 3.510000 5.150000
v -6.492929 3.517071 4.250000
v -6.490000 3.510000 4.250000
v -6.490000 3.510000 5.150000
v -6.507071 3.502928 5.150000
v -6.500000 3.500000 5.150000
v -6.492929 3.502928 5.150000
v -6.492929 3.517071 5.150000
v -6.510000 3.510000 5.150000
v -6.500000 3.519999 5.150000
v -6.507071 3.517071 5.150000
v -6.560000 3.510000 5.150000
v -6.500000 3.570000 5.150000
v -6.457574 3.552426 5.150000
v -6.542426 3.552426 5.150000
v -6.440000 3.510000 5.150000
v -6.500000 3.450000 5.150000
v -6.457574 3.467574 5.150000
v -6.542426 3.467574 5.150000
v -6.500000 3.510000 5.250000
v -6.542426 3.552426 5.150000
v -6.560000 3.510000 5.150000
v -6.500000 3.510000 5.250000
v -6.560000 3.510000 5.150000
v -6.542426 3.467574 5.150000
v -6.500000 3.510000 5.250000
v -6.542426 3.467574 5.150000
v -6.500000 3.450000 5.150000
v -6.500000 3.510000 5.250000
v -6.500000 3.450000 5.150000
v -6.457574 3.467574 5.150000
v -6.500000 3.510000 5.250000
v -6.500000 3.570000 5.150000
v -6.542426 3.552426 5.150000
v -6.500000 3.510000 5.250000
v -6.457574 3.552426 5.150000
v -6.500000 3.570000 5.150000
v -6.500000 3.510000 5.250000
v -6.440000 3.510000 5.150000
v -6.457574 3.552426 5.150000
v -6.500000 3.510000 5.250000
v -6.457574 3.467574 5.150000
v -6.440000 3.510000 5.150000
v -6.490000 3.510000 1.250000
v -6.490000 3.510000 0.350000
v -6.492929 3.517071 0.350000
v -6.492929 3.517071 1.250000
v -6.492929 3.517071 1.250000
v -6.492929 3.517071 0.350000
v -6.500000 3.520000 0.350000
v -6.500000 3.520000 1.250000
v -6.500000 3.520000 1.250000
v -6.500000 3.520000 0.350000
v -6.507071 3.517071 0.350000
v -6.507071 3.517071 1.250000
v -6.507071 3.517071 1.250000
v -6.507071 3.517071 0.350000
v -6.510000 3.510000 0.350000
v -6.510000 3.510000 1.250000
v -6.510000 3.510000 1.250000
v -6.510000 3.510000 0.350000
v -6.507071 3.502929 0.350000
v -6.507071 3.502929 1.250000
v -6.507071 3.502929 1.250000
v -6.507071 3.502929 0.350000
v -6.500000 3.500001 0.350000
v -6.500000 3.500001 1.250000
v -6.500000 3.500001 1.250000
v -6.500000 3.500001 0.350000
v -6.492929 3.502929 0.350000
v -6.492929 3.502929 1.250000
v -6.491465 3.506465 1.250000
v -6.492197 3.504697 1.250000
v -6.492197 3.504697 0.800000
v -6.491465 3.506465 0.800000
v -6.492563 3.503814 0.800000
v -6.492563 3.503814 0.575000
v -6.492197 3.504697 0.575000
v -6.492746 3.503371 0.575000
v -6.492746 3.503371 0.462500
v -6.492563 3.503814 0.462500
v -6.492837 3.503151 0.462500
v -6.492837 3.503151 0.406250
v -6.492746 3.503371 0.406250
v -6.492883 3.503040 0.406250
v -6.492883 3.503040 0.378125
v -6.492837 3.503151 0.378125
v -6.490732 3.508233 1.250000
v -6.490732 3.508233 0.800000
v -6.490366 3.509117 0.800000
v -6.490732 3.508233 0.575000
v -6.490366 3.509117 0.575000
v -6.490183 3.509558 0.575000
v -6.490366 3.509117 0.462500
v -6.490183 3.509558 0.462500
v -6.490091 3.509780 0.462500
v -6.490183 3.509558 0.406250
v -6.490091 3.509780 0.406250
v -6.490046 3.509890 0.406250
v -6.490091 3.509780 0.378125
v -6.490046 3.509890 0.378125
v -6.492929 3.502929 0.350000
v -6.490000 3.510000 0.350000
v -6.492929 3.502929 1.250000
v -6.490000 3.510000 1.250000
v -6.490000 3.510000 0.350000
v -6.507071 3.517071 0.350000
v -6.500000 3.520000 0.350000
v -6.492929 3.517071 0.350000
v -6.492929 3.502929 0.350000
v -6.510000 3.510000 0.350000
v -6.500000 3.500001 0.350000
v -6.507071 3.502929 0.350000
v -6.560000 3.510000 0.350000
v -6.500000 3.450000 0.350000
v -6.457574 3.467574 0.350000
v -6.542426 3.467574 0.350000
v -6.440000 3.510000 0.350000
v -6.500000 3.570000 0.350000
v -6.457574 3.552426 0.350000
v -6.542426 3.552426 0.350000
v -6.500000 3.510000 0.250000
v -6.542426 3.467574 0.350000
v -6.560000 3.510000 0.350000
v -6.500000 3.510000 0.250000
v -6.560000 3.510000 0.350000
v -6.542426 3.552426 0.350000
v -6.500000 3.510000 0.250000
v -6.542426 3.552426 0.350000
v -6.500000 3.570000 0.350000
v -6.500000 3.510000 0.250000
v -6.500000 3.570000 0.350000
v -6.457574 3.552426 0.350000
v -6.500000 3.510000 0.250000
v -6.500000 3.450000 0.350000
v -6.542426 3.467574 0.350000
v -6.500000 3.510000 0.250000
v -6.457574 3.467574 0.350000
v -6.500000 3.450000 0.350000
v -6.500000 3.510000 0.250000
v -6.440000 3.510000 0.350000
v -6.457574 3.467574 0.350000
v -6.500000 3.510000 0.250000
v -6.457574 3.552426 0.350000
v -6.440000 3.510000 0.350000
v -5.510000 3.510000 1.250000
v -5.507071 3.502929 1.250000
v -5.507071 3.502929 4.250000
v -5.510000 3.510000 4.250000
v -5.507071 3.502929 1.250000
v -5.500000 3.500001 1.250000
v -5.500000 3.500001 4.250000
v -5.507071 3.502929 4.250000
v -5.500000 3.500001 1.250000
v -5.492929 3.502929 1.250000
v -5.492929 3.502929 4.250000
v -5.500000 3.500001 4.250000
v -5.492929 3.502929 1.250000
v -5.490000 3.510000 1.250000
v -5.490000 3.510000 4.250000
v -5.492929 3.502929 4.250000
v -5.490000 3.510000 1.250000
v -5.492929 3.517071 1.250000
v -5.492929 3.517071 4.250000
v -5.490000 3.510000 4.250000
v -5.492929 3.517071 1.250000
v -5.500000 3.520000 1.250000
v -5.500000 3.520000 4.250000
v -5.492929 3.517071 4.250000
v -5.500000 3.520000 1.250000
v -5.507071 3.517071 1.250000
v -5.507071 3.517071 4.250000
v -5.500000 3.520000 4.250000
v -5.507071 3.517071 1.250000
v -5.510000 3.510000 1.250000
v -5.510000 3.510000 4.250000
v -5.507071 3.517071 4.250000
v -5.500000 3.500001 1.250000
v -5.490000 3.510000 1.250000
v -5.492929 3.502929 1.250000
v -5.507071 3.502929 1.250000
v -5.510000 3.510000 1.250000
v -5.500000 3.520000 1.250000
v -5.507071 3.517071 1.250000
v -5.492929 3.517071 1.250000
v -5.500000 3.500001 4.250000
v -5.492929 3.502929 4.250000
v -5.490000 3.510000 4.250000
v -5.510000 3.510000 4.250000
v -5.507071 3.502929 4.250000
v -5.500000 3.520000 4.250000
v -5.507071 3.517071 4.250000
v -5.492929 3.517071 4.250000
v -5.490000 3.510000 4.250000
v -5.490000 3.510000 5.150000
v -5.492929 3.502928 5.150000
v -5.492929 3.502929 4.250000
v -5.492929 3.502929 4.250000
v -5.492929 3.502928 5.150000
v -5.500000 3.500000 5.150000
v -5.500000 3.500001 4.250000
v -5.500000 3.500001 4.250000
v -5.500000 3.500000 5.150000
v -5.507071 3.502928 5.150000
v -5.507071 3.502929 4.250000
v -5.507071 3.502929 4.250000
v -5.507071 3.502928 5.150000
v -5.510000 3.510000 5.150000
v -5.510000 3.510000 4.250000
v -5.510000 3.510000 4.250000
v -5.510000 3.510000 5.150000
v -5.507071 3.517071 5.150000
v -5.507071 3.517071 4.250000
v -5.507071 3.517071 4.250000
v -5.507071 3.517071 5.150000
v -5.500000 3.519999 5.150000
v -5.500000 3.520000 4.250000
v -5.500000 3.520000 4.250000
v -5.500000 3.519999 5.150000
v -5.492929 3.517071 5.150000
v -5.492929 3.517071 4.250000
v -5.491465 3.513535 4.250000
v -5.492197 3.515303 4.250000
v -5.492197 3.515303 4.700000
v -5.491465 3.513535 4.700000
v -5.492563 3.516186 4.700000
v -5.492563 3.516186 4.925000
v -5.492197 3.515303 4.925000
v -5.492746 3.516629 4.925000
v -5.492746 3.516629 5.037500
v -5.492563 3.516186 5.037500
v -5.492837 3.516849 5.037500
v -5.492837 3.516849 5.093750
v -5.492746 3.516629 5.093750
v -5.492883 3.516960 5.093750
v -5.492883 3.516960 5.121875
v -5.492837 3.516849 5.121875
v -5.490732 3.511767 4.250000
v -5.490732 3.511767 4.700000
v -5.490366 3.510883 4.700000
v -5.490732 3.511767 4.925000
v -5.490366 3.510883 4.925000
v -5.490183 3.510442 4.925000
v -5.490366 3.510883 5.037500
v -5.490183 3.510442 5.037500
v -5.490091 3.510220 5.037500
v -5.490183 3.510442 5.093750
v -5.490091 3.510220 5.093750
v -5.490046 3.510110 5.093750
v -5.490091 3.510220 5.121875
v -5.490046 3.510110 5.121875
v -5.492929 3.517071 5.150000
v -5.490000 3.510000 5.150000
v -5.492929 3.517071 4.250000
v -5.490000 3.510000 4.250000
v -5.490000 3.510000 5.150000
v -5.507071 3.502928 5.150000
v -5.500000 3.500000 5.150000
v -5.492929 3.502928 5.150000
v -5.492929 3.517071 5.150000
v -5.510000 3.510000 5.150000
v -5.500000 3.519999 5.150000
v -5.507071 3.517071 5.150000
v -5.560000 3.510000 5.150000
v -5.500000 3.570000 5.150000
v -5.457574 3.552426 5.150000
v -5.542426 3.552426 5.150000
v -5.440000 3.510000 5.150000
v -5.500000 3.450000 5.150000
v -5.457574 3.467574 5.150000
v -5.542426 3.467574 5.150000
v -5.500000 3.510000 5.250000
v -5.542426 3.552426 5.150000
v -5.560000 3.510000 5.150000
v -5.500000 3.510000 5.250000
v -5.560000 3.510000 5.150000
v -5.542426 3.467574 5.150000
v -5.500000 3.510000 5.250000
v -5.542426 3.467574 5.150000
v -5.500000 3.450000 5.150000
v -5.500000 3.510000 5.250000
v -5.500000 3.450000 5.150000
v -5.457574 3.467574 5.150000
v -5.500000 3.510000 5.250000
v -5.500000 3.570000 5.150000
v -5.542426 3.552426 5.150000
v -5.500000 3.510000 5.250000
v -5.457574 3.552426 5.150000
v -5.500000 3.570000 5.150000
v -5.500000 3.510000 5.250000
v -5.440000 3.510000 5.150000
v -5.457574 3.552426 5.150000
v -5.500000 3.510000 5.250000
v -5.457574 3.467574 5.150000
v -5.440000 3.510000 5.150000
v -5.490000 3.510000 1.250000
v -5.490000 3.510000 0.350000
v -5.492929 3.517071 0.350000
v -5.492929 3.517071 1.250000
v -5.492929 3.517071 1.250000
v -5.492929 3.517071 0.350000
v -5.500000 3.520000 0.350000
v -5.500000 3.520000 1.250000
v -5.500000 3.520000 1.250000
v -5.500000 3.520000 0.350000
v -5.507071 3.517071 0.350000
v -5.507071 3.517071 1.250000
v -5.507071 3.517071 1.250000
v -5.507071 3.517071 0.350000
v -5.510000 3.510000 0.350000
v -5.510000 3.510000 1.250000
v -5.510000 3.510000 1.250000
v -5.510000 3.510000 0.350000
v -5.507071 3.502929 0.350000
v -5.507071 3.502929 1.250000
v -5.507071 3.502929 1.250000
v -5.507071 3.502929 0.350000
v -5.500000 3.500001 0.350000
v -5.500000 3.500001 1.250000
v -5.500000 3.500001 1.250000
v -5.500000 3.500001 0.350000
v -5.492929 3.502929 0.350000
v -5.492929 3.502929 1.250000
v -5.491465 3.506465 1.250000
v -5.492197 3.504697 1.250000
v -5.492197 3.504697 0.800000
v -5.491465 3.506465 0.800000
v -5.492563 3.503814 0.800000
v -5.492563 3.503814 0.575000
v -5.492197 3.504697 0.575000
v -5.492746 3.503371 0.575000
v -5.492746 3.503371 0.462500
v -5.492563 3.503814 0.462500
v -5.492837 3.503151 0.462500
v -5.492837 3.503151 0.406250
v -5.492746 3.503371 0.406250
v -5.492883 3.503040 0.406250
v -5.492883 3.503040 0.378125
v -5.492837 3.503151 0.378125
v -5.490732 3.508233 1.250000
v -5.490732 3.508233 0.800000
v -5.490366 3.509117 0.800000
v -5.490732 3.508233 0.575000
v -5.490366 3.509117 0.575000
v -5.490183 3.509558 0.575000
v -5.490366 3.509117 0.462500
v -5.490183 3.509558 0.462500
v -5.490091 3.509780 0.462500
v -5.490183 3.509558 0.406250
v -5.490091 3.509780 0.406250
v -5.490046 3.509890 0.406250
v -5.490091 3.509780 0.378125
v -5.490046 3.509890 0.378125
v -5.492929 3.502929 0.350000
v -5.490000 3.510000 0.350000
v -5.492929 3.502929 1.250000
v -5.490000 3.510000 1.250000
v -5.490000 3.510000 0.350000
v -5.507071 3.517071 0.350000
v -5.500000 3.520000 0.350000
v -5.492929 3.517071 0.350000
v -5.492929 3.502929 0.350000
v -5.510000 3.510000 0.350000
v -5.500000 3.500001 0.350000
v -5.507071 3.502929 0.350000
v -5.560000 3.510000 0.350000
v -5.500000 3.450000 0.350000
v -5.457574 3.467574 0.350000
v -5.542426 3.467574 0.350000
v -5.440000 3.510000 0.350000
v -5.500000 3.570000 0.350000
v -5.457574 3.552426 0.350000
v -5.542426 3.552426 0.350000
v -5.500000 3.510000 0.250000
v -5.542426 3.467574 0.350000
v -5.560000 3.510000 0.350000
v -5.500000 3.510000 0.250000
v -5.560000 3.510000 0.350000
v -5.542426 3.552426 0.350000
v -5.500000 3.510000 0.250000
v -5.542426 3.552426 0.350000
v -5.500000 3.570000 0.350000
v -5.500000 3.510000 0.250000
v -5.500000 3.570000 0.350000
v -5.457574 3.552426 0.350000
v -5.500000 3.510000 0.250000
v -5.500000 3.450000 0.350000
v -5.542426 3.467574 0.350000
v -5.500000 3.510000 0.250000
v -5.457574 3.467574 0.350000
v -5.500000 3.450000 0.350000
v -5.500000 3.510000 0.250000
v -5.440000 3.510000 0.350000
v -5.457574 3.467574 0.350000
v -5.500000 3.510000 0.250000
v -5.457574 3.552426 0.350000
v -5.440000 3.510000 0.350000
v -2.510000 3.510000 1.250000
v -2.507071 3.502929 1.250000
v -2.507071 3.502929 4.250000
v -2.510000 3.510000 4.250000
v -2.507071 3.502929 1.250000
v -2.500000 3.500001 1.250000
v -2.500000 3.500001 4.250000
v -2.507071 3.502929 4.250000
v -2.500000 3.500001 1.250000
v -2.492929 3.502929 1.250000
v -2.492929 3.502929 4.250000
v -2.500000 3.500001 4.250000
v -2.492929 3.502929 1.250000
v -2.490000 3.510000 1.250000
v -2.490000 3.510000 4.250000
v -2.492929 3.502929 4.250000
v -2.490000 3.510000 1.250000
v -2.492929 3.517071 1.250000
v -2.492929 3.517071 4.250000
v -2.490000 3.510000 4.250000
v -2.492929 3.517071 1.250000
v -2.500000 3.520000 1.250000
v -2.500000 3.520000 4.250000
v -2.492929 3.517071 4.250000
v -2.500000 3.520000 1.250000
v -2.507071 3.517071 1.250000
v -2.507071 3.517071 4.250000
v -2.500000 3.520000 4.250000
v -2.507071 3.517071 1.250000
v -2.510000 3.510000 1.250000
v -2.510000 3.510000 4.250000
v -2.507071 3.517071 4.250000
v -2.500000 3.500001 1.250000
v -2.490000 3.510000 1.250000
v -2.492929 3.502929 1.250000
v -2.507071 3.502929 1.250000
v -2.510000 3.510000 1.250000
v -2.500000 3.520000 1.250000
v -2.507071 3.517071 1.250000
v -2.492929 3.517071 1.250000
v -2.500000 3.500001 4.250000
v -2.492929 3.502929 4.250000
v -2.490000 3.510000 4.250000
v -2.510000 3.510000 4.250000
v -2.507071 3.502929 4.250000
v -2.500000 3.520000 4.250000
v -2.507071 3.517071 4.250000
v -2.492929 3.517071 4.250000
v -2.490000 3.510000 4.250000
v -2.490000 3.510000 5.150000
v -2.492929 3.502928 5.150000
v -2.492929 3.502929 4.250000
v -2.492929 3.502929 4.250000
v -2.492929 3.502928 5.150000
v -2.500000 3.500000 5.150000
v -2.500000 3.500001 4.250000
v -2.500000 3.500001 4.250000
v -2.500000 3.500000 5.150000
v -2.507071 3.502928 5.150000
v -2.507071 3.502929 4.250000
v -2.507071 3.502929 4.250000
v -2.507071 3.502928 5.150000
v -2.510000 3.510000 5.150000
v -2.510000 3.510000 4.250000
v -2.510000 3.510000 4.250000
v -2.510000 3.510000 5.150000
v -2.507071 3.517071 5.150000
v -2.507071 3.517071 4.250000
v -2.507071 3.517071 4.250000
v -2.507071 3.517071 5.150000
v -2.500000 3.519999 5.150000
v -2.500000 3.520000 4.250000
v -2.500000 3.520000 4.250000
v -2.500000 3.519999 5.150000
v -2.492929 3.517071 5.150000
v -2.492929 3.517071 4.250000
v -2.491465 3.513535 4.250000
v -2.492197 3.515303 4.250000
v -2.492197 3.515303 4.700000
v -2.491465 3.513535 4.700000
v -2.492563 3.516186 4.700000
v -2.492563 3.516186 4.925000
v -2.492197 3.515303 4.925000
v -2.492746 3.516629 4.925000
v -2.492746 3.516629 5.037500
v -2.492563 3.516186 5.037500
v -2.492837 3.516849 5.037500
v -2.492837 3.516849 5.093750
v -2.492746 3.516629 5.093750
v -2.492883 3.516960 5.093750
v -2.492883 3.516960 5.121875
v -2.492837 3.516849 5.121875
v -2.490732 3.511767 4.250000
v -2.490732 3.511767 4.700000
v -2.490366 3.510883 4.700000
v -2.490732 3.511767 4.925000
v -2.490366 3.510883 4.925000
v -2.490183 3.510442 4.925000
v -2.490366 3.510883 5.037500
v -2.490183 3.510442 5.037500
v -2.490092 3.510220 5.037500
v -2.490183 3.510442 5.093750
v -2.490092 3.510220 5.093750
v -2.490046 3.510110 5.093750
v -2.490092 3.510220 5.121875
v -2.490046 3.510110 5.121875
v -2.492929 3.517071 5.150000
v -2.490000 3.510000 5.150000
v -2.492929 3.517071 4.250000
v -2.490000 3.510000 4.250000
v -2.490000 3.510000 5.150000
v -2.507071 3.502928 5.150000
v -2.500000 3.500000 5.150000
v -2.492929 3.502928 5.150000
v -2.492929 3.517071 5.150000
v -2.510000 3.510000 5.150000
v -2.500000 3.519999 5.150000
v -2.507071 3.517071 5.150000
v -2.560000 3.510000 5.150000
v -2.500000 3.570000 5.150000
v -2.457574 3.552426 5.150000
v -2.542426 3.552426 5.150000
v -2.440000 3.510000 5.150000
v -2.500000 3.450000 5.150000
v -2.457574 3.467574 5.150000
v -2.542426 3.467574 5.150000
v -2.500000 3.510000 5.250000
v -2.542426 3.552426 5.150000
v -2.560000 3.510000 5.150000
v -2.500000 3.510000 5.250000
v -2.560000 3.510000 5.150000
v -2.542426 3.467574 5.150000
v -2.500000 3.510000 5.250000
v -2.542426 3.467574 5.150000
v -2.500000 3.450000 5.150000
v -2.500000 3.510000 5.250000
v -2.500000 3.450000 5.150000
v -2.457574 3.467574 5.150000
v -2.500000 3.510000 5.250000
v -2.500000 3.570000 5.150000
v -2.542426 3.552426 5.150000
v -2.500000 3.510000 5.250000
v -2.457574 3.552426 5.150000
v -2.500000 3.570000 5.150000
v -2.500000 3.510000 5.250000
v -2.440000 3.510000 5.150000
v -2.457574 3.552426 5.150000
v -2.500000 3.510000 5.250000
v -2.457574 3.467574 5.150000
v -2.440000 3.510000 5.150000
v -2.490000 3.510000 1.250000
v -2.490000 3.510000 0.350000
v -2.492929 3.517071 0.350000
v -2.492929 3.517071 1.250000
v -2.492929 3.517071 1.250000
v -2.492929 3.517071 0.350000
v -2.500000 3.520000 0.350000
v -2.500000 3.520000 1.250000
v -2.500000 3.520000 1.250000
v -2.500000 3.520000 0.350000
v -2.507071 3.517071 0.350000
v -2.507071 3.517071 1.250000
v -2.507071 3.517071 1.250000
v -2.507071 3.517071 0.350000
v -2.510000 3.510000 0.350000
v -2.510000 3.510000 1.250000
v -2.510000 3.510000 1.250000
v -2.510000 3.510000 0.350000
v -2.507071 3.502929 0.350000
v -2.507071 3.502929 1.250000
v -2.507071 3.502929 1.250000
v -2.507071 3.502929 0.350000
v -2.500000 3.500001 0.350000
v -2.500000 3.500001 1.250000
v -2.500000 3.500001 1.250000
v -2.500000 3.500001 0.350000
v -2.492929 3.502929 0.350000
v -2.492929 3.502929 1.250000
v -2.491465 3.506465 1.250000
v -2.492197 3.504697 1.250000
v -2.492197 3.504697 0.800000
v -2.491465 3.506465 0.800000
v -2.492563 3.503814 0.800000
v -2.492563 3.503814 0.575000
v -2.492197 3.504697 0.575000
v -2.492746 3.503371 0.575000
v -2.492746 3.503371 0.462500
v -2.492563 3.503814 0.462500
v -2.492837 3.503151 0.462500
v -2.492837 3.503151 0.406250
v -2.492746 3.503371 0.406250
v -2.492883 3.503040 0.406250
v -2.492883 3.503040 0.378125
v -2.492837 3.503151 0.378125
v -2.490732 3.508233 1.250000
v -2.490732 3.508233 0.800000
v -2.490366 3.509117 0.800000
v -2.490732 3.508233 0.575000
v -2.490366 3.509117 0.575000
v -2.490183 3.509558 0.575000
v -2.490366 3.509117 0.462500
v -2.490183 3.509558 0.462500
v -2.490092 3.509780 0.462500
v -2.490183 3.509558 0.406250
v -2.490092 3.509780 0.406250
v -2.490046 3.509890 0.406250
v -2.490092 3.509780 0.378125
v -2.490046 3.509890 0.378125
v -2.492929 3.502929 0.350000
v -2.490000 3.510000 0.350000
v -2.492929 3.502929 1.250000
v -2.490000 3.510000 1.250000
v -2.490000 3.510000 0.350000
v -2.507071 3.517071 0.350000
v -2.500000 3.520000 0.350000
v -2.492929 3.517071 0.350000
v -2.492929 3.502929 0.350000
v -2.510000 3.510000 0.350000
v -2.500000 3.500001 0.350000
v -2.507071 3.502929 0.350000
v -2.560000 3.510000 0.350000
v -2.500000 3.450000 0.350000
v -2.457574 3.467574 0.350000
v -2.542426 3.467574 0.350000
v -2.440000 3.510000 0.350000
v -2.500000 3.570000 0.350000
v -2.457574 3.552426 0.350000
v -2.542426 3.552426 0.350000
v -2.500000 3.510000 0.250000
v -2.542426 3.467574 0.350000
v -2.560000 3.510000 0.350000
v -2.500000 3.510000 0.250000
v -2.560000 3.510000 0.350000
v -2.542426 3.552426 0.350000
v -2.500000 3.510000 0.250000
v -2.542426 3.552426 0.350000
v -2.500000 3.570000 0.350000
v -2.500000 3.510000 0.250000
v -2.500000 3.570000 0.350000
v -2.457574 3.552426 0.350000
v -2.500000 3.510000 0.250000
v -2.500000 3.450000 0.350000
v -2.542426 3.467574 0.350000
v -2.500000 3.510000 0.250000
v -2.457574 3.467574 0.350000
v -2.500000 3.450000 0.350000
v -2.500000 3.510000 0.250000
v -2.440000 3.510000 0.350000
v -2.457574 3.467574 0.350000
v -2.500000 3.510000 0.250000
v -2.457574 3.552426 0.350000
v -2.440000 3.510000 0.350000
v -3.510000 3.510000 1.250000
v -3.507071 3.502929 1.250000
v -3.507071 3.502929 4.250000
v -3.510000 3.510000 4.250000
v -3.507071 3.502929 1.250000
v -3.500000 3.500001 1.250000
v -3.500000 3.500001 4.250000
v -3.507071 3.502929 4.250000
v -3.500000 3.500001 1.250000
v -3.492929 3.502929 1.250000
v -3.492929 3.502929 4.250000
v -3.500000 3.500001 4.250000
v -3.492929 3.502929 1.250000
v -3.490000 3.510000 1.250000
v -3.490000 3.510000 4.250000
v -3.492929 3.502929 4.250000
v -3.490000 3.510000 1.250000
v -3.492929 3.517071 1.250000
v -3.492929 3.517071 4.250000
v -3.490000 3.510000 4.250000
v -3.492929 3.517071 1.250000
v -3.500000 3.520000 1.250000
v -3.500000 3.520000 4.250000
v -3.492929 3.517071 4.250000
v -3.500000 3.520000 1.250000
v -3.507071 3.517071 1.250000
v -3.507071 3.517071 4.250000
v -3.500000 3.520000 4.250000
v -3.507071 3.517071 1.250000
v -3.510000 3.510000 1.250000
v -3.510000 3.510000 4.250000
v -3.507071 3.517071 4.250000
v -3.500000 3.500001 1.250000
v -3.490000 3.510000 1.250000
v -3.492929 3.502929 1.250000
v -3.507071 3.502929 1.250000
v -3.510000 3.510000 1.250000
v -3.500000 3.520000 1.250000
v -3.507071 3.517071 1.250000
v -3.492929 3.517071 1.250000
v -3.500000 3.500001 4.250000
v -3.492929 3.502929 4.250000
v -3.490000 3.510000 4.250000
v -3.510000 3.510000 4.250000
v -3.507071 3.502929 4.250000
v -3.500000 3.520000 4.250000
v -3.507071 3.517071 4.250000
v -3.492929 3.517071 4.250000
v -3.490000 3.510000 4.250000
v -3.490000 3.510000 5.150000
v -3.492929 3.502928 5.150000
v -3.492929 3.502929 4.250000
v -3.492929 3.502929 4.250000
v -3.492929 3.502928 5.150000
v -3.500000 3.500000 5.150000
v -3.500000 3.500001 4.250000
v -3.500000 3.500001 4.250000
v -3.500000 3.500000 5.150000
v -3.507071 3.502928 5.150000
v -3.507071 3.502929 4.250000
v -3.507071 3.502929 4.250000
v -3.507071 3.502928 5.150000
v -3.510000 3.510000 5.150000
v -3.510000 3.510000 4.250000
v -3.510000 3.510000 4.250000
v -3.510000 3.510000 5.150000
v -3.507071 3.517071 5.150000
v -3.507071 3.517071 4.250000
v -3.507071 3.517071 4.250000
v -3.507071 3.517071 5.150000
v -3.500000 3.519999 5.150000
v -3.500000 3.520000 4.250000
v -3.500000 3.520000 4.250000
v -3.500000 3.519999 5.150000
v -3.492929 3.517071 5.150000
v -3.492929 3.517071 4.250000
v -3.491465 3.513535 4.250000
v -3.492197 3.515303 4.250000
v -3.492197 3.515303 4.700000
v -3.491465 3.513535 4.700000
v -3.492563 3.516186 4.700000
v -3.492563 3.516186 4.925000
v -3.492197 3.515303 4.925000
v -3.492746 3.516629 4.925000
v -3.492746 3.516629 5.037500
v -3.492563 3.516186 5.037500
v -3.492837 3.516849 5.037500
v -3.492837 3.516849 5.093750
v -3.492746 3.516629 5.093750
v -3.492883 3.516960 5.093750
v -3.492883 3.516960 5.121875
v -3.492837 3.516849 5.121875
v -3.490732 3.511767 4.250000
v -3.490732 3.511767 4.700000
v -3.490366 3.510883 4.700000
v -3.490732 3.511767 4.925000
v -3.490366 3.510883 4.925000
v -3.490183 3.510442 4.925000
v -3.490366 3.510883 5.037500
v -3.490183 3.510442 5.037500
v -3.490092 3.510220 5.037500
v -3.490183 3.510442 5.093750
v -3.490092 3.510220 5.093750
v -3.490046 3.510110 5.093750
v -3.490092 3.510220 5.121875
v -3.490046 3.510110 5.121875
v -3.492929 3.517071 5.150000
v -3.490000 3.510000 5.150000
v -3.492929 3.517071 4.250000
v -3.490000 3.510000 4.250000
v -3.490000 3.510000 5.150000
v -3.507071 3.502928 5.150000
v -3.500000 3.500000 5.150000
v -3.492929 3.502928 5.150000
v -3.492929 3.517071 5.150000
v -3.510000 3.510000 5.150000
v -3.500000 3.519999 5.150000
v -3.507071 3.517071 5.150000
v -3.560000 3.510000 5.150000
v -3.500000 3.570000 5.150000
v -3.457574 3.552426 5.150000
v -3.542426 3.552426 5.150000
v -3.440000 3.510000 5.150000
v -3.500000 3.450000 5.150000
v -3.457574 3.467574 5.150000
v -3.542426 3.467574 5.150000
v -3.500000 3.510000 5.250000
v -3.542426 3.552426 5.150000
v -3.560000 3.510000 5.150000
v -3.500000 3.510000 5.250000
v -3.560000 3.510000 5.150000
v -3.542426 3.467574 5.150000
v -3.500000 3.510000 5.250000
v -3.542426 3.467574 5.150000
v -3.500000 3.450000 5.150000
v -3.500000 3.510000 5.250000
v -3.500000 3.450000 5.150000
v -3.457574 3.467574 5.150000
v -3.500000 3.510000 5.250000
v -3.500000 3.570000 5.150000
v -3.542426 3.552426 5.150000
v -3.500000 3.510000 5.250000
v -3.457574 3.552426 5.150000
v -3.500000 3.570000 5.150000
v -3.500000 3.510000 5.250000
v -3.440000 3.510000 5.150000
v -3.457574 3.552426 5.150000
v -3.500000 3.510000 5.250000
v -3.457574 3.467574 5.150000
v -3.440000 3.510000 5.150000
v -3.490000 3.510000 1.250000
v -3.490000 3.510000 0.350000
v -3.492929 3.517071 0.350000
v -3.492929 3.517071 1.250000
v -3.492929 3.517071 1.250000
v -3.492929 3.517071 0.350000
v -3.500000 3.520000 0.350000
v -3.500000 3.520000 1.250000
v -3.500000 3.520000 1.250000
v -3.500000 3.520000 0.350000
v -3.507071 3.517071 0.350000
v -3.507071 3.517071 1.250000
v -3.507071 3.517071 1.250000
v -3.507071 3.517071 0.350000
v -3.510000 3.510000 0.350000
v -3.510000 3.510000 1.250000
v -3.510000 3.510000 1.250000
v -3.510000 3.510000 0.350000
v -3.507071 3.502929 0.350000
v -3.507071 3.502929 1.250000
v -3.507071 3.502929 1.250000
v -3.507071 3.502929 0.350000
v -3.500000 3.500001 0.350000
v -3.500000 3.500001 1.250000
v -3.500000 3.500001 1.250000
v -3.500000 3.500001 0.350000
v -3.492929 3.502929 0.350000
v -3.492929 3.502929 1.250000
v -3.491465 3.506465 1.250000
v -3.492197 3.504697 1.250000
v -3.492197 3.504697 0.800000
v -3.491465 3.506465 0.800000
v -3.492563 3.503814 0.800000
v -3.492563 3.503814 0.575000
v -3.492197 3.504697 0.575000
v -3.492746 3.503371 0.575000
v -3.492746 3.503371 0.462500
v -3.492563 3.503814 0.462500
v -3.492837 3.503151 0.462500
v -3.492837 3.503151 0.406250
v -3.492746 3.503371 0.406250
v -3.492883 3.503040 0.406250
v -3.492883 3.503040 0.378125
v -3.492837 3.503151 0.378125
v -3.490732 3.508233 1.250000
v -3.490732 3.508233 0.800000
v -3.490366 3.509117 0.800000
v -3.490732 3.508233 0.575000
v -3.490366 3.509117 0.575000
v -3.490183 3.509558 0.575000
v -3.490366 3.509117 0.462500
v -3.490183 3.509558 0.462500
v -3.490092 3.509780 0.462500
v -3.490183 3.509558 0.406250
v -3.490092 3.509780 0.406250
v -3.490046 3.509890 0.406250
v -3.490092 3.509780 0.378125
v -3.490046 3.509890 0.378125
v -3.492929 3.502929 0.350000
v -3.490000 3.510000 0.350000
v -3.492929 3.502929 1.250000
v -3.490000 3.510000 1.250000
v -3.490000 3.510000 0.350000
v -3.507071 3.517071 0.350000
v -3.500000 3.520000 0.350000
v -3.492929 3.517071 0.350000
v -3.492929 3.502929 0.350000
v -3.510000 3.510000 0.350000
v -3.500000 3.500001 0.350000
v -3.507071 3.502929 0.350000
v -3.560000 3.510000 0.350000
v -3.500000 3.450000 0.350000
v -3.457574 3.467574 0.350000
v -3.542426 3.467574 0.350000
v -3.440000 3.510000 0.350000
v -3.500000 3.570000 0.350000
v -3.457574 3.552426 0.350000
v -3.542426 3.552426 0.350000
v -3.500000 3.510000 0.250000
v -3.542426 3.467574 0.350000
v -3.560000 3.510000 0.350000
v -3.500000 3.510000 0.250000
v -3.560000 3.510000 0.350000
v -3.542426 3.552426 0.350000
v -3.500000 3.510000 0.250000
v -3.542426 3.552426 0.350000
v -3.500000 3.570000 0.350000
v -3.500000 3.510000 0.250000
v -3.500000 3.570000 0.350000
v -3.457574 3.552426 0.350000
v -3.500000 3.510000 0.250000
v -3.500000 3.450000 0.350000
v -3.542426 3.467574 0.350000
v -3.500000 3.510000 0.250000
v -3.457574 3.467574 0.350000
v -3.500000 3.450000 0.350000
v -3.500000 3.510000 0.250000
v -3.440000 3.510000 0.350000
v -3.457574 3.467574 0.350000
v -3.500000 3.510000 0.250000
v -3.457574 3.552426 0.350000
v -3.440000 3.510000 0.350000
v -1.510000 3.510000 1.250000
v -1.507071 3.502929 1.250000
v -1.507071 3.502929 4.250000
v -1.510000 3.510000 4.250000
v -1.507071 3.502929 1.250000
v -1.500000 3.500001 1.250000
v -1.500000 3.500001 4.250000
v -1.507071 3.502929 4.250000
v -1.500000 3.500001 1.250000
v -1.492929 3.502929 1.250000
v -1.492929 3.502929 4.250000
v -1.500000 3.500001 4.250000
v -1.492929 3.502929 1.250000
v -1.490000 3.510000 1.250000
v -1.490000 3.510000 4.250000
v -1.492929 3.502929 4.250000
v -1.490000 3.510000 1.250000
v -1.492929 3.517071 1.250000
v -1.492929 3.517071 4.250000
v -1.490000 3.510000 4.250000
v -1.492929 3.517071 1.250000
v -1.500000 3.520000 1.250000
v -1.500000 3.520000 4.250000
v -1.492929 3.517071 4.250000
v -1.500000 3.520000 1.250000
v -1.507071 3.517071 1.250000
v -1.507071 3.517071 4.250000
v -1.500000 3.520000 4.250000
v -1.507071 3.517071 1.250000
v -1.510000 3.510000 1.250000
v -1.510000 3.510000 4.250000
v -1.507071 3.517071 4.250000
v -1.500000 3.500001 1.250000
v -1.490000 3.510000 1.250000
v -1.492929 3.502929 1.250000
v -1.507071 3.502929 1.250000
v -1.510000 3.510000 1.250000
v -1.500000 3.520000 1.250000
v -1.507071 3.517071 1.250000
v -1.492929 3.517071 1.250000
v -1.500000 3.500001 4.250000
v -1.492929 3.502929 4.250000
v -1.490000 3.510000 4.250000
v -1.510000 3.510000 4.250000
v -1.507071 3.502929 4.250000
v -1.500000 3.520000 4.250000
v -1.507071 3.517071 4.250000
v -1.492929 3.517071 4.250000
v -1.490000 3.510000 4.250000
v -1.490000 3.510000 5.150000
v -1.492929 3.502928 5.150000
v -1.492929 3.502929 4.250000
v -1.492929 3.502929 4.250000
v -1.492929 3.502928 5.150000
v -1.500000 3.500000 5.150000
v -1.500000 3.500001 4.250000
v -1.500000 3.500001 4.250000
v -1.500000 3.500000 5.150000
v -1.507071 3.502928 5.150000
v -1.507071 3.502929 4.250000
v -1.507071 3.502929 4.250000
v -1.507071 3.502928 5.150000
v -1.510000 3.510000 5.150000
v -1.510000 3.510000 4.250000
v -1.510000 3.510000 4.250000
v -1.510000 3.510000 5.150000
v -1.507071 3.517071 5.150000
v -1.507071 3.517071 4.250000
v -1.507071 3.517071 4.250000
v -1.507071 3.517071 5.150000
v -1.500000 3.519999 5.150000
v -1.500000 3.520000 4.250000
v -1.500000 3.520000 4.250000
v -1.500000 3.519999 5.150000
v -1.492929 3.517071 5.150000
v -1.492929 3.517071 4.250000
v -1.491464 3.513535 4.250000
v -1.492197 3.515303 4.250000
v -1.492197 3.515303 4.700000
v -1.491464 3.513535 4.700000
v -1.492563 3.516186 4.700000
v -1.492563 3.516186 4.925000
v -1.492197 3.515303 4.925000
v -1.492746 3.516629 4.925000
v -1.492746 3.516629 5.037500
v -1.492563 3.516186 5.037500
v -1.492837 3.516849 5.037500
v -1.492837 3.516849 5.093750
v -1.492746 3.516629 5.093750
v -1.492883 3.516960 5.093750
v -1.492883 3.516960 5.121875
v -1.492837 3.516849 5.121875
v -1.490732 3.511767 4.250000
v -1.490732 3.511767 4.700000
v -1.490366 3.510883 4.700000
v -1.490732 3.511767 4.925000
v -1.490366 3.510883 4.925000
v -1.490183 3.510442 4.925000
v -1.490366 3.510883 5.037500
v -1.490183 3.510442 5.037500
v -1.490092 3.510220 5.037500
v -1.490183 3.510442 5.093750
v -1.490092 3.510220 5.093750
v -1.490046 3.510110 5.093750
v -1.490092 3.510220 5.121875
v -1.490046 3.510110 5.121875
v -1.492929 3.517071 5.150000
v -1.490000 3.510000 5.150000
v -1.492929 3.517071 4.250000
v -1.490000 3.510000 4.250000
v -1.490000 3.510000 5.150000
v -1.507071 3.502928 5.150000
v -1.500000 3.500000 5.150000
v -1.492929 3.502928 5.150000
v -1.492929 3.517071 5.150000
v -1.510000 3.510000 5.150000
v -1.500000 3.519999 5.150000
v -1.507071 3.517071 5.150000
v -1.560000 3.510000 5.150000
v -1.500000 3.570000 5.150000
v -1.457574 3.552426 5.150000
v -1.542426 3.552426 5.150000
v -1.440000 3.510000 5.150000
v -1.500000 3.450000 5.150000
v -1.457574 3.467574 5.150000
v -1.542426 3.467574 5.150000
v -1.500000 3.510000 5.250000
v -1.542426 3.552426 5.150000
v -1.560000 3.510000 5.150000
v -1.500000 3.510000 5.250000
v -1.560000 3.510000 5.150000
v -1.542426 3.467574 5.150000
v -1.500000 3.510000 5.250000
v -1.542426 3.467574 5.150000
v -1.500000 3.450000 5.150000
v -1.500000 3.510000 5.250000
v -1.500000 3.450000 5.150000
v -1.457574 3.467574 5.150000
v -1.500000 3.510000 5.250000
v -1.500000 3.570000 5.150000
v -1.542426 3.552426 5.150000
v -1.500000 3.510000 5.250000
v -1.457574 3.552426 5.150000
v -1.500000 3.570000 5.150000
v -1.500000 3.510000 5.250000
v -1.440000 3.510000 5.150000
v -1.457574 3.552426 5.150000
v -1.500000 3.510000 5.250000
v -1.457574 3.467574 5.150000
v -1.440000 3.510000 5.150000
v -1.490000 3.510000 1.250000
v -1.490000 3.510000 0.350000
v -1.492929 3.517071 0.350000
v -1.492929 3.517071 1.250000
v -1.492929 3.517071 1.250000
v -1.492929 3.517071 0.350000
v -1.500000 3.520000 0.350000
v -1.500000 3.520000 1.250000
v -1.500000 3.520000 1.250000
v -1.500000 3.520000 0.350000
v -1.507071 3.517071 0.350000
v -1.507071 3.517071 1.250000
v -1.507071 3.517071 1.250000
v -1.507071 3.517071 0.350000
v -1.510000 3.510000 0.350000
v -1.510000 3.510000 1.250000
v -1.510000 3.510000 1.250000
v -1.510000 3.510000 0.350000
v -1.507071 3.502929 0.350000
v -1.507071 3.502929 1.250000
v -1.507071 3.502929 1.250000
v -1.507071 3.502929 0.350000
v -1.500000 3.500001 0.350000
v -1.500000 3.500001 1.250000
v -1.500000 3.500001 1.250000
v -1.500000 3.500001 0.350000
v -1.492929 3.502929 0.350000
v -1.492929 3.502929 1.250000
v -1.491464 3.506465 1.250000
v -1.492197 3.504697 1.250000
v -1.492197 3.504697 0.800000
v -1.491464 3.506465 0.800000
v -1.492563 3.503814 0.800000
v -1.492563 3.503814 0.575000
v -1.492197 3.504697 0.575000
v -1.492746 3.503371 0.575000
v -1.492746 3.503371 0.462500
v -1.492563 3.503814 0.462500
v -1.492837 3.503151 0.462500
v -1.492837 3.503151 0.406250
v -1.492746 3.503371 0.406250
v -1.492883 3.503040 0.406250
v -1.492883 3.503040 0.378125
v -1.492837 3.503151 0.378125
v -1.490732 3.508233 1.250000
v -1.490732 3.508233 0.800000
v -1.490366 3.509117 0.800000
v -1.490732 3.508233 0.575000
v -1.490366 3.509117 0.575000
v -1.490183 3.509558 0.575000
v -1.490366 3.509117 0.462500
v -1.490183 3.509558 0.462500
v -1.490092 3.509780 0.462500
v -1.490183 3.509558 0.406250
v -1.490092 3.509780 0.406250
v -1.490046 3.509890 0.406250
v -1.490092 3.509780 0.378125
v -1.490046 3.509890 0.378125
v -1.492929 3.502929 0.350000
v -1.490000 3.510000 0.350000
v -1.492929 3.502929 1.250000
v -1.490000 3.510000 1.250000
v -1.490000 3.510000 0.350000
v -1.507071 3.517071 0.350000
v -1.500000 3.520000 0.350000
v -1.492929 3.517071 0.350000
v -1.492929 3.502929 0.350000
v -1.510000 3.510000 0.350000
v -1.500000 3.500001 0.350000
v -1.507071 3.502929 0.350000
v -1.560000 3.510000 0.350000
v -1.500000 3.450000 0.350000
v -1.457574 3.467574 0.350000
v -1.542426 3.467574 0.350000
v -1.440000 3.510000 0.350000
v -1.500000 3.570000 0.350000
v -1.457574 3.552426 0.350000
v -1.542426 3.552426 0.350000
v -1.500000 3.510000 0.250000
v -1.542426 3.467574 0.350000
v -1.560000 3.510000 0.350000
v -1.500000 3.510000 0.250000
v -1.560000 3.510000 0.350000
v -1.542426 3.552426 0.350000
v -1.500000 3.510000 0.250000
v -1.542426 3.552426 0.350000
v -1.500000 3.570000 0.350000
v -1.500000 3.510000 0.250000
v -1.500000 3.570000 0.350000
v -1.457574 3.552426 0.350000
v -1.500000 3.510000 0.250000
v -1.500000 3.450000 0.350000
v -1.542426 3.467574 0.350000
v -1.500000 3.510000 0.250000
v -1.457574 3.467574 0.350000
v -1.500000 3.450000 0.350000
v -1.500000 3.510000 0.250000
v -1.440000 3.510000 0.350000
v -1.457574 3.467574 0.350000
v -1.500000 3.510000 0.250000
v -1.457574 3.552426 0.350000
v -1.440000 3.510000 0.350000
v -1.250000 3.250001 1.500000
v -1.250000 3.252929 1.492929
v -1.250000 3.260000 1.490000
v -1.250000 3.260000 1.510000
v -1.250000 3.252929 1.507071
v -1.250000 3.270000 1.500000
v -1.250000 3.267071 1.507071
v -1.250000 3.267071 1.492929
v -8.750000 3.460000 1.500000
v -8.650000 3.502426 1.457574
v -8.650000 3.460000 1.440000
v -8.750000 3.460000 1.500000
v -8.650000 3.460000 1.440000
v -8.650000 3.417574 1.457574
v -8.750000 3.460000 1.500000
v -8.650000 3.417574 1.457574
v -8.650000 3.400000 1.500000
v -8.750000 3.460000 1.500000
v -8.650000 3.400000 1.500000
v -8.650000 3.417574 1.542426
v -8.750000 3.460000 1.500000
v -8.650000 3.520000 1.500000
v -8.650000 3.502426 1.457574
v -8.750000 3.460000 1.500000
v -8.650000 3.502426 1.542426
v -8.650000 3.520000 1.500000
v -8.750000 3.460000 1.500000
v -8.650000 3.460000 1.560000
v -8.650000 3.502426 1.542426
v -8.750000 3.460000 1.500000
v -8.650000 3.417574 1.542426
v -8.650000 3.460000 1.560000
v -8.650000 3.460000 1.560000
v -8.650000 3.400000 1.500000
v -8.650000 3.417574 1.457574
v -8.650000 3.417574 1.542426
v -8.650000 3.460000 1.440000
v -8.650000 3.520000 1.500000
v -8.650000 3.502426 1.457574
v -8.650000 3.502426 1.542426
v -8.650000 3.460000 1.490000
v -8.650000 3.467072 1.507071
v -8.650000 3.470000 1.500000
v -8.650000 3.467072 1.492929
v -8.650000 3.452929 1.492929
v -8.650000 3.460000 1.510000
v -8.650000 3.450001 1.500000
v -8.650000 3.452929 1.507071
v -7.750000 3.456465 1.491464
v -7.750000 3.454697 1.492197
v -8.200000 3.454697 1.492197
v -8.200000 3.456465 1.491464
v -8.200000 3.453814 1.492563
v -8.425000 3.453814 1.492563
v -8.425000 3.454697 1.492197
v -8.425000 3.453371 1.492746
v -8.537500 3.453371 1.492746
v -8.537500 3.453814 1.492563
v -8.537500 3.453151 1.492837
v -8.593750 3.453151 1.492837
v -8.593750 3.453371 1.492746
v -8.593750 3.453040 1.492883
v -8.621875 3.453040 1.492883
v -8.621875 3.453151 1.492837
v -7.750000 3.458233 1.490732
v -8.200000 3.458233 1.490732
v -8.200000 3.459117 1.490366
v -8.425000 3.458233 1.490732
v -8.425000 3.459117 1.490366
v -8.425000 3.459558 1.490183
v -8.537500 3.459117 1.490366
v -8.537500 3.459558 1.490183
v -8.537500 3.459780 1.490092
v -8.593750 3.459558 1.490183
v -8.593750 3.459780 1.490092
v -8.593750 3.459890 1.490046
v -8.621875 3.459780 1.490092
v -8.621875 3.459890 1.490046
v -8.650000 3.452929 1.492929
v -8.650000 3.460000 1.490000
v -7.750000 3.452929 1.492929
v -7.750000 3.460000 1.490000
v -7.750000 3.450001 1.500000
v -8.650000 3.450001 1.500000
v -8.650000 3.452929 1.492929
v -7.750000 3.452929 1.492929
v -7.750000 3.452929 1.507071
v -8.650000 3.452929 1.507071
v -8.650000 3.450001 1.500000
v -7.750000 3.450001 1.500000
v -7.750000 3.460000 1.510000
v -8.650000 3.460000 1.510000
v -8.650000 3.452929 1.507071
v -7.750000 3.452929 1.507071
v -7.750000 3.467072 1.507071
v -8.650000 3.467072 1.507071
v -8.650000 3.460000 1.510000
v -7.750000 3.460000 1.510000
v -7.750000 3.470000 1.500000
v -8.650000 3.470000 1.500000
v -8.650000 3.467072 1.507071
v -7.750000 3.467072 1.507071
v -7.750000 3.467072 1.492929
v -8.650000 3.467072 1.492929
v -8.650000 3.470000 1.500000
v -7.750000 3.470000 1.500000
v -7.750000 3.460000 1.490000
v -8.650000 3.460000 1.490000
v -8.650000 3.467072 1.492929
v -7.750000 3.467072 1.492929
v -7.750000 3.450001 1.500000
v -7.750000 3.460000 1.490000
v -7.750000 3.452929 1.492929
v -7.750000 3.452929 1.507071
v -7.750000 3.460000 1.510000
v -7.750000 3.470000 1.500000
v -7.750000 3.467072 1.507071
v -7.750000 3.467072 1.492929
v -4.250000 3.460000 1.510000
v -4.250000 3.452929 1.507071
v -1.250000 3.452929 1.507071
v -1.250000 3.460000 1.510000
v -4.250000 3.452929 1.507071
v -4.250000 3.450001 1.500000
v -1.250000 3.450001 1.500000
v -1.250000 3.452929 1.507071
v -4.250000 3.450001 1.500000
v -4.250000 3.452929 1.492929
v -1.250000 3.452929 1.492929
v -1.250000 3.450001 1.500000
v -4.250000 3.452929 1.492929
v -4.250000 3.460000 1.490000
v -1.250000 3.460000 1.490000
v -1.250000 3.452929 1.492929
v -4.250000 3.460000 1.490000
v -4.250000 3.467072 1.492929
v -1.250000 3.467072 1.492929
v -1.250000 3.460000 1.490000
v -4.250000 3.467072 1.492929
v -4.250000 3.470000 1.500000
v -1.250000 3.470000 1.500000
v -1.250000 3.467072 1.492929
v -4.250000 3.470000 1.500000
v -4.250000 3.467072 1.507071
v -1.250000 3.467072 1.507071
v -1.250000 3.470000 1.500000
v -4.250000 3.467072 1.507071
v -4.250000 3.460000 1.510000
v -1.250000 3.460000 1.510000
v -1.250000 3.467072 1.507071
v -1.250000 3.460000 1.490000
v -0.350000 3.460000 1.490000
v -0.350000 3.452929 1.492929
v -1.250000 3.452929 1.492929
v -1.250000 3.452929 1.492929
v -0.350000 3.452929 1.492929
v -0.350000 3.450000 1.500000
v -1.250000 3.450001 1.500000
v -1.250000 3.450001 1.500000
v -0.350000 3.450000 1.500000
v -0.350000 3.452929 1.507071
v -1.250000 3.452929 1.507071
v -1.250000 3.452929 1.507071
v -0.350000 3.452929 1.507071
v -0.350000 3.460000 1.510000
v -1.250000 3.460000 1.510000
v -1.250000 3.460000 1.510000
v -0.350000 3.460000 1.510000
v -0.350000 3.467071 1.507071
v -1.250000 3.467072 1.507071
v -1.250000 3.467072 1.507071
v -0.350000 3.467071 1.507071
v -0.350000 3.469999 1.500000
v -1.250000 3.470000 1.500000
v -1.250000 3.470000 1.500000
v -0.350000 3.469999 1.500000
v -0.350000 3.467071 1.492929
v -1.250000 3.467072 1.492929
v -1.250000 3.463535 1.491464
v -1.250000 3.465303 1.492197
v -0.800000 3.465303 1.492197
v -0.800000 3.463535 1.491464
v -0.800000 3.466187 1.492563
v -0.575000 3.466187 1.492563
v -0.575000 3.465303 1.492197
v -0.575000 3.466629 1.492746
v -0.462500 3.466629 1.492746
v -0.462500 3.466187 1.492563
v -0.462500 3.466849 1.492837
v -0.406250 3.466849 1.492837
v -0.406250 3.466629 1.492746
v -0.406250 3.466960 1.492883
v -0.378125 3.466960 1.492883
v -0.378125 3.466849 1.492837
v -1.250000 3.461767 1.490732
v -0.800000 3.461767 1.490732
v -0.800000 3.460883 1.490366
v -0.575000 3.461767 1.490732
v -0.575000 3.460883 1.490366
v -0.575000 3.460442 1.490183
v -0.462500 3.460883 1.490366
v -0.462500 3.460442 1.490183
v -0.462500 3.460220 1.490092
v -0.406250 3.460442 1.490183
v -0.406250 3.460220 1.490092
v -0.406250 3.460110 1.490046
v -0.378125 3.460220 1.490092
v -0.378125 3.460110 1.490046
v -0.350000 3.467071 1.492929
v -0.350000 3.460000 1.490000
v -1.250000 3.467072 1.492929
v -1.250000 3.460000 1.490000
v -0.350000 3.460000 1.490000
v -0.350000 3.452929 1.507071
v -0.350000 3.450000 1.500000
v -0.350000 3.452929 1.492929
v -0.350000 3.467071 1.492929
v -0.350000 3.460000 1.510000
v -0.350000 3.469999 1.500000
v -0.350000 3.467071 1.507071
v -0.350000 3.460000 1.560000
v -0.350000 3.520000 1.500000
v -0.350000 3.502426 1.457574
v -0.350000 3.502426 1.542426
v -0.350000 3.460000 1.440000
v -0.350000 3.400000 1.500000
v -0.350000 3.417574 1.457574
v -0.350000 3.417574 1.542426
v -0.250000 3.460000 1.500000
v -0.350000 3.502426 1.542426
v -0.350000 3.460000 1.560000
v -0.250000 3.460000 1.500000
v -0.350000 3.460000 1.560000
v -0.350000 3.417574 1.542426
v -0.250000 3.460000 1.500000
v -0.350000 3.417574 1.542426
v -0.350000 3.400000 1.500000
v -0.250000 3.460000 1.500000
v -0.350000 3.400000 1.500000
v -0.350000 3.417574 1.457574
v -0.250000 3.460000 1.500000
v -0.350000 3.520000 1.500000
v -0.350000 3.502426 1.542426
v -0.250000 3.460000 1.500000
v -0.350000 3.502426 1.457574
v -0.350000 3.520000 1.500000
v -0.250000 3.460000 1.500000
v -0.350000 3.460000 1.440000
v -0.350000 3.502426 1.457574
v -0.250000 3.460000 1.500000
v -0.350000 3.417574 1.457574
v -0.350000 3.460000 1.440000
v -4.250000 3.467072 1.492929
v -4.250000 3.460000 1.490000
v -7.750000 3.460000 1.490000
v -7.750000 3.467072 1.492929
v -4.250000 3.460000 1.490000
v -4.250000 3.452929 1.492929
v -7.750000 3.452929 1.492929
v -7.750000 3.460000 1.490000
v -4.250000 3.452929 1.492929
v -4.250000 3.450001 1.500000
v -7.750000 3.450001 1.500000
v -7.750000 3.452929 1.492929
v -4.250000 3.450001 1.500000
v -4.250000 3.452929 1.507071
v -7.750000 3.452929 1.507071
v -7.750000 3.450001 1.500000
v -4.250000 3.452929 1.507071
v -4.250000 3.460000 1.510000
v -7.750000 3.460000 1.510000
v -7.750000 3.452929 1.507071
v -4.250000 3.460000 1.510000
v -4.250000 3.467072 1.507071
v -7.750000 3.467072 1.507071
v -7.750000 3.460000 1.510000
v -4.250000 3.467072 1.507071
v -4.250000 3.470000 1.500000
v -7.750000 3.470000 1.500000
v -7.750000 3.467072 1.507071
v -4.250000 3.470000 1.500000
v -4.250000 3.467072 1.492929
v -7.750000 3.467072 1.492929
v -7.750000 3.470000 1.500000
v -4.250000 3.450001 1.500000
v -4.250000 3.470000 1.500000
v -4.250000 3.460000 1.510000
v -4.250000 3.467072 1.507071
v -4.250000 3.460000 1.490000
v -4.250000 3.467072 1.492929
v -4.250000 3.452929 1.492929
v -4.250000 3.452929 1.507071
v -7.750000 3.450001 1.500000
v -7.750000 3.460000 1.510000
v -7.750000 3.470000 1.500000
v -7.750000 3.467072 1.507071
v -7.750000 3.460000 1.490000
v -7.750000 3.467072 1.492929
v -7.750000 3.452929 1.492929
v -7.750000 3.452929 1.507071
v -8.750000 3.460000 2.500000
v -8.650000 3.502426 2.457574
v -8.650000 3.460000 2.440000
v -8.750000 3.460000 2.500000
v -8.650000 3.460000 2.440000
v -8.650000 3.417574 2.457574
v -8.750000 3.460000 2.500000
v -8.650000 3.417574 2.457574
v -8.650000 3.400000 2.500000
v -8.750000 3.460000 2.500000
v -8.650000 3.400000 2.500000
v -8.650000 3.417574 2.542426
v -8.750000 3.460000 2.500000
v -8.650000 3.520000 2.500000
v -8.650000 3.502426 2.457574
v -8.750000 3.460000 2.500000
v -8.650000 3.502426 2.542426
v -8.650000 3.520000 2.500000
v -8.750000 3.460000 2.500000
v -8.650000 3.460000 2.560000
v -8.650000 3.502426 2.542426
v -8.750000 3.460000 2.500000
v -8.650000 3.417574 2.542426
v -8.650000 3.460000 2.560000
v -8.650000 3.460000 2.560000
v -8.650000 3.400000 2.500000
v -8.650000 3.417574 2.457574
v -8.650000 3.417574 2.542426
v -8.650000 3.460000 2.440000
v -8.650000 3.520000 2.500000
v -8.650000 3.502426 2.457574
v -8.650000 3.502426 2.542426
v -8.650000 3.460000 2.490000
v -8.650000 3.467072 2.507071
v -8.650000 3.470000 2.500000
v -8.650000 3.467072 2.492929
v -8.650000 3.452929 2.492929
v -8.650000 3.460000 2.510000
v -8.650000 3.450001 2.500000
v -8.650000 3.452929 2.507071
v -7.750000 3.456465 2.491465
v -7.750000 3.454697 2.492197
v -8.200000 3.454697 2.492197
v -8.200000 3.456465 2.491465
v -8.200000 3.453814 2.492563
v -8.425000 3.453814 2.492563
v -8.425000 3.454697 2.492197
v -8.425000 3.453371 2.492746
v -8.537500 3.453371 2.492746
v -8.537500 3.453814 2.492563
v -8.537500 3.453151 2.492837
v -8.593750 3.453151 2.492837
v -8.593750 3.453371 2.492746
v -8.593750 3.453040 2.492883
v -8.621875 3.453040 2.492883
v -8.621875 3.453151 2.492837
v -7.750000 3.458233 2.490732
v -8.200000 3.458233 2.490732
v -8.200000 3.459117 2.490366
v -8.425000 3.458233 2.490732
v -8.425000 3.459117 2.490366
v -8.425000 3.459558 2.490183
v -8.537500 3.459117 2.490366
v -8.537500 3.459558 2.490183
v -8.537500 3.459780 2.490092
v -8.593750 3.459558 2.490183
v -8.593750 3.459780 2.490092
v -8.593750 3.459890 2.490046
v -8.621875 3.459780 2.490092
v -8.621875 3.459890 2.490046
v -8.650000 3.452929 2.492929
v -8.650000 3.460000 2.490000
v -7.750000 3.452929 2.492929
v -7.750000 3.460000 2.490000
v -7.750000 3.450001 2.500000
v -8.650000 3.450001 2.500000
v -8.650000 3.452929 2.492929
v -7.750000 3.452929 2.492929
v -7.750000 3.452929 2.507071
v -8.650000 3.452929 2.507071
v -8.650000 3.450001 2.500000
v -7.750000 3.450001 2.500000
v -7.750000 3.460000 2.510000
v -8.650000 3.460000 2.510000
v -8.650000 3.452929 2.507071
v -7.750000 3.452929 2.507071
v -7.750000 3.467072 2.507071
v -8.650000 3.467072 2.507071
v -8.650000 3.460000 2.510000
v -7.750000 3.460000 2.510000
v -7.750000 3.470000 2.500000
v -8.650000 3.470000 2.500000
v -8.650000 3.467072 2.507071
v -7.750000 3.467072 2.507071
v -7.750000 3.467072 2.492929
v -8.650000 3.467072 2.492929
v -8.650000 3.470000 2.500000
v -7.750000 3.470000 2.500000
v -7.750000 3.460000 2.490000
v -8.650000 3.460000 2.490000
v -8.650000 3.467072 2.492929
v -7.750000 3.467072 2.492929
v -7.750000 3.450001 2.500000
v -7.750000 3.460000 2.490000
v -7.750000 3.452929 2.492929
v -7.750000 3.452929 2.507071
v -7.750000 3.460000 2.510000
v -7.750000 3.470000 2.500000
v -7.750000 3.467072 2.507071
v -7.750000 3.467072 2.492929
v -4.250000 3.460000 2.510000
v -4.250000 3.452929 2.507071
v -1.250000 3.452929 2.507071
v -1.250000 3.460000 2.510000
v -4.250000 3.452929 2.507071
v -4.250000 3.450001 2.500000
v -1.250000 3.450001 2.500000
v -1.250000 3.452929 2.507071
v -4.250000 3.450001 2.500000
v -4.250000 3.452929 2.492929
v -1.250000 3.452929 2.492929
v -1.250000 3.450001 2.500000
v -4.250000 3.452929 2.492929
v -4.250000 3.460000 2.490000
v -1.250000 3.460000 2.490000
v -1.250000 3.452929 2.492929
v -4.250000 3.460000 2.490000
v -4.250000 3.467072 2.492929
v -1.250000 3.467072 2.492929
v -1.250000 3.460000 2.490000
v -4.250000 3.467072 2.492929
v -4.250000 3.470000 2.500000
v -1.250000 3.470000 2.500000
v -1.250000 3.467072 2.492929
v -4.250000 3.470000 2.500000
v -4.250000 3.467072 2.507071
v -1.250000 3.467072 2.507071
v -1.250000 3.470000 2.500000
v -4.250000 3.467072 2.507071
v -4.250000 3.460000 2.510000
v -1.250000 3.460000 2.510000
v -1.250000 3.467072 2.507071
v -1.250000 3.460000 2.490000
v -0.350000 3.460000 2.490000
v -0.350000 3.452929 2.492929
v -1.250000 3.452929 2.492929
v -1.250000 3.452929 2.492929
v -0.350000 3.452929 2.492929
v -0.350000 3.450000 2.500000
v -1.250000 3.450001 2.500000
v -1.250000 3.450001 2.500000
v -0.350000 3.450000 2.500000
v -0.350000 3.452929 2.507071
v -1.250000 3.452929 2.507071
v -1.250000 3.452929 2.507071
v -0.350000 3.452929 2.507071
v -0.350000 3.460000 2.510000
v -1.250000 3.460000 2.510000
v -1.250000 3.460000 2.510000
v -0.350000 3.460000 2.510000
v -0.350000 3.467071 2.507071
v -1.250000 3.467072 2.507071
v -1.250000 3.467072 2.507071
v -0.350000 3.467071 2.507071
v -0.350000 3.469999 2.500000
v -1.250000 3.470000 2.500000
v -1.250000 3.470000 2.500000
v -0.350000 3.469999 2.500000
v -0.350000 3.467071 2.492929
v -1.250000 3.467072 2.492929
v -1.250000 3.463535 2.491465
v -1.250000 3.465303 2.492197
v -0.800000 3.465303 2.492197
v -0.800000 3.463535 2.491465
v -0.800000 3.466187 2.492563
v -0.575000 3.466187 2.492563
v -0.575000 3.465303 2.492197
v -0.575000 3.466629 2.492746
v -0.462500 3.466629 2.492746
v -0.462500 3.466187 2.492563
v -0.462500 3.466849 2.492837
v -0.406250 3.466849 2.492837
v -0.406250 3.466629 2.492746
v -0.406250 3.466960 2.492883
v -0.378125 3.466960 2.492883
v -0.378125 3.466849 2.492837
v -1.250000 3.461767 2.490732
v -0.800000 3.461767 2.490732
v -0.800000 3.460883 2.490366
v -0.575000 3.461767 2.490732
v -0.575000 3.460883 2.490366
v -0.575000 3.460442 2.490183
v -0.462500 3.460883 2.490366
v -0.462500 3.460442 2.490183
v -0.462500 3.460220 2.490092
v -0.406250 3.460442 2.490183
v -0.406250 3.460220 2.490092
v -0.406250 3.460110 2.490046
v -0.378125 3.460220 2.490092
v -0.378125 3.460110 2.490046
v -0.350000 3.467071 2.492929
v -0.350000 3.460000 2.490000
v -1.250000 3.467072 2.492929
v -1.250000 3.460000 2.490000
v -0.350000 3.460000 2.490000
v -0.350000 3.452929 2.507071
v -0.350000 3.450000 2.500000
v -0.350000 3.452929 2.492929
v -0.350000 3.467071 2.492929
v -0.350000 3.460000 2.510000
v -0.350000 3.469999 2.500000
v -0.350000 3.467071 2.507071
v -0.350000 3.460000 2.560000
v -0.350000 3.520000 2.500000
v -0.350000 3.502426 2.457574
v -0.350000 3.502426 2.542426
v -0.350000 3.460000 2.440000
v -0.350000 3.400000 2.500000
v -0.350000 3.417574 2.457574
v -0.350000 3.417574 2.542426
v -0.250000 3.460000 2.500000
v -0.350000 3.502426 2.542426
v -0.350000 3.460000 2.560000
v -0.250000 3.460000 2.500000
v -0.350000 3.460000 2.560000
v -0.350000 3.417574 2.542426
v -0.250000 3.460000 2.500000
v -0.350000 3.417574 2.542426
v -0.350000 3.400000 2.500000
v -0.250000 3.460000 2.500000
v -0.350000 3.400000 2.500000
v -0.350000 3.417574 2.457574
v -0.250000 3.460000 2.500000
v -0.350000 3.520000 2.500000
v -0.350000 3.502426 2.542426
v -0.250000 3.460000 2.500000
v -0.350000 3.502426 2.457574
v -0.350000 3.520000 2.500000
v -0.250000 3.460000 2.500000
v -0.350000 3.460000 2.440000
v -0.350000 3.502426 2.457574
v -0.250000 3.460000 2.500000
v -0.350000 3.417574 2.457574
v -0.350000 3.460000 2.440000
v -4.250000 3.467072 2.492929
v -4.250000 3.460000 2.490000
v -7.750000 3.460000 2.490000
v -7.750000 3.467072 2.492929
v -4.250000 3.460000 2.490000
v -4.250000 3.452929 2.492929
v -7.750000 3.452929 2.492929
v -7.750000 3.460000 2.490000
v -4.250000 3.452929 2.492929
v -4.250000 3.450001 2.500000
v -7.750000 3.450001 2.500000
v -7.750000 3.452929 2.492929
v -4.250000 3.450001 2.500000
v -4.250000 3.452929 2.507071
v -7.750000 3.452929 2.507071
v -7.750000 3.450001 2.500000
v -4.250000 3.452929 2.507071
v -4.250000 3.460000 2.510000
v -7.750000 3.460000 2.510000
v -7.750000 3.452929 2.507071
v -4.250000 3.460000 2.510000
v -4.250000 3.467072 2.507071
v -7.750000 3.467072 2.507071
v -7.750000 3.460000 2.510000
v -4.250000 3.467072 2.507071
v -4.250000 3.470000 2.500000
v -7.750000 3.470000 2.500000
v -7.750000 3.467072 2.507071
v -4.250000 3.470000 2.500000
v -4.250000 3.467072 2.492929
v -7.750000 3.467072 2.492929
v -7.750000 3.470000 2.500000
v -4.250000 3.450001 2.500000
v -4.250000 3.470000 2.500000
v -4.250000 3.460000 2.510000
v -4.250000 3.467072 2.507071
v -4.250000 3.460000 2.490000
v -4.250000 3.467072 2.492929
v -4.250000 3.452929 2.492929
v -4.250000 3.452929 2.507071
v -7.750000 3.450001 2.500000
v -7.750000 3.460000 2.510000
v -7.750000 3.470000 2.500000
v -7.750000 3.467072 2.507071
v -7.750000 3.460000 2.490000
v -7.750000 3.467072 2.492929
v -7.750000 3.452929 2.492929
v -7.750000 3.452929 2.507071
v -8.750000 3.460000 3.500000
v -8.650000 3.502426 3.457574
v -8.650000 3.460000 3.440000
v -8.750000 3.460000 3.500000
v -8.650000 3.460000 3.440000
v -8.650000 3.417574 3.457574
v -8.750000 3.460000 3.500000
v -8.650000 3.417574 3.457574
v -8.650000 3.400000 3.500000
v -8.750000 3.460000 3.500000
v -8.650000 3.400000 3.500000
v -8.650000 3.417574 3.542426
v -8.750000 3.460000 3.500000
v -8.650000 3.520000 3.500000
v -8.650000 3.502426 3.457574
v -8.750000 3.460000 3.500000
v -8.650000 3.502426 3.542426
v -8.650000 3.520000 3.500000
v -8.750000 3.460000 3.500000
v -8.650000 3.460000 3.560000
v -8.650000 3.502426 3.542426
v -8.750000 3.460000 3.500000
v -8.650000 3.417574 3.542426
v -8.650000 3.460000 3.560000
v -8.650000 3.460000 3.560000
v -8.650000 3.400000 3.500000
v -8.650000 3.417574 3.457574
v -8.650000 3.417574 3.542426
v -8.650000 3.460000 3.440000
v -8.650000 3.520000 3.500000
v -8.650000 3.502426 3.457574
v -8.650000 3.502426 3.542426
v -8.650000 3.460000 3.490000
v -8.650000 3.467072 3.507071
v -8.650000 3.470000 3.500000
v -8.650000 3.467072 3.492929
v -8.650000 3.452929 3.492929
v -8.650000 3.460000 3.510000
v -8.650000 3.450001 3.500000
v -8.650000 3.452929 3.507071
v -7.750000 3.456465 3.491465
v -7.750000 3.454697 3.492197
v -8.200000 3.454697 3.492197
v -8.200000 3.456465 3.491465
v -8.200000 3.453814 3.492563
v -8.425000 3.453814 3.492563
v -8.425000 3.454697 3.492197
v -8.425000 3.453371 3.492746
v -8.537500 3.453371 3.492746
v -8.537500 3.453814 3.492563
v -8.537500 3.453151 3.492837
v -8.593750 3.453151 3.492837
v -8.593750 3.453371 3.492746
v -8.593750 3.453040 3.492883
v -8.621875 3.453040 3.492883
v -8.621875 3.453151 3.492837
v -7.750000 3.458233 3.490732
v -8.200000 3.458233 3.490732
v -8.200000 3.459117 3.490366
v -8.425000 3.458233 3.490732
v -8.425000 3.459117 3.490366
v -8.425000 3.459558 3.490183
v -8.537500 3.459117 3.490366
v -8.537500 3.459558 3.490183
v -8.537500 3.459780 3.490092
v -8.593750 3.459558 3.490183
v -8.593750 3.459780 3.490092
v -8.593750 3.459890 3.490046
v -8.621875 3.459780 3.490092
v -8.621875 3.459890 3.490046
v -8.650000 3.452929 3.492929
v -8.650000 3.460000 3.490000
v -7.750000 3.452929 3.492929
v -7.750000 3.460000 3.490000
v -7.750000 3.450001 3.500000
v -8.650000 3.450001 3.500000
v -8.650000 3.452929 3.492929
v -7.750000 3.452929 3.492929
v -7.750000 3.452929 3.507071
v -8.650000 3.452929 3.507071
v -8.650000 3.450001 3.500000
v -7.750000 3.450001 3.500000
v -7.750000 3.460000 3.510000
v -8.650000 3.460000 3.510000
v -8.650000 3.452929 3.507071
v -7.750000 3.452929 3.507071
v -7.750000 3.467072 3.507071
v -8.650000 3.467072 3.507071
v -8.650000 3.460000 3.510000
v -7.750000 3.460000 3.510000
v -7.750000 3.470000 3.500000
v -8.650000 3.470000 3.500000
v -8.650000 3.467072 3.507071
v -7.750000 3.467072 3.507071
v -7.750000 3.467072 3.492929
v -8.650000 3.467072 3.492929
v -8.650000 3.470000 3.500000
v -7.750000 3.470000 3.500000
v -7.750000 3.460000 3.490000
v -8.650000 3.460000 3.490000
v -8.650000 3.467072 3.492929
v -7.750000 3.467072 3.492929
v -7.750000 3.450001 3.500000
v -7.750000 3.460000 3.490000
v -7.750000 3.452929 3.492929
v -7.750000 3.452929 3.507071
v -7.750000 3.460000 3.510000
v -7.750000 3.470000 3.500000
v -7.750000 3.467072 3.507071
v -7.750000 3.467072 3.492929
v -4.250000 3.460000 3.510000
v -4.250000 3.452929 3.507071
v -1.250000 3.452929 3.507071
v -1.250000 3.460000 3.510000
v -4.250000 3.452929 3.507071
v -4.250000 3.450001 3.500000
v -1.250000 3.450001 3.500000
v -1.250000 3.452929 3.507071
v -4.250000 3.450001 3.500000
v -4.250000 3.452929 3.492929
v -1.250000 3.452929 3.492929
v -1.250000 3.450001 3.500000
v -4.250000 3.452929 3.492929
v -4.250000 3.460000 3.490000
v -1.250000 3.460000 3.490000
v -1.250000 3.452929 3.492929
v -4.250000 3.460000 3.490000
v -4.250000 3.467072 3.492929
v -1.250000 3.467072 3.492929
v -1.250000 3.460000 3.490000
v -4.250000 3.467072 3.492929
v -4.250000 3.470000 3.500000
v -1.250000 3.470000 3.500000
v -1.250000 3.467072 3.492929
v -4.250000 3.470000 3.500000
v -4.250000 3.467072 3.507071
v -1.250000 3.467072 3.507071
v -1.250000 3.470000 3.500000
v -4.250000 3.467072 3.507071
v -4.250000 3.460000 3.510000
v -1.250000 3.460000 3.510000
v -1.250000 3.467072 3.507071
v -1.250000 3.460000 3.490000
v -0.350000 3.460000 3.490000
v -0.350000 3.452929 3.492929
v -1.250000 3.452929 3.492929
v -1.250000 3.452929 3.492929
v -0.350000 3.452929 3.492929
v -0.350000 3.450000 3.500000
v -1.250000 3.450001 3.500000
v -1.250000 3.450001 3.500000
v -0.350000 3.450000 3.500000
v -0.350000 3.452929 3.507071
v -1.250000 3.452929 3.507071
v -1.250000 3.452929 3.507071
v -0.350000 3.452929 3.507071
v -0.350000 3.460000 3.510000
v -1.250000 3.460000 3.510000
v -1.250000 3.460000 3.510000
v -0.350000 3.460000 3.510000
v -0.350000 3.467071 3.507071
v -1.250000 3.467072 3.507071
v -1.250000 3.467072 3.507071
v -0.350000 3.467071 3.507071
v -0.350000 3.469999 3.500000
v -1.250000 3.470000 3.500000
v -1.250000 3.470000 3.500000
v -0.350000 3.469999 3.500000
v -0.350000 3.467071 3.492929
v -1.250000 3.467072 3.492929
v -1.250000 3.463535 3.491465
v -1.250000 3.465303 3.492197
v -0.800000 3.465303 3.492197
v -0.800000 3.463535 3.491465
v -0.800000 3.466187 3.492563
v -0.575000 3.466187 3.492563
v -0.575000 3.465303 3.492197
v -0.575000 3.466629 3.492746
v -0.462500 3.466629 3.492746
v -0.462500 3.466187 3.492563
v -0.462500 3.466849 3.492837
v -0.406250 3.466849 3.492837
v -0.406250 3.466629 3.492746
v -0.406250 3.466960 3.492883
v -0.378125 3.466960 3.492883
v -0.378125 3.466849 3.492837
v -1.250000 3.461767 3.490732
v -0.800000 3.461767 3.490732
v -0.800000 3.460883 3.490366
v -0.575000 3.461767 3.490732
v -0.575000 3.460883 3.490366
v -0.575000 3.460442 3.490183
v -0.462500 3.460883 3.490366
v -0.462500 3.460442 3.490183
v -0.462500 3.460220 3.490092
v -0.406250 3.460442 3.490183
v -0.406250 3.460220 3.490092
v -0.406250 3.460110 3.490046
v -0.378125 3.460220 3.490092
v -0.378125 3.460110 3.490046
v -0.350000 3.467071 3.492929
v -0.350000 3.460000 3.490000
v -1.250000 3.467072 3.492929
v -1.250000 3.460000 3.490000
v -0.350000 3.460000 3.490000
v -0.350000 3.452929 3.507071
v -0.350000 3.450000 3.500000
v -0.350000 3.452929 3.492929
v -0.350000 3.467071 3.492929
v -0.350000 3.460000 3.510000
v -0.350000 3.469999 3.500000
v -0.350000 3.467071 3.507071
v -0.350000 3.460000 3.560000
v -0.350000 3.520000 3.500000
v -0.350000 3.502426 3.457574
v -0.350000 3.502426 3.542426
v -0.350000 3.460000 3.440000
v -0.350000 3.400000 3.500000
v -0.350000 3.417574 3.457574
v -0.350000 3.417574 3.542426
v -0.250000 3.460000 3.500000
v -0.350000 3.502426 3.542426
v -0.350000 3.460000 3.560000
v -0.250000 3.460000 3.500000
v -0.350000 3.460000 3.560000
v -0.350000 3.417574 3.542426
v -0.250000 3.460000 3.500000
v -0.350000 3.417574 3.542426
v -0.350000 3.400000 3.500000
v -0.250000 3.460000 3.500000
v -0.350000 3.400000 3.500000
v -0.350000 3.417574 3.457574
v -0.250000 3.460000 3.500000
v -0.350000 3.520000 3.500000
v -0.350000 3.502426 3.542426
v -0.250000 3.460000 3.500000
v -0.350000 3.502426 3.457574
v -0.350000 3.520000 3.500000
v -0.250000 3.460000 3.500000
v -0.350000 3.460000 3.440000
v -0.350000 3.502426 3.457574
v -0.250000 3.460000 3.500000
v -0.350000 3.417574 3.457574
v -0.350000 3.460000 3.440000
v -4.250000 3.467072 3.492929
v -4.250000 3.460000 3.490000
v -7.750000 3.460000 3.490000
v -7.750000 3.467072 3.492929
v -4.250000 3.460000 3.490000
v -4.250000 3.452929 3.492929
v -7.750000 3.452929 3.492929
v -7.750000 3.460000 3.490000
v -4.250000 3.452929 3.492929
v -4.250000 3.450001 3.500000
v -7.750000 3.450001 3.500000
v -7.750000 3.452929 3.492929
v -4.250000 3.450001 3.500000
v -4.250000 3.452929 3.507071
v -7.750000 3.452929 3.507071
v -7.750000 3.450001 3.500000
v -4.250000 3.452929 3.507071
v -4.250000 3.460000 3.510000
v -7.750000 3.460000 3.510000
v -7.750000 3.452929 3.507071
v -4.250000 3.460000 3.510000
v -4.250000 3.467072 3.507071
v -7.750000 3.467072 3.507071
v -7.750000 3.460000 3.510000
v -4.250000 3.467072 3.507071
v -4.250000 3.470000 3.500000
v -7.750000 3.470000 3.500000
v -7.750000 3.467072 3.507071
v -4.250000 3.470000 3.500000
v -4.250000 3.467072 3.492929
v -7.750000 3.467072 3.492929
v -7.750000 3.470000 3.500000
v -4.250000 3.450001 3.500000
v -4.250000 3.470000 3.500000
v -4.250000 3.460000 3.510000
v -4.250000 3.467072 3.507071
v -4.250000 3.460000 3.490000
v -4.250000 3.467072 3.492929
v -4.250000 3.452929 3.492929
v -4.250000 3.452929 3.507071
v -7.750000 3.450001 3.500000
v -7.750000 3.460000 3.510000
v -7.750000 3.470000 3.500000
v -7.750000 3.467072 3.507071
v -7.750000 3.460000 3.490000
v -7.750000 3.467072 3.492929
v -7.750000 3.452929 3.492929
v -7.750000 3.452929 3.507071
v -8.750000 3.460000 4.500000
v -8.650000 3.502426 4.457574
v -8.650000 3.460000 4.440000
v -8.750000 3.460000 4.500000
v -8.650000 3.460000 4.440000
v -8.650000 3.417574 4.457574
v -8.750000 3.460000 4.500000
v -8.650000 3.417574 4.457574
v -8.650000 3.400000 4.500000
v -8.750000 3.460000 4.500000
v -8.650000 3.400000 4.500000
v -8.650000 3.417574 4.542426
v -8.750000 3.460000 4.500000
v -8.650000 3.520000 4.500000
v -8.650000 3.502426 4.457574
v -8.750000 3.460000 4.500000
v -8.650000 3.502426 4.542426
v -8.650000 3.520000 4.500000
v -8.750000 3.460000 4.500000
v -8.650000 3.460000 4.560000
v -8.650000 3.502426 4.542426
v -8.750000 3.460000 4.500000
v -8.650000 3.417574 4.542426
v -8.650000 3.460000 4.560000
v -8.650000 3.460000 4.560000
v -8.650000 3.400000 4.500000
v -8.650000 3.417574 4.457574
v -8.650000 3.417574 4.542426
v -8.650000 3.460000 4.440000
v -8.650000 3.520000 4.500000
v -8.650000 3.502426 4.457574
v -8.650000 3.502426 4.542426
v -8.650000 3.460000 4.490000
v -8.650000 3.467072 4.507071
v -8.650000 3.470000 4.500000
v -8.650000 3.467072 4.492929
v -8.650000 3.452929 4.492929
v -8.650000 3.460000 4.510000
v -8.650000 3.450001 4.500000
v -8.650000 3.452929 4.507071
v -7.750000 3.456465 4.491465
v -7.750000 3.454697 4.492197
v -8.200000 3.454697 4.492197
v -8.200000 3.456465 4.491465
v -8.200000 3.453814 4.492563
v -8.425000 3.453814 4.492563
v -8.425000 3.454697 4.492197
v -8.425000 3.453371 4.492746
v -8.537500 3.453371 4.492746
v -8.537500 3.453814 4.492563
v -8.537500 3.453151 4.492837
v -8.593750 3.453151 4.492837
v -8.593750 3.453371 4.492746
v -8.593750 3.453040 4.492883
v -8.621875 3.453040 4.492883
v -8.621875 3.453151 4.492837
v -7.750000 3.458233 4.490732
v -8.200000 3.458233 4.490732
v -8.200000 3.459117 4.490366
v -8.425000 3.458233 4.490732
v -8.425000 3.459117 4.490366
v -8.425000 3.459558 4.490183
v -8.537500 3.459117 4.490366
v -8.537500 3.459558 4.490183
v -8.537500 3.459780 4.490091
v -8.593750 3.459558 4.490183
v -8.593750 3.459780 4.490091
v -8.593750 3.459890 4.490046
v -8.621875 3.459780 4.490091
v -8.621875 3.459890 4.490046
v -8.650000 3.452929 4.492929
v -8.650000 3.460000 4.490000
v -7.750000 3.452929 4.492929
v -7.750000 3.460000 4.490000
v -7.750000 3.450001 4.500000
v -8.650000 3.450001 4.500000
v -8.650000 3.452929 4.492929
v -7.750000 3.452929 4.492929
v -7.750000 3.452929 4.507071
v -8.650000 3.452929 4.507071
v -8.650000 3.450001 4.500000
v -7.750000 3.450001 4.500000
v -7.750000 3.460000 4.510000
v -8.650000 3.460000 4.510000
v -8.650000 3.452929 4.507071
v -7.750000 3.452929 4.507071
v -7.750000 3.467072 4.507071
v -8.650000 3.467072 4.507071
v -8.650000 3.460000 4.510000
v -7.750000 3.460000 4.510000
v -7.750000 3.470000 4.500000
v -8.650000 3.470000 4.500000
v -8.650000 3.467072 4.507071
v -7.750000 3.467072 4.507071
v -7.750000 3.467072 4.492929
v -8.650000 3.467072 4.492929
v -8.650000 3.470000 4.500000
v -7.750000 3.470000 4.500000
v -7.750000 3.460000 4.490000
v -8.650000 3.460000 4.490000
v -8.650000 3.467072 4.492929
v -7.750000 3.467072 4.492929
v -7.750000 3.450001 4.500000
v -7.750000 3.460000 4.490000
v -7.750000 3.452929 4.492929
v -7.750000 3.452929 4.507071
v -7.750000 3.460000 4.510000
v -7.750000 3.470000 4.500000
v -7.750000 3.467072 4.507071
v -7.750000 3.467072 4.492929
v -4.250000 3.460000 4.510000
v -4.250000 3.452929 4.507071
v -1.250000 3.452929 4.507071
v -1.250000 3.460000 4.510000
v -4.250000 3.452929 4.507071
v -4.250000 3.450001 4.500000
v -1.250000 3.450001 4.500000
v -1.250000 3.452929 4.507071
v -4.250000 3.450001 4.500000
v -4.250000 3.452929 4.492929
v -1.250000 3.452929 4.492929
v -1.250000 3.450001 4.500000
v -4.250000 3.452929 4.492929
v -4.250000 3.460000 4.490000
v -1.250000 3.460000 4.490000
v -1.250000 3.452929 4.492929
v -4.250000 3.460000 4.490000
v -4.250000 3.467072 4.492929
v -1.250000 3.467072 4.492929
v -1.250000 3.460000 4.490000
v -4.250000 3.467072 4.492929
v -4.250000 3.470000 4.500000
v -1.250000 3.470000 4.500000
v -1.250000 3.467072 4.492929
v -4.250000 3.470000 4.500000
v -4.250000 3.467072 4.507071
v -1.250000 3.467072 4.507071
v -1.250000 3.470000 4.500000
v -4.250000 3.467072 4.507071
v -4.250000 3.460000 4.510000
v -1.250000 3.460000 4.510000
v -1.250000 3.467072 4.507071
v -1.250000 3.460000 4.490000
v -0.350000 3.460000 4.490000
v -0.350000 3.452929 4.492929
v -1.250000 3.452929 4.492929
v -1.250000 3.452929 4.492929
v -0.350000 3.452929 4.492929
v -0.350000 3.450000 4.500000
v -1.250000 3.450001 4.500000
v -1.250000 3.450001 4.500000
v -0.350000 3.450000 4.500000
v -0.350000 3.452929 4.507071
v -1.250000 3.452929 4.507071
v -1.250000 3.452929 4.507071
v -0.350000 3.452929 4.507071
v -0.350000 3.460000 4.510000
v -1.250000 3.460000 4.510000
v -1.250000 3.460000 4.510000
v -0.350000 3.460000 4.510000
v -0.350000 3.467071 4.507071
v -1.250000 3.467072 4.507071
v -1.250000 3.467072 4.507071
v -0.350000 3.467071 4.507071
v -0.350000 3.469999 4.500000
v -1.250000 3.470000 4.500000
v -1.250000 3.470000 4.500000
v -0.350000 3.469999 4.500000
v -0.350000 3.467071 4.492929
v -1.250000 3.467072 4.492929
v -1.250000 3.463535 4.491465
v -1.250000 3.465303 4.492197
v -0.800000 3.465303 4.492197
v -0.800000 3.463535 4.491465
v -0.800000 3.466187 4.492563
v -0.575000 3.466187 4.492563
v -0.575000 3.465303 4.492197
v -0.575000 3.466629 4.492746
v -0.462500 3.466629 4.492746
v -0.462500 3.466187 4.492563
v -0.462500 3.466849 4.492837
v -0.406250 3.466849 4.492837
v -0.406250 3.466629 4.492746
v -0.406250 3.466960 4.492883
v -0.378125 3.466960 4.492883
v -0.378125 3.466849 4.492837
v -1.250000 3.461767 4.490732
v -0.800000 3.461767 4.490732
v -0.800000 3.460883 4.490366
v -0.575000 3.461767 4.490732
v -0.575000 3.460883 4.490366
v -0.575000 3.460442 4.490183
v -0.462500 3.460883 4.490366
v -0.462500 3.460442 4.490183
v -0.462500 3.460220 4.490091
v -0.406250 3.460442 4.490183
v -0.406250 3.460220 4.490091
v -0.406250 3.460110 4.490046
v -0.378125 3.460220 4.490091
v -0.378125 3.460110 4.490046
v -0.350000 3.467071 4.492929
v -0.350000 3.460000 4.490000
v -1.250000 3.467072 4.492929
v -1.250000 3.460000 4.490000
v -0.350000 3.460000 4.490000
v -0.350000 3.452929 4.507071
v -0.350000 3.450000 4.500000
v -0.350000 3.452929 4.492929
v -0.350000 3.467071 4.492929
v -0.350000 3.460000 4.510000
v -0.350000 3.469999 4.500000
v -0.350000 3.467071 4.507071
v -0.350000 3.460000 4.560000
v -0.350000 3.520000 4.500000
v -0.350000 3.502426 4.457574
v -0.350000 3.502426 4.542426
v -0.350000 3.460000 4.440000
v -0.350000 3.400000 4.500000
v -0.350000 3.417574 4.457574
v -0.350000 3.417574 4.542426
v -0.250000 3.460000 4.500000
v -0.350000 3.502426 4.542426
v -0.350000 3.460000 4.560000
v -0.250000 3.460000 4.500000
v -0.350000 3.460000 4.560000
v -0.350000 3.417574 4.542426
v -0.250000 3.460000 4.500000
v -0.350000 3.417574 4.542426
v -0.350000 3.400000 4.500000
v -0.250000 3.460000 4.500000
v -0.350000 3.400000 4.500000
v -0.350000 3.417574 4.457574
v -0.250000 3.460000 4.500000
v -0.350000 3.520000 4.500000
v -0.350000 3.502426 4.542426
v -0.250000 3.460000 4.500000
v -0.350000 3.502426 4.457574
v -0.350000 3.520000 4.500000
v -0.250000 3.460000 4.500000
v -0.350000 3.460000 4.440000
v -0.350000 3.502426 4.457574
v -0.250000 3.460000 4.500000
v -0.350000 3.417574 4.457574
v -0.350000 3.460000 4.440000
v -4.250000 3.467072 4.492929
v -4.250000 3.460000 4.490000
v -7.750000 3.460000 4.490000
v -7.750000 3.467072 4.492929
v -4.250000 3.460000 4.490000
v -4.250000 3.452929 4.492929
v -7.750000 3.452929 4.492929
v -7.750000 3.460000 4.490000
v -4.250000 3.452929 4.492929
v -4.250000 3.450001 4.500000
v -7.750000 3.450001 4.500000
v -7.750000 3.452929 4.492929
v -4.250000 3.450001 4.500000
v -4.250000 3.452929 4.507071
v -7.750000 3.452929 4.507071
v -7.750000 3.450001 4.500000
v -4.250000 3.452929 4.507071
v -4.250000 3.460000 4.510000
v -7.750000 3.460000 4.510000
v -7.750000 3.452929 4.507071
v -4.250000 3.460000 4.510000
v -4.250000 3.467072 4.507071
v -7.750000 3.467072 4.507071
v -7.750000 3.460000 4.510000
v -4.250000 3.467072 4.507071
v -4.250000 3.470000 4.500000
v -7.750000 3.470000 4.500000
v -7.750000 3.467072 4.507071
v -4.250000 3.470000 4.500000
v -4.250000 3.467072 4.492929
v -7.750000 3.467072 4.492929
v -7.750000 3.470000 4.500000
v -4.250000 3.450001 4.500000
v -4.250000 3.470000 4.500000
v -4.250000 3.460000 4.510000
v -4.250000 3.467072 4.507071
v -4.250000 3.460000 4.490000
v -4.250000 3.467072 4.492929
v -4.250000 3.452929 4.492929
v -4.250000 3.452929 4.507071
v -7.750000 3.450001 4.500000
v -7.750000 3.460000 4.510000
v -7.750000 3.470000 4.500000
v -7.750000 3.467072 4.507071
v -7.750000 3.460000 4.490000
v -7.750000 3.467072 4.492929
v -7.750000 3.452929 4.492929
v -7.750000 3.452929 4.507071
vt 0.000000 0.000000
vt 0.101476 0.000000
vt 0.101476 1.000000
vt 0.000000 1.000000
vt 0.101476 0.000000
vt 0.202952 0.000000
vt 0.202952 1.000000
vt 0.101476 1.000000
vt 0.202952 0.000000
vt 0.304428 0.000000
vt 0.304428 1.000000
vt 0.202952 1.000000
vt 0.304428 0.000000
vt 0.405904 0.000000
vt 0.405904 1.000000
vt 0.304428 1.000000
vt 0.405904 0.000000
vt 0.507380 0.000000
vt 0.507380 1.000000
vt 0.405904 1.000000
vt 0.507380 0.000000
vt 0.608855 0.000000
vt 0.608855 1.000000
vt 0.507380 1.000000
vt 0.608855 0.000000
vt 0.710331 0.000000
vt 0.710331 1.000000
vt 0.608855 1.000000
vt 0.710331 0.000000
vt 0.811807 0.000000
vt 0.811807 1.000000
vt 0.710331 1.000000
vt 0.811808 0.001804
vt 0.866926 0.006159
vt 0.811808 0.004355
vt 0.866926 0.000000
vt 0.944873 0.000000
vt 1.000000 0.004355
vt 1.000000 0.001804
vt 0.944882 0.006159
vt 0.811808 0.004355
vt 0.811808 0.001804
vt 0.866926 0.000000
vt 0.944873 0.006159
vt 0.866926 0.006159
vt 1.000000 0.001804
vt 1.000000 0.004355
vt 0.944882 0.000000
vt 0.000000 0.981812
vt 0.000000 0.000000
vt 0.006897 0.000000
vt 0.006897 0.981812
vt 0.016724 0.515840
vt 0.998535 0.515840
vt 0.998535 0.524202
vt 0.016724 0.524202
vt 0.016724 0.282123
vt 0.998535 0.282123
vt 0.998535 0.290484
vt 0.016724 0.290484
vt 0.016724 0.398982
vt 0.998535 0.398982
vt 0.998535 0.407343
vt 0.016724 0.407343
vt 0.016724 0.632699
vt 0.998535 0.632699
vt 0.998535 0.641061
vt 0.016724 0.641061
vt 0.016724 0.749558
vt 0.998535 0.749558
vt 0.998535 0.757920
vt 0.016724 0.757920
vt 0.008362 0.981812
vt 0.008362 0.000000
vt 0.015259 0.000000
vt 0.015259 0.981812
vt 0.016724 0.870598
vt 0.016724 0.868508
vt 0.507629 0.868508
vt 0.507629 0.870598
vt 0.507629 0.867463
vt 0.753082 0.867463
vt 0.753082 0.868508
vt 0.753082 0.866940
vt 0.875809 0.866940
vt 0.875809 0.867463
vt 0.875809 0.866679
vt 0.937172 0.866679
vt 0.937172 0.866940
vt 0.937172 0.866548
vt 0.967854 0.866548
vt 0.967854 0.866679
vt 0.016724 0.872689
vt 0.507629 0.872689
vt 0.507629 0.873734
vt 0.753082 0.872689
vt 0.753082 0.873734
vt 0.753082 0.874257
vt 0.875809 0.873734
vt 0.875809 0.874257
vt 0.875809 0.874518
vt 0.937172 0.874257
vt 0.937172 0.874518
vt 0.937172 0.874649
vt 0.967854 0.874518
vt 0.967854 0.874649
vt 0.998535 0.866417
vt 0.998535 0.874779
vt 0.016724 0.866417
vt 0.016724 0.874779
vt 0.022636 0.020187
vt 0.022636 0.000000
vt 0.016724 0.005913
vt 0.016724 0.014274
vt 0.030998 0.020187
vt 0.030998 0.000000
vt 0.036911 0.014274
vt 0.036911 0.005913
vt 0.000000 0.506159
vt 0.265109 0.395918
vt 0.374920 0.506159
vt 0.109812 0.395918
vt 0.374920 0.662062
vt 0.109812 0.772303
vt 0.265109 0.772303
vt 0.000000 0.662062
vt 0.344096 0.394453
vt 0.344096 0.000000
vt 0.500000 0.000000
vt 0.172048 0.394453
vt 0.172048 0.000000
vt 0.327952 0.000000
vt 0.376385 0.790371
vt 0.530824 0.395918
vt 0.376385 0.395918
vt 0.532289 0.790371
vt 0.532289 0.395918
vt 0.686728 0.395918
vt 0.000000 0.394453
vt 0.155904 0.000000
vt 0.000000 0.000000
vt 0.844096 0.395918
vt 0.998535 0.000000
vt 0.844096 0.000000
vt 0.516144 0.394453
vt 0.516144 0.000000
vt 0.672048 0.000000
vt 0.688192 0.395918
vt 0.842631 0.000000
vt 0.688192 0.000000
vt 0.000000 0.981812
vt 0.000000 0.000000
vt 0.006897 0.000000
vt 0.006897 0.981812
vt 0.016724 0.515840
vt 0.998535 0.515840
vt 0.998535 0.524202
vt 0.016724 0.524202
vt 0.016724 0.282123
vt 0.998535 0.282123
vt 0.998535 0.290484
vt 0.016724 0.290484
vt 0.016724 0.398982
vt 0.998535 0.398982
vt 0.998535 0.407343
vt 0.016724 0.407343
vt 0.016724 0.632699
vt 0.998535 0.632699
vt 0.998535 0.641061
vt 0.016724 0.641061
vt 0.016724 0.749558
vt 0.998535 0.749558
vt 0.998535 0.757920
vt 0.016724 0.757920
vt 0.008362 0.981812
vt 0.008362 0.000000
vt 0.015259 0.000000
vt 0.015259 0.981812
vt 0.016724 0.870598
vt 0.016724 0.868508
vt 0.507629 0.868508
vt 0.507629 0.870598
vt 0.507629 0.867463
vt 0.753082 0.867463
vt 0.753082 0.868508
vt 0.753082 0.866940
vt 0.875809 0.866940
vt 0.875809 0.867463
vt 0.875809 0.866679
vt 0.937172 0.866679
vt 0.937172 0.866940
vt 0.937172 0.866548
vt 0.967854 0.866548
vt 0.967854 0.866679
vt 0.016724 0.872689
vt 0.507629 0.872689
vt 0.507629 0.873734
vt 0.753082 0.872689
vt 0.753082 0.873734
vt 0.753082 0.874257
vt 0.875809 0.873734
vt 0.875809 0.874257
vt 0.875809 0.874518
vt 0.937172 0.874257
vt 0.937172 0.874518
vt 0.937172 0.874649
vt 0.967854 0.874518
vt 0.967854 0.874649
vt 0.998535 0.866417
vt 0.998535 0.874779
vt 0.016724 0.866417
vt 0.016724 0.874779
vt 0.022636 0.020187
vt 0.022636 0.000000
vt 0.016724 0.005913
vt 0.016724 0.014274
vt 0.030998 0.020187
vt 0.030998 0.000000
vt 0.036911 0.014274
vt 0.036911 0.005913
vt 0.000000 0.506159
vt 0.265109 0.395918
vt 0.374920 0.506159
vt 0.109812 0.395918
vt 0.374920 0.662062
vt 0.109812 0.772303
vt 0.265109 0.772303
vt 0.000000 0.662062
vt 0.344096 0.394453
vt 0.344096 0.000000
vt 0.500000 0.000000
vt 0.172048 0.394453
vt 0.172048 0.000000
vt 0.327952 0.000000
vt 0.376385 0.790371
vt 0.530824 0.395918
vt 0.376385 0.395918
vt 0.532289 0.790371
vt 0.532289 0.395918
vt 0.686728 0.395918
vt 0.000000 0.394453
vt 0.155904 0.000000
vt 0.000000 0.000000
vt 0.844096 0.395918
vt 0.998535 0.000000
vt 0.844096 0.000000
vt 0.516144 0.394453
vt 0.516144 0.000000
vt 0.672048 0.000000
vt 0.688192 0.395918
vt 0.842631 0.000000
vt 0.688192 0.000000
vt 0.000000 0.000000
vt 0.101476 0.000000
vt 0.101476 1.000000
vt 0.000000 1.000000
vt 0.101476 0.000000
vt 0.202952 0.000000
vt 0.202952 1.000000
vt 0.101476 1.000000
vt 0.202952 0.000000
vt 0.304428 0.000000
vt 0.304428 1.000000
vt 0.202952 1.000000
vt 0.304428 0.000000
vt 0.405904 0.000000
vt 0.405904 1.000000
vt 0.304428 1.000000
vt 0.405904 0.000000
vt 0.507380 0.000000
vt 0.507380 1.000000
vt 0.405904 1.000000
vt 0.507380 0.000000
vt 0.608855 0.000000
vt 0.608855 1.000000
vt 0.507380 1.000000
vt 0.608855 0.000000
vt 0.710331 0.000000
vt 0.710331 1.000000
vt 0.608855 1.000000
vt 0.710331 0.000000
vt 0.811807 0.000000
vt 0.811807 1.000000
vt 0.710331 1.000000
vt 0.811808 0.001804
vt 0.866926 0.006159
vt 0.811808 0.004355
vt 0.866926 0.000000
vt 0.944873 0.000000
vt 1.000000 0.004355
vt 1.000000 0.001804
vt 0.944882 0.006159
vt 0.811808 0.004355
vt 0.811808 0.001804
vt 0.866926 0.000000
vt 0.944873 0.006159
vt 0.866926 0.006159
vt 1.000000 0.001804
vt 1.000000 0.004355
vt 0.944882 0.000000
vt 0.000000 0.981812
vt 0.000000 0.000000
vt 0.006897 0.000000
vt 0.006897 0.981812
vt 0.016724 0.515840
vt 0.998535 0.515840
vt 0.998535 0.524202
vt 0.016724 0.524202
vt 0.016724 0.282123
vt 0.998535 0.282123
vt 0.998535 0.290484
vt 0.016724 0.290484
vt 0.016724 0.398982
vt 0.998535 0.398982
vt 0.998535 0.407343
vt 0.016724 0.407343
vt 0.016724 0.632699
vt 0.998535 0.632699
vt 0.998535 0.641061
vt 0.016724 0.641061
vt 0.016724 0.749558
vt 0.998535 0.749558
vt 0.998535 0.757920
vt 0.016724 0.757920
vt 0.008362 0.981812
vt 0.008362 0.000000
vt 0.015259 0.000000
vt 0.015259 0.981812
vt 0.016724 0.870598
vt 0.016724 0.868508
vt 0.507629 0.868508
vt 0.507629 0.870598
vt 0.507629 0.867463
vt 0.753082 0.867463
vt 0.753082 0.868508
vt 0.753082 0.866940
vt 0.875809 0.866940
vt 0.875809 0.867463
vt 0.875809 0.866679
vt 0.937172 0.866679
vt 0.937172 0.866940
vt 0.937172 0.866548
vt 0.967854 0.866548
vt 0.967854 0.866679
vt 0.016724 0.872689
vt 0.507629 0.872689
vt 0.507629 0.873734
vt 0.753082 0.872689
vt 0.753082 0.873734
vt 0.753082 0.874257
vt 0.875809 0.873734
vt 0.875809 0.874257
vt 0.875809 0.874518
vt 0.937172 0.874257
vt 0.937172 0.874518
vt 0.937172 0.874649
vt 0.967854 0.874518
vt 0.967854 0.874649
vt 0.998535 0.866417
vt 0.998535 0.874779
vt 0.016724 0.866417
vt 0.016724 0.874779
vt 0.022636 0.020187
vt 0.022636 0.000000
vt 0.016724 0.005913
vt 0.016724 0.014274
vt 0.030998 0.020187
vt 0.030998 0.000000
vt 0.036911 0.014274
vt 0.036911 0.005913
vt 0.000000 0.506159
vt 0.265109 0.395918
vt 0.374920 0.506159
vt 0.109812 0.395918
vt 0.374920 0.662062
vt 0.109812 0.772303
vt 0.265109 0.772303
vt 0.000000 0.662062
vt 0.344096 0.394453
vt 0.344096 0.000000
vt 0.500000 0.000000
vt 0.172048 0.394453
vt 0.172048 0.000000
vt 0.327952 0.000000
vt 0.376385 0.790371
vt 0.530824 0.395918
vt 0.376385 0.395918
vt 0.532289 0.790371
vt 0.532289 0.395918
vt 0.686728 0.395918
vt 0.000000 0.394453
vt 0.155904 0.000000
vt 0.000000 0.000000
vt 0.844096 0.395918
vt 0.998535 0.000000
vt 0.844096 0.000000
vt 0.516144 0.394453
vt 0.516144 0.000000
vt 0.672048 0.000000
vt 0.688192 0.395918
vt 0.842631 0.000000
vt 0.688192 0.000000
vt 0.000000 0.981812
vt 0.000000 0.000000
vt 0.006897 0.000000
vt 0.006897 0.981812
vt 0.016724 0.515840
vt 0.998535 0.515840
vt 0.998535 0.524202
vt 0.016724 0.524202
vt 0.016724 0.282123
vt 0.998535 0.282123
vt 0.998535 0.290484
vt 0.016724 0.290484
vt 0.016724 0.398982
vt 0.998535 0.398982
vt 0.998535 0.407343
vt 0.016724 0.407343
vt 0.016724 0.632699
vt 0.998535 0.632699
vt 0.998535 0.641061
vt 0.016724 0.641061
vt 0.016724 0.749558
vt 0.998535 0.749558
vt 0.998535 0.757920
vt 0.016724 0.757920
vt 0.008362 0.981812
vt 0.008362 0.000000
vt 0.015259 0.000000
vt 0.015259 0.981812
vt 0.016724 0.870598
vt 0.016724 0.868508
vt 0.507629 0.868508
vt 0.507629 0.870598
vt 0.507629 0.867463
vt 0.753082 0.867463
vt 0.753082 0.868508
vt 0.753082 0.866940
vt 0.875809 0.866940
vt 0.875809 0.867463
vt 0.875809 0.866679
vt 0.937172 0.866679
vt 0.937172 0.866940
vt 0.937172 0.866548
vt 0.967854 0.866548
vt 0.967854 0.866679
vt 0.016724 0.872689
vt 0.507629 0.872689
vt 0.507629 0.873734
vt 0.753082 0.872689
vt 0.753082 0.873734
vt 0.753082 0.874257
vt 0.875809 0.873734
vt 0.875809 0.874257
vt 0.875809 0.874518
vt 0.937172 0.874257
vt 0.937172 0.874518
vt 0.937172 0.874649
vt 0.967854 0.874518
vt 0.967854 0.874649
vt 0.998535 0.866417
vt 0.998535 0.874779
vt 0.016724 0.866417
vt 0.016724 0.874779
vt 0.022636 0.020187
vt 0.022636 0.000000
vt 0.016724 0.005913
vt 0.016724 0.014274
vt 0.030998 0.020187
vt 0.030998 0.000000
vt 0.036911 0.014274
vt 0.036911 0.005913
vt 0.000000 0.506159
vt 0.265109 0.395918
vt 0.374920 0.506159
vt 0.109812 0.395918
vt 0.374920 0.662062
vt 0.109812 0.772303
vt 0.265109 0.772303
vt 0.000000 0.662062
vt 0.344096 0.394453
vt 0.344096 0.000000
vt 0.500000 0.000000
vt 0.172048 0.394453
vt 0.172048 0.000000
vt 0.327952 0.000000
vt 0.376385 0.790371
vt 0.530824 0.395918
vt 0.376385 0.395918
vt 0.532289 0.790371
vt 0.532289 0.395918
vt 0.686728 0.395918
vt 0.000000 0.394453
vt 0.155904 0.000000
vt 0.000000 0.000000
vt 0.844096 0.395918
vt 0.998535 0.000000
vt 0.844096 0.000000
vt 0.516144 0.394453
vt 0.516144 0.000000
vt 0.672048 0.000000
vt 0.688192 0.395918
vt 0.842631 0.000000
vt 0.688192 0.000000
vt 0.000000 0.000000
vt 0.101476 0.000000
vt 0.101476 1.000000
vt 0.000000 1.000000
vt 0.101476 0.000000
vt 0.202952 0.000000
vt 0.202952 1.000000
vt 0.101476 1.000000
vt 0.202952 0.000000
vt 0.304428 0.000000
vt 0.304428 1.000000
vt 0.202952 1.000000
vt 0.304428 0.000000
vt 0.405904 0.000000
vt 0.405904 1.000000
vt 0.304428 1.000000
vt 0.405904 0.000000
vt 0.507380 0.000000
vt 0.507380 1.000000
vt 0.405904 1.000000
vt 0.507380 0.000000
vt 0.608855 0.000000
vt 0.608855 1.000000
vt 0.507380 1.000000
vt 0.608855 0.000000
vt 0.710331 0.000000
vt 0.710331 1.000000
vt 0.608855 1.000000
vt 0.710331 0.000000
vt 0.811807 0.000000
vt 0.811807 1.000000
vt 0.710331 1.000000
vt 0.811808 0.001804
vt 0.866926 0.006159
vt 0.811808 0.004355
vt 0.866926 0.000000
vt 0.944873 0.000000
vt 1.000000 0.004355
vt 1.000000 0.001804
vt 0.944882 0.006159
vt 0.811808 0.004355
vt 0.811808 0.001804
vt 0.866926 0.000000
vt 0.944873 0.006159
vt 0.866926 0.006159
vt 1.000000 0.001804
vt 1.000000 0.004355
vt 0.944882 0.000000
vt 0.000000 0.981812
vt 0.000000 0.000000
vt 0.006897 0.000000
vt 0.006897 0.981812
vt 0.016724 0.515840
vt 0.998535 0.515840
vt 0.998535 0.524202
vt 0.016724 0.524202
vt 0.016724 0.282123
vt 0.998535 0.282123
vt 0.998535 0.290484
vt 0.016724 0.290484
vt 0.016724 0.398982
vt 0.998535 0.398982
vt 0.998535 0.407343
vt 0.016724 0.407343
vt 0.016724 0.632699
vt 0.998535 0.632699
vt 0.998535 0.641061
vt 0.016724 0.641061
vt 0.016724 0.749558
vt 0.998535 0.749558
vt 0.998535 0.757920
vt 0.016724 0.757920
vt 0.008362 0.981812
vt 0.008362 0.000000
vt 0.015259 0.000000
vt 0.015259 0.981812
vt 0.016724 0.870598
vt 0.016724 0.868508
vt 0.507629 0.868508
vt 0.507629 0.870598
vt 0.507629 0.867463
vt 0.753082 0.867463
vt 0.753082 0.868508
vt 0.753082 0.866940
vt 0.875809 0.866940
vt 0.875809 0.867463
vt 0.875809 0.866679
vt 0.937172 0.866679
vt 0.937172 0.866940
vt 0.937172 0.866548
vt 0.967854 0.866548
vt 0.967854 0.866679
vt 0.016724 0.872689
vt 0.507629 0.872689
vt 0.507629 0.873734
vt 0.753082 0.872689
vt 0.753082 0.873734
vt 0.753082 0.874257
vt 0.875809 0.873734
vt 0.875809 0.874257
vt 0.875809 0.874518
vt 0.937172 0.874257
vt 0.937172 0.874518
vt 0.937172 0.874649
vt 0.967854 0.874518
vt 0.967854 0.874649
vt 0.998535 0.866417
vt 0.998535 0.874779
vt 0.016724 0.866417
vt 0.016724 0.874779
vt 0.022636 0.020187
vt 0.022636 0.000000
vt 0.016724 0.005913
vt 0.016724 0.014274
vt 0.030998 0.020187
vt 0.030998 0.000000
vt 0.036911 0.014274
vt 0.036911 0.005913
vt 0.000000 0.506159
vt 0.265109 0.395918
vt 0.374920 0.506159
vt 0.109812 0.395918
vt 0.374920 0.662062
vt 0.109812 0.772303
vt 0.265109 0.772303
vt 0.000000 0.662062
vt 0.344096 0.394453
vt 0.344096 0.000000
vt 0.500000 0.000000
vt 0.172048 0.394453
vt 0.172048 0.000000
vt 0.327952 0.000000
vt 0.376385 0.790371
vt 0.530824 0.395918
vt 0.376385 0.395918
vt 0.532289 0.790371
vt 0.532289 0.395918
vt 0.686728 0.395918
vt 0.000000 0.394453
vt 0.155904 0.000000
vt 0.000000 0.000000
vt 0.844096 0.395918
vt 0.998535 0.000000
vt 0.844096 0.000000
vt 0.516144 0.394453
vt 0.516144 0.000000
vt 0.672048 0.000000
vt 0.688192 0.395918
vt 0.842631 0.000000
vt 0.688192 0.000000
vt 0.000000 0.981812
vt 0.000000 0.000000
vt 0.006897 0.000000
vt 0.006897 0.981812
vt 0.016724 0.515840
vt 0.998535 0.515840
vt 0.998535 0.524202
vt 0.016724 0.524202
vt 0.016724 0.282123
vt 0.998535 0.282123
vt 0.998535 0.290484
vt 0.016724 0.290484
vt 0.016724 0.398982
vt 0.998535 0.398982
vt 0.998535 0.407343
vt 0.016724 0.407343
vt 0.016724 0.632699
vt 0.998535 0.632699
vt 0.998535 0.641061
vt 0.016724 0.641061
vt 0.016724 0.749558
vt 0.998535 0.749558
vt 0.998535 0.757920
vt 0.016724 0.757920
vt 0.008362 0.981812
vt 0.008362 0.000000
vt 0.015259 0.000000
vt 0.015259 0.981812
vt 0.016724 0.870598
vt 0.016724 0.868508
vt 0.507629 0.868508
vt 0.507629 0.870598
vt 0.507629 0.867463
vt 0.753082 0.867463
vt 0.753082 0.868508
vt 0.753082 0.866940
vt 0.875809 0.866940
vt 0.875809 0.867463
vt 0.875809 0.866679
vt 0.937172 0.866679
vt 0.937172 0.866940
vt 0.937172 0.866548
vt 0.967854 0.866548
vt 0.967854 0.866679
vt 0.016724 0.872689
vt 0.507629 0.872689
vt 0.507629 0.873734
vt 0.753082 0.872689
vt 0.753082 0.873734
vt 0.753082 0.874257
vt 0.875809 0.873734
vt 0.875809 0.874257
vt 0.875809 0.874518
vt 0.937172 0.874257
vt 0.937172 0.874518
vt 0.937172 0.874649
vt 0.967854 0.874518
vt 0.967854 0.874649
vt 0.998535 0.866417
vt 0.998535 0.874779
vt 0.016724 0.866417
vt 0.016724 0.874779
vt 0.022636 0.020187
vt 0.022636 0.000000
vt 0.016724 0.005913
vt 0.016724 0.014274
vt 0.030998 0.020187
vt 0.030998 0.000000
vt 0.036911 0.014274
vt 0.036911 0.005913
vt 0.000000 0.506159
vt 0.265109 0.395918
vt 0.374920 0.506159
vt 0.109812 0.395918
vt 0.374920 0.662062
vt 0.109812 0.772303
vt 0.265109 0.772303
vt 0.000000 0.662062
vt 0.344096 0.394453
vt 0.344096 0.000000
vt 0.500000 0.000000
vt 0.172048 0.394453
vt 0.172048 0.000000
vt 0.327952 0.000000
vt 0.376385 0.790371
vt 0.530824 0.395918
vt 0.376385 0.395918
vt 0.532289 0.790371
vt 0.532289 0.395918
vt 0.686728 0.395918
vt 0.000000 0.394453
vt 0.155904 0.000000
vt 0.000000 0.000000
vt 0.844096 0.395918
vt 0.998535 0.000000
vt 0.844096 0.000000
vt 0.516144 0.394453
vt 0.516144 0.000000
vt 0.672048 0.000000
vt 0.688192 0.395918
vt 0.842631 0.000000
vt 0.688192 0.000000
vt 0.000000 0.000000
vt 0.101476 0.000000
vt 0.101476 1.000000
vt 0.000000 1.000000
vt 0.101476 0.000000
vt 0.202952 0.000000
vt 0.202952 1.000000
vt 0.101476 1.000000
vt 0.202952 0.000000
vt 0.304428 0.000000
vt 0.304428 1.000000
vt 0.202952 1.000000
vt 0.304428 0.000000
vt 0.405904 0.000000
vt 0.405904 1.000000
vt 0.304428 1.000000
vt 0.405904 0.000000
vt 0.507380 0.000000
vt 0.507380 1.000000
vt 0.405904 1.000000
vt 0.507380 0.000000
vt 0.608855 0.000000
vt 0.608855 1.000000
vt 0.507380 1.000000
vt 0.608855 0.000000
vt 0.710331 0.000000
vt 0.710331 1.000000
vt 0.608855 1.000000
vt 0.710331 0.000000
vt 0.811807 0.000000
vt 0.811807 1.000000
vt 0.710331 1.000000
vt 0.811808 0.001804
vt 0.866926 0.006159
vt 0.811808 0.004355
vt 0.866926 0.000000
vt 0.944873 0.000000
vt 1.000000 0.004355
vt 1.000000 0.001804
vt 0.944882 0.006159
vt 0.811808 0.004355
vt 0.811808 0.001804
vt 0.866926 0.000000
vt 0.944873 0.006159
vt 0.866926 0.006159
vt 1.000000 0.001804
vt 1.000000 0.004355
vt 0.944882 0.000000
vt 0.000000 0.981812
vt 0.000000 0.000000
vt 0.006897 0.000000
vt 0.006897 0.981812
vt 0.016724 0.515840
vt 0.998535 0.515840
vt 0.998535 0.524202
vt 0.016724 0.524202
vt 0.016724 0.282123
vt 0.998535 0.282123
vt 0.998535 0.290484
vt 0.016724 0.290484
vt 0.016724 0.398982
vt 0.998535 0.398982
vt 0.998535 0.407343
vt 0.016724 0.407343
vt 0.016724 0.632699
vt 0.998535 0.632699
vt 0.998535 0.641061
vt 0.016724 0.641061
vt 0.016724 0.749558
vt 0.998535 0.749558
vt 0.998535 0.757920
vt 0.016724 0.757920
vt 0.008362 0.981812
vt 0.008362 0.000000
vt 0.015259 0.000000
vt 0.015259 0.981812
vt 0.016724 0.870598
vt 0.016724 0.868508
vt 0.507629 0.868508
vt 0.507629 0.870598
vt 0.507629 0.867463
vt 0.753082 0.867463
vt 0.753082 0.868508
vt 0.753082 0.866940
vt 0.875809 0.866940
vt 0.875809 0.867463
vt 0.875809 0.866679
vt 0.937172 0.866679
vt 0.937172 0.866940
vt 0.937172 0.866548
vt 0.967854 0.866548
vt 0.967854 0.866679
vt 0.016724 0.872689
vt 0.507629 0.872689
vt 0.507629 0.873734
vt 0.753082 0.872689
vt 0.753082 0.873734
vt 0.753082 0.874257
vt 0.875809 0.873734
vt 0.875809 0.874257
vt 0.875809 0.874518
vt 0.937172 0.874257
vt 0.937172 0.874518
vt 0.937172 0.874649
vt 0.967854 0.874518
vt 0.967854 0.874649
vt 0.998535 0.866417
vt 0.998535 0.874779
vt 0.016724 0.866417
vt 0.016724 0.874779
vt 0.022636 0.020187
vt 0.022636 0.000000
vt 0.016724 0.005913
vt 0.016724 0.014274
vt 0.030998 0.020187
vt 0.030998 0.000000
vt 0.036911 0.014274
vt 0.036911 0.005913
vt 0.000000 0.506159
vt 0.265109 0.395918
vt 0.374920 0.506159
vt 0.109812 0.395918
vt 0.374920 0.662062
vt 0.109812 0.772303
vt 0.265109 0.772303
vt 0.000000 0.662062
vt 0.344096 0.394453
vt 0.344096 0.000000
vt 0.500000 0.000000
vt 0.172048 0.394453
vt 0.172048 0.000000
vt 0.327952 0.000000
vt 0.376385 0.790371
vt 0.530824 0.395918
vt 0.376385 0.395918
vt 0.532289 0.790371
vt 0.532289 0.395918
vt 0.686728 0.395918
vt 0.000000 0.394453
vt 0.155904 0.000000
vt 0.000000 0.000000
vt 0.844096 0.395918
vt 0.998535 0.000000
vt 0.844096 0.000000
vt 0.516144 0.394453
vt 0.516144 0.000000
vt 0.672048 0.000000
vt 0.688192 0.395918
vt 0.842631 0.000000
vt 0.688192 0.000000
vt 0.000000 0.981812
vt 0.000000 0.000000
vt 0.006897 0.000000
vt 0.006897 0.981812
vt 0.016724 0.515840
vt 0.998535 0.515840
vt 0.998535 0.524202
vt 0.016724 0.524202
vt 0.016724 0.282123
vt 0.998535 0.282123
vt 0.998535 0.290484
vt 0.016724 0.290484
vt 0.016724 0.398982
vt 0.998535 0.398982
vt 0.998535 0.407343
vt 0.016724 0.407343
vt 0.016724 0.632699
vt 0.998535 0.632699
vt 0.998535 0.641061
vt 0.016724 0.641061
vt 0.016724 0.749558
vt 0.998535 0.749558
vt 0.998535 0.757920
vt 0.016724 0.757920
vt 0.008362 0.981812
vt 0.008362 0.000000
vt 0.015259 0.000000
vt 0.015259 0.981812
vt 0.016724 0.870598
vt 0.016724 0.868508
vt 0.507629 0.868508
vt 0.507629 0.870598
vt 0.507629 0.867463
vt 0.753082 0.867463
vt 0.753082 0.868508
vt 0.753082 0.866940
vt 0.875809 0.866940
vt 0.875809 0.867463
vt 0.875809 0.866679
vt 0.937172 0.866679
vt 0.937172 0.866940
vt 0.937172 0.866548
vt 0.967854 0.866548
vt 0.967854 0.866679
vt 0.016724 0.872689
vt 0.507629 0.872689
vt 0.507629 0.873734
vt 0.753082 0.872689
vt 0.753082 0.873734
vt 0.753082 0.874257
vt 0.875809 0.873734
vt 0.875809 0.874257
vt 0.875809 0.874518
vt 0.937172 0.874257
vt 0.937172 0.874518
vt 0.937172 0.874649
vt 0.967854 0.874518
vt 0.967854 0.874649
vt 0.998535 0.866417
vt 0.998535 0.874779
vt 0.016724 0.866417
vt 0.016724 0.874779
vt 0.022636 0.020187
vt 0.022636 0.000000
vt 0.016724 0.005913
vt 0.016724 0.014274
vt 0.030998 0.020187
vt 0.030998 0.000000
vt 0.036911 0.014274
vt 0.036911 0.005913
vt 0.000000 0.506159
vt 0.265109 0.395918
vt 0.374920 0.506159
vt 0.109812 0.395918
vt 0.374920 0.662062
vt 0.109812 0.772303
vt 0.265109 0.772303
vt 0.000000 0.662062
vt 0.344096 0.394453
vt 0.344096 0.000000
vt 0.500000 0.000000
vt 0.172048 0.394453
vt 0.172048 0.000000
vt 0.327952 0.000000
vt 0.376385 0.790371
vt 0.530824 0.395918
vt 0.376385 0.395918
vt 0.532289 0.790371
vt 0.532289 0.395918
vt 0.686728 0.395918
vt 0.000000 0.394453
vt 0.155904 0.000000
vt 0.000000 0.000000
vt 0.844096 0.395918
vt 0.998535 0.000000
vt 0.844096 0.000000
vt 0.516144 0.394453
vt 0.516144 0.000000
vt 0.672048 0.000000
vt 0.688192 0.395918
vt 0.842631 0.000000
vt 0.688192 0.000000
vt 0.000000 0.000000
vt 0.101476 0.000000
vt 0.101476 1.000000
vt 0.000000 1.000000
vt 0.101476 0.000000
vt 0.202952 0.000000
vt 0.202952 1.000000
vt 0.101476 1.000000
vt 0.202952 0.000000
vt 0.304428 0.000000
vt 0.304428 1.000000
vt 0.202952 1.000000
vt 0.304428 0.000000
vt 0.405904 0.000000
vt 0.405904 1.000000
vt 0.304428 1.000000
vt 0.405904 0.000000
vt 0.507380 0.000000
vt 0.507380 1.000000
vt 0.405904 1.000000
vt 0.507380 0.000000
vt 0.608855 0.000000
vt 0.608855 1.000000
vt 0.507380 1.000000
vt 0.608855 0.000000
vt 0.710331 0.000000
vt 0.710331 1.000000
vt 0.608855 1.000000
vt 0.710331 0.000000
vt 0.811807 0.000000
vt 0.811807 1.000000
vt 0.710331 1.000000
vt 0.811808 0.001804
vt 0.866926 0.006159
vt 0.811808 0.004355
vt 0.866926 0.000000
vt 0.944873 0.000000
vt 1.000000 0.004355
vt 1.000000 0.001804
vt 0.944882 0.006159
vt 0.811808 0.004355
vt 0.811808 0.001804
vt 0.866926 0.000000
vt 0.944873 0.006159
vt 0.866926 0.006159
vt 1.000000 0.001804
vt 1.000000 0.004355
vt 0.944882 0.000000
vt 0.000000 0.981812
vt 0.000000 0.000000
vt 0.006897 0.000000
vt 0.006897 0.981812
vt 0.016724 0.515840
vt 0.998535 0.515840
vt 0.998535 0.524202
vt 0.016724 0.524202
vt 0.016724 0.282123
vt 0.998535 0.282123
vt 0.998535 0.290484
vt 0.016724 0.290484
vt 0.016724 0.398982
vt 0.998535 0.398982
vt 0.998535 0.407343
vt 0.016724 0.407343
vt 0.016724 0.632699
vt 0.998535 0.632699
vt 0.998535 0.641061
vt 0.016724 0.641061
vt 0.016724 0.749558
vt 0.998535 0.749558
vt 0.998535 0.757920
vt 0.016724 0.757920
vt 0.008362 0.981812
vt 0.008362 0.000000
vt 0.015259 0.000000
vt 0.015259 0.981812
vt 0.016724 0.870598
vt 0.016724 0.868508
vt 0.507629 0.868508
vt 0.507629 0.870598
vt 0.507629 0.867463
vt 0.753082 0.867463
vt 0.753082 0.868508
vt 0.753082 0.866940
vt 0.875809 0.866940
vt 0.875809 0.867463
vt 0.875809 0.866679
vt 0.937172 0.866679
vt 0.937172 0.866940
vt 0.937172 0.866548
vt 0.967854 0.866548
vt 0.967854 0.866679
vt 0.016724 0.872689
vt 0.507629 0.872689
vt 0.507629 0.873734
vt 0.753082 0.872689
vt 0.753082 0.873734
vt 0.753082 0.874257
vt 0.875809 0.873734
vt 0.875809 0.874257
vt 0.875809 0.874518
vt 0.937172 0.874257
vt 0.937172 0.874518
vt 0.937172 0.874649
vt 0.967854 0.874518
vt 0.967854 0.874649
vt 0.998535 0.866417
vt 0.998535 0.874779
vt 0.016724 0.866417
vt 0.016724 0.874779
vt 0.022636 0.020187
vt 0.022636 0.000000
vt 0.016724 0.005913
vt 0.016724 0.014274
vt 0.030998 0.020187
vt 0.030998 0.000000
vt 0.036911 0.014274
vt 0.036911 0.005913
vt 0.000000 0.506159
vt 0.265109 0.395918
vt 0.374920 0.506159
vt 0.109812 0.395918
vt 0.374920 0.662062
vt 0.109812 0.772303
vt 0.265109 0.772303
vt 0.000000 0.662062
vt 0.344096 0.394453
vt 0.344096 0.000000
vt 0.500000 0.000000
vt 0.172048 0.394453
vt 0.172048 0.000000
vt 0.327952 0.000000
vt 0.376385 0.790371
vt 0.530824 0.395918
vt 0.376385 0.395918
vt 0.532289 0.790371
vt 0.532289 0.395918
vt 0.686728 0.395918
vt 0.000000 0.394453
vt 0.155904 0.000000
vt 0.000000 0.000000
vt 0.844096 0.395918
vt 0.998535 0.000000
vt 0.844096 0.000000
vt 0.516144 0.394453
vt 0.516144 0.000000
vt 0.672048 0.000000
vt 0.688192 0.395918
vt 0.842631 0.000000
vt 0.688192 0.000000
vt 0.000000 0.981812
vt 0.000000 0.000000
vt 0.006897 0.000000
vt 0.006897 0.981812
vt 0.016724 0.515840
vt 0.998535 0.515840
vt 0.998535 0.524202
vt 0.016724 0.524202
vt 0.016724 0.282123
vt 0.998535 0.282123
vt 0.998535 0.290484
vt 0.016724 0.290484
vt 0.016724 0.398982
vt 0.998535 0.398982
vt 0.998535 0.407343
vt 0.016724 0.407343
vt 0.016724 0.632699
vt 0.998535 0.632699
vt 0.998535 0.641061
vt 0.016724 0.641061
vt 0.016724 0.749558
vt 0.998535 0.749558
vt 0.998535 0.757920
vt 0.016724 0.757920
vt 0.008362 0.981812
vt 0.008362 0.000000
vt 0.015259 0.000000
vt 0.015259 0.981812
vt 0.016724 0.870598
vt 0.016724 0.868508
vt 0.507629 0.868508
vt 0.507629 0.870598
vt 0.507629 0.867463
vt 0.753082 0.867463
vt 0.753082 0.868508
vt 0.753082 0.866940
vt 0.875809 0.866940
vt 0.875809 0.867463
vt 0.875809 0.866679
vt 0.937172 0.866679
vt 0.937172 0.866940
vt 0.937172 0.866548
vt 0.967854 0.866548
vt 0.967854 0.866679
vt 0.016724 0.872689
vt 0.507629 0.872689
vt 0.507629 0.873734
vt 0.753082 0.872689
vt 0.753082 0.873734
vt 0.753082 0.874257
vt 0.875809 0.873734
vt 0.875809 0.874257
vt 0.875809 0.874518
vt 0.937172 0.874257
vt 0.937172 0.874518
vt 0.937172 0.874649
vt 0.967854 0.874518
vt 0.967854 0.874649
vt 0.998535 0.866417
vt 0.998535 0.874779
vt 0.016724 0.866417
vt 0.016724 0.874779
vt 0.022636 0.020187
vt 0.022636 0.000000
vt 0.016724 0.005913
vt 0.016724 0.014274
vt 0.030998 0.020187
vt 0.030998 0.000000
vt 0.036911 0.014274
vt 0.036911 0.005913
vt 0.000000 0.506159
vt 0.265109 0.395918
vt 0.374920 0.506159
vt 0.109812 0.395918
vt 0.374920 0.662062
vt 0.109812 0.772303
vt 0.265109 0.772303
vt 0.000000 0.662062
vt 0.344096 0.394453
vt 0.344096 0.000000
vt 0.500000 0.000000
vt 0.172048 0.394453
vt 0.172048 0.000000
vt 0.327952 0.000000
vt 0.376385 0.790371
vt 0.530824 0.395918
vt 0.376385 0.395918
vt 0.532289 0.790371
vt 0.532289 0.395918
vt 0.686728 0.395918
vt 0.000000 0.394453
vt 0.155904 0.000000
vt 0.000000 0.000000
vt 0.844096 0.395918
vt 0.998535 0.000000
vt 0.844096 0.000000
vt 0.516144 0.394453
vt 0.516144 0.000000
vt 0.672048 0.000000
vt 0.688192 0.395918
vt 0.842631 0.000000
vt 0.688192 0.000000
vt 0.000000 0.000000
vt 0.101476 0.000000
vt 0.101476 1.000000
vt 0.000000 1.000000
vt 0.101476 0.000000
vt 0.202952 0.000000
vt 0.202952 1.000000
vt 0.101476 1.000000
vt 0.202952 0.000000
vt 0.304428 0.000000
vt 0.304428 1.000000
vt 0.202952 1.000000
vt 0.304428 0.000000
vt 0.405904 0.000000
vt 0.405904 1.000000
vt 0.304428 1.000000
vt 0.405904 0.000000
vt 0.507380 0.000000
vt 0.507380 1.000000
vt 0.405904 1.000000
vt 0.507380 0.000000
vt 0.608855 0.000000
vt 0.608855 1.000000
vt 0.507380 1.000000
vt 0.608855 0.000000
vt 0.710331 0.000000
vt 0.710331 1.000000
vt 0.608855 1.000000
vt 0.710331 0.000000
vt 0.811807 0.000000
vt 0.811807 1.000000
vt 0.710331 1.000000
vt 0.811808 0.001804
vt 0.866926 0.006159
vt 0.811808 0.004355
vt 0.866926 0.000000
vt 0.944873 0.000000
vt 1.000000 0.004355
vt 1.000000 0.001804
vt 0.944882 0.006159
vt 0.811808 0.004355
vt 0.811808 0.001804
vt 0.866926 0.000000
vt 0.944873 0.006159
vt 0.866926 0.006159
vt 1.000000 0.001804
vt 1.000000 0.004355
vt 0.944882 0.000000
vt 0.000000 0.981812
vt 0.000000 0.000000
vt 0.006897 0.000000
vt 0.006897 0.981812
vt 0.016724 0.515840
vt 0.998535 0.515840
vt 0.998535 0.524202
vt 0.016724 0.524202
vt 0.016724 0.282123
vt 0.998535 0.282123
vt 0.998535 0.290484
vt 0.016724 0.290484
vt 0.016724 0.398982
vt 0.998535 0.398982
vt 0.998535 0.407343
vt 0.016724 0.407343
vt 0.016724 0.632699
vt 0.998535 0.632699
vt 0.998535 0.641061
vt 0.016724 0.641061
vt 0.016724 0.749558
vt 0.998535 0.749558
vt 0.998535 0.757920
vt 0.016724 0.757920
vt 0.008362 0.981812
vt 0.008362 0.000000
vt 0.015259 0.000000
vt 0.015259 0.981812
vt 0.016724 0.870598
vt 0.016724 0.868508
vt 0.507629 0.868508
vt 0.507629 0.870598
vt 0.507629 0.867463
vt 0.753082 0.867463
vt 0.753082 0.868508
vt 0.753082 0.866940
vt 0.875809 0.866940
vt 0.875809 0.867463
vt 0.875809 0.866679
vt 0.937172 0.866679
vt 0.937172 0.866940
vt 0.937172 0.866548
vt 0.967854 0.866548
vt 0.967854 0.866679
vt 0.016724 0.872689
vt 0.507629 0.872689
vt 0.507629 0.873734
vt 0.753082 0.872689
vt 0.753082 0.873734
vt 0.753082 0.874257
vt 0.875809 0.873734
vt 0.875809 0.874257
vt 0.875809 0.874518
vt 0.937172 0.874257
vt 0.937172 0.874518
vt 0.937172 0.874649
vt 0.967854 0.874518
vt 0.967854 0.874649
vt 0.998535 0.866417
vt 0.998535 0.874779
vt 0.016724 0.866417
vt 0.016724 0.874779
vt 0.022636 0.020187
vt 0.022636 0.000000
vt 0.016724 0.005913
vt 0.016724 0.014274
vt 0.030998 0.020187
vt 0.030998 0.000000
vt 0.036911 0.014274
vt 0.036911 0.005913
vt 0.000000 0.506159
vt 0.265109 0.395918
vt 0.374920 0.506159
vt 0.109812 0.395918
vt 0.374920 0.662062
vt 0.109812 0.772303
vt 0.265109 0.772303
vt 0.000000 0.662062
vt 0.344096 0.394453
vt 0.344096 0.000000
vt 0.500000 0.000000
vt 0.172048 0.394453
vt 0.172048 0.000000
vt 0.327952 0.000000
vt 0.376385 0.790371
vt 0.530824 0.395918
vt 0.376385 0.395918
vt 0.532289 0.790371
vt 0.532289 0.395918
vt 0.686728 0.395918
vt 0.000000 0.394453
vt 0.155904 0.000000
vt 0.000000 0.000000
vt 0.844096 0.395918
vt 0.998535 0.000000
vt 0.844096 0.000000
vt 0.516144 0.394453
vt 0.516144 0.000000
vt 0.672048 0.000000
vt 0.688192 0.395918
vt 0.842631 0.000000
vt 0.688192 0.000000
vt 0.000000 0.981812
vt 0.000000 0.000000
vt 0.006897 0.000000
vt 0.006897 0.981812
vt 0.016724 0.515840
vt 0.998535 0.515840
vt 0.998535 0.524202
vt 0.016724 0.524202
vt 0.016724 0.282123
vt 0.998535 0.282123
vt 0.998535 0.290484
vt 0.016724 0.290484
vt 0.016724 0.398982
vt 0.998535 0.398982
vt 0.998535 0.407343
vt 0.016724 0.407343
vt 0.016724 0.632699
vt 0.998535 0.632699
vt 0.998535 0.641061
vt 0.016724 0.641061
vt 0.016724 0.749558
vt 0.998535 0.749558
vt 0.998535 0.757920
vt 0.016724 0.757920
vt 0.008362 0.981812
vt 0.008362 0.000000
vt 0.015259 0.000000
vt 0.015259 0.981812
vt 0.016724 0.870598
vt 0.016724 0.868508
vt 0.507629 0.868508
vt 0.507629 0.870598
vt 0.507629 0.867463
vt 0.753082 0.867463
vt 0.753082 0.868508
vt 0.753082 0.866940
vt 0.875809 0.866940
vt 0.875809 0.867463
vt 0.875809 0.866679
vt 0.937172 0.866679
vt 0.937172 0.866940
vt 0.937172 0.866548
vt 0.967854 0.866548
vt 0.967854 0.866679
vt 0.016724 0.872689
vt 0.507629 0.872689
vt 0.507629 0.873734
vt 0.753082 0.872689
vt 0.753082 0.873734
vt 0.753082 0.874257
vt 0.875809 0.873734
vt 0.875809 0.874257
vt 0.875809 0.874518
vt 0.937172 0.874257
vt 0.937172 0.874518
vt 0.937172 0.874649
vt 0.967854 0.874518
vt 0.967854 0.874649
vt 0.998535 0.866417
vt 0.998535 0.874779
vt 0.016724 0.866417
vt 0.016724 0.874779
vt 0.022636 0.020187
vt 0.022636 0.000000
vt 0.016724 0.005913
vt 0.016724 0.014274
vt 0.030998 0.020187
vt 0.030998 0.000000
vt 0.036911 0.014274
vt 0.036911 0.005913
vt 0.000000 0.506159
vt 0.265109 0.395918
vt 0.374920 0.506159
vt 0.109812 0.395918
vt 0.374920 0.662062
vt 0.109812 0.772303
vt 0.265109 0.772303
vt 0.000000 0.662062
vt 0.344096 0.394453
vt 0.344096 0.000000
vt 0.500000 0.000000
vt 0.172048 0.394453
vt 0.172048 0.000000
vt 0.327952 0.000000
vt 0.376385 0.790371
vt 0.530824 0.395918
vt 0.376385 0.395918
vt 0.532289 0.790371
vt 0.532289 0.395918
vt 0.686728 0.395918
vt 0.000000 0.394453
vt 0.155904 0.000000
vt 0.000000 0.000000
vt 0.844096 0.395918
vt 0.998535 0.000000
vt 0.844096 0.000000
vt 0.516144 0.394453
vt 0.516144 0.000000
vt 0.672048 0.000000
vt 0.688192 0.395918
vt 0.842631 0.000000
vt 0.688192 0.000000
vt 0.811808 0.004355
vt 0.811808 0.001804
vt 0.866926 0.000000
vt 0.944873 0.006159
vt 0.866926 0.006159
vt 1.000000 0.001804
vt 1.000000 0.004355
vt 0.944882 0.000000
vt 0.688192 0.395918
vt 0.842631 0.000000
vt 0.688192 0.000000
vt 0.516144 0.394453
vt 0.516144 0.000000
vt 0.672048 0.000000
vt 0.844096 0.395918
vt 0.998535 0.000000
vt 0.844096 0.000000
vt 0.000000 0.394453
vt 0.155904 0.000000
vt 0.000000 0.000000
vt 0.532289 0.790371
vt 0.532289 0.395918
vt 0.686728 0.395918
vt 0.376385 0.790371
vt 0.530824 0.395918
vt 0.376385 0.395918
vt 0.172048 0.394453
vt 0.172048 0.000000
vt 0.327952 0.000000
vt 0.344096 0.394453
vt 0.344096 0.000000
vt 0.500000 0.000000
vt 0.000000 0.506159
vt 0.265109 0.395918
vt 0.374920 0.506159
vt 0.109812 0.395918
vt 0.374920 0.662062
vt 0.109812 0.772303
vt 0.265109 0.772303
vt 0.000000 0.662062
vt 0.022636 0.020187
vt 0.022636 0.000000
vt 0.016724 0.005913
vt 0.016724 0.014274
vt 0.030998 0.020187
vt 0.030998 0.000000
vt 0.036911 0.014274
vt 0.036911 0.005913
vt 0.016724 0.870598
vt 0.016724 0.868508
vt 0.507629 0.868508
vt 0.507629 0.870598
vt 0.507629 0.867463
vt 0.753082 0.867463
vt 0.753082 0.868508
vt 0.753082 0.866940
vt 0.875809 0.866940
vt 0.875809 0.867463
vt 0.875809 0.866679
vt 0.937172 0.866679
vt 0.937172 0.866940
vt 0.937172 0.866548
vt 0.967854 0.866548
vt 0.967854 0.866679
vt 0.016724 0.872689
vt 0.507629 0.872689
vt 0.507629 0.873734
vt 0.753082 0.872689
vt 0.753082 0.873734
vt 0.753082 0.874257
vt 0.875809 0.873734
vt 0.875809 0.874257
vt 0.875809 0.874518
vt 0.937172 0.874257
vt 0.937172 0.874518
vt 0.937172 0.874649
vt 0.967854 0.874518
vt 0.967854 0.874649
vt 0.998535 0.866417
vt 0.998535 0.874779
vt 0.016724 0.866417
vt 0.016724 0.874779
vt 0.008362 0.981812
vt 0.008362 0.000000
vt 0.015259 0.000000
vt 0.015259 0.981812
vt 0.016724 0.749558
vt 0.998535 0.749558
vt 0.998535 0.757920
vt 0.016724 0.757920
vt 0.016724 0.632699
vt 0.998535 0.632699
vt 0.998535 0.641061
vt 0.016724 0.641061
vt 0.016724 0.398982
vt 0.998535 0.398982
vt 0.998535 0.407343
vt 0.016724 0.407343
vt 0.016724 0.282123
vt 0.998535 0.282123
vt 0.998535 0.290484
vt 0.016724 0.290484
vt 0.016724 0.515840
vt 0.998535 0.515840
vt 0.998535 0.524202
vt 0.016724 0.524202
vt 0.000000 0.981812
vt 0.000000 0.000000
vt 0.006897 0.000000
vt 0.006897 0.981812
vt 0.811808 0.001804
vt 0.866926 0.006159
vt 0.811808 0.004355
vt 0.866926 0.000000
vt 0.944873 0.000000
vt 1.000000 0.004355
vt 1.000000 0.001804
vt 0.944882 0.006159
vt 0.000000 0.000000
vt 0.101476 0.000000
vt 0.101476 1.000000
vt 0.000000 1.000000
vt 0.101476 0.000000
vt 0.202952 0.000000
vt 0.202952 1.000000
vt 0.101476 1.000000
vt 0.202952 0.000000
vt 0.304428 0.000000
vt 0.304428 1.000000
vt 0.202952 1.000000
vt 0.304428 0.000000
vt 0.405904 0.000000
vt 0.405904 1.000000
vt 0.304428 1.000000
vt 0.405904 0.000000
vt 0.507380 0.000000
vt 0.507380 1.000000
vt 0.405904 1.000000
vt 0.507380 0.000000
vt 0.608855 0.000000
vt 0.608855 1.000000
vt 0.507380 1.000000
vt 0.608855 0.000000
vt 0.710331 0.000000
vt 0.710331 1.000000
vt 0.608855 1.000000
vt 0.710331 0.000000
vt 0.811807 0.000000
vt 0.811807 1.000000
vt 0.710331 1.000000
vt 0.000000 0.981812
vt 0.000000 0.000000
vt 0.006897 0.000000
vt 0.006897 0.981812
vt 0.016724 0.515840
vt 0.998535 0.515840
vt 0.998535 0.524202
vt 0.016724 0.524202
vt 0.016724 0.282123
vt 0.998535 0.282123
vt 0.998535 0.290484
vt 0.016724 0.290484
vt 0.016724 0.398982
vt 0.998535 0.398982
vt 0.998535 0.407343
vt 0.016724 0.407343
vt 0.016724 0.632699
vt 0.998535 0.632699
vt 0.998535 0.641061
vt 0.016724 0.641061
vt 0.016724 0.749558
vt 0.998535 0.749558
vt 0.998535 0.757920
vt 0.016724 0.757920
vt 0.008362 0.981812
vt 0.008362 0.000000
vt 0.015259 0.000000
vt 0.015259 0.981812
vt 0.016724 0.870598
vt 0.016724 0.868508
vt 0.507629 0.868508
vt 0.507629 0.870598
vt 0.507629 0.867463
vt 0.753082 0.867463
vt 0.753082 0.868508
vt 0.753082 0.866940
vt 0.875809 0.866940
vt 0.875809 0.867463
vt 0.875809 0.866679
vt 0.937172 0.866679
vt 0.937172 0.866940
vt 0.937172 0.866548
vt 0.967854 0.866548
vt 0.967854 0.866679
vt 0.016724 0.872689
vt 0.507629 0.872689
vt 0.507629 0.873734
vt 0.753082 0.872689
vt 0.753082 0.873734
vt 0.753082 0.874257
vt 0.875809 0.873734
vt 0.875809 0.874257
vt 0.875809 0.874518
vt 0.937172 0.874257
vt 0.937172 0.874518
vt 0.937172 0.874649
vt 0.967854 0.874518
vt 0.967854 0.874649
vt 0.998535 0.866417
vt 0.998535 0.874779
vt 0.016724 0.866417
vt 0.016724 0.874779
vt 0.022636 0.020187
vt 0.022636 0.000000
vt 0.016724 0.005913
vt 0.016724 0.014274
vt 0.030998 0.020187
vt 0.030998 0.000000
vt 0.036911 0.014274
vt 0.036911 0.005913
vt 0.000000 0.506159
vt 0.265109 0.395918
vt 0.374920 0.506159
vt 0.109812 0.395918
vt 0.374920 0.662062
vt 0.109812 0.772303
vt 0.265109 0.772303
vt 0.000000 0.662062
vt 0.344096 0.394453
vt 0.344096 0.000000
vt 0.500000 0.000000
vt 0.172048 0.394453
vt 0.172048 0.000000
vt 0.327952 0.000000
vt 0.376385 0.790371
vt 0.530824 0.395918
vt 0.376385 0.395918
vt 0.532289 0.790371
vt 0.532289 0.395918
vt 0.686728 0.395918
vt 0.000000 0.394453
vt 0.155904 0.000000
vt 0.000000 0.000000
vt 0.844096 0.395918
vt 0.998535 0.000000
vt 0.844096 0.000000
vt 0.516144 0.394453
vt 0.516144 0.000000
vt 0.672048 0.000000
vt 0.688192 0.395918
vt 0.842631 0.000000
vt 0.688192 0.000000
vt 0.000000 0.000000
vt 0.101476 0.000000
vt 0.101476 1.000000
vt 0.000000 1.000000
vt 0.101476 0.000000
vt 0.202952 0.000000
vt 0.202952 1.000000
vt 0.101476 1.000000
vt 0.202952 0.000000
vt 0.304428 0.000000
vt 0.304428 1.000000
vt 0.202952 1.000000
vt 0.304428 0.000000
vt 0.405903 0.000000
vt 0.405903 1.000000
vt 0.304428 1.000000
vt 0.405903 0.000000
vt 0.507379 0.000000
vt 0.507379 1.000000
vt 0.405903 1.000000
vt 0.507379 0.000000
vt 0.608855 0.000000
vt 0.608855 1.000000
vt 0.507379 1.000000
vt 0.608855 0.000000
vt 0.710331 0.000000
vt 0.710331 1.000000
vt 0.608855 1.000000
vt 0.710331 0.000000
vt 0.811807 0.000000
vt 0.811807 1.000000
vt 0.710331 1.000000
vt 1.000000 0.001546
vt 0.811808 0.003733
vt 0.866934 0.000000
vt 0.811808 0.001546
vt 0.944883 0.005279
vt 0.866926 0.005279
vt 1.000000 0.003733
vt 0.944882 0.000000
vt 1.000000 0.003733
vt 0.866934 0.005279
vt 0.811808 0.001546
vt 0.811808 0.003733
vt 0.944883 0.000000
vt 0.866926 0.000000
vt 1.000000 0.001546
vt 0.944882 0.005279
vt 0.688192 0.395918
vt 0.842631 0.000000
vt 0.688192 0.000000
vt 0.516144 0.394453
vt 0.516144 0.000000
vt 0.672048 0.000000
vt 0.844096 0.395918
vt 0.998535 0.000000
vt 0.844096 0.000000
vt 0.000000 0.394453
vt 0.155904 0.000000
vt 0.000000 0.000000
vt 0.532289 0.790371
vt 0.532289 0.395918
vt 0.686728 0.395918
vt 0.376385 0.790371
vt 0.530824 0.395918
vt 0.376385 0.395918
vt 0.172048 0.394453
vt 0.172048 0.000000
vt 0.327952 0.000000
vt 0.344096 0.394453
vt 0.344096 0.000000
vt 0.500000 0.000000
vt 0.000000 0.506159
vt 0.265109 0.395918
vt 0.374920 0.506159
vt 0.109812 0.395918
vt 0.374920 0.662062
vt 0.109812 0.772303
vt 0.265109 0.772303
vt 0.000000 0.662062
vt 0.022636 0.020187
vt 0.022636 0.000000
vt 0.016724 0.005913
vt 0.016724 0.014274
vt 0.030998 0.020187
vt 0.030998 0.000000
vt 0.036911 0.014274
vt 0.036911 0.005913
vt 0.016724 0.870598
vt 0.016724 0.868508
vt 0.507629 0.868508
vt 0.507629 0.870598
vt 0.507629 0.867463
vt 0.753082 0.867463
vt 0.753082 0.868508
vt 0.753082 0.866940
vt 0.875809 0.866940
vt 0.875809 0.867463
vt 0.875809 0.866679
vt 0.937172 0.866679
vt 0.937172 0.866940
vt 0.937172 0.866548
vt 0.967854 0.866548
vt 0.967854 0.866679
vt 0.016724 0.872689
vt 0.507629 0.872689
vt 0.507629 0.873734
vt 0.753082 0.872689
vt 0.753082 0.873734
vt 0.753082 0.874257
vt 0.875809 0.873734
vt 0.875809 0.874257
vt 0.875809 0.874518
vt 0.937172 0.874257
vt 0.937172 0.874518
vt 0.937172 0.874649
vt 0.967854 0.874518
vt 0.967854 0.874649
vt 0.998535 0.866417
vt 0.998535 0.874779
vt 0.016724 0.866417
vt 0.016724 0.874779
vt 0.008362 0.981812
vt 0.008362 0.000000
vt 0.015259 0.000000
vt 0.015259 0.981812
vt 0.016724 0.749558
vt 0.998535 0.749558
vt 0.998535 0.757920
vt 0.016724 0.757920
vt 0.016724 0.632699
vt 0.998535 0.632699
vt 0.998535 0.641061
vt 0.016724 0.641061
vt 0.016724 0.398982
vt 0.998535 0.398982
vt 0.998535 0.407343
vt 0.016724 0.407343
vt 0.016724 0.282123
vt 0.998535 0.282123
vt 0.998535 0.290484
vt 0.016724 0.290484
vt 0.016724 0.515840
vt 0.998535 0.515840
vt 0.998535 0.524202
vt 0.016724 0.524202
vt 0.000000 0.981812
vt 0.000000 0.000000
vt 0.006897 0.000000
vt 0.006897 0.981812
vt 0.811808 0.001804
vt 0.866926 0.006159
vt 0.811808 0.004355
vt 0.866926 0.000000
vt 0.944873 0.000000
vt 1.000000 0.004355
vt 1.000000 0.001804
vt 0.944882 0.006159
vt 0.000000 0.000000
vt 0.101476 0.000000
vt 0.101476 1.000000
vt 0.000000 1.000000
vt 0.101476 0.000000
vt 0.202952 0.000000
vt 0.202952 1.000000
vt 0.101476 1.000000
vt 0.202952 0.000000
vt 0.304428 0.000000
vt 0.304428 1.000000
vt 0.202952 1.000000
vt 0.304428 0.000000
vt 0.405904 0.000000
vt 0.405904 1.000000
vt 0.304428 1.000000
vt 0.405904 0.000000
vt 0.507380 0.000000
vt 0.507380 1.000000
vt 0.405904 1.000000
vt 0.507380 0.000000
vt 0.608855 0.000000
vt 0.608855 1.000000
vt 0.507380 1.000000
vt 0.608855 0.000000
vt 0.710331 0.000000
vt 0.710331 1.000000
vt 0.608855 1.000000
vt 0.710331 0.000000
vt 0.811807 0.000000
vt 0.811807 1.000000
vt 0.710331 1.000000
vt 0.000000 0.981812
vt 0.000000 0.000000
vt 0.006897 0.000000
vt 0.006897 0.981812
vt 0.016724 0.515840
vt 0.998535 0.515840
vt 0.998535 0.524202
vt 0.016724 0.524202
vt 0.016724 0.282123
vt 0.998535 0.282123
vt 0.998535 0.290484
vt 0.016724 0.290484
vt 0.016724 0.398982
vt 0.998535 0.398982
vt 0.998535 0.407343
vt 0.016724 0.407343
vt 0.016724 0.632699
vt 0.998535 0.632699
vt 0.998535 0.641061
vt 0.016724 0.641061
vt 0.016724 0.749558
vt 0.998535 0.749558
vt 0.998535 0.757920
vt 0.016724 0.757920
vt 0.008362 0.981812
vt 0.008362 0.000000
vt 0.015259 0.000000
vt 0.015259 0.981812
vt 0.016724 0.870598
vt 0.016724 0.868508
vt 0.507629 0.868508
vt 0.507629 0.870598
vt 0.507629 0.867463
vt 0.753082 0.867463
vt 0.753082 0.868508
vt 0.753082 0.866940
vt 0.875809 0.866940
vt 0.875809 0.867463
vt 0.875809 0.866679
vt 0.937172 0.866679
vt 0.937172 0.866940
vt 0.937172 0.866548
vt 0.967854 0.866548
vt 0.967854 0.866679
vt 0.016724 0.872689
vt 0.507629 0.872689
vt 0.507629 0.873734
vt 0.753082 0.872689
vt 0.753082 0.873734
vt 0.753082 0.874257
vt 0.875809 0.873734
vt 0.875809 0.874257
vt 0.875809 0.874518
vt 0.937172 0.874257
vt 0.937172 0.874518
vt 0.937172 0.874649
vt 0.967854 0.874518
vt 0.967854 0.874649
vt 0.998535 0.866417
vt 0.998535 0.874779
vt 0.016724 0.866417
vt 0.016724 0.874779
vt 0.022636 0.020187
vt 0.022636 0.000000
vt 0.016724 0.005913
vt 0.016724 0.014274
vt 0.030998 0.020187
vt 0.030998 0.000000
vt 0.036911 0.014274
vt 0.036911 0.005913
vt 0.000000 0.506159
vt 0.265109 0.395918
vt 0.374920 0.506159
vt 0.109812 0.395918
vt 0.374920 0.662062
vt 0.109812 0.772303
vt 0.265109 0.772303
vt 0.000000 0.662062
vt 0.344096 0.394453
vt 0.344096 0.000000
vt 0.500000 0.000000
vt 0.172048 0.394453
vt 0.172048 0.000000
vt 0.327952 0.000000
vt 0.376385 0.790371
vt 0.530824 0.395918
vt 0.376385 0.395918
vt 0.532289 0.790371
vt 0.532289 0.395918
vt 0.686728 0.395918
vt 0.000000 0.394453
vt 0.155904 0.000000
vt 0.000000 0.000000
vt 0.844096 0.395918
vt 0.998535 0.000000
vt 0.844096 0.000000
vt 0.516144 0.394453
vt 0.516144 0.000000
vt 0.672048 0.000000
vt 0.688192 0.395918
vt 0.842631 0.000000
vt 0.688192 0.000000
vt 0.000000 0.000000
vt 0.101476 0.000000
vt 0.101476 1.000000
vt 0.000000 1.000000
vt 0.101476 0.000000
vt 0.202952 0.000000
vt 0.202952 1.000000
vt 0.101476 1.000000
vt 0.202952 0.000000
vt 0.304428 0.000000
vt 0.304428 1.000000
vt 0.202952 1.000000
vt 0.304428 0.000000
vt 0.405903 0.000000
vt 0.405903 1.000000
vt 0.304428 1.000000
vt 0.405903 0.000000
vt 0.507379 0.000000
vt 0.507379 1.000000
vt 0.405903 1.000000
vt 0.507379 0.000000
vt 0.608855 0.000000
vt 0.608855 1.000000
vt 0.507379 1.000000
vt 0.608855 0.000000
vt 0.710331 0.000000
vt 0.710331 1.000000
vt 0.608855 1.000000
vt 0.710331 0.000000
vt 0.811807 0.000000
vt 0.811807 1.000000
vt 0.710331 1.000000
vt 1.000000 0.001546
vt 0.811808 0.003733
vt 0.866934 0.000000
vt 0.811808 0.001546
vt 0.944883 0.005279
vt 0.866926 0.005279
vt 1.000000 0.003733
vt 0.944882 0.000000
vt 1.000000 0.003733
vt 0.866934 0.005279
vt 0.811808 0.001546
vt 0.811808 0.003733
vt 0.944883 0.000000
vt 0.866926 0.000000
vt 1.000000 0.001546
vt 0.944882 0.005279
vt 0.688192 0.395918
vt 0.842631 0.000000
vt 0.688192 0.000000
vt 0.516144 0.394453
vt 0.516144 0.000000
vt 0.672048 0.000000
vt 0.844096 0.395918
vt 0.998535 0.000000
vt 0.844096 0.000000
vt 0.000000 0.394453
vt 0.155904 0.000000
vt 0.000000 0.000000
vt 0.532289 0.790371
vt 0.532289 0.395918
vt 0.686728 0.395918
vt 0.376385 0.790371
vt 0.530824 0.395918
vt 0.376385 0.395918
vt 0.172048 0.394453
vt 0.172048 0.000000
vt 0.327952 0.000000
vt 0.344096 0.394453
vt 0.344096 0.000000
vt 0.500000 0.000000
vt 0.000000 0.506159
vt 0.265109 0.395918
vt 0.374920 0.506159
vt 0.109812 0.395918
vt 0.374920 0.662062
vt 0.109812 0.772303
vt 0.265109 0.772303
vt 0.000000 0.662062
vt 0.022636 0.020187
vt 0.022636 0.000000
vt 0.016724 0.005913
vt 0.016724 0.014274
vt 0.030998 0.020187
vt 0.030998 0.000000
vt 0.036911 0.014274
vt 0.036911 0.005913
vt 0.016724 0.870598
vt 0.016724 0.868508
vt 0.507629 0.868508
vt 0.507629 0.870598
vt 0.507629 0.867463
vt 0.753082 0.867463
vt 0.753082 0.868508
vt 0.753082 0.866940
vt 0.875809 0.866940
vt 0.875809 0.867463
vt 0.875809 0.866679
vt 0.937172 0.866679
vt 0.937172 0.866940
vt 0.937172 0.866548
vt 0.967854 0.866548
vt 0.967854 0.866679
vt 0.016724 0.872689
vt 0.507629 0.872689
vt 0.507629 0.873734
vt 0.753082 0.872689
vt 0.753082 0.873734
vt 0.753082 0.874257
vt 0.875809 0.873734
vt 0.875809 0.874257
vt 0.875809 0.874518
vt 0.937172 0.874257
vt 0.937172 0.874518
vt 0.937172 0.874649
vt 0.967854 0.874518
vt 0.967854 0.874649
vt 0.998535 0.866417
vt 0.998535 0.874779
vt 0.016724 0.866417
vt 0.016724 0.874779
vt 0.008362 0.981812
vt 0.008362 0.000000
vt 0.015259 0.000000
vt 0.015259 0.981812
vt 0.016724 0.749558
vt 0.998535 0.749558
vt 0.998535 0.757920
vt 0.016724 0.757920
vt 0.016724 0.632699
vt 0.998535 0.632699
vt 0.998535 0.641061
vt 0.016724 0.641061
vt 0.016724 0.398982
vt 0.998535 0.398982
vt 0.998535 0.407343
vt 0.016724 0.407343
vt 0.016724 0.282123
vt 0.998535 0.282123
vt 0.998535 0.290484
vt 0.016724 0.290484
vt 0.016724 0.515840
vt 0.998535 0.515840
vt 0.998535 0.524202
vt 0.016724 0.524202
vt 0.000000 0.981812
vt 0.000000 0.000000
vt 0.006897 0.000000
vt 0.006897 0.981812
vt 0.811808 0.001804
vt 0.866926 0.006159
vt 0.811808 0.004355
vt 0.866926 0.000000
vt 0.944873 0.000000
vt 1.000000 0.004355
vt 1.000000 0.001804
vt 0.944882 0.006159
vt 0.000000 0.000000
vt 0.101476 0.000000
vt 0.101476 1.000000
vt 0.000000 1.000000
vt 0.101476 0.000000
vt 0.202952 0.000000
vt 0.202952 1.000000
vt 0.101476 1.000000
vt 0.202952 0.000000
vt 0.304428 0.000000
vt 0.304428 1.000000
vt 0.202952 1.000000
vt 0.304428 0.000000
vt 0.405904 0.000000
vt 0.405904 1.000000
vt 0.304428 1.000000
vt 0.405904 0.000000
vt 0.507380 0.000000
vt 0.507380 1.000000
vt 0.405904 1.000000
vt 0.507380 0.000000
vt 0.608855 0.000000
vt 0.608855 1.000000
vt 0.507380 1.000000
vt 0.608855 0.000000
vt 0.710331 0.000000
vt 0.710331 1.000000
vt 0.608855 1.000000
vt 0.710331 0.000000
vt 0.811807 0.000000
vt 0.811807 1.000000
vt 0.710331 1.000000
vt 0.000000 0.981812
vt 0.000000 0.000000
vt 0.006897 0.000000
vt 0.006897 0.981812
vt 0.016724 0.515840
vt 0.998535 0.515840
vt 0.998535 0.524202
vt 0.016724 0.524202
vt 0.016724 0.282123
vt 0.998535 0.282123
vt 0.998535 0.290484
vt 0.016724 0.290484
vt 0.016724 0.398982
vt 0.998535 0.398982
vt 0.998535 0.407343
vt 0.016724 0.407343
vt 0.016724 0.632699
vt 0.998535 0.632699
vt 0.998535 0.641061
vt 0.016724 0.641061
vt 0.016724 0.749558
vt 0.998535 0.749558
vt 0.998535 0.757920
vt 0.016724 0.757920
vt 0.008362 0.981812
vt 0.008362 0.000000
vt 0.015259 0.000000
vt 0.015259 0.981812
vt 0.016724 0.870598
vt 0.016724 0.868508
vt 0.507629 0.868508
vt 0.507629 0.870598
vt 0.507629 0.867463
vt 0.753082 0.867463
vt 0.753082 0.868508
vt 0.753082 0.866940
vt 0.875809 0.866940
vt 0.875809 0.867463
vt 0.875809 0.866679
vt 0.937172 0.866679
vt 0.937172 0.866940
vt 0.937172 0.866548
vt 0.967854 0.866548
vt 0.967854 0.866679
vt 0.016724 0.872689
vt 0.507629 0.872689
vt 0.507629 0.873734
vt 0.753082 0.872689
vt 0.753082 0.873734
vt 0.753082 0.874257
vt 0.875809 0.873734
vt 0.875809 0.874257
vt 0.875809 0.874518
vt 0.937172 0.874257
vt 0.937172 0.874518
vt 0.937172 0.874649
vt 0.967854 0.874518
vt 0.967854 0.874649
vt 0.998535 0.866417
vt 0.998535 0.874779
vt 0.016724 0.866417
vt 0.016724 0.874779
vt 0.022636 0.020187
vt 0.022636 0.000000
vt 0.016724 0.005913
vt 0.016724 0.014274
vt 0.030998 0.020187
vt 0.030998 0.000000
vt 0.036911 0.014274
vt 0.036911 0.005913
vt 0.000000 0.506159
vt 0.265109 0.395918
vt 0.374920 0.506159
vt 0.109812 0.395918
vt 0.374920 0.662062
vt 0.109812 0.772303
vt 0.265109 0.772303
vt 0.000000 0.662062
vt 0.344096 0.394453
vt 0.344096 0.000000
vt 0.500000 0.000000
vt 0.172048 0.394453
vt 0.172048 0.000000
vt 0.327952 0.000000
vt 0.376385 0.790371
vt 0.530824 0.395918
vt 0.376385 0.395918
vt 0.532289 0.790371
vt 0.532289 0.395918
vt 0.686728 0.395918
vt 0.000000 0.394453
vt 0.155904 0.000000
vt 0.000000 0.000000
vt 0.844096 0.395918
vt 0.998535 0.000000
vt 0.844096 0.000000
vt 0.516144 0.394453
vt 0.516144 0.000000
vt 0.672048 0.000000
vt 0.688192 0.395918
vt 0.842631 0.000000
vt 0.688192 0.000000
vt 0.000000 0.000000
vt 0.101476 0.000000
vt 0.101476 1.000000
vt 0.000000 1.000000
vt 0.101476 0.000000
vt 0.202952 0.000000
vt 0.202952 1.000000
vt 0.101476 1.000000
vt 0.202952 0.000000
vt 0.304428 0.000000
vt 0.304428 1.000000
vt 0.202952 1.000000
vt 0.304428 0.000000
vt 0.405903 0.000000
vt 0.405903 1.000000
vt 0.304428 1.000000
vt 0.405903 0.000000
vt 0.507379 0.000000
vt 0.507379 1.000000
vt 0.405903 1.000000
vt 0.507379 0.000000
vt 0.608855 0.000000
vt 0.608855 1.000000
vt 0.507379 1.000000
vt 0.608855 0.000000
vt 0.710331 0.000000
vt 0.710331 1.000000
vt 0.608855 1.000000
vt 0.710331 0.000000
vt 0.811807 0.000000
vt 0.811807 1.000000
vt 0.710331 1.000000
vt 1.000000 0.001546
vt 0.811808 0.003733
vt 0.866934 0.000000
vt 0.811808 0.001546
vt 0.944883 0.005279
vt 0.866926 0.005279
vt 1.000000 0.003733
vt 0.944882 0.000000
vt 1.000000 0.003733
vt 0.866934 0.005279
vt 0.811808 0.001546
vt 0.811808 0.003733
vt 0.944883 0.000000
vt 0.866926 0.000000
vt 1.000000 0.001546
vt 0.944882 0.005279
vt 0.688192 0.395918
vt 0.842631 0.000000
vt 0.688192 0.000000
vt 0.516144 0.394453
vt 0.516144 0.000000
vt 0.672048 0.000000
vt 0.844096 0.395918
vt 0.998535 0.000000
vt 0.844096 0.000000
vt 0.000000 0.394453
vt 0.155904 0.000000
vt 0.000000 0.000000
vt 0.532289 0.790371
vt 0.532289 0.395918
vt 0.686728 0.395918
vt 0.376385 0.790371
vt 0.530824 0.395918
vt 0.376385 0.395918
vt 0.172048 0.394453
vt 0.172048 0.000000
vt 0.327952 0.000000
vt 0.344096 0.394453
vt 0.344096 0.000000
vt 0.500000 0.000000
vt 0.000000 0.506159
vt 0.265109 0.395918
vt 0.374920 0.506159
vt 0.109812 0.395918
vt 0.374920 0.662062
vt 0.109812 0.772303
vt 0.265109 0.772303
vt 0.000000 0.662062
vt 0.022636 0.020187
vt 0.022636 0.000000
vt 0.016724 0.005913
vt 0.016724 0.014274
vt 0.030998 0.020187
vt 0.030998 0.000000
vt 0.036911 0.014274
vt 0.036911 0.005913
vt 0.016724 0.870598
vt 0.016724 0.868508
vt 0.507629 0.868508
vt 0.507629 0.870598
vt 0.507629 0.867463
vt 0.753082 0.867463
vt 0.753082 0.868508
vt 0.753082 0.866940
vt 0.875809 0.866940
vt 0.875809 0.867463
vt 0.875809 0.866679
vt 0.937172 0.866679
vt 0.937172 0.866940
vt 0.937172 0.866548
vt 0.967854 0.866548
vt 0.967854 0.866679
vt 0.016724 0.872689
vt 0.507629 0.872689
vt 0.507629 0.873734
vt 0.753082 0.872689
vt 0.753082 0.873734
vt 0.753082 0.874257
vt 0.875809 0.873734
vt 0.875809 0.874257
vt 0.875809 0.874518
vt 0.937172 0.874257
vt 0.937172 0.874518
vt 0.937172 0.874649
vt 0.967854 0.874518
vt 0.967854 0.874649
vt 0.998535 0.866417
vt 0.998535 0.874779
vt 0.016724 0.866417
vt 0.016724 0.874779
vt 0.008362 0.981812
vt 0.008362 0.000000
vt 0.015259 0.000000
vt 0.015259 0.981812
vt 0.016724 0.749558
vt 0.998535 0.749558
vt 0.998535 0.757920
vt 0.016724 0.757920
vt 0.016724 0.632699
vt 0.998535 0.632699
vt 0.998535 0.641061
vt 0.016724 0.641061
vt 0.016724 0.398982
vt 0.998535 0.398982
vt 0.998535 0.407343
vt 0.016724 0.407343
vt 0.016724 0.282123
vt 0.998535 0.282123
vt 0.998535 0.290484
vt 0.016724 0.290484
vt 0.016724 0.515840
vt 0.998535 0.515840
vt 0.998535 0.524202
vt 0.016724 0.524202
vt 0.000000 0.981812
vt 0.000000 0.000000
vt 0.006897 0.000000
vt 0.006897 0.981812
vt 0.811808 0.001804
vt 0.866926 0.006159
vt 0.811808 0.004355
vt 0.866926 0.000000
vt 0.944873 0.000000
vt 1.000000 0.004355
vt 1.000000 0.001804
vt 0.944882 0.006159
vt 0.000000 0.000000
vt 0.101476 0.000000
vt 0.101476 1.000000
vt 0.000000 1.000000
vt 0.101476 0.000000
vt 0.202952 0.000000
vt 0.202952 1.000000
vt 0.101476 1.000000
vt 0.202952 0.000000
vt 0.304428 0.000000
vt 0.304428 1.000000
vt 0.202952 1.000000
vt 0.304428 0.000000
vt 0.405904 0.000000
vt 0.405904 1.000000
vt 0.304428 1.000000
vt 0.405904 0.000000
vt 0.507380 0.000000
vt 0.507380 1.000000
vt 0.405904 1.000000
vt 0.507380 0.000000
vt 0.608855 0.000000
vt 0.608855 1.000000
vt 0.507380 1.000000
vt 0.608855 0.000000
vt 0.710331 0.000000
vt 0.710331 1.000000
vt 0.608855 1.000000
vt 0.710331 0.000000
vt 0.811807 0.000000
vt 0.811807 1.000000
vt 0.710331 1.000000
vt 0.000000 0.981812
vt 0.000000 0.000000
vt 0.006897 0.000000
vt 0.006897 0.981812
vt 0.016724 0.515840
vt 0.998535 0.515840
vt 0.998535 0.524202
vt 0.016724 0.524202
vt 0.016724 0.282123
vt 0.998535 0.282123
vt 0.998535 0.290484
vt 0.016724 0.290484
vt 0.016724 0.398982
vt 0.998535 0.398982
vt 0.998535 0.407343
vt 0.016724 0.407343
vt 0.016724 0.632699
vt 0.998535 0.632699
vt 0.998535 0.641061
vt 0.016724 0.641061
vt 0.016724 0.749558
vt 0.998535 0.749558
vt 0.998535 0.757920
vt 0.016724 0.757920
vt 0.008362 0.981812
vt 0.008362 0.000000
vt 0.015259 0.000000
vt 0.015259 0.981812
vt 0.016724 0.870598
vt 0.016724 0.868508
vt 0.507629 0.868508
vt 0.507629 0.870598
vt 0.507629 0.867463
vt 0.753082 0.867463
vt 0.753082 0.868508
vt 0.753082 0.866940
vt 0.875809 0.866940
vt 0.875809 0.867463
vt 0.875809 0.866679
vt 0.937172 0.866679
vt 0.937172 0.866940
vt 0.937172 0.866548
vt 0.967854 0.866548
vt 0.967854 0.866679
vt 0.016724 0.872689
vt 0.507629 0.872689
vt 0.507629 0.873734
vt 0.753082 0.872689
vt 0.753082 0.873734
vt 0.753082 0.874257
vt 0.875809 0.873734
vt 0.875809 0.874257
vt 0.875809 0.874518
vt 0.937172 0.874257
vt 0.937172 0.874518
vt 0.937172 0.874649
vt 0.967854 0.874518
vt 0.967854 0.874649
vt 0.998535 0.866417
vt 0.998535 0.874779
vt 0.016724 0.866417
vt 0.016724 0.874779
vt 0.022636 0.020187
vt 0.022636 0.000000
vt 0.016724 0.005913
vt 0.016724 0.014274
vt 0.030998 0.020187
vt 0.030998 0.000000
vt 0.036911 0.014274
vt 0.036911 0.005913
vt 0.000000 0.506159
vt 0.265109 0.395918
vt 0.374920 0.506159
vt 0.109812 0.395918
vt 0.374920 0.662062
vt 0.109812 0.772303
vt 0.265109 0.772303
vt 0.000000 0.662062
vt 0.344096 0.394453
vt 0.344096 0.000000
vt 0.500000 0.000000
vt 0.172048 0.394453
vt 0.172048 0.000000
vt 0.327952 0.000000
vt 0.376385 0.790371
vt 0.530824 0.395918
vt 0.376385 0.395918
vt 0.532289 0.790371
vt 0.532289 0.395918
vt 0.686728 0.395918
vt 0.000000 0.394453
vt 0.155904 0.000000
vt 0.000000 0.000000
vt 0.844096 0.395918
vt 0.998535 0.000000
vt 0.844096 0.000000
vt 0.516144 0.394453
vt 0.516144 0.000000
vt 0.672048 0.000000
vt 0.688192 0.395918
vt 0.842631 0.000000
vt 0.688192 0.000000
vt 0.000000 0.000000
vt 0.101476 0.000000
vt 0.101476 1.000000
vt 0.000000 1.000000
vt 0.101476 0.000000
vt 0.202952 0.000000
vt 0.202952 1.000000
vt 0.101476 1.000000
vt 0.202952 0.000000
vt 0.304428 0.000000
vt 0.304428 1.000000
vt 0.202952 1.000000
vt 0.304428 0.000000
vt 0.405903 0.000000
vt 0.405903 1.000000
vt 0.304428 1.000000
vt 0.405903 0.000000
vt 0.507379 0.000000
vt 0.507379 1.000000
vt 0.405903 1.000000
vt 0.507379 0.000000
vt 0.608855 0.000000
vt 0.608855 1.000000
vt 0.507379 1.000000
vt 0.608855 0.000000
vt 0.710331 0.000000
vt 0.710331 1.000000
vt 0.608855 1.000000
vt 0.710331 0.000000
vt 0.811807 0.000000
vt 0.811807 1.000000
vt 0.710331 1.000000
vt 1.000000 0.001546
vt 0.811808 0.003733
vt 0.866934 0.000000
vt 0.811808 0.001546
vt 0.944883 0.005279
vt 0.866926 0.005279
vt 1.000000 0.003733
vt 0.944882 0.000000
vt 1.000000 0.003733
vt 0.866934 0.005279
vt 0.811808 0.001546
vt 0.811808 0.003733
vt 0.944883 0.000000
vt 0.866926 0.000000
vt 1.000000 0.001546
vt 0.944882 0.005279
vn -0.923870 -0.382706 0.000000
vn -0.923870 -0.382706 0.000000
vn -0.923870 -0.382706 0.000000
vn -0.923870 -0.382706 0.000000
vn -0.382664 -0.923888 0.000000
vn -0.382664 -0.923888 0.000000
vn -0.382664 -0.923888 0.000000
vn -0.382664 -0.923888 0.000000
vn 0.382664 -0.923888 0.000000
vn 0.382664 -0.923888 0.000000
vn 0.382664 -0.923888 0.000000
vn 0.382664 -0.923888 0.000000
vn 0.923870 -0.382705 0.000000
vn 0.923870 -0.382705 0.000000
vn 0.923870 -0.382705 0.000000
vn 0.923870 -0.382705 0.000000
vn 0.923889 0.382662 0.000000
vn 0.923889 0.382662 0.000000
vn 0.923889 0.382662 0.000000
vn 0.923889 0.382662 0.000000
vn 0.382664 0.923888 0.000000
vn 0.382664 0.923888 0.000000
vn 0.382664 0.923888 0.000000
vn 0.382664 0.923888 0.000000
vn -0.382664 0.923888 0.000000
vn -0.382664 0.923888 0.000000
vn -0.382664 0.923888 0.000000
vn -0.382664 0.923888 0.000000
vn -0.923889 0.382661 0.000000
vn -0.923889 0.382661 0.000000
vn -0.923889 0.382661 0.000000
vn -0.923889 0.382661 0.000000
vn 0.000000 -0.000000 -1.000000
vn 0.000000 -0.000000 -1.000000
vn 0.000000 -0.000000 -1.000000
vn 0.000000 -0.000000 -1.000000
vn 0.000000 -0.000000 -1.000000
vn 0.000000 -0.000000 -1.000000
vn 0.000000 -0.000000 -1.000000
vn 0.000000 -0.000000 -1.000000
vn -0.000000 0.000000 1.000000
vn -0.000000 0.000000 1.000000
vn -0.000000 0.000000 1.000000
vn -0.000000 0.000000 1.000000
vn -0.000000 0.000000 1.000000
vn -0.000000 0.000000 1.000000
vn -0.000000 0.000000 1.000000
vn -0.000000 0.000000 1.000000
vn 0.923880 -0.382684 -0.000000
vn 0.923880 -0.382684 -0.000000
vn 0.923880 -0.382684 -0.000000
vn 0.923880 -0.382684 -0.000000
vn 0.382683 -0.923880 -0.000000
vn 0.382683 -0.923880 -0.000000
vn 0.382683 -0.923880 -0.000000
vn 0.382683 -0.923880 -0.000000
vn -0.382684 -0.923880 0.000000
vn -0.382684 -0.923880 0.000000
vn -0.382684 -0.923880 0.000000
vn -0.382684 -0.923880 0.000000
vn -0.923880 -0.382683 0.000000
vn -0.923880 -0.382683 0.000000
vn -0.923880 -0.382683 0.000000
vn -0.923880 -0.382683 0.000000
vn -0.923880 0.382684 0.000000
vn -0.923880 0.382684 0.000000
vn -0.923880 0.382684 0.000000
vn -0.923880 0.382684 0.000000
vn -0.382683 0.923880 0.000000
vn -0.382683 0.923880 0.000000
vn -0.382683 0.923880 0.000000
vn -0.382683 0.923880 0.000000
vn 0.382684 0.923880 0.000000
vn 0.382684 0.923880 0.000000
vn 0.382684 0.923880 0.000000
vn 0.382684 0.923880 0.000000
vn 0.923880 0.382683 -0.000000
vn 0.923880 0.382683 0.000000
vn 0.923880 0.382683 0.000000
vn 0.923880 0.382683 0.000000
vn 0.923880 0.382683 0.000000
vn 0.923880 0.382683 0.000000
vn 0.923880 0.382683 0.000000
vn 0.923880 0.382683 0.000000
vn 0.923880 0.382683 0.000000
vn 0.923880 0.382683 0.000000
vn 0.923880 0.382683 0.000000
vn 0.923880 0.382683 0.000000
vn 0.923880 0.382683 0.000000
vn 0.923880 0.382683 0.000000
vn 0.923880 0.382683 0.000000
vn 0.923880 0.382683 0.000000
vn 0.923880 0.382683 0.000000
vn 0.923880 0.382683 0.000000
vn 0.923880 0.382683 0.000000
vn 0.923880 0.382683 0.000000
vn 0.923880 0.382683 0.000000
vn 0.923880 0.382683 0.000000
vn 0.923880 0.382683 0.000000
vn 0.923880 0.382683 0.000000
vn 0.923880 0.382683 0.000000
vn 0.923880 0.382683 0.000000
vn 0.923880 0.382683 0.000000
vn 0.923880 0.382683 0.000000
vn 0.923880 0.382683 0.000000
vn 0.923880 0.382683 0.000000
vn 0.923880 0.382683 0.000000
vn 0.923880 0.382683 0.000000
vn 0.923880 0.382683 0.000000
vn 0.923880 0.382683 0.000000
vn -0.000000 0.000000 1.000000
vn -0.000000 0.000000 1.000000
vn -0.000000 0.000000 1.000000
vn -0.000000 0.000000 1.000000
vn -0.000000 0.000000 1.000000
vn -0.000000 0.000000 1.000000
vn -0.000000 0.000000 1.000000
vn -0.000000 0.000000 1.000000
vn -0.000000 0.000000 -1.000000
vn -0.000000 0.000000 -1.000000
vn -0.000000 0.000000 -1.000000
vn -0.000000 0.000000 -1.000000
vn -0.000000 0.000000 -1.000000
vn -0.000000 0.000000 -1.000000
vn -0.000000 0.000000 -1.000000
vn -0.000000 0.000000 -1.000000
vn -0.808037 0.334700 0.484822
vn -0.808037 0.334700 0.484822
vn -0.808037 0.334700 0.484822
vn -0.808037 -0.334700 0.484822
vn -0.808037 -0.334700 0.484822
vn -0.808037 -0.334700 0.484822
vn -0.334700 -0.808037 0.484822
vn -0.334700 -0.808037 0.484822
vn -0.334700 -0.808037 0.484822
vn 0.334700 -0.808037 0.484822
vn 0.334700 -0.808037 0.484822
vn 0.334700 -0.808037 0.484822
vn -0.334700 0.808037 0.484822
vn -0.334700 0.808037 0.484822
vn -0.334700 0.808037 0.484822
vn 0.334700 0.808037 0.484822
vn 0.334700 0.808037 0.484822
vn 0.334700 0.808037 0.484822
vn 0.808037 0.334700 0.484822
vn 0.808037 0.334700 0.484822
vn 0.808037 0.334700 0.484822
vn 0.808037 -0.334700 0.484822
vn 0.808037 -0.334700 0.484822
vn 0.808037 -0.334700 0.484822
vn 0.923880 0.382684 0.000000
vn 0.923880 0.382684 0.000000
vn 0.923880 0.382684 0.000000
vn 0.923880 0.382684 0.000000
vn 0.382683 0.923880 0.000000
vn 0.382683 0.923880 0.000000
vn 0.382683 0.923880 0.000000
vn 0.382683 0.923880 0.000000
vn -0.382684 0.923880 0.000000
vn -0.382684 0.923880 0.000000
vn -0.382684 0.923880 0.000000
vn -0.382684 0.923880 0.000000
vn -0.923880 0.382683 0.000000
vn -0.923880 0.382683 0.000000
vn -0.923880 0.382683 0.000000
vn -0.923880 0.382683 0.000000
vn -0.923880 -0.382684 0.000000
vn -0.923880 -0.382684 0.000000
vn -0.923880 -0.382684 0.000000
vn -0.923880 -0.382684 0.000000
vn -0.382683 -0.923880 0.000000
vn -0.382683 -0.923880 0.000000
vn -0.382683 -0.923880 0.000000
vn -0.382683 -0.923880 0.000000
vn 0.382684 -0.923880 -0.000000
vn 0.382684 -0.923880 -0.000000
vn 0.382684 -0.923880 -0.000000
vn 0.382684 -0.923880 -0.000000
vn 0.923880 -0.382683 0.000000
vn 0.923880 -0.382683 -0.000000
vn 0.923880 -0.382683 -0.000000
vn 0.923880 -0.382683 -0.000000
vn 0.923880 -0.382683 -0.000000
vn 0.923880 -0.382683 -0.000000
vn 0.923880 -0.382683 -0.000000
vn 0.923880 -0.382683 -0.000000
vn 0.923880 -0.382683 -0.000000
vn 0.923880 -0.382683 -0.000000
vn 0.923880 -0.382683 -0.000000
vn 0.923880 -0.382683 -0.000000
vn 0.923880 -0.382683 -0.000000
vn 0.923880 -0.382683 -0.000000
vn 0.923880 -0.382683 -0.000000
vn 0.923880 -0.382683 -0.000000
vn 0.923880 -0.382683 -0.000000
vn 0.923880 -0.382683 -0.000000
vn 0.923880 -0.382683 -0.000000
vn 0.923880 -0.382683 -0.000000
vn 0.923880 -0.382683 -0.000000
vn 0.923880 -0.382683 -0.000000
vn 0.923880 -0.382683 -0.000000
vn 0.923880 -0.382683 -0.000000
vn 0.923880 -0.382683 -0.000000
vn 0.923880 -0.382683 -0.000000
vn 0.923880 -0.382683 -0.000000
vn 0.923880 -0.382683 -0.000000
vn 0.923880 -0.382683 -0.000000
vn 0.923880 -0.382683 -0.000000
vn 0.923880 -0.382683 -0.000000
vn 0.923880 -0.382683 -0.000000
vn 0.923880 -0.382683 -0.000000
vn 0.923880 -0.382683 -0.000000
vn -0.000000 0.000000 -1.000000
vn -0.000000 0.000000 -1.000000
vn -0.000000 0.000000 -1.000000
vn -0.000000 0.000000 -1.000000
vn -0.000000 0.000000 -1.000000
vn -0.000000 0.000000 -1.000000
vn -0.000000 0.000000 -1.000000
vn -0.000000 0.000000 -1.000000
vn -0.000000 0.000000 1.000000
vn -0.000000 0.000000 1.000000
vn -0.000000 0.000000 1.000000
vn -0.000000 0.000000 1.000000
vn -0.000000 0.000000 1.000000
vn -0.000000 0.000000 1.000000
vn -0.000000 0.000000 1.000000
vn -0.000000 0.000000 1.000000
vn -0.808037 -0.334700 -0.484822
vn -0.808037 -0.334700 -0.484822
vn -0.808037 -0.334700 -0.484822
vn -0.808037 0.334700 -0.484822
vn -0.808037 0.334700 -0.484822
vn -0.808037 0.334700 -0.484822
vn -0.334700 0.808037 -0.484822
vn -0.334700 0.808037 -0.484822
vn -0.334700 0.808037 -0.484822
vn 0.334700 0.808037 -0.484822
vn 0.334700 0.808037 -0.484822
vn 0.334700 0.808037 -0.484822
vn -0.334700 -0.808037 -0.484822
vn -0.334700 -0.808037 -0.484822
vn -0.334700 -0.808037 -0.484822
vn 0.334700 -0.808037 -0.484822
vn 0.334700 -0.808037 -0.484822
vn 0.334700 -0.808037 -0.484822
vn 0.808037 -0.334700 -0.484822
vn 0.808037 -0.334700 -0.484822
vn 0.808037 -0.334700 -0.484822
vn 0.808037 0.334700 -0.484822
vn 0.808037 0.334700 -0.484822
vn 0.808037 0.334700 -0.484822
vn -0.923870 -0.382706 0.000000
vn -0.923870 -0.382706 0.000000
vn -0.923870 -0.382706 0.000000
vn -0.923870 -0.382706 0.000000
vn -0.382664 -0.923888 0.000000
vn -0.382664 -0.923888 0.000000
vn -0.382664 -0.923888 0.000000
vn -0.382664 -0.923888 0.000000
vn 0.382664 -0.923888 0.000000
vn 0.382664 -0.923888 0.000000
vn 0.382664 -0.923888 0.000000
vn 0.382664 -0.923888 0.000000
vn 0.923870 -0.382705 0.000000
vn 0.923870 -0.382705 0.000000
vn 0.923870 -0.382705 0.000000
vn 0.923870 -0.382705 0.000000
vn 0.923889 0.382662 0.000000
vn 0.923889 0.382662 0.000000
vn 0.923889 0.382662 0.000000
vn 0.923889 0.382662 0.000000
vn 0.382664 0.923888 0.000000
vn 0.382664 0.923888 0.000000
vn 0.382664 0.923888 0.000000
vn 0.382664 0.923888 0.000000
vn -0.382664 0.923888 0.000000
vn -0.382664 0.923888 0.000000
vn -0.382664 0.923888 0.000000
vn -0.382664 0.923888 0.000000
vn -0.923889 0.382661 0.000000
vn -0.923889 0.382661 0.000000
vn -0.923889 0.382661 0.000000
vn -0.923889 0.382661 0.000000
vn 0.000000 -0.000000 -1.000000
vn 0.000000 -0.000000 -1.000000
vn 0.000000 -0.000000 -1.000000
vn 0.000000 -0.000000 -1.000000
vn 0.000000 -0.000000 -1.000000
vn 0.000000 -0.000000 -1.000000
vn 0.000000 -0.000000 -1.000000
vn 0.000000 -0.000000 -1.000000
vn -0.000000 0.000000 1.000000
vn -0.000000 0.000000 1.000000
vn -0.000000 0.000000 1.000000
vn -0.000000 0.000000 1.000000
vn -0.000000 0.000000 1.000000
vn -0.000000 0.000000 1.000000
vn -0.000000 0.000000 1.000000
vn -0.000000 0.000000 1.000000
vn 0.923880 -0.382684 -0.000000
vn 0.923880 -0.382684 -0.000000
vn 0.923880 -0.382684 -0.000000
vn 0.923880 -0.382684 -0.000000
vn 0.382683 -0.923880 -0.000000
vn 0.382683 -0.923880 -0.000000
vn 0.382683 -0.923880 -0.000000
vn 0.382683 -0.923880 -0.000000
vn -0.382684 -0.923880 0.000000
vn -0.382684 -0.923880 0.000000
vn -0.382684 -0.923880 0.000000
vn -0.382684 -0.923880 0.000000
vn -0.923880 -0.382683 0.000000
vn -0.923880 -0.382683 0.000000
vn -0.923880 -0.382683 0.000000
vn -0.923880 -0.382683 0.000000
vn -0.923880 0.382684 0.000000
vn -0.923880 0.382684 0.000000
vn -0.923880 0.382684 0.000000
vn -0.923880 0.382684 0.000000
vn -0.382683 0.923880 0.000000
vn -0.382683 0.923880 0.000000
vn -0.382683 0.923880 0.000000
vn -0.382683 0.923880 0.000000
vn 0.382684 0.923880 0.000000
vn 0.382684 0.923880 0.000000
vn 0.382684 0.923880 0.000000
vn 0.382684 0.923880 0.000000
vn 0.923880 0.382683 -0.000000
vn 0.923880 0.382683 0.000000
vn 0.923880 0.382683 0.000000
vn 0.923880 0.382683 0.000000
vn 0.923880 0.382683 0.000000
vn 0.923880 0.382683 0.000000
vn 0.923880 0.382683 0.000000
vn 0.923880 0.382683 0.000000
vn 0.923880 0.382683 0.000000
vn 0.923880 0.382683 0.000000
vn 0.923880 0.382683 0.000000
vn 0.923880 0.382683 0.000000
vn 0.923880 0.382683 0.000000
vn 0.923880 0.382683 0.000000
vn 0.923880 0.382683 0.000000
vn 0.923880 0.382683 0.000000
vn 0.923880 0.382683 0.000000
vn 0.923880 0.382683 0.000000
vn 0.923880 0.382683 0.000000
vn 0.923880 0.382683 0.000000
vn 0.923880 0.382683 0.000000
vn 0.923880 0.382683 0.000000
vn 0.923880 0.382683 0.000000
vn 0.923880 0.382683 0.000000
vn 0.923880 0.382683 0.000000
vn 0.923880 0.382683 0.000000
vn 0.923880 0.382683 0.000000
vn 0.923880 0.382683 0.000000
vn 0.923880 0.382683 0.000000
vn 0.923880 0.382683 0.000000
vn 0.923880 0.382683 0.000000
vn 0.923880 0.382683 0.000000
vn 0.923880 0.382683 0.000000
vn 0.923880 0.382683 0.000000
vn -0.000000 0.000000 1.000000
vn -0.000000 0.000000 1.000000
vn -0.000000 0.000000 1.000000
vn -0.000000 0.000000 1.000000
vn -0.000000 0.000000 1.000000
vn -0.000000 0.000000 1.000000
vn -0.000000 0.000000 1.000000
vn -0.000000 0.000000 1.000000
vn -0.000000 0.000000 -1.000000
vn -0.000000 0.000000 -1.000000
vn -0.000000 0.000000 -1.000000
vn -0.000000 0.000000 -1.000000
vn -0.000000 0.000000 -1.000000
vn -0.000000 0.000000 -1.000000
vn -0.000000 0.000000 -1.000000
vn -0.000000 0.000000 -1.000000
vn -0.808037 0.334700 0.484822
vn -0.808037 0.334700 0.484822
vn -0.808037 0.334700 0.484822
vn -0.808037 -0.334700 0.484822
vn -0.808037 -0.334700 0.484822
vn -0.808037 -0.334700 0.484822
vn -0.334700 -0.808037 0.484822
vn -0.334700 -0.808037 0.484822
vn -0.334700 -0.808037 0.484822
vn 0.334700 -0.808037 0.484822
vn 0.334700 -0.808037 0.484822
vn 0.334700 -0.808037 0.484822
vn -0.334700 0.808037 0.484822
vn -0.334700 0.808037 0.484822
vn -0.334700 0.808037 0.484822
vn 0.334700 0.808037 0.484822
vn 0.334700 0.808037 0.484822
vn 0.334700 0.808037 0.484822
vn 0.808037 0.334700 0.484822
vn 0.808037 0.334700 0.484822
vn 0.808037 0.334700 0.484822
vn 0.808037 -0.334700 0.484822
vn 0.808037 -0.334700 0.484822
vn 0.808037 -0.334700 0.484822
vn 0.923880 0.382684 0.000000
vn 0.923880 0.382684 0.000000
vn 0.923880 0.382684 0.000000
vn 0.923880 0.382684 0.000000
vn 0.382683 0.923880 0.000000
vn 0.382683 0.923880 0.000000
vn 0.382683 0.923880 0.000000
vn 0.382683 0.923880 0.000000
vn -0.382684 0.923880 0.000000
vn -0.382684 0.923880 0.000000
vn -0.382684 0.923880 0.000000
vn -0.382684 0.923880 0.000000
vn -0.923880 0.382683 0.000000
vn -0.923880 0.382683 0.000000
vn -0.923880 0.382683 0.000000
vn -0.923880 0.382683 0.000000
vn -0.923880 -0.382684 0.000000
vn -0.923880 -0.382684 0.000000
vn -0.923880 -0.382684 0.000000
vn -0.923880 -0.382684 0.000000
vn -0.382683 -0.923880 0.000000
vn -0.382683 -0.923880 0.000000
vn -0.382683 -0.923880 0.000000
vn -0.382683 -0.923880 0.000000
vn 0.382684 -0.923880 -0.000000
vn 0.382684 -0.923880 -0.000000
vn 0.382684 -0.923880 -0.000000
vn 0.382684 -0.923880 -0.000000
vn 0.923880 -0.382683 0.000000
vn 0.923880 -0.382683 -0.000000
vn 0.923880 -0.382683 -0.000000
vn 0.923880 -0.382683 -0.000000
vn 0.923880 -0.382683 -0.000000
vn 0.923880 -0.382683 -0.000000
vn 0.923880 -0.382683 -0.000000
vn 0.923880 -0.382683 -0.000000
vn 0.923880 -0.382683 -0.000000
vn 0.923880 -0.382683 -0.000000
vn 0.923880 -0.382683 -0.000000
vn 0.923880 -0.382683 -0.000000
vn 0.923880 -0.382683 -0.000000
vn 0.923880 -0.382683 -0.000000
vn 0.923880 -0.382683 -0.000000
vn 0.923880 -0.382683 -0.000000
vn 0.923880 -0.382683 -0.000000
vn 0.923880 -0.382683 -0.000000
vn 0.923880 -0.382683 -0.000000
vn 0.923880 -0.382683 -0.000000
vn 0.923880 -0.382683 -0.000000
vn 0.923880 -0.382683 -0.000000
vn 0.923880 -0.382683 -0.000000
vn 0.923880 -0.382683 -0.000000
vn 0.923880 -0.382683 -0.000000
vn 0.923880 -0.382683 -0.000000
vn 0.923880 -0.382683 -0.000000
vn 0.923880 -0.382683 -0.000000
vn 0.923880 -0.382683 -0.000000
vn 0.923880 -0.382683 -0.000000
vn 0.923880 -0.382683 -0.000000
vn 0.923880 -0.382683 -0.000000
vn 0.923880 -0.382683 -0.000000
vn 0.923880 -0.382683 -0.000000
vn -0.000000 0.000000 -1.000000
vn -0.000000 0.000000 -1.000000
vn -0.000000 0.000000 -1.000000
vn -0.000000 0.000000 -1.000000
vn -0.000000 0.000000 -1.000000
vn -0.000000 0.000000 -1.000000
vn -0.000000 0.000000 -1.000000
vn -0.000000 0.000000 -1.000000
vn -0.000000 0.000000 1.000000
vn -0.000000 0.000000 1.000000
vn -0.000000 0.000000 1.000000
vn -0.000000 0.000000 1.000000
vn -0.000000 0.000000 1.000000
vn -0.000000 0.000000 1.000000
vn -0.000000 0.000000 1.000000
vn -0.000000 0.000000 1.000000
vn -0.808037 -0.334700 -0.484822
vn -0.808037 -0.334700 -0.484822
vn -0.808037 -0.334700 -0.484822
vn -0.808037 0.334700 -0.484822
vn -0.808037 0.334700 -0.484822
vn -0.808037 0.334700 -0.484822
vn -0.334700 0.808037 -0.484822
vn -0.334700 0.808037 -0.484822
vn -0.334700 0.808037 -0.484822
vn 0.334700 0.808037 -0.484822
vn 0.334700 0.808037 -0.484822
vn 0.334700 0.808037 -0.484822
vn -0.334700 -0.808037 -0.484822
vn -0.334700 -0.808037 -0.484822
vn -0.334700 -0.808037 -0.484822
vn 0.334700 -0.808037 -0.484822
vn 0.334700 -0.808037 -0.484822
vn 0.334700 -0.808037 -0.484822
vn 0.808037 -0.334700 -0.484822
vn 0.808037 -0.334700 -0.484822
vn 0.808037 -0.334700 -0.484822
vn 0.808037 0.334700 -0.484822
vn 0.808037 0.334700 -0.484822
vn 0.808037 0.334700 -0.484822
vn -0.923870 -0.382706 0.000000
vn -0.923870 -0.382706 0.000000
vn -0.923870 -0.382706 0.000000
vn -0.923870 -0.382706 0.000000
vn -0.382664 -0.923888 0.000000
vn -0.382664 -0.923888 0.000000
vn -0.382664 -0.923888 0.000000
vn -0.382664 -0.923888 0.000000
vn 0.382664 -0.923888 0.000000
vn 0.382664 -0.923888 0.000000
vn 0.382664 -0.923888 0.000000
vn 0.382664 -0.923888 0.000000
vn 0.923870 -0.382705 0.000000
vn 0.923870 -0.382705 0.000000
vn 0.923870 -0.382705 0.000000
vn 0.923870 -0.382705 0.000000
vn 0.923889 0.382662 0.000000
vn 0.923889 0.382662 0.000000
vn 0.923889 0.382662 0.000000
vn 0.923889 0.382662 0.000000
vn 0.382664 0.923888 0.000000
vn 0.382664 0.923888 0.000000
vn 0.382664 0.923888 0.000000
vn 0.382664 0.923888 0.000000
vn -0.382664 0.923888 0.000000
vn -0.382664 0.923888 0.000000
vn -0.382664 0.923888 0.000000
vn -0.382664 0.923888 0.000000
vn -0.923889 0.382661 0.000000
vn -0.923889 0.382661 0.000000
vn -0.923889 0.382661 0.000000
vn -0.923889 0.382661 0.000000
vn 0.000000 -0.000000 -1.000000
vn 0.000000 -0.000000 -1.000000
vn 0.000000 -0.000000 -1.000000
vn 0.000000 -0.000000 -1.000000
vn 0.000000 -0.000000 -1.000000
vn 0.000000 -0.000000 -1.000000
vn 0.000000 -0.000000 -1.000000
vn 0.000000 -0.000000 -1.000000
vn -0.000000 0.000000 1.000000
vn -0.000000 0.000000 1.000000
vn -0.000000 0.000000 1.000000
vn -0.000000 0.000000 1.000000
vn -0.000000 0.000000 1.000000
vn -0.000000 0.000000 1.000000
vn -0.000000 0.000000 1.000000
vn -0.000000 0.000000 1.000000
vn 0.923880 -0.382684 -0.000000
vn 0.923880 -0.382684 -0.000000
vn 0.923880 -0.382684 -0.000000
vn 0.923880 -0.382684 -0.000000
vn 0.382683 -0.923880 -0.000000
vn 0.382683 -0.923880 -0.000000
vn 0.382683 -0.923880 -0.000000
vn 0.382683 -0.923880 -0.000000
vn -0.382684 -0.923880 0.000000
vn -0.382684 -0.923880 0.000000
vn -0.382684 -0.923880 0.000000
vn -0.382684 -0.923880 0.000000
vn -0.923880 -0.382683 0.000000
vn -0.923880 -0.382683 0.000000
vn -0.923880 -0.382683 0.000000
vn -0.923880 -0.382683 0.000000
vn -0.923880 0.382684 0.000000
vn -0.923880 0.382684 0.000000
vn -0.923880 0.382684 0.000000
vn -0.923880 0.382684 0.000000
vn -0.382683 0.923880 0.000000
vn -0.382683 0.923880 0.000000
vn -0.382683 0.923880 0.000000
vn -0.382683 0.923880 0.000000
vn 0.382684 0.923880 0.000000
vn 0.382684 0.923880 0.000000
vn 0.382684 0.923880 0.000000
vn 0.382684 0.923880 0.000000
vn 0.923880 0.382683 -0.000000
vn 0.923880 0.382683 0.000000
vn 0.923880 0.382683 0.000000
vn 0.923880 0.382683 0.000000
vn 0.923880 0.382683 0.000000
vn 0.923880 0.382683 0.000000
vn 0.923880 0.382683 0.000000
vn 0.923880 0.382683 0.000000
vn 0.923880 0.382683 0.000000
vn 0.923880 0.382683 0.000000
vn 0.923880 0.382683 0.000000
vn 0.923880 0.382683 0.000000
vn 0.923880 0.382683 0.000000
vn 0.923880 0.382683 0.000000
vn 0.923880 0.382683 0.000000
vn 0.923880 0.382683 0.000000
vn 0.923880 0.382683 0.000000
vn 0.923880 0.382683 0.000000
vn 0.923880 0.382683 0.000000
vn 0.923880 0.382683 0.000000
vn 0.923880 0.382683 0.000000
vn 0.923880 0.382683 0.000000
vn 0.923880 0.382683 0.000000
vn 0.923880 0.382683 0.000000
vn 0.923880 0.382683 0.000000
vn 0.923880 0.382683 0.000000
vn 0.923880 0.382683 0.000000
vn 0.923880 0.382683 0.000000
vn 0.923880 0.382683 0.000000
vn 0.923880 0.382683 0.000000
vn 0.923880 0.382683 0.000000
vn 0.923880 0.382683 0.000000
vn 0.923880 0.382683 0.000000
vn 0.923880 0.382683 0.000000
vn -0.000000 0.000000 1.000000
vn -0.000000 0.000000 1.000000
vn -0.000000 0.000000 1.000000
vn -0.000000 0.000000 1.000000
vn -0.000000 0.000000 1.000000
vn -0.000000 0.000000 1.000000
vn -0.000000 0.000000 1.000000
vn -0.000000 0.000000 1.000000
vn -0.000000 0.000000 -1.000000
vn -0.000000 0.000000 -1.000000
vn -0.000000 0.000000 -1.000000
vn -0.000000 0.000000 -1.000000
vn -0.000000 0.000000 -1.000000
vn -0.000000 0.000000 -1.000000
vn -0.000000 0.000000 -1.000000
vn -0.000000 0.000000 -1.000000
vn -0.808037 0.334700 0.484822
vn -0.808037 0.334700 0.484822
vn -0.808037 0.334700 0.484822
vn -0.808037 -0.334700 0.484822
vn -0.808037 -0.334700 0.484822
vn -0.808037 -0.334700 0.484822
vn -0.334700 -0.808037 0.484822
vn -0.334700 -0.808037 0.484822
vn -0.334700 -0.808037 0.484822
vn 0.334700 -0.808037 0.484822
vn 0.334700 -0.808037 0.484822
vn 0.334700 -0.808037 0.484822
vn -0.334700 0.808037 0.484822
vn -0.334700 0.808037 0.484822
vn -0.334700 0.808037 0.484822
vn 0.334700 0.808037 0.484822
vn 0.334700 0.808037 0.484822
vn 0.334700 0.808037 0.484822
vn 0.808037 0.334700 0.484822
vn 0.808037 0.334700 0.484822
vn 0.808037 0.334700 0.484822
vn 0.808037 -0.334700 0.484822
vn 0.808037 -0.334700 0.484822
vn 0.808037 -0.334700 0.484822
vn 0.923880 0.382684 0.000000
vn 0.923880 0.382684 0.000000
vn 0.923880 0.382684 0.000000
vn 0.923880 0.382684 0.000000
vn 0.382683 0.923880 0.000000
vn 0.382683 0.923880 0.000000
vn 0.382683 0.923880 0.000000
vn 0.382683 0.923880 0.000000
vn -0.382684 0.923880 0.000000
vn -0.382684 0.923880 0.000000
vn -0.382684 0.923880 0.000000
vn -0.382684 0.923880 0.000000
vn -0.923880 0.382683 0.000000
vn -0.923880 0.382683 0.000000
vn -0.923880 0.382683 0.000000
vn -0.923880 0.382683 0.000000
vn -0.923880 -0.382684 0.000000
vn -0.923880 -0.382684 0.000000
vn -0.923880 -0.382684 0.000000
vn -0.923880 -0.382684 0.000000
vn -0.382683 -0.923880 0.000000
vn -0.382683 -0.923880 0.000000
vn -0.382683 -0.923880 0.000000
vn -0.382683 -0.923880 0.000000
vn 0.382684 -0.923880 -0.000000
vn 0.382684 -0.923880 -0.000000
vn 0.382684 -0.923880 -0.000000
vn 0.382684 -0.923880 -0.000000
vn 0.923880 -0.382683 0.000000
vn 0.923880 -0.382683 -0.000000
vn 0.923880 -0.382683 -0.000000
vn 0.923880 -0.382683 -0.000000
vn 0.923880 -0.382683 -0.000000
vn 0.923880 -0.382683 -0.000000
vn 0.923880 -0.382683 -0.000000
vn 0.923880 -0.382683 -0.000000
vn 0.923880 -0.382683 -0.000000
vn 0.923880 -0.382683 -0.000000
vn 0.923880 -0.382683 -0.000000
vn 0.923880 -0.382683 -0.000000
vn 0.923880 -0.382683 -0.000000
vn 0.923880 -0.382683 -0.000000
vn 0.923880 -0.382683 -0.000000
vn 0.923880 -0.382683 -0.000000
vn 0.923880 -0.382683 -0.000000
vn 0.923880 -0.382683 -0.000000
vn 0.923880 -0.382683 -0.000000
vn 0.923880 -0.382683 -0.000000
vn 0.923880 -0.382683 -0.000000
vn 0.923880 -0.382683 -0.000000
vn 0.923880 -0.382683 -0.000000
vn 0.923880 -0.382683 -0.000000
vn 0.923880 -0.382683 -0.000000
vn 0.923880 -0.382683 -0.000000
vn 0.923880 -0.382683 -0.000000
vn 0.923880 -0.382683 -0.000000
vn 0.923880 -0.382683 -0.000000
vn 0.923880 -0.382683 -0.000000
vn 0.923880 -0.382683 -0.000000
vn 0.923880 -0.382683 -0.000000
vn 0.923880 -0.382683 -0.000000
vn 0.923880 -0.382683 -0.000000
vn -0.000000 0.000000 -1.000000
vn -0.000000 0.000000 -1.000000
vn -0.000000 0.000000 -1.000000
vn -0.000000 0.000000 -1.000000
vn -0.000000 0.000000 -1.000000
vn -0.000000 0.000000 -1.000000
vn -0.000000 0.000000 -1.000000
vn -0.000000 0.000000 -1.000000
vn -0.000000 0.000000 1.000000
vn -0.000000 0.000000 1.000000
vn -0.000000 0.000000 1.000000
vn -0.000000 0.000000 1.000000
vn -0.000000 0.000000 1.000000
vn -0.000000 0.000000 1.000000
vn -0.000000 0.000000 1.000000
vn -0.000000 0.000000 1.000000
vn -0.808037 -0.334700 -0.484822
vn -0.808037 -0.334700 -0.484822
vn -0.808037 -0.334700 -0.484822
vn -0.808037 0.334700 -0.484822
vn -0.808037 0.334700 -0.484822
vn -0.808037 0.334700 -0.484822
vn -0.334700 0.808037 -0.484822
vn -0.334700 0.808037 -0.484822
vn -0.334700 0.808037 -0.484822
vn 0.334700 0.808037 -0.484822
vn 0.334700 0.808037 -0.484822
vn 0.334700 0.808037 -0.484822
vn -0.334700 -0.808037 -0.484822
vn -0.334700 -0.808037 -0.484822
vn -0.334700 -0.808037 -0.484822
vn 0.334700 -0.808037 -0.484822
vn 0.334700 -0.808037 -0.484822
vn 0.334700 -0.808037 -0.484822
vn 0.808037 -0.334700 -0.484822
vn 0.808037 -0.334700 -0.484822
vn 0.808037 -0.334700 -0.484822
vn 0.808037 0.334700 -0.484822
vn 0.808037 0.334700 -0.484822
vn 0.808037 0.334700 -0.484822
vn -0.923870 -0.382706 0.000000
vn -0.923870 -0.382706 0.000000
vn -0.923870 -0.382706 0.000000
vn -0.923870 -0.382706 0.000000
vn -0.382664 -0.923888 0.000000
vn -0.382664 -0.923888 0.000000
vn -0.382664 -0.923888 0.000000
vn -0.382664 -0.923888 0.000000
vn 0.382664 -0.923888 0.000000
vn 0.382664 -0.923888 0.000000
vn 0.382664 -0.923888 0.000000
vn 0.382664 -0.923888 0.000000
vn 0.923870 -0.382705 0.000000
vn 0.923870 -0.382705 0.000000
vn 0.923870 -0.382705 0.000000
vn 0.923870 -0.382705 0.000000
vn 0.923889 0.382662 0.000000
vn 0.923889 0.382662 0.000000
vn 0.923889 0.382662 0.000000
vn 0.923889 0.382662 0.000000
vn 0.382664 0.923888 0.000000
vn 0.382664 0.923888 0.000000
vn 0.382664 0.923888 0.000000
vn 0.382664 0.923888 0.000000
vn -0.382664 0.923888 0.000000
vn -0.382664 0.923888 0.000000
vn -0.382664 0.923888 0.000000
vn -0.382664 0.923888 0.000000
vn -0.923889 0.382661 0.000000
vn -0.923889 0.382661 0.000000
vn -0.923889 0.382661 0.000000
vn -0.923889 0.382661 0.000000
vn 0.000000 -0.000000 -1.000000
vn 0.000000 -0.000000 -1.000000
vn 0.000000 -0.000000 -1.000000
vn 0.000000 -0.000000 -1.000000
vn 0.000000 -0.000000 -1.000000
vn 0.000000 -0.000000 -1.000000
vn 0.000000 -0.000000 -1.000000
vn 0.000000 -0.000000 -1.000000
vn -0.000000 0.000000 1.000000
vn -0.000000 0.000000 1.000000
vn -0.000000 0.000000 1.000000
vn -0.000000 0.000000 1.000000
vn -0.000000 0.000000 1.000000
vn -0.000000 0.000000 1.000000
vn -0.000000 0.000000 1.000000
vn -0.000000 0.000000 1.000000
vn 0.923880 -0.382684 -0.000000
vn 0.923880 -0.382684 -0.000000
vn 0.923880 -0.382684 -0.000000
vn 0.923880 -0.382684 -0.000000
vn 0.382683 -0.923880 -0.000000
vn 0.382683 -0.923880 -0.000000
vn 0.382683 -0.923880 -0.000000
vn 0.382683 -0.923880 -0.000000
vn -0.382684 -0.923880 0.000000
vn -0.382684 -0.923880 0.000000
vn -0.382684 -0.923880 0.000000
vn -0.382684 -0.923880 0.000000
vn -0.923880 -0.382683 0.000000
vn -0.923880 -0.382683 0.000000
vn -0.923880 -0.382683 0.000000
vn -0.923880 -0.382683 0.000000
vn -0.923880 0.382684 0.000000
vn -0.923880 0.382684 0.000000
vn -0.923880 0.382684 0.000000
vn -0.923880 0.382684 0.000000
vn -0.382683 0.923880 0.000000
vn -0.382683 0.923880 0.000000
vn -0.382683 0.923880 0.000000
vn -0.382683 0.923880 0.000000
vn 0.382684 0.923880 0.000000
vn 0.382684 0.923880 0.000000
vn 0.382684 0.923880 0.000000
vn 0.382684 0.923880 0.000000
vn 0.923880 0.382683 -0.000000
vn 0.923880 0.382683 0.000000
vn 0.923880 0.382683 0.000000
vn 0.923880 0.382683 0.000000
vn 0.923880 0.382683 0.000000
vn 0.923880 0.382683 0.000000
vn 0.923880 0.382683 0.000000
vn 0.923880 0.382683 0.000000
vn 0.923880 0.382683 0.000000
vn 0.923880 0.382683 0.000000
vn 0.923880 0.382683 0.000000
vn 0.923880 0.382683 0.000000
vn 0.923880 0.382683 0.000000
vn 0.923880 0.382683 0.000000
vn 0.923880 0.382683 0.000000
vn 0.923880 0.382683 0.000000
vn 0.923880 0.382683 0.000000
vn 0.923880 0.382683 0.000000
vn 0.923880 0.382683 0.000000
vn 0.923880 0.382683 0.000000
vn 0.923880 0.382683 0.000000
vn 0.923880 0.382683 0.000000
vn 0.923880 0.382683 0.000000
vn 0.923880 0.382683 0.000000
vn 0.923880 0.382683 0.000000
vn 0.923880 0.382683 0.000000
vn 0.923880 0.382683 0.000000
vn 0.923880 0.382683 0.000000
vn 0.923880 0.382683 0.000000
vn 0.923880 0.382683 0.000000
vn 0.923880 0.382683 0.000000
vn 0.923880 0.382683 0.000000
vn 0.923880 0.382683 0.000000
vn 0.923880 0.382683 0.000000
vn -0.000000 0.000000 1.000000
vn -0.000000 0.000000 1.000000
vn -0.000000 0.000000 1.000000
vn -0.000000 0.000000 1.000000
vn -0.000000 0.000000 1.000000
vn -0.000000 0.000000 1.000000
vn -0.000000 0.000000 1.000000
vn -0.000000 0.000000 1.000000
vn -0.000000 0.000000 -1.000000
vn -0.000000 0.000000 -1.000000
vn -0.000000 0.000000 -1.000000
vn -0.000000 0.000000 -1.000000
vn -0.000000 0.000000 -1.000000
vn -0.000000 0.000000 -1.000000
vn -0.000000 0.000000 -1.000000
vn -0.000000 0.000000 -1.000000
vn -0.808037 0.334700 0.484822
vn -0.808037 0.334700 0.484822
vn -0.808037 0.334700 0.484822
vn -0.808037 -0.334700 0.484822
vn -0.808037 -0.334700 0.484822
vn -0.808037 -0.334700 0.484822
vn -0.334700 -0.808037 0.484822
vn -0.334700 -0.808037 0.484822
vn -0.334700 -0.808037 0.484822
vn 0.334700 -0.808037 0.484822
vn 0.334700 -0.808037 0.484822
vn 0.334700 -0.808037 0.484822
vn -0.334700 0.808037 0.484822
vn -0.334700 0.808037 0.484822
vn -0.334700 0.808037 0.484822
vn 0.334700 0.808037 0.484822
vn 0.334700 0.808037 0.484822
vn 0.334700 0.808037 0.484822
vn 0.808037 0.334700 0.484822
vn 0.808037 0.334700 0.484822
vn 0.808037 0.334700 0.484822
vn 0.808037 -0.334700 0.484822
vn 0.808037 -0.334700 0.484822
vn 0.808037 -0.334700 0.484822
vn 0.923880 0.382684 0.000000
vn 0.923880 0.382684 0.000000
vn 0.923880 0.382684 0.000000
vn 0.923880 0.382684 0.000000
vn 0.382683 0.923880 0.000000
vn 0.382683 0.923880 0.000000
vn 0.382683 0.923880 0.000000
vn 0.382683 0.923880 0.000000
vn -0.382684 0.923880 0.000000
vn -0.382684 0.923880 0.000000
vn -0.382684 0.923880 0.000000
vn -0.382684 0.923880 0.000000
vn -0.923880 0.382683 0.000000
vn -0.923880 0.382683 0.000000
vn -0.923880 0.382683 0.000000
vn -0.923880 0.382683 0.000000
vn -0.923880 -0.382684 0.000000
vn -0.923880 -0.382684 0.000000
vn -0.923880 -0.382684 0.000000
vn -0.923880 -0.382684 0.000000
vn -0.382683 -0.923880 0.000000
vn -0.382683 -0.923880 0.000000
vn -0.382683 -0.923880 0.000000
vn -0.382683 -0.923880 0.000000
vn 0.382684 -0.923880 -0.000000
vn 0.382684 -0.923880 -0.000000
vn 0.382684 -0.923880 -0.000000
vn 0.382684 -0.923880 -0.000000
vn 0.923880 -0.382683 0.000000
vn 0.923880 -0.382683 -0.000000
vn 0.923880 -0.382683 -0.000000
vn 0.923880 -0.382683 -0.000000
vn 0.923880 -0.382683 -0.000000
vn 0.923880 -0.382683 -0.000000
vn 0.923880 -0.382683 -0.000000
vn 0.923880 -0.382683 -0.000000
vn 0.923880 -0.382683 -0.000000
vn 0.923880 -0.382683 -0.000000
vn 0.923880 -0.382683 -0.000000
vn 0.923880 -0.382683 -0.000000
vn 0.923880 -0.382683 -0.000000
vn 0.923880 -0.382683 -0.000000
vn 0.923880 -0.382683 -0.000000
vn 0.923880 -0.382683 -0.000000
vn 0.923880 -0.382683 -0.000000
vn 0.923880 -0.382683 -0.000000
vn 0.923880 -0.382683 -0.000000
vn 0.923880 -0.382683 -0.000000
vn 0.923880 -0.382683 -0.000000
vn 0.923880 -0.382683 -0.000000
vn 0.923880 -0.382683 -0.000000
vn 0.923880 -0.382683 -0.000000
vn 0.923880 -0.382683 -0.000000
vn 0.923880 -0.382683 -0.000000
vn 0.923880 -0.382683 -0.000000
vn 0.923880 -0.382683 -0.000000
vn 0.923880 -0.382683 -0.000000
vn 0.923880 -0.382683 -0.000000
vn 0.923880 -0.382683 -0.000000
vn 0.923880 -0.382683 -0.000000
vn 0.923880 -0.382683 -0.000000
vn 0.923880 -0.382683 -0.000000
vn -0.000000 0.000000 -1.000000
vn -0.000000 0.000000 -1.000000
vn -0.000000 0.000000 -1.000000
vn -0.000000 0.000000 -1.000000
vn -0.000000 0.000000 -1.000000
vn -0.000000 0.000000 -1.000000
vn -0.000000 0.000000 -1.000000
vn -0.000000 0.000000 -1.000000
vn -0.000000 0.000000 1.000000
vn -0.000000 0.000000 1.000000
vn -0.000000 0.000000 1.000000
vn -0.000000 0.000000 1.000000
vn -0.000000 0.000000 1.000000
vn -0.000000 0.000000 1.000000
vn -0.000000 0.000000 1.000000
vn -0.000000 0.000000 1.000000
vn -0.808037 -0.334700 -0.484822
vn -0.808037 -0.334700 -0.484822
vn -0.808037 -0.334700 -0.484822
vn -0.808037 0.334700 -0.484822
vn -0.808037 0.334700 -0.484822
vn -0.808037 0.334700 -0.484822
vn -0.334700 0.808037 -0.484822
vn -0.334700 0.808037 -0.484822
vn -0.334700 0.808037 -0.484822
vn 0.334700 0.808037 -0.484822
vn 0.334700 0.808037 -0.484822
vn 0.334700 0.808037 -0.484822
vn -0.334700 -0.808037 -0.484822
vn -0.334700 -0.808037 -0.484822
vn -0.334700 -0.808037 -0.484822
vn 0.334700 -0.808037 -0.484822
vn 0.334700 -0.808037 -0.484822
vn 0.334700 -0.808037 -0.484822
vn 0.808037 -0.334700 -0.484822
vn 0.808037 -0.334700 -0.484822
vn 0.808037 -0.334700 -0.484822
vn 0.808037 0.334700 -0.484822
vn 0.808037 0.334700 -0.484822
vn 0.808037 0.334700 -0.484822
vn -0.923870 -0.382706 0.000000
vn -0.923870 -0.382706 0.000000
vn -0.923870 -0.382706 0.000000
vn -0.923870 -0.382706 0.000000
vn -0.382664 -0.923888 0.000000
vn -0.382664 -0.923888 0.000000
vn -0.382664 -0.923888 0.000000
vn -0.382664 -0.923888 0.000000
vn 0.382664 -0.923888 0.000000
vn 0.382664 -0.923888 0.000000
vn 0.382664 -0.923888 0.000000
vn 0.382664 -0.923888 0.000000
vn 0.923870 -0.382705 0.000000
vn 0.923870 -0.382705 0.000000
vn 0.923870 -0.382705 0.000000
vn 0.923870 -0.382705 0.000000
vn 0.923889 0.382662 0.000000
vn 0.923889 0.382662 0.000000
vn 0.923889 0.382662 0.000000
vn 0.923889 0.382662 0.000000
vn 0.382664 0.923888 0.000000
vn 0.382664 0.923888 0.000000
vn 0.382664 0.923888 0.000000
vn 0.382664 0.923888 0.000000
vn -0.382664 0.923888 0.000000
vn -0.382664 0.923888 0.000000
vn -0.382664 0.923888 0.000000
vn -0.382664 0.923888 0.000000
vn -0.923889 0.382661 0.000000
vn -0.923889 0.382661 0.000000
vn -0.923889 0.382661 0.000000
vn -0.923889 0.382661 0.000000
vn 0.000000 -0.000000 -1.000000
vn 0.000000 -0.000000 -1.000000
vn 0.000000 -0.000000 -1.000000
vn 0.000000 -0.000000 -1.000000
vn 0.000000 -0.000000 -1.000000
vn 0.000000 -0.000000 -1.000000
vn 0.000000 -0.000000 -1.000000
vn 0.000000 -0.000000 -1.000000
vn -0.000000 0.000000 1.000000
vn -0.000000 0.000000 1.000000
vn -0.000000 0.000000 1.000000
vn -0.000000 0.000000 1.000000
vn -0.000000 0.000000 1.000000
vn -0.000000 0.000000 1.000000
vn -0.000000 0.000000 1.000000
vn -0.000000 0.000000 1.000000
vn 0.923880 -0.382684 -0.000000
vn 0.923880 -0.382684 -0.000000
vn 0.923880 -0.382684 -0.000000
vn 0.923880 -0.382684 -0.000000
vn 0.382683 -0.923880 -0.000000
vn 0.382683 -0.923880 -0.000000
vn 0.382683 -0.923880 -0.000000
vn 0.382683 -0.923880 -0.000000
vn -0.382684 -0.923880 0.000000
vn -0.382684 -0.923880 0.000000
vn -0.382684 -0.923880 0.000000
vn -0.382684 -0.923880 0.000000
vn -0.923880 -0.382683 0.000000
vn -0.923880 -0.382683 0.000000
vn -0.923880 -0.382683 0.000000
vn -0.923880 -0.382683 0.000000
vn -0.923880 0.382684 0.000000
vn -0.923880 0.382684 0.000000
vn -0.923880 0.382684 0.000000
vn -0.923880 0.382684 0.000000
vn -0.382683 0.923880 0.000000
vn -0.382683 0.923880 0.000000
vn -0.382683 0.923880 0.000000
vn -0.382683 0.923880 0.000000
vn 0.382684 0.923880 0.000000
vn 0.382684 0.923880 0.000000
vn 0.382684 0.923880 0.000000
vn 0.382684 0.923880 0.000000
vn 0.923880 0.382683 -0.000000
vn 0.923880 0.382683 0.000000
vn 0.923880 0.382683 0.000000
vn 0.923880 0.382683 0.000000
vn 0.923880 0.382683 0.000000
vn 0.923880 0.382683 0.000000
vn 0.923880 0.382683 0.000000
vn 0.923880 0.382683 0.000000
vn 0.923880 0.382683 0.000000
vn 0.923880 0.382683 0.000000
vn 0.923880 0.382683 0.000000
vn 0.923880 0.382683 0.000000
vn 0.923880 0.382683 0.000000
vn 0.923880 0.382683 0.000000
vn 0.923880 0.382683 0.000000
vn 0.923880 0.382683 0.000000
vn 0.923880 0.382683 0.000000
vn 0.923880 0.382683 0.000000
vn 0.923880 0.382683 0.000000
vn 0.923880 0.382683 0.000000
vn 0.923880 0.382683 0.000000
vn 0.923880 0.382683 0.000000
vn 0.923880 0.382683 0.000000
vn 0.923880 0.382683 0.000000
vn 0.923880 0.382683 0.000000
vn 0.923880 0.382683 0.000000
vn 0.923880 0.382683 0.000000
vn 0.923880 0.382683 0.000000
vn 0.923880 0.382683 0.000000
vn 0.923880 0.382683 0.000000
vn 0.923880 0.382683 0.000000
vn 0.923880 0.382683 0.000000
vn 0.923880 0.382683 0.000000
vn 0.923880 0.382683 0.000000
vn -0.000000 0.000000 1.000000
vn -0.000000 0.000000 1.000000
vn -0.000000 0.000000 1.000000
vn -0.000000 0.000000 1.000000
vn -0.000000 0.000000 1.000000
vn -0.000000 0.000000 1.000000
vn -0.000000 0.000000 1.000000
vn -0.000000 0.000000 1.000000
vn -0.000000 0.000000 -1.000000
vn -0.000000 0.000000 -1.000000
vn -0.000000 0.000000 -1.000000
vn -0.000000 0.000000 -1.000000
vn -0.000000 0.000000 -1.000000
vn -0.000000 0.000000 -1.000000
vn -0.000000 0.000000 -1.000000
vn -0.000000 0.000000 -1.000000
vn -0.808037 0.334700 0.484822
vn -0.808037 0.334700 0.484822
vn -0.808037 0.334700 0.484822
vn -0.808037 -0.334700 0.484822
vn -0.808037 -0.334700 0.484822
vn -0.808037 -0.334700 0.484822
vn -0.334700 -0.808037 0.484822
vn -0.334700 -0.808037 0.484822
vn -0.334700 -0.808037 0.484822
vn 0.334700 -0.808037 0.484822
vn 0.334700 -0.808037 0.484822
vn 0.334700 -0.808037 0.484822
vn -0.334700 0.808037 0.484822
vn -0.334700 0.808037 0.484822
vn -0.334700 0.808037 0.484822
vn 0.334700 0.808037 0.484822
vn 0.334700 0.808037 0.484822
vn 0.334700 0.808037 0.484822
vn 0.808037 0.334700 0.484822
vn 0.808037 0.334700 0.484822
vn 0.808037 0.334700 0.484822
vn 0.808037 -0.334700 0.484822
vn 0.808037 -0.334700 0.484822
vn 0.808037 -0.334700 0.484822
vn 0.923880 0.382684 0.000000
vn 0.923880 0.382684 0.000000
vn 0.923880 0.382684 0.000000
vn 0.923880 0.382684 0.000000
vn 0.382683 0.923880 0.000000
vn 0.382683 0.923880 0.000000
vn 0.382683 0.923880 0.000000
vn 0.382683 0.923880 0.000000
vn -0.382684 0.923880 0.000000
vn -0.382684 0.923880 0.000000
vn -0.382684 0.923880 0.000000
vn -0.382684 0.923880 0.000000
vn -0.923880 0.382683 0.000000
vn -0.923880 0.382683 0.000000
vn -0.923880 0.382683 0.000000
vn -0.923880 0.382683 0.000000
vn -0.923880 -0.382684 0.000000
vn -0.923880 -0.382684 0.000000
vn -0.923880 -0.382684 0.000000
vn -0.923880 -0.382684 0.000000
vn -0.382683 -0.923880 0.000000
vn -0.382683 -0.923880 0.000000
vn -0.382683 -0.923880 0.000000
vn -0.382683 -0.923880 0.000000
vn 0.382684 -0.923880 -0.000000
vn 0.382684 -0.923880 -0.000000
vn 0.382684 -0.923880 -0.000000
vn 0.382684 -0.923880 -0.000000
vn 0.923880 -0.382683 0.000000
vn 0.923880 -0.382683 -0.000000
vn 0.923880 -0.382683 -0.000000
vn 0.923880 -0.382683 -0.000000
vn 0.923880 -0.382683 -0.000000
vn 0.923880 -0.382683 -0.000000
vn 0.923880 -0.382683 -0.000000
vn 0.923880 -0.382683 -0.000000
vn 0.923880 -0.382683 -0.000000
vn 0.923880 -0.382683 -0.000000
vn 0.923880 -0.382683 -0.000000
vn 0.923880 -0.382683 -0.000000
vn 0.923880 -0.382683 -0.000000
vn 0.923880 -0.382683 -0.000000
vn 0.923880 -0.382683 -0.000000
vn 0.923880 -0.382683 -0.000000
vn 0.923880 -0.382683 -0.000000
vn 0.923880 -0.382683 -0.000000
vn 0.923880 -0.382683 -0.000000
vn 0.923880 -0.382683 -0.000000
vn 0.923880 -0.382683 -0.000000
vn 0.923880 -0.382683 -0.000000
vn 0.923880 -0.382683 -0.000000
vn 0.923880 -0.382683 -0.000000
vn 0.923880 -0.382683 -0.000000
vn 0.923880 -0.382683 -0.000000
vn 0.923880 -0.382683 -0.000000
vn 0.923880 -0.382683 -0.000000
vn 0.923880 -0.382683 -0.000000
vn 0.923880 -0.382683 -0.000000
vn 0.923880 -0.382683 -0.000000
vn 0.923880 -0.382683 -0.000000
vn 0.923880 -0.382683 -0.000000
vn 0.923880 -0.382683 -0.000000
vn -0.000000 0.000000 -1.000000
vn -0.000000 0.000000 -1.000000
vn -0.000000 0.000000 -1.000000
vn -0.000000 0.000000 -1.000000
vn -0.000000 0.000000 -1.000000
vn -0.000000 0.000000 -1.000000
vn -0.000000 0.000000 -1.000000
vn -0.000000 0.000000 -1.000000
vn -0.000000 0.000000 1.000000
vn -0.000000 0.000000 1.000000
vn -0.000000 0.000000 1.000000
vn -0.000000 0.000000 1.000000
vn -0.000000 0.000000 1.000000
vn -0.000000 0.000000 1.000000
vn -0.000000 0.000000 1.000000
vn -0.000000 0.000000 1.000000
vn -0.808037 -0.334700 -0.484822
vn -0.808037 -0.334700 -0.484822
vn -0.808037 -0.334700 -0.484822
vn -0.808037 0.334700 -0.484822
vn -0.808037 0.334700 -0.484822
vn -0.808037 0.334700 -0.484822
vn -0.334700 0.808037 -0.484822
vn -0.334700 0.808037 -0.484822
vn -0.334700 0.808037 -0.484822
vn 0.334700 0.808037 -0.484822
vn 0.334700 0.808037 -0.484822
vn 0.334700 0.808037 -0.484822
vn -0.334700 -0.808037 -0.484822
vn -0.334700 -0.808037 -0.484822
vn -0.334700 -0.808037 -0.484822
vn 0.334700 -0.808037 -0.484822
vn 0.334700 -0.808037 -0.484822
vn 0.334700 -0.808037 -0.484822
vn 0.808037 -0.334700 -0.484822
vn 0.808037 -0.334700 -0.484822
vn 0.808037 -0.334700 -0.484822
vn 0.808037 0.334700 -0.484822
vn 0.808037 0.334700 -0.484822
vn 0.808037 0.334700 -0.484822
vn -0.923870 -0.382706 0.000000
vn -0.923870 -0.382706 0.000000
vn -0.923870 -0.382706 0.000000
vn -0.923870 -0.382706 0.000000
vn -0.382664 -0.923888 0.000000
vn -0.382664 -0.923888 0.000000
vn -0.382664 -0.923888 0.000000
vn -0.382664 -0.923888 0.000000
vn 0.382664 -0.923888 0.000000
vn 0.382664 -0.923888 0.000000
vn 0.382664 -0.923888 0.000000
vn 0.382664 -0.923888 0.000000
vn 0.923870 -0.382705 0.000000
vn 0.923870 -0.382705 0.000000
vn 0.923870 -0.382705 0.000000
vn 0.923870 -0.382705 0.000000
vn 0.923889 0.382662 0.000000
vn 0.923889 0.382662 0.000000
vn 0.923889 0.382662 0.000000
vn 0.923889 0.382662 0.000000
vn 0.382664 0.923888 0.000000
vn 0.382664 0.923888 0.000000
vn 0.382664 0.923888 0.000000
vn 0.382664 0.923888 0.000000
vn -0.382664 0.923888 0.000000
vn -0.382664 0.923888 0.000000
vn -0.382664 0.923888 0.000000
vn -0.382664 0.923888 0.000000
vn -0.923889 0.382661 0.000000
vn -0.923889 0.382661 0.000000
vn -0.923889 0.382661 0.000000
vn -0.923889 0.382661 0.000000
vn 0.000000 -0.000000 -1.000000
vn 0.000000 -0.000000 -1.000000
vn 0.000000 -0.000000 -1.000000
vn 0.000000 -0.000000 -1.000000
vn 0.000000 -0.000000 -1.000000
vn 0.000000 -0.000000 -1.000000
vn 0.000000 -0.000000 -1.000000
vn 0.000000 -0.000000 -1.000000
vn -0.000000 0.000000 1.000000
vn -0.000000 0.000000 1.000000
vn -0.000000 0.000000 1.000000
vn -0.000000 0.000000 1.000000
vn -0.000000 0.000000 1.000000
vn -0.000000 0.000000 1.000000
vn -0.000000 0.000000 1.000000
vn -0.000000 0.000000 1.000000
vn 0.923880 -0.382684 -0.000000
vn 0.923880 -0.382684 -0.000000
vn 0.923880 -0.382684 -0.000000
vn 0.923880 -0.382684 -0.000000
vn 0.382683 -0.923880 -0.000000
vn 0.382683 -0.923880 -0.000000
vn 0.382683 -0.923880 -0.000000
vn 0.382683 -0.923880 -0.000000
vn -0.382684 -0.923880 0.000000
vn -0.382684 -0.923880 0.000000
vn -0.382684 -0.923880 0.000000
vn -0.382684 -0.923880 0.000000
vn -0.923880 -0.382683 0.000000
vn -0.923880 -0.382683 0.000000
vn -0.923880 -0.382683 0.000000
vn -0.923880 -0.382683 0.000000
vn -0.923880 0.382684 0.000000
vn -0.923880 0.382684 0.000000
vn -0.923880 0.382684 0.000000
vn -0.923880 0.382684 0.000000
vn -0.382683 0.923880 0.000000
vn -0.382683 0.923880 0.000000
vn -0.382683 0.923880 0.000000
vn -0.382683 0.923880 0.000000
vn 0.382684 0.923880 0.000000
vn 0.382684 0.923880 0.000000
vn 0.382684 0.923880 0.000000
vn 0.382684 0.923880 0.000000
vn 0.923880 0.382683 -0.000000
vn 0.923880 0.382683 0.000000
vn 0.923880 0.382683 0.000000
vn 0.923880 0.382683 0.000000
vn 0.923880 0.382683 0.000000
vn 0.923880 0.382683 0.000000
vn 0.923880 0.382683 0.000000
vn 0.923880 0.382683 0.000000
vn 0.923880 0.382683 0.000000
vn 0.923880 0.382683 0.000000
vn 0.923880 0.382683 0.000000
vn 0.923880 0.382683 0.000000
vn 0.923880 0.382683 0.000000
vn 0.923880 0.382683 0.000000
vn 0.923880 0.382683 0.000000
vn 0.923880 0.382683 0.000000
vn 0.923880 0.382683 0.000000
vn 0.923880 0.382683 0.000000
vn 0.923880 0.382683 0.000000
vn 0.923880 0.382683 0.000000
vn 0.923880 0.382683 0.000000
vn 0.923880 0.382683 0.000000
vn 0.923880 0.382683 0.000000
vn 0.923880 0.382683 0.000000
vn 0.923880 0.382683 0.000000
vn 0.923880 0.382683 0.000000
vn 0.923880 0.382683 0.000000
vn 0.923880 0.382683 0.000000
vn 0.923880 0.382683 0.000000
vn 0.923880 0.382683 0.000000
vn 0.923880 0.382683 0.000000
vn 0.923880 0.382683 0.000000
vn 0.923880 0.382683 0.000000
vn 0.923880 0.382683 0.000000
vn -0.000000 0.000000 1.000000
vn -0.000000 0.000000 1.000000
vn -0.000000 0.000000 1.000000
vn -0.000000 0.000000 1.000000
vn -0.000000 0.000000 1.000000
vn -0.000000 0.000000 1.000000
vn -0.000000 0.000000 1.000000
vn -0.000000 0.000000 1.000000
vn -0.000000 0.000000 -1.000000
vn -0.000000 0.000000 -1.000000
vn -0.000000 0.000000 -1.000000
vn -0.000000 0.000000 -1.000000
vn -0.000000 0.000000 -1.000000
vn -0.000000 0.000000 -1.000000
vn -0.000000 0.000000 -1.000000
vn -0.000000 0.000000 -1.000000
vn -0.808037 0.334700 0.484822
vn -0.808037 0.334700 0.484822
vn -0.808037 0.334700 0.484822
vn -0.808037 -0.334700 0.484822
vn -0.808037 -0.334700 0.484822
vn -0.808037 -0.334700 0.484822
vn -0.334700 -0.808037 0.484822
vn -0.334700 -0.808037 0.484822
vn -0.334700 -0.808037 0.484822
vn 0.334700 -0.808037 0.484822
vn 0.334700 -0.808037 0.484822
vn 0.334700 -0.808037 0.484822
vn -0.334700 0.808037 0.484822
vn -0.334700 0.808037 0.484822
vn -0.334700 0.808037 0.484822
vn 0.334700 0.808037 0.484822
vn 0.334700 0.808037 0.484822
vn 0.334700 0.808037 0.484822
vn 0.808037 0.334700 0.484822
vn 0.808037 0.334700 0.484822
vn 0.808037 0.334700 0.484822
vn 0.808037 -0.334700 0.484822
vn 0.808037 -0.334700 0.484822
vn 0.808037 -0.334700 0.484822
vn 0.923880 0.382684 0.000000
vn 0.923880 0.382684 0.000000
vn 0.923880 0.382684 0.000000
vn 0.923880 0.382684 0.000000
vn 0.382683 0.923880 0.000000
vn 0.382683 0.923880 0.000000
vn 0.382683 0.923880 0.000000
vn 0.382683 0.923880 0.000000
vn -0.382684 0.923880 0.000000
vn -0.382684 0.923880 0.000000
vn -0.382684 0.923880 0.000000
vn -0.382684 0.923880 0.000000
vn -0.923880 0.382683 0.000000
vn -0.923880 0.382683 0.000000
vn -0.923880 0.382683 0.000000
vn -0.923880 0.382683 0.000000
vn -0.923880 -0.382684 0.000000
vn -0.923880 -0.382684 0.000000
vn -0.923880 -0.382684 0.000000
vn -0.923880 -0.382684 0.000000
vn -0.382683 -0.923880 0.000000
vn -0.382683 -0.923880 0.000000
vn -0.382683 -0.923880 0.000000
vn -0.382683 -0.923880 0.000000
vn 0.382684 -0.923880 -0.000000
vn 0.382684 -0.923880 -0.000000
vn 0.382684 -0.923880 -0.000000
vn 0.382684 -0.923880 -0.000000
vn 0.923880 -0.382683 0.000000
vn 0.923880 -0.382683 -0.000000
vn 0.923880 -0.382683 -0.000000
vn 0.923880 -0.382683 -0.000000
vn 0.923880 -0.382683 -0.000000
vn 0.923880 -0.382683 -0.000000
vn 0.923880 -0.382683 -0.000000
vn 0.923880 -0.382683 -0.000000
vn 0.923880 -0.382683 -0.000000
vn 0.923880 -0.382683 -0.000000
vn 0.923880 -0.382683 -0.000000
vn 0.923880 -0.382683 -0.000000
vn 0.923880 -0.382683 -0.000000
vn 0.923880 -0.382683 -0.000000
vn 0.923880 -0.382683 -0.000000
vn 0.923880 -0.382683 -0.000000
vn 0.923880 -0.382683 -0.000000
vn 0.923880 -0.382683 -0.000000
vn 0.923880 -0.382683 -0.000000
vn 0.923880 -0.382683 -0.000000
vn 0.923880 -0.382683 -0.000000
vn 0.923880 -0.382683 -0.000000
vn 0.923880 -0.382683 -0.000000
vn 0.923880 -0.382683 -0.000000
vn 0.923880 -0.382683 -0.000000
vn 0.923880 -0.382683 -0.000000
vn 0.923880 -0.382683 -0.000000
vn 0.923880 -0.382683 -0.000000
vn 0.923880 -0.382683 -0.000000
vn 0.923880 -0.382683 -0.000000
vn 0.923880 -0.382683 -0.000000
vn 0.923880 -0.382683 -0.000000
vn 0.923880 -0.382683 -0.000000
vn 0.923880 -0.382683 -0.000000
vn -0.000000 0.000000 -1.000000
vn -0.000000 0.000000 -1.000000
vn -0.000000 0.000000 -1.000000
vn -0.000000 0.000000 -1.000000
vn -0.000000 0.000000 -1.000000
vn -0.000000 0.000000 -1.000000
vn -0.000000 0.000000 -1.000000
vn -0.000000 0.000000 -1.000000
vn -0.000000 0.000000 1.000000
vn -0.000000 0.000000 1.000000
vn -0.000000 0.000000 1.000000
vn -0.000000 0.000000 1.000000
vn -0.000000 0.000000 1.000000
vn -0.000000 0.000000 1.000000
vn -0.000000 0.000000 1.000000
vn -0.000000 0.000000 1.000000
vn -0.808037 -0.334700 -0.484822
vn -0.808037 -0.334700 -0.484822
vn -0.808037 -0.334700 -0.484822
vn -0.808037 0.334700 -0.484822
vn -0.808037 0.334700 -0.484822
vn -0.808037 0.334700 -0.484822
vn -0.334700 0.808037 -0.484822
vn -0.334700 0.808037 -0.484822
vn -0.334700 0.808037 -0.484822
vn 0.334700 0.808037 -0.484822
vn 0.334700 0.808037 -0.484822
vn 0.334700 0.808037 -0.484822
vn -0.334700 -0.808037 -0.484822
vn -0.334700 -0.808037 -0.484822
vn -0.334700 -0.808037 -0.484822
vn 0.334700 -0.808037 -0.484822
vn 0.334700 -0.808037 -0.484822
vn 0.334700 -0.808037 -0.484822
vn 0.808037 -0.334700 -0.484822
vn 0.808037 -0.334700 -0.484822
vn 0.808037 -0.334700 -0.484822
vn 0.808037 0.334700 -0.484822
vn 0.808037 0.334700 -0.484822
vn 0.808037 0.334700 -0.484822
vn 1.000000 0.000000 0.000000
vn 1.000000 0.000000 0.000000
vn 1.000000 0.000000 0.000000
vn 1.000000 0.000000 0.000000
vn 1.000000 0.000000 0.000000
vn 1.000000 0.000000 0.000000
vn 1.000000 0.000000 0.000000
vn 1.000000 0.000000 0.000000
vn -0.484822 0.334700 -0.808037
vn -0.484822 0.334700 -0.808037
vn -0.484822 0.334700 -0.808037
vn -0.484822 -0.334700 -0.808037
vn -0.484822 -0.334700 -0.808037
vn -0.484822 -0.334700 -0.808037
vn -0.484822 -0.808037 -0.334700
vn -0.484822 -0.808037 -0.334700
vn -0.484822 -0.808037 -0.334700
vn -0.484822 -0.808037 0.334700
vn -0.484822 -0.808037 0.334700
vn -0.484822 -0.808037 0.334700
vn -0.484822 0.808037 -0.334700
vn -0.484822 0.808037 -0.334700
vn -0.484822 0.808037 -0.334700
vn -0.484822 0.808037 0.334700
vn -0.484822 0.808037 0.334700
vn -0.484822 0.808037 0.334700
vn -0.484822 0.334700 0.808037
vn -0.484822 0.334700 0.808037
vn -0.484822 0.334700 0.808037
vn -0.484822 -0.334700 0.808037
vn -0.484822 -0.334700 0.808037
vn -0.484822 -0.334700 0.808037
vn 1.000000 0.000000 0.000000
vn 1.000000 0.000000 0.000000
vn 1.000000 0.000000 0.000000
vn 1.000000 0.000000 0.000000
vn 1.000000 0.000000 0.000000
vn 1.000000 0.000000 0.000000
vn 1.000000 0.000000 0.000000
vn 1.000000 0.000000 0.000000
vn -1.000000 0.000000 0.000000
vn -1.000000 0.000000 0.000000
vn -1.000000 0.000000 0.000000
vn -1.000000 0.000000 0.000000
vn -1.000000 0.000000 0.000000
vn -1.000000 0.000000 0.000000
vn -1.000000 0.000000 0.000000
vn -1.000000 0.000000 0.000000
vn 0.000000 -0.382683 -0.923880
vn -0.000000 -0.382683 -0.923880
vn -0.000000 -0.382683 -0.923880
vn -0.000000 -0.382683 -0.923880
vn -0.000000 -0.382683 -0.923880
vn -0.000000 -0.382683 -0.923880
vn -0.000000 -0.382683 -0.923880
vn -0.000000 -0.382683 -0.923880
vn -0.000000 -0.382683 -0.923880
vn -0.000000 -0.382683 -0.923880
vn -0.000000 -0.382683 -0.923880
vn -0.000000 -0.382683 -0.923880
vn -0.000000 -0.382683 -0.923880
vn -0.000000 -0.382683 -0.923880
vn -0.000000 -0.382683 -0.923880
vn -0.000000 -0.382683 -0.923880
vn -0.000000 -0.382683 -0.923880
vn -0.000000 -0.382683 -0.923880
vn -0.000000 -0.382683 -0.923880
vn -0.000000 -0.382683 -0.923880
vn -0.000000 -0.382683 -0.923880
vn -0.000000 -0.382683 -0.923880
vn -0.000000 -0.382683 -0.923880
vn -0.000000 -0.382683 -0.923880
vn -0.000000 -0.382683 -0.923880
vn -0.000000 -0.382683 -0.923880
vn -0.000000 -0.382683 -0.923880
vn -0.000000 -0.382683 -0.923880
vn -0.000000 -0.382683 -0.923880
vn -0.000000 -0.382683 -0.923880
vn -0.000000 -0.382683 -0.923880
vn -0.000000 -0.382683 -0.923880
vn -0.000000 -0.382683 -0.923880
vn -0.000000 -0.382683 -0.923880
vn -0.000000 -0.923880 -0.382684
vn -0.000000 -0.923880 -0.382684
vn -0.000000 -0.923880 -0.382684
vn -0.000000 -0.923880 -0.382684
vn -0.000000 -0.923880 0.382683
vn -0.000000 -0.923880 0.382683
vn -0.000000 -0.923880 0.382683
vn -0.000000 -0.923880 0.382683
vn -0.000000 -0.382684 0.923880
vn -0.000000 -0.382684 0.923880
vn -0.000000 -0.382684 0.923880
vn -0.000000 -0.382684 0.923880
vn -0.000000 0.382683 0.923880
vn -0.000000 0.382683 0.923880
vn -0.000000 0.382683 0.923880
vn -0.000000 0.382683 0.923880
vn -0.000000 0.923880 0.382684
vn -0.000000 0.923880 0.382684
vn -0.000000 0.923880 0.382684
vn -0.000000 0.923880 0.382684
vn -0.000000 0.923880 -0.382683
vn -0.000000 0.923880 -0.382683
vn -0.000000 0.923880 -0.382683
vn -0.000000 0.923880 -0.382683
vn -0.000000 0.382684 -0.923880
vn -0.000000 0.382684 -0.923880
vn -0.000000 0.382684 -0.923880
vn -0.000000 0.382684 -0.923880
vn -1.000000 0.000000 0.000000
vn -1.000000 0.000000 0.000000
vn -1.000000 0.000000 0.000000
vn -1.000000 0.000000 0.000000
vn -1.000000 0.000000 0.000000
vn -1.000000 0.000000 0.000000
vn -1.000000 0.000000 0.000000
vn -1.000000 0.000000 0.000000
vn -0.000000 -0.382706 0.923870
vn -0.000000 -0.382706 0.923870
vn -0.000000 -0.382706 0.923870
vn -0.000000 -0.382706 0.923870
vn -0.000000 -0.923888 0.382664
vn -0.000000 -0.923888 0.382664
vn -0.000000 -0.923888 0.382664
vn -0.000000 -0.923888 0.382664
vn 0.000000 -0.923888 -0.382664
vn 0.000000 -0.923888 -0.382664
vn 0.000000 -0.923888 -0.382664
vn 0.000000 -0.923888 -0.382664
vn 0.000000 -0.382705 -0.923870
vn 0.000000 -0.382705 -0.923870
vn 0.000000 -0.382705 -0.923870
vn 0.000000 -0.382705 -0.923870
vn -0.000000 0.382662 -0.923889
vn -0.000000 0.382662 -0.923889
vn -0.000000 0.382662 -0.923889
vn -0.000000 0.382662 -0.923889
vn -0.000000 0.923888 -0.382664
vn -0.000000 0.923888 -0.382664
vn -0.000000 0.923888 -0.382664
vn -0.000000 0.923888 -0.382664
vn -0.000000 0.923888 0.382664
vn -0.000000 0.923888 0.382664
vn -0.000000 0.923888 0.382664
vn -0.000000 0.923888 0.382664
vn -0.000000 0.382661 0.923889
vn -0.000000 0.382661 0.923889
vn -0.000000 0.382661 0.923889
vn -0.000000 0.382661 0.923889
vn -0.000000 -0.382684 -0.923880
vn -0.000000 -0.382684 -0.923880
vn -0.000000 -0.382684 -0.923880
vn -0.000000 -0.382684 -0.923880
vn -0.000000 -0.923880 -0.382683
vn -0.000000 -0.923880 -0.382683
vn -0.000000 -0.923880 -0.382683
vn -0.000000 -0.923880 -0.382683
vn -0.000000 -0.923880 0.382684
vn -0.000000 -0.923880 0.382684
vn -0.000000 -0.923880 0.382684
vn -0.000000 -0.923880 0.382684
vn -0.000000 -0.382683 0.923880
vn -0.000000 -0.382683 0.923880
vn -0.000000 -0.382683 0.923880
vn -0.000000 -0.382683 0.923880
vn -0.000000 0.382684 0.923880
vn -0.000000 0.382684 0.923880
vn -0.000000 0.382684 0.923880
vn -0.000000 0.382684 0.923880
vn -0.000000 0.923880 0.382683
vn -0.000000 0.923880 0.382683
vn -0.000000 0.923880 0.382683
vn -0.000000 0.923880 0.382683
vn -0.000000 0.923880 -0.382684
vn -0.000000 0.923880 -0.382684
vn -0.000000 0.923880 -0.382684
vn -0.000000 0.923880 -0.382684
vn -0.000000 0.382683 -0.923880
vn -0.000000 0.382683 -0.923880
vn -0.000000 0.382683 -0.923880
vn -0.000000 0.382683 -0.923880
vn -0.000000 0.382683 -0.923880
vn -0.000000 0.382683 -0.923880
vn -0.000000 0.382683 -0.923880
vn -0.000000 0.382683 -0.923880
vn -0.000000 0.382683 -0.923880
vn -0.000000 0.382683 -0.923880
vn -0.000000 0.382683 -0.923880
vn -0.000000 0.382683 -0.923880
vn -0.000000 0.382683 -0.923880
vn -0.000000 0.382683 -0.923880
vn -0.000000 0.382683 -0.923880
vn -0.000000 0.382683 -0.923880
vn -0.000000 0.382683 -0.923880
vn -0.000000 0.382683 -0.923880
vn -0.000000 0.382683 -0.923880
vn -0.000000 0.382683 -0.923880
vn -0.000000 0.382683 -0.923880
vn -0.000000 0.382683 -0.923880
vn -0.000000 0.382683 -0.923880
vn -0.000000 0.382683 -0.923880
vn -0.000000 0.382683 -0.923880
vn -0.000000 0.382683 -0.923880
vn -0.000000 0.382683 -0.923880
vn -0.000000 0.382683 -0.923880
vn -0.000000 0.382683 -0.923880
vn -0.000000 0.382683 -0.923880
vn -0.000000 0.382683 -0.923880
vn -0.000000 0.382683 -0.923880
vn -0.000000 0.382683 -0.923880
vn -0.000000 0.382683 -0.923880
vn 1.000000 0.000000 0.000000
vn 1.000000 0.000000 0.000000
vn 1.000000 0.000000 0.000000
vn 1.000000 0.000000 0.000000
vn 1.000000 0.000000 0.000000
vn 1.000000 0.000000 0.000000
vn 1.000000 0.000000 0.000000
vn 1.000000 0.000000 0.000000
vn -1.000000 0.000000 0.000000
vn -1.000000 0.000000 0.000000
vn -1.000000 0.000000 0.000000
vn -1.000000 0.000000 0.000000
vn -1.000000 0.000000 0.000000
vn -1.000000 0.000000 0.000000
vn -1.000000 0.000000 0.000000
vn -1.000000 0.000000 0.000000
vn 0.484822 0.334700 0.808037
vn 0.484822 0.334700 0.808037
vn 0.484822 0.334700 0.808037
vn 0.484822 -0.334700 0.808037
vn 0.484822 -0.334700 0.808037
vn 0.484822 -0.334700 0.808037
vn 0.484822 -0.808037 0.334700
vn 0.484822 -0.808037 0.334700
vn 0.484822 -0.808037 0.334700
vn 0.484822 -0.808037 -0.334700
vn 0.484822 -0.808037 -0.334700
vn 0.484822 -0.808037 -0.334700
vn 0.484822 0.808037 0.334700
vn 0.484822 0.808037 0.334700
vn 0.484822 0.808037 0.334700
vn 0.484822 0.808037 -0.334700
vn 0.484822 0.808037 -0.334700
vn 0.484822 0.808037 -0.334700
vn 0.484822 0.334700 -0.808037
vn 0.484822 0.334700 -0.808037
vn 0.484822 0.334700 -0.808037
vn 0.484822 -0.334700 -0.808037
vn 0.484822 -0.334700 -0.808037
vn 0.484822 -0.334700 -0.808037
vn -0.000000 0.382668 -0.923886
vn -0.000000 0.382668 -0.923886
vn -0.000000 0.382668 -0.923886
vn -0.000000 0.382668 -0.923886
vn -0.000000 -0.382699 -0.923873
vn -0.000000 -0.382699 -0.923873
vn -0.000000 -0.382699 -0.923873
vn -0.000000 -0.382699 -0.923873
vn -0.000000 -0.923888 -0.382664
vn -0.000000 -0.923888 -0.382664
vn -0.000000 -0.923888 -0.382664
vn -0.000000 -0.923888 -0.382664
vn -0.000000 -0.923888 0.382664
vn -0.000000 -0.923888 0.382664
vn -0.000000 -0.923888 0.382664
vn -0.000000 -0.923888 0.382664
vn -0.000000 -0.382712 0.923868
vn -0.000000 -0.382712 0.923868
vn -0.000000 -0.382712 0.923868
vn -0.000000 -0.382712 0.923868
vn -0.000000 0.382655 0.923891
vn -0.000000 0.382655 0.923891
vn -0.000000 0.382655 0.923891
vn -0.000000 0.382655 0.923891
vn -0.000000 0.923888 0.382664
vn -0.000000 0.923888 0.382664
vn -0.000000 0.923888 0.382664
vn -0.000000 0.923888 0.382664
vn -0.000000 0.923888 -0.382664
vn -0.000000 0.923888 -0.382664
vn -0.000000 0.923888 -0.382664
vn -0.000000 0.923888 -0.382664
vn 1.000000 -0.000000 -0.000000
vn 1.000000 -0.000000 -0.000000
vn 1.000000 -0.000000 -0.000000
vn 1.000000 -0.000000 -0.000000
vn 1.000000 -0.000000 -0.000000
vn 1.000000 -0.000000 -0.000000
vn 1.000000 -0.000000 -0.000000
vn 1.000000 -0.000000 -0.000000
vn -1.000000 0.000000 0.000000
vn -1.000000 0.000000 0.000000
vn -1.000000 0.000000 0.000000
vn -1.000000 0.000000 0.000000
vn -1.000000 0.000000 0.000000
vn -1.000000 0.000000 0.000000
vn -1.000000 0.000000 0.000000
vn -1.000000 0.000000 0.000000
vn -0.484822 0.334700 -0.808037
vn -0.484822 0.334700 -0.808037
vn -0.484822 0.334700 -0.808037
vn -0.484822 -0.334700 -0.808037
vn -0.484822 -0.334700 -0.808037
vn -0.484822 -0.334700 -0.808037
vn -0.484822 -0.808037 -0.334700
vn -0.484822 -0.808037 -0.334700
vn -0.484822 -0.808037 -0.334700
vn -0.484822 -0.808037 0.334700
vn -0.484822 -0.808037 0.334700
vn -0.484822 -0.808037 0.334700
vn -0.484822 0.808037 -0.334700
vn -0.484822 0.808037 -0.334700
vn -0.484822 0.808037 -0.334700
vn -0.484822 0.808037 0.334700
vn -0.484822 0.808037 0.334700
vn -0.484822 0.808037 0.334700
vn -0.484822 0.334700 0.808037
vn -0.484822 0.334700 0.808037
vn -0.484822 0.334700 0.808037
vn -0.484822 -0.334700 0.808037
vn -0.484822 -0.334700 0.808037
vn -0.484822 -0.334700 0.808037
vn 1.000000 0.000000 0.000000
vn 1.000000 0.000000 0.000000
vn 1.000000 0.000000 0.000000
vn 1.000000 0.000000 0.000000
vn 1.000000 0.000000 0.000000
vn 1.000000 0.000000 0.000000
vn 1.000000 0.000000 0.000000
vn 1.000000 0.000000 0.000000
vn -1.000000 0.000000 0.000000
vn -1.000000 0.000000 0.000000
vn -1.000000 0.000000 0.000000
vn -1.000000 0.000000 0.000000
vn -1.000000 0.000000 0.000000
vn -1.000000 0.000000 0.000000
vn -1.000000 0.000000 0.000000
vn -1.000000 0.000000 0.000000
vn 0.000000 -0.382683 -0.923880
vn -0.000000 -0.382683 -0.923880
vn -0.000000 -0.382683 -0.923880
vn -0.000000 -0.382683 -0.923880
vn -0.000000 -0.382683 -0.923880
vn -0.000000 -0.382683 -0.923880
vn -0.000000 -0.382683 -0.923880
vn -0.000000 -0.382683 -0.923880
vn -0.000000 -0.382683 -0.923880
vn -0.000000 -0.382683 -0.923880
vn -0.000000 -0.382683 -0.923880
vn -0.000000 -0.382683 -0.923880
vn -0.000000 -0.382683 -0.923880
vn -0.000000 -0.382683 -0.923880
vn -0.000000 -0.382683 -0.923880
vn -0.000000 -0.382683 -0.923880
vn -0.000000 -0.382683 -0.923880
vn -0.000000 -0.382683 -0.923880
vn -0.000000 -0.382683 -0.923880
vn -0.000000 -0.382683 -0.923880
vn -0.000000 -0.382683 -0.923880
vn -0.000000 -0.382683 -0.923880
vn -0.000000 -0.382683 -0.923880
vn -0.000000 -0.382683 -0.923880
vn -0.000000 -0.382683 -0.923880
vn -0.000000 -0.382683 -0.923880
vn -0.000000 -0.382683 -0.923880
vn -0.000000 -0.382683 -0.923880
vn -0.000000 -0.382683 -0.923880
vn -0.000000 -0.382683 -0.923880
vn -0.000000 -0.382683 -0.923880
vn -0.000000 -0.382683 -0.923880
vn -0.000000 -0.382683 -0.923880
vn -0.000000 -0.382683 -0.923880
vn -0.000000 -0.923880 -0.382684
vn -0.000000 -0.923880 -0.382684
vn -0.000000 -0.923880 -0.382684
vn -0.000000 -0.923880 -0.382684
vn -0.000000 -0.923880 0.382683
vn -0.000000 -0.923880 0.382683
vn -0.000000 -0.923880 0.382683
vn -0.000000 -0.923880 0.382683
vn -0.000000 -0.382684 0.923880
vn -0.000000 -0.382684 0.923880
vn -0.000000 -0.382684 0.923880
vn -0.000000 -0.382684 0.923880
vn -0.000000 0.382683 0.923880
vn -0.000000 0.382683 0.923880
vn -0.000000 0.382683 0.923880
vn -0.000000 0.382683 0.923880
vn -0.000000 0.923880 0.382684
vn -0.000000 0.923880 0.382684
vn -0.000000 0.923880 0.382684
vn -0.000000 0.923880 0.382684
vn -0.000000 0.923880 -0.382683
vn -0.000000 0.923880 -0.382683
vn -0.000000 0.923880 -0.382683
vn -0.000000 0.923880 -0.382683
vn -0.000000 0.382684 -0.923880
vn -0.000000 0.382684 -0.923880
vn -0.000000 0.382684 -0.923880
vn -0.000000 0.382684 -0.923880
vn -1.000000 0.000000 0.000000
vn -1.000000 0.000000 0.000000
vn -1.000000 0.000000 0.000000
vn -1.000000 0.000000 0.000000
vn -1.000000 0.000000 0.000000
vn -1.000000 0.000000 0.000000
vn -1.000000 0.000000 0.000000
vn -1.000000 0.000000 0.000000
vn -0.000000 -0.382706 0.923870
vn -0.000000 -0.382706 0.923870
vn -0.000000 -0.382706 0.923870
vn -0.000000 -0.382706 0.923870
vn -0.000000 -0.923888 0.382664
vn -0.000000 -0.923888 0.382664
vn -0.000000 -0.923888 0.382664
vn -0.000000 -0.923888 0.382664
vn 0.000000 -0.923888 -0.382664
vn 0.000000 -0.923888 -0.382664
vn 0.000000 -0.923888 -0.382664
vn 0.000000 -0.923888 -0.382664
vn 0.000000 -0.382705 -0.923870
vn 0.000000 -0.382705 -0.923870
vn 0.000000 -0.382705 -0.923870
vn 0.000000 -0.382705 -0.923870
vn -0.000000 0.382662 -0.923889
vn -0.000000 0.382662 -0.923889
vn -0.000000 0.382662 -0.923889
vn -0.000000 0.382662 -0.923889
vn -0.000000 0.923888 -0.382664
vn -0.000000 0.923888 -0.382664
vn -0.000000 0.923888 -0.382664
vn -0.000000 0.923888 -0.382664
vn -0.000000 0.923888 0.382664
vn -0.000000 0.923888 0.382664
vn -0.000000 0.923888 0.382664
vn -0.000000 0.923888 0.382664
vn -0.000000 0.382661 0.923889
vn -0.000000 0.382661 0.923889
vn -0.000000 0.382661 0.923889
vn -0.000000 0.382661 0.923889
vn -0.000000 -0.382684 -0.923880
vn -0.000000 -0.382684 -0.923880
vn -0.000000 -0.382684 -0.923880
vn -0.000000 -0.382684 -0.923880
vn -0.000000 -0.923880 -0.382683
vn -0.000000 -0.923880 -0.382683
vn -0.000000 -0.923880 -0.382683
vn -0.000000 -0.923880 -0.382683
vn -0.000000 -0.923880 0.382684
vn -0.000000 -0.923880 0.382684
vn -0.000000 -0.923880 0.382684
vn -0.000000 -0.923880 0.382684
vn -0.000000 -0.382683 0.923880
vn -0.000000 -0.382683 0.923880
vn -0.000000 -0.382683 0.923880
vn -0.000000 -0.382683 0.923880
vn -0.000000 0.382684 0.923880
vn -0.000000 0.382684 0.923880
vn -0.000000 0.382684 0.923880
vn -0.000000 0.382684 0.923880
vn -0.000000 0.923880 0.382683
vn -0.000000 0.923880 0.382683
vn -0.000000 0.923880 0.382683
vn -0.000000 0.923880 0.382683
vn -0.000000 0.923880 -0.382684
vn -0.000000 0.923880 -0.382684
vn -0.000000 0.923880 -0.382684
vn -0.000000 0.923880 -0.382684
vn -0.000000 0.382683 -0.923880
vn -0.000000 0.382683 -0.923880
vn -0.000000 0.382683 -0.923880
vn -0.000000 0.382683 -0.923880
vn -0.000000 0.382683 -0.923880
vn -0.000000 0.382683 -0.923880
vn -0.000000 0.382683 -0.923880
vn -0.000000 0.382683 -0.923880
vn -0.000000 0.382683 -0.923880
vn -0.000000 0.382683 -0.923880
vn -0.000000 0.382683 -0.923880
vn -0.000000 0.382683 -0.923880
vn -0.000000 0.382683 -0.923880
vn -0.000000 0.382683 -0.923880
vn -0.000000 0.382683 -0.923880
vn -0.000000 0.382683 -0.923880
vn -0.000000 0.382683 -0.923880
vn -0.000000 0.382683 -0.923880
vn -0.000000 0.382683 -0.923880
vn -0.000000 0.382683 -0.923880
vn -0.000000 0.382683 -0.923880
vn -0.000000 0.382683 -0.923880
vn -0.000000 0.382683 -0.923880
vn -0.000000 0.382683 -0.923880
vn -0.000000 0.382683 -0.923880
vn -0.000000 0.382683 -0.923880
vn -0.000000 0.382683 -0.923880
vn -0.000000 0.382683 -0.923880
vn -0.000000 0.382683 -0.923880
vn -0.000000 0.382683 -0.923880
vn -0.000000 0.382683 -0.923880
vn -0.000000 0.382683 -0.923880
vn -0.000000 0.382683 -0.923880
vn -0.000000 0.382683 -0.923880
vn 1.000000 0.000000 0.000000
vn 1.000000 0.000000 0.000000
vn 1.000000 0.000000 0.000000
vn 1.000000 0.000000 0.000000
vn 1.000000 0.000000 0.000000
vn 1.000000 0.000000 0.000000
vn 1.000000 0.000000 0.000000
vn 1.000000 0.000000 0.000000
vn -1.000000 0.000000 0.000000
vn -1.000000 0.000000 0.000000
vn -1.000000 0.000000 0.000000
vn -1.000000 0.000000 0.000000
vn -1.000000 0.000000 0.000000
vn -1.000000 0.000000 0.000000
vn -1.000000 0.000000 0.000000
vn -1.000000 0.000000 0.000000
vn 0.484822 0.334700 0.808037
vn 0.484822 0.334700 0.808037
vn 0.484822 0.334700 0.808037
vn 0.484822 -0.334700 0.808037
vn 0.484822 -0.334700 0.808037
vn 0.484822 -0.334700 0.808037
vn 0.484822 -0.808037 0.334700
vn 0.484822 -0.808037 0.334700
vn 0.484822 -0.808037 0.334700
vn 0.484822 -0.808037 -0.334700
vn 0.484822 -0.808037 -0.334700
vn 0.484822 -0.808037 -0.334700
vn 0.484822 0.808037 0.334700
vn 0.484822 0.808037 0.334700
vn 0.484822 0.808037 0.334700
vn 0.484822 0.808037 -0.334700
vn 0.484822 0.808037 -0.334700
vn 0.484822 0.808037 -0.334700
vn 0.484822 0.334700 -0.808037
vn 0.484822 0.334700 -0.808037
vn 0.484822 0.334700 -0.808037
vn 0.484822 -0.334700 -0.808037
vn 0.484822 -0.334700 -0.808037
vn 0.484822 -0.334700 -0.808037
vn -0.000000 0.382668 -0.923886
vn -0.000000 0.382668 -0.923886
vn -0.000000 0.382668 -0.923886
vn -0.000000 0.382668 -0.923886
vn -0.000000 -0.382699 -0.923873
vn -0.000000 -0.382699 -0.923873
vn -0.000000 -0.382699 -0.923873
vn -0.000000 -0.382699 -0.923873
vn -0.000000 -0.923888 -0.382664
vn -0.000000 -0.923888 -0.382664
vn -0.000000 -0.923888 -0.382664
vn -0.000000 -0.923888 -0.382664
vn -0.000000 -0.923888 0.382664
vn -0.000000 -0.923888 0.382664
vn -0.000000 -0.923888 0.382664
vn -0.000000 -0.923888 0.382664
vn -0.000000 -0.382712 0.923868
vn -0.000000 -0.382712 0.923868
vn -0.000000 -0.382712 0.923868
vn -0.000000 -0.382712 0.923868
vn -0.000000 0.382655 0.923891
vn -0.000000 0.382655 0.923891
vn -0.000000 0.382655 0.923891
vn -0.000000 0.382655 0.923891
vn -0.000000 0.923888 0.382664
vn -0.000000 0.923888 0.382664
vn -0.000000 0.923888 0.382664
vn -0.000000 0.923888 0.382664
vn -0.000000 0.923888 -0.382664
vn -0.000000 0.923888 -0.382664
vn -0.000000 0.923888 -0.382664
vn -0.000000 0.923888 -0.382664
vn 1.000000 -0.000000 -0.000000
vn 1.000000 -0.000000 -0.000000
vn 1.000000 -0.000000 -0.000000
vn 1.000000 -0.000000 -0.000000
vn 1.000000 -0.000000 -0.000000
vn 1.000000 -0.000000 -0.000000
vn 1.000000 -0.000000 -0.000000
vn 1.000000 -0.000000 -0.000000
vn -1.000000 0.000000 0.000000
vn -1.000000 0.000000 0.000000
vn -1.000000 0.000000 0.000000
vn -1.000000 0.000000 0.000000
vn -1.000000 0.000000 0.000000
vn -1.000000 0.000000 0.000000
vn -1.000000 0.000000 0.000000
vn -1.000000 0.000000 0.000000
vn -0.484822 0.334700 -0.808037
vn -0.484822 0.334700 -0.808037
vn -0.484822 0.334700 -0.808037
vn -0.484822 -0.334700 -0.808037
vn -0.484822 -0.334700 -0.808037
vn -0.484822 -0.334700 -0.808037
vn -0.484822 -0.808037 -0.334700
vn -0.484822 -0.808037 -0.334700
vn -0.484822 -0.808037 -0.334700
vn -0.484822 -0.808037 0.334700
vn -0.484822 -0.808037 0.334700
vn -0.484822 -0.808037 0.334700
vn -0.484822 0.808037 -0.334700
vn -0.484822 0.808037 -0.334700
vn -0.484822 0.808037 -0.334700
vn -0.484822 0.808037 0.334700
vn -0.484822 0.808037 0.334700
vn -0.484822 0.808037 0.334700
vn -0.484822 0.334700 0.808037
vn -0.484822 0.334700 0.808037
vn -0.484822 0.334700 0.808037
vn -0.484822 -0.334700 0.808037
vn -0.484822 -0.334700 0.808037
vn -0.484822 -0.334700 0.808037
vn 1.000000 0.000000 0.000000
vn 1.000000 0.000000 0.000000
vn 1.000000 0.000000 0.000000
vn 1.000000 0.000000 0.000000
vn 1.000000 0.000000 0.000000
vn 1.000000 0.000000 0.000000
vn 1.000000 0.000000 0.000000
vn 1.000000 0.000000 0.000000
vn -1.000000 0.000000 0.000000
vn -1.000000 0.000000 0.000000
vn -1.000000 0.000000 0.000000
vn -1.000000 0.000000 0.000000
vn -1.000000 0.000000 0.000000
vn -1.000000 0.000000 0.000000
vn -1.000000 0.000000 0.000000
vn -1.000000 0.000000 0.000000
vn 0.000000 -0.382683 -0.923880
vn -0.000000 -0.382683 -0.923880
vn -0.000000 -0.382683 -0.923880
vn -0.000000 -0.382683 -0.923880
vn -0.000000 -0.382683 -0.923880
vn -0.000000 -0.382683 -0.923880
vn -0.000000 -0.382683 -0.923880
vn -0.000000 -0.382683 -0.923880
vn -0.000000 -0.382683 -0.923880
vn -0.000000 -0.382683 -0.923880
vn -0.000000 -0.382683 -0.923880
vn -0.000000 -0.382683 -0.923880
vn -0.000000 -0.382683 -0.923880
vn -0.000000 -0.382683 -0.923880
vn -0.000000 -0.382683 -0.923880
vn -0.000000 -0.382683 -0.923880
vn -0.000000 -0.382683 -0.923880
vn -0.000000 -0.382683 -0.923880
vn -0.000000 -0.382683 -0.923880
vn -0.000000 -0.382683 -0.923880
vn -0.000000 -0.382683 -0.923880
vn -0.000000 -0.382683 -0.923880
vn -0.000000 -0.382683 -0.923880
vn -0.000000 -0.382683 -0.923880
vn -0.000000 -0.382683 -0.923880
vn -0.000000 -0.382683 -0.923880
vn -0.000000 -0.382683 -0.923880
vn -0.000000 -0.382683 -0.923880
vn -0.000000 -0.382683 -0.923880
vn -0.000000 -0.382683 -0.923880
vn -0.000000 -0.382683 -0.923880
vn -0.000000 -0.382683 -0.923880
vn -0.000000 -0.382683 -0.923880
vn -0.000000 -0.382683 -0.923880
vn -0.000000 -0.923880 -0.382684
vn -0.000000 -0.923880 -0.382684
vn -0.000000 -0.923880 -0.382684
vn -0.000000 -0.923880 -0.382684
vn -0.000000 -0.923880 0.382683
vn -0.000000 -0.923880 0.382683
vn -0.000000 -0.923880 0.382683
vn -0.000000 -0.923880 0.382683
vn -0.000000 -0.382684 0.923880
vn -0.000000 -0.382684 0.923880
vn -0.000000 -0.382684 0.923880
vn -0.000000 -0.382684 0.923880
vn -0.000000 0.382683 0.923880
vn -0.000000 0.382683 0.923880
vn -0.000000 0.382683 0.923880
vn -0.000000 0.382683 0.923880
vn -0.000000 0.923880 0.382684
vn -0.000000 0.923880 0.382684
vn -0.000000 0.923880 0.382684
vn -0.000000 0.923880 0.382684
vn -0.000000 0.923880 -0.382683
vn -0.000000 0.923880 -0.382683
vn -0.000000 0.923880 -0.382683
vn -0.000000 0.923880 -0.382683
vn -0.000000 0.382684 -0.923880
vn -0.000000 0.382684 -0.923880
vn -0.000000 0.382684 -0.923880
vn -0.000000 0.382684 -0.923880
vn -1.000000 0.000000 0.000000
vn -1.000000 0.000000 0.000000
vn -1.000000 0.000000 0.000000
vn -1.000000 0.000000 0.000000
vn -1.000000 0.000000 0.000000
vn -1.000000 0.000000 0.000000
vn -1.000000 0.000000 0.000000
vn -1.000000 0.000000 0.000000
vn -0.000000 -0.382706 0.923870
vn -0.000000 -0.382706 0.923870
vn -0.000000 -0.382706 0.923870
vn -0.000000 -0.382706 0.923870
vn -0.000000 -0.923888 0.382664
vn -0.000000 -0.923888 0.382664
vn -0.000000 -0.923888 0.382664
vn -0.000000 -0.923888 0.382664
vn 0.000000 -0.923888 -0.382664
vn 0.000000 -0.923888 -0.382664
vn 0.000000 -0.923888 -0.382664
vn 0.000000 -0.923888 -0.382664
vn 0.000000 -0.382705 -0.923870
vn 0.000000 -0.382705 -0.923870
vn 0.000000 -0.382705 -0.923870
vn 0.000000 -0.382705 -0.923870
vn -0.000000 0.382662 -0.923889
vn -0.000000 0.382662 -0.923889
vn -0.000000 0.382662 -0.923889
vn -0.000000 0.382662 -0.923889
vn -0.000000 0.923888 -0.382664
vn -0.000000 0.923888 -0.382664
vn -0.000000 0.923888 -0.382664
vn -0.000000 0.923888 -0.382664
vn -0.000000 0.923888 0.382664
vn -0.000000 0.923888 0.382664
vn -0.000000 0.923888 0.382664
vn -0.000000 0.923888 0.382664
vn -0.000000 0.382661 0.923889
vn -0.000000 0.382661 0.923889
vn -0.000000 0.382661 0.923889
vn -0.000000 0.382661 0.923889
vn -0.000000 -0.382684 -0.923880
vn -0.000000 -0.382684 -0.923880
vn -0.000000 -0.382684 -0.923880
vn -0.000000 -0.382684 -0.923880
vn -0.000000 -0.923880 -0.382683
vn -0.000000 -0.923880 -0.382683
vn -0.000000 -0.923880 -0.382683
vn -0.000000 -0.923880 -0.382683
vn -0.000000 -0.923880 0.382684
vn -0.000000 -0.923880 0.382684
vn -0.000000 -0.923880 0.382684
vn -0.000000 -0.923880 0.382684
vn -0.000000 -0.382683 0.923880
vn -0.000000 -0.382683 0.923880
vn -0.000000 -0.382683 0.923880
vn -0.000000 -0.382683 0.923880
vn -0.000000 0.382684 0.923880
vn -0.000000 0.382684 0.923880
vn -0.000000 0.382684 0.923880
vn -0.000000 0.382684 0.923880
vn -0.000000 0.923880 0.382683
vn -0.000000 0.923880 0.382683
vn -0.000000 0.923880 0.382683
vn -0.000000 0.923880 0.382683
vn -0.000000 0.923880 -0.382684
vn -0.000000 0.923880 -0.382684
vn -0.000000 0.923880 -0.382684
vn -0.000000 0.923880 -0.382684
vn -0.000000 0.382683 -0.923880
vn -0.000000 0.382683 -0.923880
vn -0.000000 0.382683 -0.923880
vn -0.000000 0.382683 -0.923880
vn -0.000000 0.382683 -0.923880
vn -0.000000 0.382683 -0.923880
vn -0.000000 0.382683 -0.923880
vn -0.000000 0.382683 -0.923880
vn -0.000000 0.382683 -0.923880
vn -0.000000 0.382683 -0.923880
vn -0.000000 0.382683 -0.923880
vn -0.000000 0.382683 -0.923880
vn -0.000000 0.382683 -0.923880
vn -0.000000 0.382683 -0.923880
vn -0.000000 0.382683 -0.923880
vn -0.000000 0.382683 -0.923880
vn -0.000000 0.382683 -0.923880
vn -0.000000 0.382683 -0.923880
vn -0.000000 0.382683 -0.923880
vn -0.000000 0.382683 -0.923880
vn -0.000000 0.382683 -0.923880
vn -0.000000 0.382683 -0.923880
vn -0.000000 0.382683 -0.923880
vn -0.000000 0.382683 -0.923880
vn -0.000000 0.382683 -0.923880
vn -0.000000 0.382683 -0.923880
vn -0.000000 0.382683 -0.923880
vn -0.000000 0.382683 -0.923880
vn -0.000000 0.382683 -0.923880
vn -0.000000 0.382683 -0.923880
vn -0.000000 0.382683 -0.923880
vn -0.000000 0.382683 -0.923880
vn -0.000000 0.382683 -0.923880
vn -0.000000 0.382683 -0.923880
vn 1.000000 0.000000 0.000000
vn 1.000000 0.000000 0.000000
vn 1.000000 0.000000 0.000000
vn 1.000000 0.000000 0.000000
vn 1.000000 0.000000 0.000000
vn 1.000000 0.000000 0.000000
vn 1.000000 0.000000 0.000000
vn 1.000000 0.000000 0.000000
vn -1.000000 0.000000 0.000000
vn -1.000000 0.000000 0.000000
vn -1.000000 0.000000 0.000000
vn -1.000000 0.000000 0.000000
vn -1.000000 0.000000 0.000000
vn -1.000000 0.000000 0.000000
vn -1.000000 0.000000 0.000000
vn -1.000000 0.000000 0.000000
vn 0.484822 0.334700 0.808037
vn 0.484822 0.334700 0.808037
vn 0.484822 0.334700 0.808037
vn 0.484822 -0.334700 0.808037
vn 0.484822 -0.334700 0.808037
vn 0.484822 -0.334700 0.808037
vn 0.484822 -0.808037 0.334700
vn 0.484822 -0.808037 0.334700
vn 0.484822 -0.808037 0.334700
vn 0.484822 -0.808037 -0.334700
vn 0.484822 -0.808037 -0.334700
vn 0.484822 -0.808037 -0.334700
vn 0.484822 0.808037 0.334700
vn 0.484822 0.808037 0.334700
vn 0.484822 0.808037 0.334700
vn 0.484822 0.808037 -0.334700
vn 0.484822 0.808037 -0.334700
vn 0.484822 0.808037 -0.334700
vn 0.484822 0.334700 -0.808037
vn 0.484822 0.334700 -0.808037
vn 0.484822 0.334700 -0.808037
vn 0.484822 -0.334700 -0.808037
vn 0.484822 -0.334700 -0.808037
vn 0.484822 -0.334700 -0.808037
vn -0.000000 0.382668 -0.923886
vn -0.000000 0.382668 -0.923886
vn -0.000000 0.382668 -0.923886
vn -0.000000 0.382668 -0.923886
vn -0.000000 -0.382699 -0.923873
vn -0.000000 -0.382699 -0.923873
vn -0.000000 -0.382699 -0.923873
vn -0.000000 -0.382699 -0.923873
vn -0.000000 -0.923888 -0.382664
vn -0.000000 -0.923888 -0.382664
vn -0.000000 -0.923888 -0.382664
vn -0.000000 -0.923888 -0.382664
vn -0.000000 -0.923888 0.382664
vn -0.000000 -0.923888 0.382664
vn -0.000000 -0.923888 0.382664
vn -0.000000 -0.923888 0.382664
vn -0.000000 -0.382712 0.923868
vn -0.000000 -0.382712 0.923868
vn -0.000000 -0.382712 0.923868
vn -0.000000 -0.382712 0.923868
vn -0.000000 0.382655 0.923891
vn -0.000000 0.382655 0.923891
vn -0.000000 0.382655 0.923891
vn -0.000000 0.382655 0.923891
vn -0.000000 0.923888 0.382664
vn -0.000000 0.923888 0.382664
vn -0.000000 0.923888 0.382664
vn -0.000000 0.923888 0.382664
vn -0.000000 0.923888 -0.382664
vn -0.000000 0.923888 -0.382664
vn -0.000000 0.923888 -0.382664
vn -0.000000 0.923888 -0.382664
vn 1.000000 -0.000000 -0.000000
vn 1.000000 -0.000000 -0.000000
vn 1.000000 -0.000000 -0.000000
vn 1.000000 -0.000000 -0.000000
vn 1.000000 -0.000000 -0.000000
vn 1.000000 -0.000000 -0.000000
vn 1.000000 -0.000000 -0.000000
vn 1.000000 -0.000000 -0.000000
vn -1.000000 0.000000 0.000000
vn -1.000000 0.000000 0.000000
vn -1.000000 0.000000 0.000000
vn -1.000000 0.000000 0.000000
vn -1.000000 0.000000 0.000000
vn -1.000000 0.000000 0.000000
vn -1.000000 0.000000 0.000000
vn -1.000000 0.000000 0.000000
vn -0.484822 0.334700 -0.808037
vn -0.484822 0.334700 -0.808037
vn -0.484822 0.334700 -0.808037
vn -0.484822 -0.334700 -0.808037
vn -0.484822 -0.334700 -0.808037
vn -0.484822 -0.334700 -0.808037
vn -0.484822 -0.808037 -0.334700
vn -0.484822 -0.808037 -0.334700
vn -0.484822 -0.808037 -0.334700
vn -0.484822 -0.808037 0.334700
vn -0.484822 -0.808037 0.334700
vn -0.484822 -0.808037 0.334700
vn -0.484822 0.808037 -0.334700
vn -0.484822 0.808037 -0.334700
vn -0.484822 0.808037 -0.334700
vn -0.484822 0.808037 0.334700
vn -0.484822 0.808037 0.334700
vn -0.484822 0.808037 0.334700
vn -0.484822 0.334700 0.808037
vn -0.484822 0.334700 0.808037
vn -0.484822 0.334700 0.808037
vn -0.484822 -0.334700 0.808037
vn -0.484822 -0.334700 0.808037
vn -0.484822 -0.334700 0.808037
vn 1.000000 0.000000 0.000000
vn 1.000000 0.000000 0.000000
vn 1.000000 0.000000 0.000000
vn 1.000000 0.000000 0.000000
vn 1.000000 0.000000 0.000000
vn 1.000000 0.000000 0.000000
vn 1.000000 0.000000 0.000000
vn 1.000000 0.000000 0.000000
vn -1.000000 0.000000 0.000000
vn -1.000000 0.000000 0.000000
vn -1.000000 0.000000 0.000000
vn -1.000000 0.000000 0.000000
vn -1.000000 0.000000 0.000000
vn -1.000000 0.000000 0.000000
vn -1.000000 0.000000 0.000000
vn -1.000000 0.000000 0.000000
vn 0.000000 -0.382683 -0.923880
vn -0.000000 -0.382683 -0.923880
vn -0.000000 -0.382683 -0.923880
vn -0.000000 -0.382683 -0.923880
vn -0.000000 -0.382683 -0.923880
vn -0.000000 -0.382683 -0.923880
vn -0.000000 -0.382683 -0.923880
vn -0.000000 -0.382683 -0.923880
vn -0.000000 -0.382683 -0.923880
vn -0.000000 -0.382683 -0.923880
vn -0.000000 -0.382683 -0.923880
vn -0.000000 -0.382683 -0.923880
vn -0.000000 -0.382683 -0.923880
vn -0.000000 -0.382683 -0.923880
vn -0.000000 -0.382683 -0.923880
vn -0.000000 -0.382683 -0.923880
vn -0.000000 -0.382683 -0.923880
vn -0.000000 -0.382683 -0.923880
vn -0.000000 -0.382683 -0.923880
vn -0.000000 -0.382683 -0.923880
vn -0.000000 -0.382683 -0.923880
vn -0.000000 -0.382683 -0.923880
vn -0.000000 -0.382683 -0.923880
vn -0.000000 -0.382683 -0.923880
vn -0.000000 -0.382683 -0.923880
vn -0.000000 -0.382683 -0.923880
vn -0.000000 -0.382683 -0.923880
vn -0.000000 -0.382683 -0.923880
vn -0.000000 -0.382683 -0.923880
vn -0.000000 -0.382683 -0.923880
vn -0.000000 -0.382683 -0.923880
vn -0.000000 -0.382683 -0.923880
vn -0.000000 -0.382683 -0.923880
vn -0.000000 -0.382683 -0.923880
vn -0.000000 -0.923880 -0.382684
vn -0.000000 -0.923880 -0.382684
vn -0.000000 -0.923880 -0.382684
vn -0.000000 -0.923880 -0.382684
vn -0.000000 -0.923880 0.382683
vn -0.000000 -0.923880 0.382683
vn -0.000000 -0.923880 0.382683
vn -0.000000 -0.923880 0.382683
vn -0.000000 -0.382684 0.923880
vn -0.000000 -0.382684 0.923880
vn -0.000000 -0.382684 0.923880
vn -0.000000 -0.382684 0.923880
vn -0.000000 0.382683 0.923880
vn -0.000000 0.382683 0.923880
vn -0.000000 0.382683 0.923880
vn -0.000000 0.382683 0.923880
vn -0.000000 0.923880 0.382684
vn -0.000000 0.923880 0.382684
vn -0.000000 0.923880 0.382684
vn -0.000000 0.923880 0.382684
vn -0.000000 0.923880 -0.382683
vn -0.000000 0.923880 -0.382683
vn -0.000000 0.923880 -0.382683
vn -0.000000 0.923880 -0.382683
vn -0.000000 0.382684 -0.923880
vn -0.000000 0.382684 -0.923880
vn -0.000000 0.382684 -0.923880
vn -0.000000 0.382684 -0.923880
vn -1.000000 0.000000 0.000000
vn -1.000000 0.000000 0.000000
vn -1.000000 0.000000 0.000000
vn -1.000000 0.000000 0.000000
vn -1.000000 0.000000 0.000000
vn -1.000000 0.000000 0.000000
vn -1.000000 0.000000 0.000000
vn -1.000000 0.000000 0.000000
vn -0.000000 -0.382706 0.923870
vn -0.000000 -0.382706 0.923870
vn -0.000000 -0.382706 0.923870
vn -0.000000 -0.382706 0.923870
vn -0.000000 -0.923888 0.382664
vn -0.000000 -0.923888 0.382664
vn -0.000000 -0.923888 0.382664
vn -0.000000 -0.923888 0.382664
vn 0.000000 -0.923888 -0.382664
vn 0.000000 -0.923888 -0.382664
vn 0.000000 -0.923888 -0.382664
vn 0.000000 -0.923888 -0.382664
vn 0.000000 -0.382705 -0.923870
vn 0.000000 -0.382705 -0.923870
vn 0.000000 -0.382705 -0.923870
vn 0.000000 -0.382705 -0.923870
vn -0.000000 0.382662 -0.923889
vn -0.000000 0.382662 -0.923889
vn -0.000000 0.382662 -0.923889
vn -0.000000 0.382662 -0.923889
vn -0.000000 0.923888 -0.382664
vn -0.000000 0.923888 -0.382664
vn -0.000000 0.923888 -0.382664
vn -0.000000 0.923888 -0.382664
vn -0.000000 0.923888 0.382664
vn -0.000000 0.923888 0.382664
vn -0.000000 0.923888 0.382664
vn -0.000000 0.923888 0.382664
vn -0.000000 0.382661 0.923889
vn -0.000000 0.382661 0.923889
vn -0.000000 0.382661 0.923889
vn -0.000000 0.382661 0.923889
vn -0.000000 -0.382684 -0.923880
vn -0.000000 -0.382684 -0.923880
vn -0.000000 -0.382684 -0.923880
vn -0.000000 -0.382684 -0.923880
vn -0.000000 -0.923880 -0.382683
vn -0.000000 -0.923880 -0.382683
vn -0.000000 -0.923880 -0.382683
vn -0.000000 -0.923880 -0.382683
vn -0.000000 -0.923880 0.382684
vn -0.000000 -0.923880 0.382684
vn -0.000000 -0.923880 0.382684
vn -0.000000 -0.923880 0.382684
vn -0.000000 -0.382683 0.923880
vn -0.000000 -0.382683 0.923880
vn -0.000000 -0.382683 0.923880
vn -0.000000 -0.382683 0.923880
vn -0.000000 0.382684 0.923880
vn -0.000000 0.382684 0.923880
vn -0.000000 0.382684 0.923880
vn -0.000000 0.382684 0.923880
vn -0.000000 0.923880 0.382683
vn -0.000000 0.923880 0.382683
vn -0.000000 0.923880 0.382683
vn -0.000000 0.923880 0.382683
vn -0.000000 0.923880 -0.382684
vn -0.000000 0.923880 -0.382684
vn -0.000000 0.923880 -0.382684
vn -0.000000 0.923880 -0.382684
vn -0.000000 0.382683 -0.923880
vn -0.000000 0.382683 -0.923880
vn -0.000000 0.382683 -0.923880
vn -0.000000 0.382683 -0.923880
vn -0.000000 0.382683 -0.923880
vn -0.000000 0.382683 -0.923880
vn -0.000000 0.382683 -0.923880
vn -0.000000 0.382683 -0.923880
vn -0.000000 0.382683 -0.923880
vn -0.000000 0.382683 -0.923880
vn -0.000000 0.382683 -0.923880
vn -0.000000 0.382683 -0.923880
vn -0.000000 0.382683 -0.923880
vn -0.000000 0.382683 -0.923880
vn -0.000000 0.382683 -0.923880
vn -0.000000 0.382683 -0.923880
vn -0.000000 0.382683 -0.923880
vn -0.000000 0.382683 -0.923880
vn -0.000000 0.382683 -0.923880
vn -0.000000 0.382683 -0.923880
vn -0.000000 0.382683 -0.923880
vn -0.000000 0.382683 -0.923880
vn -0.000000 0.382683 -0.923880
vn -0.000000 0.382683 -0.923880
vn -0.000000 0.382683 -0.923880
vn -0.000000 0.382683 -0.923880
vn -0.000000 0.382683 -0.923880
vn -0.000000 0.382683 -0.923880
vn -0.000000 0.382683 -0.923880
vn -0.000000 0.382683 -0.923880
vn -0.000000 0.382683 -0.923880
vn -0.000000 0.382683 -0.923880
vn -0.000000 0.382683 -0.923880
vn -0.000000 0.382683 -0.923880
vn 1.000000 0.000000 0.000000
vn 1.000000 0.000000 0.000000
vn 1.000000 0.000000 0.000000
vn 1.000000 0.000000 0.000000
vn 1.000000 0.000000 0.000000
vn 1.000000 0.000000 0.000000
vn 1.000000 0.000000 0.000000
vn 1.000000 0.000000 0.000000
vn -1.000000 0.000000 0.000000
vn -1.000000 0.000000 0.000000
vn -1.000000 0.000000 0.000000
vn -1.000000 0.000000 0.000000
vn -1.000000 0.000000 0.000000
vn -1.000000 0.000000 0.000000
vn -1.000000 0.000000 0.000000
vn -1.000000 0.000000 0.000000
vn 0.484822 0.334700 0.808037
vn 0.484822 0.334700 0.808037
vn 0.484822 0.334700 0.808037
vn 0.484822 -0.334700 0.808037
vn 0.484822 -0.334700 0.808037
vn 0.484822 -0.334700 0.808037
vn 0.484822 -0.808037 0.334700
vn 0.484822 -0.808037 0.334700
vn 0.484822 -0.808037 0.334700
vn 0.484822 -0.808037 -0.334700
vn 0.484822 -0.808037 -0.334700
vn 0.484822 -0.808037 -0.334700
vn 0.484822 0.808037 0.334700
vn 0.484822 0.808037 0.334700
vn 0.484822 0.808037 0.334700
vn 0.484822 0.808037 -0.334700
vn 0.484822 0.808037 -0.334700
vn 0.484822 0.808037 -0.334700
vn 0.484822 0.334700 -0.808037
vn 0.484822 0.334700 -0.808037
vn 0.484822 0.334700 -0.808037
vn 0.484822 -0.334700 -0.808037
vn 0.484822 -0.334700 -0.808037
vn 0.484822 -0.334700 -0.808037
vn -0.000000 0.382668 -0.923886
vn -0.000000 0.382668 -0.923886
vn -0.000000 0.382668 -0.923886
vn -0.000000 0.382668 -0.923886
vn -0.000000 -0.382699 -0.923873
vn -0.000000 -0.382699 -0.923873
vn -0.000000 -0.382699 -0.923873
vn -0.000000 -0.382699 -0.923873
vn -0.000000 -0.923888 -0.382664
vn -0.000000 -0.923888 -0.382664
vn -0.000000 -0.923888 -0.382664
vn -0.000000 -0.923888 -0.382664
vn -0.000000 -0.923888 0.382664
vn -0.000000 -0.923888 0.382664
vn -0.000000 -0.923888 0.382664
vn -0.000000 -0.923888 0.382664
vn -0.000000 -0.382712 0.923868
vn -0.000000 -0.382712 0.923868
vn -0.000000 -0.382712 0.923868
vn -0.000000 -0.382712 0.923868
vn -0.000000 0.382655 0.923891
vn -0.000000 0.382655 0.923891
vn -0.000000 0.382655 0.923891
vn -0.000000 0.382655 0.923891
vn -0.000000 0.923888 0.382664
vn -0.000000 0.923888 0.382664
vn -0.000000 0.923888 0.382664
vn -0.000000 0.923888 0.382664
vn -0.000000 0.923888 -0.382664
vn -0.000000 0.923888 -0.382664
vn -0.000000 0.923888 -0.382664
vn -0.000000 0.923888 -0.382664
vn 1.000000 -0.000000 -0.000000
vn 1.000000 -0.000000 -0.000000
vn 1.000000 -0.000000 -0.000000
vn 1.000000 -0.000000 -0.000000
vn 1.000000 -0.000000 -0.000000
vn 1.000000 -0.000000 -0.000000
vn 1.000000 -0.000000 -0.000000
vn 1.000000 -0.000000 -0.000000
vn -1.000000 0.000000 0.000000
vn -1.000000 0.000000 0.000000
vn -1.000000 0.000000 0.000000
vn -1.000000 0.000000 0.000000
vn -1.000000 0.000000 0.000000
vn -1.000000 0.000000 0.000000
vn -1.000000 0.000000 0.000000
vn -1.000000 0.000000 0.000000
f 1/1/1 2/2/2 3/3/3
f 5/5/5 6/6/6 7/7/7
f 9/9/9 10/10/10 11/11/11
f 13/13/13 14/14/14 15/15/15
f 17/17/17 18/18/18 19/19/19
f 21/21/21 22/22/22 23/23/23
f 25/25/25 26/26/26 27/27/27
f 29/29/29 30/30/30 31/31/31
f 33/33/33 34/34/34 35/35/35
f 33/33/33 36/36/36 37/37/37
f 38/38/38 34/34/34 33/33/33
f 33/33/33 37/37/37 38/38/38
f 38/38/38 37/37/37 39/39/39
f 40/40/40 34/34/34 38/38/38
f 41/41/41 42/42/42 43/43/43
f 41/41/41 44/44/44 45/45/45
f 46/46/46 41/41/41 43/43/43
f 41/41/41 46/46/46 44/44/44
f 46/46/46 47/47/47 44/44/44
f 48/48/48 46/46/46 43/43/43
f 49/49/49 50/50/50 52/52/52
f 53/53/53 54/54/54 56/56/56
f 57/57/57 58/58/58 59/59/59
f 61/61/61 62/62/62 63/63/63
f 65/65/65 66/66/66 67/67/67
f 69/69/69 70/70/70 71/71/71
f 73/73/73 74/74/74 76/76/76
f 77/77/77 78/78/78 79/79/79
f 79/79/79 81/81/81 82/82/82
f 82/82/82 84/84/84 85/85/85
f 85/85/85 87/87/87 88/88/88
f 88/88/88 90/90/90 91/91/91
f 93/93/93 77/77/77 80/80/80
f 95/95/95 94/94/94 96/96/96
f 98/98/98 97/97/97 99/99/99
f 101/101/101 100/100/100 102/102/102
f 104/104/104 103/103/103 105/105/105
f 90/90/90 107/107/107 91/91/91
f 92/92/92 91/91/91 107/107/107
f 107/107/107 108/108/108 92/92/92
f 90/90/90 109/109/109 107/107/107
f 92/92/92 89/89/89 88/88/88
f 84/84/84 87/87/87 85/85/85
f 85/85/85 89/89/89 86/86/86
f 90/90/90 88/88/88 87/87/87
f 92/92/92 105/105/105 102/102/102
f 87/87/87 109/109/109 90/90/90
f 82/82/82 81/81/81 84/84/84
f 109/109/109 84/84/84 81/81/81
f 82/82/82 86/86/86 83/83/83
f 87/87/87 84/84/84 109/109/109
f 81/81/81 79/79/79 78/78/78
f 79/79/79 83/83/83 80/80/80
f 109/109/109 81/81/81 78/78/78
f 86/86/86 99/99/99 96/96/96
f 89/89/89 102/102/102 86/86/86
f 102/102/102 100/100/100 99/99/99
f 103/103/103 102/102/102 105/105/105
f 104/104/104 106/106/106 108/108/108
f 105/105/105 108/108/108 106/106/106
f 104/104/104 108/108/108 110/110/110
f 104/104/104 101/101/101 103/103/103
f 94/94/94 80/80/80 96/96/96
f 83/83/83 96/96/96 80/80/80
f 95/95/95 93/93/93 94/94/94
f 99/99/99 97/97/97 96/96/96
f 110/110/110 95/95/95 98/98/98
f 97/97/97 98/98/98 95/95/95
f 101/101/101 110/110/110 98/98/98
f 93/93/93 95/95/95 110/110/110
f 110/110/110 101/101/101 104/104/104
f 100/100/100 101/101/101 98/98/98
f 111/111/111 112/112/112 113/113/113
f 113/113/113 114/114/114 111/111/111
f 115/115/115 116/116/116 111/111/111
f 117/117/117 118/118/118 116/116/116
f 116/116/116 115/115/115 117/117/117
f 119/119/119 120/120/120 121/121/121
f 120/120/120 119/119/119 122/122/122
f 119/119/119 121/121/121 123/123/123
f 124/124/124 123/123/123 125/125/125
f 124/124/124 126/126/126 119/119/119
f 123/123/123 124/124/124 119/119/119
f 127/127/127 128/128/128 129/129/129
f 130/130/130 131/131/131 132/132/132
f 133/133/133 134/134/134 135/135/135
f 136/136/136 137/137/137 138/138/138
f 139/139/139 140/140/140 141/141/141
f 142/142/142 143/143/143 144/144/144
f 145/145/145 146/146/146 147/147/147
f 148/148/148 149/149/149 150/150/150
f 151/151/151 152/152/152 153/153/153
f 155/155/155 156/156/156 157/157/157
f 159/159/159 160/160/160 161/161/161
f 163/163/163 164/164/164 165/165/165
f 167/167/167 168/168/168 169/169/169
f 171/171/171 172/172/172 173/173/173
f 175/175/175 176/176/176 177/177/177
f 179/179/179 180/180/180 181/181/181
f 181/181/181 183/183/183 184/184/184
f 184/184/184 186/186/186 187/187/187
f 187/187/187 189/189/189 190/190/190
f 190/190/190 192/192/192 193/193/193
f 195/195/195 179/179/179 182/182/182
f 197/197/197 196/196/196 198/198/198
f 200/200/200 199/199/199 201/201/201
f 203/203/203 202/202/202 204/204/204
f 206/206/206 205/205/205 207/207/207
f 192/192/192 209/209/209 193/193/193
f 194/194/194 193/193/193 209/209/209
f 209/209/209 210/210/210 194/194/194
f 192/192/192 211/211/211 209/209/209
f 194/194/194 191/191/191 190/190/190
f 186/186/186 189/189/189 187/187/187
f 187/187/187 191/191/191 188/188/188
f 192/192/192 190/190/190 189/189/189
f 194/194/194 207/207/207 204/204/204
f 189/189/189 211/211/211 192/192/192
f 184/184/184 183/183/183 186/186/186
f 211/211/211 186/186/186 183/183/183
f 184/184/184 188/188/188 185/185/185
f 189/189/189 186/186/186 211/211/211
f 183/183/183 181/181/181 180/180/180
f 181/181/181 185/185/185 182/182/182
f 211/211/211 183/183/183 180/180/180
f 188/188/188 201/201/201 198/198/198
f 191/191/191 204/204/204 188/188/188
f 204/204/204 202/202/202 201/201/201
f 205/205/205 204/204/204 207/207/207
f 206/206/206 208/208/208 210/210/210
f 207/207/207 210/210/210 208/208/208
f 206/206/206 210/210/210 212/212/212
f 206/206/206 203/203/203 205/205/205
f 196/196/196 182/182/182 198/198/198
f 185/185/185 198/198/198 182/182/182
f 197/197/197 195/195/195 196/196/196
f 201/201/201 199/199/199 198/198/198
f 212/212/212 197/197/197 200/200/200
f 199/199/199 200/200/200 197/197/197
f 203/203/203 212/212/212 200/200/200
f 195/195/195 197/197/197 212/212/212
f 212/212/212 203/203/203 206/206/206
f 202/202/202 203/203/203 200/200/200
f 213/213/213 214/214/214 215/215/215
f 215/215/215 216/216/216 213/213/213
f 217/217/217 218/218/218 213/213/213
f 219/219/219 220/220/220 218/218/218
f 218/218/218 217/217/217 219/219/219
f 221/221/221 222/222/222 223/223/223
f 222/222/222 221/221/221 224/224/224
f 221/221/221 223/223/223 225/225/225
f 226/226/226 225/225/225 227/227/227
f 226/226/226 228/228/228 221/221/221
f 225/225/225 226/226/226 221/221/221
f 229/229/229 230/230/230 231/231/231
f 232/232/232 233/233/233 234/234/234
f 235/235/235 236/236/236 237/237/237
f 238/238/238 239/239/239 240/240/240
f 241/241/241 242/242/242 243/243/243
f 244/244/244 245/245/245 246/246/246
f 247/247/247 248/248/248 249/249/249
f 250/250/250 251/251/251 252/252/252
f 253/253/253 254/254/254 255/255/255
f 257/257/257 258/258/258 259/259/259
f 261/261/261 262/262/262 263/263/263
f 265/265/265 266/266/266 267/267/267
f 269/269/269 270/270/270 271/271/271
f 273/273/273 274/274/274 275/275/275
f 277/277/277 278/278/278 279/279/279
f 281/281/281 282/282/282 283/283/283
f 285/285/285 286/286/286 287/287/287
f 285/285/285 288/288/288 289/289/289
f 290/290/290 286/286/286 285/285/285
f 285/285/285 289/289/289 290/290/290
f 290/290/290 289/289/289 291/291/291
f 292/292/292 286/286/286 290/290/290
f 293/293/293 294/294/294 295/295/295
f 293/293/293 296/296/296 297/297/297
f 298/298/298 293/293/293 295/295/295
f 293/293/293 298/298/298 296/296/296
f 298/298/298 299/299/299 296/296/296
f 300/300/300 298/298/298 295/295/295
f 301/301/301 302/302/302 304/304/304
f 305/305/305 306/306/306 308/308/308
f 309/309/309 310/310/310 311/311/311
f 313/313/313 314/314/314 315/315/315
f 317/317/317 318/318/318 319/319/319
f 321/321/321 322/322/322 323/323/323
f 325/325/325 326/326/326 328/328/328
f 329/329/329 330/330/330 331/331/331
f 331/331/331 333/333/333 334/334/334
f 334/334/334 336/336/336 337/337/337
f 337/337/337 339/339/339 340/340/340
f 340/340/340 342/342/342 343/343/343
f 345/345/345 329/329/329 332/332/332
f 347/347/347 346/346/346 348/348/348
f 350/350/350 349/349/349 351/351/351
f 353/353/353 352/352/352 354/354/354
f 356/356/356 355/355/355 357/357/357
f 342/342/342 359/359/359 343/343/343
f 344/344/344 343/343/343 359/359/359
f 359/359/359 360/360/360 344/344/344
f 342/342/342 361/361/361 359/359/359
f 344/344/344 341/341/341 340/340/340
f 336/336/336 339/339/339 337/337/337
f 337/337/337 341/341/341 338/338/338
f 342/342/342 340/340/340 339/339/339
f 344/344/344 357/357/357 354/354/354
f 339/339/339 361/361/361 342/342/342
f 334/334/334 333/333/333 336/336/336
f 361/361/361 336/336/336 333/333/333
f 334/334/334 338/338/338 335/335/335
f 339/339/339 336/336/336 361/361/361
f 333/333/333 331/331/331 330/330/330
f 331/331/331 335/335/335 332/332/332
f 361/361/361 333/333/333 330/330/330
f 338/338/338 351/351/351 348/348/348
f 341/341/341 354/354/354 338/338/338
f 354/354/354 352/352/352 351/351/351
f 355/355/355 354/354/354 357/357/357
f 356/356/356 358/358/358 360/360/360
f 357/357/357 360/360/360 358/358/358
f 356/356/356 360/360/360 362/362/362
f 356/356/356 353/353/353 355/355/355
f 346/346/346 332/332/332 348/348/348
f 335/335/335 348/348/348 332/332/332
f 347/347/347 345/345/345 346/346/346
f 351/351/351 349/349/349 348/348/348
f 362/362/362 347/347/347 350/350/350
f 349/349/349 350/350/350 347/347/347
f 353/353/353 362/362/362 350/350/350
f 345/345/345 347/347/347 362/362/362
f 362/362/362 353/353/353 356/356/356
f 352/352/352 353/353/353 350/350/350
f 363/363/363 364/364/364 365/365/365
f 365/365/365 366/366/366 363/363/363
f 367/367/367 368/368/368 363/363/363
f 369/369/369 370/370/370 368/368/368
f 368/368/368 367/367/367 369/369/369
f 371/371/371 372/372/372 373/373/373
f 372/372/372 371/371/371 374/374/374
f 371/371/371 373/373/373 375/375/375
f 376/376/376 375/375/375 377/377/377
f 376/376/376 378/378/378 371/371/371
f 375/375/375 376/376/376 371/371/371
f 379/379/379 380/380/380 381/381/381
f 382/382/382 383/383/383 384/384/384
f 385/385/385 386/386/386 387/387/387
f 388/388/388 389/389/389 390/390/390
f 391/391/391 392/392/392 393/393/393
f 394/394/394 395/395/395 396/396/396
f 397/397/397 398/398/398 399/399/399
f 400/400/400 401/401/401 402/402/402
f 403/403/403 404/404/404 405/405/405
f 407/407/407 408/408/408 409/409/409
f 411/411/411 412/412/412 413/413/413
f 415/415/415 416/416/416 417/417/417
f 419/419/419 420/420/420 421/421/421
f 423/423/423 424/424/424 425/425/425
f 427/427/427 428/428/428 429/429/429
f 431/431/431 432/432/432 433/433/433
f 433/433/433 435/435/435 436/436/436
f 436/436/436 438/438/438 439/439/439
f 439/439/439 441/441/441 442/442/442
f 442/442/442 444/444/444 445/445/445
f 447/447/447 431/431/431 434/434/434
f 449/449/449 448/448/448 450/450/450
f 452/452/452 451/451/451 453/453/453
f 455/455/455 454/454/454 456/456/456
f 458/458/458 457/457/457 459/459/459
f 444/444/444 461/461/461 445/445/445
f 446/446/446 445/445/445 461/461/461
f 461/461/461 462/462/462 446/446/446
f 444/444/444 463/463/463 461/461/461
f 446/446/446 443/443/443 442/442/442
f 438/438/438 441/441/441 439/439/439
f 439/439/439 443/443/443 440/440/440
f 444/444/444 442/442/442 441/441/441
f 446/446/446 459/459/459 456/456/456
f 441/441/441 463/463/463 444/444/444
f 436/436/436 435/435/435 438/438/438
f 463/463/463 438/438/438 435/435/435
f 436/436/436 440/440/440 437/437/437
f 441/441/441 438/438/438 463/463/463
f 435/435/435 433/433/433 432/432/432
f 433/433/433 437/437/437 434/434/434
f 463/463/463 435/435/435 432/432/432
f 440/440/440 453/453/453 450/450/450
f 443/443/443 456/456/456 440/440/440
f 456/456/456 454/454/454 453/453/453
f 457/457/457 456/456/456 459/459/459
f 458/458/458 460/460/460 462/462/462
f 459/459/459 462/462/462 460/460/460
f 458/458/458 462/462/462 464/464/464
f 458/458/458 455/455/455 457/457/457
f 448/448/448 434/434/434 450/450/450
f 437/437/437 450/450/450 434/434/434
f 449/449/449 447/447/447 448/448/448
f 453/453/453 451/451/451 450/450/450
f 464/464/464 449/449/449 452/452/452
f 451/451/451 452/452/452 449/449/449
f 455/455/455 464/464/464 452/452/452
f 447/447/447 449/449/449 464/464/464
f 464/464/464 455/455/455 458/458/458
f 454/454/454 455/455/455 452/452/452
f 465/465/465 466/466/466 467/467/467
f 467/467/467 468/468/468 465/465/465
f 469/469/469 470/470/470 465/465/465
f 471/471/471 472/472/472 470/470/470
f 470/470/470 469/469/469 471/471/471
f 473/473/473 474/474/474 475/475/475
f 474/474/474 473/473/473 476/476/476
f 473/473/473 475/475/475 477/477/477
f 478/478/478 477/477/477 479/479/479
f 478/478/478 480/480/480 473/473/473
f 477/477/477 478/478/478 473/473/473
f 481/481/481 482/482/482 483/483/483
f 484/484/484 485/485/485 486/486/486
f 487/487/487 488/488/488 489/489/489
f 490/490/490 491/491/491 492/492/492
f 493/493/493 494/494/494 495/495/495
f 496/496/496 497/497/497 498/498/498
f 499/499/499 500/500/500 501/501/501
f 502/502/502 503/503/503 504/504/504
f 505/505/505 506/506/506 507/507/507
f 509/509/509 510/510/510 511/511/511
f 513/513/513 514/514/514 515/515/515
f 517/517/517 518/518/518 519/519/519
f 521/521/521 522/522/522 523/523/523
f 525/525/525 526/526/526 527/527/527
f 529/529/529 530/530/530 531/531/531
f 533/533/533 534/534/534 535/535/535
f 537/537/537 538/538/538 539/539/539
f 537/537/537 540/540/540 541/541/541
f 542/542/542 538/538/538 537/537/537
f 537/537/537 541/541/541 542/542/542
f 542/542/542 541/541/541 543/543/543
f 544/544/544 538/538/538 542/542/542
f 545/545/545 546/546/546 547/547/547
f 545/545/545 548/548/548 549/549/549
f 550/550/550 545/545/545 547/547/547
f 545/545/545 550/550/550 548/548/548
f 550/550/550 551/551/551 548/548/548
f 552/552/552 550/550/550 547/547/547
f 553/553/553 554/554/554 556/556/556
f 557/557/557 558/558/558 560/560/560
f 561/561/561 562/562/562 563/563/563
f 565/565/565 566/566/566 567/567/567
f 569/569/569 570/570/570 571/571/571
f 573/573/573 574/574/574 575/575/575
f 577/577/577 578/578/578 580/580/580
f 581/581/581 582/582/582 583/583/583
f 583/583/583 585/585/585 586/586/586
f 586/586/586 588/588/588 589/589/589
f 589/589/589 591/591/591 592/592/592
f 592/592/592 594/594/594 595/595/595
f 597/597/597 581/581/581 584/584/584
f 599/599/599 598/598/598 600/600/600
f 602/602/602 601/601/601 603/603/603
f 605/605/605 604/604/604 606/606/606
f 608/608/608 607/607/607 609/609/609
f 594/594/594 611/611/611 595/595/595
f 596/596/596 595/595/595 611/611/611
f 611/611/611 612/612/612 596/596/596
f 594/594/594 613/613/613 611/611/611
f 596/596/596 593/593/593 592/592/592
f 588/588/588 591/591/591 589/589/589
f 589/589/589 593/593/593 590/590/590
f 594/594/594 592/592/592 591/591/591
f 596/596/596 609/609/609 606/606/606
f 591/591/591 613/613/613 594/594/594
f 586/586/586 585/585/585 588/588/588
f 613/613/613 588/588/588 585/585/585
f 586/586/586 590/590/590 587/587/587
f 591/591/591 588/588/588 613/613/613
f 585/585/585 583/583/583 582/582/582
f 583/583/583 587/587/587 584/584/584
f 613/613/613 585/585/585 582/582/582
f 590/590/590 603/603/603 600/600/600
f 593/593/593 606/606/606 590/590/590
f 606/606/606 604/604/604 603/603/603
f 607/607/607 606/606/606 609/609/609
f 608/608/608 610/610/610 612/612/612
f 609/609/609 612/612/612 610/610/610
f 608/608/608 612/612/612 614/614/614
f 608/608/608 605/605/605 607/607/607
f 598/598/598 584/584/584 600/600/600
f 587/587/587 600/600/600 584/584/584
f 599/599/599 597/597/597 598/598/598
f 603/603/603 601/601/601 600/600/600
f 614/614/614 599/599/599 602/602/602
f 601/601/601 602/602/602 599/599/599
f 605/605/605 614/614/614 602/602/602
f 597/597/597 599/599/599 614/614/614
f 614/614/614 605/605/605 608/608/608
f 604/604/604 605/605/605 602/602/602
f 615/615/615 616/616/616 617/617/617
f 617/617/617 618/618/618 615/615/615
f 619/619/619 620/620/620 615/615/615
f 621/621/621 622/622/622 620/620/620
f 620/620/620 619/619/619 621/621/621
f 623/623/623 624/624/624 625/625/625
f 624/624/624 623/623/623 626/626/626
f 623/623/623 625/625/625 627/627/627
f 628/628/628 627/627/627 629/629/629
f 628/628/628 630/630/630 623/623/623
f 627/627/627 628/628/628 623/623/623
f 631/631/631 632/632/632 633/633/633
f 634/634/634 635/635/635 636/636/636
f 637/637/637 638/638/638 639/639/639
f 640/640/640 641/641/641 642/642/642
f 643/643/643 644/644/644 645/645/645
f 646/646/646 647/647/647 648/648/648
f 649/649/649 650/650/650 651/651/651
f 652/652/652 653/653/653 654/654/654
f 655/655/655 656/656/656 657/657/657
f 659/659/659 660/660/660 661/661/661
f 663/663/663 664/664/664 665/665/665
f 667/667/667 668/668/668 669/669/669
f 671/671/671 672/672/672 673/673/673
f 675/675/675 676/676/676 677/677/677
f 679/679/679 680/680/680 681/681/681
f 683/683/683 684/684/684 685/685/685
f 685/685/685 687/687/687 688/688/688
f 688/688/688 690/690/690 691/691/691
f 691/691/691 693/693/693 694/694/694
f 694/694/694 696/696/696 697/697/697
f 699/699/699 683/683/683 686/686/686
f 701/701/701 700/700/700 702/702/702
f 704/704/704 703/703/703 705/705/705
f 707/707/707 706/706/706 708/708/708
f 710/710/710 709/709/709 711/711/711
f 696/696/696 713/713/713 697/697/697
f 698/698/698 697/697/697 713/713/713
f 713/713/713 714/714/714 698/698/698
f 696/696/696 715/715/715 713/713/713
f 698/698/698 695/695/695 694/694/694
f 690/690/690 693/693/693 691/691/691
f 691/691/691 695/695/695 692/692/692
f 696/696/696 694/694/694 693/693/693
f 698/698/698 711/711/711 708/708/708
f 693/693/693 715/715/715 696/696/696
f 688/688/688 687/687/687 690/690/690
f 715/715/715 690/690/690 687/687/687
f 688/688/688 692/692/692 689/689/689
f 693/693/693 690/690/690 715/715/715
f 687/687/687 685/685/685 684/684/684
f 685/685/685 689/689/689 686/686/686
f 715/715/715 687/687/687 684/684/684
f 692/692/692 705/705/705 702/702/702
f 695/695/695 708/708/708 692/692/692
f 708/708/708 706/706/706 705/705/705
f 709/709/709 708/708/708 711/711/711
f 710/710/710 712/712/712 714/714/714
f 711/711/711 714/714/714 712/712/712
f 710/710/710 714/714/714 716/716/716
f 710/710/710 707/707/707 709/709/709
f 700/700/700 686/686/686 702/702/702
f 689/689/689 702/702/702 686/686/686
f 701/701/701 699/699/699 700/700/700
f 705/705/705 703/703/703 702/702/702
f 716/716/716 701/701/701 704/704/704
f 703/703/703 704/704/704 701/701/701
f 707/707/707 716/716/716 704/704/704
f 699/699/699 701/701/701 716/716/716
f 716/716/716 707/707/707 710/710/710
f 706/706/706 707/707/707 704/704/704
f 717/717/717 718/718/718 719/719/719
f 719/719/719 720/720/720 717/717/717
f 721/721/721 722/722/722 717/717/717
f 723/723/723 724/724/724 722/722/722
f 722/722/722 721/721/721 723/723/723
f 725/725/725 726/726/726 727/727/727
f 726/726/726 725/725/725 728/728/728
f 725/725/725 727/727/727 729/729/729
f 730/730/730 729/729/729 731/731/731
f 730/730/730 732/732/732 725/725/725
f 729/729/729 730/730/730 725/725/725
f 733/733/733 734/734/734 735/735/735
f 736/736/736 737/737/737 738/738/738
f 739/739/739 740/740/740 741/741/741
f 742/742/742 743/743/743 744/744/744
f 745/745/745 746/746/746 747/747/747
f 748/748/748 749/749/749 750/750/750
f 751/751/751 752/752/752 753/753/753
f 754/754/754 755/755/755 756/756/756
f 757/757/757 758/758/758 759/759/759
f 761/761/761 762/762/762 763/763/763
f 765/765/765 766/766/766 767/767/767
f 769/769/769 770/770/770 771/771/771
f 773/773/773 774/774/774 775/775/775
f 777/777/777 778/778/778 779/779/779
f 781/781/781 782/782/782 783/783/783
f 785/785/785 786/786/786 787/787/787
f 789/789/789 790/790/790 791/791/791
f 789/789/789 792/792/792 793/793/793
f 794/794/794 790/790/790 789/789/789
f 789/789/789 793/793/793 794/794/794
f 794/794/794 793/793/793 795/795/795
f 796/796/796 790/790/790 794/794/794
f 797/797/797 798/798/798 799/799/799
f 797/797/797 800/800/800 801/801/801
f 802/802/802 797/797/797 799/799/799
f 797/797/797 802/802/802 800/800/800
f 802/802/802 803/803/803 800/800/800
f 804/804/804 802/802/802 799/799/799
f 805/805/805 806/806/806 808/808/808
f 809/809/809 810/810/810 812/812/812
f 813/813/813 814/814/814 815/815/815
f 817/817/817 818/818/818 819/819/819
f 821/821/821 822/822/822 823/823/823
f 825/825/825 826/826/826 827/827/827
f 829/829/829 830/830/830 832/832/832
f 833/833/833 834/834/834 835/835/835
f 835/835/835 837/837/837 838/838/838
f 838/838/838 840/840/840 841/841/841
f 841/841/841 843/843/843 844/844/844
f 844/844/844 846/846/846 847/847/847
f 849/849/849 833/833/833 836/836/836
f 851/851/851 850/850/850 852/852/852
f 854/854/854 853/853/853 855/855/855
f 857/857/857 856/856/856 858/858/858
f 860/860/860 859/859/859 861/861/861
f 846/846/846 863/863/863 847/847/847
f 848/848/848 847/847/847 863/863/863
f 863/863/863 864/864/864 848/848/848
f 846/846/846 865/865/865 863/863/863
f 848/848/848 845/845/845 844/844/844
f 840/840/840 843/843/843 841/841/841
f 841/841/841 845/845/845 842/842/842
f 846/846/846 844/844/844 843/843/843
f 848/848/848 861/861/861 858/858/858
f 843/843/843 865/865/865 846/846/846
f 838/838/838 837/837/837 840/840/840
f 865/865/865 840/840/840 837/837/837
f 838/838/838 842/842/842 839/839/839
f 843/843/843 840/840/840 865/865/865
f 837/837/837 835/835/835 834/834/834
f 835/835/835 839/839/839 836/836/836
f 865/865/865 837/837/837 834/834/834
f 842/842/842 855/855/855 852/852/852
f 845/845/845 858/858/858 842/842/842
f 858/858/858 856/856/856 855/855/855
f 859/859/859 858/858/858 861/861/861
f 860/860/860 862/862/862 864/864/864
f 861/861/861 864/864/864 862/862/862
f 860/860/860 864/864/864 866/866/866
f 860/860/860 857/857/857 859/859/859
f 850/850/850 836/836/836 852/852/852
f 839/839/839 852/852/852 836/836/836
f 851/851/851 849/849/849 850/850/850
f 855/855/855 853/853/853 852/852/852
f 866/866/866 851/851/851 854/854/854
f 853/853/853 854/854/854 851/851/851
f 857/857/857 866/866/866 854/854/854
f 849/849/849 851/851/851 866/866/866
f 866/866/866 857/857/857 860/860/860
f 856/856/856 857/857/857 854/854/854
f 867/867/867 868/868/868 869/869/869
f 869/869/869 870/870/870 867/867/867
f 871/871/871 872/872/872 867/867/867
f 873/873/873 874/874/874 872/872/872
f 872/872/872 871/871/871 873/873/873
f 875/875/875 876/876/876 877/877/877
f 876/876/876 875/875/875 878/878/878
f 875/875/875 877/877/877 879/879/879
f 880/880/880 879/879/879 881/881/881
f 880/880/880 882/882/882 875/875/875
f 879/879/879 880/880/880 875/875/875
f 883/883/883 884/884/884 885/885/885
f 886/886/886 887/887/887 888/888/888
f 889/889/889 890/890/890 891/891/891
f 892/892/892 893/893/893 894/894/894
f 895/895/895 896/896/896 897/897/897
f 898/898/898 899/899/899 900/900/900
f 901/901/901 902/902/902 903/903/903
f 904/904/904 905/905/905 906/906/906
f 907/907/907 908/908/908 909/909/909
f 911/911/911 912/912/912 913/913/913
f 915/915/915 916/916/916 917/917/917
f 919/919/919 920/920/920 921/921/921
f 923/923/923 924/924/924 925/925/925
f 927/927/927 928/928/928 929/929/929
f 931/931/931 932/932/932 933/933/933
f 935/935/935 936/936/936 937/937/937
f 937/937/937 939/939/939 940/940/940
f 940/940/940 942/942/942 943/943/943
f 943/943/943 945/945/945 946/946/946
f 946/946/946 948/948/948 949/949/949
f 951/951/951 935/935/935 938/938/938
f 953/953/953 952/952/952 954/954/954
f 956/956/956 955/955/955 957/957/957
f 959/959/959 958/958/958 960/960/960
f 962/962/962 961/961/961 963/963/963
f 948/948/948 965/965/965 949/949/949
f 950/950/950 949/949/949 965/965/965
f 965/965/965 966/966/966 950/950/950
f 948/948/948 967/967/967 965/965/965
f 950/950/950 947/947/947 946/946/946
f 942/942/942 945/945/945 943/943/943
f 943/943/943 947/947/947 944/944/944
f 948/948/948 946/946/946 945/945/945
f 950/950/950 963/963/963 960/960/960
f 945/945/945 967/967/967 948/948/948
f 940/940/940 939/939/939 942/942/942
f 967/967/967 942/942/942 939/939/939
f 940/940/940 944/944/944 941/941/941
f 945/945/945 942/942/942 967/967/967
f 939/939/939 937/937/937 936/936/936
f 937/937/937 941/941/941 938/938/938
f 967/967/967 939/939/939 936/936/936
f 944/944/944 957/957/957 954/954/954
f 947/947/947 960/960/960 944/944/944
f 960/960/960 958/958/958 957/957/957
f 961/961/961 960/960/960 963/963/963
f 962/962/962 964/964/964 966/966/966
f 963/963/963 966/966/966 964/964/964
f 962/962/962 966/966/966 968/968/968
f 962/962/962 959/959/959 961/961/961
f 952/952/952 938/938/938 954/954/954
f 941/941/941 954/954/954 938/938/938
f 953/953/953 951/951/951 952/952/952
f 957/957/957 955/955/955 954/954/954
f 968/968/968 953/953/953 956/956/956
f 955/955/955 956/956/956 953/953/953
f 959/959/959 968/968/968 956/956/956
f 951/951/951 953/953/953 968/968/968
f 968/968/968 959/959/959 962/962/962
f 958/958/958 959/959/959 956/956/956
f 969/969/969 970/970/970 971/971/971
f 971/971/971 972/972/972 969/969/969
f 973/973/973 974/974/974 969/969/969
f 975/975/975 976/976/976 974/974/974
f 974/974/974 973/973/973 975/975/975
f 977/977/977 978/978/978 979/979/979
f 978/978/978 977/977/977 980/980/980
f 977/977/977 979/979/979 981/981/981
f 982/982/982 981/981/981 983/983/983
f 982/982/982 984/984/984 977/977/977
f 981/981/981 982/982/982 977/977/977
f 985/985/985 986/986/986 987/987/987
f 988/988/988 989/989/989 990/990/990
f 991/991/991 992/992/992 993/993/993
f 994/994/994 995/995/995 996/996/996
f 997/997/997 998/998/998 999/999/999
f 1000/1000/1000 1001/1001/1001 1002/1002/1002
f 1003/1003/1003 1004/1004/1004 1005/1005/1005
f 1006/1006/1006 1007/1007/1007 1008/1008/1008
f 1009/1009/1009 1010/1010/1010 1011/1011/1011
f 1013/1013/1013 1014/1014/1014 1015/1015/1015
f 1017/1017/1017 1018/1018/1018 1019/1019/1019
f 1021/1021/1021 1022/1022/1022 1023/1023/1023
f 1025/1025/1025 1026/1026/1026 1027/1027/1027
f 1029/1029/1029 1030/1030/1030 1031/1031/1031
f 1033/1033/1033 1034/1034/1034 1035/1035/1035
f 1037/1037/1037 1038/1038/1038 1039/1039/1039
f 1041/1041/1041 1042/1042/1042 1043/1043/1043
f 1041/1041/1041 1044/1044/1044 1045/1045/1045
f 1046/1046/1046 1042/1042/1042 1041/1041/1041
f 1041/1041/1041 1045/1045/1045 1046/1046/1046
f 1046/1046/1046 1045/1045/1045 1047/1047/1047
f 1048/1048/1048 1042/1042/1042 1046/1046/1046
f 1049/1049/1049 1050/1050/1050 1051/1051/1051
f 1049/1049/1049 1052/1052/1052 1053/1053/1053
f 1054/1054/1054 1049/1049/1049 1051/1051/1051
f 1049/1049/1049 1054/1054/1054 1052/1052/1052
f 1054/1054/1054 1055/1055/1055 1052/1052/1052
f 1056/1056/1056 1054/1054/1054 1051/1051/1051
f 1057/1057/1057 1058/1058/1058 1060/1060/1060
f 1061/1061/1061 1062/1062/1062 1064/1064/1064
f 1065/1065/1065 1066/1066/1066 1067/1067/1067
f 1069/1069/1069 1070/1070/1070 1071/1071/1071
f 1073/1073/1073 1074/1074/1074 1075/1075/1075
f 1077/1077/1077 1078/1078/1078 1079/1079/1079
f 1081/1081/1081 1082/1082/1082 1084/1084/1084
f 1085/1085/1085 1086/1086/1086 1087/1087/1087
f 1087/1087/1087 1089/1089/1089 1090/1090/1090
f 1090/1090/1090 1092/1092/1092 1093/1093/1093
f 1093/1093/1093 1095/1095/1095 1096/1096/1096
f 1096/1096/1096 1098/1098/1098 1099/1099/1099
f 1101/1101/1101 1085/1085/1085 1088/1088/1088
f 1103/1103/1103 1102/1102/1102 1104/1104/1104
f 1106/1106/1106 1105/1105/1105 1107/1107/1107
f 1109/1109/1109 1108/1108/1108 1110/1110/1110
f 1112/1112/1112 1111/1111/1111 1113/1113/1113
f 1098/1098/1098 1115/1115/1115 1099/1099/1099
f 1100/1100/1100 1099/1099/1099 1115/1115/1115
f 1115/1115/1115 1116/1116/1116 1100/1100/1100
f 1098/1098/1098 1117/1117/1117 1115/1115/1115
f 1100/1100/1100 1097/1097/1097 1096/1096/1096
f 1092/1092/1092 1095/1095/1095 1093/1093/1093
f 1093/1093/1093 1097/1097/1097 1094/1094/1094
f 1098/1098/1098 1096/1096/1096 1095/1095/1095
f 1100/1100/1100 1113/1113/1113 1110/1110/1110
f 1095/1095/1095 1117/1117/1117 1098/1098/1098
f 1090/1090/1090 1089/1089/1089 1092/1092/1092
f 1117/1117/1117 1092/1092/1092 1089/1089/1089
f 1090/1090/1090 1094/1094/1094 1091/1091/1091
f 1095/1095/1095 1092/1092/1092 1117/1117/1117
f 1089/1089/1089 1087/1087/1087 1086/1086/1086
f 1087/1087/1087 1091/1091/1091 1088/1088/1088
f 1117/1117/1117 1089/1089/1089 1086/1086/1086
f 1094/1094/1094 1107/1107/1107 1104/1104/1104
f 1097/1097/1097 1110/1110/1110 1094/1094/1094
f 1110/1110/1110 1108/1108/1108 1107/1107/1107
f 1111/1111/1111 1110/1110/1110 1113/1113/1113
f 1112/1112/1112 1114/1114/1114 1116/1116/1116
f 1113/1113/1113 1116/1116/1116 1114/1114/1114
f 1112/1112/1112 1116/1116/1116 1118/1118/1118
f 1112/1112/1112 1109/1109/1109 1111/1111/1111
f 1102/1102/1102 1088/1088/1088 1104/1104/1104
f 1091/1091/1091 1104/1104/1104 1088/1088/1088
f 1103/1103/1103 1101/1101/1101 1102/1102/1102
f 1107/1107/1107 1105/1105/1105 1104/1104/1104
f 1118/1118/1118 1103/1103/1103 1106/1106/1106
f 1105/1105/1105 1106/1106/1106 1103/1103/1103
f 1109/1109/1109 1118/1118/1118 1106/1106/1106
f 1101/1101/1101 1103/1103/1103 1118/1118/1118
f 1118/1118/1118 1109/1109/1109 1112/1112/1112
f 1108/1108/1108 1109/1109/1109 1106/1106/1106
f 1119/1119/1119 1120/1120/1120 1121/1121/1121
f 1121/1121/1121 1122/1122/1122 1119/1119/1119
f 1123/1123/1123 1124/1124/1124 1119/1119/1119
f 1125/1125/1125 1126/1126/1126 1124/1124/1124
f 1124/1124/1124 1123/1123/1123 1125/1125/1125
f 1127/1127/1127 1128/1128/1128 1129/1129/1129
f 1128/1128/1128 1127/1127/1127 1130/1130/1130
f 1127/1127/1127 1129/1129/1129 1131/1131/1131
f 1132/1132/1132 1131/1131/1131 1133/1133/1133
f 1132/1132/1132 1134/1134/1134 1127/1127/1127
f 1131/1131/1131 1132/1132/1132 1127/1127/1127
f 1135/1135/1135 1136/1136/1136 1137/1137/1137
f 1138/1138/1138 1139/1139/1139 1140/1140/1140
f 1141/1141/1141 1142/1142/1142 1143/1143/1143
f 1144/1144/1144 1145/1145/1145 1146/1146/1146
f 1147/1147/1147 1148/1148/1148 1149/1149/1149
f 1150/1150/1150 1151/1151/1151 1152/1152/1152
f 1153/1153/1153 1154/1154/1154 1155/1155/1155
f 1156/1156/1156 1157/1157/1157 1158/1158/1158
f 1159/1159/1159 1160/1160/1160 1161/1161/1161
f 1163/1163/1163 1164/1164/1164 1165/1165/1165
f 1167/1167/1167 1168/1168/1168 1169/1169/1169
f 1171/1171/1171 1172/1172/1172 1173/1173/1173
f 1175/1175/1175 1176/1176/1176 1177/1177/1177
f 1179/1179/1179 1180/1180/1180 1181/1181/1181
f 1183/1183/1183 1184/1184/1184 1185/1185/1185
f 1187/1187/1187 1188/1188/1188 1189/1189/1189
f 1189/1189/1189 1191/1191/1191 1192/1192/1192
f 1192/1192/1192 1194/1194/1194 1195/1195/1195
f 1195/1195/1195 1197/1197/1197 1198/1198/1198
f 1198/1198/1198 1200/1200/1200 1201/1201/1201
f 1203/1203/1203 1187/1187/1187 1190/1190/1190
f 1205/1205/1205 1204/1204/1204 1206/1206/1206
f 1208/1208/1208 1207/1207/1207 1209/1209/1209
f 1211/1211/1211 1210/1210/1210 1212/1212/1212
f 1214/1214/1214 1213/1213/1213 1215/1215/1215
f 1200/1200/1200 1217/1217/1217 1201/1201/1201
f 1202/1202/1202 1201/1201/1201 1217/1217/1217
f 1217/1217/1217 1218/1218/1218 1202/1202/1202
f 1200/1200/1200 1219/1219/1219 1217/1217/1217
f 1202/1202/1202 1199/1199/1199 1198/1198/1198
f 1194/1194/1194 1197/1197/1197 1195/1195/1195
f 1195/1195/1195 1199/1199/1199 1196/1196/1196
f 1200/1200/1200 1198/1198/1198 1197/1197/1197
f 1202/1202/1202 1215/1215/1215 1212/1212/1212
f 1197/1197/1197 1219/1219/1219 1200/1200/1200
f 1192/1192/1192 1191/1191/1191 1194/1194/1194
f 1219/1219/1219 1194/1194/1194 1191/1191/1191
f 1192/1192/1192 1196/1196/1196 1193/1193/1193
f 1197/1197/1197 1194/1194/1194 1219/1219/1219
f 1191/1191/1191 1189/1189/1189 1188/1188/1188
f 1189/1189/1189 1193/1193/1193 1190/1190/1190
f 1219/1219/1219 1191/1191/1191 1188/1188/1188
f 1196/1196/1196 1209/1209/1209 1206/1206/1206
f 1199/1199/1199 1212/1212/1212 1196/1196/1196
f 1212/1212/1212 1210/1210/1210 1209/1209/1209
f 1213/1213/1213 1212/1212/1212 1215/1215/1215
f 1214/1214/1214 1216/1216/1216 1218/1218/1218
f 1215/1215/1215 1218/1218/1218 1216/1216/1216
f 1214/1214/1214 1218/1218/1218 1220/1220/1220
f 1214/1214/1214 1211/1211/1211 1213/1213/1213
f 1204/1204/1204 1190/1190/1190 1206/1206/1206
f 1193/1193/1193 1206/1206/1206 1190/1190/1190
f 1205/1205/1205 1203/1203/1203 1204/1204/1204
f 1209/1209/1209 1207/1207/1207 1206/1206/1206
f 1220/1220/1220 1205/1205/1205 1208/1208/1208
f 1207/1207/1207 1208/1208/1208 1205/1205/1205
f 1211/1211/1211 1220/1220/1220 1208/1208/1208
f 1203/1203/1203 1205/1205/1205 1220/1220/1220
f 1220/1220/1220 1211/1211/1211 1214/1214/1214
f 1210/1210/1210 1211/1211/1211 1208/1208/1208
f 1221/1221/1221 1222/1222/1222 1223/1223/1223
f 1223/1223/1223 1224/1224/1224 1221/1221/1221
f 1225/1225/1225 1226/1226/1226 1221/1221/1221
f 1227/1227/1227 1228/1228/1228 1226/1226/1226
f 1226/1226/1226 1225/1225/1225 1227/1227/1227
f 1229/1229/1229 1230/1230/1230 1231/1231/1231
f 1230/1230/1230 1229/1229/1229 1232/1232/1232
f 1229/1229/1229 1231/1231/1231 1233/1233/1233
f 1234/1234/1234 1233/1233/1233 1235/1235/1235
f 1234/1234/1234 1236/1236/1236 1229/1229/1229
f 1233/1233/1233 1234/1234/1234 1229/1229/1229
f 1237/1237/1237 1238/1238/1238 1239/1239/1239
f 1240/1240/1240 1241/1241/1241 1242/1242/1242
f 1243/1243/1243 1244/1244/1244 1245/1245/1245
f 1246/1246/1246 1247/1247/1247 1248/1248/1248
f 1249/1249/1249 1250/1250/1250 1251/1251/1251
f 1252/1252/1252 1253/1253/1253 1254/1254/1254
f 1255/1255/1255 1256/1256/1256 1257/1257/1257
f 1258/1258/1258 1259/1259/1259 1260/1260/1260
f 1261/1261/1261 1262/1262/1262 1263/1263/1263
f 1265/1265/1265 1266/1266/1266 1267/1267/1267
f 1269/1269/1269 1270/1270/1270 1271/1271/1271
f 1273/1273/1273 1274/1274/1274 1275/1275/1275
f 1277/1277/1277 1278/1278/1278 1279/1279/1279
f 1281/1281/1281 1282/1282/1282 1283/1283/1283
f 1285/1285/1285 1286/1286/1286 1287/1287/1287
f 1289/1289/1289 1290/1290/1290 1291/1291/1291
f 1293/1293/1293 1294/1294/1294 1295/1295/1295
f 1293/1293/1293 1296/1296/1296 1297/1297/1297
f 1298/1298/1298 1294/1294/1294 1293/1293/1293
f 1293/1293/1293 1297/1297/1297 1298/1298/1298
f 1298/1298/1298 1297/1297/1297 1299/1299/1299
f 1300/1300/1300 1294/1294/1294 1298/1298/1298
f 1301/1301/1301 1302/1302/1302 1303/1303/1303
f 1301/1301/1301 1304/1304/1304 1305/1305/1305
f 1306/1306/1306 1301/1301/1301 1303/1303/1303
f 1301/1301/1301 1306/1306/1306 1304/1304/1304
f 1306/1306/1306 1307/1307/1307 1304/1304/1304
f 1308/1308/1308 1306/1306/1306 1303/1303/1303
f 1309/1309/1309 1310/1310/1310 1312/1312/1312
f 1313/1313/1313 1314/1314/1314 1316/1316/1316
f 1317/1317/1317 1318/1318/1318 1319/1319/1319
f 1321/1321/1321 1322/1322/1322 1323/1323/1323
f 1325/1325/1325 1326/1326/1326 1327/1327/1327
f 1329/1329/1329 1330/1330/1330 1331/1331/1331
f 1333/1333/1333 1334/1334/1334 1336/1336/1336
f 1337/1337/1337 1338/1338/1338 1339/1339/1339
f 1339/1339/1339 1341/1341/1341 1342/1342/1342
f 1342/1342/1342 1344/1344/1344 1345/1345/1345
f 1345/1345/1345 1347/1347/1347 1348/1348/1348
f 1348/1348/1348 1350/1350/1350 1351/1351/1351
f 1353/1353/1353 1337/1337/1337 1340/1340/1340
f 1355/1355/1355 1354/1354/1354 1356/1356/1356
f 1358/1358/1358 1357/1357/1357 1359/1359/1359
f 1361/1361/1361 1360/1360/1360 1362/1362/1362
f 1364/1364/1364 1363/1363/1363 1365/1365/1365
f 1350/1350/1350 1367/1367/1367 1351/1351/1351
f 1352/1352/1352 1351/1351/1351 1367/1367/1367
f 1367/1367/1367 1368/1368/1368 1352/1352/1352
f 1350/1350/1350 1369/1369/1369 1367/1367/1367
f 1352/1352/1352 1349/1349/1349 1348/1348/1348
f 1344/1344/1344 1347/1347/1347 1345/1345/1345
f 1345/1345/1345 1349/1349/1349 1346/1346/1346
f 1350/1350/1350 1348/1348/1348 1347/1347/1347
f 1352/1352/1352 1365/1365/1365 1362/1362/1362
f 1347/1347/1347 1369/1369/1369 1350/1350/1350
f 1342/1342/1342 1341/1341/1341 1344/1344/1344
f 1369/1369/1369 1344/1344/1344 1341/1341/1341
f 1342/1342/1342 1346/1346/1346 1343/1343/1343
f 1347/1347/1347 1344/1344/1344 1369/1369/1369
f 1341/1341/1341 1339/1339/1339 1338/1338/1338
f 1339/1339/1339 1343/1343/1343 1340/1340/1340
f 1369/1369/1369 1341/1341/1341 1338/1338/1338
f 1346/1346/1346 1359/1359/1359 1356/1356/1356
f 1349/1349/1349 1362/1362/1362 1346/1346/1346
f 1362/1362/1362 1360/1360/1360 1359/1359/1359
f 1363/1363/1363 1362/1362/1362 1365/1365/1365
f 1364/1364/1364 1366/1366/1366 1368/1368/1368
f 1365/1365/1365 1368/1368/1368 1366/1366/1366
f 1364/1364/1364 1368/1368/1368 1370/1370/1370
f 1364/1364/1364 1361/1361/1361 1363/1363/1363
f 1354/1354/1354 1340/1340/1340 1356/1356/1356
f 1343/1343/1343 1356/1356/1356 1340/1340/1340
f 1355/1355/1355 1353/1353/1353 1354/1354/1354
f 1359/1359/1359 1357/1357/1357 1356/1356/1356
f 1370/1370/1370 1355/1355/1355 1358/1358/1358
f 1357/1357/1357 1358/1358/1358 1355/1355/1355
f 1361/1361/1361 1370/1370/1370 1358/1358/1358
f 1353/1353/1353 1355/1355/1355 1370/1370/1370
f 1370/1370/1370 1361/1361/1361 1364/1364/1364
f 1360/1360/1360 1361/1361/1361 1358/1358/1358
f 1371/1371/1371 1372/1372/1372 1373/1373/1373
f 1373/1373/1373 1374/1374/1374 1371/1371/1371
f 1375/1375/1375 1376/1376/1376 1371/1371/1371
f 1377/1377/1377 1378/1378/1378 1376/1376/1376
f 1376/1376/1376 1375/1375/1375 1377/1377/1377
f 1379/1379/1379 1380/1380/1380 1381/1381/1381
f 1380/1380/1380 1379/1379/1379 1382/1382/1382
f 1379/1379/1379 1381/1381/1381 1383/1383/1383
f 1384/1384/1384 1383/1383/1383 1385/1385/1385
f 1384/1384/1384 1386/1386/1386 1379/1379/1379
f 1383/1383/1383 1384/1384/1384 1379/1379/1379
f 1387/1387/1387 1388/1388/1388 1389/1389/1389
f 1390/1390/1390 1391/1391/1391 1392/1392/1392
f 1393/1393/1393 1394/1394/1394 1395/1395/1395
f 1396/1396/1396 1397/1397/1397 1398/1398/1398
f 1399/1399/1399 1400/1400/1400 1401/1401/1401
f 1402/1402/1402 1403/1403/1403 1404/1404/1404
f 1405/1405/1405 1406/1406/1406 1407/1407/1407
f 1408/1408/1408 1409/1409/1409 1410/1410/1410
f 1411/1411/1411 1412/1412/1412 1413/1413/1413
f 1415/1415/1415 1416/1416/1416 1417/1417/1417
f 1419/1419/1419 1420/1420/1420 1421/1421/1421
f 1423/1423/1423 1424/1424/1424 1425/1425/1425
f 1427/1427/1427 1428/1428/1428 1429/1429/1429
f 1431/1431/1431 1432/1432/1432 1433/1433/1433
f 1435/1435/1435 1436/1436/1436 1437/1437/1437
f 1439/1439/1439 1440/1440/1440 1441/1441/1441
f 1441/1441/1441 1443/1443/1443 1444/1444/1444
f 1444/1444/1444 1446/1446/1446 1447/1447/1447
f 1447/1447/1447 1449/1449/1449 1450/1450/1450
f 1450/1450/1450 1452/1452/1452 1453/1453/1453
f 1455/1455/1455 1439/1439/1439 1442/1442/1442
f 1457/1457/1457 1456/1456/1456 1458/1458/1458
f 1460/1460/1460 1459/1459/1459 1461/1461/1461
f 1463/1463/1463 1462/1462/1462 1464/1464/1464
f 1466/1466/1466 1465/1465/1465 1467/1467/1467
f 1452/1452/1452 1469/1469/1469 1453/1453/1453
f 1454/1454/1454 1453/1453/1453 1469/1469/1469
f 1469/1469/1469 1470/1470/1470 1454/1454/1454
f 1452/1452/1452 1471/1471/1471 1469/1469/1469
f 1454/1454/1454 1451/1451/1451 1450/1450/1450
f 1446/1446/1446 1449/1449/1449 1447/1447/1447
f 1447/1447/1447 1451/1451/1451 1448/1448/1448
f 1452/1452/1452 1450/1450/1450 1449/1449/1449
f 1454/1454/1454 1467/1467/1467 1464/1464/1464
f 1449/1449/1449 1471/1471/1471 1452/1452/1452
f 1444/1444/1444 1443/1443/1443 1446/1446/1446
f 1471/1471/1471 1446/1446/1446 1443/1443/1443
f 1444/1444/1444 1448/1448/1448 1445/1445/1445
f 1449/1449/1449 1446/1446/1446 1471/1471/1471
f 1443/1443/1443 1441/1441/1441 1440/1440/1440
f 1441/1441/1441 1445/1445/1445 1442/1442/1442
f 1471/1471/1471 1443/1443/1443 1440/1440/1440
f 1448/1448/1448 1461/1461/1461 1458/1458/1458
f 1451/1451/1451 1464/1464/1464 1448/1448/1448
f 1464/1464/1464 1462/1462/1462 1461/1461/1461
f 1465/1465/1465 1464/1464/1464 1467/1467/1467
f 1466/1466/1466 1468/1468/1468 1470/1470/1470
f 1467/1467/1467 1470/1470/1470 1468/1468/1468
f 1466/1466/1466 1470/1470/1470 1472/1472/1472
f 1466/1466/1466 1463/1463/1463 1465/1465/1465
f 1456/1456/1456 1442/1442/1442 1458/1458/1458
f 1445/1445/1445 1458/1458/1458 1442/1442/1442
f 1457/1457/1457 1455/1455/1455 1456/1456/1456
f 1461/1461/1461 1459/1459/1459 1458/1458/1458
f 1472/1472/1472 1457/1457/1457 1460/1460/1460
f 1459/1459/1459 1460/1460/1460 1457/1457/1457
f 1463/1463/1463 1472/1472/1472 1460/1460/1460
f 1455/1455/1455 1457/1457/1457 1472/1472/1472
f 1472/1472/1472 1463/1463/1463 1466/1466/1466
f 1462/1462/1462 1463/1463/1463 1460/1460/1460
f 1473/1473/1473 1474/1474/1474 1475/1475/1475
f 1475/1475/1475 1476/1476/1476 1473/1473/1473
f 1477/1477/1477 1478/1478/1478 1473/1473/1473
f 1479/1479/1479 1480/1480/1480 1478/1478/1478
f 1478/1478/1478 1477/1477/1477 1479/1479/1479
f 1481/1481/1481 1482/1482/1482 1483/1483/1483
f 1482/1482/1482 1481/1481/1481 1484/1484/1484
f 1481/1481/1481 1483/1483/1483 1485/1485/1485
f 1486/1486/1486 1485/1485/1485 1487/1487/1487
f 1486/1486/1486 1488/1488/1488 1481/1481/1481
f 1485/1485/1485 1486/1486/1486 1481/1481/1481
f 1489/1489/1489 1490/1490/1490 1491/1491/1491
f 1492/1492/1492 1493/1493/1493 1494/1494/1494
f 1495/1495/1495 1496/1496/1496 1497/1497/1497
f 1498/1498/1498 1499/1499/1499 1500/1500/1500
f 1501/1501/1501 1502/1502/1502 1503/1503/1503
f 1504/1504/1504 1505/1505/1505 1506/1506/1506
f 1507/1507/1507 1508/1508/1508 1509/1509/1509
f 1510/1510/1510 1511/1511/1511 1512/1512/1512
f 1513/1513/1513 1514/1514/1514 1515/1515/1515
f 1513/1513/1513 1516/1516/1516 1517/1517/1517
f 1518/1518/1518 1513/1513/1513 1515/1515/1515
f 1513/1513/1513 1518/1518/1518 1516/1516/1516
f 1518/1518/1518 1519/1519/1519 1516/1516/1516
f 1520/1520/1520 1518/1518/1518 1515/1515/1515
f 1521/1521/1521 1522/1522/1522 1523/1523/1523
f 1524/1524/1524 1525/1525/1525 1526/1526/1526
f 1527/1527/1527 1528/1528/1528 1529/1529/1529
f 1530/1530/1530 1531/1531/1531 1532/1532/1532
f 1533/1533/1533 1534/1534/1534 1535/1535/1535
f 1536/1536/1536 1537/1537/1537 1538/1538/1538
f 1539/1539/1539 1540/1540/1540 1541/1541/1541
f 1542/1542/1542 1543/1543/1543 1544/1544/1544
f 1545/1545/1545 1546/1546/1546 1547/1547/1547
f 1546/1546/1546 1545/1545/1545 1548/1548/1548
f 1545/1545/1545 1547/1547/1547 1549/1549/1549
f 1550/1550/1550 1549/1549/1549 1551/1551/1551
f 1550/1550/1550 1552/1552/1552 1545/1545/1545
f 1549/1549/1549 1550/1550/1550 1545/1545/1545
f 1553/1553/1553 1554/1554/1554 1555/1555/1555
f 1555/1555/1555 1556/1556/1556 1553/1553/1553
f 1557/1557/1557 1558/1558/1558 1553/1553/1553
f 1559/1559/1559 1560/1560/1560 1558/1558/1558
f 1558/1558/1558 1557/1557/1557 1559/1559/1559
f 1561/1561/1561 1562/1562/1562 1563/1563/1563
f 1563/1563/1563 1565/1565/1565 1566/1566/1566
f 1566/1566/1566 1568/1568/1568 1569/1569/1569
f 1569/1569/1569 1571/1571/1571 1572/1572/1572
f 1572/1572/1572 1574/1574/1574 1575/1575/1575
f 1577/1577/1577 1561/1561/1561 1564/1564/1564
f 1579/1579/1579 1578/1578/1578 1580/1580/1580
f 1582/1582/1582 1581/1581/1581 1583/1583/1583
f 1585/1585/1585 1584/1584/1584 1586/1586/1586
f 1588/1588/1588 1587/1587/1587 1589/1589/1589
f 1574/1574/1574 1591/1591/1591 1575/1575/1575
f 1576/1576/1576 1575/1575/1575 1591/1591/1591
f 1591/1591/1591 1592/1592/1592 1576/1576/1576
f 1574/1574/1574 1593/1593/1593 1591/1591/1591
f 1576/1576/1576 1573/1573/1573 1572/1572/1572
f 1568/1568/1568 1571/1571/1571 1569/1569/1569
f 1569/1569/1569 1573/1573/1573 1570/1570/1570
f 1574/1574/1574 1572/1572/1572 1571/1571/1571
f 1576/1576/1576 1589/1589/1589 1586/1586/1586
f 1571/1571/1571 1593/1593/1593 1574/1574/1574
f 1566/1566/1566 1565/1565/1565 1568/1568/1568
f 1593/1593/1593 1568/1568/1568 1565/1565/1565
f 1566/1566/1566 1570/1570/1570 1567/1567/1567
f 1571/1571/1571 1568/1568/1568 1593/1593/1593
f 1565/1565/1565 1563/1563/1563 1562/1562/1562
f 1563/1563/1563 1567/1567/1567 1564/1564/1564
f 1593/1593/1593 1565/1565/1565 1562/1562/1562
f 1570/1570/1570 1583/1583/1583 1580/1580/1580
f 1573/1573/1573 1586/1586/1586 1570/1570/1570
f 1586/1586/1586 1584/1584/1584 1583/1583/1583
f 1587/1587/1587 1586/1586/1586 1589/1589/1589
f 1588/1588/1588 1590/1590/1590 1592/1592/1592
f 1589/1589/1589 1592/1592/1592 1590/1590/1590
f 1588/1588/1588 1592/1592/1592 1594/1594/1594
f 1588/1588/1588 1585/1585/1585 1587/1587/1587
f 1578/1578/1578 1564/1564/1564 1580/1580/1580
f 1567/1567/1567 1580/1580/1580 1564/1564/1564
f 1579/1579/1579 1577/1577/1577 1578/1578/1578
f 1583/1583/1583 1581/1581/1581 1580/1580/1580
f 1594/1594/1594 1579/1579/1579 1582/1582/1582
f 1581/1581/1581 1582/1582/1582 1579/1579/1579
f 1585/1585/1585 1594/1594/1594 1582/1582/1582
f 1577/1577/1577 1579/1579/1579 1594/1594/1594
f 1594/1594/1594 1585/1585/1585 1588/1588/1588
f 1584/1584/1584 1585/1585/1585 1582/1582/1582
f 1595/1595/1595 1596/1596/1596 1598/1598/1598
f 1599/1599/1599 1600/1600/1600 1601/1601/1601
f 1603/1603/1603 1604/1604/1604 1605/1605/1605
f 1607/1607/1607 1608/1608/1608 1609/1609/1609
f 1611/1611/1611 1612/1612/1612 1613/1613/1613
f 1615/1615/1615 1616/1616/1616 1618/1618/1618
f 1619/1619/1619 1620/1620/1620 1622/1622/1622
f 1623/1623/1623 1624/1624/1624 1625/1625/1625
f 1623/1623/1623 1626/1626/1626 1627/1627/1627
f 1628/1628/1628 1624/1624/1624 1623/1623/1623
f 1623/1623/1623 1627/1627/1627 1628/1628/1628
f 1628/1628/1628 1627/1627/1627 1629/1629/1629
f 1630/1630/1630 1624/1624/1624 1628/1628/1628
f 1631/1631/1631 1632/1632/1632 1633/1633/1633
f 1635/1635/1635 1636/1636/1636 1637/1637/1637
f 1639/1639/1639 1640/1640/1640 1641/1641/1641
f 1643/1643/1643 1644/1644/1644 1645/1645/1645
f 1647/1647/1647 1648/1648/1648 1649/1649/1649
f 1651/1651/1651 1652/1652/1652 1653/1653/1653
f 1655/1655/1655 1656/1656/1656 1657/1657/1657
f 1659/1659/1659 1660/1660/1660 1661/1661/1661
f 1663/1663/1663 1664/1664/1664 1666/1666/1666
f 1667/1667/1667 1668/1668/1668 1670/1670/1670
f 1671/1671/1671 1672/1672/1672 1673/1673/1673
f 1675/1675/1675 1676/1676/1676 1677/1677/1677
f 1679/1679/1679 1680/1680/1680 1681/1681/1681
f 1683/1683/1683 1684/1684/1684 1685/1685/1685
f 1687/1687/1687 1688/1688/1688 1690/1690/1690
f 1691/1691/1691 1692/1692/1692 1693/1693/1693
f 1693/1693/1693 1695/1695/1695 1696/1696/1696
f 1696/1696/1696 1698/1698/1698 1699/1699/1699
f 1699/1699/1699 1701/1701/1701 1702/1702/1702
f 1702/1702/1702 1704/1704/1704 1705/1705/1705
f 1707/1707/1707 1691/1691/1691 1694/1694/1694
f 1709/1709/1709 1708/1708/1708 1710/1710/1710
f 1712/1712/1712 1711/1711/1711 1713/1713/1713
f 1715/1715/1715 1714/1714/1714 1716/1716/1716
f 1718/1718/1718 1717/1717/1717 1719/1719/1719
f 1704/1704/1704 1721/1721/1721 1705/1705/1705
f 1706/1706/1706 1705/1705/1705 1721/1721/1721
f 1721/1721/1721 1722/1722/1722 1706/1706/1706
f 1704/1704/1704 1723/1723/1723 1721/1721/1721
f 1706/1706/1706 1703/1703/1703 1702/1702/1702
f 1698/1698/1698 1701/1701/1701 1699/1699/1699
f 1699/1699/1699 1703/1703/1703 1700/1700/1700
f 1704/1704/1704 1702/1702/1702 1701/1701/1701
f 1706/1706/1706 1719/1719/1719 1716/1716/1716
f 1701/1701/1701 1723/1723/1723 1704/1704/1704
f 1696/1696/1696 1695/1695/1695 1698/1698/1698
f 1723/1723/1723 1698/1698/1698 1695/1695/1695
f 1696/1696/1696 1700/1700/1700 1697/1697/1697
f 1701/1701/1701 1698/1698/1698 1723/1723/1723
f 1695/1695/1695 1693/1693/1693 1692/1692/1692
f 1693/1693/1693 1697/1697/1697 1694/1694/1694
f 1723/1723/1723 1695/1695/1695 1692/1692/1692
f 1700/1700/1700 1713/1713/1713 1710/1710/1710
f 1703/1703/1703 1716/1716/1716 1700/1700/1700
f 1716/1716/1716 1714/1714/1714 1713/1713/1713
f 1717/1717/1717 1716/1716/1716 1719/1719/1719
f 1718/1718/1718 1720/1720/1720 1722/1722/1722
f 1719/1719/1719 1722/1722/1722 1720/1720/1720
f 1718/1718/1718 1722/1722/1722 1724/1724/1724
f 1718/1718/1718 1715/1715/1715 1717/1717/1717
f 1708/1708/1708 1694/1694/1694 1710/1710/1710
f 1697/1697/1697 1710/1710/1710 1694/1694/1694
f 1709/1709/1709 1707/1707/1707 1708/1708/1708
f 1713/1713/1713 1711/1711/1711 1710/1710/1710
f 1724/1724/1724 1709/1709/1709 1712/1712/1712
f 1711/1711/1711 1712/1712/1712 1709/1709/1709
f 1715/1715/1715 1724/1724/1724 1712/1712/1712
f 1707/1707/1707 1709/1709/1709 1724/1724/1724
f 1724/1724/1724 1715/1715/1715 1718/1718/1718
f 1714/1714/1714 1715/1715/1715 1712/1712/1712
f 1725/1725/1725 1726/1726/1726 1727/1727/1727
f 1727/1727/1727 1728/1728/1728 1725/1725/1725
f 1729/1729/1729 1730/1730/1730 1725/1725/1725
f 1731/1731/1731 1732/1732/1732 1730/1730/1730
f 1730/1730/1730 1729/1729/1729 1731/1731/1731
f 1733/1733/1733 1734/1734/1734 1735/1735/1735
f 1734/1734/1734 1733/1733/1733 1736/1736/1736
f 1733/1733/1733 1735/1735/1735 1737/1737/1737
f 1738/1738/1738 1737/1737/1737 1739/1739/1739
f 1738/1738/1738 1740/1740/1740 1733/1733/1733
f 1737/1737/1737 1738/1738/1738 1733/1733/1733
f 1741/1741/1741 1742/1742/1742 1743/1743/1743
f 1744/1744/1744 1745/1745/1745 1746/1746/1746
f 1747/1747/1747 1748/1748/1748 1749/1749/1749
f 1750/1750/1750 1751/1751/1751 1752/1752/1752
f 1753/1753/1753 1754/1754/1754 1755/1755/1755
f 1756/1756/1756 1757/1757/1757 1758/1758/1758
f 1759/1759/1759 1760/1760/1760 1761/1761/1761
f 1762/1762/1762 1763/1763/1763 1764/1764/1764
f 1765/1765/1765 1766/1766/1766 1767/1767/1767
f 1769/1769/1769 1770/1770/1770 1771/1771/1771
f 1773/1773/1773 1774/1774/1774 1775/1775/1775
f 1777/1777/1777 1778/1778/1778 1779/1779/1779
f 1781/1781/1781 1782/1782/1782 1783/1783/1783
f 1785/1785/1785 1786/1786/1786 1787/1787/1787
f 1789/1789/1789 1790/1790/1790 1791/1791/1791
f 1793/1793/1793 1794/1794/1794 1795/1795/1795
f 1797/1797/1797 1798/1798/1798 1799/1799/1799
f 1798/1798/1798 1800/1800/1800 1799/1799/1799
f 1801/1801/1801 1802/1802/1802 1798/1798/1798
f 1797/1797/1797 1803/1803/1803 1801/1801/1801
f 1797/1797/1797 1799/1799/1799 1804/1804/1804
f 1801/1801/1801 1798/1798/1798 1797/1797/1797
f 1805/1805/1805 1806/1806/1806 1807/1807/1807
f 1807/1807/1807 1806/1806/1806 1808/1808/1808
f 1809/1809/1809 1807/1807/1807 1810/1810/1810
f 1805/1805/1805 1809/1809/1809 1811/1811/1811
f 1805/1805/1805 1812/1812/1812 1806/1806/1806
f 1809/1809/1809 1805/1805/1805 1807/1807/1807
f 1813/1813/1813 1814/1814/1814 1815/1815/1815
f 1816/1816/1816 1817/1817/1817 1818/1818/1818
f 1819/1819/1819 1820/1820/1820 1821/1821/1821
f 1822/1822/1822 1823/1823/1823 1824/1824/1824
f 1825/1825/1825 1826/1826/1826 1827/1827/1827
f 1828/1828/1828 1829/1829/1829 1830/1830/1830
f 1831/1831/1831 1832/1832/1832 1833/1833/1833
f 1834/1834/1834 1835/1835/1835 1836/1836/1836
f 1837/1837/1837 1838/1838/1838 1839/1839/1839
f 1838/1838/1838 1837/1837/1837 1840/1840/1840
f 1837/1837/1837 1839/1839/1839 1841/1841/1841
f 1842/1842/1842 1841/1841/1841 1843/1843/1843
f 1842/1842/1842 1844/1844/1844 1837/1837/1837
f 1841/1841/1841 1842/1842/1842 1837/1837/1837
f 1845/1845/1845 1846/1846/1846 1847/1847/1847
f 1847/1847/1847 1848/1848/1848 1845/1845/1845
f 1849/1849/1849 1850/1850/1850 1845/1845/1845
f 1851/1851/1851 1852/1852/1852 1850/1850/1850
f 1850/1850/1850 1849/1849/1849 1851/1851/1851
f 1853/1853/1853 1854/1854/1854 1855/1855/1855
f 1855/1855/1855 1857/1857/1857 1858/1858/1858
f 1858/1858/1858 1860/1860/1860 1861/1861/1861
f 1861/1861/1861 1863/1863/1863 1864/1864/1864
f 1864/1864/1864 1866/1866/1866 1867/1867/1867
f 1869/1869/1869 1853/1853/1853 1856/1856/1856
f 1871/1871/1871 1870/1870/1870 1872/1872/1872
f 1874/1874/1874 1873/1873/1873 1875/1875/1875
f 1877/1877/1877 1876/1876/1876 1878/1878/1878
f 1880/1880/1880 1879/1879/1879 1881/1881/1881
f 1866/1866/1866 1883/1883/1883 1867/1867/1867
f 1868/1868/1868 1867/1867/1867 1883/1883/1883
f 1883/1883/1883 1884/1884/1884 1868/1868/1868
f 1866/1866/1866 1885/1885/1885 1883/1883/1883
f 1868/1868/1868 1865/1865/1865 1864/1864/1864
f 1860/1860/1860 1863/1863/1863 1861/1861/1861
f 1861/1861/1861 1865/1865/1865 1862/1862/1862
f 1866/1866/1866 1864/1864/1864 1863/1863/1863
f 1868/1868/1868 1881/1881/1881 1878/1878/1878
f 1863/1863/1863 1885/1885/1885 1866/1866/1866
f 1858/1858/1858 1857/1857/1857 1860/1860/1860
f 1885/1885/1885 1860/1860/1860 1857/1857/1857
f 1858/1858/1858 1862/1862/1862 1859/1859/1859
f 1863/1863/1863 1860/1860/1860 1885/1885/1885
f 1857/1857/1857 1855/1855/1855 1854/1854/1854
f 1855/1855/1855 1859/1859/1859 1856/1856/1856
f 1885/1885/1885 1857/1857/1857 1854/1854/1854
f 1862/1862/1862 1875/1875/1875 1872/1872/1872
f 1865/1865/1865 1878/1878/1878 1862/1862/1862
f 1878/1878/1878 1876/1876/1876 1875/1875/1875
f 1879/1879/1879 1878/1878/1878 1881/1881/1881
f 1880/1880/1880 1882/1882/1882 1884/1884/1884
f 1881/1881/1881 1884/1884/1884 1882/1882/1882
f 1880/1880/1880 1884/1884/1884 1886/1886/1886
f 1880/1880/1880 1877/1877/1877 1879/1879/1879
f 1870/1870/1870 1856/1856/1856 1872/1872/1872
f 1859/1859/1859 1872/1872/1872 1856/1856/1856
f 1871/1871/1871 1869/1869/1869 1870/1870/1870
f 1875/1875/1875 1873/1873/1873 1872/1872/1872
f 1886/1886/1886 1871/1871/1871 1874/1874/1874
f 1873/1873/1873 1874/1874/1874 1871/1871/1871
f 1877/1877/1877 1886/1886/1886 1874/1874/1874
f 1869/1869/1869 1871/1871/1871 1886/1886/1886
f 1886/1886/1886 1877/1877/1877 1880/1880/1880
f 1876/1876/1876 1877/1877/1877 1874/1874/1874
f 1887/1887/1887 1888/1888/1888 1890/1890/1890
f 1891/1891/1891 1892/1892/1892 1893/1893/1893
f 1895/1895/1895 1896/1896/1896 1897/1897/1897
f 1899/1899/1899 1900/1900/1900 1901/1901/1901
f 1903/1903/1903 1904/1904/1904 1905/1905/1905
f 1907/1907/1907 1908/1908/1908 1910/1910/1910
f 1911/1911/1911 1912/1912/1912 1914/1914/1914
f 1915/1915/1915 1916/1916/1916 1917/1917/1917
f 1915/1915/1915 1918/1918/1918 1919/1919/1919
f 1920/1920/1920 1916/1916/1916 1915/1915/1915
f 1915/1915/1915 1919/1919/1919 1920/1920/1920
f 1920/1920/1920 1919/1919/1919 1921/1921/1921
f 1922/1922/1922 1916/1916/1916 1920/1920/1920
f 1923/1923/1923 1924/1924/1924 1925/1925/1925
f 1927/1927/1927 1928/1928/1928 1929/1929/1929
f 1931/1931/1931 1932/1932/1932 1933/1933/1933
f 1935/1935/1935 1936/1936/1936 1937/1937/1937
f 1939/1939/1939 1940/1940/1940 1941/1941/1941
f 1943/1943/1943 1944/1944/1944 1945/1945/1945
f 1947/1947/1947 1948/1948/1948 1949/1949/1949
f 1951/1951/1951 1952/1952/1952 1953/1953/1953
f 1955/1955/1955 1956/1956/1956 1958/1958/1958
f 1959/1959/1959 1960/1960/1960 1962/1962/1962
f 1963/1963/1963 1964/1964/1964 1965/1965/1965
f 1967/1967/1967 1968/1968/1968 1969/1969/1969
f 1971/1971/1971 1972/1972/1972 1973/1973/1973
f 1975/1975/1975 1976/1976/1976 1977/1977/1977
f 1979/1979/1979 1980/1980/1980 1982/1982/1982
f 1983/1983/1983 1984/1984/1984 1985/1985/1985
f 1985/1985/1985 1987/1987/1987 1988/1988/1988
f 1988/1988/1988 1990/1990/1990 1991/1991/1991
f 1991/1991/1991 1993/1993/1993 1994/1994/1994
f 1994/1994/1994 1996/1996/1996 1997/1997/1997
f 1999/1999/1999 1983/1983/1983 1986/1986/1986
f 2001/2001/2001 2000/2000/2000 2002/2002/2002
f 2004/2004/2004 2003/2003/2003 2005/2005/2005
f 2007/2007/2007 2006/2006/2006 2008/2008/2008
f 2010/2010/2010 2009/2009/2009 2011/2011/2011
f 1996/1996/1996 2013/2013/2013 1997/1997/1997
f 1998/1998/1998 1997/1997/1997 2013/2013/2013
f 2013/2013/2013 2014/2014/2014 1998/1998/1998
f 1996/1996/1996 2015/2015/2015 2013/2013/2013
f 1998/1998/1998 1995/1995/1995 1994/1994/1994
f 1990/1990/1990 1993/1993/1993 1991/1991/1991
f 1991/1991/1991 1995/1995/1995 1992/1992/1992
f 1996/1996/1996 1994/1994/1994 1993/1993/1993
f 1998/1998/1998 2011/2011/2011 2008/2008/2008
f 1993/1993/1993 2015/2015/2015 1996/1996/1996
f 1988/1988/1988 1987/1987/1987 1990/1990/1990
f 2015/2015/2015 1990/1990/1990 1987/1987/1987
f 1988/1988/1988 1992/1992/1992 1989/1989/1989
f 1993/1993/1993 1990/1990/1990 2015/2015/2015
f 1987/1987/1987 1985/1985/1985 1984/1984/1984
f 1985/1985/1985 1989/1989/1989 1986/1986/1986
f 2015/2015/2015 1987/1987/1987 1984/1984/1984
f 1992/1992/1992 2005/2005/2005 2002/2002/2002
f 1995/1995/1995 2008/2008/2008 1992/1992/1992
f 2008/2008/2008 2006/2006/2006 2005/2005/2005
f 2009/2009/2009 2008/2008/2008 2011/2011/2011
f 2010/2010/2010 2012/2012/2012 2014/2014/2014
f 2011/2011/2011 2014/2014/2014 2012/2012/2012
f 2010/2010/2010 2014/2014/2014 2016/2016/2016
f 2010/2010/2010 2007/2007/2007 2009/2009/2009
f 2000/2000/2000 1986/1986/1986 2002/2002/2002
f 1989/1989/1989 2002/2002/2002 1986/1986/1986
f 2001/2001/2001 1999/1999/1999 2000/2000/2000
f 2005/2005/2005 2003/2003/2003 2002/2002/2002
f 2016/2016/2016 2001/2001/2001 2004/2004/2004
f 2003/2003/2003 2004/2004/2004 2001/2001/2001
f 2007/2007/2007 2016/2016/2016 2004/2004/2004
f 1999/1999/1999 2001/2001/2001 2016/2016/2016
f 2016/2016/2016 2007/2007/2007 2010/2010/2010
f 2006/2006/2006 2007/2007/2007 2004/2004/2004
f 2017/2017/2017 2018/2018/2018 2019/2019/2019
f 2019/2019/2019 2020/2020/2020 2017/2017/2017
f 2021/2021/2021 2022/2022/2022 2017/2017/2017
f 2023/2023/2023 2024/2024/2024 2022/2022/2022
f 2022/2022/2022 2021/2021/2021 2023/2023/2023
f 2025/2025/2025 2026/2026/2026 2027/2027/2027
f 2026/2026/2026 2025/2025/2025 2028/2028/2028
f 2025/2025/2025 2027/2027/2027 2029/2029/2029
f 2030/2030/2030 2029/2029/2029 2031/2031/2031
f 2030/2030/2030 2032/2032/2032 2025/2025/2025
f 2029/2029/2029 2030/2030/2030 2025/2025/2025
f 2033/2033/2033 2034/2034/2034 2035/2035/2035
f 2036/2036/2036 2037/2037/2037 2038/2038/2038
f 2039/2039/2039 2040/2040/2040 2041/2041/2041
f 2042/2042/2042 2043/2043/2043 2044/2044/2044
f 2045/2045/2045 2046/2046/2046 2047/2047/2047
f 2048/2048/2048 2049/2049/2049 2050/2050/2050
f 2051/2051/2051 2052/2052/2052 2053/2053/2053
f 2054/2054/2054 2055/2055/2055 2056/2056/2056
f 2057/2057/2057 2058/2058/2058 2059/2059/2059
f 2061/2061/2061 2062/2062/2062 2063/2063/2063
f 2065/2065/2065 2066/2066/2066 2067/2067/2067
f 2069/2069/2069 2070/2070/2070 2071/2071/2071
f 2073/2073/2073 2074/2074/2074 2075/2075/2075
f 2077/2077/2077 2078/2078/2078 2079/2079/2079
f 2081/2081/2081 2082/2082/2082 2083/2083/2083
f 2085/2085/2085 2086/2086/2086 2087/2087/2087
f 2089/2089/2089 2090/2090/2090 2091/2091/2091
f 2090/2090/2090 2092/2092/2092 2091/2091/2091
f 2093/2093/2093 2094/2094/2094 2090/2090/2090
f 2089/2089/2089 2095/2095/2095 2093/2093/2093
f 2089/2089/2089 2091/2091/2091 2096/2096/2096
f 2093/2093/2093 2090/2090/2090 2089/2089/2089
f 2097/2097/2097 2098/2098/2098 2099/2099/2099
f 2099/2099/2099 2098/2098/2098 2100/2100/2100
f 2101/2101/2101 2099/2099/2099 2102/2102/2102
f 2097/2097/2097 2101/2101/2101 2103/2103/2103
f 2097/2097/2097 2104/2104/2104 2098/2098/2098
f 2101/2101/2101 2097/2097/2097 2099/2099/2099
f 2105/2105/2105 2106/2106/2106 2107/2107/2107
f 2108/2108/2108 2109/2109/2109 2110/2110/2110
f 2111/2111/2111 2112/2112/2112 2113/2113/2113
f 2114/2114/2114 2115/2115/2115 2116/2116/2116
f 2117/2117/2117 2118/2118/2118 2119/2119/2119
f 2120/2120/2120 2121/2121/2121 2122/2122/2122
f 2123/2123/2123 2124/2124/2124 2125/2125/2125
f 2126/2126/2126 2127/2127/2127 2128/2128/2128
f 2129/2129/2129 2130/2130/2130 2131/2131/2131
f 2130/2130/2130 2129/2129/2129 2132/2132/2132
f 2129/2129/2129 2131/2131/2131 2133/2133/2133
f 2134/2134/2134 2133/2133/2133 2135/2135/2135
f 2134/2134/2134 2136/2136/2136 2129/2129/2129
f 2133/2133/2133 2134/2134/2134 2129/2129/2129
f 2137/2137/2137 2138/2138/2138 2139/2139/2139
f 2139/2139/2139 2140/2140/2140 2137/2137/2137
f 2141/2141/2141 2142/2142/2142 2137/2137/2137
f 2143/2143/2143 2144/2144/2144 2142/2142/2142
f 2142/2142/2142 2141/2141/2141 2143/2143/2143
f 2145/2145/2145 2146/2146/2146 2147/2147/2147
f 2147/2147/2147 2149/2149/2149 2150/2150/2150
f 2150/2150/2150 2152/2152/2152 2153/2153/2153
f 2153/2153/2153 2155/2155/2155 2156/2156/2156
f 2156/2156/2156 2158/2158/2158 2159/2159/2159
f 2161/2161/2161 2145/2145/2145 2148/2148/2148
f 2163/2163/2163 2162/2162/2162 2164/2164/2164
f 2166/2166/2166 2165/2165/2165 2167/2167/2167
f 2169/2169/2169 2168/2168/2168 2170/2170/2170
f 2172/2172/2172 2171/2171/2171 2173/2173/2173
f 2158/2158/2158 2175/2175/2175 2159/2159/2159
f 2160/2160/2160 2159/2159/2159 2175/2175/2175
f 2175/2175/2175 2176/2176/2176 2160/2160/2160
f 2158/2158/2158 2177/2177/2177 2175/2175/2175
f 2160/2160/2160 2157/2157/2157 2156/2156/2156
f 2152/2152/2152 2155/2155/2155 2153/2153/2153
f 2153/2153/2153 2157/2157/2157 2154/2154/2154
f 2158/2158/2158 2156/2156/2156 2155/2155/2155
f 2160/2160/2160 2173/2173/2173 2170/2170/2170
f 2155/2155/2155 2177/2177/2177 2158/2158/2158
f 2150/2150/2150 2149/2149/2149 2152/2152/2152
f 2177/2177/2177 2152/2152/2152 2149/2149/2149
f 2150/2150/2150 2154/2154/2154 2151/2151/2151
f 2155/2155/2155 2152/2152/2152 2177/2177/2177
f 2149/2149/2149 2147/2147/2147 2146/2146/2146
f 2147/2147/2147 2151/2151/2151 2148/2148/2148
f 2177/2177/2177 2149/2149/2149 2146/2146/2146
f 2154/2154/2154 2167/2167/2167 2164/2164/2164
f 2157/2157/2157 2170/2170/2170 2154/2154/2154
f 2170/2170/2170 2168/2168/2168 2167/2167/2167
f 2171/2171/2171 2170/2170/2170 2173/2173/2173
f 2172/2172/2172 2174/2174/2174 2176/2176/2176
f 2173/2173/2173 2176/2176/2176 2174/2174/2174
f 2172/2172/2172 2176/2176/2176 2178/2178/2178
f 2172/2172/2172 2169/2169/2169 2171/2171/2171
f 2162/2162/2162 2148/2148/2148 2164/2164/2164
f 2151/2151/2151 2164/2164/2164 2148/2148/2148
f 2163/2163/2163 2161/2161/2161 2162/2162/2162
f 2167/2167/2167 2165/2165/2165 2164/2164/2164
f 2178/2178/2178 2163/2163/2163 2166/2166/2166
f 2165/2165/2165 2166/2166/2166 2163/2163/2163
f 2169/2169/2169 2178/2178/2178 2166/2166/2166
f 2161/2161/2161 2163/2163/2163 2178/2178/2178
f 2178/2178/2178 2169/2169/2169 2172/2172/2172
f 2168/2168/2168 2169/2169/2169 2166/2166/2166
f 2179/2179/2179 2180/2180/2180 2182/2182/2182
f 2183/2183/2183 2184/2184/2184 2185/2185/2185
f 2187/2187/2187 2188/2188/2188 2189/2189/2189
f 2191/2191/2191 2192/2192/2192 2193/2193/2193
f 2195/2195/2195 2196/2196/2196 2197/2197/2197
f 2199/2199/2199 2200/2200/2200 2202/2202/2202
f 2203/2203/2203 2204/2204/2204 2206/2206/2206
f 2207/2207/2207 2208/2208/2208 2209/2209/2209
f 2207/2207/2207 2210/2210/2210 2211/2211/2211
f 2212/2212/2212 2208/2208/2208 2207/2207/2207
f 2207/2207/2207 2211/2211/2211 2212/2212/2212
f 2212/2212/2212 2211/2211/2211 2213/2213/2213
f 2214/2214/2214 2208/2208/2208 2212/2212/2212
f 2215/2215/2215 2216/2216/2216 2217/2217/2217
f 2219/2219/2219 2220/2220/2220 2221/2221/2221
f 2223/2223/2223 2224/2224/2224 2225/2225/2225
f 2227/2227/2227 2228/2228/2228 2229/2229/2229
f 2231/2231/2231 2232/2232/2232 2233/2233/2233
f 2235/2235/2235 2236/2236/2236 2237/2237/2237
f 2239/2239/2239 2240/2240/2240 2241/2241/2241
f 2243/2243/2243 2244/2244/2244 2245/2245/2245
f 2247/2247/2247 2248/2248/2248 2250/2250/2250
f 2251/2251/2251 2252/2252/2252 2254/2254/2254
f 2255/2255/2255 2256/2256/2256 2257/2257/2257
f 2259/2259/2259 2260/2260/2260 2261/2261/2261
f 2263/2263/2263 2264/2264/2264 2265/2265/2265
f 2267/2267/2267 2268/2268/2268 2269/2269/2269
f 2271/2271/2271 2272/2272/2272 2274/2274/2274
f 2275/2275/2275 2276/2276/2276 2277/2277/2277
f 2277/2277/2277 2279/2279/2279 2280/2280/2280
f 2280/2280/2280 2282/2282/2282 2283/2283/2283
f 2283/2283/2283 2285/2285/2285 2286/2286/2286
f 2286/2286/2286 2288/2288/2288 2289/2289/2289
f 2291/2291/2291 2275/2275/2275 2278/2278/2278
f 2293/2293/2293 2292/2292/2292 2294/2294/2294
f 2296/2296/2296 2295/2295/2295 2297/2297/2297
f 2299/2299/2299 2298/2298/2298 2300/2300/2300
f 2302/2302/2302 2301/2301/2301 2303/2303/2303
f 2288/2288/2288 2305/2305/2305 2289/2289/2289
f 2290/2290/2290 2289/2289/2289 2305/2305/2305
f 2305/2305/2305 2306/2306/2306 2290/2290/2290
f 2288/2288/2288 2307/2307/2307 2305/2305/2305
f 2290/2290/2290 2287/2287/2287 2286/2286/2286
f 2282/2282/2282 2285/2285/2285 2283/2283/2283
f 2283/2283/2283 2287/2287/2287 2284/2284/2284
f 2288/2288/2288 2286/2286/2286 2285/2285/2285
f 2290/2290/2290 2303/2303/2303 2300/2300/2300
f 2285/2285/2285 2307/2307/2307 2288/2288/2288
f 2280/2280/2280 2279/2279/2279 2282/2282/2282
f 2307/2307/2307 2282/2282/2282 2279/2279/2279
f 2280/2280/2280 2284/2284/2284 2281/2281/2281
f 2285/2285/2285 2282/2282/2282 2307/2307/2307
f 2279/2279/2279 2277/2277/2277 2276/2276/2276
f 2277/2277/2277 2281/2281/2281 2278/2278/2278
f 2307/2307/2307 2279/2279/2279 2276/2276/2276
f 2284/2284/2284 2297/2297/2297 2294/2294/2294
f 2287/2287/2287 2300/2300/2300 2284/2284/2284
f 2300/2300/2300 2298/2298/2298 2297/2297/2297
f 2301/2301/2301 2300/2300/2300 2303/2303/2303
f 2302/2302/2302 2304/2304/2304 2306/2306/2306
f 2303/2303/2303 2306/2306/2306 2304/2304/2304
f 2302/2302/2302 2306/2306/2306 2308/2308/2308
f 2302/2302/2302 2299/2299/2299 2301/2301/2301
f 2292/2292/2292 2278/2278/2278 2294/2294/2294
f 2281/2281/2281 2294/2294/2294 2278/2278/2278
f 2293/2293/2293 2291/2291/2291 2292/2292/2292
f 2297/2297/2297 2295/2295/2295 2294/2294/2294
f 2308/2308/2308 2293/2293/2293 2296/2296/2296
f 2295/2295/2295 2296/2296/2296 2293/2293/2293
f 2299/2299/2299 2308/2308/2308 2296/2296/2296
f 2291/2291/2291 2293/2293/2293 2308/2308/2308
f 2308/2308/2308 2299/2299/2299 2302/2302/2302
f 2298/2298/2298 2299/2299/2299 2296/2296/2296
f 2309/2309/2309 2310/2310/2310 2311/2311/2311
f 2311/2311/2311 2312/2312/2312 2309/2309/2309
f 2313/2313/2313 2314/2314/2314 2309/2309/2309
f 2315/2315/2315 2316/2316/2316 2314/2314/2314
f 2314/2314/2314 2313/2313/2313 2315/2315/2315
f 2317/2317/2317 2318/2318/2318 2319/2319/2319
f 2318/2318/2318 2317/2317/2317 2320/2320/2320
f 2317/2317/2317 2319/2319/2319 2321/2321/2321
f 2322/2322/2322 2321/2321/2321 2323/2323/2323
f 2322/2322/2322 2324/2324/2324 2317/2317/2317
f 2321/2321/2321 2322/2322/2322 2317/2317/2317
f 2325/2325/2325 2326/2326/2326 2327/2327/2327
f 2328/2328/2328 2329/2329/2329 2330/2330/2330
f 2331/2331/2331 2332/2332/2332 2333/2333/2333
f 2334/2334/2334 2335/2335/2335 2336/2336/2336
f 2337/2337/2337 2338/2338/2338 2339/2339/2339
f 2340/2340/2340 2341/2341/2341 2342/2342/2342
f 2343/2343/2343 2344/2344/2344 2345/2345/2345
f 2346/2346/2346 2347/2347/2347 2348/2348/2348
f 2349/2349/2349 2350/2350/2350 2351/2351/2351
f 2353/2353/2353 2354/2354/2354 2355/2355/2355
f 2357/2357/2357 2358/2358/2358 2359/2359/2359
f 2361/2361/2361 2362/2362/2362 2363/2363/2363
f 2365/2365/2365 2366/2366/2366 2367/2367/2367
f 2369/2369/2369 2370/2370/2370 2371/2371/2371
f 2373/2373/2373 2374/2374/2374 2375/2375/2375
f 2377/2377/2377 2378/2378/2378 2379/2379/2379
f 2381/2381/2381 2382/2382/2382 2383/2383/2383
f 2382/2382/2382 2384/2384/2384 2383/2383/2383
f 2385/2385/2385 2386/2386/2386 2382/2382/2382
f 2381/2381/2381 2387/2387/2387 2385/2385/2385
f 2381/2381/2381 2383/2383/2383 2388/2388/2388
f 2385/2385/2385 2382/2382/2382 2381/2381/2381
f 2389/2389/2389 2390/2390/2390 2391/2391/2391
f 2391/2391/2391 2390/2390/2390 2392/2392/2392
f 2393/2393/2393 2391/2391/2391 2394/2394/2394
f 2389/2389/2389 2393/2393/2393 2395/2395/2395
f 2389/2389/2389 2396/2396/2396 2390/2390/2390
f 2393/2393/2393 2389/2389/2389 2391/2391/2391
f 2397/2397/2397 2398/2398/2398 2399/2399/2399
f 2400/2400/2400 2401/2401/2401 2402/2402/2402
f 2403/2403/2403 2404/2404/2404 2405/2405/2405
f 2406/2406/2406 2407/2407/2407 2408/2408/2408
f 2409/2409/2409 2410/2410/2410 2411/2411/2411
f 2412/2412/2412 2413/2413/2413 2414/2414/2414
f 2415/2415/2415 2416/2416/2416 2417/2417/2417
f 2418/2418/2418 2419/2419/2419 2420/2420/2420
f 2421/2421/2421 2422/2422/2422 2423/2423/2423
f 2422/2422/2422 2421/2421/2421 2424/2424/2424
f 2421/2421/2421 2423/2423/2423 2425/2425/2425
f 2426/2426/2426 2425/2425/2425 2427/2427/2427
f 2426/2426/2426 2428/2428/2428 2421/2421/2421
f 2425/2425/2425 2426/2426/2426 2421/2421/2421
f 2429/2429/2429 2430/2430/2430 2431/2431/2431
f 2431/2431/2431 2432/2432/2432 2429/2429/2429
f 2433/2433/2433 2434/2434/2434 2429/2429/2429
f 2435/2435/2435 2436/2436/2436 2434/2434/2434
f 2434/2434/2434 2433/2433/2433 2435/2435/2435
f 2437/2437/2437 2438/2438/2438 2439/2439/2439
f 2439/2439/2439 2441/2441/2441 2442/2442/2442
f 2442/2442/2442 2444/2444/2444 2445/2445/2445
f 2445/2445/2445 2447/2447/2447 2448/2448/2448
f 2448/2448/2448 2450/2450/2450 2451/2451/2451
f 2453/2453/2453 2437/2437/2437 2440/2440/2440
f 2455/2455/2455 2454/2454/2454 2456/2456/2456
f 2458/2458/2458 2457/2457/2457 2459/2459/2459
f 2461/2461/2461 2460/2460/2460 2462/2462/2462
f 2464/2464/2464 2463/2463/2463 2465/2465/2465
f 2450/2450/2450 2467/2467/2467 2451/2451/2451
f 2452/2452/2452 2451/2451/2451 2467/2467/2467
f 2467/2467/2467 2468/2468/2468 2452/2452/2452
f 2450/2450/2450 2469/2469/2469 2467/2467/2467
f 2452/2452/2452 2449/2449/2449 2448/2448/2448
f 2444/2444/2444 2447/2447/2447 2445/2445/2445
f 2445/2445/2445 2449/2449/2449 2446/2446/2446
f 2450/2450/2450 2448/2448/2448 2447/2447/2447
f 2452/2452/2452 2465/2465/2465 2462/2462/2462
f 2447/2447/2447 2469/2469/2469 2450/2450/2450
f 2442/2442/2442 2441/2441/2441 2444/2444/2444
f 2469/2469/2469 2444/2444/2444 2441/2441/2441
f 2442/2442/2442 2446/2446/2446 2443/2443/2443
f 2447/2447/2447 2444/2444/2444 2469/2469/2469
f 2441/2441/2441 2439/2439/2439 2438/2438/2438
f 2439/2439/2439 2443/2443/2443 2440/2440/2440
f 2469/2469/2469 2441/2441/2441 2438/2438/2438
f 2446/2446/2446 2459/2459/2459 2456/2456/2456
f 2449/2449/2449 2462/2462/2462 2446/2446/2446
f 2462/2462/2462 2460/2460/2460 2459/2459/2459
f 2463/2463/2463 2462/2462/2462 2465/2465/2465
f 2464/2464/2464 2466/2466/2466 2468/2468/2468
f 2465/2465/2465 2468/2468/2468 2466/2466/2466
f 2464/2464/2464 2468/2468/2468 2470/2470/2470
f 2464/2464/2464 2461/2461/2461 2463/2463/2463
f 2454/2454/2454 2440/2440/2440 2456/2456/2456
f 2443/2443/2443 2456/2456/2456 2440/2440/2440
f 2455/2455/2455 2453/2453/2453 2454/2454/2454
f 2459/2459/2459 2457/2457/2457 2456/2456/2456
f 2470/2470/2470 2455/2455/2455 2458/2458/2458
f 2457/2457/2457 2458/2458/2458 2455/2455/2455
f 2461/2461/2461 2470/2470/2470 2458/2458/2458
f 2453/2453/2453 2455/2455/2455 2470/2470/2470
f 2470/2470/2470 2461/2461/2461 2464/2464/2464
f 2460/2460/2460 2461/2461/2461 2458/2458/2458
f 2471/2471/2471 2472/2472/2472 2474/2474/2474
f 2475/2475/2475 2476/2476/2476 2477/2477/2477
f 2479/2479/2479 2480/2480/2480 2481/2481/2481
f 2483/2483/2483 2484/2484/2484 2485/2485/2485
f 2487/2487/2487 2488/2488/2488 2489/2489/2489
f 2491/2491/2491 2492/2492/2492 2494/2494/2494
f 2495/2495/2495 2496/2496/2496 2498/2498/2498
f 2499/2499/2499 2500/2500/2500 2501/2501/2501
f 2499/2499/2499 2502/2502/2502 2503/2503/2503
f 2504/2504/2504 2500/2500/2500 2499/2499/2499
f 2499/2499/2499 2503/2503/2503 2504/2504/2504
f 2504/2504/2504 2503/2503/2503 2505/2505/2505
f 2506/2506/2506 2500/2500/2500 2504/2504/2504
f 2507/2507/2507 2508/2508/2508 2509/2509/2509
f 2511/2511/2511 2512/2512/2512 2513/2513/2513
f 2515/2515/2515 2516/2516/2516 2517/2517/2517
f 2519/2519/2519 2520/2520/2520 2521/2521/2521
f 2523/2523/2523 2524/2524/2524 2525/2525/2525
f 2527/2527/2527 2528/2528/2528 2529/2529/2529
f 2531/2531/2531 2532/2532/2532 2533/2533/2533
f 2535/2535/2535 2536/2536/2536 2537/2537/2537
f 2539/2539/2539 2540/2540/2540 2542/2542/2542
f 2543/2543/2543 2544/2544/2544 2546/2546/2546
f 2547/2547/2547 2548/2548/2548 2549/2549/2549
f 2551/2551/2551 2552/2552/2552 2553/2553/2553
f 2555/2555/2555 2556/2556/2556 2557/2557/2557
f 2559/2559/2559 2560/2560/2560 2561/2561/2561
f 2563/2563/2563 2564/2564/2564 2566/2566/2566
f 2567/2567/2567 2568/2568/2568 2569/2569/2569
f 2569/2569/2569 2571/2571/2571 2572/2572/2572
f 2572/2572/2572 2574/2574/2574 2575/2575/2575
f 2575/2575/2575 2577/2577/2577 2578/2578/2578
f 2578/2578/2578 2580/2580/2580 2581/2581/2581
f 2583/2583/2583 2567/2567/2567 2570/2570/2570
f 2585/2585/2585 2584/2584/2584 2586/2586/2586
f 2588/2588/2588 2587/2587/2587 2589/2589/2589
f 2591/2591/2591 2590/2590/2590 2592/2592/2592
f 2594/2594/2594 2593/2593/2593 2595/2595/2595
f 2580/2580/2580 2597/2597/2597 2581/2581/2581
f 2582/2582/2582 2581/2581/2581 2597/2597/2597
f 2597/2597/2597 2598/2598/2598 2582/2582/2582
f 2580/2580/2580 2599/2599/2599 2597/2597/2597
f 2582/2582/2582 2579/2579/2579 2578/2578/2578
f 2574/2574/2574 2577/2577/2577 2575/2575/2575
f 2575/2575/2575 2579/2579/2579 2576/2576/2576
f 2580/2580/2580 2578/2578/2578 2577/2577/2577
f 2582/2582/2582 2595/2595/2595 2592/2592/2592
f 2577/2577/2577 2599/2599/2599 2580/2580/2580
f 2572/2572/2572 2571/2571/2571 2574/2574/2574
f 2599/2599/2599 2574/2574/2574 2571/2571/2571
f 2572/2572/2572 2576/2576/2576 2573/2573/2573
f 2577/2577/2577 2574/2574/2574 2599/2599/2599
f 2571/2571/2571 2569/2569/2569 2568/2568/2568
f 2569/2569/2569 2573/2573/2573 2570/2570/2570
f 2599/2599/2599 2571/2571/2571 2568/2568/2568
f 2576/2576/2576 2589/2589/2589 2586/2586/2586
f 2579/2579/2579 2592/2592/2592 2576/2576/2576
f 2592/2592/2592 2590/2590/2590 2589/2589/2589
f 2593/2593/2593 2592/2592/2592 2595/2595/2595
f 2594/2594/2594 2596/2596/2596 2598/2598/2598
f 2595/2595/2595 2598/2598/2598 2596/2596/2596
f 2594/2594/2594 2598/2598/2598 2600/2600/2600
f 2594/2594/2594 2591/2591/2591 2593/2593/2593
f 2584/2584/2584 2570/2570/2570 2586/2586/2586
f 2573/2573/2573 2586/2586/2586 2570/2570/2570
f 2585/2585/2585 2583/2583/2583 2584/2584/2584
f 2589/2589/2589 2587/2587/2587 2586/2586/2586
f 2600/2600/2600 2585/2585/2585 2588/2588/2588
f 2587/2587/2587 2588/2588/2588 2585/2585/2585
f 2591/2591/2591 2600/2600/2600 2588/2588/2588
f 2583/2583/2583 2585/2585/2585 2600/2600/2600
f 2600/2600/2600 2591/2591/2591 2594/2594/2594
f 2590/2590/2590 2591/2591/2591 2588/2588/2588
f 2601/2601/2601 2602/2602/2602 2603/2603/2603
f 2603/2603/2603 2604/2604/2604 2601/2601/2601
f 2605/2605/2605 2606/2606/2606 2601/2601/2601
f 2607/2607/2607 2608/2608/2608 2606/2606/2606
f 2606/2606/2606 2605/2605/2605 2607/2607/2607
f 2609/2609/2609 2610/2610/2610 2611/2611/2611
f 2610/2610/2610 2609/2609/2609 2612/2612/2612
f 2609/2609/2609 2611/2611/2611 2613/2613/2613
f 2614/2614/2614 2613/2613/2613 2615/2615/2615
f 2614/2614/2614 2616/2616/2616 2609/2609/2609
f 2613/2613/2613 2614/2614/2614 2609/2609/2609
f 2617/2617/2617 2618/2618/2618 2619/2619/2619
f 2620/2620/2620 2621/2621/2621 2622/2622/2622
f 2623/2623/2623 2624/2624/2624 2625/2625/2625
f 2626/2626/2626 2627/2627/2627 2628/2628/2628
f 2629/2629/2629 2630/2630/2630 2631/2631/2631
f 2632/2632/2632 2633/2633/2633 2634/2634/2634
f 2635/2635/2635 2636/2636/2636 2637/2637/2637
f 2638/2638/2638 2639/2639/2639 2640/2640/2640
f 2641/2641/2641 2642/2642/2642 2643/2643/2643
f 2645/2645/2645 2646/2646/2646 2647/2647/2647
f 2649/2649/2649 2650/2650/2650 2651/2651/2651
f 2653/2653/2653 2654/2654/2654 2655/2655/2655
f 2657/2657/2657 2658/2658/2658 2659/2659/2659
f 2661/2661/2661 2662/2662/2662 2663/2663/2663
f 2665/2665/2665 2666/2666/2666 2667/2667/2667
f 2669/2669/2669 2670/2670/2670 2671/2671/2671
f 2673/2673/2673 2674/2674/2674 2675/2675/2675
f 2674/2674/2674 2676/2676/2676 2675/2675/2675
f 2677/2677/2677 2678/2678/2678 2674/2674/2674
f 2673/2673/2673 2679/2679/2679 2677/2677/2677
f 2673/2673/2673 2675/2675/2675 2680/2680/2680
f 2677/2677/2677 2674/2674/2674 2673/2673/2673
f 2681/2681/2681 2682/2682/2682 2683/2683/2683
f 2683/2683/2683 2682/2682/2682 2684/2684/2684
f 2685/2685/2685 2683/2683/2683 2686/2686/2686
f 2681/2681/2681 2685/2685/2685 2687/2687/2687
f 2681/2681/2681 2688/2688/2688 2682/2682/2682
f 2685/2685/2685 2681/2681/2681 2683/2683/2683
f 1/1/1 3/3/3 4/4/4
f 5/5/5 7/7/7 8/8/8
f 9/9/9 11/11/11 12/12/12
f 13/13/13 15/15/15 16/16/16
f 17/17/17 19/19/19 20/20/20
f 21/21/21 23/23/23 24/24/24
f 25/25/25 27/27/27 28/28/28
f 29/29/29 31/31/31 32/32/32
f 50/50/50 51/51/51 52/52/52
f 54/54/54 55/55/55 56/56/56
f 57/57/57 59/59/59 60/60/60
f 61/61/61 63/63/63 64/64/64
f 65/65/65 67/67/67 68/68/68
f 69/69/69 71/71/71 72/72/72
f 74/74/74 75/75/75 76/76/76
f 77/77/77 79/79/79 80/80/80
f 79/79/79 82/82/82 83/83/83
f 82/82/82 85/85/85 86/86/86
f 85/85/85 88/88/88 89/89/89
f 88/88/88 91/91/91 92/92/92
f 93/93/93 80/80/80 94/94/94
f 95/95/95 96/96/96 97/97/97
f 98/98/98 99/99/99 100/100/100
f 101/101/101 102/102/102 103/103/103
f 104/104/104 105/105/105 106/106/106
f 108/108/108 105/105/105 92/92/92
f 92/92/92 102/102/102 89/89/89
f 86/86/86 96/96/96 83/83/83
f 102/102/102 99/99/99 86/86/86
f 116/116/116 112/112/112 111/111/111
f 151/151/151 153/153/153 154/154/154
f 155/155/155 157/157/157 158/158/158
f 159/159/159 161/161/161 162/162/162
f 163/163/163 165/165/165 166/166/166
f 167/167/167 169/169/169 170/170/170
f 171/171/171 173/173/173 174/174/174
f 175/175/175 177/177/177 178/178/178
f 179/179/179 181/181/181 182/182/182
f 181/181/181 184/184/184 185/185/185
f 184/184/184 187/187/187 188/188/188
f 187/187/187 190/190/190 191/191/191
f 190/190/190 193/193/193 194/194/194
f 195/195/195 182/182/182 196/196/196
f 197/197/197 198/198/198 199/199/199
f 200/200/200 201/201/201 202/202/202
f 203/203/203 204/204/204 205/205/205
f 206/206/206 207/207/207 208/208/208
f 210/210/210 207/207/207 194/194/194
f 194/194/194 204/204/204 191/191/191
f 188/188/188 198/198/198 185/185/185
f 204/204/204 201/201/201 188/188/188
f 218/218/218 214/214/214 213/213/213
f 253/253/253 255/255/255 256/256/256
f 257/257/257 259/259/259 260/260/260
f 261/261/261 263/263/263 264/264/264
f 265/265/265 267/267/267 268/268/268
f 269/269/269 271/271/271 272/272/272
f 273/273/273 275/275/275 276/276/276
f 277/277/277 279/279/279 280/280/280
f 281/281/281 283/283/283 284/284/284
f 302/302/302 303/303/303 304/304/304
f 306/306/306 307/307/307 308/308/308
f 309/309/309 311/311/311 312/312/312
f 313/313/313 315/315/315 316/316/316
f 317/317/317 319/319/319 320/320/320
f 321/321/321 323/323/323 324/324/324
f 326/326/326 327/327/327 328/328/328
f 329/329/329 331/331/331 332/332/332
f 331/331/331 334/334/334 335/335/335
f 334/334/334 337/337/337 338/338/338
f 337/337/337 340/340/340 341/341/341
f 340/340/340 343/343/343 344/344/344
f 345/345/345 332/332/332 346/346/346
f 347/347/347 348/348/348 349/349/349
f 350/350/350 351/351/351 352/352/352
f 353/353/353 354/354/354 355/355/355
f 356/356/356 357/357/357 358/358/358
f 360/360/360 357/357/357 344/344/344
f 344/344/344 354/354/354 341/341/341
f 338/338/338 348/348/348 335/335/335
f 354/354/354 351/351/351 338/338/338
f 368/368/368 364/364/364 363/363/363
f 403/403/403 405/405/405 406/406/406
f 407/407/407 409/409/409 410/410/410
f 411/411/411 413/413/413 414/414/414
f 415/415/415 417/417/417 418/418/418
f 419/419/419 421/421/421 422/422/422
f 423/423/423 425/425/425 426/426/426
f 427/427/427 429/429/429 430/430/430
f 431/431/431 433/433/433 434/434/434
f 433/433/433 436/436/436 437/437/437
f 436/436/436 439/439/439 440/440/440
f 439/439/439 442/442/442 443/443/443
f 442/442/442 445/445/445 446/446/446
f 447/447/447 434/434/434 448/448/448
f 449/449/449 450/450/450 451/451/451
f 452/452/452 453/453/453 454/454/454
f 455/455/455 456/456/456 457/457/457
f 458/458/458 459/459/459 460/460/460
f 462/462/462 459/459/459 446/446/446
f 446/446/446 456/456/456 443/443/443
f 440/440/440 450/450/450 437/437/437
f 456/456/456 453/453/453 440/440/440
f 470/470/470 466/466/466 465/465/465
f 505/505/505 507/507/507 508/508/508
f 509/509/509 511/511/511 512/512/512
f 513/513/513 515/515/515 516/516/516
f 517/517/517 519/519/519 520/520/520
f 521/521/521 523/523/523 524/524/524
f 525/525/525 527/527/527 528/528/528
f 529/529/529 531/531/531 532/532/532
f 533/533/533 535/535/535 536/536/536
f 554/554/554 555/555/555 556/556/556
f 558/558/558 559/559/559 560/560/560
f 561/561/561 563/563/563 564/564/564
f 565/565/565 567/567/567 568/568/568
f 569/569/569 571/571/571 572/572/572
f 573/573/573 575/575/575 576/576/576
f 578/578/578 579/579/579 580/580/580
f 581/581/581 583/583/583 584/584/584
f 583/583/583 586/586/586 587/587/587
f 586/586/586 589/589/589 590/590/590
f 589/589/589 592/592/592 593/593/593
f 592/592/592 595/595/595 596/596/596
f 597/597/597 584/584/584 598/598/598
f 599/599/599 600/600/600 601/601/601
f 602/602/602 603/603/603 604/604/604
f 605/605/605 606/606/606 607/607/607
f 608/608/608 609/609/609 610/610/610
f 612/612/612 609/609/609 596/596/596
f 596/596/596 606/606/606 593/593/593
f 590/590/590 600/600/600 587/587/587
f 606/606/606 603/603/603 590/590/590
f 620/620/620 616/616/616 615/615/615
f 655/655/655 657/657/657 658/658/658
f 659/659/659 661/661/661 662/662/662
f 663/663/663 665/665/665 666/666/666
f 667/667/667 669/669/669 670/670/670
f 671/671/671 673/673/673 674/674/674
f 675/675/675 677/677/677 678/678/678
f 679/679/679 681/681/681 682/682/682
f 683/683/683 685/685/685 686/686/686
f 685/685/685 688/688/688 689/689/689
f 688/688/688 691/691/691 692/692/692
f 691/691/691 694/694/694 695/695/695
f 694/694/694 697/697/697 698/698/698
f 699/699/699 686/686/686 700/700/700
f 701/701/701 702/702/702 703/703/703
f 704/704/704 705/705/705 706/706/706
f 707/707/707 708/708/708 709/709/709
f 710/710/710 711/711/711 712/712/712
f 714/714/714 711/711/711 698/698/698
f 698/698/698 708/708/708 695/695/695
f 692/692/692 702/702/702 689/689/689
f 708/708/708 705/705/705 692/692/692
f 722/722/722 718/718/718 717/717/717
f 757/757/757 759/759/759 760/760/760
f 761/761/761 763/763/763 764/764/764
f 765/765/765 767/767/767 768/768/768
f 769/769/769 771/771/771 772/772/772
f 773/773/773 775/775/775 776/776/776
f 777/777/777 779/779/779 780/780/780
f 781/781/781 783/783/783 784/784/784
f 785/785/785 787/787/787 788/788/788
f 806/806/806 807/807/807 808/808/808
f 810/810/810 811/811/811 812/812/812
f 813/813/813 815/815/815 816/816/816
f 817/817/817 819/819/819 820/820/820
f 821/821/821 823/823/823 824/824/824
f 825/825/825 827/827/827 828/828/828
f 830/830/830 831/831/831 832/832/832
f 833/833/833 835/835/835 836/836/836
f 835/835/835 838/838/838 839/839/839
f 838/838/838 841/841/841 842/842/842
f 841/841/841 844/844/844 845/845/845
f 844/844/844 847/847/847 848/848/848
f 849/849/849 836/836/836 850/850/850
f 851/851/851 852/852/852 853/853/853
f 854/854/854 855/855/855 856/856/856
f 857/857/857 858/858/858 859/859/859
f 860/860/860 861/861/861 862/862/862
f 864/864/864 861/861/861 848/848/848
f 848/848/848 858/858/858 845/845/845
f 842/842/842 852/852/852 839/839/839
f 858/858/858 855/855/855 842/842/842
f 872/872/872 868/868/868 867/867/867
f 907/907/907 909/909/909 910/910/910
f 911/911/911 913/913/913 914/914/914
f 915/915/915 917/917/917 918/918/918
f 919/919/919 921/921/921 922/922/922
f 923/923/923 925/925/925 926/926/926
f 927/927/927 929/929/929 930/930/930
f 931/931/931 933/933/933 934/934/934
f 935/935/935 937/937/937 938/938/938
f 937/937/937 940/940/940 941/941/941
f 940/940/940 943/943/943 944/944/944
f 943/943/943 946/946/946 947/947/947
f 946/946/946 949/949/949 950/950/950
f 951/951/951 938/938/938 952/952/952
f 953/953/953 954/954/954 955/955/955
f 956/956/956 957/957/957 958/958/958
f 959/959/959 960/960/960 961/961/961
f 962/962/962 963/963/963 964/964/964
f 966/966/966 963/963/963 950/950/950
f 950/950/950 960/960/960 947/947/947
f 944/944/944 954/954/954 941/941/941
f 960/960/960 957/957/957 944/944/944
f 974/974/974 970/970/970 969/969/969
f 1009/1009/1009 1011/1011/1011 1012/1012/1012
f 1013/1013/1013 1015/1015/1015 1016/1016/1016
f 1017/1017/1017 1019/1019/1019 1020/1020/1020
f 1021/1021/1021 1023/1023/1023 1024/1024/1024
f 1025/1025/1025 1027/1027/1027 1028/1028/1028
f 1029/1029/1029 1031/1031/1031 1032/1032/1032
f 1033/1033/1033 1035/1035/1035 1036/1036/1036
f 1037/1037/1037 1039/1039/1039 1040/1040/1040
f 1058/1058/1058 1059/1059/1059 1060/1060/1060
f 1062/1062/1062 1063/1063/1063 1064/1064/1064
f 1065/1065/1065 1067/1067/1067 1068/1068/1068
f 1069/1069/1069 1071/1071/1071 1072/1072/1072
f 1073/1073/1073 1075/1075/1075 1076/1076/1076
f 1077/1077/1077 1079/1079/1079 1080/1080/1080
f 1082/1082/1082 1083/1083/1083 1084/1084/1084
f 1085/1085/1085 1087/1087/1087 1088/1088/1088
f 1087/1087/1087 1090/1090/1090 1091/1091/1091
f 1090/1090/1090 1093/1093/1093 1094/1094/1094
f 1093/1093/1093 1096/1096/1096 1097/1097/1097
f 1096/1096/1096 1099/1099/1099 1100/1100/1100
f 1101/1101/1101 1088/1088/1088 1102/1102/1102
f 1103/1103/1103 1104/1104/1104 1105/1105/1105
f 1106/1106/1106 1107/1107/1107 1108/1108/1108
f 1109/1109/1109 1110/1110/1110 1111/1111/1111
f 1112/1112/1112 1113/1113/1113 1114/1114/1114
f 1116/1116/1116 1113/1113/1113 1100/1100/1100
f 1100/1100/1100 1110/1110/1110 1097/1097/1097
f 1094/1094/1094 1104/1104/1104 1091/1091/1091
f 1110/1110/1110 1107/1107/1107 1094/1094/1094
f 1124/1124/1124 1120/1120/1120 1119/1119/1119
f 1159/1159/1159 1161/1161/1161 1162/1162/1162
f 1163/1163/1163 1165/1165/1165 1166/1166/1166
f 1167/1167/1167 1169/1169/1169 1170/1170/1170
f 1171/1171/1171 1173/1173/1173 1174/1174/1174
f 1175/1175/1175 1177/1177/1177 1178/1178/1178
f 1179/1179/1179 1181/1181/1181 1182/1182/1182
f 1183/1183/1183 1185/1185/1185 1186/1186/1186
f 1187/1187/1187 1189/1189/1189 1190/1190/1190
f 1189/1189/1189 1192/1192/1192 1193/1193/1193
f 1192/1192/1192 1195/1195/1195 1196/1196/1196
f 1195/1195/1195 1198/1198/1198 1199/1199/1199
f 1198/1198/1198 1201/1201/1201 1202/1202/1202
f 1203/1203/1203 1190/1190/1190 1204/1204/1204
f 1205/1205/1205 1206/1206/1206 1207/1207/1207
f 1208/1208/1208 1209/1209/1209 1210/1210/1210
f 1211/1211/1211 1212/1212/1212 1213/1213/1213
f 1214/1214/1214 1215/1215/1215 1216/1216/1216
f 1218/1218/1218 1215/1215/1215 1202/1202/1202
f 1202/1202/1202 1212/1212/1212 1199/1199/1199
f 1196/1196/1196 1206/1206/1206 1193/1193/1193
f 1212/1212/1212 1209/1209/1209 1196/1196/1196
f 1226/1226/1226 1222/1222/1222 1221/1221/1221
f 1261/1261/1261 1263/1263/1263 1264/1264/1264
f 1265/1265/1265 1267/1267/1267 1268/1268/1268
f 1269/1269/1269 1271/1271/1271 1272/1272/1272
f 1273/1273/1273 1275/1275/1275 1276/1276/1276
f 1277/1277/1277 1279/1279/1279 1280/1280/1280
f 1281/1281/1281 1283/1283/1283 1284/1284/1284
f 1285/1285/1285 1287/1287/1287 1288/1288/1288
f 1289/1289/1289 1291/1291/1291 1292/1292/1292
f 1310/1310/1310 1311/1311/1311 1312/1312/1312
f 1314/1314/1314 1315/1315/1315 1316/1316/1316
f 1317/1317/1317 1319/1319/1319 1320/1320/1320
f 1321/1321/1321 1323/1323/1323 1324/1324/1324
f 1325/1325/1325 1327/1327/1327 1328/1328/1328
f 1329/1329/1329 1331/1331/1331 1332/1332/1332
f 1334/1334/1334 1335/1335/1335 1336/1336/1336
f 1337/1337/1337 1339/1339/1339 1340/1340/1340
f 1339/1339/1339 1342/1342/1342 1343/1343/1343
f 1342/1342/1342 1345/1345/1345 1346/1346/1346
f 1345/1345/1345 1348/1348/1348 1349/1349/1349
f 1348/1348/1348 1351/1351/1351 1352/1352/1352
f 1353/1353/1353 1340/1340/1340 1354/1354/1354
f 1355/1355/1355 1356/1356/1356 1357/1357/1357
f 1358/1358/1358 1359/1359/1359 1360/1360/1360
f 1361/1361/1361 1362/1362/1362 1363/1363/1363
f 1364/1364/1364 1365/1365/1365 1366/1366/1366
f 1368/1368/1368 1365/1365/1365 1352/1352/1352
f 1352/1352/1352 1362/1362/1362 1349/1349/1349
f 1346/1346/1346 1356/1356/1356 1343/1343/1343
f 1362/1362/1362 1359/1359/1359 1346/1346/1346
f 1376/1376/1376 1372/1372/1372 1371/1371/1371
f 1411/1411/1411 1413/1413/1413 1414/1414/1414
f 1415/1415/1415 1417/1417/1417 1418/1418/1418
f 1419/1419/1419 1421/1421/1421 1422/1422/1422
f 1423/1423/1423 1425/1425/1425 1426/1426/1426
f 1427/1427/1427 1429/1429/1429 1430/1430/1430
f 1431/1431/1431 1433/1433/1433 1434/1434/1434
f 1435/1435/1435 1437/1437/1437 1438/1438/1438
f 1439/1439/1439 1441/1441/1441 1442/1442/1442
f 1441/1441/1441 1444/1444/1444 1445/1445/1445
f 1444/1444/1444 1447/1447/1447 1448/1448/1448
f 1447/1447/1447 1450/1450/1450 1451/1451/1451
f 1450/1450/1450 1453/1453/1453 1454/1454/1454
f 1455/1455/1455 1442/1442/1442 1456/1456/1456
f 1457/1457/1457 1458/1458/1458 1459/1459/1459
f 1460/1460/1460 1461/1461/1461 1462/1462/1462
f 1463/1463/1463 1464/1464/1464 1465/1465/1465
f 1466/1466/1466 1467/1467/1467 1468/1468/1468
f 1470/1470/1470 1467/1467/1467 1454/1454/1454
f 1454/1454/1454 1464/1464/1464 1451/1451/1451
f 1448/1448/1448 1458/1458/1458 1445/1445/1445
f 1464/1464/1464 1461/1461/1461 1448/1448/1448
f 1478/1478/1478 1474/1474/1474 1473/1473/1473
f 1558/1558/1558 1554/1554/1554 1553/1553/1553
f 1561/1561/1561 1563/1563/1563 1564/1564/1564
f 1563/1563/1563 1566/1566/1566 1567/1567/1567
f 1566/1566/1566 1569/1569/1569 1570/1570/1570
f 1569/1569/1569 1572/1572/1572 1573/1573/1573
f 1572/1572/1572 1575/1575/1575 1576/1576/1576
f 1577/1577/1577 1564/1564/1564 1578/1578/1578
f 1579/1579/1579 1580/1580/1580 1581/1581/1581
f 1582/1582/1582 1583/1583/1583 1584/1584/1584
f 1585/1585/1585 1586/1586/1586 1587/1587/1587
f 1588/1588/1588 1589/1589/1589 1590/1590/1590
f 1592/1592/1592 1589/1589/1589 1576/1576/1576
f 1576/1576/1576 1586/1586/1586 1573/1573/1573
f 1570/1570/1570 1580/1580/1580 1567/1567/1567
f 1586/1586/1586 1583/1583/1583 1570/1570/1570
f 1596/1596/1596 1597/1597/1597 1598/1598/1598
f 1599/1599/1599 1601/1601/1601 1602/1602/1602
f 1603/1603/1603 1605/1605/1605 1606/1606/1606
f 1607/1607/1607 1609/1609/1609 1610/1610/1610
f 1611/1611/1611 1613/1613/1613 1614/1614/1614
f 1616/1616/1616 1617/1617/1617 1618/1618/1618
f 1620/1620/1620 1621/1621/1621 1622/1622/1622
f 1631/1631/1631 1633/1633/1633 1634/1634/1634
f 1635/1635/1635 1637/1637/1637 1638/1638/1638
f 1639/1639/1639 1641/1641/1641 1642/1642/1642
f 1643/1643/1643 1645/1645/1645 1646/1646/1646
f 1647/1647/1647 1649/1649/1649 1650/1650/1650
f 1651/1651/1651 1653/1653/1653 1654/1654/1654
f 1655/1655/1655 1657/1657/1657 1658/1658/1658
f 1659/1659/1659 1661/1661/1661 1662/1662/1662
f 1664/1664/1664 1665/1665/1665 1666/1666/1666
f 1668/1668/1668 1669/1669/1669 1670/1670/1670
f 1671/1671/1671 1673/1673/1673 1674/1674/1674
f 1675/1675/1675 1677/1677/1677 1678/1678/1678
f 1679/1679/1679 1681/1681/1681 1682/1682/1682
f 1683/1683/1683 1685/1685/1685 1686/1686/1686
f 1688/1688/1688 1689/1689/1689 1690/1690/1690
f 1691/1691/1691 1693/1693/1693 1694/1694/1694
f 1693/1693/1693 1696/1696/1696 1697/1697/1697
f 1696/1696/1696 1699/1699/1699 1700/1700/1700
f 1699/1699/1699 1702/1702/1702 1703/1703/1703
f 1702/1702/1702 1705/1705/1705 1706/1706/1706
f 1707/1707/1707 1694/1694/1694 1708/1708/1708
f 1709/1709/1709 1710/1710/1710 1711/1711/1711
f 1712/1712/1712 1713/1713/1713 1714/1714/1714
f 1715/1715/1715 1716/1716/1716 1717/1717/1717
f 1718/1718/1718 1719/1719/1719 1720/1720/1720
f 1722/1722/1722 1719/1719/1719 1706/1706/1706
f 1706/1706/1706 1716/1716/1716 1703/1703/1703
f 1700/1700/1700 1710/1710/1710 1697/1697/1697
f 1716/1716/1716 1713/1713/1713 1700/1700/1700
f 1730/1730/1730 1726/1726/1726 1725/1725/1725
f 1765/1765/1765 1767/1767/1767 1768/1768/1768
f 1769/1769/1769 1771/1771/1771 1772/1772/1772
f 1773/1773/1773 1775/1775/1775 1776/1776/1776
f 1777/1777/1777 1779/1779/1779 1780/1780/1780
f 1781/1781/1781 1783/1783/1783 1784/1784/1784
f 1785/1785/1785 1787/1787/1787 1788/1788/1788
f 1789/1789/1789 1791/1791/1791 1792/1792/1792
f 1793/1793/1793 1795/1795/1795 1796/1796/1796
f 1850/1850/1850 1846/1846/1846 1845/1845/1845
f 1853/1853/1853 1855/1855/1855 1856/1856/1856
f 1855/1855/1855 1858/1858/1858 1859/1859/1859
f 1858/1858/1858 1861/1861/1861 1862/1862/1862
f 1861/1861/1861 1864/1864/1864 1865/1865/1865
f 1864/1864/1864 1867/1867/1867 1868/1868/1868
f 1869/1869/1869 1856/1856/1856 1870/1870/1870
f 1871/1871/1871 1872/1872/1872 1873/1873/1873
f 1874/1874/1874 1875/1875/1875 1876/1876/1876
f 1877/1877/1877 1878/1878/1878 1879/1879/1879
f 1880/1880/1880 1881/1881/1881 1882/1882/1882
f 1884/1884/1884 1881/1881/1881 1868/1868/1868
f 1868/1868/1868 1878/1878/1878 1865/1865/1865
f 1862/1862/1862 1872/1872/1872 1859/1859/1859
f 1878/1878/1878 1875/1875/1875 1862/1862/1862
f 1888/1888/1888 1889/1889/1889 1890/1890/1890
f 1891/1891/1891 1893/1893/1893 1894/1894/1894
f 1895/1895/1895 1897/1897/1897 1898/1898/1898
f 1899/1899/1899 1901/1901/1901 1902/1902/1902
f 1903/1903/1903 1905/1905/1905 1906/1906/1906
f 1908/1908/1908 1909/1909/1909 1910/1910/1910
f 1912/1912/1912 1913/1913/1913 1914/1914/1914
f 1923/1923/1923 1925/1925/1925 1926/1926/1926
f 1927/1927/1927 1929/1929/1929 1930/1930/1930
f 1931/1931/1931 1933/1933/1933 1934/1934/1934
f 1935/1935/1935 1937/1937/1937 1938/1938/1938
f 1939/1939/1939 1941/1941/1941 1942/1942/1942
f 1943/1943/1943 1945/1945/1945 1946/1946/1946
f 1947/1947/1947 1949/1949/1949 1950/1950/1950
f 1951/1951/1951 1953/1953/1953 1954/1954/1954
f 1956/1956/1956 1957/1957/1957 1958/1958/1958
f 1960/1960/1960 1961/1961/1961 1962/1962/1962
f 1963/1963/1963 1965/1965/1965 1966/1966/1966
f 1967/1967/1967 1969/1969/1969 1970/1970/1970
f 1971/1971/1971 1973/1973/1973 1974/1974/1974
f 1975/1975/1975 1977/1977/1977 1978/1978/1978
f 1980/1980/1980 1981/1981/1981 1982/1982/1982
f 1983/1983/1983 1985/1985/1985 1986/1986/1986
f 1985/1985/1985 1988/1988/1988 1989/1989/1989
f 1988/1988/1988 1991/1991/1991 1992/1992/1992
f 1991/1991/1991 1994/1994/1994 1995/1995/1995
f 1994/1994/1994 1997/1997/1997 1998/1998/1998
f 1999/1999/1999 1986/1986/1986 2000/2000/2000
f 2001/2001/2001 2002/2002/2002 2003/2003/2003
f 2004/2004/2004 2005/2005/2005 2006/2006/2006
f 2007/2007/2007 2008/2008/2008 2009/2009/2009
f 2010/2010/2010 2011/2011/2011 2012/2012/2012
f 2014/2014/2014 2011/2011/2011 1998/1998/1998
f 1998/1998/1998 2008/2008/2008 1995/1995/1995
f 1992/1992/1992 2002/2002/2002 1989/1989/1989
f 2008/2008/2008 2005/2005/2005 1992/1992/1992
f 2022/2022/2022 2018/2018/2018 2017/2017/2017
f 2057/2057/2057 2059/2059/2059 2060/2060/2060
f 2061/2061/2061 2063/2063/2063 2064/2064/2064
f 2065/2065/2065 2067/2067/2067 2068/2068/2068
f 2069/2069/2069 2071/2071/2071 2072/2072/2072
f 2073/2073/2073 2075/2075/2075 2076/2076/2076
f 2077/2077/2077 2079/2079/2079 2080/2080/2080
f 2081/2081/2081 2083/2083/2083 2084/2084/2084
f 2085/2085/2085 2087/2087/2087 2088/2088/2088
f 2142/2142/2142 2138/2138/2138 2137/2137/2137
f 2145/2145/2145 2147/2147/2147 2148/2148/2148
f 2147/2147/2147 2150/2150/2150 2151/2151/2151
f 2150/2150/2150 2153/2153/2153 2154/2154/2154
f 2153/2153/2153 2156/2156/2156 2157/2157/2157
f 2156/2156/2156 2159/2159/2159 2160/2160/2160
f 2161/2161/2161 2148/2148/2148 2162/2162/2162
f 2163/2163/2163 2164/2164/2164 2165/2165/2165
f 2166/2166/2166 2167/2167/2167 2168/2168/2168
f 2169/2169/2169 2170/2170/2170 2171/2171/2171
f 2172/2172/2172 2173/2173/2173 2174/2174/2174
f 2176/2176/2176 2173/2173/2173 2160/2160/2160
f 2160/2160/2160 2170/2170/2170 2157/2157/2157
f 2154/2154/2154 2164/2164/2164 2151/2151/2151
f 2170/2170/2170 2167/2167/2167 2154/2154/2154
f 2180/2180/2180 2181/2181/2181 2182/2182/2182
f 2183/2183/2183 2185/2185/2185 2186/2186/2186
f 2187/2187/2187 2189/2189/2189 2190/2190/2190
f 2191/2191/2191 2193/2193/2193 2194/2194/2194
f 2195/2195/2195 2197/2197/2197 2198/2198/2198
f 2200/2200/2200 2201/2201/2201 2202/2202/2202
f 2204/2204/2204 2205/2205/2205 2206/2206/2206
f 2215/2215/2215 2217/2217/2217 2218/2218/2218
f 2219/2219/2219 2221/2221/2221 2222/2222/2222
f 2223/2223/2223 2225/2225/2225 2226/2226/2226
f 2227/2227/2227 2229/2229/2229 2230/2230/2230
f 2231/2231/2231 2233/2233/2233 2234/2234/2234
f 2235/2235/2235 2237/2237/2237 2238/2238/2238
f 2239/2239/2239 2241/2241/2241 2242/2242/2242
f 2243/2243/2243 2245/2245/2245 2246/2246/2246
f 2248/2248/2248 2249/2249/2249 2250/2250/2250
f 2252/2252/2252 2253/2253/2253 2254/2254/2254
f 2255/2255/2255 2257/2257/2257 2258/2258/2258
f 2259/2259/2259 2261/2261/2261 2262/2262/2262
f 2263/2263/2263 2265/2265/2265 2266/2266/2266
f 2267/2267/2267 2269/2269/2269 2270/2270/2270
f 2272/2272/2272 2273/2273/2273 2274/2274/2274
f 2275/2275/2275 2277/2277/2277 2278/2278/2278
f 2277/2277/2277 2280/2280/2280 2281/2281/2281
f 2280/2280/2280 2283/2283/2283 2284/2284/2284
f 2283/2283/2283 2286/2286/2286 2287/2287/2287
f 2286/2286/2286 2289/2289/2289 2290/2290/2290
f 2291/2291/2291 2278/2278/2278 2292/2292/2292
f 2293/2293/2293 2294/2294/2294 2295/2295/2295
f 2296/2296/2296 2297/2297/2297 2298/2298/2298
f 2299/2299/2299 2300/2300/2300 2301/2301/2301
f 2302/2302/2302 2303/2303/2303 2304/2304/2304
f 2306/2306/2306 2303/2303/2303 2290/2290/2290
f 2290/2290/2290 2300/2300/2300 2287/2287/2287
f 2284/2284/2284 2294/2294/2294 2281/2281/2281
f 2300/2300/2300 2297/2297/2297 2284/2284/2284
f 2314/2314/2314 2310/2310/2310 2309/2309/2309
f 2349/2349/2349 2351/2351/2351 2352/2352/2352
f 2353/2353/2353 2355/2355/2355 2356/2356/2356
f 2357/2357/2357 2359/2359/2359 2360/2360/2360
f 2361/2361/2361 2363/2363/2363 2364/2364/2364
f 2365/2365/2365 2367/2367/2367 2368/2368/2368
f 2369/2369/2369 2371/2371/2371 2372/2372/2372
f 2373/2373/2373 2375/2375/2375 2376/2376/2376
f 2377/2377/2377 2379/2379/2379 2380/2380/2380
f 2434/2434/2434 2430/2430/2430 2429/2429/2429
f 2437/2437/2437 2439/2439/2439 2440/2440/2440
f 2439/2439/2439 2442/2442/2442 2443/2443/2443
f 2442/2442/2442 2445/2445/2445 2446/2446/2446
f 2445/2445/2445 2448/2448/2448 2449/2449/2449
f 2448/2448/2448 2451/2451/2451 2452/2452/2452
f 2453/2453/2453 2440/2440/2440 2454/2454/2454
f 2455/2455/2455 2456/2456/2456 2457/2457/2457
f 2458/2458/2458 2459/2459/2459 2460/2460/2460
f 2461/2461/2461 2462/2462/2462 2463/2463/2463
f 2464/2464/2464 2465/2465/2465 2466/2466/2466
f 2468/2468/2468 2465/2465/2465 2452/2452/2452
f 2452/2452/2452 2462/2462/2462 2449/2449/2449
f 2446/2446/2446 2456/2456/2456 2443/2443/2443
f 2462/2462/2462 2459/2459/2459 2446/2446/2446
f 2472/2472/2472 2473/2473/2473 2474/2474/2474
f 2475/2475/2475 2477/2477/2477 2478/2478/2478
f 2479/2479/2479 2481/2481/2481 2482/2482/2482
f 2483/2483/2483 2485/2485/2485 2486/2486/2486
f 2487/2487/2487 2489/2489/2489 2490/2490/2490
f 2492/2492/2492 2493/2493/2493 2494/2494/2494
f 2496/2496/2496 2497/2497/2497 2498/2498/2498
f 2507/2507/2507 2509/2509/2509 2510/2510/2510
f 2511/2511/2511 2513/2513/2513 2514/2514/2514
f 2515/2515/2515 2517/2517/2517 2518/2518/2518
f 2519/2519/2519 2521/2521/2521 2522/2522/2522
f 2523/2523/2523 2525/2525/2525 2526/2526/2526
f 2527/2527/2527 2529/2529/2529 2530/2530/2530
f 2531/2531/2531 2533/2533/2533 2534/2534/2534
f 2535/2535/2535 2537/2537/2537 2538/2538/2538
f 2540/2540/2540 2541/2541/2541 2542/2542/2542
f 2544/2544/2544 2545/2545/2545 2546/2546/2546
f 2547/2547/2547 2549/2549/2549 2550/2550/2550
f 2551/2551/2551 2553/2553/2553 2554/2554/2554
f 2555/2555/2555 2557/2557/2557 2558/2558/2558
f 2559/2559/2559 2561/2561/2561 2562/2562/2562
f 2564/2564/2564 2565/2565/2565 2566/2566/2566
f 2567/2567/2567 2569/2569/2569 2570/2570/2570
f 2569/2569/2569 2572/2572/2572 2573/2573/2573
f 2572/2572/2572 2575/2575/2575 2576/2576/2576
f 2575/2575/2575 2578/2578/2578 2579/2579/2579
f 2578/2578/2578 2581/2581/2581 2582/2582/2582
f 2583/2583/2583 2570/2570/2570 2584/2584/2584
f 2585/2585/2585 2586/2586/2586 2587/2587/2587
f 2588/2588/2588 2589/2589/2589 2590/2590/2590
f 2591/2591/2591 2592/2592/2592 2593/2593/2593
f 2594/2594/2594 2595/2595/2595 2596/2596/2596
f 2598/2598/2598 2595/2595/2595 2582/2582/2582
f 2582/2582/2582 2592/2592/2592 2579/2579/2579
f 2576/2576/2576 2586/2586/2586 2573/2573/2573
f 2592/2592/2592 2589/2589/2589 2576/2576/2576
f 2606/2606/2606 2602/2602/2602 2601/2601/2601
f 2641/2641/2641 2643/2643/2643 2644/2644/2644
f 2645/2645/2645 2647/2647/2647 2648/2648/2648
f 2649/2649/2649 2651/2651/2651 2652/2652/2652
f 2653/2653/2653 2655/2655/2655 2656/2656/2656
f 2657/2657/2657 2659/2659/2659 2660/2660/2660
f 2661/2661/2661 2663/2663/2663 2664/2664/2664
f 2665/2665/2665 2667/2667/2667 2668/2668/2668
f 2669/2669/2669 2671/2671/2671 2672/2672/2672

