g mesh_shear_sections0
v -5.134486 2.547619 5.093082
v -5.134486 2.547619 5.113082
v -5.034486 2.547619 5.143082
v -5.034486 2.547619 5.163082
v -5.034486 2.547619 5.143082
v -5.034486 3.547619 5.143082
v -5.134486 2.547619 5.093082
v -5.134486 3.547619 5.093082
v -5.034486 2.547619 5.163082
v -5.034486 3.547619 5.163082
v -5.034486 2.547619 5.143082
v -5.034486 3.547619 5.143082
v -5.134486 2.547619 5.113082
v -5.134486 3.547619 5.113082
v -5.034486 2.547619 5.163082
v -5.034486 3.547619 5.163082
v -5.134486 2.547619 5.093082
v -5.134486 3.547619 5.093082
v -5.134486 2.547619 5.113082
v -5.134486 3.547619 5.113082
v -5.134486 3.547619 5.093082
v -5.134486 3.547619 5.113082
v -5.034486 3.547619 5.143082
v -5.034486 3.547619 5.163082
v -4.934486 2.547619 5.093082
v -4.934486 2.547619 5.113082
v -4.834486 2.547619 5.143082
v -4.834486 2.547619 5.163082
v -4.834486 2.547619 5.143082
v -4.834486 3.547619 5.143082
v -4.934486 2.547619 5.093082
v -4.934486 3.547619 5.093082
v -4.834486 2.547619 5.163082
v -4.834486 3.547619 5.163082
v -4.834486 2.547619 5.143082
v -4.834486 3.547619 5.143082
v -4.934486 2.547619 5.113082
v -4.934486 3.547619 5.113082
v -4.834486 2.547619 5.163082
v -4.834486 3.547619 5.163082
v -4.934486 2.547619 5.093082
v -4.934486 3.547619 5.093082
v -4.934486 2.547619 5.113082
v -4.934486 3.547619 5.113082
v -4.934486 3.547619 5.093082
v -4.934486 3.547619 5.113082
v -4.834486 3.547619 5.143082
v -4.834486 3.547619 5.163082
v -4.734486 2.547619 5.093082
v -4.734486 2.547619 5.113082
v -4.634486 2.547619 5.143082
v -4.634486 2.547619 5.163082
v -4.634486 2.547619 5.143082
v -4.634486 3.547619 5.143082
v -4.734486 2.547619 5.093082
v -4.734486 3.547619 5.093082
v -4.634486 2.547619 5.163082
v -4.634486 3.547619 5.163082
v -4.634486 2.547619 5.143082
v -4.634486 3.547619 5.143082
v -4.734486 2.547619 5.113082
v -4.734486 3.547619 5.113082
v -4.634486 2.547619 5.163082
v -4.634486 3.547619 5.163082
v -4.734486 2.547619 5.093082
v -4.734486 3.547619 5.093082
v -4.734486 2.547619 5.113082
v -4.734486 3.547619 5.113082
v -4.734486 3.547619 5.093082
v -4.734486 3.547619 5.113082
v -4.634486 3.547619 5.143082
v -4.634486 3.547619 5.163082
v -4.534486 2.547619 5.093082
v -4.534486 2.547619 5.113082
v -4.434486 2.547619 5.143082
v -4.434486 2.547619 5.163082
v -4.434486 2.547619 5.143082
v -4.434486 3.547619 5.143082
v -4.534486 2.547619 5.093082
v -4.534486 3.547619 5.093082
v -4.434486 2.547619 5.163082
v -4.434486 3.547619 5.163082
v -4.434486 2.547619 5.143082
v -4.434486 3.547619 5.143082
v -4.534486 2.547619 5.113082
v -4.534486 3.547619 5.113082
v -4.434486 2.547619 5.163082
v -4.434486 3.547619 5.163082
v -4.534486 2.547619 5.093082
v -4.534486 3.547619 5.093082
v -4.534486 2.547619 5.113082
v -4.534486 3.547619 5.113082
v -4.534486 3.547619 5.093082
v -4.534486 3.547619 5.113082
v -4.434486 3.547619 5.143082
v -4.434486 3.547619 5.163082
v -4.334486 2.547619 5.093082
v -4.334486 2.547619 5.113082
v -4.234486 2.547619 5.143082
v -4.234486 2.547619 5.163082
v -4.234486 2.547619 5.143082
v -4.234486 3.547619 5.143082
v -4.334486 2.547619 5.093082
v -4.334486 3.547619 5.093082
v -4.234486 2.547619 5.163082
v -4.234486 3.547619 5.163082
v -4.234486 2.547619 5.143082
v -4.234486 3.547619 5.143082
v -4.334486 2.547619 5.113082
v -4.334486 3.547619 5.113082
v -4.234486 2.547619 5.163082
v -4.234486 3.547619 5.163082
v -4.334486 2.547619 5.093082
v -4.334486 3.547619 5.093082
v -4.334486 2.547619 5.113082
v -4.334486 3.547619 5.113082
v -4.334486 3.547619 5.093082
v -4.334486 3.547619 5.113082
v -4.234486 3.547619 5.143082
v -4.234486 3.547619 5.163082
v -4.134486 2.547619 5.093082
v -4.134486 2.547619 5.113082
v -4.034486 2.547619 5.143082
v -4.034486 2.547619 5.163082
v -4.034486 2.547619 5.143082
v -4.034486 3.547619 5.143082
v -4.134486 2.547619 5.093082
v -4.134486 3.547619 5.093082
v -4.034486 2.547619 5.163082
v -4.034486 3.547619 5.163082
v -4.034486 2.547619 5.143082
v -4.034486 3.547619 5.143082
v -4.134486 2.547619 5.113082
v -4.134486 3.547619 5.113082
v -4.034486 2.547619 5.163082
v -4.034486 3.547619 5.163082
v -4.134486 2.547619 5.093082
v -4.134486 3.547619 5.093082
v -4.134486 2.547619 5.113082
v -4.134486 3.547619 5.113082
v -4.134486 3.547619 5.093082
v -4.134486 3.547619 5.113082
v -4.034486 3.547619 5.143082
v -4.034486 3.547619 5.163082
v -5.034486 2.547619 5.143082
v -5.034486 2.547619 5.163082
v -4.934486 2.547619 5.093082
v -4.934486 2.547619 5.113082
v -4.934486 2.547619 5.093082
v -4.934486 3.547619 5.093082
v -5.034486 2.547619 5.143082
v -5.034486 3.547619 5.143082
v -4.934486 2.547619 5.113082
v -4.934486 3.547619 5.113082
v -4.934486 2.547619 5.093082
v -4.934486 3.547619 5.093082
v -5.034486 2.547619 5.163082
v -5.034486 3.547619 5.163082
v -4.934486 2.547619 5.113082
v -4.934486 3.547619 5.113082
v -5.034486 2.547619 5.143082
v -5.034486 3.547619 5.143082
v -5.034486 2.547619 5.163082
v -5.034486 3.547619 5.163082
v -5.034486 3.547619 5.143082
v -5.034486 3.547619 5.163082
v -4.934486 3.547619 5.093082
v -4.934486 3.547619 5.113082
v -4.834486 2.547619 5.143082
v -4.834486 2.547619 5.163082
v -4.734486 2.547619 5.093082
v -4.734486 2.547619 5.113082
v -4.734486 2.547619 5.093082
v -4.734486 3.547619 5.093082
v -4.834486 2.547619 5.143082
v -4.834486 3.547619 5.143082
v -4.734486 2.547619 5.113082
v -4.734486 3.547619 5.113082
v -4.734486 2.547619 5.093082
v -4.734486 3.547619 5.093082
v -4.834486 2.547619 5.163082
v -4.834486 3.547619 5.163082
v -4.734486 2.547619 5.113082
v -4.734486 3.547619 5.113082
v -4.834486 2.547619 5.143082
v -4.834486 3.547619 5.143082
v -4.834486 2.547619 5.163082
v -4.834486 3.547619 5.163082
v -4.834486 3.547619 5.143082
v -4.834486 3.547619 5.163082
v -4.734486 3.547619 5.093082
v -4.734486 3.547619 5.113082
v -4.634486 2.547619 5.143082
v -4.634486 2.547619 5.163082
v -4.534486 2.547619 5.093082
v -4.534486 2.547619 5.113082
v -4.534486 2.547619 5.093082
v -4.534486 3.547619 5.093082
v -4.634486 2.547619 5.143082
v -4.634486 3.547619 5.143082
v -4.534486 2.547619 5.113082
v -4.534486 3.547619 5.113082
v -4.534486 2.547619 5.093082
v -4.534486 3.547619 5.093082
v -4.634486 2.547619 5.163082
v -4.634486 3.547619 5.163082
v -4.534486 2.547619 5.113082
v -4.534486 3.547619 5.113082
v -4.634486 2.547619 5.143082
v -4.634486 3.547619 5.143082
v -4.634486 2.547619 5.163082
v -4.634486 3.547619 5.163082
v -4.634486 3.547619 5.143082
v -4.634486 3.547619 5.163082
v -4.534486 3.547619 5.093082
v -4.534486 3.547619 5.113082
v -4.434486 2.547619 5.143082
v -4.434486 2.547619 5.163082
v -4.334486 2.547619 5.093082
v -4.334486 2.547619 5.113082
v -4.334486 2.547619 5.093082
v -4.334486 3.547619 5.093082
v -4.434486 2.547619 5.143082
v -4.434486 3.547619 5.143082
v -4.334486 2.547619 5.113082
v -4.334486 3.547619 5.113082
v -4.334486 2.547619 5.093082
v -4.334486 3.547619 5.093082
v -4.434486 2.547619 5.163082
v -4.434486 3.547619 5.163082
v -4.334486 2.547619 5.113082
v -4.334486 3.547619 5.113082
v -4.434486 2.547619 5.143082
v -4.434486 3.547619 5.143082
v -4.434486 2.547619 5.163082
v -4.434486 3.547619 5.163082
v -4.434486 3.547619 5.143082
v -4.434486 3.547619 5.163082
v -4.334486 3.547619 5.093082
v -4.334486 3.547619 5.113082
v -4.234486 2.547619 5.143082
v -4.234486 2.547619 5.163082
v -4.134486 2.547619 5.093082
v -4.134486 2.547619 5.113082
v -4.134486 2.547619 5.093082
v -4.134486 3.547619 5.093082
v -4.234486 2.547619 5.143082
v -4.234486 3.547619 5.143082
v -4.134486 2.547619 5.113082
v -4.134486 3.547619 5.113082
v -4.134486 2.547619 5.093082
v -4.134486 3.547619 5.093082
v -4.234486 2.547619 5.163082
v -4.234486 3.547619 5.163082
v -4.134486 2.547619 5.113082
v -4.134486 3.547619 5.113082
v -4.234486 2.547619 5.143082
v -4.234486 3.547619 5.143082
v -4.234486 2.547619 5.163082
v -4.234486 3.547619 5.163082
v -4.234486 3.547619 5.143082
v -4.234486 3.547619 5.163082
v -4.134486 3.547619 5.093082
v -4.134486 3.547619 5.113082
v -4.034486 2.547619 5.143082
v -4.034486 2.547619 5.163082
v -3.934486 2.547619 5.093082
v -3.934486 2.547619 5.113082
v -3.934486 2.547619 5.093082
v -3.934486 3.547619 5.093082
v -4.034486 2.547619 5.143082
v -4.034486 3.547619 5.143082
v -3.934486 2.547619 5.113082
v -3.934486 3.547619 5.113082
v -3.934486 2.547619 5.093082
v -3.934486 3.547619 5.093082
v -4.034486 2.547619 5.163082
v -4.034486 3.547619 5.163082
v -3.934486 2.547619 5.113082
v -3.934486 3.547619 5.113082
v -4.034486 2.547619 5.143082
v -4.034486 3.547619 5.143082
v -4.034486 2.547619 5.163082
v -4.034486 3.547619 5.163082
v -4.034486 3.547619 5.143082
v -4.034486 3.547619 5.163082
v -3.934486 3.547619 5.093082
v -3.934486 3.547619 5.113082
v -3.797363 2.547619 -0.106699
v -3.817363 2.547619 -0.106699
v -3.847363 2.547619 -0.006699
v -3.867363 2.547619 -0.006699
v -3.847363 2.547619 -0.006699
v -3.847363 3.547619 -0.006699
v -3.797363 2.547619 -0.106699
v -3.797363 3.547619 -0.106699
v -3.834863 3.047619 -0.031699
v -3.834863 2.797619 -0.031699
v -3.841113 3.047619 -0.019199
v -3.841113 2.797619 -0.019199
v -3.809863 3.047619 -0.081699
v -3.803613 3.047619 -0.094199
v -3.809863 2.797619 -0.081699
v -3.803613 2.797619 -0.094199
v -3.809863 3.297619 -0.081699
v -3.803613 3.297619 -0.094199
v -3.834863 3.297619 -0.031699
v -3.841113 3.297619 -0.019199
v -3.867363 2.547619 -0.006699
v -3.867363 3.547619 -0.006699
v -3.847363 2.547619 -0.006699
v -3.847363 3.547619 -0.006699
v -3.817363 2.547619 -0.106699
v -3.817363 3.547619 -0.106699
v -3.867363 2.547619 -0.006699
v -3.867363 3.547619 -0.006699
v -3.829863 3.047619 -0.081699
v -3.829863 2.797619 -0.081699
v -3.823613 3.047619 -0.094199
v -3.823613 2.797619 -0.094199
v -3.854863 3.047619 -0.031699
v -3.861113 3.047619 -0.019199
v -3.854863 2.797619 -0.031699
v -3.861113 2.797619 -0.019199
v -3.854863 3.297619 -0.031699
v -3.861113 3.297619 -0.019199
v -3.829863 3.297619 -0.081699
v -3.823613 3.297619 -0.094199
v -3.797363 2.547619 -0.106699
v -3.797363 3.547619 -0.106699
v -3.817363 2.547619 -0.106699
v -3.817363 3.547619 -0.106699
v -3.797363 3.547619 -0.106699
v -3.817363 3.547619 -0.106699
v -3.847363 3.547619 -0.006699
v -3.867363 3.547619 -0.006699
v -3.797363 2.547619 0.093301
v -3.817363 2.547619 0.093301
v -3.847363 2.547619 0.193301
v -3.867363 2.547619 0.193301
v -3.847363 2.547619 0.193301
v -3.847363 3.547619 0.193301
v -3.797363 2.547619 0.093301
v -3.797363 3.547619 0.093301
v -3.867363 2.547619 0.193301
v -3.867363 3.547619 0.193301
v -3.847363 2.547619 0.193301
v -3.847363 3.547619 0.193301
v -3.817363 2.547619 0.093301
v -3.817363 3.547619 0.093301
v -3.867363 2.547619 0.193301
v -3.867363 3.547619 0.193301
v -3.797363 2.547619 0.093301
v -3.797363 3.547619 0.093301
v -3.817363 2.547619 0.093301
v -3.817363 3.547619 0.093301
v -3.797363 3.547619 0.093301
v -3.817363 3.547619 0.093301
v -3.847363 3.547619 0.193301
v -3.867363 3.547619 0.193301
v -3.797363 2.547619 0.293301
v -3.817363 2.547619 0.293301
v -3.847363 2.547619 0.393301
v -3.867363 2.547619 0.393301
v -3.847363 2.547619 0.393301
v -3.847363 3.547619 0.393301
v -3.797363 2.547619 0.293301
v -3.797363 3.547619 0.293301
v -3.867363 2.547619 0.393301
v -3.867363 3.547619 0.393301
v -3.847363 2.547619 0.393301
v -3.847363 3.547619 0.393301
v -3.817363 2.547619 0.293301
v -3.817363 3.547619 0.293301
v -3.867363 2.547619 0.393301
v -3.867363 3.547619 0.393301
v -3.797363 2.547619 0.293301
v -3.797363 3.547619 0.293301
v -3.817363 2.547619 0.293301
v -3.817363 3.547619 0.293301
v -3.797363 3.547619 0.293301
v -3.817363 3.547619 0.293301
v -3.847363 3.547619 0.393301
v -3.867363 3.547619 0.393301
v -3.797363 2.547619 0.493301
v -3.817363 2.547619 0.493301
v -3.847363 2.547619 0.593301
v -3.867363 2.547619 0.593301
v -3.847363 2.547619 0.593301
v -3.847363 3.547619 0.593301
v -3.797363 2.547619 0.493301
v -3.797363 3.547619 0.493301
v -3.834863 3.047619 0.568301
v -3.834863 2.797619 0.568301
v -3.841113 3.047619 0.580801
v -3.841113 2.797619 0.580801
v -3.809863 3.047619 0.518301
v -3.803613 3.047619 0.505801
v -3.809863 2.797619 0.518301
v -3.803613 2.797619 0.505801
v -3.809863 3.297619 0.518301
v -3.803613 3.297619 0.505801
v -3.834863 3.297619 0.568301
v -3.841113 3.297619 0.580801
v -3.867363 2.547619 0.593301
v -3.867363 3.547619 0.593301
v -3.847363 2.547619 0.593301
v -3.847363 3.547619 0.593301
v -3.817363 2.547619 0.493301
v -3.817363 3.547619 0.493301
v -3.867363 2.547619 0.593301
v -3.867363 3.547619 0.593301
v -3.829863 3.047619 0.518301
v -3.829863 2.797619 0.518301
v -3.823613 3.047619 0.505801
v -3.823613 2.797619 0.505801
v -3.854863 3.047619 0.568301
v -3.861113 3.047619 0.580801
v -3.854863 2.797619 0.568301
v -3.861113 2.797619 0.580801
v -3.854863 3.297619 0.568301
v -3.861113 3.297619 0.580801
v -3.829863 3.297619 0.518301
v -3.823613 3.297619 0.505801
v -3.797363 2.547619 0.493301
v -3.797363 3.547619 0.493301
v -3.817363 2.547619 0.493301
v -3.817363 3.547619 0.493301
v -3.797363 3.547619 0.493301
v -3.817363 3.547619 0.493301
v -3.847363 3.547619 0.593301
v -3.867363 3.547619 0.593301
v -3.797363 2.547619 0.693301
v -3.817363 2.547619 0.693301
v -3.847363 2.547619 0.793301
v -3.867363 2.547619 0.793301
v -3.847363 2.547619 0.793301
v -3.847363 3.547619 0.793301
v -3.797363 2.547619 0.693301
v -3.797363 3.547619 0.693301
v -3.834863 3.047619 0.768301
v -3.834863 2.797619 0.768301
v -3.841113 3.047619 0.780801
v -3.841113 2.797619 0.780801
v -3.809863 3.047619 0.718301
v -3.803613 3.047619 0.705801
v -3.809863 2.797619 0.718301
v -3.803613 2.797619 0.705801
v -3.809863 3.297619 0.718301
v -3.803613 3.297619 0.705801
v -3.834863 3.297619 0.768301
v -3.841113 3.297619 0.780801
v -3.867363 2.547619 0.793301
v -3.867363 3.547619 0.793301
v -3.847363 2.547619 0.793301
v -3.847363 3.547619 0.793301
v -3.817363 2.547619 0.693301
v -3.817363 3.547619 0.693301
v -3.867363 2.547619 0.793301
v -3.867363 3.547619 0.793301
v -3.829863 3.047619 0.718301
v -3.829863 2.797619 0.718301
v -3.823613 3.047619 0.705801
v -3.823613 2.797619 0.705801
v -3.854863 3.047619 0.768301
v -3.861113 3.047619 0.780801
v -3.854863 2.797619 0.768301
v -3.861113 2.797619 0.780801
v -3.854863 3.297619 0.768301
v -3.861113 3.297619 0.780801
v -3.829863 3.297619 0.718301
v -3.823613 3.297619 0.705801
v -3.797363 2.547619 0.693301
v -3.797363 3.547619 0.693301
v -3.817363 2.547619 0.693301
v -3.817363 3.547619 0.693301
v -3.797363 3.547619 0.693301
v -3.817363 3.547619 0.693301
v -3.847363 3.547619 0.793301
v -3.867363 3.547619 0.793301
v -3.797363 2.547619 0.893301
v -3.817363 2.547619 0.893301
v -3.847363 2.547619 0.993301
v -3.867363 2.547619 0.993301
v -3.847363 2.547619 0.993301
v -3.847363 3.547619 0.993301
v -3.797363 2.547619 0.893301
v -3.797363 3.547619 0.893301
v -3.867363 2.547619 0.993301
v -3.867363 3.547619 0.993301
v -3.847363 2.547619 0.993301
v -3.847363 3.547619 0.993301
v -3.817363 2.547619 0.893301
v -3.817363 3.547619 0.893301
v -3.867363 2.547619 0.993301
v -3.867363 3.547619 0.993301
v -3.797363 2.547619 0.893301
v -3.797363 3.547619 0.893301
v -3.817363 2.547619 0.893301
v -3.817363 3.547619 0.893301
v -3.797363 3.547619 0.893301
v -3.817363 3.547619 0.893301
v -3.847363 3.547619 0.993301
v -3.867363 3.547619 0.993301
v -3.847363 2.547619 -0.006699
v -3.867363 2.547619 -0.006699
v -3.797363 2.547619 0.093301
v -3.817363 2.547619 0.093301
v -3.797363 2.547619 0.093301
v -3.797363 3.547619 0.093301
v -3.847363 2.547619 -0.006699
v -3.847363 3.547619 -0.006699
v -3.809863 3.047619 0.068301
v -3.809863 2.797619 0.068301
v -3.803613 3.047619 0.080801
v -3.803613 2.797619 0.080801
v -3.834863 3.047619 0.018301
v -3.841113 3.047619 0.005801
v -3.834863 2.797619 0.018301
v -3.841113 2.797619 0.005801
v -3.834863 3.297619 0.018301
v -3.841113 3.297619 0.005801
v -3.809863 3.297619 0.068301
v -3.803613 3.297619 0.080801
v -3.817363 2.547619 0.093301
v -3.817363 3.547619 0.093301
v -3.797363 2.547619 0.093301
v -3.797363 3.547619 0.093301
v -3.867363 2.547619 -0.006699
v -3.867363 3.547619 -0.006699
v -3.817363 2.547619 0.093301
v -3.817363 3.547619 0.093301
v -3.854863 3.047619 0.018301
v -3.854863 2.797619 0.018301
v -3.861113 3.047619 0.005801
v -3.861113 2.797619 0.005801
v -3.829863 3.047619 0.068301
v -3.823613 3.047619 0.080801
v -3.829863 2.797619 0.068301
v -3.823613 2.797619 0.080801
v -3.829863 3.297619 0.068301
v -3.823613 3.297619 0.080801
v -3.854863 3.297619 0.018301
v -3.861113 3.297619 0.005801
v -3.847363 2.547619 -0.006699
v -3.847363 3.547619 -0.006699
v -3.867363 2.547619 -0.006699
v -3.867363 3.547619 -0.006699
v -3.847363 3.547619 -0.006699
v -3.867363 3.547619 -0.006699
v -3.797363 3.547619 0.093301
v -3.817363 3.547619 0.093301
v -3.847363 2.547619 0.193301
v -3.867363 2.547619 0.193301
v -3.797363 2.547619 0.293301
v -3.817363 2.547619 0.293301
v -3.797363 2.547619 0.293301
v -3.797363 3.547619 0.293301
v -3.847363 2.547619 0.193301
v -3.847363 3.547619 0.193301
v -3.817363 2.547619 0.293301
v -3.817363 3.547619 0.293301
v -3.797363 2.547619 0.293301
v -3.797363 3.547619 0.293301
v -3.867363 2.547619 0.193301
v -3.867363 3.547619 0.193301
v -3.817363 2.547619 0.293301
v -3.817363 3.547619 0.293301
v -3.847363 2.547619 0.193301
v -3.847363 3.547619 0.193301
v -3.867363 2.547619 0.193301
v -3.867363 3.547619 0.193301
v -3.847363 3.547619 0.193301
v -3.867363 3.547619 0.193301
v -3.797363 3.547619 0.293301
v -3.817363 3.547619 0.293301
v -3.847363 2.547619 0.393301
v -3.867363 2.547619 0.393301
v -3.797363 2.547619 0.493301
v -3.817363 2.547619 0.493301
v -3.797363 2.547619 0.493301
v -3.797363 3.547619 0.493301
v -3.847363 2.547619 0.393301
v -3.847363 3.547619 0.393301
v -3.809863 3.047619 0.468301
v -3.809863 2.797619 0.468301
v -3.803613 3.047619 0.480801
v -3.803613 2.797619 0.480801
v -3.834863 3.047619 0.418301
v -3.841113 3.047619 0.405801
v -3.834863 2.797619 0.418301
v -3.841113 2.797619 0.405801
v -3.834863 3.297619 0.418301
v -3.841113 3.297619 0.405801
v -3.809863 3.297619 0.468301
v -3.803613 3.297619 0.480801
v -3.817363 2.547619 0.493301
v -3.817363 3.547619 0.493301
v -3.797363 2.547619 0.493301
v -3.797363 3.547619 0.493301
v -3.867363 2.547619 0.393301
v -3.867363 3.547619 0.393301
v -3.817363 2.547619 0.493301
v -3.817363 3.547619 0.493301
v -3.854863 3.047619 0.418301
v -3.854863 2.797619 0.418301
v -3.861113 3.047619 0.405801
v -3.861113 2.797619 0.405801
v -3.829863 3.047619 0.468301
v -3.823613 3.047619 0.480801
v -3.829863 2.797619 0.468301
v -3.823613 2.797619 0.480801
v -3.829863 3.297619 0.468301
v -3.823613 3.297619 0.480801
v -3.854863 3.297619 0.418301
v -3.861113 3.297619 0.405801
v -3.847363 2.547619 0.393301
v -3.847363 3.547619 0.393301
v -3.867363 2.547619 0.393301
v -3.867363 3.547619 0.393301
v -3.847363 3.547619 0.393301
v -3.867363 3.547619 0.393301
v -3.797363 3.547619 0.493301
v -3.817363 3.547619 0.493301
v -3.847363 2.547619 0.593301
v -3.867363 2.547619 0.593301
v -3.797363 2.547619 0.693301
v -3.817363 2.547619 0.693301
v -3.797363 2.547619 0.693301
v -3.797363 3.547619 0.693301
v -3.847363 2.547619 0.593301
v -3.847363 3.547619 0.593301
v -3.817363 2.547619 0.693301
v -3.817363 3.547619 0.693301
v -3.797363 2.547619 0.693301
v -3.797363 3.547619 0.693301
v -3.867363 2.547619 0.593301
v -3.867363 3.547619 0.593301
v -3.817363 2.547619 0.693301
v -3.817363 3.547619 0.693301
v -3.847363 2.547619 0.593301
v -3.847363 3.547619 0.593301
v -3.867363 2.547619 0.593301
v -3.867363 3.547619 0.593301
v -3.847363 3.547619 0.593301
v -3.867363 3.547619 0.593301
v -3.797363 3.547619 0.693301
v -3.817363 3.547619 0.693301
v -3.847363 2.547619 0.793301
v -3.867363 2.547619 0.793301
v -3.797363 2.547619 0.893301
v -3.817363 2.547619 0.893301
v -3.797363 2.547619 0.893301
v -3.797363 3.547619 0.893301
v -3.847363 2.547619 0.793301
v -3.847363 3.547619 0.793301
v -3.817363 2.547619 0.893301
v -3.817363 3.547619 0.893301
v -3.797363 2.547619 0.893301
v -3.797363 3.547619 0.893301
v -3.867363 2.547619 0.793301
v -3.867363 3.547619 0.793301
v -3.817363 2.547619 0.893301
v -3.817363 3.547619 0.893301
v -3.847363 2.547619 0.793301
v -3.847363 3.547619 0.793301
v -3.867363 2.547619 0.793301
v -3.867363 3.547619 0.793301
v -3.847363 3.547619 0.793301
v -3.867363 3.547619 0.793301
v -3.797363 3.547619 0.893301
v -3.817363 3.547619 0.893301
v -3.847363 2.547619 0.993301
v -3.867363 2.547619 0.993301
v -3.797363 2.547619 1.093301
v -3.817363 2.547619 1.093301
v -3.797363 2.547619 1.093301
v -3.797363 3.547619 1.093301
v -3.847363 2.547619 0.993301
v -3.847363 3.547619 0.993301
v -3.817363 2.547619 1.093301
v -3.817363 3.547619 1.093301
v -3.797363 2.547619 1.093301
v -3.797363 3.547619 1.093301
v -3.867363 2.547619 0.993301
v -3.867363 3.547619 0.993301
v -3.817363 2.547619 1.093301
v -3.817363 3.547619 1.093301
v -3.847363 2.547619 0.993301
v -3.847363 3.547619 0.993301
v -3.867363 2.547619 0.993301
v -3.867363 3.547619 0.993301
v -3.847363 3.547619 0.993301
v -3.867363 3.547619 0.993301
v -3.797363 3.547619 1.093301
v -3.817363 3.547619 1.093301
v -4.034486 2.547619 1.177918
v -4.034486 2.547619 1.197918
v -3.934486 2.547619 1.127918
v -3.934486 2.547619 1.147918
v -3.934486 2.547619 1.127918
v -3.934486 3.547619 1.127918
v -4.034486 2.547619 1.177918
v -4.034486 3.547619 1.177918
v -3.934486 2.547619 1.147918
v -3.934486 3.547619 1.147918
v -3.934486 2.547619 1.127918
v -3.934486 3.547619 1.127918
v -4.034486 2.547619 1.197918
v -4.034486 3.547619 1.197918
v -3.934486 2.547619 1.147918
v -3.934486 3.547619 1.147918
v -4.034486 2.547619 1.177918
v -4.034486 3.547619 1.177918
v -4.034486 2.547619 1.197918
v -4.034486 3.547619 1.197918
v -4.034486 3.547619 1.177918
v -4.034486 3.547619 1.197918
v -3.934486 3.547619 1.127918
v -3.934486 3.547619 1.147918
v -4.234486 2.547619 1.177918
v -4.234486 2.547619 1.197918
v -4.134486 2.547619 1.127918
v -4.134486 2.547619 1.147918
v -4.134486 2.547619 1.127918
v -4.134486 3.547619 1.127918
v -4.234486 2.547619 1.177918
v -4.234486 3.547619 1.177918
v -4.134486 2.547619 1.147918
v -4.134486 3.547619 1.147918
v -4.134486 2.547619 1.127918
v -4.134486 3.547619 1.127918
v -4.234486 2.547619 1.197918
v -4.234486 3.547619 1.197918
v -4.134486 2.547619 1.147918
v -4.134486 3.547619 1.147918
v -4.234486 2.547619 1.177918
v -4.234486 3.547619 1.177918
v -4.234486 2.547619 1.197918
v -4.234486 3.547619 1.197918
v -4.234486 3.547619 1.177918
v -4.234486 3.547619 1.197918
v -4.134486 3.547619 1.127918
v -4.134486 3.547619 1.147918
v -4.434486 2.547619 1.177918
v -4.434486 2.547619 1.197918
v -4.334486 2.547619 1.127918
v -4.334486 2.547619 1.147918
v -4.334486 2.547619 1.127918
v -4.334486 3.547619 1.127918
v -4.434486 2.547619 1.177918
v -4.434486 3.547619 1.177918
v -4.334486 2.547619 1.147918
v -4.334486 3.547619 1.147918
v -4.334486 2.547619 1.127918
v -4.334486 3.547619 1.127918
v -4.434486 2.547619 1.197918
v -4.434486 3.547619 1.197918
v -4.334486 2.547619 1.147918
v -4.334486 3.547619 1.147918
v -4.434486 2.547619 1.177918
v -4.434486 3.547619 1.177918
v -4.434486 2.547619 1.197918
v -4.434486 3.547619 1.197918
v -4.434486 3.547619 1.177918
v -4.434486 3.547619 1.197918
v -4.334486 3.547619 1.127918
v -4.334486 3.547619 1.147918
v -4.634486 2.547619 1.177918
v -4.634486 2.547619 1.197918
v -4.534486 2.547619 1.127918
v -4.534486 2.547619 1.147918
v -4.534486 2.547619 1.127918
v -4.534486 3.547619 1.127918
v -4.634486 2.547619 1.177918
v -4.634486 3.547619 1.177918
v -4.534486 2.547619 1.147918
v -4.534486 3.547619 1.147918
v -4.534486 2.547619 1.127918
v -4.534486 3.547619 1.127918
v -4.634486 2.547619 1.197918
v -4.634486 3.547619 1.197918
v -4.534486 2.547619 1.147918
v -4.534486 3.547619 1.147918
v -4.634486 2.547619 1.177918
v -4.634486 3.547619 1.177918
v -4.634486 2.547619 1.197918
v -4.634486 3.547619 1.197918
v -4.634486 3.547619 1.177918
v -4.634486 3.547619 1.197918
v -4.534486 3.547619 1.127918
v -4.534486 3.547619 1.147918
v -4.834486 2.547619 1.177918
v -4.834486 2.547619 1.197918
v -4.734486 2.547619 1.127918
v -4.734486 2.547619 1.147918
v -4.734486 2.547619 1.127918
v -4.734486 3.547619 1.127918
v -4.834486 2.547619 1.177918
v -4.834486 3.547619 1.177918
v -4.734486 2.547619 1.147918
v -4.734486 3.547619 1.147918
v -4.734486 2.547619 1.127918
v -4.734486 3.547619 1.127918
v -4.834486 2.547619 1.197918
v -4.834486 3.547619 1.197918
v -4.734486 2.547619 1.147918
v -4.734486 3.547619 1.147918
v -4.834486 2.547619 1.177918
v -4.834486 3.547619 1.177918
v -4.834486 2.547619 1.197918
v -4.834486 3.547619 1.197918
v -4.834486 3.547619 1.177918
v -4.834486 3.547619 1.197918
v -4.734486 3.547619 1.127918
v -4.734486 3.547619 1.147918
v -5.034486 2.547619 1.177918
v -5.034486 2.547619 1.197918
v -4.934486 2.547619 1.127918
v -4.934486 2.547619 1.147918
v -4.934486 2.547619 1.127918
v -4.934486 3.547619 1.127918
v -5.034486 2.547619 1.177918
v -5.034486 3.547619 1.177918
v -4.934486 2.547619 1.147918
v -4.934486 3.547619 1.147918
v -4.934486 2.547619 1.127918
v -4.934486 3.547619 1.127918
v -5.034486 2.547619 1.197918
v -5.034486 3.547619 1.197918
v -4.934486 2.547619 1.147918
v -4.934486 3.547619 1.147918
v -5.034486 2.547619 1.177918
v -5.034486 3.547619 1.177918
v -5.034486 2.547619 1.197918
v -5.034486 3.547619 1.197918
v -5.034486 3.547619 1.177918
v -5.034486 3.547619 1.197918
v -4.934486 3.547619 1.127918
v -4.934486 3.547619 1.147918
v -4.134486 2.547619 1.127918
v -4.134486 2.547619 1.147918
v -4.034486 2.547619 1.177918
v -4.034486 2.547619 1.197918
v -4.034486 2.547619 1.177918
v -4.034486 3.547619 1.177918
v -4.134486 2.547619 1.127918
v -4.134486 3.547619 1.127918
v -4.034486 2.547619 1.197918
v -4.034486 3.547619 1.197918
v -4.034486 2.547619 1.177918
v -4.034486 3.547619 1.177918
v -4.134486 2.547619 1.147918
v -4.134486 3.547619 1.147918
v -4.034486 2.547619 1.197918
v -4.034486 3.547619 1.197918
v -4.134486 2.547619 1.127918
v -4.134486 3.547619 1.127918
v -4.134486 2.547619 1.147918
v -4.134486 3.547619 1.147918
v -4.134486 3.547619 1.127918
v -4.134486 3.547619 1.147918
v -4.034486 3.547619 1.177918
v -4.034486 3.547619 1.197918
v -4.334486 2.547619 1.127918
v -4.334486 2.547619 1.147918
v -4.234486 2.547619 1.177918
v -4.234486 2.547619 1.197918
v -4.234486 2.547619 1.177918
v -4.234486 3.547619 1.177918
v -4.334486 2.547619 1.127918
v -4.334486 3.547619 1.127918
v -4.234486 2.547619 1.197918
v -4.234486 3.547619 1.197918
v -4.234486 2.547619 1.177918
v -4.234486 3.547619 1.177918
v -4.334486 2.547619 1.147918
v -4.334486 3.547619 1.147918
v -4.234486 2.547619 1.197918
v -4.234486 3.547619 1.197918
v -4.334486 2.547619 1.127918
v -4.334486 3.547619 1.127918
v -4.334486 2.547619 1.147918
v -4.334486 3.547619 1.147918
v -4.334486 3.547619 1.127918
v -4.334486 3.547619 1.147918
v -4.234486 3.547619 1.177918
v -4.234486 3.547619 1.197918
v -4.534486 2.547619 1.127918
v -4.534486 2.547619 1.147918
v -4.434486 2.547619 1.177918
v -4.434486 2.547619 1.197918
v -4.434486 2.547619 1.177918
v -4.434486 3.547619 1.177918
v -4.534486 2.547619 1.127918
v -4.534486 3.547619 1.127918
v -4.434486 2.547619 1.197918
v -4.434486 3.547619 1.197918
v -4.434486 2.547619 1.177918
v -4.434486 3.547619 1.177918
v -4.534486 2.547619 1.147918
v -4.534486 3.547619 1.147918
v -4.434486 2.547619 1.197918
v -4.434486 3.547619 1.197918
v -4.534486 2.547619 1.127918
v -4.534486 3.547619 1.127918
v -4.534486 2.547619 1.147918
v -4.534486 3.547619 1.147918
v -4.534486 3.547619 1.127918
v -4.534486 3.547619 1.147918
v -4.434486 3.547619 1.177918
v -4.434486 3.547619 1.197918
v -4.734486 2.547619 1.127918
v -4.734486 2.547619 1.147918
v -4.634486 2.547619 1.177918
v -4.634486 2.547619 1.197918
v -4.634486 2.547619 1.177918
v -4.634486 3.547619 1.177918
v -4.734486 2.547619 1.127918
v -4.734486 3.547619 1.127918
v -4.634486 2.547619 1.197918
v -4.634486 3.547619 1.197918
v -4.634486 2.547619 1.177918
v -4.634486 3.547619 1.177918
v -4.734486 2.547619 1.147918
v -4.734486 3.547619 1.147918
v -4.634486 2.547619 1.197918
v -4.634486 3.547619 1.197918
v -4.734486 2.547619 1.127918
v -4.734486 3.547619 1.127918
v -4.734486 2.547619 1.147918
v -4.734486 3.547619 1.147918
v -4.734486 3.547619 1.127918
v -4.734486 3.547619 1.147918
v -4.634486 3.547619 1.177918
v -4.634486 3.547619 1.197918
v -4.934486 2.547619 1.127918
v -4.934486 2.547619 1.147918
v -4.834486 2.547619 1.177918
v -4.834486 2.547619 1.197918
v -4.834486 2.547619 1.177918
v -4.834486 3.547619 1.177918
v -4.934486 2.547619 1.127918
v -4.934486 3.547619 1.127918
v -4.834486 2.547619 1.197918
v -4.834486 3.547619 1.197918
v -4.834486 2.547619 1.177918
v -4.834486 3.547619 1.177918
v -4.934486 2.547619 1.147918
v -4.934486 3.547619 1.147918
v -4.834486 2.547619 1.197918
v -4.834486 3.547619 1.197918
v -4.934486 2.547619 1.127918
v -4.934486 3.547619 1.127918
v -4.934486 2.547619 1.147918
v -4.934486 3.547619 1.147918
v -4.934486 3.547619 1.127918
v -4.934486 3.547619 1.147918
v -4.834486 3.547619 1.177918
v -4.834486 3.547619 1.197918
v -5.134486 2.547619 1.127918
v -5.134486 2.547619 1.147918
v -5.034486 2.547619 1.177918
v -5.034486 2.547619 1.197918
v -5.034486 2.547619 1.177918
v -5.034486 3.547619 1.177918
v -5.134486 2.547619 1.127918
v -5.134486 3.547619 1.127918
v -5.034486 2.547619 1.197918
v -5.034486 3.547619 1.197918
v -5.034486 2.547619 1.177918
v -5.034486 3.547619 1.177918
v -5.134486 2.547619 1.147918
v -5.134486 3.547619 1.147918
v -5.034486 2.547619 1.197918
v -5.034486 3.547619 1.197918
v -5.134486 2.547619 1.127918
v -5.134486 3.547619 1.127918
v -5.134486 2.547619 1.147918
v -5.134486 3.547619 1.147918
v -5.134486 3.547619 1.127918
v -5.134486 3.547619 1.147918
v -5.034486 3.547619 1.177918
v -5.034486 3.547619 1.197918
v -5.317403 3.555703 5.181482
v -5.330042 3.555703 5.205230
v -5.347743 3.555703 5.225297
v -5.368944 3.555703 5.237093
v -5.393393 3.555703 5.240747
v -5.421939 3.555703 5.235802
v -5.445113 3.555703 5.218873
v -5.455253 3.555703 5.202284
v -5.458798 3.555703 5.183948
v -5.452826 3.555703 5.159539
v -5.438635 3.555703 5.138613
v -5.420273 3.555703 5.120732
v -5.442078 3.555703 5.109134
v -5.459503 3.555703 5.091803
v -5.469579 3.555703 5.070929
v -5.472768 3.555703 5.047637
v -5.466952 3.555703 5.013684
v -5.449558 3.555703 4.984627
v -5.410492 3.555703 4.957794
v -5.361998 3.555703 4.949917
v -5.341914 3.555703 4.951079
v -5.323403 3.555703 4.956973
v -5.318433 3.555703 4.961011
v -5.314679 3.555703 4.966019
v -5.313173 3.555703 4.972073
v -5.314452 3.555703 4.977830
v -5.318038 3.555703 4.982583
v -5.323458 3.555703 4.986039
v -5.329753 3.555703 4.987167
v -5.335068 3.555703 4.986732
v -5.340333 3.555703 4.985477
v -5.356283 3.555703 4.977858
v -5.373498 3.555703 4.970023
v -5.389868 3.555703 4.967698
v -5.409972 3.555703 4.971937
v -5.426623 3.555703 4.984063
v -5.438403 3.555703 5.001964
v -5.442288 3.555703 5.022727
v -5.435023 3.555703 5.054553
v -5.429923 3.555703 5.063923
v -5.423238 3.555703 5.072117
v -5.398758 3.555703 5.087148
v -5.367008 3.555703 5.093847
v -5.360373 3.555703 5.093847
v -5.360373 3.555703 5.100197
v -5.393183 3.555703 5.111982
v -5.406723 3.555703 5.122069
v -5.417028 3.555703 5.135337
v -5.424508 3.555703 5.165322
v -5.421402 3.555703 5.183939
v -5.411173 3.555703 5.199683
v -5.395868 3.555703 5.209631
v -5.377873 3.555703 5.212808
v -5.356595 3.555703 5.208505
v -5.338022 3.555703 5.195708
v -5.324248 3.555703 5.178163
v -5.347743 3.555703 5.225297
v -5.347743 3.535703 5.225297
v -5.330042 3.555703 5.205230
v -5.330042 3.535703 5.205230
v -5.317403 3.555703 5.181482
v -5.317403 3.535703 5.181482
v -5.347743 3.545703 5.225297
v -5.393393 3.555703 5.240747
v -5.393393 3.535703 5.240747
v -5.368944 3.555703 5.237093
v -5.368944 3.535703 5.237093
v -5.347743 3.555703 5.225297
v -5.347743 3.535703 5.225297
v -5.347743 3.545703 5.225297
v -5.393393 3.545703 5.240747
v -5.445113 3.555703 5.218873
v -5.445113 3.535703 5.218873
v -5.421939 3.555703 5.235802
v -5.421939 3.535703 5.235802
v -5.393393 3.555703 5.240747
v -5.393393 3.535703 5.240747
v -5.393393 3.545703 5.240747
v -5.445113 3.545703 5.218873
v -5.458798 3.555703 5.183948
v -5.458798 3.535703 5.183948
v -5.455253 3.555703 5.202284
v -5.455253 3.535703 5.202284
v -5.445113 3.555703 5.218873
v -5.445113 3.535703 5.218873
v -5.445113 3.545703 5.218873
v -5.458798 3.545703 5.183948
v -5.420273 3.555703 5.120732
v -5.420273 3.535703 5.120732
v -5.438635 3.555703 5.138613
v -5.438635 3.535703 5.138613
v -5.452826 3.555703 5.159539
v -5.452826 3.535703 5.159539
v -5.458798 3.555703 5.183948
v -5.458798 3.535703 5.183948
v -5.458798 3.545703 5.183948
v -5.420273 3.545703 5.120732
v -5.459503 3.555703 5.091803
v -5.459503 3.535703 5.091803
v -5.442078 3.555703 5.109134
v -5.442078 3.535703 5.109134
v -5.420273 3.555703 5.120732
v -5.420273 3.535703 5.120732
v -5.420273 3.545703 5.120732
v -5.459503 3.545703 5.091803
v -5.472768 3.555703 5.047637
v -5.472768 3.535703 5.047637
v -5.469579 3.555703 5.070929
v -5.469579 3.535703 5.070929
v -5.459503 3.555703 5.091803
v -5.459503 3.535703 5.091803
v -5.459503 3.545703 5.091803
v -5.472768 3.545703 5.047637
v -5.449558 3.555703 4.984627
v -5.449558 3.535703 4.984627
v -5.466952 3.555703 5.013684
v -5.466952 3.535703 5.013684
v -5.472768 3.555703 5.047637
v -5.472768 3.535703 5.047637
v -5.472768 3.545703 5.047637
v -5.361998 3.555703 4.949917
v -5.361998 3.535703 4.949917
v -5.410492 3.555703 4.957794
v -5.410492 3.535703 4.957794
v -5.449558 3.555703 4.984627
v -5.449558 3.535703 4.984627
v -5.361998 3.545703 4.949917
v -5.323403 3.555703 4.956973
v -5.323403 3.535703 4.956973
v -5.341914 3.555703 4.951079
v -5.341914 3.535703 4.951079
v -5.361998 3.555703 4.949917
v -5.361998 3.535703 4.949917
v -5.361998 3.545703 4.949917
v -5.323403 3.545703 4.956973
v -5.313173 3.555703 4.972073
v -5.313173 3.535703 4.972073
v -5.314679 3.555703 4.966019
v -5.314679 3.535703 4.966019
v -5.318433 3.555703 4.961011
v -5.318433 3.535703 4.961011
v -5.323403 3.555703 4.956973
v -5.323403 3.535703 4.956973
v -5.323403 3.545703 4.956973
v -5.313173 3.545703 4.972073
v -5.318038 3.555703 4.982583
v -5.318038 3.535703 4.982583
v -5.314452 3.555703 4.977830
v -5.314452 3.535703 4.977830
v -5.313173 3.555703 4.972073
v -5.313173 3.535703 4.972073
v -5.313173 3.545703 4.972073
v -5.318038 3.545703 4.982583
v -5.329753 3.555703 4.987167
v -5.329753 3.535703 4.987167
v -5.323458 3.555703 4.986039
v -5.323458 3.535703 4.986039
v -5.318038 3.555703 4.982583
v -5.318038 3.535703 4.982583
v -5.318038 3.545703 4.982583
v -5.329753 3.545703 4.987167
v -5.340333 3.555703 4.985477
v -5.340333 3.535703 4.985477
v -5.335068 3.555703 4.986732
v -5.335068 3.535703 4.986732
v -5.329753 3.555703 4.987167
v -5.329753 3.535703 4.987167
v -5.329753 3.545703 4.987167
v -5.340333 3.545703 4.985477
v -5.356283 3.555703 4.977858
v -5.356283 3.535703 4.977858
v -5.340333 3.555703 4.985477
v -5.340333 3.535703 4.985477
v -5.340333 3.545703 4.985477
v -5.356283 3.545703 4.977858
v -5.373498 3.555703 4.970023
v -5.373498 3.535703 4.970023
v -5.356283 3.555703 4.977858
v -5.356283 3.535703 4.977858
v -5.356283 3.545703 4.977858
v -5.373498 3.545703 4.970023
v -5.389868 3.555703 4.967698
v -5.389868 3.535703 4.967698
v -5.373498 3.555703 4.970023
v -5.373498 3.535703 4.970023
v -5.373498 3.545703 4.970023
v -5.389868 3.545703 4.967698
v -5.426623 3.555703 4.984063
v -5.426623 3.535703 4.984063
v -5.409972 3.555703 4.971937
v -5.409972 3.535703 4.971937
v -5.389868 3.555703 4.967698
v -5.389868 3.535703 4.967698
v -5.389868 3.545703 4.967698
v -5.426623 3.545703 4.984063
v -5.442288 3.555703 5.022727
v -5.442288 3.535703 5.022727
v -5.438403 3.555703 5.001964
v -5.438403 3.535703 5.001964
v -5.426623 3.555703 4.984063
v -5.426623 3.535703 4.984063
v -5.426623 3.545703 4.984063
v -5.442288 3.545703 5.022727
v -5.435023 3.555703 5.054553
v -5.435023 3.535703 5.054553
v -5.442288 3.555703 5.022727
v -5.442288 3.535703 5.022727
v -5.442288 3.545703 5.022727
v -5.435023 3.545703 5.054553
v -5.423238 3.555703 5.072117
v -5.423238 3.535703 5.072117
v -5.429923 3.555703 5.063923
v -5.429923 3.535703 5.063923
v -5.435023 3.555703 5.054553
v -5.435023 3.535703 5.054553
v -5.435023 3.545703 5.054553
v -5.423238 3.545703 5.072117
v -5.398758 3.555703 5.087148
v -5.398758 3.535703 5.087148
v -5.423238 3.555703 5.072117
v -5.423238 3.535703 5.072117
v -5.423238 3.545703 5.072117
v -5.367008 3.555703 5.093847
v -5.367008 3.535703 5.093847
v -5.398758 3.555703 5.087148
v -5.398758 3.535703 5.087148
v -5.360373 3.555703 5.093847
v -5.360373 3.535703 5.093847
v -5.367008 3.555703 5.093847
v -5.367008 3.535703 5.093847
v -5.360373 3.555703 5.100197
v -5.360373 3.535703 5.100197
v -5.360373 3.555703 5.093847
v -5.360373 3.535703 5.093847
v -5.393183 3.555703 5.111982
v -5.393183 3.535703 5.111982
v -5.360373 3.555703 5.100197
v -5.360373 3.535703 5.100197
v -5.393183 3.545703 5.111982
v -5.417028 3.555703 5.135337
v -5.417028 3.535703 5.135337
v -5.406723 3.555703 5.122069
v -5.406723 3.535703 5.122069
v -5.393183 3.555703 5.111982
v -5.393183 3.535703 5.111982
v -5.393183 3.545703 5.111982
v -5.417028 3.545703 5.135337
v -5.424508 3.555703 5.165322
v -5.424508 3.535703 5.165322
v -5.417028 3.555703 5.135337
v -5.417028 3.535703 5.135337
v -5.417028 3.545703 5.135337
v -5.424508 3.545703 5.165322
v -5.411173 3.555703 5.199683
v -5.411173 3.535703 5.199683
v -5.421402 3.555703 5.183939
v -5.421402 3.535703 5.183939
v -5.424508 3.555703 5.165322
v -5.424508 3.535703 5.165322
v -5.424508 3.545703 5.165322
v -5.411173 3.545703 5.199683
v -5.377873 3.555703 5.212808
v -5.377873 3.535703 5.212808
v -5.395868 3.555703 5.209631
v -5.395868 3.535703 5.209631
v -5.411173 3.555703 5.199683
v -5.411173 3.535703 5.199683
v -5.411173 3.545703 5.199683
v -5.377873 3.545703 5.212808
v -5.324248 3.555703 5.178163
v -5.324248 3.535703 5.178163
v -5.338022 3.555703 5.195708
v -5.338022 3.535703 5.195708
v -5.356595 3.555703 5.208505
v -5.356595 3.535703 5.208505
v -5.377873 3.555703 5.212808
v -5.377873 3.535703 5.212808
v -5.377873 3.545703 5.212808
v -5.317403 3.555703 5.181482
v -5.317403 3.535703 5.181482
v -5.324248 3.555703 5.178163
v -5.324248 3.535703 5.178163
v -5.317403 3.535703 5.181482
v -5.330042 3.535703 5.205230
v -5.347743 3.535703 5.225297
v -5.368944 3.535703 5.237093
v -5.393393 3.535703 5.240747
v -5.421939 3.535703 5.235802
v -5.445113 3.535703 5.218873
v -5.455253 3.535703 5.202284
v -5.458798 3.535703 5.183948
v -5.452826 3.535703 5.159539
v -5.438635 3.535703 5.138613
v -5.420273 3.535703 5.120732
v -5.442078 3.535703 5.109134
v -5.459503 3.535703 5.091803
v -5.469579 3.535703 5.070929
v -5.472768 3.535703 5.047637
v -5.466952 3.535703 5.013684
v -5.449558 3.535703 4.984627
v -5.410492 3.535703 4.957794
v -5.361998 3.535703 4.949917
v -5.341914 3.535703 4.951079
v -5.323403 3.535703 4.956973
v -5.318433 3.535703 4.961011
v -5.314679 3.535703 4.966019
v -5.313173 3.535703 4.972073
v -5.314452 3.535703 4.977830
v -5.318038 3.535703 4.982583
v -5.323458 3.535703 4.986039
v -5.329753 3.535703 4.987167
v -5.335068 3.535703 4.986732
v -5.340333 3.535703 4.985477
v -5.356283 3.535703 4.977858
v -5.373498 3.535703 4.970023
v -5.389868 3.535703 4.967698
v -5.409972 3.535703 4.971937
v -5.426623 3.535703 4.984063
v -5.438403 3.535703 5.001964
v -5.442288 3.535703 5.022727
v -5.435023 3.535703 5.054553
v -5.429923 3.535703 5.063923
v -5.423238 3.535703 5.072117
v -5.398758 3.535703 5.087148
v -5.367008 3.535703 5.093847
v -5.360373 3.535703 5.093847
v -5.360373 3.535703 5.100197
v -5.393183 3.535703 5.111982
v -5.406723 3.535703 5.122069
v -5.417028 3.535703 5.135337
v -5.424508 3.535703 5.165322
v -5.421402 3.535703 5.183939
v -5.411173 3.535703 5.199683
v -5.395868 3.535703 5.209631
v -5.377873 3.535703 5.212808
v -5.356595 3.535703 5.208505
v -5.338022 3.535703 5.195708
v -5.324248 3.535703 5.178163
v -5.225036 3.555703 1.061973
v -5.410031 3.555703 1.116443
v -5.390421 3.555703 1.061973
v -5.225036 3.555703 1.069733
v -5.279437 3.555703 1.122052
v -5.327766 3.555703 1.178388
v -5.348564 3.555703 1.214937
v -5.357541 3.555703 1.255438
v -5.353566 3.555703 1.279431
v -5.341171 3.555703 1.299253
v -5.323272 3.555703 1.312113
v -5.302156 3.555703 1.316398
v -5.282502 3.555703 1.313422
v -5.265041 3.555703 1.304473
v -5.250313 3.555703 1.289112
v -5.240701 3.555703 1.269408
v -5.233081 3.555703 1.269408
v -5.241454 3.555703 1.301024
v -5.259681 3.555703 1.327828
v -5.284318 3.555703 1.343278
v -5.313231 3.555703 1.348148
v -5.344357 3.555703 1.342722
v -5.370241 3.555703 1.326203
v -5.387349 3.555703 1.302413
v -5.393101 3.555703 1.274488
v -5.390525 3.555703 1.252801
v -5.383151 3.555703 1.231873
v -5.333551 3.555703 1.160963
v -5.269911 3.555703 1.093723
v -5.342371 3.555703 1.093723
v -5.358126 3.555703 1.093996
v -5.373416 3.555703 1.095348
v -5.389501 3.555703 1.102118
v -5.401991 3.555703 1.116443
v -5.390421 3.555703 1.061973
v -5.390421 3.535703 1.061973
v -5.410031 3.555703 1.116443
v -5.410031 3.535703 1.116443
v -5.225036 3.555703 1.061973
v -5.225036 3.535703 1.061973
v -5.390421 3.555703 1.061973
v -5.390421 3.535703 1.061973
v -5.225036 3.555703 1.069733
v -5.225036 3.535703 1.069733
v -5.225036 3.555703 1.061973
v -5.225036 3.535703 1.061973
v -5.327766 3.555703 1.178388
v -5.327766 3.535703 1.178388
v -5.279437 3.555703 1.122052
v -5.279437 3.535703 1.122052
v -5.225036 3.555703 1.069733
v -5.225036 3.535703 1.069733
v -5.357541 3.555703 1.255438
v -5.357541 3.535703 1.255438
v -5.348564 3.555703 1.214937
v -5.348564 3.535703 1.214937
v -5.327766 3.555703 1.178388
v -5.327766 3.535703 1.178388
v -5.357541 3.545703 1.255438
v -5.341171 3.555703 1.299253
v -5.341171 3.535703 1.299253
v -5.353566 3.555703 1.279431
v -5.353566 3.535703 1.279431
v -5.357541 3.555703 1.255438
v -5.357541 3.535703 1.255438
v -5.357541 3.545703 1.255438
v -5.341171 3.545703 1.299253
v -5.302156 3.555703 1.316398
v -5.302156 3.535703 1.316398
v -5.323272 3.555703 1.312113
v -5.323272 3.535703 1.312113
v -5.341171 3.555703 1.299253
v -5.341171 3.535703 1.299253
v -5.341171 3.545703 1.299253
v -5.302156 3.545703 1.316398
v -5.265041 3.555703 1.304473
v -5.265041 3.535703 1.304473
v -5.282502 3.555703 1.313422
v -5.282502 3.535703 1.313422
v -5.302156 3.555703 1.316398
v -5.302156 3.535703 1.316398
v -5.302156 3.545703 1.316398
v -5.265041 3.545703 1.304473
v -5.240701 3.555703 1.269408
v -5.240701 3.535703 1.269408
v -5.250313 3.555703 1.289112
v -5.250313 3.535703 1.289112
v -5.265041 3.555703 1.304473
v -5.265041 3.535703 1.304473
v -5.265041 3.545703 1.304473
v -5.233081 3.555703 1.269408
v -5.233081 3.535703 1.269408
v -5.240701 3.555703 1.269408
v -5.240701 3.535703 1.269408
v -5.259681 3.555703 1.327828
v -5.259681 3.535703 1.327828
v -5.241454 3.555703 1.301024
v -5.241454 3.535703 1.301024
v -5.233081 3.555703 1.269408
v -5.233081 3.535703 1.269408
v -5.313231 3.555703 1.348148
v -5.313231 3.535703 1.348148
v -5.284318 3.555703 1.343278
v -5.284318 3.535703 1.343278
v -5.259681 3.555703 1.327828
v -5.259681 3.535703 1.327828
v -5.370241 3.555703 1.326203
v -5.370241 3.535703 1.326203
v -5.344357 3.555703 1.342722
v -5.344357 3.535703 1.342722
v -5.313231 3.555703 1.348148
v -5.313231 3.535703 1.348148
v -5.393101 3.555703 1.274488
v -5.393101 3.535703 1.274488
v -5.387349 3.555703 1.302413
v -5.387349 3.535703 1.302413
v -5.370241 3.555703 1.326203
v -5.370241 3.535703 1.326203
v -5.393101 3.545703 1.274488
v -5.383151 3.555703 1.231873
v -5.383151 3.535703 1.231873
v -5.390525 3.555703 1.252801
v -5.390525 3.535703 1.252801
v -5.393101 3.555703 1.274488
v -5.393101 3.535703 1.274488
v -5.393101 3.545703 1.274488
v -5.383151 3.545703 1.231873
v -5.333551 3.555703 1.160963
v -5.333551 3.535703 1.160963
v -5.383151 3.555703 1.231873
v -5.383151 3.535703 1.231873
v -5.383151 3.545703 1.231873
v -5.269911 3.555703 1.093723
v -5.269911 3.535703 1.093723
v -5.333551 3.555703 1.160963
v -5.333551 3.535703 1.160963
v -5.342371 3.555703 1.093723
v -5.342371 3.535703 1.093723
v -5.269911 3.555703 1.093723
v -5.269911 3.535703 1.093723
v -5.373416 3.555703 1.095348
v -5.373416 3.535703 1.095348
v -5.358126 3.555703 1.093996
v -5.358126 3.535703 1.093996
v -5.342371 3.555703 1.093723
v -5.342371 3.535703 1.093723
v -5.373416 3.545703 1.095348
v -5.389501 3.555703 1.102118
v -5.389501 3.535703 1.102118
v -5.373416 3.555703 1.095348
v -5.373416 3.535703 1.095348
v -5.373416 3.545703 1.095348
v -5.389501 3.545703 1.102118
v -5.401991 3.555703 1.116443
v -5.401991 3.535703 1.116443
v -5.389501 3.555703 1.102118
v -5.389501 3.535703 1.102118
v -5.389501 3.545703 1.102118
v -5.410031 3.555703 1.116443
v -5.410031 3.535703 1.116443
v -5.401991 3.555703 1.116443
v -5.401991 3.535703 1.116443
v -5.225036 3.535703 1.061973
v -5.410031 3.535703 1.116443
v -5.390421 3.535703 1.061973
v -5.225036 3.535703 1.069733
v -5.279437 3.535703 1.122052
v -5.327766 3.535703 1.178388
v -5.348564 3.535703 1.214937
v -5.357541 3.535703 1.255438
v -5.353566 3.535703 1.279431
v -5.341171 3.535703 1.299253
v -5.323272 3.535703 1.312113
v -5.302156 3.535703 1.316398
v -5.282502 3.535703 1.313422
v -5.265041 3.535703 1.304473
v -5.250313 3.535703 1.289112
v -5.240701 3.535703 1.269408
v -5.233081 3.535703 1.269408
v -5.241454 3.535703 1.301024
v -5.259681 3.535703 1.327828
v -5.284318 3.535703 1.343278
v -5.313231 3.535703 1.348148
v -5.344357 3.535703 1.342722
v -5.370241 3.535703 1.326203
v -5.387349 3.535703 1.302413
v -5.393101 3.535703 1.274488
v -5.390525 3.535703 1.252801
v -5.383151 3.535703 1.231873
v -5.333551 3.535703 1.160963
v -5.269911 3.535703 1.093723
v -5.342371 3.535703 1.093723
v -5.358126 3.535703 1.093996
v -5.373416 3.535703 1.095348
v -5.389501 3.535703 1.102118
v -5.401991 3.535703 1.116443
v -3.859234 3.555703 -0.491764
v -3.748319 3.555703 -0.238609
v -3.816829 3.555703 -0.205589
v -3.823674 3.555703 -0.205589
v -3.823674 3.555703 -0.442234
v -3.823931 3.555703 -0.457097
v -3.825649 3.555703 -0.471724
v -3.828803 3.555703 -0.476959
v -3.833834 3.555703 -0.480614
v -3.859234 3.555703 -0.484144
v -3.753399 3.555703 -0.491764
v -3.753399 3.555703 -0.484144
v -3.766626 3.555703 -0.483438
v -3.779014 3.555703 -0.480689
v -3.783776 3.555703 -0.477357
v -3.787129 3.555703 -0.472644
v -3.789384 3.555703 -0.442234
v -3.789384 3.555703 -0.290679
v -3.787339 3.555703 -0.251379
v -3.785497 3.555703 -0.246034
v -3.782049 3.555703 -0.241644
v -3.777710 3.555703 -0.239295
v -3.772804 3.555703 -0.238539
v -3.751424 3.555703 -0.244959
v -3.816829 3.555703 -0.205589
v -3.816829 3.535703 -0.205589
v -3.748319 3.555703 -0.238609
v -3.748319 3.535703 -0.238609
v -3.823674 3.555703 -0.205589
v -3.823674 3.535703 -0.205589
v -3.816829 3.555703 -0.205589
v -3.816829 3.535703 -0.205589
v -3.823674 3.555703 -0.442234
v -3.823674 3.535703 -0.442234
v -3.823674 3.555703 -0.205589
v -3.823674 3.535703 -0.205589
v -3.825649 3.555703 -0.471724
v -3.825649 3.535703 -0.471724
v -3.823931 3.555703 -0.457097
v -3.823931 3.535703 -0.457097
v -3.823674 3.555703 -0.442234
v -3.823674 3.535703 -0.442234
v -3.825649 3.545703 -0.471724
v -3.833834 3.555703 -0.480614
v -3.833834 3.535703 -0.480614
v -3.828803 3.555703 -0.476959
v -3.828803 3.535703 -0.476959
v -3.825649 3.555703 -0.471724
v -3.825649 3.535703 -0.471724
v -3.825649 3.545703 -0.471724
v -3.833834 3.545703 -0.480614
v -3.859234 3.555703 -0.484144
v -3.859234 3.535703 -0.484144
v -3.833834 3.555703 -0.480614
v -3.833834 3.535703 -0.480614
v -3.833834 3.545703 -0.480614
v -3.859234 3.555703 -0.491764
v -3.859234 3.535703 -0.491764
v -3.859234 3.555703 -0.484144
v -3.859234 3.535703 -0.484144
v -3.753399 3.555703 -0.491764
v -3.753399 3.535703 -0.491764
v -3.859234 3.555703 -0.491764
v -3.859234 3.535703 -0.491764
v -3.753399 3.555703 -0.484144
v -3.753399 3.535703 -0.484144
v -3.753399 3.555703 -0.491764
v -3.753399 3.535703 -0.491764
v -3.779014 3.555703 -0.480689
v -3.779014 3.535703 -0.480689
v -3.766626 3.555703 -0.483438
v -3.766626 3.535703 -0.483438
v -3.753399 3.555703 -0.484144
v -3.753399 3.535703 -0.484144
v -3.779014 3.545703 -0.480689
v -3.787129 3.555703 -0.472644
v -3.787129 3.535703 -0.472644
v -3.783776 3.555703 -0.477357
v -3.783776 3.535703 -0.477357
v -3.779014 3.555703 -0.480689
v -3.779014 3.535703 -0.480689
v -3.779014 3.545703 -0.480689
v -3.787129 3.545703 -0.472644
v -3.789384 3.555703 -0.442234
v -3.789384 3.535703 -0.442234
v -3.787129 3.555703 -0.472644
v -3.787129 3.535703 -0.472644
v -3.787129 3.545703 -0.472644
v -3.789384 3.555703 -0.290679
v -3.789384 3.535703 -0.290679
v -3.789384 3.555703 -0.442234
v -3.789384 3.535703 -0.442234
v -3.787339 3.555703 -0.251379
v -3.787339 3.535703 -0.251379
v -3.789384 3.555703 -0.290679
v -3.789384 3.535703 -0.290679
v -3.787339 3.545703 -0.251379
v -3.782049 3.555703 -0.241644
v -3.782049 3.535703 -0.241644
v -3.785497 3.555703 -0.246034
v -3.785497 3.535703 -0.246034
v -3.787339 3.555703 -0.251379
v -3.787339 3.535703 -0.251379
v -3.787339 3.545703 -0.251379
v -3.782049 3.545703 -0.241644
v -3.772804 3.555703 -0.238539
v -3.772804 3.535703 -0.238539
v -3.777710 3.555703 -0.239295
v -3.777710 3.535703 -0.239295
v -3.782049 3.555703 -0.241644
v -3.782049 3.535703 -0.241644
v -3.782049 3.545703 -0.241644
v -3.772804 3.545703 -0.238539
v -3.751424 3.555703 -0.244959
v -3.751424 3.535703 -0.244959
v -3.772804 3.555703 -0.238539
v -3.772804 3.535703 -0.238539
v -3.772804 3.545703 -0.238539
v -3.748319 3.555703 -0.238609
v -3.748319 3.535703 -0.238609
v -3.751424 3.555703 -0.244959
v -3.751424 3.535703 -0.244959
v -3.859234 3.535703 -0.491764
v -3.748319 3.535703 -0.238609
v -3.816829 3.535703 -0.205589
v -3.823674 3.535703 -0.205589
v -3.823674 3.535703 -0.442234
v -3.823931 3.535703 -0.457097
v -3.825649 3.535703 -0.471724
v -3.828803 3.535703 -0.476959
v -3.833834 3.535703 -0.480614
v -3.859234 3.535703 -0.484144
v -3.753399 3.535703 -0.491764
v -3.753399 3.535703 -0.484144
v -3.766626 3.535703 -0.483438
v -3.779014 3.535703 -0.480689
v -3.783776 3.535703 -0.477357
v -3.787129 3.535703 -0.472644
v -3.789384 3.535703 -0.442234
v -3.789384 3.535703 -0.290679
v -3.787339 3.535703 -0.251379
v -3.785497 3.535703 -0.246034
v -3.782049 3.535703 -0.241644
v -3.777710 3.535703 -0.239295
v -3.772804 3.535703 -0.238539
v -3.751424 3.535703 -0.244959
vt 0.038462 0.072952
vt 0.038462 0.092183
vt 0.145965 0.072952
vt 0.145965 0.092183
vt 0.998535 0.553722
vt 0.038462 0.553722
vt 0.998535 0.661225
vt 0.038462 0.661225
vt 0.019231 0.000000
vt 0.019231 0.960074
vt 0.036997 0.000000
vt 0.036997 0.960074
vt 0.998535 0.145905
vt 0.038462 0.145905
vt 0.998535 0.253408
vt 0.038462 0.253408
vt 0.000000 0.000000
vt 0.000000 0.960074
vt 0.017766 0.000000
vt 0.017766 0.960074
vt 0.038462 0.000000
vt 0.038462 0.019231
vt 0.145965 0.000000
vt 0.145965 0.019231
vt 0.038462 0.072952
vt 0.038462 0.092183
vt 0.145965 0.072952
vt 0.145965 0.092183
vt 0.998535 0.553722
vt 0.038462 0.553722
vt 0.998535 0.661225
vt 0.038462 0.661225
vt 0.019231 0.000000
vt 0.019231 0.960074
vt 0.036997 0.000000
vt 0.036997 0.960074
vt 0.998535 0.145905
vt 0.038462 0.145905
vt 0.998535 0.253408
vt 0.038462 0.253408
vt 0.000000 0.000000
vt 0.000000 0.960074
vt 0.017766 0.000000
vt 0.017766 0.960074
vt 0.038462 0.000000
vt 0.038462 0.019231
vt 0.145965 0.000000
vt 0.145965 0.019231
vt 0.038462 0.072952
vt 0.038462 0.092183
vt 0.145965 0.072952
vt 0.145965 0.092183
vt 0.998535 0.553722
vt 0.038462 0.553722
vt 0.998535 0.661225
vt 0.038462 0.661225
vt 0.019231 0.000000
vt 0.019231 0.960074
vt 0.036997 0.000000
vt 0.036997 0.960074
vt 0.998535 0.145905
vt 0.038462 0.145905
vt 0.998535 0.253408
vt 0.038462 0.253408
vt 0.000000 0.000000
vt 0.000000 0.960074
vt 0.017766 0.000000
vt 0.017766 0.960074
vt 0.038462 0.000000
vt 0.038462 0.019231
vt 0.145965 0.000000
vt 0.145965 0.019231
vt 0.038462 0.072952
vt 0.038462 0.092183
vt 0.145965 0.072952
vt 0.145965 0.092183
vt 0.998535 0.553722
vt 0.038462 0.553722
vt 0.998535 0.661225
vt 0.038462 0.661225
vt 0.019231 0.000000
vt 0.019231 0.960074
vt 0.036997 0.000000
vt 0.036997 0.960074
vt 0.998535 0.145905
vt 0.038462 0.145905
vt 0.998535 0.253408
vt 0.038462 0.253408
vt 0.000000 0.000000
vt 0.000000 0.960074
vt 0.017766 0.000000
vt 0.017766 0.960074
vt 0.038462 0.000000
vt 0.038462 0.019231
vt 0.145965 0.000000
vt 0.145965 0.019231
vt 0.038462 0.072952
vt 0.038462 0.092183
vt 0.145965 0.072952
vt 0.145965 0.092183
vt 0.998535 0.553722
vt 0.038462 0.553722
vt 0.998535 0.661225
vt 0.038462 0.661225
vt 0.019231 0.000000
vt 0.019231 0.960074
vt 0.036997 0.000000
vt 0.036997 0.960074
vt 0.998535 0.145905
vt 0.038462 0.145905
vt 0.998535 0.253408
vt 0.038462 0.253408
vt 0.000000 0.000000
vt 0.000000 0.960074
vt 0.017766 0.000000
vt 0.017766 0.960074
vt 0.038462 0.000000
vt 0.038462 0.019231
vt 0.145965 0.000000
vt 0.145965 0.019231
vt 0.038462 0.072952
vt 0.038462 0.092183
vt 0.145965 0.072952
vt 0.145965 0.092183
vt 0.998535 0.553722
vt 0.038462 0.553722
vt 0.998535 0.661225
vt 0.038462 0.661225
vt 0.019231 0.000000
vt 0.019231 0.960074
vt 0.036997 0.000000
vt 0.036997 0.960074
vt 0.998535 0.145905
vt 0.038462 0.145905
vt 0.998535 0.253408
vt 0.038462 0.253408
vt 0.000000 0.000000
vt 0.000000 0.960074
vt 0.017766 0.000000
vt 0.017766 0.960074
vt 0.038462 0.000000
vt 0.038462 0.019231
vt 0.145965 0.000000
vt 0.145965 0.019231
vt 0.038462 0.072952
vt 0.038462 0.092183
vt 0.145965 0.072952
vt 0.145965 0.092183
vt 0.998535 0.553722
vt 0.038462 0.553722
vt 0.998535 0.661225
vt 0.038462 0.661225
vt 0.019231 0.000000
vt 0.019231 0.960074
vt 0.036997 0.000000
vt 0.036997 0.960074
vt 0.998535 0.145905
vt 0.038462 0.145905
vt 0.998535 0.253408
vt 0.038462 0.253408
vt 0.000000 0.000000
vt 0.000000 0.960074
vt 0.017766 0.000000
vt 0.017766 0.960074
vt 0.038462 0.000000
vt 0.038462 0.019231
vt 0.145965 0.000000
vt 0.145965 0.019231
vt 0.038462 0.072952
vt 0.038462 0.092183
vt 0.145965 0.072952
vt 0.145965 0.092183
vt 0.998535 0.553722
vt 0.038462 0.553722
vt 0.998535 0.661225
vt 0.038462 0.661225
vt 0.019231 0.000000
vt 0.019231 0.960074
vt 0.036997 0.000000
vt 0.036997 0.960074
vt 0.998535 0.145905
vt 0.038462 0.145905
vt 0.998535 0.253408
vt 0.038462 0.253408
vt 0.000000 0.000000
vt 0.000000 0.960074
vt 0.017766 0.000000
vt 0.017766 0.960074
vt 0.038462 0.000000
vt 0.038462 0.019231
vt 0.145965 0.000000
vt 0.145965 0.019231
vt 0.038462 0.072952
vt 0.038462 0.092183
vt 0.145965 0.072952
vt 0.145965 0.092183
vt 0.998535 0.553722
vt 0.038462 0.553722
vt 0.998535 0.661225
vt 0.038462 0.661225
vt 0.019231 0.000000
vt 0.019231 0.960074
vt 0.036997 0.000000
vt 0.036997 0.960074
vt 0.998535 0.145905
vt 0.038462 0.145905
vt 0.998535 0.253408
vt 0.038462 0.253408
vt 0.000000 0.000000
vt 0.000000 0.960074
vt 0.017766 0.000000
vt 0.017766 0.960074
vt 0.038462 0.000000
vt 0.038462 0.019231
vt 0.145965 0.000000
vt 0.145965 0.019231
vt 0.038462 0.072952
vt 0.038462 0.092183
vt 0.145965 0.072952
vt 0.145965 0.092183
vt 0.998535 0.553722
vt 0.038462 0.553722
vt 0.998535 0.661225
vt 0.038462 0.661225
vt 0.019231 0.000000
vt 0.019231 0.960074
vt 0.036997 0.000000
vt 0.036997 0.960074
vt 0.998535 0.145905
vt 0.038462 0.145905
vt 0.998535 0.253408
vt 0.038462 0.253408
vt 0.000000 0.000000
vt 0.000000 0.960074
vt 0.017766 0.000000
vt 0.017766 0.960074
vt 0.038462 0.000000
vt 0.038462 0.019231
vt 0.145965 0.000000
vt 0.145965 0.019231
vt 0.038462 0.072952
vt 0.038462 0.092183
vt 0.145965 0.072952
vt 0.145965 0.092183
vt 0.998535 0.553722
vt 0.038462 0.553722
vt 0.998535 0.661225
vt 0.038462 0.661225
vt 0.019231 0.000000
vt 0.019231 0.960074
vt 0.036997 0.000000
vt 0.036997 0.960074
vt 0.998535 0.145905
vt 0.038462 0.145905
vt 0.998535 0.253408
vt 0.038462 0.253408
vt 0.000000 0.000000
vt 0.000000 0.960074
vt 0.017766 0.000000
vt 0.017766 0.960074
vt 0.038462 0.000000
vt 0.038462 0.019231
vt 0.145965 0.000000
vt 0.145965 0.019231
vt 0.038462 0.072952
vt 0.038462 0.092183
vt 0.145965 0.072952
vt 0.145965 0.092183
vt 0.998535 0.553722
vt 0.038462 0.553722
vt 0.998535 0.661225
vt 0.038462 0.661225
vt 0.019231 0.000000
vt 0.019231 0.960074
vt 0.036997 0.000000
vt 0.036997 0.960074
vt 0.998535 0.145905
vt 0.038462 0.145905
vt 0.998535 0.253408
vt 0.038462 0.253408
vt 0.000000 0.000000
vt 0.000000 0.960074
vt 0.017766 0.000000
vt 0.017766 0.960074
vt 0.038462 0.000000
vt 0.038462 0.019231
vt 0.145965 0.000000
vt 0.145965 0.019231
vt 0.038462 0.072952
vt 0.038462 0.092183
vt 0.145965 0.072952
vt 0.145965 0.092183
vt 0.998535 0.553722
vt 0.038462 0.553722
vt 0.998535 0.661225
vt 0.038462 0.661225
vt 0.518498 0.580598
vt 0.758517 0.580598
vt 0.518498 0.567160
vt 0.758517 0.567160
vt 0.518498 0.634349
vt 0.518498 0.647787
vt 0.758517 0.634349
vt 0.758517 0.647787
vt 0.278480 0.634349
vt 0.278480 0.647787
vt 0.278480 0.580598
vt 0.278480 0.567160
vt 0.019231 0.000000
vt 0.019231 0.960074
vt 0.036997 0.000000
vt 0.036997 0.960074
vt 0.998535 0.145905
vt 0.038462 0.145905
vt 0.998535 0.253408
vt 0.038462 0.253408
vt 0.518498 0.172781
vt 0.758517 0.172781
vt 0.518498 0.159343
vt 0.758517 0.159343
vt 0.518498 0.226532
vt 0.518498 0.239970
vt 0.758517 0.226532
vt 0.758517 0.239970
vt 0.278480 0.226532
vt 0.278480 0.239970
vt 0.278480 0.172781
vt 0.278480 0.159343
vt 0.000000 0.000000
vt 0.000000 0.960074
vt 0.017766 0.000000
vt 0.017766 0.960074
vt 0.038462 0.000000
vt 0.038462 0.019231
vt 0.145965 0.000000
vt 0.145965 0.019231
vt 0.038462 0.072952
vt 0.038462 0.092183
vt 0.145965 0.072952
vt 0.145965 0.092183
vt 0.998535 0.553722
vt 0.038462 0.553722
vt 0.998535 0.661225
vt 0.038462 0.661225
vt 0.019231 0.000000
vt 0.019231 0.960074
vt 0.036997 0.000000
vt 0.036997 0.960074
vt 0.998535 0.145905
vt 0.038462 0.145905
vt 0.998535 0.253408
vt 0.038462 0.253408
vt 0.000000 0.000000
vt 0.000000 0.960074
vt 0.017766 0.000000
vt 0.017766 0.960074
vt 0.038462 0.000000
vt 0.038462 0.019231
vt 0.145965 0.000000
vt 0.145965 0.019231
vt 0.038462 0.072952
vt 0.038462 0.092183
vt 0.145965 0.072952
vt 0.145965 0.092183
vt 0.998535 0.553722
vt 0.038462 0.553722
vt 0.998535 0.661225
vt 0.038462 0.661225
vt 0.019231 0.000000
vt 0.019231 0.960074
vt 0.036997 0.000000
vt 0.036997 0.960074
vt 0.998535 0.145905
vt 0.038462 0.145905
vt 0.998535 0.253408
vt 0.038462 0.253408
vt 0.000000 0.000000
vt 0.000000 0.960074
vt 0.017766 0.000000
vt 0.017766 0.960074
vt 0.038462 0.000000
vt 0.038462 0.019231
vt 0.145965 0.000000
vt 0.145965 0.019231
vt 0.038462 0.072952
vt 0.038462 0.092183
vt 0.145965 0.072952
vt 0.145965 0.092183
vt 0.998535 0.553722
vt 0.038462 0.553722
vt 0.998535 0.661225
vt 0.038462 0.661225
vt 0.518498 0.580598
vt 0.758517 0.580598
vt 0.518498 0.567160
vt 0.758517 0.567160
vt 0.518498 0.634349
vt 0.518498 0.647787
vt 0.758517 0.634349
vt 0.758517 0.647787
vt 0.278480 0.634349
vt 0.278480 0.647787
vt 0.278480 0.580598
vt 0.278480 0.567160
vt 0.019231 0.000000
vt 0.019231 0.960074
vt 0.036997 0.000000
vt 0.036997 0.960074
vt 0.998535 0.145905
vt 0.038462 0.145905
vt 0.998535 0.253408
vt 0.038462 0.253408
vt 0.518498 0.172781
vt 0.758517 0.172781
vt 0.518498 0.159343
vt 0.758517 0.159343
vt 0.518498 0.226532
vt 0.518498 0.239970
vt 0.758517 0.226532
vt 0.758517 0.239970
vt 0.278480 0.226532
vt 0.278480 0.239970
vt 0.278480 0.172781
vt 0.278480 0.159343
vt 0.000000 0.000000
vt 0.000000 0.960074
vt 0.017766 0.000000
vt 0.017766 0.960074
vt 0.038462 0.000000
vt 0.038462 0.019231
vt 0.145965 0.000000
vt 0.145965 0.019231
vt 0.038462 0.072952
vt 0.038462 0.092183
vt 0.145965 0.072952
vt 0.145965 0.092183
vt 0.998535 0.553722
vt 0.038462 0.553722
vt 0.998535 0.661225
vt 0.038462 0.661225
vt 0.518498 0.580598
vt 0.758517 0.580598
vt 0.518498 0.567160
vt 0.758517 0.567160
vt 0.518498 0.634349
vt 0.518498 0.647787
vt 0.758517 0.634349
vt 0.758517 0.647787
vt 0.278480 0.634349
vt 0.278480 0.647787
vt 0.278480 0.580598
vt 0.278480 0.567160
vt 0.019231 0.000000
vt 0.019231 0.960074
vt 0.036997 0.000000
vt 0.036997 0.960074
vt 0.998535 0.145905
vt 0.038462 0.145905
vt 0.998535 0.253408
vt 0.038462 0.253408
vt 0.518498 0.172781
vt 0.758517 0.172781
vt 0.518498 0.159343
vt 0.758517 0.159343
vt 0.518498 0.226532
vt 0.518498 0.239970
vt 0.758517 0.226532
vt 0.758517 0.239970
vt 0.278480 0.226532
vt 0.278480 0.239970
vt 0.278480 0.172781
vt 0.278480 0.159343
vt 0.000000 0.000000
vt 0.000000 0.960074
vt 0.017766 0.000000
vt 0.017766 0.960074
vt 0.038462 0.000000
vt 0.038462 0.019231
vt 0.145965 0.000000
vt 0.145965 0.019231
vt 0.038462 0.072952
vt 0.038462 0.092183
vt 0.145965 0.072952
vt 0.145965 0.092183
vt 0.998535 0.553722
vt 0.038462 0.553722
vt 0.998535 0.661225
vt 0.038462 0.661225
vt 0.019231 0.000000
vt 0.019231 0.960074
vt 0.036997 0.000000
vt 0.036997 0.960074
vt 0.998535 0.145905
vt 0.038462 0.145905
vt 0.998535 0.253408
vt 0.038462 0.253408
vt 0.000000 0.000000
vt 0.000000 0.960074
vt 0.017766 0.000000
vt 0.017766 0.960074
vt 0.038462 0.000000
vt 0.038462 0.019231
vt 0.145965 0.000000
vt 0.145965 0.019231
vt 0.038462 0.072952
vt 0.038462 0.092183
vt 0.145965 0.072952
vt 0.145965 0.092183
vt 0.998535 0.553722
vt 0.038462 0.553722
vt 0.998535 0.661225
vt 0.038462 0.661225
vt 0.518498 0.580598
vt 0.758517 0.580598
vt 0.518498 0.567160
vt 0.758517 0.567160
vt 0.518498 0.634349
vt 0.518498 0.647787
vt 0.758517 0.634349
vt 0.758517 0.647787
vt 0.278480 0.634349
vt 0.278480 0.647787
vt 0.278480 0.580598
vt 0.278480 0.567160
vt 0.019231 0.000000
vt 0.019231 0.960074
vt 0.036997 0.000000
vt 0.036997 0.960074
vt 0.998535 0.145905
vt 0.038462 0.145905
vt 0.998535 0.253408
vt 0.038462 0.253408
vt 0.518498 0.172781
vt 0.758517 0.172781
vt 0.518498 0.159343
vt 0.758517 0.159343
vt 0.518498 0.226532
vt 0.518498 0.239970
vt 0.758517 0.226532
vt 0.758517 0.239970
vt 0.278480 0.226532
vt 0.278480 0.239970
vt 0.278480 0.172781
vt 0.278480 0.159343
vt 0.000000 0.000000
vt 0.000000 0.960074
vt 0.017766 0.000000
vt 0.017766 0.960074
vt 0.038462 0.000000
vt 0.038462 0.019231
vt 0.145965 0.000000
vt 0.145965 0.019231
vt 0.038462 0.072952
vt 0.038462 0.092183
vt 0.145965 0.072952
vt 0.145965 0.092183
vt 0.998535 0.553722
vt 0.038462 0.553722
vt 0.998535 0.661225
vt 0.038462 0.661225
vt 0.019231 0.000000
vt 0.019231 0.960074
vt 0.036997 0.000000
vt 0.036997 0.960074
vt 0.998535 0.145905
vt 0.038462 0.145905
vt 0.998535 0.253408
vt 0.038462 0.253408
vt 0.000000 0.000000
vt 0.000000 0.960074
vt 0.017766 0.000000
vt 0.017766 0.960074
vt 0.038462 0.000000
vt 0.038462 0.019231
vt 0.145965 0.000000
vt 0.145965 0.019231
vt 0.038462 0.072952
vt 0.038462 0.092183
vt 0.145965 0.072952
vt 0.145965 0.092183
vt 0.998535 0.553722
vt 0.038462 0.553722
vt 0.998535 0.661225
vt 0.038462 0.661225
vt 0.518498 0.580598
vt 0.758517 0.580598
vt 0.518498 0.567160
vt 0.758517 0.567160
vt 0.518498 0.634349
vt 0.518498 0.647787
vt 0.758517 0.634349
vt 0.758517 0.647787
vt 0.278480 0.634349
vt 0.278480 0.647787
vt 0.278480 0.580598
vt 0.278480 0.567160
vt 0.019231 0.000000
vt 0.019231 0.960074
vt 0.036997 0.000000
vt 0.036997 0.960074
vt 0.998535 0.145905
vt 0.038462 0.145905
vt 0.998535 0.253408
vt 0.038462 0.253408
vt 0.518498 0.172781
vt 0.758517 0.172781
vt 0.518498 0.159343
vt 0.758517 0.159343
vt 0.518498 0.226532
vt 0.518498 0.239970
vt 0.758517 0.226532
vt 0.758517 0.239970
vt 0.278480 0.226532
vt 0.278480 0.239970
vt 0.278480 0.172781
vt 0.278480 0.159343
vt 0.000000 0.000000
vt 0.000000 0.960074
vt 0.017766 0.000000
vt 0.017766 0.960074
vt 0.038462 0.000000
vt 0.038462 0.019231
vt 0.145965 0.000000
vt 0.145965 0.019231
vt 0.038462 0.072952
vt 0.038462 0.092183
vt 0.145965 0.072952
vt 0.145965 0.092183
vt 0.998535 0.553722
vt 0.038462 0.553722
vt 0.998535 0.661225
vt 0.038462 0.661225
vt 0.019231 0.000000
vt 0.019231 0.960074
vt 0.036997 0.000000
vt 0.036997 0.960074
vt 0.998535 0.145905
vt 0.038462 0.145905
vt 0.998535 0.253408
vt 0.038462 0.253408
vt 0.000000 0.000000
vt 0.000000 0.960074
vt 0.017766 0.000000
vt 0.017766 0.960074
vt 0.038462 0.000000
vt 0.038462 0.019231
vt 0.145965 0.000000
vt 0.145965 0.019231
vt 0.038462 0.072952
vt 0.038462 0.092183
vt 0.145965 0.072952
vt 0.145965 0.092183
vt 0.998535 0.553722
vt 0.038462 0.553722
vt 0.998535 0.661225
vt 0.038462 0.661225
vt 0.019231 0.000000
vt 0.019231 0.960074
vt 0.036997 0.000000
vt 0.036997 0.960074
vt 0.998535 0.145905
vt 0.038462 0.145905
vt 0.998535 0.253408
vt 0.038462 0.253408
vt 0.000000 0.000000
vt 0.000000 0.960074
vt 0.017766 0.000000
vt 0.017766 0.960074
vt 0.038462 0.000000
vt 0.038462 0.019231
vt 0.145965 0.000000
vt 0.145965 0.019231
vt 0.038462 0.072952
vt 0.038462 0.092183
vt 0.145965 0.072952
vt 0.145965 0.092183
vt 0.998535 0.145905
vt 0.038462 0.145905
vt 0.998535 0.253408
vt 0.038462 0.253408
vt 0.019231 0.000000
vt 0.019231 0.960074
vt 0.036997 0.000000
vt 0.036997 0.960074
vt 0.998535 0.553722
vt 0.038462 0.553722
vt 0.998535 0.661225
vt 0.038462 0.661225
vt 0.000000 0.000000
vt 0.000000 0.960074
vt 0.017766 0.000000
vt 0.017766 0.960074
vt 0.038462 0.000000
vt 0.038462 0.019231
vt 0.145965 0.000000
vt 0.145965 0.019231
vt 0.038462 0.072952
vt 0.038462 0.092183
vt 0.145965 0.072952
vt 0.145965 0.092183
vt 0.998535 0.553722
vt 0.038462 0.553722
vt 0.998535 0.661225
vt 0.038462 0.661225
vt 0.019231 0.000000
vt 0.019231 0.960074
vt 0.036997 0.000000
vt 0.036997 0.960074
vt 0.998535 0.145905
vt 0.038462 0.145905
vt 0.998535 0.253408
vt 0.038462 0.253408
vt 0.000000 0.000000
vt 0.000000 0.960074
vt 0.017766 0.000000
vt 0.017766 0.960074
vt 0.038462 0.000000
vt 0.038462 0.019231
vt 0.145965 0.000000
vt 0.145965 0.019231
vt 0.038462 0.072952
vt 0.038462 0.092183
vt 0.145965 0.072952
vt 0.145965 0.092183
vt 0.998535 0.553722
vt 0.038462 0.553722
vt 0.998535 0.661225
vt 0.038462 0.661225
vt 0.019231 0.000000
vt 0.019231 0.960074
vt 0.036997 0.000000
vt 0.036997 0.960074
vt 0.998535 0.145905
vt 0.038462 0.145905
vt 0.998535 0.253408
vt 0.038462 0.253408
vt 0.000000 0.000000
vt 0.000000 0.960074
vt 0.017766 0.000000
vt 0.017766 0.960074
vt 0.038462 0.000000
vt 0.038462 0.019231
vt 0.145965 0.000000
vt 0.145965 0.019231
vt 0.038462 0.072952
vt 0.038462 0.092183
vt 0.145965 0.072952
vt 0.145965 0.092183
vt 0.998535 0.553722
vt 0.038462 0.553722
vt 0.998535 0.661225
vt 0.038462 0.661225
vt 0.019231 0.000000
vt 0.019231 0.960074
vt 0.036997 0.000000
vt 0.036997 0.960074
vt 0.998535 0.145905
vt 0.038462 0.145905
vt 0.998535 0.253408
vt 0.038462 0.253408
vt 0.000000 0.000000
vt 0.000000 0.960074
vt 0.017766 0.000000
vt 0.017766 0.960074
vt 0.038462 0.000000
vt 0.038462 0.019231
vt 0.145965 0.000000
vt 0.145965 0.019231
vt 0.038462 0.072952
vt 0.038462 0.092183
vt 0.145965 0.072952
vt 0.145965 0.092183
vt 0.998535 0.553722
vt 0.038462 0.553722
vt 0.998535 0.661225
vt 0.038462 0.661225
vt 0.019231 0.000000
vt 0.019231 0.960074
vt 0.036997 0.000000
vt 0.036997 0.960074
vt 0.998535 0.145905
vt 0.038462 0.145905
vt 0.998535 0.253408
vt 0.038462 0.253408
vt 0.000000 0.000000
vt 0.000000 0.960074
vt 0.017766 0.000000
vt 0.017766 0.960074
vt 0.038462 0.000000
vt 0.038462 0.019231
vt 0.145965 0.000000
vt 0.145965 0.019231
vt 0.038462 0.072952
vt 0.038462 0.092183
vt 0.145965 0.072952
vt 0.145965 0.092183
vt 0.998535 0.553722
vt 0.038462 0.553722
vt 0.998535 0.661225
vt 0.038462 0.661225
vt 0.019231 0.000000
vt 0.019231 0.960074
vt 0.036997 0.000000
vt 0.036997 0.960074
vt 0.998535 0.145905
vt 0.038462 0.145905
vt 0.998535 0.253408
vt 0.038462 0.253408
vt 0.000000 0.000000
vt 0.000000 0.960074
vt 0.017766 0.000000
vt 0.017766 0.960074
vt 0.038462 0.000000
vt 0.038462 0.019231
vt 0.145965 0.000000
vt 0.145965 0.019231
vt 0.038462 0.072952
vt 0.038462 0.092183
vt 0.145965 0.072952
vt 0.145965 0.092183
vt 0.998535 0.553722
vt 0.038462 0.553722
vt 0.998535 0.661225
vt 0.038462 0.661225
vt 0.019231 0.000000
vt 0.019231 0.960074
vt 0.036997 0.000000
vt 0.036997 0.960074
vt 0.998535 0.145905
vt 0.038462 0.145905
vt 0.998535 0.253408
vt 0.038462 0.253408
vt 0.000000 0.000000
vt 0.000000 0.960074
vt 0.017766 0.000000
vt 0.017766 0.960074
vt 0.038462 0.000000
vt 0.038462 0.019231
vt 0.145965 0.000000
vt 0.145965 0.019231
vt 0.038462 0.072952
vt 0.038462 0.092183
vt 0.145965 0.072952
vt 0.145965 0.092183
vt 0.998535 0.553722
vt 0.038462 0.553722
vt 0.998535 0.661225
vt 0.038462 0.661225
vt 0.019231 0.000000
vt 0.019231 0.960074
vt 0.036997 0.000000
vt 0.036997 0.960074
vt 0.998535 0.145905
vt 0.038462 0.145905
vt 0.998535 0.253408
vt 0.038462 0.253408
vt 0.000000 0.000000
vt 0.000000 0.960074
vt 0.017766 0.000000
vt 0.017766 0.960074
vt 0.038462 0.000000
vt 0.038462 0.019231
vt 0.145965 0.000000
vt 0.145965 0.019231
vt 0.038462 0.072952
vt 0.038462 0.092183
vt 0.145965 0.072952
vt 0.145965 0.092183
vt 0.998535 0.553722
vt 0.038462 0.553722
vt 0.998535 0.661225
vt 0.038462 0.661225
vt 0.019231 0.000000
vt 0.019231 0.960074
vt 0.036997 0.000000
vt 0.036997 0.960074
vt 0.998535 0.145905
vt 0.038462 0.145905
vt 0.998535 0.253408
vt 0.038462 0.253408
vt 0.000000 0.000000
vt 0.000000 0.960074
vt 0.017766 0.000000
vt 0.017766 0.960074
vt 0.038462 0.000000
vt 0.038462 0.019231
vt 0.145965 0.000000
vt 0.145965 0.019231
vt 0.038462 0.072952
vt 0.038462 0.092183
vt 0.145965 0.072952
vt 0.145965 0.092183
vt 0.998535 0.553722
vt 0.038462 0.553722
vt 0.998535 0.661225
vt 0.038462 0.661225
vt 0.019231 0.000000
vt 0.019231 0.960074
vt 0.036997 0.000000
vt 0.036997 0.960074
vt 0.998535 0.145905
vt 0.038462 0.145905
vt 0.998535 0.253408
vt 0.038462 0.253408
vt 0.000000 0.000000
vt 0.000000 0.960074
vt 0.017766 0.000000
vt 0.017766 0.960074
vt 0.038462 0.000000
vt 0.038462 0.019231
vt 0.145965 0.000000
vt 0.145965 0.019231
vt 0.038462 0.072952
vt 0.038462 0.092183
vt 0.145965 0.072952
vt 0.145965 0.092183
vt 0.998535 0.553722
vt 0.038462 0.553722
vt 0.998535 0.661225
vt 0.038462 0.661225
vt 0.019231 0.000000
vt 0.019231 0.960074
vt 0.036997 0.000000
vt 0.036997 0.960074
vt 0.998535 0.145905
vt 0.038462 0.145905
vt 0.998535 0.253408
vt 0.038462 0.253408
vt 0.000000 0.000000
vt 0.000000 0.960074
vt 0.017766 0.000000
vt 0.017766 0.960074
vt 0.038462 0.000000
vt 0.038462 0.019231
vt 0.145965 0.000000
vt 0.145965 0.019231
vt 0.038462 0.072952
vt 0.038462 0.092183
vt 0.145965 0.072952
vt 0.145965 0.092183
vt 0.998535 0.553722
vt 0.038462 0.553722
vt 0.998535 0.661225
vt 0.038462 0.661225
vt 0.019231 0.000000
vt 0.019231 0.960074
vt 0.036997 0.000000
vt 0.036997 0.960074
vt 0.998535 0.145905
vt 0.038462 0.145905
vt 0.998535 0.253408
vt 0.038462 0.253408
vt 0.000000 0.000000
vt 0.000000 0.960074
vt 0.017766 0.000000
vt 0.017766 0.960074
vt 0.038462 0.000000
vt 0.038462 0.019231
vt 0.145965 0.000000
vt 0.145965 0.019231
vt 0.038462 0.072952
vt 0.038462 0.092183
vt 0.145965 0.072952
vt 0.145965 0.092183
vt 0.998535 0.553722
vt 0.038462 0.553722
vt 0.998535 0.661225
vt 0.038462 0.661225
vt 0.019231 0.000000
vt 0.019231 0.960074
vt 0.036997 0.000000
vt 0.036997 0.960074
vt 0.998535 0.145905
vt 0.038462 0.145905
vt 0.998535 0.253408
vt 0.038462 0.253408
vt 0.000000 0.000000
vt 0.000000 0.960074
vt 0.017766 0.000000
vt 0.017766 0.960074
vt 0.038462 0.000000
vt 0.038462 0.019231
vt 0.145965 0.000000
vt 0.145965 0.019231
vt 0.626920 0.142299
vt 0.657151 0.085279
vt 0.699490 0.037096
vt 0.750199 0.008774
vt 0.808679 0.000000
vt 0.876957 0.011875
vt 0.932388 0.052523
vt 0.956640 0.092352
vt 0.965121 0.136380
vt 0.950837 0.194986
vt 0.916892 0.245232
vt 0.872973 0.288163
vt 0.925129 0.316013
vt 0.966807 0.357626
vt 0.990908 0.407746
vt 0.998535 0.463669
vt 0.984624 0.545192
vt 0.943020 0.614960
vt 0.849577 0.679389
vt 0.733586 0.698301
vt 0.685548 0.695512
vt 0.641272 0.681361
vt 0.629384 0.671663
vt 0.620403 0.659641
vt 0.616803 0.645105
vt 0.619861 0.631280
vt 0.628439 0.619870
vt 0.641403 0.611572
vt 0.656460 0.608861
vt 0.669172 0.609907
vt 0.681766 0.612919
vt 0.719917 0.631215
vt 0.761093 0.650027
vt 0.800248 0.655610
vt 0.848333 0.645431
vt 0.888162 0.616317
vt 0.916337 0.573334
vt 0.925631 0.523479
vt 0.908253 0.447066
vt 0.896054 0.424565
vt 0.880065 0.404891
vt 0.821512 0.368803
vt 0.745570 0.352716
vt 0.729699 0.352716
vt 0.729699 0.337469
vt 0.808177 0.309173
vt 0.840562 0.284954
vt 0.865212 0.253096
vt 0.883103 0.181100
vt 0.875674 0.136400
vt 0.851207 0.098600
vt 0.814598 0.074711
vt 0.771557 0.067086
vt 0.720662 0.077416
vt 0.676239 0.108143
vt 0.643293 0.150270
vt 0.301031 0.118741
vt 0.301031 0.165297
vt 0.369649 0.118741
vt 0.369649 0.165297
vt 0.430180 0.118741
vt 0.430180 0.165297
vt 0.301031 0.142019
vt 0.427995 0.000000
vt 0.379974 0.000000
vt 0.427995 0.057036
vt 0.379974 0.057036
vt 0.427995 0.117276
vt 0.379974 0.117276
vt 0.403984 0.117276
vt 0.403984 0.000000
vt 0.585977 0.118741
vt 0.537955 0.118741
vt 0.585977 0.191935
vt 0.537955 0.191935
vt 0.585977 0.258385
vt 0.537955 0.258385
vt 0.561966 0.258385
vt 0.561966 0.118741
vt 0.148365 0.000000
vt 0.100344 0.000000
vt 0.148365 0.046766
vt 0.100344 0.046766
vt 0.148365 0.091996
vt 0.100344 0.091996
vt 0.124354 0.091996
vt 0.124354 0.000000
vt 0.000000 0.206895
vt 0.000000 0.254916
vt 0.050700 0.206895
vt 0.050700 0.254916
vt 0.111154 0.206895
vt 0.111154 0.254916
vt 0.183341 0.206895
vt 0.183341 0.254916
vt 0.183341 0.230906
vt 0.000000 0.230906
vt 0.585881 0.000000
vt 0.537860 0.000000
vt 0.585881 0.061487
vt 0.537860 0.061487
vt 0.585881 0.117276
vt 0.537860 0.117276
vt 0.561870 0.117276
vt 0.561870 0.000000
vt 0.349052 0.000000
vt 0.301031 0.000000
vt 0.349052 0.055108
vt 0.301031 0.055108
vt 0.349052 0.112547
vt 0.301031 0.112547
vt 0.325041 0.112547
vt 0.325041 0.000000
vt 0.048021 0.000000
vt 0.000000 0.000000
vt 0.048021 0.082423
vt 0.000000 0.082423
vt 0.048021 0.164911
vt 0.000000 0.164911
vt 0.024011 0.164911
vt 0.000000 0.844722
vt 0.000000 0.892743
vt 0.110584 0.844722
vt 0.110584 0.892743
vt 0.232140 0.844722
vt 0.232140 0.892743
vt 0.000000 0.868732
vt 0.248708 0.000000
vt 0.200687 0.000000
vt 0.248708 0.056548
vt 0.200687 0.056548
vt 0.248708 0.095382
vt 0.200687 0.095382
vt 0.224698 0.095382
vt 0.224698 0.000000
vt 0.059239 0.728338
vt 0.059239 0.776359
vt 0.076774 0.728338
vt 0.076774 0.776359
vt 0.091977 0.728338
vt 0.091977 0.776359
vt 0.104848 0.728338
vt 0.104848 0.776359
vt 0.104848 0.752349
vt 0.059239 0.752349
vt 0.301031 0.166762
vt 0.301031 0.213318
vt 0.314995 0.166762
vt 0.314995 0.213318
vt 0.329692 0.166762
vt 0.329692 0.213318
vt 0.329692 0.190040
vt 0.301031 0.190040
vt 0.360225 0.166762
vt 0.360225 0.213318
vt 0.375540 0.166762
vt 0.375540 0.213318
vt 0.391200 0.166762
vt 0.391200 0.213318
vt 0.391200 0.190040
vt 0.360225 0.190040
vt 0.506938 0.078001
vt 0.458917 0.078001
vt 0.506938 0.090724
vt 0.458917 0.090724
vt 0.506938 0.103826
vt 0.458917 0.103826
vt 0.482927 0.103826
vt 0.482927 0.078001
vt 0.248708 0.157440
vt 0.200687 0.157440
vt 0.248708 0.199918
vt 0.200687 0.199918
vt 0.224698 0.199918
vt 0.224698 0.157440
vt 0.000000 0.728338
vt 0.000000 0.776359
vt 0.045481 0.728338
vt 0.045481 0.776359
vt 0.045481 0.752349
vt 0.000000 0.752349
vt 0.248708 0.111050
vt 0.200687 0.111050
vt 0.248708 0.150895
vt 0.200687 0.150895
vt 0.224698 0.150895
vt 0.224698 0.111050
vt 0.101529 0.262804
vt 0.101529 0.310826
vt 0.150319 0.262804
vt 0.150319 0.310826
vt 0.201007 0.262804
vt 0.201007 0.310826
vt 0.201007 0.286815
vt 0.101529 0.286815
vt 0.101529 0.379188
vt 0.101529 0.427209
vt 0.152734 0.379188
vt 0.152734 0.427209
vt 0.204336 0.379188
vt 0.204336 0.427209
vt 0.204336 0.403198
vt 0.101529 0.403198
vt 0.000000 0.379188
vt 0.000000 0.427209
vt 0.079029 0.379188
vt 0.079029 0.427209
vt 0.079029 0.403198
vt 0.000000 0.403198
vt 0.424198 0.166762
vt 0.424198 0.213318
vt 0.452151 0.166762
vt 0.452151 0.213318
vt 0.475290 0.166762
vt 0.475290 0.213318
vt 0.475290 0.190040
vt 0.424198 0.190040
vt 0.424198 0.214783
vt 0.424198 0.261339
vt 0.493481 0.214783
vt 0.493481 0.261339
vt 0.493481 0.238061
vt 0.000000 0.262804
vt 0.000000 0.310826
vt 0.078455 0.262804
vt 0.078455 0.310826
vt 0.506938 0.024053
vt 0.458917 0.024053
vt 0.506938 0.039984
vt 0.458917 0.039984
vt 0.506938 0.000000
vt 0.458917 0.000000
vt 0.506938 0.015247
vt 0.458917 0.015247
vt 0.118644 0.611955
vt 0.118644 0.659976
vt 0.202931 0.611955
vt 0.202931 0.659976
vt 0.118644 0.635965
vt 0.148365 0.111050
vt 0.100344 0.111050
vt 0.148365 0.153745
vt 0.100344 0.153745
vt 0.148365 0.192180
vt 0.100344 0.192180
vt 0.124354 0.192180
vt 0.124354 0.111050
vt 0.301031 0.214783
vt 0.301031 0.261339
vt 0.376045 0.214783
vt 0.376045 0.261339
vt 0.376045 0.238061
vt 0.301031 0.238061
vt 0.000000 0.611955
vt 0.000000 0.659976
vt 0.047085 0.611955
vt 0.047085 0.659976
vt 0.091006 0.611955
vt 0.091006 0.659976
vt 0.091006 0.635965
vt 0.000000 0.635965
vt 0.118644 0.728338
vt 0.118644 0.776359
vt 0.162061 0.728338
vt 0.162061 0.776359
vt 0.206907 0.728338
vt 0.206907 0.776359
vt 0.206907 0.752349
vt 0.118644 0.752349
vt 0.000000 0.495571
vt 0.000000 0.543592
vt 0.047816 0.495571
vt 0.047816 0.543592
vt 0.104069 0.495571
vt 0.104069 0.543592
vt 0.160645 0.495571
vt 0.160645 0.543592
vt 0.160645 0.519582
vt 0.506938 0.049185
vt 0.458917 0.049185
vt 0.506938 0.067451
vt 0.458917 0.067451
vt 0.243723 0.404805
vt 0.273953 0.347904
vt 0.316292 0.299823
vt 0.367001 0.271560
vt 0.425482 0.262804
vt 0.493760 0.274654
vt 0.549190 0.315217
vt 0.573443 0.354962
vt 0.581923 0.398899
vt 0.567639 0.457381
vt 0.533695 0.507522
vt 0.489776 0.550363
vt 0.541931 0.578154
vt 0.583609 0.619680
vt 0.607710 0.669695
vt 0.615338 0.725501
vt 0.601427 0.806853
vt 0.559822 0.876474
vt 0.466380 0.940768
vt 0.350389 0.959640
vt 0.302350 0.956857
vt 0.258074 0.942736
vt 0.246187 0.933058
vt 0.237206 0.921061
vt 0.233605 0.906556
vt 0.236663 0.892760
vt 0.245242 0.881374
vt 0.258206 0.873093
vt 0.273263 0.870388
vt 0.285975 0.871432
vt 0.298569 0.874438
vt 0.336719 0.892695
vt 0.377895 0.911468
vt 0.417051 0.917039
vt 0.465136 0.906882
vt 0.504964 0.877828
vt 0.533140 0.834935
vt 0.542433 0.785186
vt 0.525056 0.708932
vt 0.512856 0.686479
vt 0.496868 0.666846
vt 0.438314 0.630834
vt 0.362372 0.614780
vt 0.346502 0.614780
vt 0.346502 0.599566
vt 0.424980 0.571328
vt 0.457365 0.547160
vt 0.482014 0.515369
vt 0.499905 0.443525
vt 0.492476 0.398918
vt 0.468010 0.361197
vt 0.431401 0.337359
vt 0.388360 0.329749
vt 0.337464 0.340057
vt 0.293041 0.370721
vt 0.260095 0.412760
vt 0.588891 0.635959
vt 0.998535 0.514911
vt 0.955112 0.635959
vt 0.588891 0.618714
vt 0.709353 0.502446
vt 0.816371 0.377253
vt 0.862425 0.296029
vt 0.882304 0.206027
vt 0.873502 0.152707
vt 0.846055 0.108658
vt 0.806419 0.080078
vt 0.759662 0.070557
vt 0.716141 0.077169
vt 0.677476 0.097058
vt 0.644862 0.131193
vt 0.623579 0.174982
vt 0.606705 0.174982
vt 0.625246 0.104721
vt 0.665607 0.045157
vt 0.720163 0.010822
vt 0.784186 0.000000
vt 0.853111 0.012056
vt 0.910426 0.048768
vt 0.948309 0.101636
vt 0.961046 0.163693
vt 0.955343 0.211885
vt 0.939013 0.258395
vt 0.829181 0.415976
vt 0.688260 0.565401
vt 0.848712 0.565401
vt 0.883599 0.564794
vt 0.917457 0.561790
vt 0.953074 0.546745
vt 0.980732 0.514911
vt 0.078398 0.171062
vt 0.078398 0.215508
vt 0.207050 0.171062
vt 0.207050 0.215508
vt 0.176317 0.425481
vt 0.133336 0.425481
vt 0.176317 0.793011
vt 0.133336 0.793011
vt 0.066031 0.000000
vt 0.066031 0.044445
vt 0.083276 0.000000
vt 0.083276 0.044445
vt 0.131871 0.425481
vt 0.088891 0.425481
vt 0.131871 0.616389
vt 0.088891 0.616389
vt 0.131871 0.758344
vt 0.088891 0.758344
vt 0.492184 0.088891
vt 0.447739 0.088891
vt 0.492184 0.190397
vt 0.447739 0.190397
vt 0.492184 0.273860
vt 0.447739 0.273860
vt 0.469961 0.088891
vt 0.078398 0.118931
vt 0.078398 0.163376
vt 0.132443 0.118931
vt 0.132443 0.163376
vt 0.185052 0.118931
vt 0.185052 0.163376
vt 0.185052 0.141154
vt 0.078398 0.141154
vt 0.351032 0.088891
vt 0.306586 0.088891
vt 0.351032 0.137648
vt 0.306586 0.137648
vt 0.351032 0.186427
vt 0.306586 0.186427
vt 0.328809 0.186427
vt 0.328809 0.088891
vt 0.306586 0.000000
vt 0.306586 0.042981
vt 0.350633 0.000000
vt 0.350633 0.042981
vt 0.394731 0.000000
vt 0.394731 0.042981
vt 0.394731 0.021490
vt 0.306586 0.021490
vt 0.306586 0.044445
vt 0.306586 0.087426
vt 0.353127 0.044445
vt 0.353127 0.087426
vt 0.402984 0.044445
vt 0.402984 0.087426
vt 0.402984 0.065936
vt 0.000000 0.000000
vt 0.000000 0.044445
vt 0.016934 0.000000
vt 0.016934 0.044445
vt 0.042981 0.425481
vt 0.000000 0.425481
vt 0.042981 0.503088
vt 0.000000 0.503088
vt 0.042981 0.570912
vt 0.000000 0.570912
vt 0.044445 0.118931
vt 0.000000 0.118931
vt 0.044445 0.182852
vt 0.000000 0.182852
vt 0.044445 0.249511
vt 0.000000 0.249511
vt 0.000000 0.366733
vt 0.000000 0.411178
vt 0.070102 0.366733
vt 0.070102 0.411178
vt 0.139308 0.366733
vt 0.139308 0.411178
vt 0.078398 0.223194
vt 0.078398 0.267639
vt 0.143290 0.223194
vt 0.143290 0.267639
vt 0.207763 0.223194
vt 0.207763 0.267639
vt 0.078398 0.245416
vt 0.421608 0.088891
vt 0.377162 0.088891
vt 0.421608 0.137045
vt 0.377162 0.137045
vt 0.421608 0.186931
vt 0.377162 0.186931
vt 0.399385 0.186931
vt 0.399385 0.088891
vt 0.000000 0.066799
vt 0.000000 0.111245
vt 0.193073 0.066799
vt 0.193073 0.111245
vt 0.193073 0.089022
vt 0.562760 0.000000
vt 0.518315 0.000000
vt 0.562760 0.205770
vt 0.518315 0.205770
vt 0.087426 0.425481
vt 0.044445 0.425481
vt 0.087426 0.586507
vt 0.044445 0.586507
vt 0.131445 0.275325
vt 0.087000 0.275325
vt 0.131445 0.316478
vt 0.087000 0.316478
vt 0.131445 0.344479
vt 0.087000 0.344479
vt 0.109223 0.275325
vt 0.177721 0.020957
vt 0.133276 0.020957
vt 0.177721 0.060041
vt 0.133276 0.060041
vt 0.155499 0.060041
vt 0.155499 0.020957
vt 0.000000 0.275325
vt 0.000000 0.319771
vt 0.042594 0.275325
vt 0.042594 0.319771
vt 0.042594 0.297548
vt 0.177721 0.000000
vt 0.133276 0.000000
vt 0.177721 0.017867
vt 0.133276 0.017867
vt 0.177782 0.909819
vt 0.587426 0.789050
vt 0.544003 0.909819
vt 0.177782 0.892614
vt 0.298244 0.776613
vt 0.405262 0.651709
vt 0.451316 0.570672
vt 0.471195 0.480877
vt 0.462393 0.427681
vt 0.434946 0.383733
vt 0.395310 0.355219
vt 0.348553 0.345720
vt 0.305032 0.352316
vt 0.266367 0.372159
vt 0.233753 0.406215
vt 0.212470 0.449904
vt 0.195596 0.449904
vt 0.214137 0.379805
vt 0.254498 0.320378
vt 0.309054 0.286122
vt 0.373077 0.275325
vt 0.442001 0.287354
vt 0.499317 0.323980
vt 0.537200 0.376727
vt 0.549937 0.438641
vt 0.544234 0.486722
vt 0.527904 0.533125
vt 0.418072 0.690343
vt 0.277151 0.839424
vt 0.437603 0.839424
vt 0.472490 0.838818
vt 0.506347 0.835821
vt 0.541965 0.820811
vt 0.569623 0.789050
vt 0.217202 0.933571
vt 0.908382 0.631641
vt 0.998535 0.818137
vt 0.998535 0.836770
vt 0.352432 0.836770
vt 0.311850 0.837468
vt 0.271917 0.842146
vt 0.257621 0.850732
vt 0.247645 0.864428
vt 0.238007 0.933571
vt 0.217202 0.645469
vt 0.238007 0.645469
vt 0.239934 0.681474
vt 0.247440 0.715198
vt 0.256536 0.728161
vt 0.269405 0.737288
vt 0.352432 0.743427
vt 0.766217 0.743427
vt 0.873516 0.737860
vt 0.888109 0.732846
vt 0.900096 0.723460
vt 0.906507 0.711649
vt 0.908573 0.698293
vt 0.891045 0.640093
vt 0.053243 0.000000
vt 0.000000 0.000000
vt 0.053243 0.208032
vt 0.000000 0.208032
vt 0.271910 0.164123
vt 0.217202 0.164123
vt 0.271910 0.182847
vt 0.217202 0.182847
vt 0.215737 0.000000
vt 0.162494 0.000000
vt 0.215737 0.647314
vt 0.162494 0.647314
vt 0.581475 0.109415
vt 0.581475 0.162658
vt 0.632983 0.109415
vt 0.632983 0.162658
vt 0.662525 0.109415
vt 0.662525 0.162658
vt 0.581475 0.136037
vt 0.779533 0.218831
vt 0.779533 0.272073
vt 0.796013 0.218831
vt 0.796013 0.272073
vt 0.813477 0.218831
vt 0.813477 0.272073
vt 0.813477 0.245452
vt 0.779533 0.245452
vt 0.217202 0.109415
vt 0.217202 0.162658
vt 0.287746 0.109415
vt 0.287746 0.162658
vt 0.287746 0.136037
vt 0.271910 0.244940
vt 0.217202 0.244940
vt 0.271910 0.265783
vt 0.217202 0.265783
vt 0.217202 0.000000
vt 0.217202 0.053243
vt 0.506701 0.000000
vt 0.506701 0.053243
vt 0.271910 0.216341
vt 0.217202 0.216341
vt 0.271910 0.237185
vt 0.217202 0.237185
vt 0.581475 0.054708
vt 0.581475 0.107950
vt 0.625206 0.054708
vt 0.625206 0.107950
vt 0.652609 0.054708
vt 0.652609 0.107950
vt 0.581475 0.081329
vt 0.572529 0.218831
vt 0.572529 0.272073
vt 0.589118 0.218831
vt 0.589118 0.272073
vt 0.604400 0.218831
vt 0.604400 0.272073
vt 0.604400 0.245452
vt 0.572529 0.245452
vt 0.054708 0.000000
vt 0.054708 0.054708
vt 0.138395 0.000000
vt 0.138395 0.054708
vt 0.138395 0.027354
vt 0.217202 0.273538
vt 0.217202 0.326781
vt 0.631763 0.273538
vt 0.631763 0.326781
vt 0.054708 0.467518
vt 0.054708 0.522225
vt 0.161030 0.467518
vt 0.161030 0.522225
vt 0.054708 0.494872
vt 0.772688 0.164123
vt 0.772688 0.217366
vt 0.789454 0.164123
vt 0.789454 0.217366
vt 0.803578 0.164123
vt 0.803578 0.217366
vt 0.803578 0.190744
vt 0.772688 0.190744
vt 0.572529 0.164123
vt 0.572529 0.217366
vt 0.585876 0.164123
vt 0.585876 0.217366
vt 0.599729 0.164123
vt 0.599729 0.217366
vt 0.599729 0.190744
vt 0.572529 0.190744
vt 0.217202 0.054708
vt 0.217202 0.107950
vt 0.278699 0.054708
vt 0.278699 0.107950
vt 0.278699 0.081329
vt 0.271910 0.189813
vt 0.217202 0.189813
vt 0.271910 0.209148
vt 0.217202 0.209148
vt 0.217202 0.630176
vt 0.908382 0.328246
vt 0.998535 0.514742
vt 0.998535 0.533375
vt 0.352432 0.533375
vt 0.311850 0.534074
vt 0.271917 0.538752
vt 0.257621 0.547337
vt 0.247645 0.561033
vt 0.238007 0.630176
vt 0.217202 0.342074
vt 0.238007 0.342074
vt 0.239934 0.378080
vt 0.247440 0.411803
vt 0.256536 0.424766
vt 0.269405 0.433893
vt 0.352432 0.440032
vt 0.766217 0.440032
vt 0.873516 0.434465
vt 0.888109 0.429451
vt 0.900096 0.420065
vt 0.906507 0.408254
vt 0.908573 0.394898
vt 0.891045 0.336698
vn -0.000000 -1.000000 0.000000
vn -0.000000 -1.000000 0.000000
vn -0.000000 -1.000000 0.000000
vn -0.000000 -1.000000 0.000000
vn 0.447214 0.000000 -0.894427
vn 0.447214 0.000000 -0.894427
vn 0.447214 0.000000 -0.894427
vn 0.447214 0.000000 -0.894427
vn 1.000000 0.000000 0.000000
vn 1.000000 0.000000 0.000000
vn 1.000000 0.000000 0.000000
vn 1.000000 0.000000 0.000000
vn -0.447214 -0.000000 0.894427
vn -0.447214 -0.000000 0.894427
vn -0.447214 -0.000000 0.894427
vn -0.447214 -0.000000 0.894427
vn -1.000000 0.000000 0.000000
vn -1.000000 0.000000 0.000000
vn -1.000000 0.000000 0.000000
vn -1.000000 0.000000 0.000000
vn 0.000000 1.000000 -0.000000
vn 0.000000 1.000000 -0.000000
vn 0.000000 1.000000 -0.000000
vn 0.000000 1.000000 -0.000000
vn -0.000000 -1.000000 0.000000
vn -0.000000 -1.000000 0.000000
vn -0.000000 -1.000000 0.000000
vn -0.000000 -1.000000 0.000000
vn 0.447214 0.000000 -0.894427
vn 0.447214 0.000000 -0.894427
vn 0.447214 0.000000 -0.894427
vn 0.447214 0.000000 -0.894427
vn 1.000000 0.000000 0.000000
vn 1.000000 0.000000 0.000000
vn 1.000000 0.000000 0.000000
vn 1.000000 0.000000 0.000000
vn -0.447214 -0.000000 0.894427
vn -0.447214 -0.000000 0.894427
vn -0.447214 -0.000000 0.894427
vn -0.447214 -0.000000 0.894427
vn -1.000000 0.000000 0.000000
vn -1.000000 0.000000 0.000000
vn -1.000000 0.000000 0.000000
vn -1.000000 0.000000 0.000000
vn 0.000000 1.000000 -0.000000
vn 0.000000 1.000000 -0.000000
vn 0.000000 1.000000 -0.000000
vn 0.000000 1.000000 -0.000000
vn -0.000000 -1.000000 0.000000
vn -0.000000 -1.000000 0.000000
vn -0.000000 -1.000000 0.000000
vn -0.000000 -1.000000 0.000000
vn 0.447214 0.000000 -0.894427
vn 0.447214 0.000000 -0.894427
vn 0.447214 0.000000 -0.894427
vn 0.447214 0.000000 -0.894427
vn 1.000000 0.000000 0.000000
vn 1.000000 0.000000 0.000000
vn 1.000000 0.000000 0.000000
vn 1.000000 0.000000 0.000000
vn -0.447214 -0.000000 0.894427
vn -0.447214 -0.000000 0.894427
vn -0.447214 -0.000000 0.894427
vn -0.447214 -0.000000 0.894427
vn -1.000000 0.000000 0.000000
vn -1.000000 0.000000 0.000000
vn -1.000000 0.000000 0.000000
vn -1.000000 0.000000 0.000000
vn 0.000000 1.000000 -0.000000
vn 0.000000 1.000000 -0.000000
vn 0.000000 1.000000 -0.000000
vn 0.000000 1.000000 -0.000000
vn -0.000000 -1.000000 0.000000
vn -0.000000 -1.000000 0.000000
vn -0.000000 -1.000000 0.000000
vn -0.000000 -1.000000 0.000000
vn 0.447214 0.000000 -0.894427
vn 0.447214 0.000000 -0.894427
vn 0.447214 0.000000 -0.894427
vn 0.447214 0.000000 -0.894427
vn 1.000000 0.000000 0.000000
vn 1.000000 0.000000 0.000000
vn 1.000000 0.000000 0.000000
vn 1.000000 0.000000 0.000000
vn -0.447214 -0.000000 0.894427
vn -0.447214 -0.000000 0.894427
vn -0.447214 -0.000000 0.894427
vn -0.447214 -0.000000 0.894427
vn -1.000000 0.000000 0.000000
vn -1.000000 0.000000 0.000000
vn -1.000000 0.000000 0.000000
vn -1.000000 0.000000 0.000000
vn 0.000000 1.000000 -0.000000
vn 0.000000 1.000000 -0.000000
vn 0.000000 1.000000 -0.000000
vn 0.000000 1.000000 -0.000000
vn -0.000000 -1.000000 0.000000
vn -0.000000 -1.000000 0.000000
vn -0.000000 -1.000000 0.000000
vn -0.000000 -1.000000 0.000000
vn 0.447214 0.000000 -0.894427
vn 0.447214 0.000000 -0.894427
vn 0.447214 0.000000 -0.894427
vn 0.447214 0.000000 -0.894427
vn 1.000000 0.000000 0.000000
vn 1.000000 0.000000 0.000000
vn 1.000000 0.000000 0.000000
vn 1.000000 0.000000 0.000000
vn -0.447214 -0.000000 0.894427
vn -0.447214 -0.000000 0.894427
vn -0.447214 -0.000000 0.894427
vn -0.447214 -0.000000 0.894427
vn -1.000000 0.000000 0.000000
vn -1.000000 0.000000 0.000000
vn -1.000000 0.000000 0.000000
vn -1.000000 0.000000 0.000000
vn 0.000000 1.000000 -0.000000
vn 0.000000 1.000000 -0.000000
vn 0.000000 1.000000 -0.000000
vn 0.000000 1.000000 -0.000000
vn -0.000000 -1.000000 0.000000
vn -0.000000 -1.000000 0.000000
vn -0.000000 -1.000000 0.000000
vn -0.000000 -1.000000 0.000000
vn 0.447214 0.000000 -0.894427
vn 0.447214 0.000000 -0.894427
vn 0.447214 0.000000 -0.894427
vn 0.447214 0.000000 -0.894427
vn 1.000000 0.000000 0.000000
vn 1.000000 0.000000 0.000000
vn 1.000000 0.000000 0.000000
vn 1.000000 0.000000 0.000000
vn -0.447214 -0.000000 0.894427
vn -0.447214 -0.000000 0.894427
vn -0.447214 -0.000000 0.894427
vn -0.447214 -0.000000 0.894427
vn -1.000000 0.000000 0.000000
vn -1.000000 0.000000 0.000000
vn -1.000000 0.000000 0.000000
vn -1.000000 0.000000 0.000000
vn 0.000000 1.000000 -0.000000
vn 0.000000 1.000000 -0.000000
vn 0.000000 1.000000 -0.000000
vn 0.000000 1.000000 -0.000000
vn 0.000000 -1.000000 0.000000
vn 0.000000 -1.000000 0.000000
vn 0.000000 -1.000000 0.000000
vn 0.000000 -1.000000 0.000000
vn -0.447214 0.000000 -0.894427
vn -0.447214 0.000000 -0.894427
vn -0.447214 0.000000 -0.894427
vn -0.447214 0.000000 -0.894427
vn 1.000000 0.000000 0.000000
vn 1.000000 0.000000 0.000000
vn 1.000000 0.000000 0.000000
vn 1.000000 0.000000 0.000000
vn 0.447214 0.000000 0.894427
vn 0.447214 0.000000 0.894427
vn 0.447214 0.000000 0.894427
vn 0.447214 0.000000 0.894427
vn -1.000000 0.000000 0.000000
vn -1.000000 0.000000 0.000000
vn -1.000000 0.000000 0.000000
vn -1.000000 0.000000 0.000000
vn -0.000000 1.000000 -0.000000
vn -0.000000 1.000000 -0.000000
vn -0.000000 1.000000 -0.000000
vn -0.000000 1.000000 -0.000000
vn 0.000000 -1.000000 0.000000
vn 0.000000 -1.000000 0.000000
vn 0.000000 -1.000000 0.000000
vn 0.000000 -1.000000 0.000000
vn -0.447214 0.000000 -0.894427
vn -0.447214 0.000000 -0.894427
vn -0.447214 0.000000 -0.894427
vn -0.447214 0.000000 -0.894427
vn 1.000000 0.000000 0.000000
vn 1.000000 0.000000 0.000000
vn 1.000000 0.000000 0.000000
vn 1.000000 0.000000 0.000000
vn 0.447214 0.000000 0.894427
vn 0.447214 0.000000 0.894427
vn 0.447214 0.000000 0.894427
vn 0.447214 0.000000 0.894427
vn -1.000000 0.000000 0.000000
vn -1.000000 0.000000 0.000000
vn -1.000000 0.000000 0.000000
vn -1.000000 0.000000 0.000000
vn -0.000000 1.000000 -0.000000
vn -0.000000 1.000000 -0.000000
vn -0.000000 1.000000 -0.000000
vn -0.000000 1.000000 -0.000000
vn 0.000000 -1.000000 0.000000
vn 0.000000 -1.000000 0.000000
vn 0.000000 -1.000000 0.000000
vn 0.000000 -1.000000 0.000000
vn -0.447214 0.000000 -0.894427
vn -0.447214 0.000000 -0.894427
vn -0.447214 0.000000 -0.894427
vn -0.447214 0.000000 -0.894427
vn 1.000000 0.000000 0.000000
vn 1.000000 0.000000 0.000000
vn 1.000000 0.000000 0.000000
vn 1.000000 0.000000 0.000000
vn 0.447214 0.000000 0.894427
vn 0.447214 0.000000 0.894427
vn 0.447214 0.000000 0.894427
vn 0.447214 0.000000 0.894427
vn -1.000000 0.000000 0.000000
vn -1.000000 0.000000 0.000000
vn -1.000000 0.000000 0.000000
vn -1.000000 0.000000 0.000000
vn -0.000000 1.000000 -0.000000
vn -0.000000 1.000000 -0.000000
vn -0.000000 1.000000 -0.000000
vn -0.000000 1.000000 -0.000000
vn 0.000000 -1.000000 0.000000
vn 0.000000 -1.000000 0.000000
vn 0.000000 -1.000000 0.000000
vn 0.000000 -1.000000 0.000000
vn -0.447214 0.000000 -0.894427
vn -0.447214 0.000000 -0.894427
vn -0.447214 0.000000 -0.894427
vn -0.447214 0.000000 -0.894427
vn 1.000000 0.000000 0.000000
vn 1.000000 0.000000 0.000000
vn 1.000000 0.000000 0.000000
vn 1.000000 0.000000 0.000000
vn 0.447214 0.000000 0.894427
vn 0.447214 0.000000 0.894427
vn 0.447214 0.000000 0.894427
vn 0.447214 0.000000 0.894427
vn -1.000000 0.000000 0.000000
vn -1.000000 0.000000 0.000000
vn -1.000000 0.000000 0.000000
vn -1.000000 0.000000 0.000000
vn -0.000000 1.000000 -0.000000
vn -0.000000 1.000000 -0.000000
vn -0.000000 1.000000 -0.000000
vn -0.000000 1.000000 -0.000000
vn 0.000000 -1.000000 0.000000
vn 0.000000 -1.000000 0.000000
vn 0.000000 -1.000000 0.000000
vn 0.000000 -1.000000 0.000000
vn -0.447214 0.000000 -0.894427
vn -0.447214 0.000000 -0.894427
vn -0.447214 0.000000 -0.894427
vn -0.447214 0.000000 -0.894427
vn 1.000000 0.000000 0.000000
vn 1.000000 0.000000 0.000000
vn 1.000000 0.000000 0.000000
vn 1.000000 0.000000 0.000000
vn 0.447214 0.000000 0.894427
vn 0.447214 0.000000 0.894427
vn 0.447214 0.000000 0.894427
vn 0.447214 0.000000 0.894427
vn -1.000000 0.000000 0.000000
vn -1.000000 0.000000 0.000000
vn -1.000000 0.000000 0.000000
vn -1.000000 0.000000 0.000000
vn -0.000000 1.000000 -0.000000
vn -0.000000 1.000000 -0.000000
vn -0.000000 1.000000 -0.000000
vn -0.000000 1.000000 -0.000000
vn 0.000000 -1.000000 0.000000
vn 0.000000 -1.000000 0.000000
vn 0.000000 -1.000000 0.000000
vn 0.000000 -1.000000 0.000000
vn -0.447214 0.000000 -0.894427
vn -0.447214 0.000000 -0.894427
vn -0.447214 0.000000 -0.894427
vn -0.447214 0.000000 -0.894427
vn 1.000000 0.000000 0.000000
vn 1.000000 0.000000 0.000000
vn 1.000000 0.000000 0.000000
vn 1.000000 0.000000 0.000000
vn 0.447214 0.000000 0.894427
vn 0.447214 0.000000 0.894427
vn 0.447214 0.000000 0.894427
vn 0.447214 0.000000 0.894427
vn -1.000000 0.000000 0.000000
vn -1.000000 0.000000 0.000000
vn -1.000000 0.000000 0.000000
vn -1.000000 0.000000 0.000000
vn -0.000000 1.000000 -0.000000
vn -0.000000 1.000000 -0.000000
vn -0.000000 1.000000 -0.000000
vn -0.000000 1.000000 -0.000000
vn 0.000000 -1.000000 -0.000000
vn 0.000000 -1.000000 -0.000000
vn 0.000000 -1.000000 -0.000000
vn 0.000000 -1.000000 -0.000000
vn 0.894427 -0.000000 0.447214
vn 0.894427 -0.000000 0.447214
vn 0.894427 -0.000000 0.447214
vn 0.894427 -0.000000 0.447214
vn 0.894427 0.000000 0.447214
vn 0.894427 0.000000 0.447214
vn 0.894427 0.000000 0.447214
vn 0.894427 0.000000 0.447214
vn 0.894427 0.000000 0.447214
vn 0.894427 0.000000 0.447214
vn 0.894427 0.000000 0.447214
vn 0.894427 0.000000 0.447214
vn 0.894427 0.000000 0.447214
vn 0.894427 0.000000 0.447214
vn 0.894427 0.000000 0.447214
vn 0.894427 0.000000 0.447214
vn -0.000000 -0.000000 1.000000
vn -0.000000 -0.000000 1.000000
vn -0.000000 -0.000000 1.000000
vn -0.000000 -0.000000 1.000000
vn -0.894427 -0.000000 -0.447214
vn -0.894427 -0.000000 -0.447214
vn -0.894427 -0.000000 -0.447214
vn -0.894427 -0.000000 -0.447214
vn -0.894427 0.000000 -0.447214
vn -0.894427 0.000000 -0.447214
vn -0.894427 0.000000 -0.447214
vn -0.894427 0.000000 -0.447214
vn -0.894427 0.000000 -0.447214
vn -0.894427 0.000000 -0.447214
vn -0.894427 0.000000 -0.447214
vn -0.894427 0.000000 -0.447214
vn -0.894427 0.000000 -0.447214
vn -0.894427 0.000000 -0.447214
vn -0.894427 0.000000 -0.447214
vn -0.894427 0.000000 -0.447214
vn -0.000000 0.000000 -1.000000
vn -0.000000 0.000000 -1.000000
vn -0.000000 0.000000 -1.000000
vn -0.000000 0.000000 -1.000000
vn -0.000000 1.000000 0.000000
vn -0.000000 1.000000 0.000000
vn -0.000000 1.000000 0.000000
vn -0.000000 1.000000 0.000000
vn -0.000000 -1.000000 0.000000
vn -0.000000 -1.000000 0.000000
vn -0.000000 -1.000000 0.000000
vn -0.000000 -1.000000 0.000000
vn 0.894427 0.000000 0.447214
vn 0.894427 0.000000 0.447214
vn 0.894427 0.000000 0.447214
vn 0.894427 0.000000 0.447214
vn -0.000000 -0.000000 1.000000
vn -0.000000 -0.000000 1.000000
vn -0.000000 -0.000000 1.000000
vn -0.000000 -0.000000 1.000000
vn -0.894427 0.000000 -0.447214
vn -0.894427 0.000000 -0.447214
vn -0.894427 0.000000 -0.447214
vn -0.894427 0.000000 -0.447214
vn -0.000000 0.000000 -1.000000
vn -0.000000 0.000000 -1.000000
vn -0.000000 0.000000 -1.000000
vn -0.000000 0.000000 -1.000000
vn 0.000000 1.000000 -0.000000
vn 0.000000 1.000000 -0.000000
vn 0.000000 1.000000 -0.000000
vn 0.000000 1.000000 -0.000000
vn -0.000000 -1.000000 0.000000
vn -0.000000 -1.000000 0.000000
vn -0.000000 -1.000000 0.000000
vn -0.000000 -1.000000 0.000000
vn 0.894427 0.000000 0.447214
vn 0.894427 0.000000 0.447214
vn 0.894427 0.000000 0.447214
vn 0.894427 0.000000 0.447214
vn -0.000000 -0.000000 1.000000
vn -0.000000 -0.000000 1.000000
vn -0.000000 -0.000000 1.000000
vn -0.000000 -0.000000 1.000000
vn -0.894427 0.000000 -0.447214
vn -0.894427 0.000000 -0.447214
vn -0.894427 0.000000 -0.447214
vn -0.894427 0.000000 -0.447214
vn -0.000000 0.000000 -1.000000
vn -0.000000 0.000000 -1.000000
vn -0.000000 0.000000 -1.000000
vn -0.000000 0.000000 -1.000000
vn 0.000000 1.000000 -0.000000
vn 0.000000 1.000000 -0.000000
vn 0.000000 1.000000 -0.000000
vn 0.000000 1.000000 -0.000000
vn 0.000000 -1.000000 -0.000000
vn 0.000000 -1.000000 -0.000000
vn 0.000000 -1.000000 -0.000000
vn 0.000000 -1.000000 -0.000000
vn 0.894427 -0.000000 0.447214
vn 0.894427 -0.000000 0.447214
vn 0.894427 -0.000000 0.447214
vn 0.894427 -0.000000 0.447214
vn 0.894427 0.000000 0.447214
vn 0.894427 0.000000 0.447214
vn 0.894427 0.000000 0.447214
vn 0.894427 0.000000 0.447214
vn 0.894427 0.000000 0.447214
vn 0.894427 0.000000 0.447214
vn 0.894427 0.000000 0.447214
vn 0.894427 0.000000 0.447214
vn 0.894427 0.000000 0.447214
vn 0.894427 0.000000 0.447214
vn 0.894427 0.000000 0.447214
vn 0.894427 0.000000 0.447214
vn -0.000000 -0.000000 1.000000
vn -0.000000 -0.000000 1.000000
vn -0.000000 -0.000000 1.000000
vn -0.000000 -0.000000 1.000000
vn -0.894427 -0.000000 -0.447214
vn -0.894427 -0.000000 -0.447214
vn -0.894427 -0.000000 -0.447214
vn -0.894427 -0.000000 -0.447214
vn -0.894427 0.000000 -0.447214
vn -0.894427 0.000000 -0.447214
vn -0.894427 0.000000 -0.447214
vn -0.894427 0.000000 -0.447214
vn -0.894427 0.000000 -0.447214
vn -0.894427 0.000000 -0.447214
vn -0.894427 0.000000 -0.447214
vn -0.894427 0.000000 -0.447214
vn -0.894427 0.000000 -0.447214
vn -0.894427 0.000000 -0.447214
vn -0.894427 0.000000 -0.447214
vn -0.894427 0.000000 -0.447214
vn -0.000000 0.000000 -1.000000
vn -0.000000 0.000000 -1.000000
vn -0.000000 0.000000 -1.000000
vn -0.000000 0.000000 -1.000000
vn -0.000000 1.000000 0.000000
vn -0.000000 1.000000 0.000000
vn -0.000000 1.000000 0.000000
vn -0.000000 1.000000 0.000000
vn 0.000000 -1.000000 -0.000000
vn 0.000000 -1.000000 -0.000000
vn 0.000000 -1.000000 -0.000000
vn 0.000000 -1.000000 -0.000000
vn 0.894427 -0.000000 0.447214
vn 0.894427 -0.000000 0.447214
vn 0.894427 -0.000000 0.447214
vn 0.894427 -0.000000 0.447214
vn 0.894427 0.000000 0.447214
vn 0.894427 0.000000 0.447214
vn 0.894427 0.000000 0.447214
vn 0.894427 0.000000 0.447214
vn 0.894427 0.000000 0.447214
vn 0.894427 0.000000 0.447214
vn 0.894427 0.000000 0.447214
vn 0.894427 0.000000 0.447214
vn 0.894427 0.000000 0.447214
vn 0.894427 0.000000 0.447214
vn 0.894427 0.000000 0.447214
vn 0.894427 0.000000 0.447214
vn -0.000000 -0.000000 1.000000
vn -0.000000 -0.000000 1.000000
vn -0.000000 -0.000000 1.000000
vn -0.000000 -0.000000 1.000000
vn -0.894427 -0.000000 -0.447214
vn -0.894427 -0.000000 -0.447214
vn -0.894427 -0.000000 -0.447214
vn -0.894427 -0.000000 -0.447214
vn -0.894427 0.000000 -0.447214
vn -0.894427 0.000000 -0.447214
vn -0.894427 0.000000 -0.447214
vn -0.894427 0.000000 -0.447214
vn -0.894427 0.000000 -0.447214
vn -0.894427 0.000000 -0.447214
vn -0.894427 0.000000 -0.447214
vn -0.894427 0.000000 -0.447214
vn -0.894427 0.000000 -0.447214
vn -0.894427 0.000000 -0.447214
vn -0.894427 0.000000 -0.447214
vn -0.894427 0.000000 -0.447214
vn -0.000000 0.000000 -1.000000
vn -0.000000 0.000000 -1.000000
vn -0.000000 0.000000 -1.000000
vn -0.000000 0.000000 -1.000000
vn -0.000000 1.000000 0.000000
vn -0.000000 1.000000 0.000000
vn -0.000000 1.000000 0.000000
vn -0.000000 1.000000 0.000000
vn -0.000000 -1.000000 0.000000
vn -0.000000 -1.000000 0.000000
vn -0.000000 -1.000000 0.000000
vn -0.000000 -1.000000 0.000000
vn 0.894427 0.000000 0.447214
vn 0.894427 0.000000 0.447214
vn 0.894427 0.000000 0.447214
vn 0.894427 0.000000 0.447214
vn -0.000000 -0.000000 1.000000
vn -0.000000 -0.000000 1.000000
vn -0.000000 -0.000000 1.000000
vn -0.000000 -0.000000 1.000000
vn -0.894427 0.000000 -0.447214
vn -0.894427 0.000000 -0.447214
vn -0.894427 0.000000 -0.447214
vn -0.894427 0.000000 -0.447214
vn -0.000000 0.000000 -1.000000
vn -0.000000 0.000000 -1.000000
vn -0.000000 0.000000 -1.000000
vn -0.000000 0.000000 -1.000000
vn 0.000000 1.000000 -0.000000
vn 0.000000 1.000000 -0.000000
vn 0.000000 1.000000 -0.000000
vn 0.000000 1.000000 -0.000000
vn 0.000000 -1.000000 0.000000
vn 0.000000 -1.000000 0.000000
vn 0.000000 -1.000000 0.000000
vn 0.000000 -1.000000 0.000000
vn 0.894427 0.000000 -0.447214
vn 0.894427 0.000000 -0.447214
vn 0.894427 0.000000 -0.447214
vn 0.894427 0.000000 -0.447214
vn 0.894427 0.000000 -0.447214
vn 0.894427 0.000000 -0.447214
vn 0.894427 0.000000 -0.447214
vn 0.894427 0.000000 -0.447214
vn 0.894427 0.000000 -0.447214
vn 0.894427 0.000000 -0.447214
vn 0.894427 0.000000 -0.447214
vn 0.894427 0.000000 -0.447214
vn 0.894427 0.000000 -0.447214
vn 0.894427 0.000000 -0.447214
vn 0.894427 0.000000 -0.447214
vn 0.894427 0.000000 -0.447214
vn -0.000000 -0.000000 1.000000
vn -0.000000 -0.000000 1.000000
vn -0.000000 -0.000000 1.000000
vn -0.000000 -0.000000 1.000000
vn -0.894427 -0.000000 0.447214
vn -0.894427 -0.000000 0.447214
vn -0.894427 -0.000000 0.447214
vn -0.894427 -0.000000 0.447214
vn -0.894427 -0.000000 0.447214
vn -0.894427 -0.000000 0.447214
vn -0.894427 -0.000000 0.447214
vn -0.894427 -0.000000 0.447214
vn -0.894427 -0.000000 0.447214
vn -0.894427 -0.000000 0.447214
vn -0.894427 -0.000000 0.447214
vn -0.894427 -0.000000 0.447214
vn -0.894427 -0.000000 0.447214
vn -0.894427 -0.000000 0.447214
vn -0.894427 -0.000000 0.447214
vn -0.894427 -0.000000 0.447214
vn -0.000000 0.000000 -1.000000
vn -0.000000 0.000000 -1.000000
vn -0.000000 0.000000 -1.000000
vn -0.000000 0.000000 -1.000000
vn -0.000000 1.000000 -0.000000
vn -0.000000 1.000000 -0.000000
vn -0.000000 1.000000 -0.000000
vn -0.000000 1.000000 -0.000000
vn -0.000000 -1.000000 0.000000
vn -0.000000 -1.000000 0.000000
vn -0.000000 -1.000000 0.000000
vn -0.000000 -1.000000 0.000000
vn 0.894427 0.000000 -0.447214
vn 0.894427 0.000000 -0.447214
vn 0.894427 0.000000 -0.447214
vn 0.894427 0.000000 -0.447214
vn -0.000000 -0.000000 1.000000
vn -0.000000 -0.000000 1.000000
vn -0.000000 -0.000000 1.000000
vn -0.000000 -0.000000 1.000000
vn -0.894427 -0.000000 0.447214
vn -0.894427 -0.000000 0.447214
vn -0.894427 -0.000000 0.447214
vn -0.894427 -0.000000 0.447214
vn -0.000000 0.000000 -1.000000
vn -0.000000 0.000000 -1.000000
vn -0.000000 0.000000 -1.000000
vn -0.000000 0.000000 -1.000000
vn 0.000000 1.000000 -0.000000
vn 0.000000 1.000000 -0.000000
vn 0.000000 1.000000 -0.000000
vn 0.000000 1.000000 -0.000000
vn 0.000000 -1.000000 0.000000
vn 0.000000 -1.000000 0.000000
vn 0.000000 -1.000000 0.000000
vn 0.000000 -1.000000 0.000000
vn 0.894427 0.000000 -0.447214
vn 0.894427 0.000000 -0.447214
vn 0.894427 0.000000 -0.447214
vn 0.894427 0.000000 -0.447214
vn 0.894427 0.000000 -0.447214
vn 0.894427 0.000000 -0.447214
vn 0.894427 0.000000 -0.447214
vn 0.894427 0.000000 -0.447214
vn 0.894427 0.000000 -0.447214
vn 0.894427 0.000000 -0.447214
vn 0.894427 0.000000 -0.447214
vn 0.894427 0.000000 -0.447214
vn 0.894427 0.000000 -0.447214
vn 0.894427 0.000000 -0.447214
vn 0.894427 0.000000 -0.447214
vn 0.894427 0.000000 -0.447214
vn -0.000000 -0.000000 1.000000
vn -0.000000 -0.000000 1.000000
vn -0.000000 -0.000000 1.000000
vn -0.000000 -0.000000 1.000000
vn -0.894427 -0.000000 0.447214
vn -0.894427 -0.000000 0.447214
vn -0.894427 -0.000000 0.447214
vn -0.894427 -0.000000 0.447214
vn -0.894427 -0.000000 0.447214
vn -0.894427 -0.000000 0.447214
vn -0.894427 -0.000000 0.447214
vn -0.894427 -0.000000 0.447214
vn -0.894427 -0.000000 0.447214
vn -0.894427 -0.000000 0.447214
vn -0.894427 -0.000000 0.447214
vn -0.894427 -0.000000 0.447214
vn -0.894427 -0.000000 0.447214
vn -0.894427 -0.000000 0.447214
vn -0.894427 -0.000000 0.447214
vn -0.894427 -0.000000 0.447214
vn -0.000000 0.000000 -1.000000
vn -0.000000 0.000000 -1.000000
vn -0.000000 0.000000 -1.000000
vn -0.000000 0.000000 -1.000000
vn -0.000000 1.000000 -0.000000
vn -0.000000 1.000000 -0.000000
vn -0.000000 1.000000 -0.000000
vn -0.000000 1.000000 -0.000000
vn -0.000000 -1.000000 0.000000
vn -0.000000 -1.000000 0.000000
vn -0.000000 -1.000000 0.000000
vn -0.000000 -1.000000 0.000000
vn 0.894427 0.000000 -0.447214
vn 0.894427 0.000000 -0.447214
vn 0.894427 0.000000 -0.447214
vn 0.894427 0.000000 -0.447214
vn -0.000000 -0.000000 1.000000
vn -0.000000 -0.000000 1.000000
vn -0.000000 -0.000000 1.000000
vn -0.000000 -0.000000 1.000000
vn -0.894427 -0.000000 0.447214
vn -0.894427 -0.000000 0.447214
vn -0.894427 -0.000000 0.447214
vn -0.894427 -0.000000 0.447214
vn -0.000000 0.000000 -1.000000
vn -0.000000 0.000000 -1.000000
vn -0.000000 0.000000 -1.000000
vn -0.000000 0.000000 -1.000000
vn 0.000000 1.000000 -0.000000
vn 0.000000 1.000000 -0.000000
vn 0.000000 1.000000 -0.000000
vn 0.000000 1.000000 -0.000000
vn -0.000000 -1.000000 0.000000
vn -0.000000 -1.000000 0.000000
vn -0.000000 -1.000000 0.000000
vn -0.000000 -1.000000 0.000000
vn 0.894427 0.000000 -0.447214
vn 0.894427 0.000000 -0.447214
vn 0.894427 0.000000 -0.447214
vn 0.894427 0.000000 -0.447214
vn -0.000000 -0.000000 1.000000
vn -0.000000 -0.000000 1.000000
vn -0.000000 -0.000000 1.000000
vn -0.000000 -0.000000 1.000000
vn -0.894427 -0.000000 0.447214
vn -0.894427 -0.000000 0.447214
vn -0.894427 -0.000000 0.447214
vn -0.894427 -0.000000 0.447214
vn -0.000000 0.000000 -1.000000
vn -0.000000 0.000000 -1.000000
vn -0.000000 0.000000 -1.000000
vn -0.000000 0.000000 -1.000000
vn 0.000000 1.000000 -0.000000
vn 0.000000 1.000000 -0.000000
vn 0.000000 1.000000 -0.000000
vn 0.000000 1.000000 -0.000000
vn -0.000000 -1.000000 0.000000
vn -0.000000 -1.000000 0.000000
vn -0.000000 -1.000000 0.000000
vn -0.000000 -1.000000 0.000000
vn 0.894427 0.000000 -0.447214
vn 0.894427 0.000000 -0.447214
vn 0.894427 0.000000 -0.447214
vn 0.894427 0.000000 -0.447214
vn -0.000000 -0.000000 1.000000
vn -0.000000 -0.000000 1.000000
vn -0.000000 -0.000000 1.000000
vn -0.000000 -0.000000 1.000000
vn -0.894427 -0.000000 0.447214
vn -0.894427 -0.000000 0.447214
vn -0.894427 -0.000000 0.447214
vn -0.894427 -0.000000 0.447214
vn -0.000000 0.000000 -1.000000
vn -0.000000 0.000000 -1.000000
vn -0.000000 0.000000 -1.000000
vn -0.000000 0.000000 -1.000000
vn 0.000000 1.000000 -0.000000
vn 0.000000 1.000000 -0.000000
vn 0.000000 1.000000 -0.000000
vn 0.000000 1.000000 -0.000000
vn 0.000000 -1.000000 0.000000
vn 0.000000 -1.000000 0.000000
vn 0.000000 -1.000000 0.000000
vn 0.000000 -1.000000 0.000000
vn -0.447214 0.000000 -0.894427
vn -0.447214 0.000000 -0.894427
vn -0.447214 0.000000 -0.894427
vn -0.447214 0.000000 -0.894427
vn 1.000000 0.000000 0.000000
vn 1.000000 0.000000 0.000000
vn 1.000000 0.000000 0.000000
vn 1.000000 0.000000 0.000000
vn 0.447214 0.000000 0.894427
vn 0.447214 0.000000 0.894427
vn 0.447214 0.000000 0.894427
vn 0.447214 0.000000 0.894427
vn -1.000000 0.000000 0.000000
vn -1.000000 0.000000 0.000000
vn -1.000000 0.000000 0.000000
vn -1.000000 0.000000 0.000000
vn -0.000000 1.000000 -0.000000
vn -0.000000 1.000000 -0.000000
vn -0.000000 1.000000 -0.000000
vn -0.000000 1.000000 -0.000000
vn 0.000000 -1.000000 0.000000
vn 0.000000 -1.000000 0.000000
vn 0.000000 -1.000000 0.000000
vn 0.000000 -1.000000 0.000000
vn -0.447214 0.000000 -0.894427
vn -0.447214 0.000000 -0.894427
vn -0.447214 0.000000 -0.894427
vn -0.447214 0.000000 -0.894427
vn 1.000000 0.000000 0.000000
vn 1.000000 0.000000 0.000000
vn 1.000000 0.000000 0.000000
vn 1.000000 0.000000 0.000000
vn 0.447214 0.000000 0.894427
vn 0.447214 0.000000 0.894427
vn 0.447214 0.000000 0.894427
vn 0.447214 0.000000 0.894427
vn -1.000000 0.000000 0.000000
vn -1.000000 0.000000 0.000000
vn -1.000000 0.000000 0.000000
vn -1.000000 0.000000 0.000000
vn -0.000000 1.000000 -0.000000
vn -0.000000 1.000000 -0.000000
vn -0.000000 1.000000 -0.000000
vn -0.000000 1.000000 -0.000000
vn 0.000000 -1.000000 0.000000
vn 0.000000 -1.000000 0.000000
vn 0.000000 -1.000000 0.000000
vn 0.000000 -1.000000 0.000000
vn -0.447214 0.000000 -0.894427
vn -0.447214 0.000000 -0.894427
vn -0.447214 0.000000 -0.894427
vn -0.447214 0.000000 -0.894427
vn 1.000000 0.000000 0.000000
vn 1.000000 0.000000 0.000000
vn 1.000000 0.000000 0.000000
vn 1.000000 0.000000 0.000000
vn 0.447214 0.000000 0.894427
vn 0.447214 0.000000 0.894427
vn 0.447214 0.000000 0.894427
vn 0.447214 0.000000 0.894427
vn -1.000000 0.000000 0.000000
vn -1.000000 0.000000 0.000000
vn -1.000000 0.000000 0.000000
vn -1.000000 0.000000 0.000000
vn -0.000000 1.000000 -0.000000
vn -0.000000 1.000000 -0.000000
vn -0.000000 1.000000 -0.000000
vn -0.000000 1.000000 -0.000000
vn 0.000000 -1.000000 0.000000
vn 0.000000 -1.000000 0.000000
vn 0.000000 -1.000000 0.000000
vn 0.000000 -1.000000 0.000000
vn -0.447214 0.000000 -0.894427
vn -0.447214 0.000000 -0.894427
vn -0.447214 0.000000 -0.894427
vn -0.447214 0.000000 -0.894427
vn 1.000000 0.000000 0.000000
vn 1.000000 0.000000 0.000000
vn 1.000000 0.000000 0.000000
vn 1.000000 0.000000 0.000000
vn 0.447214 0.000000 0.894427
vn 0.447214 0.000000 0.894427
vn 0.447214 0.000000 0.894427
vn 0.447214 0.000000 0.894427
vn -1.000000 0.000000 0.000000
vn -1.000000 0.000000 0.000000
vn -1.000000 0.000000 0.000000
vn -1.000000 0.000000 0.000000
vn -0.000000 1.000000 -0.000000
vn -0.000000 1.000000 -0.000000
vn -0.000000 1.000000 -0.000000
vn -0.000000 1.000000 -0.000000
vn 0.000000 -1.000000 0.000000
vn 0.000000 -1.000000 0.000000
vn 0.000000 -1.000000 0.000000
vn 0.000000 -1.000000 0.000000
vn -0.447214 0.000000 -0.894427
vn -0.447214 0.000000 -0.894427
vn -0.447214 0.000000 -0.894427
vn -0.447214 0.000000 -0.894427
vn 1.000000 0.000000 0.000000
vn 1.000000 0.000000 0.000000
vn 1.000000 0.000000 0.000000
vn 1.000000 0.000000 0.000000
vn 0.447214 0.000000 0.894427
vn 0.447214 0.000000 0.894427
vn 0.447214 0.000000 0.894427
vn 0.447214 0.000000 0.894427
vn -1.000000 0.000000 0.000000
vn -1.000000 0.000000 0.000000
vn -1.000000 0.000000 0.000000
vn -1.000000 0.000000 0.000000
vn -0.000000 1.000000 -0.000000
vn -0.000000 1.000000 -0.000000
vn -0.000000 1.000000 -0.000000
vn -0.000000 1.000000 -0.000000
vn 0.000000 -1.000000 0.000000
vn 0.000000 -1.000000 0.000000
vn 0.000000 -1.000000 0.000000
vn 0.000000 -1.000000 0.000000
vn -0.447214 0.000000 -0.894427
vn -0.447214 0.000000 -0.894427
vn -0.447214 0.000000 -0.894427
vn -0.447214 0.000000 -0.894427
vn 1.000000 0.000000 0.000000
vn 1.000000 0.000000 0.000000
vn 1.000000 0.000000 0.000000
vn 1.000000 0.000000 0.000000
vn 0.447214 0.000000 0.894427
vn 0.447214 0.000000 0.894427
vn 0.447214 0.000000 0.894427
vn 0.447214 0.000000 0.894427
vn -1.000000 0.000000 0.000000
vn -1.000000 0.000000 0.000000
vn -1.000000 0.000000 0.000000
vn -1.000000 0.000000 0.000000
vn -0.000000 1.000000 -0.000000
vn -0.000000 1.000000 -0.000000
vn -0.000000 1.000000 -0.000000
vn -0.000000 1.000000 -0.000000
vn -0.000000 -1.000000 0.000000
vn -0.000000 -1.000000 0.000000
vn -0.000000 -1.000000 0.000000
vn -0.000000 -1.000000 0.000000
vn 0.447214 0.000000 -0.894427
vn 0.447214 0.000000 -0.894427
vn 0.447214 0.000000 -0.894427
vn 0.447214 0.000000 -0.894427
vn 1.000000 0.000000 0.000000
vn 1.000000 0.000000 0.000000
vn 1.000000 0.000000 0.000000
vn 1.000000 0.000000 0.000000
vn -0.447214 -0.000000 0.894427
vn -0.447214 -0.000000 0.894427
vn -0.447214 -0.000000 0.894427
vn -0.447214 -0.000000 0.894427
vn -1.000000 0.000000 0.000000
vn -1.000000 0.000000 0.000000
vn -1.000000 0.000000 0.000000
vn -1.000000 0.000000 0.000000
vn 0.000000 1.000000 -0.000000
vn 0.000000 1.000000 -0.000000
vn 0.000000 1.000000 -0.000000
vn 0.000000 1.000000 -0.000000
vn -0.000000 -1.000000 0.000000
vn -0.000000 -1.000000 0.000000
vn -0.000000 -1.000000 0.000000
vn -0.000000 -1.000000 0.000000
vn 0.447214 0.000000 -0.894427
vn 0.447214 0.000000 -0.894427
vn 0.447214 0.000000 -0.894427
vn 0.447214 0.000000 -0.894427
vn 1.000000 0.000000 0.000000
vn 1.000000 0.000000 0.000000
vn 1.000000 0.000000 0.000000
vn 1.000000 0.000000 0.000000
vn -0.447214 -0.000000 0.894427
vn -0.447214 -0.000000 0.894427
vn -0.447214 -0.000000 0.894427
vn -0.447214 -0.000000 0.894427
vn -1.000000 0.000000 0.000000
vn -1.000000 0.000000 0.000000
vn -1.000000 0.000000 0.000000
vn -1.000000 0.000000 0.000000
vn 0.000000 1.000000 -0.000000
vn 0.000000 1.000000 -0.000000
vn 0.000000 1.000000 -0.000000
vn 0.000000 1.000000 -0.000000
vn -0.000000 -1.000000 0.000000
vn -0.000000 -1.000000 0.000000
vn -0.000000 -1.000000 0.000000
vn -0.000000 -1.000000 0.000000
vn 0.447214 0.000000 -0.894427
vn 0.447214 0.000000 -0.894427
vn 0.447214 0.000000 -0.894427
vn 0.447214 0.000000 -0.894427
vn 1.000000 0.000000 0.000000
vn 1.000000 0.000000 0.000000
vn 1.000000 0.000000 0.000000
vn 1.000000 0.000000 0.000000
vn -0.447214 -0.000000 0.894427
vn -0.447214 -0.000000 0.894427
vn -0.447214 -0.000000 0.894427
vn -0.447214 -0.000000 0.894427
vn -1.000000 0.000000 0.000000
vn -1.000000 0.000000 0.000000
vn -1.000000 0.000000 0.000000
vn -1.000000 0.000000 0.000000
vn 0.000000 1.000000 -0.000000
vn 0.000000 1.000000 -0.000000
vn 0.000000 1.000000 -0.000000
vn 0.000000 1.000000 -0.000000
vn -0.000000 -1.000000 0.000000
vn -0.000000 -1.000000 0.000000
vn -0.000000 -1.000000 0.000000
vn -0.000000 -1.000000 0.000000
vn 0.447214 0.000000 -0.894427
vn 0.447214 0.000000 -0.894427
vn 0.447214 0.000000 -0.894427
vn 0.447214 0.000000 -0.894427
vn 1.000000 0.000000 0.000000
vn 1.000000 0.000000 0.000000
vn 1.000000 0.000000 0.000000
vn 1.000000 0.000000 0.000000
vn -0.447214 -0.000000 0.894427
vn -0.447214 -0.000000 0.894427
vn -0.447214 -0.000000 0.894427
vn -0.447214 -0.000000 0.894427
vn -1.000000 0.000000 0.000000
vn -1.000000 0.000000 0.000000
vn -1.000000 0.000000 0.000000
vn -1.000000 0.000000 0.000000
vn 0.000000 1.000000 -0.000000
vn 0.000000 1.000000 -0.000000
vn 0.000000 1.000000 -0.000000
vn 0.000000 1.000000 -0.000000
vn -0.000000 -1.000000 0.000000
vn -0.000000 -1.000000 0.000000
vn -0.000000 -1.000000 0.000000
vn -0.000000 -1.000000 0.000000
vn 0.447214 0.000000 -0.894427
vn 0.447214 0.000000 -0.894427
vn 0.447214 0.000000 -0.894427
vn 0.447214 0.000000 -0.894427
vn 1.000000 0.000000 0.000000
vn 1.000000 0.000000 0.000000
vn 1.000000 0.000000 0.000000
vn 1.000000 0.000000 0.000000
vn -0.447214 -0.000000 0.894427
vn -0.447214 -0.000000 0.894427
vn -0.447214 -0.000000 0.894427
vn -0.447214 -0.000000 0.894427
vn -1.000000 0.000000 0.000000
vn -1.000000 0.000000 0.000000
vn -1.000000 0.000000 0.000000
vn -1.000000 0.000000 0.000000
vn 0.000000 1.000000 -0.000000
vn 0.000000 1.000000 -0.000000
vn 0.000000 1.000000 -0.000000
vn 0.000000 1.000000 -0.000000
vn -0.000000 -1.000000 0.000000
vn -0.000000 -1.000000 0.000000
vn -0.000000 -1.000000 0.000000
vn -0.000000 -1.000000 0.000000
vn 0.447214 0.000000 -0.894427
vn 0.447214 0.000000 -0.894427
vn 0.447214 0.000000 -0.894427
vn 0.447214 0.000000 -0.894427
vn 1.000000 0.000000 0.000000
vn 1.000000 0.000000 0.000000
vn 1.000000 0.000000 0.000000
vn 1.000000 0.000000 0.000000
vn -0.447214 -0.000000 0.894427
vn -0.447214 -0.000000 0.894427
vn -0.447214 -0.000000 0.894427
vn -0.447214 -0.000000 0.894427
vn -1.000000 0.000000 0.000000
vn -1.000000 0.000000 0.000000
vn -1.000000 0.000000 0.000000
vn -1.000000 0.000000 0.000000
vn 0.000000 1.000000 -0.000000
vn 0.000000 1.000000 -0.000000
vn 0.000000 1.000000 -0.000000
vn 0.000000 1.000000 -0.000000
vn 0.000000 1.000000 -0.000000
vn 0.000000 1.000000 -0.000000
vn 0.000000 1.000000 -0.000000
vn 0.000000 1.000000 -0.000000
vn 0.000000 1.000000 -0.000000
vn 0.000000 1.000000 -0.000000
vn 0.000000 1.000000 -0.000000
vn 0.000000 1.000000 -0.000000
vn 0.000000 1.000000 -0.000000
vn 0.000000 1.000000 -0.000000
vn 0.000000 1.000000 -0.000000
vn 0.000000 1.000000 -0.000000
vn 0.000000 1.000000 -0.000000
vn 0.000000 1.000000 -0.000000
vn 0.000000 1.000000 -0.000000
vn 0.000000 1.000000 -0.000000
vn 0.000000 1.000000 -0.000000
vn 0.000000 1.000000 -0.000000
vn 0.000000 1.000000 -0.000000
vn 0.000000 1.000000 -0.000000
vn 0.000000 1.000000 -0.000000
vn 0.000000 1.000000 -0.000000
vn 0.000000 1.000000 -0.000000
vn 0.000000 1.000000 -0.000000
vn 0.000000 1.000000 -0.000000
vn 0.000000 1.000000 -0.000000
vn 0.000000 1.000000 -0.000000
vn 0.000000 1.000000 -0.000000
vn 0.000000 1.000000 -0.000000
vn 0.000000 1.000000 -0.000000
vn 0.000000 1.000000 -0.000000
vn 0.000000 1.000000 -0.000000
vn 0.000000 1.000000 -0.000000
vn 0.000000 1.000000 -0.000000
vn 0.000000 1.000000 -0.000000
vn 0.000000 1.000000 -0.000000
vn 0.000000 1.000000 -0.000000
vn 0.000000 1.000000 -0.000000
vn 0.000000 1.000000 -0.000000
vn 0.000000 1.000000 -0.000000
vn 0.000000 1.000000 -0.000000
vn 0.000000 1.000000 -0.000000
vn 0.000000 1.000000 -0.000000
vn 0.000000 1.000000 -0.000000
vn 0.000000 1.000000 -0.000000
vn 0.000000 1.000000 -0.000000
vn 0.000000 1.000000 -0.000000
vn 0.000000 1.000000 -0.000000
vn 0.000000 1.000000 -0.000000
vn 0.000000 1.000000 -0.000000
vn 0.000000 1.000000 -0.000000
vn 0.000000 1.000000 -0.000000
vn 0.000000 1.000000 -0.000000
vn 0.000000 1.000000 -0.000000
vn 0.000000 1.000000 -0.000000
vn 0.000000 1.000000 -0.000000
vn 0.645128 -0.000000 0.764075
vn 0.645128 -0.000000 0.764075
vn 0.830082 -0.000000 0.557642
vn 0.830082 -0.000000 0.557642
vn 0.921374 -0.000000 0.388678
vn 0.921374 -0.000000 0.388678
vn 0.645128 -0.000000 0.764075
vn -0.000000 0.000000 1.000000
vn -0.000000 0.000000 1.000000
vn 0.311073 -0.000000 0.950386
vn 0.311073 -0.000000 0.950386
vn 0.644945 -0.000000 0.764229
vn 0.644945 -0.000000 0.764229
vn 0.644945 -0.000000 0.764229
vn -0.000000 0.000000 1.000000
vn -0.772777 0.000000 0.634677
vn -0.772777 0.000000 0.634677
vn -0.368573 0.000000 0.929599
vn -0.368573 0.000000 0.929599
vn -0.000000 0.000000 1.000000
vn -0.000000 0.000000 1.000000
vn -0.000000 0.000000 1.000000
vn -0.772777 0.000000 0.634677
vn -1.000000 -0.000000 -0.000000
vn -1.000000 -0.000000 -0.000000
vn -0.928692 0.000000 0.370852
vn -0.928692 0.000000 0.370852
vn -0.766628 0.000000 0.642091
vn -0.766628 0.000000 0.642091
vn -0.766628 0.000000 0.642091
vn -1.000000 -0.000000 -0.000000
vn -0.645882 -0.000000 -0.763437
vn -0.645882 -0.000000 -0.763437
vn -0.754682 -0.000000 -0.656091
vn -0.754682 -0.000000 -0.656091
vn -0.900458 -0.000000 -0.434944
vn -0.900458 -0.000000 -0.434944
vn -1.000000 -0.000000 -0.000000
vn -1.000000 -0.000000 -0.000000
vn -1.000000 -0.000000 -0.000000
vn -0.645882 -0.000000 -0.763437
vn -0.816229 0.000000 0.577729
vn -0.816229 0.000000 0.577729
vn -0.581616 0.000000 0.813463
vn -0.581616 0.000000 0.813463
vn -0.364836 0.000000 0.931072
vn -0.364836 0.000000 0.931072
vn -0.364836 0.000000 0.931072
vn -0.816229 0.000000 0.577729
vn -1.000000 -0.000000 -0.000000
vn -1.000000 -0.000000 -0.000000
vn -0.959530 0.000000 0.281605
vn -0.959530 0.000000 0.281605
vn -0.816750 0.000000 0.576991
vn -0.816750 0.000000 0.576991
vn -0.816750 0.000000 0.576991
vn -1.000000 -0.000000 -0.000000
vn -0.754834 -0.000000 -0.655916
vn -0.754834 -0.000000 -0.655916
vn -0.938163 -0.000000 -0.346193
vn -0.938163 -0.000000 -0.346193
vn -1.000000 -0.000000 -0.000000
vn -1.000000 -0.000000 -0.000000
vn -1.000000 -0.000000 -0.000000
vn -0.000000 -0.000000 -1.000000
vn -0.000000 -0.000000 -1.000000
vn -0.348771 -0.000000 -0.937208
vn -0.348771 -0.000000 -0.937208
vn -0.754795 -0.000000 -0.655961
vn -0.754795 -0.000000 -0.655961
vn -0.000000 -0.000000 -1.000000
vn 0.568491 -0.000000 -0.822689
vn 0.568491 -0.000000 -0.822689
vn 0.135126 -0.000000 -0.990828
vn 0.135126 -0.000000 -0.990828
vn -0.000000 -0.000000 -1.000000
vn -0.000000 -0.000000 -1.000000
vn -0.000000 -0.000000 -1.000000
vn 0.568491 -0.000000 -0.822689
vn 1.000000 -0.000000 -0.000000
vn 1.000000 -0.000000 -0.000000
vn 0.890824 -0.000000 -0.454348
vn 0.890824 -0.000000 -0.454348
vn 0.706057 -0.000000 -0.708155
vn 0.706057 -0.000000 -0.708155
vn 0.562343 -0.000000 -0.826904
vn 0.562343 -0.000000 -0.826904
vn 0.562343 -0.000000 -0.826904
vn 1.000000 -0.000000 -0.000000
vn 0.683080 -0.000000 0.730344
vn 0.683080 -0.000000 0.730344
vn 0.902236 -0.000000 0.431243
vn 0.902236 -0.000000 0.431243
vn 1.000000 -0.000000 -0.000000
vn 1.000000 -0.000000 -0.000000
vn 1.000000 -0.000000 -0.000000
vn 0.683080 -0.000000 0.730344
vn -0.000000 0.000000 1.000000
vn -0.000000 0.000000 1.000000
vn 0.361887 -0.000000 0.932222
vn 0.361887 -0.000000 0.932222
vn 0.683080 -0.000000 0.730344
vn 0.683080 -0.000000 0.730344
vn 0.683080 -0.000000 0.730344
vn -0.000000 0.000000 1.000000
vn -0.298653 0.000000 0.954362
vn -0.298653 0.000000 0.954362
vn -0.160011 0.000000 0.987115
vn -0.160011 0.000000 0.987115
vn -0.000000 0.000000 1.000000
vn -0.000000 0.000000 1.000000
vn -0.000000 0.000000 1.000000
vn -0.298653 0.000000 0.954362
vn -0.464980 0.000000 0.885321
vn -0.464980 0.000000 0.885321
vn -0.289608 0.000000 0.957145
vn -0.289608 0.000000 0.957145
vn -0.289608 0.000000 0.957145
vn -0.464980 0.000000 0.885321
vn -0.258609 0.000000 0.965982
vn -0.258609 0.000000 0.965982
vn -0.468281 0.000000 0.883580
vn -0.468281 0.000000 0.883580
vn -0.468281 0.000000 0.883580
vn -0.258609 0.000000 0.965982
vn -0.000000 0.000000 1.000000
vn -0.000000 0.000000 1.000000
vn -0.291836 0.000000 0.956468
vn -0.291836 0.000000 0.956468
vn -0.291836 0.000000 0.956468
vn -0.000000 0.000000 1.000000
vn 0.723288 -0.000000 0.690547
vn 0.723288 -0.000000 0.690547
vn 0.414130 -0.000000 0.910218
vn 0.414130 -0.000000 0.910218
vn -0.000000 0.000000 1.000000
vn -0.000000 0.000000 1.000000
vn -0.000000 0.000000 1.000000
vn 0.723288 -0.000000 0.690547
vn 1.000000 -0.000000 -0.000000
vn 1.000000 -0.000000 -0.000000
vn 0.927470 -0.000000 0.373897
vn 0.927470 -0.000000 0.373897
vn 0.721062 -0.000000 0.692870
vn 0.721062 -0.000000 0.692870
vn 0.721062 -0.000000 0.692870
vn 1.000000 -0.000000 -0.000000
vn 0.904291 -0.000000 -0.426917
vn 0.904291 -0.000000 -0.426917
vn 1.000000 -0.000000 -0.000000
vn 1.000000 -0.000000 -0.000000
vn 1.000000 -0.000000 -0.000000
vn 0.904291 -0.000000 -0.426917
vn 0.682072 -0.000000 -0.731285
vn 0.682072 -0.000000 -0.731285
vn 0.839633 -0.000000 -0.543154
vn 0.839633 -0.000000 -0.543154
vn 0.907136 -0.000000 -0.420837
vn 0.907136 -0.000000 -0.420837
vn 0.907136 -0.000000 -0.420837
vn 0.682072 -0.000000 -0.731285
vn 0.399195 -0.000000 -0.916866
vn 0.399195 -0.000000 -0.916866
vn 0.676364 -0.000000 -0.736567
vn 0.676364 -0.000000 -0.736567
vn 0.676364 -0.000000 -0.736567
vn -0.000000 -0.000000 -1.000000
vn -0.000000 -0.000000 -1.000000
vn 0.393812 -0.000000 -0.919191
vn 0.393812 -0.000000 -0.919191
vn -0.000000 -0.000000 -1.000000
vn -0.000000 -0.000000 -1.000000
vn -0.000000 -0.000000 -1.000000
vn -0.000000 -0.000000 -1.000000
vn 1.000000 -0.000000 -0.000000
vn 1.000000 -0.000000 -0.000000
vn 1.000000 -0.000000 -0.000000
vn 1.000000 -0.000000 -0.000000
vn 0.507806 -0.000000 0.861471
vn 0.507806 -0.000000 0.861471
vn 0.128331 -0.000000 0.991731
vn 0.128331 -0.000000 0.991731
vn 0.507806 -0.000000 0.861471
vn 0.879166 -0.000000 0.476516
vn 0.879166 -0.000000 0.476516
vn 0.688903 -0.000000 0.724853
vn 0.688903 -0.000000 0.724853
vn 0.510384 -0.000000 0.859946
vn 0.510384 -0.000000 0.859946
vn 0.510384 -0.000000 0.859946
vn 0.879166 -0.000000 0.476516
vn 1.000000 -0.000000 -0.000000
vn 1.000000 -0.000000 -0.000000
vn 0.876013 -0.000000 0.482288
vn 0.876013 -0.000000 0.482288
vn 0.876013 -0.000000 0.482288
vn 1.000000 -0.000000 -0.000000
vn 0.701473 -0.000000 -0.712696
vn 0.701473 -0.000000 -0.712696
vn 0.937332 -0.000000 -0.348438
vn 0.937332 -0.000000 -0.348438
vn 1.000000 -0.000000 -0.000000
vn 1.000000 -0.000000 -0.000000
vn 1.000000 -0.000000 -0.000000
vn 0.701473 -0.000000 -0.712696
vn -0.000000 -0.000000 -1.000000
vn -0.000000 -0.000000 -1.000000
vn 0.360724 -0.000000 -0.932673
vn 0.360724 -0.000000 -0.932673
vn 0.698673 -0.000000 -0.715441
vn 0.698673 -0.000000 -0.715441
vn 0.698673 -0.000000 -0.715441
vn -0.000000 -0.000000 -1.000000
vn -0.848442 -0.000000 -0.529288
vn -0.848442 -0.000000 -0.529288
vn -0.701938 -0.000000 -0.712238
vn -0.701938 -0.000000 -0.712238
vn -0.395564 -0.000000 -0.918438
vn -0.395564 -0.000000 -0.918438
vn -0.000000 -0.000000 -1.000000
vn -0.000000 -0.000000 -1.000000
vn -0.000000 -0.000000 -1.000000
vn 0.436402 -0.000000 -0.899752
vn 0.436402 -0.000000 -0.899752
vn 0.436402 -0.000000 -0.899752
vn 0.436402 -0.000000 -0.899752
vn -0.000000 -1.000000 0.000000
vn -0.000000 -1.000000 0.000000
vn -0.000000 -1.000000 0.000000
vn -0.000000 -1.000000 0.000000
vn -0.000000 -1.000000 0.000000
vn -0.000000 -1.000000 0.000000
vn -0.000000 -1.000000 0.000000
vn -0.000000 -1.000000 0.000000
vn -0.000000 -1.000000 0.000000
vn -0.000000 -1.000000 0.000000
vn -0.000000 -1.000000 0.000000
vn -0.000000 -1.000000 0.000000
vn -0.000000 -1.000000 0.000000
vn -0.000000 -1.000000 0.000000
vn -0.000000 -1.000000 0.000000
vn -0.000000 -1.000000 0.000000
vn -0.000000 -1.000000 0.000000
vn -0.000000 -1.000000 0.000000
vn -0.000000 -1.000000 0.000000
vn -0.000000 -1.000000 0.000000
vn -0.000000 -1.000000 0.000000
vn -0.000000 -1.000000 0.000000
vn -0.000000 -1.000000 0.000000
vn -0.000000 -1.000000 0.000000
vn -0.000000 -1.000000 0.000000
vn -0.000000 -1.000000 0.000000
vn -0.000000 -1.000000 0.000000
vn -0.000000 -1.000000 0.000000
vn -0.000000 -1.000000 0.000000
vn -0.000000 -1.000000 0.000000
vn -0.000000 -1.000000 0.000000
vn -0.000000 -1.000000 0.000000
vn -0.000000 -1.000000 0.000000
vn -0.000000 -1.000000 0.000000
vn -0.000000 -1.000000 0.000000
vn -0.000000 -1.000000 0.000000
vn -0.000000 -1.000000 0.000000
vn -0.000000 -1.000000 0.000000
vn -0.000000 -1.000000 0.000000
vn -0.000000 -1.000000 0.000000
vn -0.000000 -1.000000 0.000000
vn -0.000000 -1.000000 0.000000
vn -0.000000 -1.000000 0.000000
vn -0.000000 -1.000000 0.000000
vn -0.000000 -1.000000 0.000000
vn -0.000000 -1.000000 0.000000
vn -0.000000 -1.000000 0.000000
vn -0.000000 -1.000000 0.000000
vn -0.000000 -1.000000 0.000000
vn -0.000000 -1.000000 0.000000
vn -0.000000 -1.000000 0.000000
vn -0.000000 -1.000000 0.000000
vn -0.000000 -1.000000 0.000000
vn -0.000000 -1.000000 0.000000
vn -0.000000 -1.000000 0.000000
vn -0.000000 -1.000000 0.000000
vn 0.000000 1.000000 -0.000000
vn 0.000000 1.000000 -0.000000
vn 0.000000 1.000000 -0.000000
vn 0.000000 1.000000 -0.000000
vn 0.000000 1.000000 -0.000000
vn 0.000000 1.000000 -0.000000
vn 0.000000 1.000000 -0.000000
vn 0.000000 1.000000 -0.000000
vn 0.000000 1.000000 -0.000000
vn 0.000000 1.000000 -0.000000
vn 0.000000 1.000000 -0.000000
vn 0.000000 1.000000 -0.000000
vn 0.000000 1.000000 -0.000000
vn 0.000000 1.000000 -0.000000
vn 0.000000 1.000000 -0.000000
vn 0.000000 1.000000 -0.000000
vn 0.000000 1.000000 -0.000000
vn 0.000000 1.000000 -0.000000
vn 0.000000 1.000000 -0.000000
vn 0.000000 1.000000 -0.000000
vn 0.000000 1.000000 -0.000000
vn 0.000000 1.000000 -0.000000
vn 0.000000 1.000000 -0.000000
vn 0.000000 1.000000 -0.000000
vn 0.000000 1.000000 -0.000000
vn 0.000000 1.000000 -0.000000
vn 0.000000 1.000000 -0.000000
vn 0.000000 1.000000 -0.000000
vn 0.000000 1.000000 -0.000000
vn 0.000000 1.000000 -0.000000
vn 0.000000 1.000000 -0.000000
vn 0.000000 1.000000 -0.000000
vn 0.000000 1.000000 -0.000000
vn 0.000000 1.000000 -0.000000
vn -0.940883 -0.000000 -0.338732
vn -0.940883 -0.000000 -0.338732
vn -0.940883 -0.000000 -0.338732
vn -0.940883 -0.000000 -0.338732
vn -0.000000 -0.000000 -1.000000
vn -0.000000 -0.000000 -1.000000
vn -0.000000 -0.000000 -1.000000
vn -0.000000 -0.000000 -1.000000
vn 1.000000 -0.000000 -0.000000
vn 1.000000 -0.000000 -0.000000
vn 1.000000 -0.000000 -0.000000
vn 1.000000 -0.000000 -0.000000
vn 0.816915 -0.000000 0.576757
vn 0.816915 -0.000000 0.576757
vn 0.717112 -0.000000 0.696958
vn 0.717112 -0.000000 0.696958
vn 0.673677 -0.000000 0.739026
vn 0.673677 -0.000000 0.739026
vn 1.000000 -0.000000 -0.000000
vn 1.000000 -0.000000 -0.000000
vn 0.921816 -0.000000 0.387627
vn 0.921816 -0.000000 0.387627
vn 0.816964 -0.000000 0.576689
vn 0.816964 -0.000000 0.576689
vn 1.000000 -0.000000 -0.000000
vn 0.722580 -0.000000 -0.691287
vn 0.722580 -0.000000 -0.691287
vn 0.938736 -0.000000 -0.344637
vn 0.938736 -0.000000 -0.344637
vn 1.000000 -0.000000 -0.000000
vn 1.000000 -0.000000 -0.000000
vn 1.000000 -0.000000 -0.000000
vn 0.722580 -0.000000 -0.691287
vn -0.000000 -0.000000 -1.000000
vn -0.000000 -0.000000 -1.000000
vn 0.402353 -0.000000 -0.915484
vn 0.402353 -0.000000 -0.915484
vn 0.724794 -0.000000 -0.688966
vn 0.724794 -0.000000 -0.688966
vn 0.724794 -0.000000 -0.688966
vn -0.000000 -0.000000 -1.000000
vn -0.589248 -0.000000 -0.807953
vn -0.589248 -0.000000 -0.807953
vn -0.305762 -0.000000 -0.952108
vn -0.305762 -0.000000 -0.952108
vn -0.000000 -0.000000 -1.000000
vn -0.000000 -0.000000 -1.000000
vn -0.000000 -0.000000 -1.000000
vn -0.589248 -0.000000 -0.807953
vn -0.945628 -0.000000 -0.325252
vn -0.945628 -0.000000 -0.325252
vn -0.828266 -0.000000 -0.560335
vn -0.828266 -0.000000 -0.560335
vn -0.586551 -0.000000 -0.809912
vn -0.586551 -0.000000 -0.809912
vn -0.586551 -0.000000 -0.809912
vn -0.000000 -0.000000 -1.000000
vn -0.000000 -0.000000 -1.000000
vn -0.000000 -0.000000 -1.000000
vn -0.000000 -0.000000 -1.000000
vn 0.690820 -0.000000 0.723027
vn 0.690820 -0.000000 0.723027
vn 0.919228 -0.000000 0.393725
vn 0.919228 -0.000000 0.393725
vn 0.990825 -0.000000 0.135148
vn 0.990825 -0.000000 0.135148
vn -0.000000 0.000000 1.000000
vn -0.000000 0.000000 1.000000
vn 0.346979 -0.000000 0.937873
vn 0.346979 -0.000000 0.937873
vn 0.688950 -0.000000 0.724809
vn 0.688950 -0.000000 0.724809
vn -0.691905 0.000000 0.721988
vn -0.691905 0.000000 0.721988
vn -0.356907 0.000000 0.934140
vn -0.356907 0.000000 0.934140
vn -0.000000 0.000000 1.000000
vn -0.000000 0.000000 1.000000
vn -1.000000 -0.000000 -0.000000
vn -1.000000 -0.000000 -0.000000
vn -0.914016 0.000000 0.405678
vn -0.914016 0.000000 0.405678
vn -0.691905 0.000000 0.721988
vn -0.691905 0.000000 0.721988
vn -1.000000 -0.000000 -0.000000
vn -0.905750 -0.000000 -0.423812
vn -0.905750 -0.000000 -0.423812
vn -0.972959 -0.000000 -0.230978
vn -0.972959 -0.000000 -0.230978
vn -1.000000 -0.000000 -0.000000
vn -1.000000 -0.000000 -0.000000
vn -1.000000 -0.000000 -0.000000
vn -0.905750 -0.000000 -0.423812
vn -0.737650 -0.000000 -0.675183
vn -0.737650 -0.000000 -0.675183
vn -0.909968 -0.000000 -0.414679
vn -0.909968 -0.000000 -0.414679
vn -0.909968 -0.000000 -0.414679
vn -0.674528 -0.000000 -0.738249
vn -0.674528 -0.000000 -0.738249
vn -0.736357 -0.000000 -0.676594
vn -0.736357 -0.000000 -0.676594
vn -0.000000 0.000000 1.000000
vn -0.000000 0.000000 1.000000
vn -0.000000 0.000000 1.000000
vn -0.000000 0.000000 1.000000
vn 0.175963 -0.000000 0.984397
vn 0.175963 -0.000000 0.984397
vn 0.039826 -0.000000 0.999207
vn 0.039826 -0.000000 0.999207
vn -0.000000 0.000000 1.000000
vn -0.000000 0.000000 1.000000
vn 0.175963 -0.000000 0.984397
vn 0.576717 -0.000000 0.816944
vn 0.576717 -0.000000 0.816944
vn 0.186541 -0.000000 0.982447
vn 0.186541 -0.000000 0.982447
vn 0.186541 -0.000000 0.982447
vn 0.576717 -0.000000 0.816944
vn 0.869361 -0.000000 0.494178
vn 0.869361 -0.000000 0.494178
vn 0.568274 -0.000000 0.822840
vn 0.568274 -0.000000 0.822840
vn 0.568274 -0.000000 0.822840
vn -0.000000 0.000000 1.000000
vn -0.000000 0.000000 1.000000
vn -0.000000 0.000000 1.000000
vn -0.000000 0.000000 1.000000
vn -0.000000 -1.000000 0.000000
vn -0.000000 -1.000000 0.000000
vn -0.000000 -1.000000 0.000000
vn -0.000000 -1.000000 0.000000
vn -0.000000 -1.000000 0.000000
vn -0.000000 -1.000000 0.000000
vn -0.000000 -1.000000 0.000000
vn -0.000000 -1.000000 0.000000
vn -0.000000 -1.000000 0.000000
vn -0.000000 -1.000000 0.000000
vn -0.000000 -1.000000 0.000000
vn -0.000000 -1.000000 0.000000
vn -0.000000 -1.000000 0.000000
vn -0.000000 -1.000000 0.000000
vn -0.000000 -1.000000 0.000000
vn -0.000000 -1.000000 0.000000
vn -0.000000 -1.000000 0.000000
vn -0.000000 -1.000000 0.000000
vn -0.000000 -1.000000 0.000000
vn -0.000000 -1.000000 0.000000
vn -0.000000 -1.000000 0.000000
vn -0.000000 -1.000000 0.000000
vn -0.000000 -1.000000 0.000000
vn -0.000000 -1.000000 0.000000
vn -0.000000 -1.000000 0.000000
vn -0.000000 -1.000000 0.000000
vn -0.000000 -1.000000 0.000000
vn -0.000000 -1.000000 0.000000
vn -0.000000 -1.000000 0.000000
vn -0.000000 -1.000000 0.000000
vn -0.000000 -1.000000 0.000000
vn -0.000000 -1.000000 0.000000
vn -0.000000 -1.000000 0.000000
vn -0.000000 -1.000000 0.000000
vn 0.000000 1.000000 -0.000000
vn 0.000000 1.000000 -0.000000
vn 0.000000 1.000000 -0.000000
vn 0.000000 1.000000 -0.000000
vn 0.000000 1.000000 -0.000000
vn 0.000000 1.000000 -0.000000
vn 0.000000 1.000000 -0.000000
vn 0.000000 1.000000 -0.000000
vn 0.000000 1.000000 -0.000000
vn 0.000000 1.000000 -0.000000
vn 0.000000 1.000000 -0.000000
vn 0.000000 1.000000 -0.000000
vn 0.000000 1.000000 -0.000000
vn 0.000000 1.000000 -0.000000
vn 0.000000 1.000000 -0.000000
vn 0.000000 1.000000 -0.000000
vn 0.000000 1.000000 -0.000000
vn 0.000000 1.000000 -0.000000
vn 0.000000 1.000000 -0.000000
vn 0.000000 1.000000 -0.000000
vn 0.000000 1.000000 -0.000000
vn 0.000000 1.000000 -0.000000
vn 0.000000 1.000000 -0.000000
vn 0.000000 1.000000 -0.000000
vn 0.434175 -0.000000 0.900828
vn 0.434175 -0.000000 0.900828
vn 0.434175 -0.000000 0.900828
vn 0.434175 -0.000000 0.900828
vn -0.000000 0.000000 1.000000
vn -0.000000 0.000000 1.000000
vn -0.000000 0.000000 1.000000
vn -0.000000 0.000000 1.000000
vn -1.000000 -0.000000 -0.000000
vn -1.000000 -0.000000 -0.000000
vn -1.000000 -0.000000 -0.000000
vn -1.000000 -0.000000 -0.000000
vn -0.945218 0.000000 0.326441
vn -0.945218 0.000000 0.326441
vn -0.999150 0.000000 0.041223
vn -0.999150 0.000000 0.041223
vn -1.000000 -0.000000 -0.000000
vn -1.000000 -0.000000 -0.000000
vn -0.945218 0.000000 0.326441
vn -0.441163 0.000000 0.897427
vn -0.441163 0.000000 0.897427
vn -0.731085 0.000000 0.682287
vn -0.731085 0.000000 0.682287
vn -0.943355 0.000000 0.331784
vn -0.943355 0.000000 0.331784
vn -0.943355 0.000000 0.331784
vn -0.441163 0.000000 0.897427
vn -0.021921 0.000000 0.999760
vn -0.021921 0.000000 0.999760
vn -0.441604 0.000000 0.897210
vn -0.441604 0.000000 0.897210
vn -0.441604 0.000000 0.897210
vn -1.000000 -0.000000 -0.000000
vn -1.000000 -0.000000 -0.000000
vn -1.000000 -0.000000 -0.000000
vn -1.000000 -0.000000 -0.000000
vn -0.000000 -0.000000 -1.000000
vn -0.000000 -0.000000 -1.000000
vn -0.000000 -0.000000 -1.000000
vn -0.000000 -0.000000 -1.000000
vn 1.000000 -0.000000 -0.000000
vn 1.000000 -0.000000 -0.000000
vn 1.000000 -0.000000 -0.000000
vn 1.000000 -0.000000 -0.000000
vn 0.472927 -0.000000 0.881101
vn 0.472927 -0.000000 0.881101
vn 0.097679 -0.000000 0.995218
vn 0.097679 -0.000000 0.995218
vn 0.021103 -0.000000 0.999777
vn 0.021103 -0.000000 0.999777
vn 0.472927 -0.000000 0.881101
vn 0.908704 -0.000000 0.417440
vn 0.908704 -0.000000 0.417440
vn 0.694689 -0.000000 0.719310
vn 0.694689 -0.000000 0.719310
vn 0.454545 -0.000000 0.890724
vn 0.454545 -0.000000 0.890724
vn 0.454545 -0.000000 0.890724
vn 0.908704 -0.000000 0.417440
vn 1.000000 -0.000000 -0.000000
vn 1.000000 -0.000000 -0.000000
vn 0.916250 -0.000000 0.400606
vn 0.916250 -0.000000 0.400606
vn 0.916250 -0.000000 0.400606
vn 1.000000 -0.000000 -0.000000
vn 1.000000 -0.000000 -0.000000
vn 1.000000 -0.000000 -0.000000
vn 1.000000 -0.000000 -0.000000
vn 0.974206 -0.000000 -0.225659
vn 0.974206 -0.000000 -0.225659
vn 1.000000 -0.000000 -0.000000
vn 1.000000 -0.000000 -0.000000
vn 0.974206 -0.000000 -0.225659
vn 0.627123 -0.000000 -0.778920
vn 0.627123 -0.000000 -0.778920
vn 0.892023 -0.000000 -0.451990
vn 0.892023 -0.000000 -0.451990
vn 0.976084 -0.000000 -0.217395
vn 0.976084 -0.000000 -0.217395
vn 0.976084 -0.000000 -0.217395
vn 0.627123 -0.000000 -0.778920
vn -0.000000 -0.000000 -1.000000
vn -0.000000 -0.000000 -1.000000
vn 0.315187 -0.000000 -0.949030
vn 0.315187 -0.000000 -0.949030
vn 0.616024 -0.000000 -0.787727
vn 0.616024 -0.000000 -0.787727
vn 0.616024 -0.000000 -0.787727
vn -0.000000 -0.000000 -1.000000
vn -0.427446 -0.000000 -0.904041
vn -0.427446 -0.000000 -0.904041
vn -0.000000 -0.000000 -1.000000
vn -0.000000 -0.000000 -1.000000
vn -0.000000 -0.000000 -1.000000
vn 0.898353 -0.000000 -0.439274
vn 0.898353 -0.000000 -0.439274
vn 0.898353 -0.000000 -0.439274
vn 0.898353 -0.000000 -0.439274
vn -0.000000 -1.000000 0.000000
vn -0.000000 -1.000000 0.000000
vn -0.000000 -1.000000 0.000000
vn -0.000000 -1.000000 0.000000
vn -0.000000 -1.000000 0.000000
vn -0.000000 -1.000000 0.000000
vn -0.000000 -1.000000 0.000000
vn -0.000000 -1.000000 0.000000
vn -0.000000 -1.000000 0.000000
vn -0.000000 -1.000000 0.000000
vn -0.000000 -1.000000 0.000000
vn -0.000000 -1.000000 0.000000
vn -0.000000 -1.000000 0.000000
vn -0.000000 -1.000000 0.000000
vn -0.000000 -1.000000 0.000000
vn -0.000000 -1.000000 0.000000
vn -0.000000 -1.000000 0.000000
vn -0.000000 -1.000000 0.000000
vn -0.000000 -1.000000 0.000000
vn -0.000000 -1.000000 0.000000
vn -0.000000 -1.000000 0.000000
vn -0.000000 -1.000000 0.000000
vn -0.000000 -1.000000 0.000000
vn -0.000000 -1.000000 0.000000
f 2/2/2 1/1/1 3/3/3
f 6/6/6 5/5/5 7/7/7
f 10/10/10 9/9/9 11/11/11
f 14/14/14 13/13/13 15/15/15
f 18/18/18 17/17/17 19/19/19
f 22/22/22 24/24/24 23/23/23
f 26/26/26 25/25/25 27/27/27
f 30/30/30 29/29/29 31/31/31
f 34/34/34 33/33/33 35/35/35
f 38/38/38 37/37/37 39/39/39
f 42/42/42 41/41/41 43/43/43
f 46/46/46 48/48/48 47/47/47
f 50/50/50 49/49/49 51/51/51
f 54/54/54 53/53/53 55/55/55
f 58/58/58 57/57/57 59/59/59
f 62/62/62 61/61/61 63/63/63
f 66/66/66 65/65/65 67/67/67
f 70/70/70 72/72/72 71/71/71
f 74/74/74 73/73/73 75/75/75
f 78/78/78 77/77/77 79/79/79
f 82/82/82 81/81/81 83/83/83
f 86/86/86 85/85/85 87/87/87
f 90/90/90 89/89/89 91/91/91
f 94/94/94 96/96/96 95/95/95
f 98/98/98 97/97/97 99/99/99
f 102/102/102 101/101/101 103/103/103
f 106/106/106 105/105/105 107/107/107
f 110/110/110 109/109/109 111/111/111
f 114/114/114 113/113/113 115/115/115
f 118/118/118 120/120/120 119/119/119
f 122/122/122 121/121/121 123/123/123
f 126/126/126 125/125/125 127/127/127
f 130/130/130 129/129/129 131/131/131
f 134/134/134 133/133/133 135/135/135
f 138/138/138 137/137/137 139/139/139
f 142/142/142 144/144/144 143/143/143
f 146/146/146 145/145/145 148/148/148
f 150/150/150 149/149/149 151/151/151
f 154/154/154 153/153/153 155/155/155
f 158/158/158 157/157/157 159/159/159
f 162/162/162 161/161/161 163/163/163
f 166/166/166 168/168/168 165/165/165
f 170/170/170 169/169/169 172/172/172
f 174/174/174 173/173/173 175/175/175
f 178/178/178 177/177/177 179/179/179
f 182/182/182 181/181/181 183/183/183
f 186/186/186 185/185/185 187/187/187
f 190/190/190 192/192/192 189/189/189
f 194/194/194 193/193/193 196/196/196
f 198/198/198 197/197/197 199/199/199
f 202/202/202 201/201/201 203/203/203
f 206/206/206 205/205/205 207/207/207
f 210/210/210 209/209/209 211/211/211
f 214/214/214 216/216/216 213/213/213
f 218/218/218 217/217/217 220/220/220
f 222/222/222 221/221/221 223/223/223
f 226/226/226 225/225/225 227/227/227
f 230/230/230 229/229/229 231/231/231
f 234/234/234 233/233/233 235/235/235
f 238/238/238 240/240/240 237/237/237
f 242/242/242 241/241/241 244/244/244
f 246/246/246 245/245/245 247/247/247
f 250/250/250 249/249/249 251/251/251
f 254/254/254 253/253/253 255/255/255
f 258/258/258 257/257/257 259/259/259
f 262/262/262 264/264/264 261/261/261
f 266/266/266 265/265/265 268/268/268
f 270/270/270 269/269/269 271/271/271
f 274/274/274 273/273/273 275/275/275
f 278/278/278 277/277/277 279/279/279
f 282/282/282 281/281/281 283/283/283
f 286/286/286 288/288/288 285/285/285
f 290/290/290 289/289/289 291/291/291
f 307/307/307 308/308/308 299/299/299
f 297/297/297 299/299/299 300/300/300
f 306/306/306 305/305/305 301/301/301
f 302/302/302 301/301/301 303/303/303
f 299/299/299 293/293/293 300/300/300
f 298/298/298 300/300/300 293/293/293
f 303/303/303 298/298/298 293/293/293
f 294/294/294 293/293/293 299/299/299
f 307/307/307 294/294/294 308/308/308
f 299/299/299 308/308/308 294/294/294
f 307/307/307 297/297/297 301/301/301
f 307/307/307 305/305/305 294/294/294
f 297/297/297 298/298/298 303/303/303
f 302/302/302 304/304/304 295/295/295
f 303/303/303 295/295/295 304/304/304
f 305/305/305 306/306/306 296/296/296
f 302/302/302 296/296/296 306/306/306
f 296/296/296 302/302/302 295/295/295
f 310/310/310 309/309/309 311/311/311
f 327/327/327 328/328/328 319/319/319
f 317/317/317 319/319/319 320/320/320
f 326/326/326 325/325/325 321/321/321
f 322/322/322 321/321/321 323/323/323
f 319/319/319 313/313/313 320/320/320
f 318/318/318 320/320/320 313/313/313
f 313/313/313 315/315/315 318/318/318
f 314/314/314 313/313/313 319/319/319
f 327/327/327 314/314/314 328/328/328
f 319/319/319 328/328/328 314/314/314
f 327/327/327 317/317/317 321/321/321
f 316/316/316 314/314/314 327/327/327
f 317/317/317 318/318/318 323/323/323
f 322/322/322 324/324/324 315/315/315
f 323/323/323 315/315/315 324/324/324
f 325/325/325 326/326/326 316/316/316
f 322/322/322 316/316/316 326/326/326
f 316/316/316 322/322/322 315/315/315
f 330/330/330 329/329/329 331/331/331
f 334/334/334 336/336/336 335/335/335
f 338/338/338 337/337/337 339/339/339
f 342/342/342 341/341/341 343/343/343
f 346/346/346 345/345/345 347/347/347
f 350/350/350 349/349/349 351/351/351
f 354/354/354 353/353/353 355/355/355
f 358/358/358 360/360/360 359/359/359
f 362/362/362 361/361/361 363/363/363
f 366/366/366 365/365/365 367/367/367
f 370/370/370 369/369/369 371/371/371
f 374/374/374 373/373/373 375/375/375
f 378/378/378 377/377/377 379/379/379
f 382/382/382 384/384/384 383/383/383
f 386/386/386 385/385/385 387/387/387
f 403/403/403 404/404/404 395/395/395
f 393/393/393 395/395/395 396/396/396
f 402/402/402 401/401/401 397/397/397
f 398/398/398 397/397/397 399/399/399
f 395/395/395 389/389/389 396/396/396
f 394/394/394 396/396/396 389/389/389
f 389/389/389 391/391/391 394/394/394
f 390/390/390 389/389/389 395/395/395
f 403/403/403 390/390/390 404/404/404
f 404/404/404 390/390/390 395/395/395
f 403/403/403 393/393/393 397/397/397
f 401/401/401 390/390/390 403/403/403
f 393/393/393 394/394/394 399/399/399
f 398/398/398 400/400/400 391/391/391
f 399/399/399 391/391/391 400/400/400
f 401/401/401 402/402/402 392/392/392
f 398/398/398 392/392/392 402/402/402
f 392/392/392 398/398/398 391/391/391
f 390/390/390 401/401/401 392/392/392
f 406/406/406 405/405/405 407/407/407
f 423/423/423 424/424/424 415/415/415
f 413/413/413 415/415/415 416/416/416
f 422/422/422 421/421/421 417/417/417
f 418/418/418 417/417/417 419/419/419
f 415/415/415 409/409/409 416/416/416
f 414/414/414 416/416/416 409/409/409
f 409/409/409 411/411/411 419/419/419
f 410/410/410 409/409/409 415/415/415
f 423/423/423 410/410/410 424/424/424
f 415/415/415 424/424/424 410/410/410
f 423/423/423 413/413/413 417/417/417
f 421/421/421 410/410/410 423/423/423
f 413/413/413 414/414/414 419/419/419
f 419/419/419 411/411/411 420/420/420
f 411/411/411 418/418/418 420/420/420
f 421/421/421 422/422/422 412/412/412
f 418/418/418 412/412/412 422/422/422
f 412/412/412 418/418/418 411/411/411
f 410/410/410 421/421/421 412/412/412
f 426/426/426 425/425/425 427/427/427
f 430/430/430 432/432/432 431/431/431
f 434/434/434 433/433/433 435/435/435
f 451/451/451 452/452/452 443/443/443
f 441/441/441 443/443/443 444/444/444
f 450/450/450 449/449/449 445/445/445
f 446/446/446 445/445/445 447/447/447
f 443/443/443 437/437/437 444/444/444
f 442/442/442 444/444/444 437/437/437
f 437/437/437 439/439/439 447/447/447
f 438/438/438 437/437/437 443/443/443
f 451/451/451 438/438/438 452/452/452
f 443/443/443 452/452/452 438/438/438
f 451/451/451 441/441/441 445/445/445
f 449/449/449 438/438/438 451/451/451
f 441/441/441 442/442/442 447/447/447
f 447/447/447 439/439/439 448/448/448
f 439/439/439 446/446/446 448/448/448
f 449/449/449 450/450/450 440/440/440
f 446/446/446 440/440/440 450/450/450
f 440/440/440 446/446/446 439/439/439
f 438/438/438 449/449/449 440/440/440
f 454/454/454 453/453/453 455/455/455
f 471/471/471 472/472/472 463/463/463
f 461/461/461 463/463/463 464/464/464
f 470/470/470 469/469/469 465/465/465
f 466/466/466 465/465/465 467/467/467
f 463/463/463 457/457/457 464/464/464
f 462/462/462 464/464/464 457/457/457
f 457/457/457 459/459/459 467/467/467
f 458/458/458 457/457/457 463/463/463
f 471/471/471 458/458/458 472/472/472
f 472/472/472 458/458/458 463/463/463
f 471/471/471 461/461/461 465/465/465
f 469/469/469 458/458/458 471/471/471
f 461/461/461 462/462/462 467/467/467
f 466/466/466 468/468/468 459/459/459
f 467/467/467 459/459/459 468/468/468
f 469/469/469 470/470/470 460/460/460
f 466/466/466 460/460/460 470/470/470
f 460/460/460 466/466/466 459/459/459
f 458/458/458 469/469/469 460/460/460
f 474/474/474 473/473/473 475/475/475
f 478/478/478 480/480/480 479/479/479
f 482/482/482 481/481/481 483/483/483
f 486/486/486 485/485/485 487/487/487
f 490/490/490 489/489/489 491/491/491
f 494/494/494 493/493/493 495/495/495
f 498/498/498 497/497/497 499/499/499
f 502/502/502 504/504/504 503/503/503
f 506/506/506 505/505/505 508/508/508
f 523/523/523 524/524/524 515/515/515
f 513/513/513 515/515/515 516/516/516
f 522/522/522 521/521/521 517/517/517
f 518/518/518 517/517/517 519/519/519
f 515/515/515 509/509/509 516/516/516
f 514/514/514 516/516/516 509/509/509
f 514/514/514 509/509/509 519/519/519
f 510/510/510 509/509/509 515/515/515
f 523/523/523 510/510/510 524/524/524
f 515/515/515 524/524/524 510/510/510
f 523/523/523 513/513/513 517/517/517
f 521/521/521 510/510/510 523/523/523
f 513/513/513 514/514/514 519/519/519
f 518/518/518 520/520/520 511/511/511
f 519/519/519 511/511/511 520/520/520
f 511/511/511 519/519/519 509/509/509
f 521/521/521 522/522/522 512/512/512
f 518/518/518 512/512/512 522/522/522
f 512/512/512 518/518/518 511/511/511
f 510/510/510 521/521/521 512/512/512
f 526/526/526 525/525/525 527/527/527
f 543/543/543 544/544/544 535/535/535
f 533/533/533 535/535/535 536/536/536
f 542/542/542 541/541/541 537/537/537
f 538/538/538 537/537/537 539/539/539
f 535/535/535 529/529/529 536/536/536
f 534/534/534 536/536/536 529/529/529
f 529/529/529 531/531/531 534/534/534
f 530/530/530 529/529/529 535/535/535
f 543/543/543 530/530/530 544/544/544
f 535/535/535 544/544/544 530/530/530
f 543/543/543 533/533/533 537/537/537
f 532/532/532 530/530/530 543/543/543
f 533/533/533 534/534/534 539/539/539
f 538/538/538 540/540/540 531/531/531
f 539/539/539 531/531/531 540/540/540
f 541/541/541 542/542/542 532/532/532
f 538/538/538 532/532/532 542/542/542
f 532/532/532 538/538/538 531/531/531
f 546/546/546 545/545/545 547/547/547
f 550/550/550 552/552/552 549/549/549
f 554/554/554 553/553/553 556/556/556
f 558/558/558 557/557/557 559/559/559
f 562/562/562 561/561/561 563/563/563
f 566/566/566 565/565/565 567/567/567
f 570/570/570 569/569/569 571/571/571
f 574/574/574 576/576/576 573/573/573
f 578/578/578 577/577/577 580/580/580
f 595/595/595 596/596/596 587/587/587
f 585/585/585 587/587/587 588/588/588
f 594/594/594 593/593/593 589/589/589
f 590/590/590 589/589/589 591/591/591
f 587/587/587 581/581/581 588/588/588
f 586/586/586 588/588/588 581/581/581
f 591/591/591 586/586/586 583/583/583
f 582/582/582 581/581/581 587/587/587
f 595/595/595 582/582/582 596/596/596
f 587/587/587 596/596/596 582/582/582
f 595/595/595 585/585/585 589/589/589
f 595/595/595 593/593/593 584/584/584
f 585/585/585 586/586/586 591/591/591
f 591/591/591 583/583/583 592/592/592
f 583/583/583 590/590/590 592/592/592
f 593/593/593 594/594/594 584/584/584
f 590/590/590 584/584/584 594/594/594
f 584/584/584 590/590/590 583/583/583
f 598/598/598 597/597/597 599/599/599
f 615/615/615 616/616/616 607/607/607
f 605/605/605 607/607/607 608/608/608
f 614/614/614 613/613/613 609/609/609
f 610/610/610 609/609/609 611/611/611
f 607/607/607 601/601/601 608/608/608
f 606/606/606 608/608/608 601/601/601
f 601/601/601 603/603/603 611/611/611
f 602/602/602 601/601/601 607/607/607
f 615/615/615 602/602/602 616/616/616
f 616/616/616 602/602/602 607/607/607
f 615/615/615 605/605/605 609/609/609
f 604/604/604 602/602/602 613/613/613
f 605/605/605 606/606/606 611/611/611
f 610/610/610 612/612/612 603/603/603
f 611/611/611 603/603/603 612/612/612
f 613/613/613 614/614/614 604/604/604
f 610/610/610 604/604/604 614/614/614
f 604/604/604 610/610/610 603/603/603
f 618/618/618 617/617/617 619/619/619
f 622/622/622 624/624/624 621/621/621
f 626/626/626 625/625/625 628/628/628
f 630/630/630 629/629/629 631/631/631
f 634/634/634 633/633/633 635/635/635
f 638/638/638 637/637/637 639/639/639
f 642/642/642 641/641/641 643/643/643
f 646/646/646 648/648/648 645/645/645
f 650/650/650 649/649/649 652/652/652
f 654/654/654 653/653/653 655/655/655
f 658/658/658 657/657/657 659/659/659
f 662/662/662 661/661/661 663/663/663
f 666/666/666 665/665/665 667/667/667
f 670/670/670 672/672/672 669/669/669
f 674/674/674 673/673/673 676/676/676
f 678/678/678 677/677/677 679/679/679
f 682/682/682 681/681/681 683/683/683
f 686/686/686 685/685/685 687/687/687
f 690/690/690 689/689/689 691/691/691
f 694/694/694 696/696/696 693/693/693
f 698/698/698 697/697/697 700/700/700
f 702/702/702 701/701/701 703/703/703
f 706/706/706 705/705/705 707/707/707
f 710/710/710 709/709/709 711/711/711
f 714/714/714 713/713/713 715/715/715
f 718/718/718 720/720/720 717/717/717
f 722/722/722 721/721/721 724/724/724
f 726/726/726 725/725/725 727/727/727
f 730/730/730 729/729/729 731/731/731
f 734/734/734 733/733/733 735/735/735
f 738/738/738 737/737/737 739/739/739
f 742/742/742 744/744/744 741/741/741
f 746/746/746 745/745/745 748/748/748
f 750/750/750 749/749/749 751/751/751
f 754/754/754 753/753/753 755/755/755
f 758/758/758 757/757/757 759/759/759
f 762/762/762 761/761/761 763/763/763
f 766/766/766 768/768/768 765/765/765
f 770/770/770 769/769/769 772/772/772
f 774/774/774 773/773/773 775/775/775
f 778/778/778 777/777/777 779/779/779
f 782/782/782 781/781/781 783/783/783
f 786/786/786 785/785/785 787/787/787
f 790/790/790 792/792/792 789/789/789
f 794/794/794 793/793/793 796/796/796
f 798/798/798 797/797/797 799/799/799
f 802/802/802 801/801/801 803/803/803
f 806/806/806 805/805/805 807/807/807
f 810/810/810 809/809/809 811/811/811
f 814/814/814 816/816/816 813/813/813
f 818/818/818 817/817/817 820/820/820
f 822/822/822 821/821/821 823/823/823
f 826/826/826 825/825/825 827/827/827
f 830/830/830 829/829/829 831/831/831
f 834/834/834 833/833/833 835/835/835
f 838/838/838 840/840/840 837/837/837
f 842/842/842 841/841/841 843/843/843
f 846/846/846 845/845/845 847/847/847
f 850/850/850 849/849/849 851/851/851
f 854/854/854 853/853/853 855/855/855
f 858/858/858 857/857/857 859/859/859
f 862/862/862 864/864/864 863/863/863
f 866/866/866 865/865/865 867/867/867
f 870/870/870 869/869/869 871/871/871
f 874/874/874 873/873/873 875/875/875
f 878/878/878 877/877/877 879/879/879
f 882/882/882 881/881/881 883/883/883
f 886/886/886 888/888/888 887/887/887
f 890/890/890 889/889/889 891/891/891
f 894/894/894 893/893/893 895/895/895
f 898/898/898 897/897/897 899/899/899
f 902/902/902 901/901/901 903/903/903
f 906/906/906 905/905/905 907/907/907
f 910/910/910 912/912/912 911/911/911
f 914/914/914 913/913/913 915/915/915
f 918/918/918 917/917/917 919/919/919
f 922/922/922 921/921/921 923/923/923
f 926/926/926 925/925/925 927/927/927
f 930/930/930 929/929/929 931/931/931
f 934/934/934 936/936/936 935/935/935
f 938/938/938 937/937/937 939/939/939
f 942/942/942 941/941/941 943/943/943
f 946/946/946 945/945/945 947/947/947
f 950/950/950 949/949/949 951/951/951
f 954/954/954 953/953/953 955/955/955
f 958/958/958 960/960/960 959/959/959
f 962/962/962 961/961/961 963/963/963
f 966/966/966 965/965/965 967/967/967
f 970/970/970 969/969/969 971/971/971
f 974/974/974 973/973/973 975/975/975
f 978/978/978 977/977/977 979/979/979
f 982/982/982 984/984/984 983/983/983
f 987/987/987 986/986/986 1039/1039/1039
f 988/988/988 987/987/987 1038/1038/1038
f 1038/1038/1038 987/987/987 1039/1039/1039
f 1040/1040/1040 986/986/986 985/985/985
f 1040/1040/1040 1039/1039/1039 986/986/986
f 1037/1037/1037 989/989/989 988/988/988
f 1027/1027/1027 1029/1029/1029 1028/1028/1028
f 1029/1029/1029 1027/1027/1027 1030/1030/1030
f 1036/1036/1036 989/989/989 1037/1037/1037
f 988/988/988 1038/1038/1038 1037/1037/1037
f 1011/1011/1011 1010/1010/1010 1008/1008/1008
f 1012/1012/1012 1011/1011/1011 1007/1007/1007
f 1008/1008/1008 1010/1010/1010 1009/1009/1009
f 1007/1007/1007 1011/1011/1011 1008/1008/1008
f 1007/1007/1007 1006/1006/1006 1012/1012/1012
f 1012/1012/1012 1006/1006/1006 1013/1013/1013
f 1015/1015/1015 1014/1014/1014 1005/1005/1005
f 1016/1016/1016 1015/1015/1015 1005/1005/1005
f 1004/1004/1004 1016/1016/1016 1005/1005/1005
f 1004/1004/1004 1018/1018/1018 1017/1017/1017
f 1004/1004/1004 1017/1017/1017 1016/1016/1016
f 1003/1003/1003 1018/1018/1018 1004/1004/1004
f 1006/1006/1006 1005/1005/1005 1014/1014/1014
f 1006/1006/1006 1014/1014/1014 1013/1013/1013
f 1026/1026/1026 1030/1030/1030 1027/1027/1027
f 1035/1035/1035 990/990/990 1036/1036/1036
f 989/989/989 1036/1036/1036 990/990/990
f 1034/1034/1034 990/990/990 1035/1035/1035
f 996/996/996 1032/1032/1032 1031/1031/1031
f 996/996/996 995/995/995 1032/1032/1032
f 996/996/996 1031/1031/1031 1026/1026/1026
f 1034/1034/1034 991/991/991 990/990/990
f 1030/1030/1030 1026/1026/1026 1031/1031/1031
f 1033/1033/1033 992/992/992 1034/1034/1034
f 993/993/993 992/992/992 994/994/994
f 994/994/994 1033/1033/1033 995/995/995
f 994/994/994 992/992/992 1033/1033/1033
f 1033/1033/1033 1032/1032/1032 995/995/995
f 991/991/991 1034/1034/1034 992/992/992
f 997/997/997 996/996/996 1025/1025/1025
f 1025/1025/1025 996/996/996 1026/1026/1026
f 1024/1024/1024 997/997/997 1025/1025/1025
f 1019/1019/1019 1018/1018/1018 1003/1003/1003
f 1020/1020/1020 1019/1019/1019 1003/1003/1003
f 1002/1002/1002 1020/1020/1020 1003/1003/1003
f 1024/1024/1024 1023/1023/1023 997/997/997
f 1023/1023/1023 1000/1000/1000 999/999/999
f 1022/1022/1022 1000/1000/1000 1023/1023/1023
f 1002/1002/1002 1022/1022/1022 1021/1021/1021
f 1022/1022/1022 1002/1002/1002 1001/1001/1001
f 1001/1001/1001 1000/1000/1000 1022/1022/1022
f 1020/1020/1020 1002/1002/1002 1021/1021/1021
f 998/998/998 1023/1023/1023 999/999/999
f 998/998/998 997/997/997 1023/1023/1023
f 1043/1043/1043 1041/1041/1041 1047/1047/1047
f 1044/1044/1044 1047/1047/1047 1042/1042/1042
f 1045/1045/1045 1043/1043/1043 1044/1044/1044
f 1047/1047/1047 1044/1044/1044 1043/1043/1043
f 1055/1055/1055 1050/1050/1050 1048/1048/1048
f 1055/1055/1055 1049/1049/1049 1051/1051/1051
f 1051/1051/1051 1050/1050/1050 1055/1055/1055
f 1051/1051/1051 1054/1054/1054 1050/1050/1050
f 1054/1054/1054 1051/1051/1051 1053/1053/1053
f 1063/1063/1063 1058/1058/1058 1056/1056/1056
f 1063/1063/1063 1057/1057/1057 1059/1059/1059
f 1059/1059/1059 1058/1058/1058 1063/1063/1063
f 1059/1059/1059 1061/1061/1061 1062/1062/1062
f 1060/1060/1060 1058/1058/1058 1062/1062/1062
f 1071/1071/1071 1066/1066/1066 1064/1064/1064
f 1071/1071/1071 1065/1065/1065 1067/1067/1067
f 1067/1067/1067 1066/1066/1066 1071/1071/1071
f 1067/1067/1067 1070/1070/1070 1066/1066/1066
f 1070/1070/1070 1067/1067/1067 1069/1069/1069
f 1081/1081/1081 1074/1074/1074 1072/1072/1072
f 1073/1073/1073 1075/1075/1075 1081/1081/1081
f 1074/1074/1074 1081/1081/1081 1075/1075/1075
f 1075/1075/1075 1077/1077/1077 1076/1076/1076
f 1080/1080/1080 1078/1078/1078 1076/1076/1076
f 1079/1079/1079 1080/1080/1080 1077/1077/1077
f 1076/1076/1076 1077/1077/1077 1080/1080/1080
f 1089/1089/1089 1084/1084/1084 1082/1082/1082
f 1089/1089/1089 1083/1083/1083 1085/1085/1085
f 1085/1085/1085 1084/1084/1084 1089/1089/1089
f 1085/1085/1085 1087/1087/1087 1088/1088/1088
f 1086/1086/1086 1084/1084/1084 1088/1088/1088
f 1097/1097/1097 1092/1092/1092 1090/1090/1090
f 1097/1097/1097 1091/1091/1091 1093/1093/1093
f 1093/1093/1093 1092/1092/1092 1097/1097/1097
f 1093/1093/1093 1096/1096/1096 1092/1092/1092
f 1096/1096/1096 1093/1093/1093 1095/1095/1095
f 1099/1099/1099 1101/1101/1101 1100/1100/1100
f 1101/1101/1101 1104/1104/1104 1100/1100/1100
f 1104/1104/1104 1101/1101/1101 1103/1103/1103
f 1107/1107/1107 1105/1105/1105 1111/1111/1111
f 1108/1108/1108 1111/1111/1111 1106/1106/1106
f 1109/1109/1109 1107/1107/1107 1108/1108/1108
f 1111/1111/1111 1108/1108/1108 1107/1107/1107
f 1119/1119/1119 1114/1114/1114 1112/1112/1112
f 1119/1119/1119 1113/1113/1113 1115/1115/1115
f 1115/1115/1115 1114/1114/1114 1119/1119/1119
f 1114/1114/1114 1115/1115/1115 1118/1118/1118
f 1118/1118/1118 1115/1115/1115 1117/1117/1117
f 1116/1116/1116 1114/1114/1114 1118/1118/1118
f 1129/1129/1129 1122/1122/1122 1120/1120/1120
f 1121/1121/1121 1123/1123/1123 1129/1129/1129
f 1122/1122/1122 1129/1129/1129 1123/1123/1123
f 1123/1123/1123 1125/1125/1125 1124/1124/1124
f 1128/1128/1128 1126/1126/1126 1124/1124/1124
f 1127/1127/1127 1128/1128/1128 1125/1125/1125
f 1124/1124/1124 1125/1125/1125 1128/1128/1128
f 1137/1137/1137 1132/1132/1132 1130/1130/1130
f 1137/1137/1137 1131/1131/1131 1133/1133/1133
f 1133/1133/1133 1132/1132/1132 1137/1137/1137
f 1132/1132/1132 1133/1133/1133 1136/1136/1136
f 1136/1136/1136 1133/1133/1133 1135/1135/1135
f 1134/1134/1134 1132/1132/1132 1136/1136/1136
f 1145/1145/1145 1140/1140/1140 1138/1138/1138
f 1145/1145/1145 1139/1139/1139 1141/1141/1141
f 1141/1141/1141 1140/1140/1140 1145/1145/1145
f 1141/1141/1141 1143/1143/1143 1144/1144/1144
f 1142/1142/1142 1140/1140/1140 1144/1144/1144
f 1153/1153/1153 1148/1148/1148 1146/1146/1146
f 1153/1153/1153 1147/1147/1147 1149/1149/1149
f 1149/1149/1149 1148/1148/1148 1153/1153/1153
f 1149/1149/1149 1151/1151/1151 1152/1152/1152
f 1150/1150/1150 1148/1148/1148 1152/1152/1152
f 1159/1159/1159 1158/1158/1158 1156/1156/1156
f 1155/1155/1155 1157/1157/1157 1158/1158/1158
f 1165/1165/1165 1164/1164/1164 1162/1162/1162
f 1161/1161/1161 1163/1163/1163 1164/1164/1164
f 1171/1171/1171 1170/1170/1170 1168/1168/1168
f 1167/1167/1167 1169/1169/1169 1170/1170/1170
f 1179/1179/1179 1174/1174/1174 1172/1172/1172
f 1179/1179/1179 1173/1173/1173 1175/1175/1175
f 1175/1175/1175 1174/1174/1174 1179/1179/1179
f 1175/1175/1175 1177/1177/1177 1178/1178/1178
f 1176/1176/1176 1174/1174/1174 1178/1178/1178
f 1187/1187/1187 1182/1182/1182 1180/1180/1180
f 1187/1187/1187 1181/1181/1181 1183/1183/1183
f 1183/1183/1183 1182/1182/1182 1187/1187/1187
f 1183/1183/1183 1186/1186/1186 1182/1182/1182
f 1186/1186/1186 1183/1183/1183 1185/1185/1185
f 1193/1193/1193 1192/1192/1192 1190/1190/1190
f 1189/1189/1189 1191/1191/1191 1192/1192/1192
f 1201/1201/1201 1196/1196/1196 1194/1194/1194
f 1201/1201/1201 1195/1195/1195 1197/1197/1197
f 1197/1197/1197 1196/1196/1196 1201/1201/1201
f 1197/1197/1197 1200/1200/1200 1196/1196/1196
f 1200/1200/1200 1197/1197/1197 1199/1199/1199
f 1203/1203/1203 1205/1205/1205 1206/1206/1206
f 1202/1202/1202 1206/1206/1206 1204/1204/1204
f 1208/1208/1208 1210/1210/1210 1209/1209/1209
f 1212/1212/1212 1214/1214/1214 1213/1213/1213
f 1216/1216/1216 1218/1218/1218 1217/1217/1217
f 1221/1221/1221 1219/1219/1219 1223/1223/1223
f 1220/1220/1220 1222/1222/1222 1223/1223/1223
f 1221/1221/1221 1223/1223/1223 1222/1222/1222
f 1231/1231/1231 1226/1226/1226 1224/1224/1224
f 1231/1231/1231 1225/1225/1225 1227/1227/1227
f 1227/1227/1227 1226/1226/1226 1231/1231/1231
f 1227/1227/1227 1229/1229/1229 1230/1230/1230
f 1228/1228/1228 1226/1226/1226 1230/1230/1230
f 1237/1237/1237 1236/1236/1236 1234/1234/1234
f 1233/1233/1233 1235/1235/1235 1236/1236/1236
f 1245/1245/1245 1240/1240/1240 1238/1238/1238
f 1245/1245/1245 1239/1239/1239 1241/1241/1241
f 1241/1241/1241 1240/1240/1240 1245/1245/1245
f 1241/1241/1241 1244/1244/1244 1240/1240/1240
f 1244/1244/1244 1241/1241/1241 1243/1243/1243
f 1253/1253/1253 1248/1248/1248 1246/1246/1246
f 1253/1253/1253 1247/1247/1247 1249/1249/1249
f 1249/1249/1249 1248/1248/1248 1253/1253/1253
f 1249/1249/1249 1251/1251/1251 1252/1252/1252
f 1250/1250/1250 1248/1248/1248 1252/1252/1252
f 1256/1256/1256 1254/1254/1254 1255/1255/1255
f 1257/1257/1257 1259/1259/1259 1258/1258/1258
f 1262/1262/1262 1260/1260/1260 1258/1258/1258
f 1261/1261/1261 1262/1262/1262 1259/1259/1259
f 1258/1258/1258 1259/1259/1259 1262/1262/1262
f 1264/1264/1264 1266/1266/1266 1265/1265/1265
f 1269/1269/1269 1321/1321/1321 1268/1268/1268
f 1270/1270/1270 1320/1320/1320 1269/1269/1269
f 1320/1320/1320 1321/1321/1321 1269/1269/1269
f 1322/1322/1322 1267/1267/1267 1268/1268/1268
f 1322/1322/1322 1268/1268/1268 1321/1321/1321
f 1319/1319/1319 1270/1270/1270 1271/1271/1271
f 1309/1309/1309 1310/1310/1310 1311/1311/1311
f 1311/1311/1311 1312/1312/1312 1309/1309/1309
f 1318/1318/1318 1319/1319/1319 1271/1271/1271
f 1270/1270/1270 1319/1319/1319 1320/1320/1320
f 1293/1293/1293 1290/1290/1290 1292/1292/1292
f 1294/1294/1294 1289/1289/1289 1293/1293/1293
f 1290/1290/1290 1291/1291/1291 1292/1292/1292
f 1289/1289/1289 1290/1290/1290 1293/1293/1293
f 1289/1289/1289 1294/1294/1294 1288/1288/1288
f 1294/1294/1294 1295/1295/1295 1288/1288/1288
f 1297/1297/1297 1287/1287/1287 1296/1296/1296
f 1298/1298/1298 1287/1287/1287 1297/1297/1297
f 1286/1286/1286 1287/1287/1287 1298/1298/1298
f 1286/1286/1286 1299/1299/1299 1300/1300/1300
f 1286/1286/1286 1298/1298/1298 1299/1299/1299
f 1285/1285/1285 1286/1286/1286 1300/1300/1300
f 1288/1288/1288 1296/1296/1296 1287/1287/1287
f 1288/1288/1288 1295/1295/1295 1296/1296/1296
f 1308/1308/1308 1309/1309/1309 1312/1312/1312
f 1317/1317/1317 1318/1318/1318 1272/1272/1272
f 1271/1271/1271 1272/1272/1272 1318/1318/1318
f 1316/1316/1316 1317/1317/1317 1272/1272/1272
f 1278/1278/1278 1313/1313/1313 1314/1314/1314
f 1278/1278/1278 1314/1314/1314 1277/1277/1277
f 1278/1278/1278 1308/1308/1308 1313/1313/1313
f 1316/1316/1316 1272/1272/1272 1273/1273/1273
f 1312/1312/1312 1313/1313/1313 1308/1308/1308
f 1315/1315/1315 1316/1316/1316 1274/1274/1274
f 1275/1275/1275 1276/1276/1276 1274/1274/1274
f 1276/1276/1276 1277/1277/1277 1315/1315/1315
f 1276/1276/1276 1315/1315/1315 1274/1274/1274
f 1315/1315/1315 1277/1277/1277 1314/1314/1314
f 1273/1273/1273 1274/1274/1274 1316/1316/1316
f 1279/1279/1279 1307/1307/1307 1278/1278/1278
f 1307/1307/1307 1308/1308/1308 1278/1278/1278
f 1306/1306/1306 1307/1307/1307 1279/1279/1279
f 1301/1301/1301 1285/1285/1285 1300/1300/1300
f 1302/1302/1302 1285/1285/1285 1301/1301/1301
f 1284/1284/1284 1285/1285/1285 1302/1302/1302
f 1306/1306/1306 1279/1279/1279 1305/1305/1305
f 1305/1305/1305 1281/1281/1281 1282/1282/1282
f 1304/1304/1304 1305/1305/1305 1282/1282/1282
f 1284/1284/1284 1303/1303/1303 1304/1304/1304
f 1304/1304/1304 1283/1283/1283 1284/1284/1284
f 1283/1283/1283 1304/1304/1304 1282/1282/1282
f 1302/1302/1302 1303/1303/1303 1284/1284/1284
f 1280/1280/1280 1281/1281/1281 1305/1305/1305
f 1280/1280/1280 1305/1305/1305 1279/1279/1279
f 1336/1336/1336 1335/1335/1335 1341/1341/1341
f 1342/1342/1342 1341/1341/1341 1335/1335/1335
f 1336/1336/1336 1340/1340/1340 1337/1337/1337
f 1341/1341/1341 1340/1340/1340 1336/1336/1336
f 1334/1334/1334 1343/1343/1343 1342/1342/1342
f 1343/1343/1343 1334/1334/1334 1333/1333/1333
f 1333/1333/1333 1344/1344/1344 1343/1343/1343
f 1335/1335/1335 1334/1334/1334 1342/1342/1342
f 1338/1338/1338 1340/1340/1340 1339/1339/1339
f 1326/1326/1326 1323/1323/1323 1351/1351/1351
f 1350/1350/1350 1327/1327/1327 1351/1351/1351
f 1327/1327/1327 1326/1326/1326 1351/1351/1351
f 1328/1328/1328 1327/1327/1327 1350/1350/1350
f 1329/1329/1329 1328/1328/1328 1350/1350/1350
f 1338/1338/1338 1337/1337/1337 1340/1340/1340
f 1352/1352/1352 1351/1351/1351 1323/1323/1323
f 1345/1345/1345 1332/1332/1332 1331/1331/1331
f 1333/1333/1333 1332/1332/1332 1344/1344/1344
f 1331/1331/1331 1330/1330/1330 1347/1347/1347
f 1344/1344/1344 1332/1332/1332 1345/1345/1345
f 1346/1346/1346 1331/1331/1331 1347/1347/1347
f 1347/1347/1347 1330/1330/1330 1348/1348/1348
f 1345/1345/1345 1331/1331/1331 1346/1346/1346
f 1349/1349/1349 1348/1348/1348 1330/1330/1330
f 1325/1325/1325 1353/1353/1353 1352/1352/1352
f 1353/1353/1353 1325/1325/1325 1354/1354/1354
f 1350/1350/1350 1349/1349/1349 1329/1329/1329
f 1325/1325/1325 1324/1324/1324 1355/1355/1355
f 1356/1356/1356 1355/1355/1355 1324/1324/1324
f 1355/1355/1355 1354/1354/1354 1325/1325/1325
f 1349/1349/1349 1330/1330/1330 1329/1329/1329
f 1323/1323/1323 1325/1325/1325 1352/1352/1352
f 1358/1358/1358 1360/1360/1360 1359/1359/1359
f 1362/1362/1362 1364/1364/1364 1363/1363/1363
f 1366/1366/1366 1368/1368/1368 1367/1367/1367
f 1370/1370/1370 1372/1372/1372 1371/1371/1371
f 1373/1373/1373 1371/1371/1371 1372/1372/1372
f 1377/1377/1377 1375/1375/1375 1381/1381/1381
f 1378/1378/1378 1381/1381/1381 1376/1376/1376
f 1379/1379/1379 1377/1377/1377 1378/1378/1378
f 1381/1381/1381 1378/1378/1378 1377/1377/1377
f 1389/1389/1389 1384/1384/1384 1382/1382/1382
f 1389/1389/1389 1383/1383/1383 1385/1385/1385
f 1385/1385/1385 1384/1384/1384 1389/1389/1389
f 1385/1385/1385 1387/1387/1387 1388/1388/1388
f 1386/1386/1386 1384/1384/1384 1388/1388/1388
f 1397/1397/1397 1392/1392/1392 1390/1390/1390
f 1397/1397/1397 1391/1391/1391 1393/1393/1393
f 1393/1393/1393 1392/1392/1392 1397/1397/1397
f 1392/1392/1392 1393/1393/1393 1396/1396/1396
f 1396/1396/1396 1393/1393/1393 1395/1395/1395
f 1394/1394/1394 1392/1392/1392 1396/1396/1396
f 1405/1405/1405 1400/1400/1400 1398/1398/1398
f 1405/1405/1405 1399/1399/1399 1401/1401/1401
f 1401/1401/1401 1400/1400/1400 1405/1405/1405
f 1401/1401/1401 1403/1403/1403 1404/1404/1404
f 1402/1402/1402 1400/1400/1400 1404/1404/1404
f 1407/1407/1407 1409/1409/1409 1408/1408/1408
f 1409/1409/1409 1412/1412/1412 1408/1408/1408
f 1412/1412/1412 1409/1409/1409 1411/1411/1411
f 1414/1414/1414 1416/1416/1416 1415/1415/1415
f 1418/1418/1418 1420/1420/1420 1419/1419/1419
f 1421/1421/1421 1419/1419/1419 1420/1420/1420
f 1424/1424/1424 1426/1426/1426 1425/1425/1425
f 1427/1427/1427 1425/1425/1425 1426/1426/1426
f 1430/1430/1430 1432/1432/1432 1431/1431/1431
f 1433/1433/1433 1431/1431/1431 1432/1432/1432
f 1437/1437/1437 1435/1435/1435 1441/1441/1441
f 1438/1438/1438 1441/1441/1441 1436/1436/1436
f 1439/1439/1439 1437/1437/1437 1438/1438/1438
f 1441/1441/1441 1438/1438/1438 1437/1437/1437
f 1449/1449/1449 1444/1444/1444 1442/1442/1442
f 1449/1449/1449 1443/1443/1443 1445/1445/1445
f 1445/1445/1445 1444/1444/1444 1449/1449/1449
f 1445/1445/1445 1448/1448/1448 1444/1444/1444
f 1448/1448/1448 1445/1445/1445 1447/1447/1447
f 1451/1451/1451 1454/1454/1454 1450/1450/1450
f 1451/1451/1451 1453/1453/1453 1454/1454/1454
f 1456/1456/1456 1458/1458/1458 1457/1457/1457
f 1460/1460/1460 1462/1462/1462 1461/1461/1461
f 1465/1465/1465 1463/1463/1463 1469/1469/1469
f 1466/1466/1466 1469/1469/1469 1464/1464/1464
f 1467/1467/1467 1465/1465/1465 1466/1466/1466
f 1469/1469/1469 1466/1466/1466 1465/1465/1465
f 1475/1475/1475 1474/1474/1474 1472/1472/1472
f 1471/1471/1471 1473/1473/1473 1474/1474/1474
f 1477/1477/1477 1479/1479/1479 1480/1480/1480
f 1476/1476/1476 1480/1480/1480 1478/1478/1478
f 1482/1482/1482 1484/1484/1484 1483/1483/1483
f 1498/1498/1498 1503/1503/1503 1497/1497/1497
f 1504/1504/1504 1497/1497/1497 1503/1503/1503
f 1498/1498/1498 1499/1499/1499 1502/1502/1502
f 1503/1503/1503 1498/1498/1498 1502/1502/1502
f 1496/1496/1496 1504/1504/1504 1505/1505/1505
f 1505/1505/1505 1495/1495/1495 1496/1496/1496
f 1495/1495/1495 1505/1505/1505 1506/1506/1506
f 1497/1497/1497 1504/1504/1504 1496/1496/1496
f 1500/1500/1500 1501/1501/1501 1502/1502/1502
f 1488/1488/1488 1513/1513/1513 1485/1485/1485
f 1512/1512/1512 1513/1513/1513 1489/1489/1489
f 1489/1489/1489 1513/1513/1513 1488/1488/1488
f 1490/1490/1490 1512/1512/1512 1489/1489/1489
f 1491/1491/1491 1512/1512/1512 1490/1490/1490
f 1500/1500/1500 1502/1502/1502 1499/1499/1499
f 1514/1514/1514 1485/1485/1485 1513/1513/1513
f 1507/1507/1507 1493/1493/1493 1494/1494/1494
f 1495/1495/1495 1506/1506/1506 1494/1494/1494
f 1493/1493/1493 1509/1509/1509 1492/1492/1492
f 1506/1506/1506 1507/1507/1507 1494/1494/1494
f 1508/1508/1508 1509/1509/1509 1493/1493/1493
f 1509/1509/1509 1510/1510/1510 1492/1492/1492
f 1507/1507/1507 1508/1508/1508 1493/1493/1493
f 1511/1511/1511 1492/1492/1492 1510/1510/1510
f 1487/1487/1487 1514/1514/1514 1515/1515/1515
f 1515/1515/1515 1516/1516/1516 1487/1487/1487
f 1512/1512/1512 1491/1491/1491 1511/1511/1511
f 1487/1487/1487 1517/1517/1517 1486/1486/1486
f 1518/1518/1518 1486/1486/1486 1517/1517/1517
f 1517/1517/1517 1487/1487/1487 1516/1516/1516
f 1511/1511/1511 1491/1491/1491 1492/1492/1492
f 1485/1485/1485 1514/1514/1514 1487/1487/1487
f 1542/1542/1542 1541/1541/1541 1520/1520/1520
f 1521/1521/1521 1520/1520/1520 1541/1541/1541
f 1521/1521/1521 1540/1540/1540 1539/1539/1539
f 1521/1521/1521 1539/1539/1539 1538/1538/1538
f 1540/1540/1540 1521/1521/1521 1541/1541/1541
f 1529/1529/1529 1531/1531/1531 1530/1530/1530
f 1532/1532/1532 1531/1531/1531 1529/1529/1529
f 1526/1526/1526 1534/1534/1534 1533/1533/1533
f 1527/1527/1527 1533/1533/1533 1532/1532/1532
f 1519/1519/1519 1532/1532/1532 1529/1529/1529
f 1521/1521/1521 1537/1537/1537 1536/1536/1536
f 1523/1523/1523 1536/1536/1536 1535/1535/1535
f 1536/1536/1536 1523/1523/1523 1522/1522/1522
f 1521/1521/1521 1536/1536/1536 1522/1522/1522
f 1521/1521/1521 1538/1538/1538 1537/1537/1537
f 1524/1524/1524 1523/1523/1523 1535/1535/1535
f 1525/1525/1525 1534/1534/1534 1526/1526/1526
f 1524/1524/1524 1534/1534/1534 1525/1525/1525
f 1519/1519/1519 1528/1528/1528 1527/1527/1527
f 1532/1532/1532 1519/1519/1519 1527/1527/1527
f 1533/1533/1533 1527/1527/1527 1526/1526/1526
f 1524/1524/1524 1535/1535/1535 1534/1534/1534
f 1544/1544/1544 1546/1546/1546 1545/1545/1545
f 1548/1548/1548 1550/1550/1550 1549/1549/1549
f 1552/1552/1552 1554/1554/1554 1553/1553/1553
f 1557/1557/1557 1555/1555/1555 1561/1561/1561
f 1558/1558/1558 1561/1561/1561 1556/1556/1556
f 1559/1559/1559 1557/1557/1557 1558/1558/1558
f 1561/1561/1561 1558/1558/1558 1557/1557/1557
f 1569/1569/1569 1564/1564/1564 1562/1562/1562
f 1569/1569/1569 1563/1563/1563 1565/1565/1565
f 1565/1565/1565 1564/1564/1564 1569/1569/1569
f 1564/1564/1564 1565/1565/1565 1568/1568/1568
f 1568/1568/1568 1565/1565/1565 1567/1567/1567
f 1566/1566/1566 1564/1564/1564 1568/1568/1568
f 1571/1571/1571 1574/1574/1574 1570/1570/1570
f 1571/1571/1571 1573/1573/1573 1574/1574/1574
f 1576/1576/1576 1578/1578/1578 1577/1577/1577
f 1580/1580/1580 1582/1582/1582 1581/1581/1581
f 1584/1584/1584 1586/1586/1586 1585/1585/1585
f 1589/1589/1589 1587/1587/1587 1593/1593/1593
f 1590/1590/1590 1593/1593/1593 1588/1588/1588
f 1591/1591/1591 1589/1589/1589 1590/1590/1590
f 1593/1593/1593 1590/1590/1590 1589/1589/1589
f 1601/1601/1601 1596/1596/1596 1594/1594/1594
f 1601/1601/1601 1595/1595/1595 1597/1597/1597
f 1597/1597/1597 1596/1596/1596 1601/1601/1601
f 1597/1597/1597 1599/1599/1599 1600/1600/1600
f 1598/1598/1598 1596/1596/1596 1600/1600/1600
f 1603/1603/1603 1605/1605/1605 1606/1606/1606
f 1602/1602/1602 1606/1606/1606 1604/1604/1604
f 1608/1608/1608 1610/1610/1610 1609/1609/1609
f 1613/1613/1613 1611/1611/1611 1615/1615/1615
f 1612/1612/1612 1614/1614/1614 1615/1615/1615
f 1613/1613/1613 1615/1615/1615 1614/1614/1614
f 1623/1623/1623 1618/1618/1618 1616/1616/1616
f 1623/1623/1623 1617/1617/1617 1619/1619/1619
f 1619/1619/1619 1618/1618/1618 1623/1623/1623
f 1618/1618/1618 1619/1619/1619 1622/1622/1622
f 1622/1622/1622 1619/1619/1619 1621/1621/1621
f 1620/1620/1620 1618/1618/1618 1622/1622/1622
f 1631/1631/1631 1626/1626/1626 1624/1624/1624
f 1631/1631/1631 1625/1625/1625 1627/1627/1627
f 1627/1627/1627 1626/1626/1626 1631/1631/1631
f 1626/1626/1626 1627/1627/1627 1630/1630/1630
f 1630/1630/1630 1627/1627/1627 1629/1629/1629
f 1628/1628/1628 1626/1626/1626 1630/1630/1630
f 1636/1636/1636 1632/1632/1632 1633/1633/1633
f 1632/1632/1632 1636/1636/1636 1634/1634/1634
f 1633/1633/1633 1635/1635/1635 1636/1636/1636
f 1638/1638/1638 1640/1640/1640 1639/1639/1639
f 1664/1664/1664 1642/1642/1642 1663/1663/1663
f 1643/1643/1643 1663/1663/1663 1642/1642/1642
f 1643/1643/1643 1661/1661/1661 1662/1662/1662
f 1643/1643/1643 1660/1660/1660 1661/1661/1661
f 1662/1662/1662 1663/1663/1663 1643/1643/1643
f 1651/1651/1651 1652/1652/1652 1653/1653/1653
f 1654/1654/1654 1651/1651/1651 1653/1653/1653
f 1648/1648/1648 1655/1655/1655 1656/1656/1656
f 1649/1649/1649 1654/1654/1654 1655/1655/1655
f 1641/1641/1641 1651/1651/1651 1654/1654/1654
f 1643/1643/1643 1658/1658/1658 1659/1659/1659
f 1645/1645/1645 1657/1657/1657 1658/1658/1658
f 1658/1658/1658 1644/1644/1644 1645/1645/1645
f 1643/1643/1643 1644/1644/1644 1658/1658/1658
f 1643/1643/1643 1659/1659/1659 1660/1660/1660
f 1646/1646/1646 1657/1657/1657 1645/1645/1645
f 1647/1647/1647 1648/1648/1648 1656/1656/1656
f 1646/1646/1646 1647/1647/1647 1656/1656/1656
f 1641/1641/1641 1649/1649/1649 1650/1650/1650
f 1654/1654/1654 1649/1649/1649 1641/1641/1641
f 1655/1655/1655 1648/1648/1648 1649/1649/1649
f 1646/1646/1646 1656/1656/1656 1657/1657/1657
f 2/2/2 3/3/3 4/4/4
f 6/6/6 7/7/7 8/8/8
f 10/10/10 11/11/11 12/12/12
f 14/14/14 15/15/15 16/16/16
f 18/18/18 19/19/19 20/20/20
f 22/22/22 23/23/23 21/21/21
f 26/26/26 27/27/27 28/28/28
f 30/30/30 31/31/31 32/32/32
f 34/34/34 35/35/35 36/36/36
f 38/38/38 39/39/39 40/40/40
f 42/42/42 43/43/43 44/44/44
f 46/46/46 47/47/47 45/45/45
f 50/50/50 51/51/51 52/52/52
f 54/54/54 55/55/55 56/56/56
f 58/58/58 59/59/59 60/60/60
f 62/62/62 63/63/63 64/64/64
f 66/66/66 67/67/67 68/68/68
f 70/70/70 71/71/71 69/69/69
f 74/74/74 75/75/75 76/76/76
f 78/78/78 79/79/79 80/80/80
f 82/82/82 83/83/83 84/84/84
f 86/86/86 87/87/87 88/88/88
f 90/90/90 91/91/91 92/92/92
f 94/94/94 95/95/95 93/93/93
f 98/98/98 99/99/99 100/100/100
f 102/102/102 103/103/103 104/104/104
f 106/106/106 107/107/107 108/108/108
f 110/110/110 111/111/111 112/112/112
f 114/114/114 115/115/115 116/116/116
f 118/118/118 119/119/119 117/117/117
f 122/122/122 123/123/123 124/124/124
f 126/126/126 127/127/127 128/128/128
f 130/130/130 131/131/131 132/132/132
f 134/134/134 135/135/135 136/136/136
f 138/138/138 139/139/139 140/140/140
f 142/142/142 143/143/143 141/141/141
f 145/145/145 147/147/147 148/148/148
f 150/150/150 151/151/151 152/152/152
f 154/154/154 155/155/155 156/156/156
f 158/158/158 159/159/159 160/160/160
f 162/162/162 163/163/163 164/164/164
f 168/168/168 167/167/167 165/165/165
f 169/169/169 171/171/171 172/172/172
f 174/174/174 175/175/175 176/176/176
f 178/178/178 179/179/179 180/180/180
f 182/182/182 183/183/183 184/184/184
f 186/186/186 187/187/187 188/188/188
f 192/192/192 191/191/191 189/189/189
f 193/193/193 195/195/195 196/196/196
f 198/198/198 199/199/199 200/200/200
f 202/202/202 203/203/203 204/204/204
f 206/206/206 207/207/207 208/208/208
f 210/210/210 211/211/211 212/212/212
f 216/216/216 215/215/215 213/213/213
f 217/217/217 219/219/219 220/220/220
f 222/222/222 223/223/223 224/224/224
f 226/226/226 227/227/227 228/228/228
f 230/230/230 231/231/231 232/232/232
f 234/234/234 235/235/235 236/236/236
f 240/240/240 239/239/239 237/237/237
f 241/241/241 243/243/243 244/244/244
f 246/246/246 247/247/247 248/248/248
f 250/250/250 251/251/251 252/252/252
f 254/254/254 255/255/255 256/256/256
f 258/258/258 259/259/259 260/260/260
f 264/264/264 263/263/263 261/261/261
f 265/265/265 267/267/267 268/268/268
f 270/270/270 271/271/271 272/272/272
f 274/274/274 275/275/275 276/276/276
f 278/278/278 279/279/279 280/280/280
f 282/282/282 283/283/283 284/284/284
f 288/288/288 287/287/287 285/285/285
f 290/290/290 291/291/291 292/292/292
f 307/307/307 299/299/299 297/297/297
f 297/297/297 300/300/300 298/298/298
f 306/306/306 301/301/301 302/302/302
f 302/302/302 303/303/303 304/304/304
f 303/303/303 293/293/293 295/295/295
f 307/307/307 301/301/301 305/305/305
f 305/305/305 296/296/296 294/294/294
f 297/297/297 303/303/303 301/301/301
f 310/310/310 311/311/311 312/312/312
f 327/327/327 319/319/319 317/317/317
f 317/317/317 320/320/320 318/318/318
f 326/326/326 321/321/321 322/322/322
f 322/322/322 323/323/323 324/324/324
f 315/315/315 323/323/323 318/318/318
f 327/327/327 321/321/321 325/325/325
f 316/316/316 327/327/327 325/325/325
f 317/317/317 323/323/323 321/321/321
f 330/330/330 331/331/331 332/332/332
f 334/334/334 335/335/335 333/333/333
f 338/338/338 339/339/339 340/340/340
f 342/342/342 343/343/343 344/344/344
f 346/346/346 347/347/347 348/348/348
f 350/350/350 351/351/351 352/352/352
f 354/354/354 355/355/355 356/356/356
f 358/358/358 359/359/359 357/357/357
f 362/362/362 363/363/363 364/364/364
f 366/366/366 367/367/367 368/368/368
f 370/370/370 371/371/371 372/372/372
f 374/374/374 375/375/375 376/376/376
f 378/378/378 379/379/379 380/380/380
f 382/382/382 383/383/383 381/381/381
f 386/386/386 387/387/387 388/388/388
f 403/403/403 395/395/395 393/393/393
f 393/393/393 396/396/396 394/394/394
f 402/402/402 397/397/397 398/398/398
f 398/398/398 399/399/399 400/400/400
f 391/391/391 399/399/399 394/394/394
f 403/403/403 397/397/397 401/401/401
f 393/393/393 399/399/399 397/397/397
f 406/406/406 407/407/407 408/408/408
f 423/423/423 415/415/415 413/413/413
f 413/413/413 416/416/416 414/414/414
f 422/422/422 417/417/417 418/418/418
f 418/418/418 419/419/419 420/420/420
f 409/409/409 419/419/419 414/414/414
f 423/423/423 417/417/417 421/421/421
f 413/413/413 419/419/419 417/417/417
f 426/426/426 427/427/427 428/428/428
f 430/430/430 431/431/431 429/429/429
f 434/434/434 435/435/435 436/436/436
f 451/451/451 443/443/443 441/441/441
f 441/441/441 444/444/444 442/442/442
f 450/450/450 445/445/445 446/446/446
f 446/446/446 447/447/447 448/448/448
f 437/437/437 447/447/447 442/442/442
f 451/451/451 445/445/445 449/449/449
f 441/441/441 447/447/447 445/445/445
f 454/454/454 455/455/455 456/456/456
f 471/471/471 463/463/463 461/461/461
f 461/461/461 464/464/464 462/462/462
f 470/470/470 465/465/465 466/466/466
f 466/466/466 467/467/467 468/468/468
f 457/457/457 467/467/467 462/462/462
f 471/471/471 465/465/465 469/469/469
f 461/461/461 467/467/467 465/465/465
f 474/474/474 475/475/475 476/476/476
f 478/478/478 479/479/479 477/477/477
f 482/482/482 483/483/483 484/484/484
f 486/486/486 487/487/487 488/488/488
f 490/490/490 491/491/491 492/492/492
f 494/494/494 495/495/495 496/496/496
f 498/498/498 499/499/499 500/500/500
f 502/502/502 503/503/503 501/501/501
f 505/505/505 507/507/507 508/508/508
f 523/523/523 515/515/515 513/513/513
f 513/513/513 516/516/516 514/514/514
f 522/522/522 517/517/517 518/518/518
f 518/518/518 519/519/519 520/520/520
f 523/523/523 517/517/517 521/521/521
f 513/513/513 519/519/519 517/517/517
f 526/526/526 527/527/527 528/528/528
f 543/543/543 535/535/535 533/533/533
f 533/533/533 536/536/536 534/534/534
f 542/542/542 537/537/537 538/538/538
f 538/538/538 539/539/539 540/540/540
f 531/531/531 539/539/539 534/534/534
f 543/543/543 537/537/537 541/541/541
f 532/532/532 543/543/543 541/541/541
f 533/533/533 539/539/539 537/537/537
f 546/546/546 547/547/547 548/548/548
f 552/552/552 551/551/551 549/549/549
f 553/553/553 555/555/555 556/556/556
f 558/558/558 559/559/559 560/560/560
f 562/562/562 563/563/563 564/564/564
f 566/566/566 567/567/567 568/568/568
f 570/570/570 571/571/571 572/572/572
f 576/576/576 575/575/575 573/573/573
f 577/577/577 579/579/579 580/580/580
f 595/595/595 587/587/587 585/585/585
f 585/585/585 588/588/588 586/586/586
f 594/594/594 589/589/589 590/590/590
f 590/590/590 591/591/591 592/592/592
f 586/586/586 581/581/581 583/583/583
f 595/595/595 589/589/589 593/593/593
f 595/595/595 584/584/584 582/582/582
f 585/585/585 591/591/591 589/589/589
f 598/598/598 599/599/599 600/600/600
f 615/615/615 607/607/607 605/605/605
f 605/605/605 608/608/608 606/606/606
f 614/614/614 609/609/609 610/610/610
f 610/610/610 611/611/611 612/612/612
f 601/601/601 611/611/611 606/606/606
f 615/615/615 609/609/609 613/613/613
f 602/602/602 615/615/615 613/613/613
f 605/605/605 611/611/611 609/609/609
f 618/618/618 619/619/619 620/620/620
f 624/624/624 623/623/623 621/621/621
f 625/625/625 627/627/627 628/628/628
f 630/630/630 631/631/631 632/632/632
f 634/634/634 635/635/635 636/636/636
f 638/638/638 639/639/639 640/640/640
f 642/642/642 643/643/643 644/644/644
f 648/648/648 647/647/647 645/645/645
f 649/649/649 651/651/651 652/652/652
f 654/654/654 655/655/655 656/656/656
f 658/658/658 659/659/659 660/660/660
f 662/662/662 663/663/663 664/664/664
f 666/666/666 667/667/667 668/668/668
f 672/672/672 671/671/671 669/669/669
f 673/673/673 675/675/675 676/676/676
f 678/678/678 679/679/679 680/680/680
f 682/682/682 683/683/683 684/684/684
f 686/686/686 687/687/687 688/688/688
f 690/690/690 691/691/691 692/692/692
f 696/696/696 695/695/695 693/693/693
f 697/697/697 699/699/699 700/700/700
f 702/702/702 703/703/703 704/704/704
f 706/706/706 707/707/707 708/708/708
f 710/710/710 711/711/711 712/712/712
f 714/714/714 715/715/715 716/716/716
f 720/720/720 719/719/719 717/717/717
f 721/721/721 723/723/723 724/724/724
f 726/726/726 727/727/727 728/728/728
f 730/730/730 731/731/731 732/732/732
f 734/734/734 735/735/735 736/736/736
f 738/738/738 739/739/739 740/740/740
f 744/744/744 743/743/743 741/741/741
f 745/745/745 747/747/747 748/748/748
f 750/750/750 751/751/751 752/752/752
f 754/754/754 755/755/755 756/756/756
f 758/758/758 759/759/759 760/760/760
f 762/762/762 763/763/763 764/764/764
f 768/768/768 767/767/767 765/765/765
f 769/769/769 771/771/771 772/772/772
f 774/774/774 775/775/775 776/776/776
f 778/778/778 779/779/779 780/780/780
f 782/782/782 783/783/783 784/784/784
f 786/786/786 787/787/787 788/788/788
f 792/792/792 791/791/791 789/789/789
f 793/793/793 795/795/795 796/796/796
f 798/798/798 799/799/799 800/800/800
f 802/802/802 803/803/803 804/804/804
f 806/806/806 807/807/807 808/808/808
f 810/810/810 811/811/811 812/812/812
f 816/816/816 815/815/815 813/813/813
f 817/817/817 819/819/819 820/820/820
f 822/822/822 823/823/823 824/824/824
f 826/826/826 827/827/827 828/828/828
f 830/830/830 831/831/831 832/832/832
f 834/834/834 835/835/835 836/836/836
f 840/840/840 839/839/839 837/837/837
f 842/842/842 843/843/843 844/844/844
f 846/846/846 847/847/847 848/848/848
f 850/850/850 851/851/851 852/852/852
f 854/854/854 855/855/855 856/856/856
f 858/858/858 859/859/859 860/860/860
f 862/862/862 863/863/863 861/861/861
f 866/866/866 867/867/867 868/868/868
f 870/870/870 871/871/871 872/872/872
f 874/874/874 875/875/875 876/876/876
f 878/878/878 879/879/879 880/880/880
f 882/882/882 883/883/883 884/884/884
f 886/886/886 887/887/887 885/885/885
f 890/890/890 891/891/891 892/892/892
f 894/894/894 895/895/895 896/896/896
f 898/898/898 899/899/899 900/900/900
f 902/902/902 903/903/903 904/904/904
f 906/906/906 907/907/907 908/908/908
f 910/910/910 911/911/911 909/909/909
f 914/914/914 915/915/915 916/916/916
f 918/918/918 919/919/919 920/920/920
f 922/922/922 923/923/923 924/924/924
f 926/926/926 927/927/927 928/928/928
f 930/930/930 931/931/931 932/932/932
f 934/934/934 935/935/935 933/933/933
f 938/938/938 939/939/939 940/940/940
f 942/942/942 943/943/943 944/944/944
f 946/946/946 947/947/947 948/948/948
f 950/950/950 951/951/951 952/952/952
f 954/954/954 955/955/955 956/956/956
f 958/958/958 959/959/959 957/957/957
f 962/962/962 963/963/963 964/964/964
f 966/966/966 967/967/967 968/968/968
f 970/970/970 971/971/971 972/972/972
f 974/974/974 975/975/975 976/976/976
f 978/978/978 979/979/979 980/980/980
f 982/982/982 983/983/983 981/981/981
f 1045/1045/1045 1044/1044/1044 1046/1046/1046
f 1054/1054/1054 1052/1052/1052 1050/1050/1050
f 1059/1059/1059 1062/1062/1062 1058/1058/1058
f 1070/1070/1070 1068/1068/1068 1066/1066/1066
f 1075/1075/1075 1076/1076/1076 1074/1074/1074
f 1085/1085/1085 1088/1088/1088 1084/1084/1084
f 1096/1096/1096 1094/1094/1094 1092/1092/1092
f 1099/1099/1099 1100/1100/1100 1098/1098/1098
f 1104/1104/1104 1102/1102/1102 1100/1100/1100
f 1109/1109/1109 1108/1108/1108 1110/1110/1110
f 1123/1123/1123 1124/1124/1124 1122/1122/1122
f 1141/1141/1141 1144/1144/1144 1140/1140/1140
f 1149/1149/1149 1152/1152/1152 1148/1148/1148
f 1159/1159/1159 1156/1156/1156 1154/1154/1154
f 1155/1155/1155 1158/1158/1158 1159/1159/1159
f 1165/1165/1165 1162/1162/1162 1160/1160/1160
f 1161/1161/1161 1164/1164/1164 1165/1165/1165
f 1171/1171/1171 1168/1168/1168 1166/1166/1166
f 1167/1167/1167 1170/1170/1170 1171/1171/1171
f 1175/1175/1175 1178/1178/1178 1174/1174/1174
f 1186/1186/1186 1184/1184/1184 1182/1182/1182
f 1193/1193/1193 1190/1190/1190 1188/1188/1188
f 1189/1189/1189 1192/1192/1192 1193/1193/1193
f 1200/1200/1200 1198/1198/1198 1196/1196/1196
f 1203/1203/1203 1206/1206/1206 1202/1202/1202
f 1208/1208/1208 1209/1209/1209 1207/1207/1207
f 1212/1212/1212 1213/1213/1213 1211/1211/1211
f 1216/1216/1216 1217/1217/1217 1215/1215/1215
f 1227/1227/1227 1230/1230/1230 1226/1226/1226
f 1237/1237/1237 1234/1234/1234 1232/1232/1232
f 1233/1233/1233 1236/1236/1236 1237/1237/1237
f 1244/1244/1244 1242/1242/1242 1240/1240/1240
f 1249/1249/1249 1252/1252/1252 1248/1248/1248
f 1256/1256/1256 1255/1255/1255 1257/1257/1257
f 1257/1257/1257 1258/1258/1258 1256/1256/1256
f 1264/1264/1264 1265/1265/1265 1263/1263/1263
f 1358/1358/1358 1359/1359/1359 1357/1357/1357
f 1362/1362/1362 1363/1363/1363 1361/1361/1361
f 1366/1366/1366 1367/1367/1367 1365/1365/1365
f 1370/1370/1370 1371/1371/1371 1369/1369/1369
f 1373/1373/1373 1372/1372/1372 1374/1374/1374
f 1379/1379/1379 1378/1378/1378 1380/1380/1380
f 1385/1385/1385 1388/1388/1388 1384/1384/1384
f 1401/1401/1401 1404/1404/1404 1400/1400/1400
f 1407/1407/1407 1408/1408/1408 1406/1406/1406
f 1412/1412/1412 1410/1410/1410 1408/1408/1408
f 1414/1414/1414 1415/1415/1415 1413/1413/1413
f 1418/1418/1418 1419/1419/1419 1417/1417/1417
f 1421/1421/1421 1420/1420/1420 1422/1422/1422
f 1424/1424/1424 1425/1425/1425 1423/1423/1423
f 1427/1427/1427 1426/1426/1426 1428/1428/1428
f 1430/1430/1430 1431/1431/1431 1429/1429/1429
f 1433/1433/1433 1432/1432/1432 1434/1434/1434
f 1439/1439/1439 1438/1438/1438 1440/1440/1440
f 1448/1448/1448 1446/1446/1446 1444/1444/1444
f 1454/1454/1454 1452/1452/1452 1450/1450/1450
f 1456/1456/1456 1457/1457/1457 1455/1455/1455
f 1460/1460/1460 1461/1461/1461 1459/1459/1459
f 1467/1467/1467 1466/1466/1466 1468/1468/1468
f 1475/1475/1475 1472/1472/1472 1470/1470/1470
f 1471/1471/1471 1474/1474/1474 1475/1475/1475
f 1477/1477/1477 1480/1480/1480 1476/1476/1476
f 1482/1482/1482 1483/1483/1483 1481/1481/1481
f 1544/1544/1544 1545/1545/1545 1543/1543/1543
f 1548/1548/1548 1549/1549/1549 1547/1547/1547
f 1552/1552/1552 1553/1553/1553 1551/1551/1551
f 1559/1559/1559 1558/1558/1558 1560/1560/1560
f 1574/1574/1574 1572/1572/1572 1570/1570/1570
f 1576/1576/1576 1577/1577/1577 1575/1575/1575
f 1580/1580/1580 1581/1581/1581 1579/1579/1579
f 1584/1584/1584 1585/1585/1585 1583/1583/1583
f 1591/1591/1591 1590/1590/1590 1592/1592/1592
f 1597/1597/1597 1600/1600/1600 1596/1596/1596
f 1603/1603/1603 1606/1606/1606 1602/1602/1602
f 1608/1608/1608 1609/1609/1609 1607/1607/1607
f 1638/1638/1638 1639/1639/1639 1637/1637/1637

