g mesh_slab_section_BB0
v 0.010000 3.250000 1.000000
v 0.010000 3.250000 -0.010000
v -9.010000 3.250000 1.010000
v -9.010000 3.250000 0.000000
v -9.010000 3.250000 1.010000
v -9.010000 2.990000 1.010000
v 0.010000 3.250000 1.000000
v 0.010000 2.990000 1.000000
v -9.010000 3.250000 0.000000
v -9.010000 2.990000 0.000000
v -9.010000 3.250000 1.010000
v -9.010000 2.990000 1.010000
v 0.010000 3.250000 -0.010000
v 0.010000 2.990000 -0.010000
v -9.010000 3.250000 0.000000
v -9.010000 2.990000 0.000000
v 0.010000 3.250000 1.000000
v 0.010000 2.990000 1.000000
v 0.010000 3.250000 -0.010000
v 0.010000 2.990000 -0.010000
v 0.010000 2.990000 1.000000
v 0.010000 2.990000 -0.010000
v -9.010000 2.990000 1.010000
v -9.010000 2.990000 0.000000
v 0.260000 3.230000 0.480000
v 0.740000 3.230000 0.480000
v 0.260000 3.250000 0.480000
v 0.740000 3.250000 0.480000
v 0.260000 3.250000 0.480000
v 0.740000 3.250000 0.480000
v 0.260000 3.250000 0.500000
v 0.740000 3.250000 0.500000
v 0.260000 3.250000 0.500000
v 0.740000 3.250000 0.500000
v 0.260000 3.230000 0.500000
v 0.740000 3.230000 0.500000
v 0.260000 3.230000 0.500000
v 0.740000 3.230000 0.500000
v 0.260000 3.230000 0.480000
v 0.740000 3.230000 0.480000
v 0.260000 3.230000 0.500000
v 0.260000 3.250000 0.500000
v 0.260000 3.230000 0.480000
v 0.260000 3.250000 0.480000
v 0.760000 3.230000 0.000000
v 0.760000 3.230000 0.500000
v 0.760000 3.250000 0.000000
v 0.760000 3.250000 0.500000
v 0.760000 3.250000 0.000000
v 0.760000 3.250000 0.500000
v 0.740000 3.250000 0.000000
v 0.740000 3.250000 0.500000
v 0.740000 3.250000 0.000000
v 0.740000 3.250000 0.500000
v 0.740000 3.230000 0.000000
v 0.740000 3.230000 0.500000
v 0.740000 3.230000 0.000000
v 0.740000 3.230000 0.500000
v 0.760000 3.230000 0.000000
v 0.760000 3.230000 0.500000
v 0.760000 3.230000 0.000000
v 0.760000 3.250000 0.000000
v 0.740000 3.250000 0.000000
v 0.740000 3.230000 0.000000
v 0.760000 3.230000 0.500000
v 0.760000 3.250000 0.500000
v 0.740000 3.250000 0.500000
v 0.740000 3.230000 0.500000
v -9.740000 3.230000 0.010000
v -9.740000 3.230000 0.490000
v -9.740000 3.250000 0.010000
v -9.740000 3.250000 0.490000
v -9.740000 3.250000 0.010000
v -9.740000 3.250000 0.490000
v -9.760000 3.250000 0.010000
v -9.760000 3.250000 0.490000
v -9.760000 3.250000 0.010000
v -9.760000 3.250000 0.490000
v -9.760000 3.230000 0.010000
v -9.760000 3.230000 0.490000
v -9.760000 3.230000 0.010000
v -9.760000 3.230000 0.490000
v -9.740000 3.230000 0.010000
v -9.740000 3.230000 0.490000
v -9.760000 3.230000 0.010000
v -9.760000 3.250000 0.010000
v -9.740000 3.230000 0.010000
v -9.740000 3.250000 0.010000
v -9.260000 3.230000 0.510000
v -9.760000 3.230000 0.510000
v -9.260000 3.250000 0.510000
v -9.760000 3.250000 0.510000
v -9.260000 3.250000 0.510000
v -9.760000 3.250000 0.510000
v -9.260000 3.250000 0.490000
v -9.760000 3.250000 0.490000
v -9.260000 3.250000 0.490000
v -9.760000 3.250000 0.490000
v -9.260000 3.230000 0.490000
v -9.760000 3.230000 0.490000
v -9.260000 3.230000 0.490000
v -9.760000 3.230000 0.490000
v -9.260000 3.230000 0.510000
v -9.760000 3.230000 0.510000
v -9.260000 3.230000 0.510000
v -9.260000 3.250000 0.510000
v -9.260000 3.250000 0.490000
v -9.260000 3.230000 0.490000
v -9.760000 3.230000 0.510000
v -9.760000 3.250000 0.510000
v -9.760000 3.250000 0.490000
v -9.760000 3.230000 0.490000
v -9.370971 3.256056 0.331935
v -9.370971 3.256056 0.051265
v -9.559216 3.256056 0.194635
v -9.582482 3.256056 0.187525
v -9.602820 3.256056 0.174740
v -9.617900 3.256056 0.153429
v -9.622856 3.256056 0.128170
v -9.619425 3.256056 0.107223
v -9.609661 3.256056 0.088025
v -9.593746 3.256056 0.071273
v -9.573396 3.256056 0.060085
v -9.503126 3.256056 0.051265
v -9.370971 3.256056 0.058885
v -9.381415 3.256056 0.058885
v -9.391065 3.256056 0.059908
v -9.399796 3.256056 0.063518
v -9.406461 3.256056 0.070035
v -9.410494 3.256056 0.085078
v -9.411191 3.256056 0.100795
v -9.411191 3.256056 0.282405
v -9.410830 3.256056 0.294069
v -9.409411 3.256056 0.305153
v -9.405261 3.256056 0.315215
v -9.394623 3.256056 0.322287
v -9.381415 3.256056 0.324315
v -9.370971 3.256056 0.324315
v -9.491906 3.256056 0.331935
v -9.546161 3.256056 0.326995
v -9.571973 3.256056 0.317481
v -9.593436 3.256056 0.300610
v -9.605685 3.256056 0.280204
v -9.609735 3.256056 0.257075
v -9.606523 3.256056 0.237032
v -9.596961 3.256056 0.219330
v -9.580343 3.256056 0.204328
v -9.450981 3.256056 0.206135
v -9.468410 3.256056 0.203950
v -9.450981 3.256056 0.071655
v -9.474696 3.256056 0.067487
v -9.498466 3.256056 0.066080
v -9.450981 3.256056 0.313450
v -9.450981 3.256056 0.186590
v -9.488166 3.256056 0.317965
v -9.546515 3.256056 0.300680
v -9.518981 3.256056 0.314450
v -9.558580 3.256056 0.229630
v -9.565542 3.256056 0.247895
v -9.565869 3.256056 0.267635
v -9.559263 3.256056 0.285778
v -9.535366 3.256056 0.209735
v -9.548697 3.256056 0.217894
v -9.490001 3.256056 0.203240
v -9.465661 3.256056 0.188000
v -9.458266 3.256056 0.187505
v -9.487531 3.256056 0.188425
v -9.537131 3.256056 0.179745
v -9.566271 3.256056 0.155970
v -9.553843 3.256056 0.169940
v -9.575446 3.256056 0.124575
v -9.573089 3.256056 0.140835
v -9.555756 3.256056 0.082945
v -9.570523 3.256056 0.101776
v -9.528820 3.256056 0.069540
v -9.602820 3.256056 0.174740
v -9.602820 3.236056 0.174740
v -9.582482 3.256056 0.187525
v -9.582482 3.236056 0.187525
v -9.559216 3.256056 0.194635
v -9.559216 3.236056 0.194635
v -9.559216 3.246056 0.194635
v -9.602820 3.246056 0.174740
v -9.622856 3.256056 0.128170
v -9.622856 3.236056 0.128170
v -9.617900 3.256056 0.153429
v -9.617900 3.236056 0.153429
v -9.602820 3.256056 0.174740
v -9.602820 3.236056 0.174740
v -9.602820 3.246056 0.174740
v -9.622856 3.246056 0.128170
v -9.609661 3.256056 0.088025
v -9.609661 3.236056 0.088025
v -9.619425 3.256056 0.107223
v -9.619425 3.236056 0.107223
v -9.622856 3.256056 0.128170
v -9.622856 3.236056 0.128170
v -9.622856 3.246056 0.128170
v -9.609661 3.246056 0.088025
v -9.573396 3.256056 0.060085
v -9.573396 3.236056 0.060085
v -9.593746 3.256056 0.071273
v -9.593746 3.236056 0.071273
v -9.609661 3.256056 0.088025
v -9.609661 3.236056 0.088025
v -9.609661 3.246056 0.088025
v -9.573396 3.246056 0.060085
v -9.503126 3.256056 0.051265
v -9.503126 3.236056 0.051265
v -9.573396 3.256056 0.060085
v -9.573396 3.236056 0.060085
v -9.573396 3.246056 0.060085
v -9.370971 3.256056 0.051265
v -9.370971 3.236056 0.051265
v -9.503126 3.256056 0.051265
v -9.503126 3.236056 0.051265
v -9.370971 3.256056 0.058885
v -9.370971 3.236056 0.058885
v -9.370971 3.256056 0.051265
v -9.370971 3.236056 0.051265
v -9.381415 3.256056 0.058885
v -9.381415 3.236056 0.058885
v -9.370971 3.256056 0.058885
v -9.370971 3.236056 0.058885
v -9.406461 3.256056 0.070035
v -9.406461 3.236056 0.070035
v -9.399796 3.256056 0.063518
v -9.399796 3.236056 0.063518
v -9.391065 3.256056 0.059908
v -9.391065 3.236056 0.059908
v -9.381415 3.256056 0.058885
v -9.381415 3.236056 0.058885
v -9.406461 3.246056 0.070035
v -9.411191 3.256056 0.100795
v -9.411191 3.236056 0.100795
v -9.410494 3.256056 0.085078
v -9.410494 3.236056 0.085078
v -9.406461 3.256056 0.070035
v -9.406461 3.236056 0.070035
v -9.406461 3.246056 0.070035
v -9.411191 3.256056 0.282405
v -9.411191 3.236056 0.282405
v -9.411191 3.256056 0.100795
v -9.411191 3.236056 0.100795
v -9.405261 3.256056 0.315215
v -9.405261 3.236056 0.315215
v -9.409411 3.256056 0.305153
v -9.409411 3.236056 0.305153
v -9.410830 3.256056 0.294069
v -9.410830 3.236056 0.294069
v -9.411191 3.256056 0.282405
v -9.411191 3.236056 0.282405
v -9.405261 3.246056 0.315215
v -9.381415 3.256056 0.324315
v -9.381415 3.236056 0.324315
v -9.394623 3.256056 0.322287
v -9.394623 3.236056 0.322287
v -9.405261 3.256056 0.315215
v -9.405261 3.236056 0.315215
v -9.405261 3.246056 0.315215
v -9.370971 3.256056 0.324315
v -9.370971 3.236056 0.324315
v -9.381415 3.256056 0.324315
v -9.381415 3.236056 0.324315
v -9.370971 3.256056 0.331935
v -9.370971 3.236056 0.331935
v -9.370971 3.256056 0.324315
v -9.370971 3.236056 0.324315
v -9.491906 3.256056 0.331935
v -9.491906 3.236056 0.331935
v -9.370971 3.256056 0.331935
v -9.370971 3.236056 0.331935
v -9.546161 3.256056 0.326995
v -9.546161 3.236056 0.326995
v -9.491906 3.256056 0.331935
v -9.491906 3.236056 0.331935
v -9.593436 3.256056 0.300610
v -9.593436 3.236056 0.300610
v -9.571973 3.256056 0.317481
v -9.571973 3.236056 0.317481
v -9.546161 3.256056 0.326995
v -9.546161 3.236056 0.326995
v -9.593436 3.246056 0.300610
v -9.609735 3.256056 0.257075
v -9.609735 3.236056 0.257075
v -9.605685 3.256056 0.280204
v -9.605685 3.236056 0.280204
v -9.593436 3.256056 0.300610
v -9.593436 3.236056 0.300610
v -9.593436 3.246056 0.300610
v -9.609735 3.246056 0.257075
v -9.596961 3.256056 0.219330
v -9.596961 3.236056 0.219330
v -9.606523 3.256056 0.237032
v -9.606523 3.236056 0.237032
v -9.609735 3.256056 0.257075
v -9.609735 3.236056 0.257075
v -9.609735 3.246056 0.257075
v -9.596961 3.246056 0.219330
v -9.559216 3.256056 0.194635
v -9.559216 3.236056 0.194635
v -9.580343 3.256056 0.204328
v -9.580343 3.236056 0.204328
v -9.596961 3.256056 0.219330
v -9.596961 3.236056 0.219330
v -9.559216 3.246056 0.194635
v -9.596961 3.246056 0.219330
v -9.450981 3.256056 0.313450
v -9.450981 3.236056 0.313450
v -9.488166 3.256056 0.317965
v -9.488166 3.236056 0.317965
v -9.450981 3.256056 0.206135
v -9.450981 3.236056 0.206135
v -9.450981 3.256056 0.313450
v -9.450981 3.236056 0.313450
v -9.450981 3.246056 0.206135
v -9.450981 3.246056 0.259792
v -9.450981 3.241056 0.259792
v -9.450981 3.246056 0.232963
v -9.450981 3.241056 0.232963
v -9.450981 3.251056 0.259792
v -9.450981 3.251056 0.232963
v -9.450981 3.256056 0.186590
v -9.450981 3.236056 0.186590
v -9.458266 3.256056 0.187505
v -9.458266 3.236056 0.187505
v -9.465661 3.256056 0.188000
v -9.465661 3.236056 0.188000
v -9.450981 3.246056 0.186590
v -9.465661 3.246056 0.188000
v -9.450981 3.256056 0.071655
v -9.450981 3.236056 0.071655
v -9.450981 3.256056 0.186590
v -9.450981 3.236056 0.186590
v -9.450981 3.246056 0.071655
v -9.450981 3.246056 0.186590
v -9.450981 3.246056 0.129122
v -9.450981 3.241056 0.129122
v -9.450981 3.246056 0.100388
v -9.450981 3.241056 0.100388
v -9.450981 3.251056 0.129122
v -9.450981 3.251056 0.100388
v -9.450981 3.246056 0.157856
v -9.450981 3.251056 0.157856
v -9.450981 3.241056 0.157856
v -9.370971 3.236056 0.331935
v -9.370971 3.236056 0.051265
v -9.559216 3.236056 0.194635
v -9.582482 3.236056 0.187525
v -9.602820 3.236056 0.174740
v -9.617900 3.236056 0.153429
v -9.622856 3.236056 0.128170
v -9.619425 3.236056 0.107223
v -9.609661 3.236056 0.088025
v -9.593746 3.236056 0.071273
v -9.573396 3.236056 0.060085
v -9.503126 3.236056 0.051265
v -9.370971 3.236056 0.058885
v -9.381415 3.236056 0.058885
v -9.391065 3.236056 0.059908
v -9.399796 3.236056 0.063518
v -9.406461 3.236056 0.070035
v -9.410494 3.236056 0.085078
v -9.411191 3.236056 0.100795
v -9.411191 3.236056 0.282405
v -9.410830 3.236056 0.294069
v -9.409411 3.236056 0.305153
v -9.405261 3.236056 0.315215
v -9.394623 3.236056 0.322287
v -9.381415 3.236056 0.324315
v -9.370971 3.236056 0.324315
v -9.491906 3.236056 0.331935
v -9.546161 3.236056 0.326995
v -9.571973 3.236056 0.317481
v -9.593436 3.236056 0.300610
v -9.605685 3.236056 0.280204
v -9.609735 3.236056 0.257075
v -9.606523 3.236056 0.237032
v -9.596961 3.236056 0.219330
v -9.580343 3.236056 0.204328
v -9.450981 3.236056 0.206135
v -9.468410 3.236056 0.203950
v -9.450981 3.236056 0.313450
v -9.450981 3.236056 0.071655
v -9.474696 3.236056 0.067487
v -9.498466 3.236056 0.066080
v -9.450981 3.236056 0.186590
v -9.488166 3.236056 0.317965
v -9.546515 3.236056 0.300680
v -9.518981 3.236056 0.314450
v -9.558580 3.236056 0.229630
v -9.565542 3.236056 0.247895
v -9.565869 3.236056 0.267635
v -9.559263 3.236056 0.285778
v -9.535366 3.236056 0.209735
v -9.548697 3.236056 0.217894
v -9.490001 3.236056 0.203240
v -9.465661 3.236056 0.188000
v -9.458266 3.236056 0.187505
v -9.487531 3.236056 0.188425
v -9.537131 3.236056 0.179745
v -9.566271 3.236056 0.155970
v -9.553843 3.236056 0.169940
v -9.575446 3.236056 0.124575
v -9.573089 3.236056 0.140835
v -9.555756 3.236056 0.082945
v -9.570523 3.236056 0.101776
v -9.528820 3.236056 0.069540
v -9.488166 3.256056 0.317965
v -9.488166 3.236056 0.317965
v -9.518981 3.256056 0.314450
v -9.518981 3.236056 0.314450
v -9.546515 3.256056 0.300680
v -9.546515 3.236056 0.300680
v -9.546515 3.246056 0.300680
v -9.546515 3.256056 0.300680
v -9.546515 3.236056 0.300680
v -9.559263 3.256056 0.285778
v -9.559263 3.236056 0.285778
v -9.565869 3.256056 0.267635
v -9.565869 3.236056 0.267635
v -9.565542 3.256056 0.247895
v -9.565542 3.236056 0.247895
v -9.558580 3.256056 0.229630
v -9.558580 3.236056 0.229630
v -9.546515 3.246056 0.300680
v -9.558580 3.246056 0.229630
v -9.558580 3.256056 0.229630
v -9.558580 3.236056 0.229630
v -9.548697 3.256056 0.217894
v -9.548697 3.236056 0.217894
v -9.535366 3.256056 0.209735
v -9.535366 3.236056 0.209735
v -9.558580 3.246056 0.229630
v -9.535366 3.246056 0.209735
v -9.535366 3.256056 0.209735
v -9.535366 3.236056 0.209735
v -9.490001 3.256056 0.203240
v -9.490001 3.236056 0.203240
v -9.535366 3.246056 0.209735
v -9.490001 3.246056 0.203240
v -9.490001 3.256056 0.203240
v -9.490001 3.236056 0.203240
v -9.468410 3.256056 0.203950
v -9.468410 3.236056 0.203950
v -9.490001 3.246056 0.203240
v -9.468410 3.246056 0.203950
v -9.468410 3.256056 0.203950
v -9.468410 3.236056 0.203950
v -9.450981 3.256056 0.206135
v -9.450981 3.236056 0.206135
v -9.450981 3.246056 0.206135
v -9.468410 3.246056 0.203950
v -9.465661 3.256056 0.188000
v -9.465661 3.236056 0.188000
v -9.487531 3.256056 0.188425
v -9.487531 3.236056 0.188425
v -9.465661 3.246056 0.188000
v -9.487531 3.246056 0.188425
v -9.487531 3.256056 0.188425
v -9.487531 3.236056 0.188425
v -9.537131 3.256056 0.179745
v -9.537131 3.236056 0.179745
v -9.487531 3.246056 0.188425
v -9.537131 3.246056 0.179745
v -9.537131 3.256056 0.179745
v -9.537131 3.236056 0.179745
v -9.553843 3.256056 0.169940
v -9.553843 3.236056 0.169940
v -9.566271 3.256056 0.155970
v -9.566271 3.236056 0.155970
v -9.537131 3.246056 0.179745
v -9.566271 3.246056 0.155970
v -9.566271 3.256056 0.155970
v -9.566271 3.236056 0.155970
v -9.573089 3.256056 0.140835
v -9.573089 3.236056 0.140835
v -9.575446 3.256056 0.124575
v -9.575446 3.236056 0.124575
v -9.566271 3.246056 0.155970
v -9.575446 3.246056 0.124575
v -9.575446 3.256056 0.124575
v -9.575446 3.236056 0.124575
v -9.570523 3.256056 0.101776
v -9.570523 3.236056 0.101776
v -9.555756 3.256056 0.082945
v -9.555756 3.236056 0.082945
v -9.575446 3.246056 0.124575
v -9.555756 3.246056 0.082945
v -9.555756 3.256056 0.082945
v -9.555756 3.236056 0.082945
v -9.528820 3.256056 0.069540
v -9.528820 3.236056 0.069540
v -9.498466 3.256056 0.066080
v -9.498466 3.236056 0.066080
v -9.555756 3.246056 0.082945
v -9.498466 3.246056 0.066080
v -9.498466 3.256056 0.066080
v -9.498466 3.236056 0.066080
v -9.474696 3.256056 0.067487
v -9.474696 3.236056 0.067487
v -9.450981 3.256056 0.071655
v -9.450981 3.236056 0.071655
v -9.450981 3.246056 0.071655
v -9.498466 3.246056 0.066080
v -9.370971 3.256056 0.331935
v -9.370971 3.256056 0.051265
v -9.559216 3.256056 0.194635
v -9.584669 3.256056 0.186564
v -9.602820 3.256056 0.174740
v -9.617839 3.256056 0.153572
v -9.622856 3.256056 0.128170
v -9.619566 3.256056 0.107647
v -9.609661 3.256056 0.088025
v -9.593992 3.256056 0.071462
v -9.573396 3.256056 0.060085
v -9.503126 3.256056 0.051265
v -9.370971 3.256056 0.058885
v -9.381415 3.256056 0.058885
v -9.396399 3.256056 0.061681
v -9.402041 3.256056 0.065166
v -9.406461 3.256056 0.070035
v -9.410016 3.256056 0.081338
v -9.411191 3.256056 0.100795
v -9.411191 3.256056 0.282405
v -9.409709 3.256056 0.303627
v -9.407856 3.256056 0.310625
v -9.405261 3.256056 0.315215
v -9.395296 3.256056 0.322039
v -9.381415 3.256056 0.324315
v -9.370971 3.256056 0.324315
v -9.491906 3.256056 0.331935
v -9.546161 3.256056 0.326995
v -9.573477 3.256056 0.316662
v -9.593436 3.256056 0.300610
v -9.605660 3.256056 0.280271
v -9.609735 3.256056 0.257075
v -9.606551 3.256056 0.237117
v -9.596961 3.256056 0.219330
v -9.581132 3.256056 0.204837
v -9.450981 3.256056 0.206135
v -9.468410 3.256056 0.203950
v -9.490001 3.256056 0.203240
v -9.535366 3.256056 0.209735
v -9.548745 3.256056 0.217935
v -9.558580 3.256056 0.229630
v -9.564549 3.256056 0.243599
v -9.566551 3.256056 0.258840
v -9.561534 3.256056 0.281560
v -9.546515 3.256056 0.300680
v -9.521917 3.256056 0.313635
v -9.488166 3.256056 0.317965
v -9.450981 3.256056 0.313450
v -9.450981 3.256056 0.071655
v -9.498466 3.256056 0.066080
v -9.531585 3.256056 0.070305
v -9.555756 3.256056 0.082945
v -9.570522 3.256056 0.101774
v -9.575446 3.256056 0.124575
v -9.573161 3.256056 0.140589
v -9.566271 3.256056 0.155970
v -9.554425 3.256056 0.169472
v -9.537131 3.256056 0.179745
v -9.487531 3.256056 0.188425
v -9.465661 3.256056 0.188000
v -9.450981 3.256056 0.186590
v 0.587825 3.256056 0.331935
v 0.587825 3.256056 0.051265
v 0.399580 3.256056 0.194635
v 0.376313 3.256056 0.187525
v 0.355975 3.256056 0.174740
v 0.340895 3.256056 0.153429
v 0.335940 3.256056 0.128170
v 0.339370 3.256056 0.107223
v 0.349135 3.256056 0.088025
v 0.365049 3.256056 0.071273
v 0.385400 3.256056 0.060085
v 0.455670 3.256056 0.051265
v 0.587825 3.256056 0.058885
v 0.577380 3.256056 0.058885
v 0.567731 3.256056 0.059908
v 0.559000 3.256056 0.063518
v 0.552335 3.256056 0.070035
v 0.548302 3.256056 0.085078
v 0.547605 3.256056 0.100795
v 0.547605 3.256056 0.282405
v 0.547964 3.256056 0.294069
v 0.549384 3.256056 0.305153
v 0.553535 3.256056 0.315215
v 0.564173 3.256056 0.322287
v 0.577380 3.256056 0.324315
v 0.587825 3.256056 0.324315
v 0.466890 3.256056 0.331935
v 0.412635 3.256056 0.326995
v 0.386823 3.256056 0.317481
v 0.365360 3.256056 0.300610
v 0.353110 3.256056 0.280204
v 0.349060 3.256056 0.257075
v 0.352273 3.256056 0.237032
v 0.361835 3.256056 0.219330
v 0.378452 3.256056 0.204328
v 0.507815 3.256056 0.206135
v 0.490385 3.256056 0.203950
v 0.507815 3.256056 0.071655
v 0.484099 3.256056 0.067487
v 0.460330 3.256056 0.066080
v 0.507815 3.256056 0.313450
v 0.507815 3.256056 0.186590
v 0.470630 3.256056 0.317965
v 0.412280 3.256056 0.300680
v 0.439815 3.256056 0.314450
v 0.400215 3.256056 0.229630
v 0.393253 3.256056 0.247895
v 0.392926 3.256056 0.267635
v 0.399532 3.256056 0.285778
v 0.423430 3.256056 0.209735
v 0.410098 3.256056 0.217894
v 0.468795 3.256056 0.203240
v 0.493135 3.256056 0.188000
v 0.500529 3.256056 0.187505
v 0.471265 3.256056 0.188425
v 0.421665 3.256056 0.179745
v 0.392525 3.256056 0.155970
v 0.404953 3.256056 0.169940
v 0.383350 3.256056 0.124575
v 0.385707 3.256056 0.140835
v 0.403040 3.256056 0.082945
v 0.388272 3.256056 0.101776
v 0.429976 3.256056 0.069540
v 0.355975 3.256056 0.174740
v 0.355975 3.236056 0.174740
v 0.376313 3.256056 0.187525
v 0.376313 3.236056 0.187525
v 0.399580 3.256056 0.194635
v 0.399580 3.236056 0.194635
v 0.399580 3.246056 0.194635
v 0.355975 3.246056 0.174740
v 0.335940 3.256056 0.128170
v 0.335940 3.236056 0.128170
v 0.340895 3.256056 0.153429
v 0.340895 3.236056 0.153429
v 0.355975 3.256056 0.174740
v 0.355975 3.236056 0.174740
v 0.355975 3.246056 0.174740
v 0.335940 3.246056 0.128170
v 0.349135 3.256056 0.088025
v 0.349135 3.236056 0.088025
v 0.339370 3.256056 0.107223
v 0.339370 3.236056 0.107223
v 0.335940 3.256056 0.128170
v 0.335940 3.236056 0.128170
v 0.335940 3.246056 0.128170
v 0.349135 3.246056 0.088025
v 0.385400 3.256056 0.060085
v 0.385400 3.236056 0.060085
v 0.365049 3.256056 0.071273
v 0.365049 3.236056 0.071273
v 0.349135 3.256056 0.088025
v 0.349135 3.236056 0.088025
v 0.349135 3.246056 0.088025
v 0.385400 3.246056 0.060085
v 0.455670 3.256056 0.051265
v 0.455670 3.236056 0.051265
v 0.385400 3.256056 0.060085
v 0.385400 3.236056 0.060085
v 0.385400 3.246056 0.060085
v 0.587825 3.256056 0.051265
v 0.587825 3.236056 0.051265
v 0.455670 3.256056 0.051265
v 0.455670 3.236056 0.051265
v 0.587825 3.256056 0.058885
v 0.587825 3.236056 0.058885
v 0.587825 3.256056 0.051265
v 0.587825 3.236056 0.051265
v 0.577380 3.256056 0.058885
v 0.577380 3.236056 0.058885
v 0.587825 3.256056 0.058885
v 0.587825 3.236056 0.058885
v 0.552335 3.256056 0.070035
v 0.552335 3.236056 0.070035
v 0.559000 3.256056 0.063518
v 0.559000 3.236056 0.063518
v 0.567731 3.256056 0.059908
v 0.567731 3.236056 0.059908
v 0.577380 3.256056 0.058885
v 0.577380 3.236056 0.058885
v 0.552335 3.246056 0.070035
v 0.547605 3.256056 0.100795
v 0.547605 3.236056 0.100795
v 0.548302 3.256056 0.085078
v 0.548302 3.236056 0.085078
v 0.552335 3.256056 0.070035
v 0.552335 3.236056 0.070035
v 0.552335 3.246056 0.070035
v 0.547605 3.256056 0.282405
v 0.547605 3.236056 0.282405
v 0.547605 3.256056 0.100795
v 0.547605 3.236056 0.100795
v 0.553535 3.256056 0.315215
v 0.553535 3.236056 0.315215
v 0.549384 3.256056 0.305153
v 0.549384 3.236056 0.305153
v 0.547964 3.256056 0.294069
v 0.547964 3.236056 0.294069
v 0.547605 3.256056 0.282405
v 0.547605 3.236056 0.282405
v 0.553535 3.246056 0.315215
v 0.577380 3.256056 0.324315
v 0.577380 3.236056 0.324315
v 0.564173 3.256056 0.322287
v 0.564173 3.236056 0.322287
v 0.553535 3.256056 0.315215
v 0.553535 3.236056 0.315215
v 0.553535 3.246056 0.315215
v 0.587825 3.256056 0.324315
v 0.587825 3.236056 0.324315
v 0.577380 3.256056 0.324315
v 0.577380 3.236056 0.324315
v 0.587825 3.256056 0.331935
v 0.587825 3.236056 0.331935
v 0.587825 3.256056 0.324315
v 0.587825 3.236056 0.324315
v 0.466890 3.256056 0.331935
v 0.466890 3.236056 0.331935
v 0.587825 3.256056 0.331935
v 0.587825 3.236056 0.331935
v 0.412635 3.256056 0.326995
v 0.412635 3.236056 0.326995
v 0.466890 3.256056 0.331935
v 0.466890 3.236056 0.331935
v 0.365360 3.256056 0.300610
v 0.365360 3.236056 0.300610
v 0.386823 3.256056 0.317481
v 0.386823 3.236056 0.317481
v 0.412635 3.256056 0.326995
v 0.412635 3.236056 0.326995
v 0.365360 3.246056 0.300610
v 0.349060 3.256056 0.257075
v 0.349060 3.236056 0.257075
v 0.353110 3.256056 0.280204
v 0.353110 3.236056 0.280204
v 0.365360 3.256056 0.300610
v 0.365360 3.236056 0.300610
v 0.365360 3.246056 0.300610
v 0.349060 3.246056 0.257075
v 0.361835 3.256056 0.219330
v 0.361835 3.236056 0.219330
v 0.352273 3.256056 0.237032
v 0.352273 3.236056 0.237032
v 0.349060 3.256056 0.257075
v 0.349060 3.236056 0.257075
v 0.349060 3.246056 0.257075
v 0.361835 3.246056 0.219330
v 0.399580 3.256056 0.194635
v 0.399580 3.236056 0.194635
v 0.378452 3.256056 0.204328
v 0.378452 3.236056 0.204328
v 0.361835 3.256056 0.219330
v 0.361835 3.236056 0.219330
v 0.399580 3.246056 0.194635
v 0.361835 3.246056 0.219330
v 0.507815 3.256056 0.313450
v 0.507815 3.236056 0.313450
v 0.470630 3.256056 0.317965
v 0.470630 3.236056 0.317965
v 0.507815 3.256056 0.206135
v 0.507815 3.236056 0.206135
v 0.507815 3.256056 0.313450
v 0.507815 3.236056 0.313450
v 0.507815 3.246056 0.206135
v 0.507815 3.246056 0.259792
v 0.507815 3.241056 0.259792
v 0.507815 3.246056 0.232963
v 0.507815 3.241056 0.232963
v 0.507815 3.251056 0.259792
v 0.507815 3.251056 0.232963
v 0.507815 3.256056 0.186590
v 0.507815 3.236056 0.186590
v 0.500529 3.256056 0.187505
v 0.500529 3.236056 0.187505
v 0.493135 3.256056 0.188000
v 0.493135 3.236056 0.188000
v 0.507815 3.246056 0.186590
v 0.493135 3.246056 0.188000
v 0.507815 3.256056 0.071655
v 0.507815 3.236056 0.071655
v 0.507815 3.256056 0.186590
v 0.507815 3.236056 0.186590
v 0.507815 3.246056 0.071655
v 0.507815 3.246056 0.186590
v 0.507815 3.246056 0.129122
v 0.507815 3.241056 0.129122
v 0.507815 3.246056 0.100388
v 0.507815 3.241056 0.100388
v 0.507815 3.251056 0.129122
v 0.507815 3.251056 0.100388
v 0.507815 3.246056 0.157856
v 0.507815 3.251056 0.157856
v 0.507815 3.241056 0.157856
v 0.587825 3.236056 0.331935
v 0.587825 3.236056 0.051265
v 0.399580 3.236056 0.194635
v 0.376313 3.236056 0.187525
v 0.355975 3.236056 0.174740
v 0.340895 3.236056 0.153429
v 0.335940 3.236056 0.128170
v 0.339370 3.236056 0.107223
v 0.349135 3.236056 0.088025
v 0.365049 3.236056 0.071273
v 0.385400 3.236056 0.060085
v 0.455670 3.236056 0.051265
v 0.587825 3.236056 0.058885
v 0.577380 3.236056 0.058885
v 0.567731 3.236056 0.059908
v 0.559000 3.236056 0.063518
v 0.552335 3.236056 0.070035
v 0.548302 3.236056 0.085078
v 0.547605 3.236056 0.100795
v 0.547605 3.236056 0.282405
v 0.547964 3.236056 0.294069
v 0.549384 3.236056 0.305153
v 0.553535 3.236056 0.315215
v 0.564173 3.236056 0.322287
v 0.577380 3.236056 0.324315
v 0.587825 3.236056 0.324315
v 0.466890 3.236056 0.331935
v 0.412635 3.236056 0.326995
v 0.386823 3.236056 0.317481
v 0.365360 3.236056 0.300610
v 0.353110 3.236056 0.280204
v 0.349060 3.236056 0.257075
v 0.352273 3.236056 0.237032
v 0.361835 3.236056 0.219330
v 0.378452 3.236056 0.204328
v 0.507815 3.236056 0.206135
v 0.490385 3.236056 0.203950
v 0.507815 3.236056 0.313450
v 0.507815 3.236056 0.071655
v 0.484099 3.236056 0.067487
v 0.460330 3.236056 0.066080
v 0.507815 3.236056 0.186590
v 0.470630 3.236056 0.317965
v 0.412280 3.236056 0.300680
v 0.439815 3.236056 0.314450
v 0.400215 3.236056 0.229630
v 0.393253 3.236056 0.247895
v 0.392926 3.236056 0.267635
v 0.399532 3.236056 0.285778
v 0.423430 3.236056 0.209735
v 0.410098 3.236056 0.217894
v 0.468795 3.236056 0.203240
v 0.493135 3.236056 0.188000
v 0.500529 3.236056 0.187505
v 0.471265 3.236056 0.188425
v 0.421665 3.236056 0.179745
v 0.392525 3.236056 0.155970
v 0.404953 3.236056 0.169940
v 0.383350 3.236056 0.124575
v 0.385707 3.236056 0.140835
v 0.403040 3.236056 0.082945
v 0.388272 3.236056 0.101776
v 0.429976 3.236056 0.069540
v 0.470630 3.256056 0.317965
v 0.470630 3.236056 0.317965
v 0.439815 3.256056 0.314450
v 0.439815 3.236056 0.314450
v 0.412280 3.256056 0.300680
v 0.412280 3.236056 0.300680
v 0.412280 3.246056 0.300680
v 0.412280 3.256056 0.300680
v 0.412280 3.236056 0.300680
v 0.399532 3.256056 0.285778
v 0.399532 3.236056 0.285778
v 0.392926 3.256056 0.267635
v 0.392926 3.236056 0.267635
v 0.393253 3.256056 0.247895
v 0.393253 3.236056 0.247895
v 0.400215 3.256056 0.229630
v 0.400215 3.236056 0.229630
v 0.412280 3.246056 0.300680
v 0.400215 3.246056 0.229630
v 0.400215 3.256056 0.229630
v 0.400215 3.236056 0.229630
v 0.410098 3.256056 0.217894
v 0.410098 3.236056 0.217894
v 0.423430 3.256056 0.209735
v 0.423430 3.236056 0.209735
v 0.400215 3.246056 0.229630
v 0.423430 3.246056 0.209735
v 0.423430 3.256056 0.209735
v 0.423430 3.236056 0.209735
v 0.468795 3.256056 0.203240
v 0.468795 3.236056 0.203240
v 0.423430 3.246056 0.209735
v 0.468795 3.246056 0.203240
v 0.468795 3.256056 0.203240
v 0.468795 3.236056 0.203240
v 0.490385 3.256056 0.203950
v 0.490385 3.236056 0.203950
v 0.468795 3.246056 0.203240
v 0.490385 3.246056 0.203950
v 0.490385 3.256056 0.203950
v 0.490385 3.236056 0.203950
v 0.507815 3.256056 0.206135
v 0.507815 3.236056 0.206135
v 0.507815 3.246056 0.206135
v 0.490385 3.246056 0.203950
v 0.493135 3.256056 0.188000
v 0.493135 3.236056 0.188000
v 0.471265 3.256056 0.188425
v 0.471265 3.236056 0.188425
v 0.493135 3.246056 0.188000
v 0.471265 3.246056 0.188425
v 0.471265 3.256056 0.188425
v 0.471265 3.236056 0.188425
v 0.421665 3.256056 0.179745
v 0.421665 3.236056 0.179745
v 0.471265 3.246056 0.188425
v 0.421665 3.246056 0.179745
v 0.421665 3.256056 0.179745
v 0.421665 3.236056 0.179745
v 0.404953 3.256056 0.169940
v 0.404953 3.236056 0.169940
v 0.392525 3.256056 0.155970
v 0.392525 3.236056 0.155970
v 0.421665 3.246056 0.179745
v 0.392525 3.246056 0.155970
v 0.392525 3.256056 0.155970
v 0.392525 3.236056 0.155970
v 0.385707 3.256056 0.140835
v 0.385707 3.236056 0.140835
v 0.383350 3.256056 0.124575
v 0.383350 3.236056 0.124575
v 0.392525 3.246056 0.155970
v 0.383350 3.246056 0.124575
v 0.383350 3.256056 0.124575
v 0.383350 3.236056 0.124575
v 0.388272 3.256056 0.101776
v 0.388272 3.236056 0.101776
v 0.403040 3.256056 0.082945
v 0.403040 3.236056 0.082945
v 0.383350 3.246056 0.124575
v 0.403040 3.246056 0.082945
v 0.403040 3.256056 0.082945
v 0.403040 3.236056 0.082945
v 0.429976 3.256056 0.069540
v 0.429976 3.236056 0.069540
v 0.460330 3.256056 0.066080
v 0.460330 3.236056 0.066080
v 0.403040 3.246056 0.082945
v 0.460330 3.246056 0.066080
v 0.460330 3.256056 0.066080
v 0.460330 3.236056 0.066080
v 0.484099 3.256056 0.067487
v 0.484099 3.236056 0.067487
v 0.507815 3.256056 0.071655
v 0.507815 3.236056 0.071655
v 0.507815 3.246056 0.071655
v 0.460330 3.246056 0.066080
v 0.587825 3.256056 0.331935
v 0.587825 3.256056 0.051265
v 0.399580 3.256056 0.194635
v 0.374126 3.256056 0.186564
v 0.355975 3.256056 0.174740
v 0.340956 3.256056 0.153572
v 0.335940 3.256056 0.128170
v 0.339230 3.256056 0.107647
v 0.349135 3.256056 0.088025
v 0.364803 3.256056 0.071462
v 0.385400 3.256056 0.060085
v 0.455670 3.256056 0.051265
v 0.587825 3.256056 0.058885
v 0.577380 3.256056 0.058885
v 0.562397 3.256056 0.061681
v 0.556754 3.256056 0.065166
v 0.552335 3.256056 0.070035
v 0.548779 3.256056 0.081338
v 0.547605 3.256056 0.100795
v 0.547605 3.256056 0.282405
v 0.549086 3.256056 0.303627
v 0.550940 3.256056 0.310625
v 0.553535 3.256056 0.315215
v 0.563500 3.256056 0.322039
v 0.577380 3.256056 0.324315
v 0.587825 3.256056 0.324315
v 0.466890 3.256056 0.331935
v 0.412635 3.256056 0.326995
v 0.385318 3.256056 0.316662
v 0.365360 3.256056 0.300610
v 0.353135 3.256056 0.280271
v 0.349060 3.256056 0.257075
v 0.352245 3.256056 0.237117
v 0.361835 3.256056 0.219330
v 0.377664 3.256056 0.204837
v 0.507815 3.256056 0.206135
v 0.490385 3.256056 0.203950
v 0.468795 3.256056 0.203240
v 0.423430 3.256056 0.209735
v 0.410050 3.256056 0.217935
v 0.400215 3.256056 0.229630
v 0.394246 3.256056 0.243599
v 0.392245 3.256056 0.258840
v 0.397261 3.256056 0.281560
v 0.412280 3.256056 0.300680
v 0.436878 3.256056 0.313635
v 0.470630 3.256056 0.317965
v 0.507815 3.256056 0.313450
v 0.507815 3.256056 0.071655
v 0.460330 3.256056 0.066080
v 0.427211 3.256056 0.070305
v 0.403040 3.256056 0.082945
v 0.388273 3.256056 0.101774
v 0.383350 3.256056 0.124575
v 0.385635 3.256056 0.140589
v 0.392525 3.256056 0.155970
v 0.404370 3.256056 0.169472
v 0.421665 3.256056 0.179745
v 0.471265 3.256056 0.188425
v 0.493135 3.256056 0.188000
v 0.507815 3.256056 0.186590
vt 0.054507 0.569529
vt 0.054507 0.675399
vt 0.998535 0.569529
vt 0.998535 0.675399
vt 0.053042 0.000000
vt 0.027254 0.000000
vt 0.053042 0.944028
vt 0.027254 0.944028
vt 0.054507 0.096783
vt 0.054507 0.124036
vt 0.160377 0.096783
vt 0.160377 0.124036
vt 0.025789 0.000000
vt 0.000000 0.000000
vt 0.025789 0.944028
vt 0.000000 0.944028
vt 0.054507 0.000000
vt 0.054507 0.027254
vt 0.160377 0.000000
vt 0.160377 0.027254
vt 0.054507 0.193565
vt 0.054507 0.299435
vt 0.998535 0.193565
vt 0.998535 0.299435
vt 0.998535 0.720000
vt 0.040000 0.720000
vt 0.998535 0.760000
vt 0.040000 0.760000
vt 0.998535 0.240000
vt 0.040000 0.240000
vt 0.998535 0.280000
vt 0.040000 0.280000
vt 0.998535 0.480000
vt 0.040000 0.480000
vt 0.998535 0.520000
vt 0.040000 0.520000
vt 0.000000 0.000000
vt 0.000000 0.958535
vt 0.038535 0.000000
vt 0.038535 0.958535
vt 0.080000 0.000000
vt 0.040000 0.000000
vt 0.080000 0.040000
vt 0.040000 0.040000
vt 0.000000 0.000000
vt 0.000000 1.000000
vt 0.208333 0.000000
vt 0.208333 1.000000
vt 0.208333 0.000000
vt 0.208333 1.000000
vt 0.416666 0.000000
vt 0.416666 1.000000
vt 0.416666 0.000000
vt 0.416666 1.000000
vt 0.624999 0.000000
vt 0.624999 1.000000
vt 0.624999 0.000000
vt 0.624999 1.000000
vt 0.833333 0.000000
vt 0.833333 1.000000
vt 1.000000 0.040000
vt 1.000000 0.000000
vt 0.833333 0.000000
vt 0.833333 0.040000
vt 1.000000 0.960000
vt 1.000000 1.000000
vt 0.833333 1.000000
vt 0.833333 0.960000
vt 0.998535 0.720000
vt 0.040000 0.720000
vt 0.998535 0.760000
vt 0.040000 0.760000
vt 0.000000 0.000000
vt 0.000000 0.958535
vt 0.038535 0.000000
vt 0.038535 0.958535
vt 0.998535 0.480000
vt 0.040000 0.480000
vt 0.998535 0.520000
vt 0.040000 0.520000
vt 0.998535 0.240000
vt 0.040000 0.240000
vt 0.998535 0.280000
vt 0.040000 0.280000
vt 0.080000 0.000000
vt 0.040000 0.000000
vt 0.080000 0.040000
vt 0.040000 0.040000
vt 0.000000 0.000000
vt 0.000000 1.000000
vt 0.208333 0.000000
vt 0.208333 1.000000
vt 0.208333 0.000000
vt 0.208333 1.000000
vt 0.416666 0.000000
vt 0.416666 1.000000
vt 0.416666 0.000000
vt 0.416666 1.000000
vt 0.624999 0.000000
vt 0.624999 1.000000
vt 0.624999 0.000000
vt 0.624999 1.000000
vt 0.833333 0.000000
vt 0.833333 1.000000
vt 1.000000 0.040000
vt 1.000000 0.000000
vt 0.833333 0.000000
vt 0.833333 0.040000
vt 1.000000 0.960000
vt 1.000000 1.000000
vt 0.833333 1.000000
vt 0.833333 0.960000
vt 0.531863 0.000000
vt 0.531863 0.521635
vt 0.880628 0.255177
vt 0.923734 0.268391
vt 0.961416 0.292152
vt 0.989353 0.331758
vt 0.998535 0.378704
vt 0.992179 0.417634
vt 0.974089 0.453315
vt 0.944604 0.484449
vt 0.906900 0.505243
vt 0.776709 0.521635
vt 0.531863 0.507473
vt 0.551215 0.507473
vt 0.569091 0.505571
vt 0.585268 0.498862
vt 0.597616 0.486750
vt 0.605088 0.458791
vt 0.606379 0.429582
vt 0.606379 0.092053
vt 0.605713 0.070375
vt 0.603083 0.049774
vt 0.595393 0.031075
vt 0.575683 0.017931
vt 0.551215 0.014162
vt 0.531863 0.014162
vt 0.755922 0.000000
vt 0.856441 0.009181
vt 0.904263 0.026863
vt 0.944028 0.058219
vt 0.966723 0.096144
vt 0.974227 0.139130
vt 0.968274 0.176379
vt 0.950559 0.209280
vt 0.919771 0.237161
vt 0.680099 0.233804
vt 0.712392 0.237865
vt 0.680099 0.483739
vt 0.724037 0.491486
vt 0.768075 0.494101
vt 0.680099 0.034355
vt 0.680099 0.270129
vt 0.748992 0.025964
vt 0.857099 0.058089
vt 0.806084 0.032497
vt 0.879452 0.190137
vt 0.892349 0.156190
vt 0.892955 0.119504
vt 0.880716 0.085783
vt 0.836441 0.227113
vt 0.861140 0.211949
vt 0.752392 0.239184
vt 0.707297 0.267508
vt 0.693597 0.268428
vt 0.747816 0.266718
vt 0.839711 0.282850
vt 0.893699 0.327037
vt 0.870672 0.301072
vt 0.910698 0.385386
vt 0.906331 0.355166
vt 0.874218 0.462757
vt 0.901578 0.427758
vt 0.824312 0.487669
vt 0.493227 0.715573
vt 0.457522 0.715573
vt 0.493227 0.765106
vt 0.457522 0.765106
vt 0.493227 0.805742
vt 0.457522 0.805742
vt 0.475375 0.805742
vt 0.475375 0.715573
vt 0.035706 0.567385
vt 0.000000 0.567385
vt 0.035706 0.615604
vt 0.000000 0.615604
vt 0.035706 0.664415
vt 0.000000 0.664415
vt 0.017853 0.664415
vt 0.017853 0.567385
vt 0.127968 0.468137
vt 0.090797 0.468137
vt 0.127968 0.507188
vt 0.090797 0.507188
vt 0.127968 0.547923
vt 0.090797 0.547923
vt 0.109383 0.547923
vt 0.109383 0.468137
vt 0.372691 0.604060
vt 0.372691 0.639766
vt 0.415324 0.604060
vt 0.415324 0.639766
vt 0.459126 0.604060
vt 0.459126 0.639766
vt 0.459126 0.621913
vt 0.372691 0.621913
vt 0.409861 0.468137
vt 0.372691 0.468137
vt 0.409861 0.600401
vt 0.372691 0.600401
vt 0.391276 0.600401
vt 0.223024 0.809802
vt 0.223024 0.845508
vt 0.468639 0.809802
vt 0.468639 0.845508
vt 0.255387 0.468137
vt 0.255387 0.505308
vt 0.269549 0.468137
vt 0.269549 0.505308
vt 0.324920 0.491923
vt 0.287749 0.491923
vt 0.324920 0.511335
vt 0.287749 0.511335
vt 0.260195 0.744102
vt 0.260195 0.781273
vt 0.278604 0.744102
vt 0.278604 0.781273
vt 0.296264 0.744102
vt 0.296264 0.781273
vt 0.311889 0.744102
vt 0.311889 0.781273
vt 0.260195 0.762687
vt 0.335028 0.606800
vt 0.297857 0.606800
vt 0.335028 0.629326
vt 0.297857 0.629326
vt 0.335028 0.665236
vt 0.297857 0.665236
vt 0.316443 0.665236
vt 0.221559 0.468137
vt 0.185853 0.468137
vt 0.221559 0.805665
vt 0.185853 0.805665
vt 0.313354 0.715573
vt 0.313354 0.752743
vt 0.341798 0.715573
vt 0.341798 0.752743
vt 0.360761 0.715573
vt 0.360761 0.752743
vt 0.376265 0.715573
vt 0.376265 0.752743
vt 0.313354 0.734158
vt 0.260195 0.678402
vt 0.260195 0.715573
vt 0.283302 0.678402
vt 0.283302 0.715573
vt 0.309152 0.678402
vt 0.309152 0.715573
vt 0.309152 0.696987
vt 0.324920 0.468137
vt 0.287749 0.468137
vt 0.324920 0.487549
vt 0.287749 0.487549
vt 0.223024 0.468137
vt 0.223024 0.505308
vt 0.237186 0.468137
vt 0.237186 0.505308
vt 0.184389 0.567385
vt 0.148683 0.567385
vt 0.184389 0.792147
vt 0.148683 0.792147
vt 0.072877 0.567385
vt 0.037171 0.567385
vt 0.072877 0.668862
vt 0.037171 0.668862
vt 0.258730 0.678402
vt 0.223024 0.678402
vt 0.258730 0.732775
vt 0.223024 0.732775
vt 0.258730 0.780698
vt 0.223024 0.780698
vt 0.240877 0.678402
vt 0.372691 0.641231
vt 0.372691 0.676937
vt 0.416725 0.641231
vt 0.416725 0.676937
vt 0.461034 0.641231
vt 0.461034 0.676937
vt 0.461034 0.659084
vt 0.372691 0.659084
vt 0.082569 0.468137
vt 0.045399 0.468137
vt 0.082569 0.505697
vt 0.045399 0.505697
vt 0.082569 0.543594
vt 0.045399 0.543594
vt 0.063984 0.543594
vt 0.063984 0.468137
vt 0.420848 0.529719
vt 0.420848 0.565425
vt 0.461650 0.529719
vt 0.461650 0.565425
vt 0.505987 0.529719
vt 0.505987 0.565425
vt 0.420848 0.547572
vt 0.505987 0.547572
vt 0.313354 0.762687
vt 0.313354 0.799858
vt 0.381715 0.762687
vt 0.381715 0.799858
vt 0.110047 0.567385
vt 0.074341 0.567385
vt 0.110047 0.766834
vt 0.074341 0.766834
vt 0.092194 0.567385
vt 0.092194 0.667110
vt 0.083268 0.667110
vt 0.092194 0.617247
vt 0.083268 0.617247
vt 0.101121 0.667110
vt 0.101121 0.617247
vt 0.458018 0.468137
vt 0.420848 0.468137
vt 0.458018 0.482926
vt 0.420848 0.482926
vt 0.458018 0.494778
vt 0.420848 0.494778
vt 0.439433 0.468137
vt 0.439433 0.494778
vt 0.147218 0.567385
vt 0.111512 0.567385
vt 0.147218 0.780996
vt 0.111512 0.780996
vt 0.129365 0.567385
vt 0.129365 0.780996
vt 0.129365 0.674191
vt 0.120439 0.674191
vt 0.129365 0.620788
vt 0.120439 0.620788
vt 0.138291 0.674191
vt 0.138291 0.620788
vt 0.129365 0.727593
vt 0.138291 0.727593
vt 0.120439 0.727593
vt 0.521635 0.000000
vt 0.000000 0.000000
vt 0.266458 0.348765
vt 0.253244 0.391871
vt 0.229483 0.429553
vt 0.189876 0.457490
vt 0.142931 0.466672
vt 0.104001 0.460316
vt 0.068320 0.442226
vt 0.037186 0.412741
vt 0.016392 0.375037
vt 0.000000 0.244846
vt 0.014162 0.000000
vt 0.014162 0.019352
vt 0.016064 0.037228
vt 0.022773 0.053405
vt 0.034885 0.065753
vt 0.062844 0.073225
vt 0.092053 0.074516
vt 0.429582 0.074516
vt 0.451260 0.073850
vt 0.471860 0.071220
vt 0.490560 0.063530
vt 0.503704 0.043820
vt 0.507473 0.019352
vt 0.507473 0.000000
vt 0.521635 0.224059
vt 0.512454 0.324578
vt 0.494772 0.372400
vt 0.463416 0.412165
vt 0.425491 0.434860
vt 0.382505 0.442364
vt 0.345256 0.436411
vt 0.312355 0.418696
vt 0.284474 0.387908
vt 0.287831 0.148236
vt 0.283770 0.180529
vt 0.487280 0.148236
vt 0.037896 0.148236
vt 0.030149 0.192174
vt 0.027534 0.236212
vt 0.251506 0.148236
vt 0.495671 0.217129
vt 0.463546 0.325236
vt 0.489138 0.274221
vt 0.331498 0.347589
vt 0.365445 0.360486
vt 0.402131 0.361092
vt 0.435852 0.348853
vt 0.294522 0.304578
vt 0.309685 0.329277
vt 0.282451 0.220529
vt 0.254127 0.175434
vt 0.253207 0.161734
vt 0.254917 0.215953
vt 0.238785 0.307848
vt 0.194598 0.361836
vt 0.220563 0.338809
vt 0.136249 0.378835
vt 0.166469 0.374468
vt 0.058878 0.342355
vt 0.093877 0.369715
vt 0.033965 0.292449
vt 0.223024 0.561255
vt 0.223024 0.598425
vt 0.275061 0.561255
vt 0.275061 0.598425
vt 0.338546 0.561255
vt 0.338546 0.598425
vt 0.338546 0.579840
vt 0.313354 0.678402
vt 0.313354 0.714108
vt 0.342374 0.678402
vt 0.342374 0.714108
vt 0.372946 0.678402
vt 0.372946 0.714108
vt 0.412313 0.678402
vt 0.412313 0.714108
vt 0.459447 0.678402
vt 0.459447 0.714108
vt 0.313354 0.696255
vt 0.459447 0.696255
vt 0.260195 0.606800
vt 0.223024 0.606800
vt 0.260195 0.635822
vt 0.223024 0.635822
vt 0.260195 0.664605
vt 0.223024 0.664605
vt 0.241609 0.606800
vt 0.241609 0.664605
vt 0.420848 0.566890
vt 0.420848 0.602596
vt 0.506536 0.566890
vt 0.506536 0.602596
vt 0.420848 0.584743
vt 0.506536 0.584743
vt 0.136196 0.468137
vt 0.136196 0.505308
vt 0.176353 0.468137
vt 0.176353 0.505308
vt 0.136196 0.486722
vt 0.176353 0.486722
vt 0.458018 0.496242
vt 0.420848 0.496242
vt 0.458018 0.528254
vt 0.420848 0.528254
vt 0.439433 0.528254
vt 0.439433 0.496242
vt 0.136196 0.517761
vt 0.136196 0.554932
vt 0.176854 0.517761
vt 0.176854 0.554932
vt 0.136196 0.536346
vt 0.176854 0.536346
vt 0.530398 0.715573
vt 0.494692 0.715573
vt 0.530398 0.808337
vt 0.494692 0.808337
vt 0.512545 0.715573
vt 0.512545 0.808337
vt 0.037171 0.468137
vt 0.000000 0.468137
vt 0.037171 0.502254
vt 0.000000 0.502254
vt 0.037171 0.539191
vt 0.000000 0.539191
vt 0.018585 0.468137
vt 0.018585 0.539191
vt 0.513526 0.468137
vt 0.476355 0.468137
vt 0.513526 0.497726
vt 0.476355 0.497726
vt 0.513526 0.528254
vt 0.476355 0.528254
vt 0.494941 0.468137
vt 0.494941 0.528254
vt 0.418886 0.715573
vt 0.383180 0.715573
vt 0.418886 0.759829
vt 0.383180 0.759829
vt 0.418886 0.804094
vt 0.383180 0.804094
vt 0.401033 0.715573
vt 0.401033 0.804094
vt 0.223024 0.515709
vt 0.223024 0.552880
vt 0.285081 0.515709
vt 0.285081 0.552880
vt 0.336361 0.515709
vt 0.336361 0.552880
vt 0.223024 0.534294
vt 0.336361 0.534294
vt 0.456057 0.715573
vt 0.420351 0.715573
vt 0.456057 0.760453
vt 0.420351 0.760453
vt 0.456057 0.804627
vt 0.420351 0.804627
vt 0.438204 0.804627
vt 0.438204 0.715573
vt 0.000000 0.000000
vt 0.000000 1.000000
vt 0.747345 0.489187
vt 0.848396 0.517941
vt 0.920460 0.560071
vt 0.980083 0.635491
vt 1.000000 0.725995
vt 0.986938 0.799115
vt 0.947615 0.869028
vt 0.885409 0.928041
vt 0.803641 0.968575
vt 0.524664 1.000000
vt 0.000000 0.972851
vt 0.041467 0.972851
vt 0.100949 0.962888
vt 0.123352 0.950470
vt 0.140898 0.933124
vt 0.155014 0.892850
vt 0.159676 0.823529
vt 0.159676 0.176471
vt 0.153793 0.100859
vt 0.146436 0.075926
vt 0.136134 0.059572
vt 0.096572 0.035257
vt 0.041467 0.027149
vt 0.000000 0.027149
vt 0.480120 0.000000
vt 0.695516 0.017601
vt 0.803963 0.054417
vt 0.883201 0.111608
vt 0.931732 0.184073
vt 0.947913 0.266719
vt 0.935268 0.337828
vt 0.897195 0.401201
vt 0.834351 0.452836
vt 0.317645 0.448213
vt 0.386843 0.455998
vt 0.472557 0.458528
vt 0.652659 0.435387
vt 0.705776 0.406171
vt 0.744824 0.364503
vt 0.768520 0.314731
vt 0.776465 0.260430
vt 0.756548 0.179481
vt 0.696925 0.111359
vt 0.599269 0.065201
vt 0.465272 0.049774
vt 0.317645 0.065860
vt 0.317645 0.927352
vt 0.506164 0.947216
vt 0.637647 0.932162
vt 0.733609 0.887127
vt 0.792234 0.820040
vt 0.811779 0.738804
vt 0.802708 0.681746
vt 0.775354 0.626946
vt 0.728326 0.578840
vt 0.659666 0.542238
vt 0.462751 0.511312
vt 0.375926 0.512826
vt 0.317645 0.517850
vt 0.531863 0.000000
vt 0.531863 0.521635
vt 0.880628 0.255177
vt 0.923734 0.268391
vt 0.961416 0.292152
vt 0.989353 0.331758
vt 0.998535 0.378704
vt 0.992179 0.417634
vt 0.974089 0.453315
vt 0.944604 0.484449
vt 0.906900 0.505243
vt 0.776709 0.521635
vt 0.531863 0.507473
vt 0.551215 0.507473
vt 0.569091 0.505571
vt 0.585268 0.498862
vt 0.597616 0.486750
vt 0.605088 0.458791
vt 0.606379 0.429582
vt 0.606379 0.092053
vt 0.605713 0.070375
vt 0.603083 0.049774
vt 0.595393 0.031075
vt 0.575683 0.017931
vt 0.551215 0.014162
vt 0.531863 0.014162
vt 0.755922 0.000000
vt 0.856441 0.009181
vt 0.904263 0.026863
vt 0.944028 0.058219
vt 0.966723 0.096144
vt 0.974227 0.139130
vt 0.968274 0.176379
vt 0.950559 0.209280
vt 0.919771 0.237161
vt 0.680099 0.233804
vt 0.712392 0.237865
vt 0.680099 0.483739
vt 0.724037 0.491486
vt 0.768075 0.494101
vt 0.680099 0.034355
vt 0.680099 0.270129
vt 0.748992 0.025964
vt 0.857099 0.058089
vt 0.806084 0.032497
vt 0.879452 0.190137
vt 0.892349 0.156190
vt 0.892955 0.119504
vt 0.880716 0.085783
vt 0.836441 0.227113
vt 0.861140 0.211949
vt 0.752392 0.239184
vt 0.707297 0.267508
vt 0.693597 0.268428
vt 0.747816 0.266718
vt 0.839711 0.282850
vt 0.893699 0.327037
vt 0.870672 0.301072
vt 0.910698 0.385386
vt 0.906331 0.355166
vt 0.874218 0.462757
vt 0.901578 0.427758
vt 0.824312 0.487669
vt 0.493227 0.715573
vt 0.457522 0.715573
vt 0.493227 0.765106
vt 0.457522 0.765106
vt 0.493227 0.805742
vt 0.457522 0.805742
vt 0.475375 0.805742
vt 0.475375 0.715573
vt 0.035706 0.567385
vt 0.000000 0.567385
vt 0.035706 0.615604
vt 0.000000 0.615604
vt 0.035706 0.664415
vt 0.000000 0.664415
vt 0.017853 0.664415
vt 0.017853 0.567385
vt 0.127968 0.468137
vt 0.090797 0.468137
vt 0.127968 0.507188
vt 0.090797 0.507188
vt 0.127968 0.547923
vt 0.090797 0.547923
vt 0.109383 0.547923
vt 0.109383 0.468137
vt 0.372691 0.604060
vt 0.372691 0.639766
vt 0.415324 0.604060
vt 0.415324 0.639766
vt 0.459126 0.604060
vt 0.459126 0.639766
vt 0.459126 0.621913
vt 0.372691 0.621913
vt 0.409861 0.468137
vt 0.372691 0.468137
vt 0.409861 0.600401
vt 0.372691 0.600401
vt 0.391276 0.600401
vt 0.223024 0.809802
vt 0.223024 0.845508
vt 0.468639 0.809802
vt 0.468639 0.845508
vt 0.255387 0.468137
vt 0.255387 0.505308
vt 0.269549 0.468137
vt 0.269549 0.505308
vt 0.324920 0.491923
vt 0.287749 0.491923
vt 0.324920 0.511335
vt 0.287749 0.511335
vt 0.260195 0.744102
vt 0.260195 0.781273
vt 0.278604 0.744102
vt 0.278604 0.781273
vt 0.296264 0.744102
vt 0.296264 0.781273
vt 0.311889 0.744102
vt 0.311889 0.781273
vt 0.260195 0.762687
vt 0.335028 0.606800
vt 0.297857 0.606800
vt 0.335028 0.629326
vt 0.297857 0.629326
vt 0.335028 0.665236
vt 0.297857 0.665236
vt 0.316443 0.665236
vt 0.221559 0.468137
vt 0.185853 0.468137
vt 0.221559 0.805665
vt 0.185853 0.805665
vt 0.313354 0.715573
vt 0.313354 0.752743
vt 0.341798 0.715573
vt 0.341798 0.752743
vt 0.360761 0.715573
vt 0.360761 0.752743
vt 0.376265 0.715573
vt 0.376265 0.752743
vt 0.313354 0.734158
vt 0.260195 0.678402
vt 0.260195 0.715573
vt 0.283302 0.678402
vt 0.283302 0.715573
vt 0.309152 0.678402
vt 0.309152 0.715573
vt 0.309152 0.696987
vt 0.324920 0.468137
vt 0.287749 0.468137
vt 0.324920 0.487549
vt 0.287749 0.487549
vt 0.223024 0.468137
vt 0.223024 0.505308
vt 0.237186 0.468137
vt 0.237186 0.505308
vt 0.184389 0.567385
vt 0.148683 0.567385
vt 0.184389 0.792147
vt 0.148683 0.792147
vt 0.072877 0.567385
vt 0.037171 0.567385
vt 0.072877 0.668862
vt 0.037171 0.668862
vt 0.258730 0.678402
vt 0.223024 0.678402
vt 0.258730 0.732775
vt 0.223024 0.732775
vt 0.258730 0.780698
vt 0.223024 0.780698
vt 0.240877 0.678402
vt 0.372691 0.641231
vt 0.372691 0.676937
vt 0.416725 0.641231
vt 0.416725 0.676937
vt 0.461034 0.641231
vt 0.461034 0.676937
vt 0.461034 0.659084
vt 0.372691 0.659084
vt 0.082569 0.468137
vt 0.045399 0.468137
vt 0.082569 0.505697
vt 0.045399 0.505697
vt 0.082569 0.543594
vt 0.045399 0.543594
vt 0.063984 0.543594
vt 0.063984 0.468137
vt 0.420848 0.529719
vt 0.420848 0.565425
vt 0.461650 0.529719
vt 0.461650 0.565425
vt 0.505987 0.529719
vt 0.505987 0.565425
vt 0.420848 0.547572
vt 0.505987 0.547572
vt 0.313354 0.762687
vt 0.313354 0.799858
vt 0.381715 0.762687
vt 0.381715 0.799858
vt 0.110047 0.567385
vt 0.074341 0.567385
vt 0.110047 0.766834
vt 0.074341 0.766834
vt 0.092194 0.567385
vt 0.092194 0.667110
vt 0.083268 0.667110
vt 0.092194 0.617247
vt 0.083268 0.617247
vt 0.101121 0.667110
vt 0.101121 0.617247
vt 0.458018 0.468137
vt 0.420848 0.468137
vt 0.458018 0.482926
vt 0.420848 0.482926
vt 0.458018 0.494778
vt 0.420848 0.494778
vt 0.439433 0.468137
vt 0.439433 0.494778
vt 0.147218 0.567385
vt 0.111512 0.567385
vt 0.147218 0.780996
vt 0.111512 0.780996
vt 0.129365 0.567385
vt 0.129365 0.780996
vt 0.129365 0.674191
vt 0.120439 0.674191
vt 0.129365 0.620788
vt 0.120439 0.620788
vt 0.138291 0.674191
vt 0.138291 0.620788
vt 0.129365 0.727593
vt 0.138291 0.727593
vt 0.120439 0.727593
vt 0.521635 0.000000
vt 0.000000 0.000000
vt 0.266458 0.348765
vt 0.253244 0.391871
vt 0.229483 0.429553
vt 0.189876 0.457490
vt 0.142931 0.466672
vt 0.104001 0.460316
vt 0.068320 0.442226
vt 0.037186 0.412741
vt 0.016392 0.375037
vt 0.000000 0.244846
vt 0.014162 0.000000
vt 0.014162 0.019352
vt 0.016064 0.037228
vt 0.022773 0.053405
vt 0.034885 0.065753
vt 0.062844 0.073225
vt 0.092053 0.074516
vt 0.429582 0.074516
vt 0.451260 0.073850
vt 0.471860 0.071220
vt 0.490560 0.063530
vt 0.503704 0.043820
vt 0.507473 0.019352
vt 0.507473 0.000000
vt 0.521635 0.224059
vt 0.512454 0.324578
vt 0.494772 0.372400
vt 0.463416 0.412165
vt 0.425491 0.434860
vt 0.382505 0.442364
vt 0.345256 0.436411
vt 0.312355 0.418696
vt 0.284474 0.387908
vt 0.287831 0.148236
vt 0.283770 0.180529
vt 0.487280 0.148236
vt 0.037896 0.148236
vt 0.030149 0.192174
vt 0.027534 0.236212
vt 0.251506 0.148236
vt 0.495671 0.217129
vt 0.463546 0.325236
vt 0.489138 0.274221
vt 0.331498 0.347589
vt 0.365445 0.360486
vt 0.402131 0.361092
vt 0.435852 0.348853
vt 0.294522 0.304578
vt 0.309685 0.329277
vt 0.282451 0.220529
vt 0.254127 0.175434
vt 0.253207 0.161734
vt 0.254917 0.215953
vt 0.238785 0.307848
vt 0.194598 0.361836
vt 0.220563 0.338809
vt 0.136249 0.378835
vt 0.166469 0.374468
vt 0.058878 0.342355
vt 0.093877 0.369715
vt 0.033965 0.292449
vt 0.223024 0.561255
vt 0.223024 0.598425
vt 0.275061 0.561255
vt 0.275061 0.598425
vt 0.338546 0.561255
vt 0.338546 0.598425
vt 0.338546 0.579840
vt 0.313354 0.678402
vt 0.313354 0.714108
vt 0.342374 0.678402
vt 0.342374 0.714108
vt 0.372946 0.678402
vt 0.372946 0.714108
vt 0.412313 0.678402
vt 0.412313 0.714108
vt 0.459447 0.678402
vt 0.459447 0.714108
vt 0.313354 0.696255
vt 0.459447 0.696255
vt 0.260195 0.606800
vt 0.223024 0.606800
vt 0.260195 0.635822
vt 0.223024 0.635822
vt 0.260195 0.664605
vt 0.223024 0.664605
vt 0.241609 0.606800
vt 0.241609 0.664605
vt 0.420848 0.566890
vt 0.420848 0.602596
vt 0.506536 0.566890
vt 0.506536 0.602596
vt 0.420848 0.584743
vt 0.506536 0.584743
vt 0.136196 0.468137
vt 0.136196 0.505308
vt 0.176353 0.468137
vt 0.176353 0.505308
vt 0.136196 0.486722
vt 0.176353 0.486722
vt 0.458018 0.496242
vt 0.420848 0.496242
vt 0.458018 0.528254
vt 0.420848 0.528254
vt 0.439433 0.528254
vt 0.439433 0.496242
vt 0.136196 0.517761
vt 0.136196 0.554932
vt 0.176854 0.517761
vt 0.176854 0.554932
vt 0.136196 0.536346
vt 0.176854 0.536346
vt 0.530398 0.715573
vt 0.494692 0.715573
vt 0.530398 0.808337
vt 0.494692 0.808337
vt 0.512545 0.715573
vt 0.512545 0.808337
vt 0.037171 0.468137
vt 0.000000 0.468137
vt 0.037171 0.502254
vt 0.000000 0.502254
vt 0.037171 0.539191
vt 0.000000 0.539191
vt 0.018585 0.468137
vt 0.018585 0.539191
vt 0.513526 0.468137
vt 0.476355 0.468137
vt 0.513526 0.497726
vt 0.476355 0.497726
vt 0.513526 0.528254
vt 0.476355 0.528254
vt 0.494941 0.468137
vt 0.494941 0.528254
vt 0.418886 0.715573
vt 0.383180 0.715573
vt 0.418886 0.759829
vt 0.383180 0.759829
vt 0.418886 0.804094
vt 0.383180 0.804094
vt 0.401033 0.715573
vt 0.401033 0.804094
vt 0.223024 0.515709
vt 0.223024 0.552880
vt 0.285081 0.515709
vt 0.285081 0.552880
vt 0.336361 0.515709
vt 0.336361 0.552880
vt 0.223024 0.534294
vt 0.336361 0.534294
vt 0.456057 0.715573
vt 0.420351 0.715573
vt 0.456057 0.760453
vt 0.420351 0.760453
vt 0.456057 0.804627
vt 0.420351 0.804627
vt 0.438204 0.804627
vt 0.438204 0.715573
vt 0.000000 0.000000
vt 0.000000 1.000000
vt 0.747345 0.489187
vt 0.848396 0.517941
vt 0.920460 0.560071
vt 0.980083 0.635491
vt 1.000000 0.725995
vt 0.986938 0.799115
vt 0.947615 0.869028
vt 0.885409 0.928041
vt 0.803641 0.968575
vt 0.524664 1.000000
vt 0.000000 0.972851
vt 0.041467 0.972851
vt 0.100949 0.962888
vt 0.123352 0.950470
vt 0.140898 0.933124
vt 0.155014 0.892850
vt 0.159676 0.823529
vt 0.159676 0.176471
vt 0.153793 0.100859
vt 0.146436 0.075926
vt 0.136134 0.059572
vt 0.096572 0.035257
vt 0.041467 0.027149
vt 0.000000 0.027149
vt 0.480120 0.000000
vt 0.695516 0.017601
vt 0.803963 0.054417
vt 0.883201 0.111608
vt 0.931732 0.184073
vt 0.947913 0.266719
vt 0.935268 0.337828
vt 0.897195 0.401201
vt 0.834351 0.452836
vt 0.317645 0.448213
vt 0.386843 0.455998
vt 0.472557 0.458528
vt 0.652659 0.435387
vt 0.705776 0.406171
vt 0.744824 0.364503
vt 0.768520 0.314731
vt 0.776465 0.260430
vt 0.756548 0.179481
vt 0.696925 0.111359
vt 0.599269 0.065201
vt 0.465272 0.049774
vt 0.317645 0.065860
vt 0.317645 0.927352
vt 0.506164 0.947216
vt 0.637647 0.932162
vt 0.733609 0.887127
vt 0.792234 0.820040
vt 0.811779 0.738804
vt 0.802708 0.681746
vt 0.775354 0.626946
vt 0.728326 0.578840
vt 0.659666 0.542238
vt 0.462751 0.511312
vt 0.375926 0.512826
vt 0.317645 0.517850
vn -0.000000 1.000000 0.000000
vn -0.000000 1.000000 0.000000
vn -0.000000 1.000000 0.000000
vn -0.000000 1.000000 0.000000
vn 0.001109 0.000000 0.999999
vn 0.001109 0.000000 0.999999
vn 0.001109 0.000000 0.999999
vn 0.001109 0.000000 0.999999
vn -1.000000 0.000000 0.000000
vn -1.000000 0.000000 0.000000
vn -1.000000 0.000000 0.000000
vn -1.000000 0.000000 0.000000
vn -0.001109 0.000000 -0.999999
vn -0.001109 0.000000 -0.999999
vn -0.001109 0.000000 -0.999999
vn -0.001109 0.000000 -0.999999
vn 1.000000 -0.000000 -0.000000
vn 1.000000 -0.000000 -0.000000
vn 1.000000 -0.000000 -0.000000
vn 1.000000 -0.000000 -0.000000
vn -0.000000 -1.000000 0.000000
vn -0.000000 -1.000000 0.000000
vn -0.000000 -1.000000 0.000000
vn -0.000000 -1.000000 0.000000
vn -0.000000 0.000000 -1.000000
vn -0.000000 0.000000 -1.000000
vn -0.000000 0.000000 -1.000000
vn -0.000000 0.000000 -1.000000
vn -0.000000 1.000000 -0.000000
vn -0.000000 1.000000 -0.000000
vn -0.000000 1.000000 -0.000000
vn -0.000000 1.000000 -0.000000
vn -0.000000 0.000000 1.000000
vn -0.000000 0.000000 1.000000
vn -0.000000 0.000000 1.000000
vn -0.000000 0.000000 1.000000
vn 0.000000 -1.000000 -0.000000
vn 0.000000 -1.000000 -0.000000
vn 0.000000 -1.000000 -0.000000
vn 0.000000 -1.000000 -0.000000
vn -1.000000 -0.000000 -0.000000
vn -1.000000 -0.000000 -0.000000
vn -1.000000 -0.000000 -0.000000
vn -1.000000 -0.000000 -0.000000
vn 1.000000 0.000000 0.000000
vn 1.000000 0.000000 0.000000
vn 1.000000 0.000000 0.000000
vn 1.000000 0.000000 0.000000
vn -0.000000 1.000000 0.000000
vn -0.000000 1.000000 0.000000
vn -0.000000 1.000000 0.000000
vn -0.000000 1.000000 0.000000
vn -1.000000 0.000000 -0.000000
vn -1.000000 0.000000 -0.000000
vn -1.000000 0.000000 -0.000000
vn -1.000000 0.000000 -0.000000
vn -0.000000 -1.000000 0.000000
vn -0.000000 -1.000000 0.000000
vn -0.000000 -1.000000 0.000000
vn -0.000000 -1.000000 0.000000
vn 0.000000 -0.000000 -1.000000
vn 0.000000 -0.000000 -1.000000
vn 0.000000 -0.000000 -1.000000
vn 0.000000 -0.000000 -1.000000
vn -0.000000 0.000000 1.000000
vn -0.000000 0.000000 1.000000
vn -0.000000 0.000000 1.000000
vn -0.000000 0.000000 1.000000
vn 1.000000 0.000000 0.000000
vn 1.000000 0.000000 0.000000
vn 1.000000 0.000000 0.000000
vn 1.000000 0.000000 0.000000
vn -0.000000 1.000000 0.000000
vn -0.000000 1.000000 0.000000
vn -0.000000 1.000000 0.000000
vn -0.000000 1.000000 0.000000
vn -1.000000 0.000000 -0.000000
vn -1.000000 0.000000 -0.000000
vn -1.000000 0.000000 -0.000000
vn -1.000000 0.000000 -0.000000
vn -0.000000 -1.000000 0.000000
vn -0.000000 -1.000000 0.000000
vn -0.000000 -1.000000 0.000000
vn -0.000000 -1.000000 0.000000
vn 0.000000 0.000000 -1.000000
vn 0.000000 0.000000 -1.000000
vn 0.000000 0.000000 -1.000000
vn 0.000000 0.000000 -1.000000
vn -0.000000 0.000000 1.000000
vn -0.000000 0.000000 1.000000
vn -0.000000 0.000000 1.000000
vn -0.000000 0.000000 1.000000
vn 0.000000 1.000000 0.000000
vn 0.000000 1.000000 0.000000
vn 0.000000 1.000000 0.000000
vn 0.000000 1.000000 0.000000
vn -0.000000 0.000000 -1.000000
vn -0.000000 0.000000 -1.000000
vn -0.000000 0.000000 -1.000000
vn -0.000000 0.000000 -1.000000
vn -0.000000 -1.000000 0.000000
vn -0.000000 -1.000000 0.000000
vn -0.000000 -1.000000 0.000000
vn -0.000000 -1.000000 0.000000
vn 1.000000 -0.000000 -0.000000
vn 1.000000 -0.000000 -0.000000
vn 1.000000 -0.000000 -0.000000
vn 1.000000 -0.000000 -0.000000
vn -1.000000 0.000000 0.000000
vn -1.000000 0.000000 0.000000
vn -1.000000 0.000000 0.000000
vn -1.000000 0.000000 0.000000
vn -0.000000 1.000000 0.000000
vn 0.000000 1.000000 -0.000000
vn 0.000000 1.000000 -0.000000
vn 0.000000 1.000000 -0.000000
vn 0.000000 1.000000 -0.000000
vn 0.000000 1.000000 -0.000000
vn 0.000000 1.000000 -0.000000
vn 0.000000 1.000000 -0.000000
vn 0.000000 1.000000 -0.000000
vn 0.000000 1.000000 -0.000000
vn 0.000000 1.000000 -0.000000
vn 0.000000 1.000000 -0.000000
vn 0.000000 1.000000 -0.000000
vn 0.000000 1.000000 -0.000000
vn 0.000000 1.000000 -0.000000
vn 0.000000 1.000000 -0.000000
vn 0.000000 1.000000 -0.000000
vn 0.000000 1.000000 -0.000000
vn 0.000000 1.000000 -0.000000
vn 0.000000 1.000000 -0.000000
vn 0.000000 1.000000 -0.000000
vn 0.000000 1.000000 -0.000000
vn 0.000000 1.000000 -0.000000
vn 0.000000 1.000000 -0.000000
vn 0.000000 1.000000 -0.000000
vn 0.000000 1.000000 -0.000000
vn 0.000000 1.000000 -0.000000
vn 0.000000 1.000000 -0.000000
vn 0.000000 1.000000 -0.000000
vn 0.000000 1.000000 -0.000000
vn 0.000000 1.000000 -0.000000
vn 0.000000 1.000000 -0.000000
vn 0.000000 1.000000 -0.000000
vn 0.000000 1.000000 -0.000000
vn 0.000000 1.000000 -0.000000
vn 0.000000 1.000000 -0.000000
vn 0.000000 1.000000 -0.000000
vn 0.000000 1.000000 -0.000000
vn 0.000000 1.000000 -0.000000
vn 0.000000 1.000000 -0.000000
vn 0.000000 1.000000 -0.000000
vn 0.000000 1.000000 -0.000000
vn 0.000000 1.000000 -0.000000
vn 0.000000 1.000000 -0.000000
vn 0.000000 1.000000 -0.000000
vn 0.000000 1.000000 -0.000000
vn 0.000000 1.000000 -0.000000
vn 0.000000 1.000000 -0.000000
vn 0.000000 1.000000 -0.000000
vn 0.000000 1.000000 -0.000000
vn 0.000000 1.000000 -0.000000
vn 0.000000 1.000000 -0.000000
vn 0.000000 1.000000 -0.000000
vn 0.000000 1.000000 -0.000000
vn 0.000000 1.000000 -0.000000
vn 0.000000 1.000000 -0.000000
vn 0.000000 1.000000 -0.000000
vn 0.000000 1.000000 -0.000000
vn 0.000000 1.000000 -0.000000
vn 0.000000 1.000000 -0.000000
vn 0.000000 1.000000 -0.000000
vn 0.000000 1.000000 -0.000000
vn 0.000000 1.000000 -0.000000
vn -0.688098 0.000000 0.725617
vn -0.688098 0.000000 0.725617
vn -0.390430 0.000000 0.920632
vn -0.390430 0.000000 0.920632
vn -0.209856 0.000000 0.977732
vn -0.209856 0.000000 0.977732
vn -0.209856 0.000000 0.977732
vn -0.688098 0.000000 0.725617
vn -1.000000 -0.000000 -0.000000
vn -1.000000 -0.000000 -0.000000
vn -0.919517 0.000000 0.393050
vn -0.919517 0.000000 0.393050
vn -0.689655 0.000000 0.724138
vn -0.689655 0.000000 0.724138
vn -0.689655 0.000000 0.724138
vn -1.000000 -0.000000 -0.000000
vn -0.822818 -0.000000 -0.568305
vn -0.822818 -0.000000 -0.568305
vn -0.948101 -0.000000 -0.317971
vn -0.948101 -0.000000 -0.317971
vn -1.000000 -0.000000 -0.000000
vn -1.000000 -0.000000 -0.000000
vn -1.000000 -0.000000 -0.000000
vn -0.822818 -0.000000 -0.568305
vn -0.355680 -0.000000 -0.934608
vn -0.355680 -0.000000 -0.934608
vn -0.607180 -0.000000 -0.794564
vn -0.607180 -0.000000 -0.794564
vn -0.822969 -0.000000 -0.568087
vn -0.822969 -0.000000 -0.568087
vn -0.822969 -0.000000 -0.568087
vn -0.355680 -0.000000 -0.934608
vn -0.000000 -0.000000 -1.000000
vn -0.000000 -0.000000 -1.000000
vn -0.357200 -0.000000 -0.934028
vn -0.357200 -0.000000 -0.934028
vn -0.357200 -0.000000 -0.934028
vn -0.000000 -0.000000 -1.000000
vn -0.000000 -0.000000 -1.000000
vn -0.000000 -0.000000 -1.000000
vn -0.000000 -0.000000 -1.000000
vn 1.000000 -0.000000 -0.000000
vn 1.000000 -0.000000 -0.000000
vn 1.000000 -0.000000 -0.000000
vn 1.000000 -0.000000 -0.000000
vn -0.000000 0.000000 1.000000
vn -0.000000 0.000000 1.000000
vn -0.000000 0.000000 1.000000
vn -0.000000 0.000000 1.000000
vn 0.824788 -0.000000 0.565442
vn 0.824788 -0.000000 0.565442
vn 0.543166 -0.000000 0.839625
vn 0.543166 -0.000000 0.839625
vn 0.227680 -0.000000 0.973736
vn 0.227680 -0.000000 0.973736
vn -0.000000 0.000000 1.000000
vn -0.000000 0.000000 1.000000
vn 0.824788 -0.000000 0.565442
vn 1.000000 -0.000000 -0.000000
vn 1.000000 -0.000000 -0.000000
vn 0.994531 -0.000000 0.104442
vn 0.994531 -0.000000 0.104442
vn 0.833785 -0.000000 0.552089
vn 0.833785 -0.000000 0.552089
vn 0.833785 -0.000000 0.552089
vn 1.000000 -0.000000 -0.000000
vn 1.000000 -0.000000 -0.000000
vn 1.000000 -0.000000 -0.000000
vn 1.000000 -0.000000 -0.000000
vn 0.752215 -0.000000 -0.658917
vn 0.752215 -0.000000 -0.658917
vn 0.978689 -0.000000 -0.205348
vn 0.978689 -0.000000 -0.205348
vn 0.997655 -0.000000 -0.068443
vn 0.997655 -0.000000 -0.068443
vn 1.000000 -0.000000 -0.000000
vn 1.000000 -0.000000 -0.000000
vn 0.752215 -0.000000 -0.658917
vn -0.000000 -0.000000 -1.000000
vn -0.000000 -0.000000 -1.000000
vn 0.333928 -0.000000 -0.942599
vn 0.333928 -0.000000 -0.942599
vn 0.749315 -0.000000 -0.662214
vn 0.749315 -0.000000 -0.662214
vn 0.749315 -0.000000 -0.662214
vn -0.000000 -0.000000 -1.000000
vn -0.000000 -0.000000 -1.000000
vn -0.000000 -0.000000 -1.000000
vn -0.000000 -0.000000 -1.000000
vn 1.000000 -0.000000 -0.000000
vn 1.000000 -0.000000 -0.000000
vn 1.000000 -0.000000 -0.000000
vn 1.000000 -0.000000 -0.000000
vn -0.000000 0.000000 1.000000
vn -0.000000 0.000000 1.000000
vn -0.000000 0.000000 1.000000
vn -0.000000 0.000000 1.000000
vn -0.236907 0.000000 0.971532
vn -0.236907 0.000000 0.971532
vn -0.000000 0.000000 1.000000
vn -0.000000 0.000000 1.000000
vn -0.758090 0.000000 0.652150
vn -0.758090 0.000000 0.652150
vn -0.469611 0.000000 0.882873
vn -0.469611 0.000000 0.882873
vn -0.235284 0.000000 0.971927
vn -0.235284 0.000000 0.971927
vn -0.758090 0.000000 0.652150
vn -1.000000 -0.000000 -0.000000
vn -1.000000 -0.000000 -0.000000
vn -0.936811 0.000000 0.349835
vn -0.936811 0.000000 0.349835
vn -0.758090 0.000000 0.652150
vn -0.758090 0.000000 0.652150
vn -0.758090 0.000000 0.652150
vn -1.000000 -0.000000 -0.000000
vn -0.793761 -0.000000 -0.608230
vn -0.793761 -0.000000 -0.608230
vn -0.946822 -0.000000 -0.321758
vn -0.946822 -0.000000 -0.321758
vn -1.000000 -0.000000 -0.000000
vn -1.000000 -0.000000 -0.000000
vn -1.000000 -0.000000 -0.000000
vn -0.793761 -0.000000 -0.608230
vn -0.306435 -0.000000 -0.951892
vn -0.306435 -0.000000 -0.951892
vn -0.537277 -0.000000 -0.843406
vn -0.537277 -0.000000 -0.843406
vn -0.792212 -0.000000 -0.610246
vn -0.792212 -0.000000 -0.610246
vn -0.306435 -0.000000 -0.951892
vn -0.792212 -0.000000 -0.610246
vn -0.265747 -0.000000 -0.964043
vn -0.265747 -0.000000 -0.964043
vn -0.000000 -0.000000 -1.000000
vn -0.000000 -0.000000 -1.000000
vn -1.000000 -0.000000 -0.000000
vn -1.000000 -0.000000 -0.000000
vn -1.000000 -0.000000 -0.000000
vn -1.000000 -0.000000 -0.000000
vn -1.000000 -0.000000 -0.000000
vn -1.000000 -0.000000 -0.000000
vn -1.000000 -0.000000 -0.000000
vn -1.000000 0.000000 0.000000
vn -1.000000 0.000000 0.000000
vn -1.000000 0.000000 0.000000
vn -1.000000 0.000000 0.000000
vn -0.167391 -0.000000 -0.985891
vn -0.167391 -0.000000 -0.985891
vn -0.090621 -0.000000 -0.995885
vn -0.090621 -0.000000 -0.995885
vn -0.046080 -0.000000 -0.998938
vn -0.046080 -0.000000 -0.998938
vn -0.167391 -0.000000 -0.985891
vn -0.046080 -0.000000 -0.998938
vn -1.000000 -0.000000 -0.000000
vn -1.000000 -0.000000 -0.000000
vn -1.000000 -0.000000 -0.000000
vn -1.000000 -0.000000 -0.000000
vn -1.000000 -0.000000 -0.000000
vn -1.000000 -0.000000 -0.000000
vn -1.000000 -0.000000 -0.000000
vn -1.000000 -0.000000 -0.000000
vn -1.000000 0.000000 0.000000
vn -1.000000 0.000000 0.000000
vn -1.000000 0.000000 0.000000
vn -1.000000 0.000000 0.000000
vn -1.000000 -0.000000 -0.000000
vn -1.000000 -0.000000 -0.000000
vn -1.000000 0.000000 0.000000
vn -0.000000 -1.000000 0.000000
vn -0.000000 -1.000000 0.000000
vn -0.000000 -1.000000 0.000000
vn -0.000000 -1.000000 0.000000
vn -0.000000 -1.000000 0.000000
vn -0.000000 -1.000000 0.000000
vn -0.000000 -1.000000 0.000000
vn -0.000000 -1.000000 0.000000
vn -0.000000 -1.000000 0.000000
vn -0.000000 -1.000000 0.000000
vn -0.000000 -1.000000 0.000000
vn -0.000000 -1.000000 0.000000
vn -0.000000 -1.000000 0.000000
vn -0.000000 -1.000000 0.000000
vn -0.000000 -1.000000 0.000000
vn -0.000000 -1.000000 0.000000
vn -0.000000 -1.000000 0.000000
vn -0.000000 -1.000000 0.000000
vn -0.000000 -1.000000 0.000000
vn -0.000000 -1.000000 0.000000
vn -0.000000 -1.000000 0.000000
vn -0.000000 -1.000000 0.000000
vn -0.000000 -1.000000 0.000000
vn -0.000000 -1.000000 0.000000
vn -0.000000 -1.000000 0.000000
vn -0.000000 -1.000000 0.000000
vn -0.000000 -1.000000 0.000000
vn -0.000000 -1.000000 0.000000
vn -0.000000 -1.000000 0.000000
vn -0.000000 -1.000000 0.000000
vn -0.000000 -1.000000 0.000000
vn -0.000000 -1.000000 0.000000
vn -0.000000 -1.000000 0.000000
vn -0.000000 -1.000000 0.000000
vn -0.000000 -1.000000 0.000000
vn -0.000000 -1.000000 0.000000
vn -0.000000 -1.000000 0.000000
vn -0.000000 -1.000000 0.000000
vn -0.000000 -1.000000 0.000000
vn -0.000000 -1.000000 0.000000
vn -0.000000 -1.000000 0.000000
vn -0.000000 -1.000000 0.000000
vn -0.000000 -1.000000 0.000000
vn -0.000000 -1.000000 0.000000
vn -0.000000 -1.000000 0.000000
vn -0.000000 -1.000000 0.000000
vn -0.000000 -1.000000 0.000000
vn -0.000000 -1.000000 0.000000
vn -0.000000 -1.000000 0.000000
vn -0.000000 -1.000000 0.000000
vn -0.000000 -1.000000 0.000000
vn -0.000000 -1.000000 0.000000
vn -0.000000 -1.000000 0.000000
vn -0.000000 -1.000000 0.000000
vn -0.000000 -1.000000 0.000000
vn -0.000000 -1.000000 0.000000
vn -0.000000 -1.000000 0.000000
vn -0.000000 -1.000000 0.000000
vn -0.000000 -1.000000 0.000000
vn -0.000000 -1.000000 0.000000
vn -0.000000 -1.000000 0.000000
vn -0.000000 -1.000000 0.000000
vn -0.000000 -1.000000 0.000000
vn -0.000000 -0.000000 -1.000000
vn -0.000000 -0.000000 -1.000000
vn 0.250806 -0.000000 -0.968037
vn 0.250806 -0.000000 -0.968037
vn 0.653080 -0.000000 -0.757289
vn 0.653080 -0.000000 -0.757289
vn 0.653080 -0.000000 -0.757289
vn 0.655351 -0.000000 -0.755325
vn 0.655351 -0.000000 -0.755325
vn 0.857862 -0.000000 -0.513880
vn 0.857862 -0.000000 -0.513880
vn 0.987525 -0.000000 -0.157462
vn 0.987525 -0.000000 -0.157462
vn 0.982498 -0.000000 0.186276
vn 0.982498 -0.000000 0.186276
vn 0.859364 -0.000000 0.511365
vn 0.859364 -0.000000 0.511365
vn 0.655351 -0.000000 -0.755325
vn 0.859364 -0.000000 0.511365
vn 0.857957 -0.000000 0.513721
vn 0.857957 -0.000000 0.513721
vn 0.649489 -0.000000 0.760371
vn 0.649489 -0.000000 0.760371
vn 0.392048 -0.000000 0.919945
vn 0.392048 -0.000000 0.919945
vn 0.857957 -0.000000 0.513721
vn 0.392048 -0.000000 0.919945
vn 0.392434 -0.000000 0.919780
vn 0.392434 -0.000000 0.919780
vn -0.000000 0.000000 1.000000
vn -0.000000 0.000000 1.000000
vn 0.392434 -0.000000 0.919780
vn -0.000000 0.000000 1.000000
vn -0.000000 0.000000 1.000000
vn -0.000000 0.000000 1.000000
vn -0.075243 0.000000 0.997165
vn -0.075243 0.000000 0.997165
vn -0.000000 0.000000 1.000000
vn -0.075243 0.000000 0.997165
vn -0.075286 0.000000 0.997162
vn -0.075286 0.000000 0.997162
vn -0.191283 0.000000 0.981535
vn -0.191283 0.000000 0.981535
vn -0.191283 0.000000 0.981535
vn -0.075286 0.000000 0.997162
vn -0.046939 -0.000000 -0.998898
vn -0.046939 -0.000000 -0.998898
vn -0.000000 -0.000000 -1.000000
vn -0.000000 -0.000000 -1.000000
vn -0.046939 -0.000000 -0.998898
vn -0.000000 -0.000000 -1.000000
vn -0.000000 -0.000000 -1.000000
vn -0.000000 -0.000000 -1.000000
vn 0.398273 -0.000000 -0.917267
vn 0.398273 -0.000000 -0.917267
vn -0.000000 -0.000000 -1.000000
vn 0.398273 -0.000000 -0.917267
vn 0.397984 -0.000000 -0.917392
vn 0.397984 -0.000000 -0.917392
vn 0.621932 -0.000000 -0.783071
vn 0.621932 -0.000000 -0.783071
vn 0.856893 -0.000000 -0.515495
vn 0.856893 -0.000000 -0.515495
vn 0.397984 -0.000000 -0.917392
vn 0.856893 -0.000000 -0.515495
vn 0.852650 -0.000000 -0.522482
vn 0.852650 -0.000000 -0.522482
vn 0.958839 -0.000000 -0.283952
vn 0.958839 -0.000000 -0.283952
vn 1.000000 -0.000000 -0.000000
vn 1.000000 -0.000000 -0.000000
vn 0.852650 -0.000000 -0.522482
vn 1.000000 -0.000000 -0.000000
vn 1.000000 -0.000000 -0.000000
vn 1.000000 -0.000000 -0.000000
vn 0.904047 -0.000000 0.427434
vn 0.904047 -0.000000 0.427434
vn 0.649789 -0.000000 0.760114
vn 0.649789 -0.000000 0.760114
vn 1.000000 -0.000000 -0.000000
vn 0.649789 -0.000000 0.760114
vn 0.649932 -0.000000 0.759992
vn 0.649932 -0.000000 0.759992
vn 0.250704 -0.000000 0.968064
vn 0.250704 -0.000000 0.968064
vn -0.000000 0.000000 1.000000
vn -0.000000 0.000000 1.000000
vn 0.649932 -0.000000 0.759992
vn -0.000000 0.000000 1.000000
vn -0.000000 0.000000 1.000000
vn -0.000000 0.000000 1.000000
vn -0.117065 0.000000 0.993124
vn -0.117065 0.000000 0.993124
vn -0.227345 0.000000 0.973814
vn -0.227345 0.000000 0.973814
vn -0.227345 0.000000 0.973814
vn -0.000000 0.000000 1.000000
vn 0.000000 -1.000000 -0.000000
vn -0.000000 -1.000000 0.000000
vn -0.000000 -1.000000 0.000000
vn -0.000000 -1.000000 0.000000
vn -0.000000 -1.000000 0.000000
vn -0.000000 -1.000000 0.000000
vn -0.000000 -1.000000 0.000000
vn -0.000000 -1.000000 0.000000
vn -0.000000 -1.000000 0.000000
vn -0.000000 -1.000000 0.000000
vn -0.000000 -1.000000 0.000000
vn -0.000000 -1.000000 0.000000
vn -0.000000 -1.000000 0.000000
vn -0.000000 -1.000000 0.000000
vn -0.000000 -1.000000 0.000000
vn -0.000000 -1.000000 0.000000
vn -0.000000 -1.000000 0.000000
vn -0.000000 -1.000000 0.000000
vn -0.000000 -1.000000 0.000000
vn -0.000000 -1.000000 0.000000
vn -0.000000 -1.000000 0.000000
vn -0.000000 -1.000000 0.000000
vn -0.000000 -1.000000 0.000000
vn -0.000000 -1.000000 0.000000
vn -0.000000 -1.000000 0.000000
vn -0.000000 -1.000000 0.000000
vn -0.000000 -1.000000 0.000000
vn -0.000000 -1.000000 0.000000
vn -0.000000 -1.000000 0.000000
vn -0.000000 -1.000000 0.000000
vn -0.000000 -1.000000 0.000000
vn -0.000000 -1.000000 0.000000
vn -0.000000 -1.000000 0.000000
vn -0.000000 -1.000000 0.000000
vn -0.000000 -1.000000 0.000000
vn -0.000000 -1.000000 0.000000
vn -0.000000 -1.000000 0.000000
vn -0.000000 -1.000000 0.000000
vn -0.000000 -1.000000 0.000000
vn -0.000000 -1.000000 0.000000
vn -0.000000 -1.000000 0.000000
vn -0.000000 -1.000000 0.000000
vn -0.000000 -1.000000 0.000000
vn -0.000000 -1.000000 0.000000
vn -0.000000 -1.000000 0.000000
vn -0.000000 -1.000000 0.000000
vn -0.000000 -1.000000 0.000000
vn -0.000000 -1.000000 0.000000
vn -0.000000 -1.000000 0.000000
vn -0.000000 -1.000000 0.000000
vn -0.000000 -1.000000 0.000000
vn -0.000000 -1.000000 0.000000
vn -0.000000 -1.000000 0.000000
vn -0.000000 -1.000000 0.000000
vn -0.000000 -1.000000 0.000000
vn -0.000000 -1.000000 0.000000
vn -0.000000 -1.000000 0.000000
vn -0.000000 -1.000000 0.000000
vn -0.000000 -1.000000 0.000000
vn -0.000000 -1.000000 0.000000
vn -0.000000 -1.000000 0.000000
vn -0.000000 1.000000 0.000000
vn 0.000000 1.000000 -0.000000
vn 0.000000 1.000000 -0.000000
vn 0.000000 1.000000 -0.000000
vn 0.000000 1.000000 -0.000000
vn 0.000000 1.000000 -0.000000
vn 0.000000 1.000000 -0.000000
vn 0.000000 1.000000 -0.000000
vn 0.000000 1.000000 -0.000000
vn 0.000000 1.000000 -0.000000
vn 0.000000 1.000000 -0.000000
vn 0.000000 1.000000 -0.000000
vn 0.000000 1.000000 -0.000000
vn 0.000000 1.000000 -0.000000
vn 0.000000 1.000000 -0.000000
vn 0.000000 1.000000 -0.000000
vn 0.000000 1.000000 -0.000000
vn 0.000000 1.000000 -0.000000
vn 0.000000 1.000000 -0.000000
vn 0.000000 1.000000 -0.000000
vn 0.000000 1.000000 -0.000000
vn 0.000000 1.000000 -0.000000
vn 0.000000 1.000000 -0.000000
vn 0.000000 1.000000 -0.000000
vn 0.000000 1.000000 -0.000000
vn 0.000000 1.000000 -0.000000
vn 0.000000 1.000000 -0.000000
vn 0.000000 1.000000 -0.000000
vn 0.000000 1.000000 -0.000000
vn 0.000000 1.000000 -0.000000
vn 0.000000 1.000000 -0.000000
vn 0.000000 1.000000 -0.000000
vn 0.000000 1.000000 -0.000000
vn 0.000000 1.000000 -0.000000
vn 0.000000 1.000000 -0.000000
vn 0.000000 1.000000 -0.000000
vn 0.000000 1.000000 -0.000000
vn 0.000000 1.000000 -0.000000
vn 0.000000 1.000000 -0.000000
vn 0.000000 1.000000 -0.000000
vn 0.000000 1.000000 -0.000000
vn 0.000000 1.000000 -0.000000
vn 0.000000 1.000000 -0.000000
vn 0.000000 1.000000 -0.000000
vn 0.000000 1.000000 -0.000000
vn 0.000000 1.000000 -0.000000
vn 0.000000 1.000000 -0.000000
vn 0.000000 1.000000 -0.000000
vn 0.000000 1.000000 -0.000000
vn 0.000000 1.000000 -0.000000
vn 0.000000 1.000000 -0.000000
vn 0.000000 1.000000 -0.000000
vn 0.000000 1.000000 -0.000000
vn 0.000000 1.000000 -0.000000
vn 0.000000 1.000000 -0.000000
vn 0.000000 1.000000 -0.000000
vn 0.000000 1.000000 -0.000000
vn 0.000000 1.000000 -0.000000
vn 0.000000 1.000000 -0.000000
vn 0.000000 1.000000 -0.000000
vn 0.000000 1.000000 -0.000000
vn 0.000000 1.000000 -0.000000
vn 0.000000 1.000000 -0.000000
vn -0.688098 0.000000 0.725617
vn -0.688098 0.000000 0.725617
vn -0.390430 0.000000 0.920632
vn -0.390430 0.000000 0.920632
vn -0.209856 0.000000 0.977732
vn -0.209856 0.000000 0.977732
vn -0.209856 0.000000 0.977732
vn -0.688098 0.000000 0.725617
vn -1.000000 -0.000000 -0.000000
vn -1.000000 -0.000000 -0.000000
vn -0.919517 0.000000 0.393050
vn -0.919517 0.000000 0.393050
vn -0.689655 0.000000 0.724138
vn -0.689655 0.000000 0.724138
vn -0.689655 0.000000 0.724138
vn -1.000000 -0.000000 -0.000000
vn -0.822818 -0.000000 -0.568305
vn -0.822818 -0.000000 -0.568305
vn -0.948101 -0.000000 -0.317971
vn -0.948101 -0.000000 -0.317971
vn -1.000000 -0.000000 -0.000000
vn -1.000000 -0.000000 -0.000000
vn -1.000000 -0.000000 -0.000000
vn -0.822818 -0.000000 -0.568305
vn -0.355680 -0.000000 -0.934608
vn -0.355680 -0.000000 -0.934608
vn -0.607180 -0.000000 -0.794564
vn -0.607180 -0.000000 -0.794564
vn -0.822969 -0.000000 -0.568087
vn -0.822969 -0.000000 -0.568087
vn -0.822969 -0.000000 -0.568087
vn -0.355680 -0.000000 -0.934608
vn -0.000000 -0.000000 -1.000000
vn -0.000000 -0.000000 -1.000000
vn -0.357200 -0.000000 -0.934028
vn -0.357200 -0.000000 -0.934028
vn -0.357200 -0.000000 -0.934028
vn -0.000000 -0.000000 -1.000000
vn -0.000000 -0.000000 -1.000000
vn -0.000000 -0.000000 -1.000000
vn -0.000000 -0.000000 -1.000000
vn 1.000000 -0.000000 -0.000000
vn 1.000000 -0.000000 -0.000000
vn 1.000000 -0.000000 -0.000000
vn 1.000000 -0.000000 -0.000000
vn -0.000000 0.000000 1.000000
vn -0.000000 0.000000 1.000000
vn -0.000000 0.000000 1.000000
vn -0.000000 0.000000 1.000000
vn 0.824788 -0.000000 0.565442
vn 0.824788 -0.000000 0.565442
vn 0.543166 -0.000000 0.839625
vn 0.543166 -0.000000 0.839625
vn 0.227680 -0.000000 0.973736
vn 0.227680 -0.000000 0.973736
vn -0.000000 0.000000 1.000000
vn -0.000000 0.000000 1.000000
vn 0.824788 -0.000000 0.565442
vn 1.000000 -0.000000 -0.000000
vn 1.000000 -0.000000 -0.000000
vn 0.994531 -0.000000 0.104442
vn 0.994531 -0.000000 0.104442
vn 0.833785 -0.000000 0.552089
vn 0.833785 -0.000000 0.552089
vn 0.833785 -0.000000 0.552089
vn 1.000000 -0.000000 -0.000000
vn 1.000000 -0.000000 -0.000000
vn 1.000000 -0.000000 -0.000000
vn 1.000000 -0.000000 -0.000000
vn 0.752215 -0.000000 -0.658917
vn 0.752215 -0.000000 -0.658917
vn 0.978689 -0.000000 -0.205348
vn 0.978689 -0.000000 -0.205348
vn 0.997655 -0.000000 -0.068443
vn 0.997655 -0.000000 -0.068443
vn 1.000000 -0.000000 -0.000000
vn 1.000000 -0.000000 -0.000000
vn 0.752215 -0.000000 -0.658917
vn -0.000000 -0.000000 -1.000000
vn -0.000000 -0.000000 -1.000000
vn 0.333928 -0.000000 -0.942599
vn 0.333928 -0.000000 -0.942599
vn 0.749315 -0.000000 -0.662214
vn 0.749315 -0.000000 -0.662214
vn 0.749315 -0.000000 -0.662214
vn -0.000000 -0.000000 -1.000000
vn -0.000000 -0.000000 -1.000000
vn -0.000000 -0.000000 -1.000000
vn -0.000000 -0.000000 -1.000000
vn 1.000000 -0.000000 -0.000000
vn 1.000000 -0.000000 -0.000000
vn 1.000000 -0.000000 -0.000000
vn 1.000000 -0.000000 -0.000000
vn -0.000000 0.000000 1.000000
vn -0.000000 0.000000 1.000000
vn -0.000000 0.000000 1.000000
vn -0.000000 0.000000 1.000000
vn -0.236907 0.000000 0.971532
vn -0.236907 0.000000 0.971532
vn -0.000000 0.000000 1.000000
vn -0.000000 0.000000 1.000000
vn -0.758090 0.000000 0.652150
vn -0.758090 0.000000 0.652150
vn -0.469611 0.000000 0.882873
vn -0.469611 0.000000 0.882873
vn -0.235284 0.000000 0.971927
vn -0.235284 0.000000 0.971927
vn -0.758090 0.000000 0.652150
vn -1.000000 -0.000000 -0.000000
vn -1.000000 -0.000000 -0.000000
vn -0.936811 0.000000 0.349835
vn -0.936811 0.000000 0.349835
vn -0.758090 0.000000 0.652150
vn -0.758090 0.000000 0.652150
vn -0.758090 0.000000 0.652150
vn -1.000000 -0.000000 -0.000000
vn -0.793761 -0.000000 -0.608230
vn -0.793761 -0.000000 -0.608230
vn -0.946822 -0.000000 -0.321758
vn -0.946822 -0.000000 -0.321758
vn -1.000000 -0.000000 -0.000000
vn -1.000000 -0.000000 -0.000000
vn -1.000000 -0.000000 -0.000000
vn -0.793761 -0.000000 -0.608230
vn -0.306435 -0.000000 -0.951892
vn -0.306435 -0.000000 -0.951892
vn -0.537277 -0.000000 -0.843406
vn -0.537277 -0.000000 -0.843406
vn -0.792212 -0.000000 -0.610246
vn -0.792212 -0.000000 -0.610246
vn -0.306435 -0.000000 -0.951892
vn -0.792212 -0.000000 -0.610246
vn -0.265747 -0.000000 -0.964043
vn -0.265747 -0.000000 -0.964043
vn -0.000000 -0.000000 -1.000000
vn -0.000000 -0.000000 -1.000000
vn -1.000000 -0.000000 -0.000000
vn -1.000000 -0.000000 -0.000000
vn -1.000000 -0.000000 -0.000000
vn -1.000000 -0.000000 -0.000000
vn -1.000000 -0.000000 -0.000000
vn -1.000000 -0.000000 -0.000000
vn -1.000000 -0.000000 -0.000000
vn -1.000000 -0.000000 -0.000000
vn -1.000000 -0.000000 -0.000000
vn -1.000000 -0.000000 -0.000000
vn -1.000000 -0.000000 -0.000000
vn -0.167391 -0.000000 -0.985891
vn -0.167391 -0.000000 -0.985891
vn -0.090621 -0.000000 -0.995885
vn -0.090621 -0.000000 -0.995885
vn -0.046080 -0.000000 -0.998938
vn -0.046080 -0.000000 -0.998938
vn -0.167391 -0.000000 -0.985891
vn -0.046080 -0.000000 -0.998938
vn -1.000000 -0.000000 -0.000000
vn -1.000000 -0.000000 -0.000000
vn -1.000000 -0.000000 -0.000000
vn -1.000000 -0.000000 -0.000000
vn -1.000000 -0.000000 -0.000000
vn -1.000000 -0.000000 -0.000000
vn -1.000000 -0.000000 -0.000000
vn -1.000000 -0.000000 -0.000000
vn -1.000000 -0.000000 -0.000000
vn -1.000000 -0.000000 -0.000000
vn -1.000000 -0.000000 -0.000000
vn -1.000000 -0.000000 -0.000000
vn -1.000000 -0.000000 -0.000000
vn -1.000000 -0.000000 -0.000000
vn -1.000000 -0.000000 -0.000000
vn -0.000000 -1.000000 0.000000
vn -0.000000 -1.000000 0.000000
vn -0.000000 -1.000000 0.000000
vn -0.000000 -1.000000 0.000000
vn -0.000000 -1.000000 0.000000
vn -0.000000 -1.000000 0.000000
vn -0.000000 -1.000000 0.000000
vn -0.000000 -1.000000 0.000000
vn -0.000000 -1.000000 0.000000
vn -0.000000 -1.000000 0.000000
vn -0.000000 -1.000000 0.000000
vn -0.000000 -1.000000 0.000000
vn -0.000000 -1.000000 0.000000
vn -0.000000 -1.000000 0.000000
vn -0.000000 -1.000000 0.000000
vn -0.000000 -1.000000 0.000000
vn -0.000000 -1.000000 0.000000
vn -0.000000 -1.000000 0.000000
vn -0.000000 -1.000000 0.000000
vn -0.000000 -1.000000 0.000000
vn -0.000000 -1.000000 0.000000
vn -0.000000 -1.000000 0.000000
vn -0.000000 -1.000000 0.000000
vn -0.000000 -1.000000 0.000000
vn -0.000000 -1.000000 0.000000
vn -0.000000 -1.000000 0.000000
vn -0.000000 -1.000000 0.000000
vn -0.000000 -1.000000 0.000000
vn -0.000000 -1.000000 0.000000
vn -0.000000 -1.000000 0.000000
vn -0.000000 -1.000000 0.000000
vn -0.000000 -1.000000 0.000000
vn -0.000000 -1.000000 0.000000
vn -0.000000 -1.000000 0.000000
vn -0.000000 -1.000000 0.000000
vn -0.000000 -1.000000 0.000000
vn -0.000000 -1.000000 0.000000
vn -0.000000 -1.000000 0.000000
vn -0.000000 -1.000000 0.000000
vn -0.000000 -1.000000 0.000000
vn -0.000000 -1.000000 0.000000
vn -0.000000 -1.000000 0.000000
vn -0.000000 -1.000000 0.000000
vn -0.000000 -1.000000 0.000000
vn -0.000000 -1.000000 0.000000
vn -0.000000 -1.000000 0.000000
vn -0.000000 -1.000000 0.000000
vn -0.000000 -1.000000 0.000000
vn -0.000000 -1.000000 0.000000
vn -0.000000 -1.000000 0.000000
vn -0.000000 -1.000000 0.000000
vn -0.000000 -1.000000 0.000000
vn -0.000000 -1.000000 0.000000
vn -0.000000 -1.000000 0.000000
vn -0.000000 -1.000000 0.000000
vn -0.000000 -1.000000 0.000000
vn -0.000000 -1.000000 0.000000
vn -0.000000 -1.000000 0.000000
vn -0.000000 -1.000000 0.000000
vn -0.000000 -1.000000 0.000000
vn -0.000000 -1.000000 0.000000
vn -0.000000 -1.000000 0.000000
vn -0.000000 -1.000000 0.000000
vn -0.000000 -0.000000 -1.000000
vn -0.000000 -0.000000 -1.000000
vn 0.250806 -0.000000 -0.968037
vn 0.250806 -0.000000 -0.968037
vn 0.653080 -0.000000 -0.757289
vn 0.653080 -0.000000 -0.757289
vn 0.653080 -0.000000 -0.757289
vn 0.655351 -0.000000 -0.755325
vn 0.655351 -0.000000 -0.755325
vn 0.857862 -0.000000 -0.513880
vn 0.857862 -0.000000 -0.513880
vn 0.987525 -0.000000 -0.157462
vn 0.987525 -0.000000 -0.157462
vn 0.982498 -0.000000 0.186276
vn 0.982498 -0.000000 0.186276
vn 0.859364 -0.000000 0.511365
vn 0.859364 -0.000000 0.511365
vn 0.655351 -0.000000 -0.755325
vn 0.859364 -0.000000 0.511365
vn 0.857957 -0.000000 0.513721
vn 0.857957 -0.000000 0.513721
vn 0.649489 -0.000000 0.760371
vn 0.649489 -0.000000 0.760371
vn 0.392048 -0.000000 0.919945
vn 0.392048 -0.000000 0.919945
vn 0.857957 -0.000000 0.513721
vn 0.392048 -0.000000 0.919945
vn 0.392434 -0.000000 0.919780
vn 0.392434 -0.000000 0.919780
vn -0.000000 0.000000 1.000000
vn -0.000000 0.000000 1.000000
vn 0.392434 -0.000000 0.919780
vn -0.000000 0.000000 1.000000
vn -0.000000 0.000000 1.000000
vn -0.000000 0.000000 1.000000
vn -0.075243 0.000000 0.997165
vn -0.075243 0.000000 0.997165
vn -0.000000 0.000000 1.000000
vn -0.075243 0.000000 0.997165
vn -0.075286 0.000000 0.997162
vn -0.075286 0.000000 0.997162
vn -0.191283 0.000000 0.981535
vn -0.191283 0.000000 0.981535
vn -0.191283 0.000000 0.981535
vn -0.075286 0.000000 0.997162
vn -0.046939 -0.000000 -0.998898
vn -0.046939 -0.000000 -0.998898
vn -0.000000 -0.000000 -1.000000
vn -0.000000 -0.000000 -1.000000
vn -0.046939 -0.000000 -0.998898
vn -0.000000 -0.000000 -1.000000
vn -0.000000 -0.000000 -1.000000
vn -0.000000 -0.000000 -1.000000
vn 0.398273 -0.000000 -0.917267
vn 0.398273 -0.000000 -0.917267
vn -0.000000 -0.000000 -1.000000
vn 0.398273 -0.000000 -0.917267
vn 0.397984 -0.000000 -0.917392
vn 0.397984 -0.000000 -0.917392
vn 0.621932 -0.000000 -0.783071
vn 0.621932 -0.000000 -0.783071
vn 0.856893 -0.000000 -0.515495
vn 0.856893 -0.000000 -0.515495
vn 0.397984 -0.000000 -0.917392
vn 0.856893 -0.000000 -0.515495
vn 0.852650 -0.000000 -0.522482
vn 0.852650 -0.000000 -0.522482
vn 0.958839 -0.000000 -0.283952
vn 0.958839 -0.000000 -0.283952
vn 1.000000 -0.000000 -0.000000
vn 1.000000 -0.000000 -0.000000
vn 0.852650 -0.000000 -0.522482
vn 1.000000 -0.000000 -0.000000
vn 1.000000 -0.000000 -0.000000
vn 1.000000 -0.000000 -0.000000
vn 0.904047 -0.000000 0.427434
vn 0.904047 -0.000000 0.427434
vn 0.649789 -0.000000 0.760114
vn 0.649789 -0.000000 0.760114
vn 1.000000 -0.000000 -0.000000
vn 0.649789 -0.000000 0.760114
vn 0.649932 -0.000000 0.759992
vn 0.649932 -0.000000 0.759992
vn 0.250704 -0.000000 0.968064
vn 0.250704 -0.000000 0.968064
vn -0.000000 0.000000 1.000000
vn -0.000000 0.000000 1.000000
vn 0.649932 -0.000000 0.759992
vn -0.000000 0.000000 1.000000
vn -0.000000 0.000000 1.000000
vn -0.000000 0.000000 1.000000
vn -0.117065 0.000000 0.993124
vn -0.117065 0.000000 0.993124
vn -0.227345 0.000000 0.973814
vn -0.227345 0.000000 0.973814
vn -0.227345 0.000000 0.973814
vn -0.000000 0.000000 1.000000
vn 0.000000 -1.000000 -0.000000
vn -0.000000 -1.000000 0.000000
vn -0.000000 -1.000000 0.000000
vn -0.000000 -1.000000 0.000000
vn -0.000000 -1.000000 0.000000
vn -0.000000 -1.000000 0.000000
vn -0.000000 -1.000000 0.000000
vn -0.000000 -1.000000 0.000000
vn -0.000000 -1.000000 0.000000
vn -0.000000 -1.000000 0.000000
vn -0.000000 -1.000000 0.000000
vn -0.000000 -1.000000 0.000000
vn -0.000000 -1.000000 0.000000
vn -0.000000 -1.000000 0.000000
vn -0.000000 -1.000000 0.000000
vn -0.000000 -1.000000 0.000000
vn -0.000000 -1.000000 0.000000
vn -0.000000 -1.000000 0.000000
vn -0.000000 -1.000000 0.000000
vn -0.000000 -1.000000 0.000000
vn -0.000000 -1.000000 0.000000
vn -0.000000 -1.000000 0.000000
vn -0.000000 -1.000000 0.000000
vn -0.000000 -1.000000 0.000000
vn -0.000000 -1.000000 0.000000
vn -0.000000 -1.000000 0.000000
vn -0.000000 -1.000000 0.000000
vn -0.000000 -1.000000 0.000000
vn -0.000000 -1.000000 0.000000
vn -0.000000 -1.000000 0.000000
vn -0.000000 -1.000000 0.000000
vn -0.000000 -1.000000 0.000000
vn -0.000000 -1.000000 0.000000
vn -0.000000 -1.000000 0.000000
vn -0.000000 -1.000000 0.000000
vn -0.000000 -1.000000 0.000000
vn -0.000000 -1.000000 0.000000
vn -0.000000 -1.000000 0.000000
vn -0.000000 -1.000000 0.000000
vn -0.000000 -1.000000 0.000000
vn -0.000000 -1.000000 0.000000
vn -0.000000 -1.000000 0.000000
vn -0.000000 -1.000000 0.000000
vn -0.000000 -1.000000 0.000000
vn -0.000000 -1.000000 0.000000
vn -0.000000 -1.000000 0.000000
vn -0.000000 -1.000000 0.000000
vn -0.000000 -1.000000 0.000000
vn -0.000000 -1.000000 0.000000
vn -0.000000 -1.000000 0.000000
vn -0.000000 -1.000000 0.000000
vn -0.000000 -1.000000 0.000000
vn -0.000000 -1.000000 0.000000
vn -0.000000 -1.000000 0.000000
vn -0.000000 -1.000000 0.000000
vn -0.000000 -1.000000 0.000000
vn -0.000000 -1.000000 0.000000
vn -0.000000 -1.000000 0.000000
vn -0.000000 -1.000000 0.000000
vn -0.000000 -1.000000 0.000000
vn -0.000000 -1.000000 0.000000
f 2/2/2 4/4/4 1/1/1
f 6/6/6 8/8/8 7/7/7
f 10/10/10 12/12/12 11/11/11
f 14/14/14 16/16/16 15/15/15
f 18/18/18 20/20/20 19/19/19
f 22/22/22 21/21/21 24/24/24
f 26/26/26 25/25/25 27/27/27
f 30/30/30 29/29/29 31/31/31
f 34/34/34 33/33/33 35/35/35
f 38/38/38 37/37/37 39/39/39
f 42/42/42 44/44/44 43/43/43
f 45/45/45 47/47/47 48/48/48
f 49/49/49 51/51/51 52/52/52
f 53/53/53 55/55/55 56/56/56
f 57/57/57 59/59/59 60/60/60
f 61/61/61 64/64/64 63/63/63
f 63/63/63 62/62/62 61/61/61
f 65/65/65 67/67/67 68/68/68
f 67/67/67 65/65/65 66/66/66
f 70/70/70 69/69/69 71/71/71
f 74/74/74 73/73/73 75/75/75
f 78/78/78 77/77/77 79/79/79
f 82/82/82 81/81/81 83/83/83
f 86/86/86 88/88/88 87/87/87
f 89/89/89 91/91/91 92/92/92
f 93/93/93 95/95/95 96/96/96
f 97/97/97 99/99/99 100/100/100
f 101/101/101 103/103/103 104/104/104
f 105/105/105 108/108/108 107/107/107
f 107/107/107 106/106/106 105/105/105
f 109/109/109 111/111/111 112/112/112
f 111/111/111 109/109/109 110/110/110
f 138/138/138 137/137/137 113/113/113
f 136/136/136 113/113/113 137/137/137
f 153/153/153 136/136/136 135/135/135
f 153/153/153 134/134/134 133/133/133
f 134/134/134 153/153/153 135/135/135
f 136/136/136 139/139/139 113/113/113
f 139/139/139 153/153/153 155/155/155
f 155/155/155 157/157/157 139/139/139
f 140/140/140 139/139/139 157/157/157
f 139/139/139 136/136/136 153/153/153
f 148/148/148 153/153/153 132/132/132
f 167/167/167 164/164/164 149/149/149
f 166/166/166 149/149/149 148/148/148
f 164/164/164 167/167/167 168/168/168
f 133/133/133 132/132/132 153/153/153
f 148/148/148 132/132/132 154/154/154
f 150/150/150 129/129/129 128/128/128
f 150/150/150 131/131/131 130/130/130
f 150/150/150 130/130/130 129/129/129
f 126/126/126 125/125/125 114/114/114
f 114/114/114 127/127/127 126/126/126
f 127/127/127 114/114/114 124/124/124
f 124/124/124 128/128/128 127/127/127
f 148/148/148 154/154/154 166/166/166
f 149/149/149 165/165/165 167/167/167
f 165/165/165 149/149/149 166/166/166
f 124/124/124 151/151/151 150/150/150
f 151/151/151 124/124/124 152/152/152
f 128/128/128 124/124/124 150/150/150
f 124/124/124 175/175/175 152/152/152
f 131/131/131 150/150/150 154/154/154
f 131/131/131 154/154/154 132/132/132
f 141/141/141 156/156/156 161/161/161
f 141/141/141 140/140/140 156/156/156
f 115/115/115 163/163/163 162/162/162
f 163/163/163 115/115/115 158/158/158
f 158/158/158 115/115/115 147/147/147
f 168/168/168 115/115/115 162/162/162
f 146/146/146 159/159/159 158/158/158
f 140/140/140 157/157/157 156/156/156
f 160/160/160 142/142/142 161/161/161
f 141/141/141 161/161/161 142/142/142
f 160/160/160 143/143/143 142/142/142
f 144/144/144 143/143/143 160/160/160
f 147/147/147 146/146/146 158/158/158
f 145/145/145 159/159/159 146/146/146
f 144/144/144 159/159/159 145/145/145
f 159/159/159 144/144/144 160/160/160
f 170/170/170 115/115/115 168/168/168
f 117/117/117 169/169/169 172/172/172
f 169/169/169 116/116/116 170/170/170
f 123/123/123 173/173/173 175/175/175
f 173/173/173 123/123/123 174/174/174
f 174/174/174 123/123/123 122/122/122
f 124/124/124 123/123/123 175/175/175
f 172/172/172 118/118/118 117/117/117
f 172/172/172 171/171/171 118/118/118
f 118/118/118 171/171/171 119/119/119
f 171/171/171 174/174/174 121/121/121
f 122/122/122 121/121/121 174/174/174
f 171/171/171 121/121/121 120/120/120
f 120/120/120 119/119/119 171/171/171
f 116/116/116 169/169/169 117/117/117
f 170/170/170 116/116/116 115/115/115
f 162/162/162 164/164/164 168/168/168
f 183/183/183 178/178/178 176/176/176
f 183/183/183 177/177/177 179/179/179
f 179/179/179 178/178/178 183/183/183
f 179/179/179 182/182/182 178/178/178
f 182/182/182 179/179/179 181/181/181
f 191/191/191 186/186/186 184/184/184
f 191/191/191 185/185/185 187/187/187
f 187/187/187 186/186/186 191/191/191
f 186/186/186 187/187/187 190/190/190
f 190/190/190 187/187/187 189/189/189
f 188/188/188 186/186/186 190/190/190
f 199/199/199 194/194/194 192/192/192
f 199/199/199 193/193/193 195/195/195
f 195/195/195 194/194/194 199/199/199
f 195/195/195 198/198/198 194/194/194
f 198/198/198 195/195/195 197/197/197
f 207/207/207 202/202/202 200/200/200
f 207/207/207 201/201/201 203/203/203
f 203/203/203 202/202/202 207/207/207
f 203/203/203 206/206/206 202/202/202
f 206/206/206 203/203/203 205/205/205
f 212/212/212 208/208/208 209/209/209
f 208/208/208 212/212/212 210/210/210
f 209/209/209 211/211/211 212/212/212
f 214/214/214 216/216/216 215/215/215
f 218/218/218 220/220/220 219/219/219
f 222/222/222 224/224/224 223/223/223
f 233/233/233 227/227/227 225/225/225
f 233/233/233 226/226/226 228/228/228
f 228/228/228 227/227/227 233/233/233
f 231/231/231 229/229/229 230/230/230
f 229/229/229 227/227/227 228/228/228
f 235/235/235 237/237/237 236/236/236
f 236/236/236 237/237/237 240/240/240
f 240/240/240 237/237/237 239/239/239
f 238/238/238 236/236/236 240/240/240
f 242/242/242 244/244/244 243/243/243
f 253/253/253 247/247/247 245/245/245
f 253/253/253 246/246/246 248/248/248
f 248/248/248 247/247/247 253/253/253
f 251/251/251 249/249/249 250/250/250
f 249/249/249 247/247/247 248/248/248
f 255/255/255 257/257/257 256/256/256
f 257/257/257 260/260/260 256/256/256
f 260/260/260 257/257/257 259/259/259
f 262/262/262 264/264/264 263/263/263
f 266/266/266 268/268/268 267/267/267
f 270/270/270 272/272/272 271/271/271
f 274/274/274 276/276/276 275/275/275
f 279/279/279 277/277/277 283/283/283
f 280/280/280 283/283/283 278/278/278
f 281/281/281 279/279/279 280/280/280
f 283/283/283 280/280/280 279/279/279
f 291/291/291 286/286/286 284/284/284
f 291/291/291 285/285/285 287/287/287
f 287/287/287 286/286/286 291/291/291
f 286/286/286 287/287/287 290/290/290
f 290/290/290 287/287/287 289/289/289
f 288/288/288 286/286/286 290/290/290
f 299/299/299 294/294/294 292/292/292
f 299/299/299 293/293/293 295/295/295
f 295/295/295 294/294/294 299/299/299
f 295/295/295 298/298/298 294/294/294
f 298/298/298 295/295/295 297/297/297
f 306/306/306 302/302/302 300/300/300
f 306/306/306 301/301/301 303/303/303
f 303/303/303 302/302/302 306/306/306
f 302/302/302 303/303/303 307/307/307
f 307/307/307 303/303/303 305/305/305
f 304/304/304 302/302/302 307/307/307
f 309/309/309 311/311/311 310/310/310
f 318/318/318 317/317/317 319/319/319
f 317/317/317 321/321/321 322/322/322
f 316/316/316 322/322/322 312/312/312
f 321/321/321 312/312/312 322/322/322
f 320/320/320 316/316/316 313/313/313
f 322/322/322 316/316/316 319/319/319
f 319/319/319 316/316/316 320/320/320
f 317/317/317 314/314/314 321/321/321
f 312/312/312 321/321/321 314/314/314
f 315/315/315 314/314/314 317/317/317
f 313/313/313 315/315/315 318/318/318
f 317/317/317 318/318/318 315/315/315
f 320/320/320 313/313/313 318/318/318
f 329/329/329 325/325/325 323/323/323
f 329/329/329 324/324/324 326/326/326
f 326/326/326 325/325/325 329/329/329
f 325/325/325 326/326/326 330/330/330
f 330/330/330 326/326/326 328/328/328
f 327/327/327 325/325/325 330/330/330
f 345/345/345 343/343/343 337/337/337
f 338/338/338 337/337/337 339/339/339
f 337/337/337 341/341/341 342/342/342
f 343/343/343 344/344/344 341/341/341
f 342/342/342 341/341/341 331/331/331
f 333/333/333 331/331/331 341/341/341
f 335/335/335 342/342/342 331/331/331
f 340/340/340 335/335/335 332/332/332
f 335/335/335 340/340/340 339/339/339
f 339/339/339 342/342/342 335/335/335
f 338/338/338 340/340/340 332/332/332
f 336/336/336 344/344/344 343/343/343
f 341/341/341 344/344/344 333/333/333
f 333/333/333 344/344/344 336/336/336
f 334/334/334 345/345/345 338/338/338
f 345/345/345 334/334/334 336/336/336
f 345/345/345 336/336/336 343/343/343
f 332/332/332 334/334/334 338/338/338
f 371/371/371 346/346/346 370/370/370
f 369/369/369 370/370/370 346/346/346
f 383/383/383 368/368/368 369/369/369
f 383/383/383 366/366/366 367/367/367
f 367/367/367 368/368/368 383/383/383
f 369/369/369 346/346/346 372/372/372
f 372/372/372 388/388/388 383/383/383
f 388/388/388 372/372/372 390/390/390
f 373/373/373 390/390/390 372/372/372
f 372/372/372 383/383/383 369/369/369
f 381/381/381 365/365/365 383/383/383
f 400/400/400 382/382/382 397/397/397
f 399/399/399 381/381/381 382/382/382
f 397/397/397 401/401/401 400/400/400
f 366/366/366 383/383/383 365/365/365
f 381/381/381 387/387/387 365/365/365
f 384/384/384 361/361/361 362/362/362
f 384/384/384 363/363/363 364/364/364
f 384/384/384 362/362/362 363/363/363
f 359/359/359 347/347/347 358/358/358
f 347/347/347 359/359/359 360/360/360
f 360/360/360 357/357/357 347/347/347
f 357/357/357 360/360/360 361/361/361
f 381/381/381 399/399/399 387/387/387
f 382/382/382 400/400/400 398/398/398
f 398/398/398 399/399/399 382/382/382
f 357/357/357 384/384/384 385/385/385
f 385/385/385 386/386/386 357/357/357
f 361/361/361 384/384/384 357/357/357
f 357/357/357 386/386/386 408/408/408
f 364/364/364 387/387/387 384/384/384
f 364/364/364 365/365/365 387/387/387
f 374/374/374 394/394/394 389/389/389
f 374/374/374 389/389/389 373/373/373
f 348/348/348 395/395/395 396/396/396
f 396/396/396 391/391/391 348/348/348
f 391/391/391 380/380/380 348/348/348
f 401/401/401 395/395/395 348/348/348
f 379/379/379 391/391/391 392/392/392
f 373/373/373 389/389/389 390/390/390
f 393/393/393 394/394/394 375/375/375
f 374/374/374 375/375/375 394/394/394
f 393/393/393 375/375/375 376/376/376
f 377/377/377 393/393/393 376/376/376
f 380/380/380 391/391/391 379/379/379
f 378/378/378 379/379/379 392/392/392
f 377/377/377 378/378/378 392/392/392
f 392/392/392 393/393/393 377/377/377
f 403/403/403 401/401/401 348/348/348
f 350/350/350 405/405/405 402/402/402
f 402/402/402 403/403/403 349/349/349
f 356/356/356 408/408/408 406/406/406
f 406/406/406 407/407/407 356/356/356
f 407/407/407 355/355/355 356/356/356
f 357/357/357 408/408/408 356/356/356
f 405/405/405 350/350/350 351/351/351
f 405/405/405 351/351/351 404/404/404
f 351/351/351 352/352/352 404/404/404
f 404/404/404 354/354/354 407/407/407
f 355/355/355 407/407/407 354/354/354
f 404/404/404 353/353/353 354/354/354
f 353/353/353 404/404/404 352/352/352
f 349/349/349 350/350/350 402/402/402
f 403/403/403 348/348/348 349/349/349
f 395/395/395 401/401/401 397/397/397
f 410/410/410 412/412/412 411/411/411
f 411/411/411 412/412/412 415/415/415
f 415/415/415 412/412/412 414/414/414
f 413/413/413 411/411/411 415/415/415
f 426/426/426 418/418/418 416/416/416
f 419/419/419 421/421/421 420/420/420
f 417/417/417 419/419/419 426/426/426
f 418/418/418 426/426/426 419/419/419
f 427/427/427 424/424/424 422/422/422
f 423/423/423 427/427/427 422/422/422
f 422/422/422 420/420/420 421/421/421
f 427/427/427 423/423/423 425/425/425
f 434/434/434 430/430/430 428/428/428
f 434/434/434 429/429/429 431/431/431
f 431/431/431 430/430/430 434/434/434
f 430/430/430 431/431/431 435/435/435
f 435/435/435 431/431/431 433/433/433
f 432/432/432 430/430/430 435/435/435
f 440/440/440 441/441/441 438/438/438
f 437/437/437 439/439/439 441/441/441
f 446/446/446 447/447/447 444/444/444
f 443/443/443 445/445/445 447/447/447
f 453/453/453 452/452/452 450/450/450
f 449/449/449 451/451/451 452/452/452
f 458/458/458 459/459/459 456/456/456
f 455/455/455 457/457/457 459/459/459
f 464/464/464 465/465/465 462/462/462
f 461/461/461 463/463/463 465/465/465
f 472/472/472 468/468/468 466/466/466
f 472/472/472 467/467/467 469/469/469
f 469/469/469 468/468/468 472/472/472
f 468/468/468 469/469/469 473/473/473
f 473/473/473 469/469/469 471/471/471
f 470/470/470 468/468/468 473/473/473
f 480/480/480 476/476/476 474/474/474
f 480/480/480 475/475/475 477/477/477
f 477/477/477 476/476/476 480/480/480
f 476/476/476 477/477/477 481/481/481
f 481/481/481 477/477/477 479/479/479
f 478/478/478 476/476/476 481/481/481
f 488/488/488 484/484/484 482/482/482
f 488/488/488 483/483/483 485/485/485
f 485/485/485 484/484/484 488/488/488
f 485/485/485 489/489/489 484/484/484
f 489/489/489 485/485/485 487/487/487
f 496/496/496 492/492/492 490/490/490
f 496/496/496 491/491/491 493/493/493
f 493/493/493 492/492/492 496/496/496
f 492/492/492 493/493/493 497/497/497
f 497/497/497 493/493/493 495/495/495
f 494/494/494 492/492/492 497/497/497
f 505/505/505 500/500/500 498/498/498
f 505/505/505 499/499/499 501/501/501
f 501/501/501 500/500/500 505/505/505
f 500/500/500 501/501/501 504/504/504
f 504/504/504 501/501/501 503/503/503
f 502/502/502 500/500/500 504/504/504
f 531/531/531 506/506/506 530/530/530
f 529/529/529 530/530/530 506/506/506
f 553/553/553 528/528/528 529/529/529
f 553/553/553 526/526/526 527/527/527
f 527/527/527 528/528/528 553/553/553
f 529/529/529 506/506/506 532/532/532
f 532/532/532 552/552/552 553/553/553
f 552/552/552 532/532/532 551/551/551
f 533/533/533 551/551/551 532/532/532
f 532/532/532 553/553/553 529/529/529
f 541/541/541 525/525/525 553/553/553
f 564/564/564 542/542/542 543/543/543
f 565/565/565 541/541/541 542/542/542
f 563/563/563 564/564/564 543/543/543
f 526/526/526 553/553/553 525/525/525
f 541/541/541 566/566/566 525/525/525
f 554/554/554 522/522/522 523/523/523
f 554/554/554 521/521/521 522/522/522
f 519/519/519 507/507/507 518/518/518
f 507/507/507 519/519/519 520/520/520
f 517/517/517 507/507/507 520/520/520
f 520/520/520 521/521/521 554/554/554
f 566/566/566 554/554/554 524/524/524
f 542/542/542 564/564/564 565/565/565
f 565/565/565 566/566/566 541/541/541
f 517/517/517 554/554/554 555/555/555
f 516/516/516 517/517/517 556/556/556
f 555/555/555 556/556/556 517/517/517
f 520/520/520 554/554/554 517/517/517
f 523/523/523 524/524/524 554/554/554
f 524/524/524 525/525/525 566/566/566
f 549/549/549 550/550/550 534/534/534
f 533/533/533 534/534/534 550/550/550
f 545/545/545 508/508/508 544/544/544
f 539/539/539 546/546/546 547/547/547
f 546/546/546 508/508/508 545/545/545
f 533/533/533 550/550/550 551/551/551
f 549/549/549 535/535/535 536/536/536
f 534/534/534 535/535/535 549/549/549
f 549/549/549 536/536/536 548/548/548
f 537/537/537 548/548/548 536/536/536
f 540/540/540 546/546/546 539/539/539
f 538/538/538 539/539/539 547/547/547
f 548/548/548 537/537/537 538/538/538
f 538/538/538 547/547/547 548/548/548
f 546/546/546 540/540/540 508/508/508
f 508/508/508 562/562/562 563/563/563
f 561/561/561 562/562/562 509/509/509
f 510/510/510 560/560/560 561/561/561
f 508/508/508 563/563/563 544/544/544
f 516/516/516 557/557/557 558/558/558
f 516/516/516 558/558/558 515/515/515
f 556/556/556 557/557/557 516/516/516
f 508/508/508 509/509/509 562/562/562
f 560/560/560 510/510/510 511/511/511
f 560/560/560 511/511/511 559/559/559
f 511/511/511 512/512/512 559/559/559
f 559/559/559 514/514/514 558/558/558
f 515/515/515 558/558/558 514/514/514
f 559/559/559 513/513/513 514/514/514
f 513/513/513 559/559/559 512/512/512
f 509/509/509 510/510/510 561/561/561
f 543/543/543 544/544/544 563/563/563
f 592/592/592 591/591/591 567/567/567
f 590/590/590 567/567/567 591/591/591
f 607/607/607 590/590/590 589/589/589
f 607/607/607 588/588/588 587/587/587
f 588/588/588 607/607/607 589/589/589
f 590/590/590 593/593/593 567/567/567
f 593/593/593 607/607/607 609/609/609
f 609/609/609 611/611/611 593/593/593
f 594/594/594 593/593/593 611/611/611
f 593/593/593 590/590/590 607/607/607
f 602/602/602 607/607/607 586/586/586
f 621/621/621 618/618/618 603/603/603
f 620/620/620 603/603/603 602/602/602
f 618/618/618 621/621/621 622/622/622
f 587/587/587 586/586/586 607/607/607
f 602/602/602 586/586/586 608/608/608
f 604/604/604 583/583/583 582/582/582
f 604/604/604 585/585/585 584/584/584
f 604/604/604 584/584/584 583/583/583
f 580/580/580 579/579/579 568/568/568
f 568/568/568 581/581/581 580/580/580
f 581/581/581 568/568/568 578/578/578
f 578/578/578 582/582/582 581/581/581
f 602/602/602 608/608/608 620/620/620
f 603/603/603 619/619/619 621/621/621
f 619/619/619 603/603/603 620/620/620
f 578/578/578 605/605/605 604/604/604
f 605/605/605 578/578/578 606/606/606
f 582/582/582 578/578/578 604/604/604
f 578/578/578 629/629/629 606/606/606
f 585/585/585 604/604/604 608/608/608
f 585/585/585 608/608/608 586/586/586
f 595/595/595 610/610/610 615/615/615
f 595/595/595 594/594/594 610/610/610
f 569/569/569 617/617/617 616/616/616
f 617/617/617 569/569/569 612/612/612
f 612/612/612 569/569/569 601/601/601
f 622/622/622 569/569/569 616/616/616
f 600/600/600 613/613/613 612/612/612
f 594/594/594 611/611/611 610/610/610
f 614/614/614 596/596/596 615/615/615
f 595/595/595 615/615/615 596/596/596
f 614/614/614 597/597/597 596/596/596
f 598/598/598 597/597/597 614/614/614
f 601/601/601 600/600/600 612/612/612
f 599/599/599 613/613/613 600/600/600
f 598/598/598 613/613/613 599/599/599
f 613/613/613 598/598/598 614/614/614
f 624/624/624 569/569/569 622/622/622
f 571/571/571 623/623/623 626/626/626
f 623/623/623 570/570/570 624/624/624
f 577/577/577 627/627/627 629/629/629
f 627/627/627 577/577/577 628/628/628
f 628/628/628 577/577/577 576/576/576
f 578/578/578 577/577/577 629/629/629
f 626/626/626 572/572/572 571/571/571
f 626/626/626 625/625/625 572/572/572
f 572/572/572 625/625/625 573/573/573
f 625/625/625 628/628/628 575/575/575
f 576/576/576 575/575/575 628/628/628
f 625/625/625 575/575/575 574/574/574
f 574/574/574 573/573/573 625/625/625
f 570/570/570 623/623/623 571/571/571
f 624/624/624 570/570/570 569/569/569
f 616/616/616 618/618/618 622/622/622
f 637/637/637 632/632/632 630/630/630
f 637/637/637 631/631/631 633/633/633
f 633/633/633 632/632/632 637/637/637
f 632/632/632 633/633/633 636/636/636
f 636/636/636 633/633/633 635/635/635
f 634/634/634 632/632/632 636/636/636
f 645/645/645 640/640/640 638/638/638
f 645/645/645 639/639/639 641/641/641
f 641/641/641 640/640/640 645/645/645
f 640/640/640 641/641/641 644/644/644
f 644/644/644 641/641/641 643/643/643
f 642/642/642 640/640/640 644/644/644
f 653/653/653 648/648/648 646/646/646
f 653/653/653 647/647/647 649/649/649
f 649/649/649 648/648/648 653/653/653
f 648/648/648 649/649/649 652/652/652
f 652/652/652 649/649/649 651/651/651
f 650/650/650 648/648/648 652/652/652
f 661/661/661 656/656/656 654/654/654
f 661/661/661 655/655/655 657/657/657
f 657/657/657 656/656/656 661/661/661
f 657/657/657 660/660/660 656/656/656
f 660/660/660 657/657/657 659/659/659
f 666/666/666 662/662/662 663/663/663
f 662/662/662 666/666/666 664/664/664
f 663/663/663 665/665/665 666/666/666
f 668/668/668 670/670/670 669/669/669
f 672/672/672 674/674/674 673/673/673
f 676/676/676 678/678/678 677/677/677
f 687/687/687 681/681/681 679/679/679
f 687/687/687 680/680/680 682/682/682
f 682/682/682 681/681/681 687/687/687
f 685/685/685 683/683/683 684/684/684
f 683/683/683 681/681/681 682/682/682
f 689/689/689 691/691/691 690/690/690
f 690/690/690 691/691/691 694/694/694
f 694/694/694 691/691/691 693/693/693
f 692/692/692 690/690/690 694/694/694
f 696/696/696 698/698/698 697/697/697
f 707/707/707 701/701/701 699/699/699
f 707/707/707 700/700/700 702/702/702
f 702/702/702 701/701/701 707/707/707
f 705/705/705 703/703/703 704/704/704
f 703/703/703 701/701/701 702/702/702
f 709/709/709 711/711/711 710/710/710
f 711/711/711 714/714/714 710/710/710
f 714/714/714 711/711/711 713/713/713
f 716/716/716 718/718/718 717/717/717
f 720/720/720 722/722/722 721/721/721
f 724/724/724 726/726/726 725/725/725
f 728/728/728 730/730/730 729/729/729
f 733/733/733 731/731/731 737/737/737
f 734/734/734 737/737/737 732/732/732
f 735/735/735 733/733/733 734/734/734
f 737/737/737 734/734/734 733/733/733
f 745/745/745 740/740/740 738/738/738
f 745/745/745 739/739/739 741/741/741
f 741/741/741 740/740/740 745/745/745
f 741/741/741 744/744/744 740/740/740
f 744/744/744 741/741/741 743/743/743
f 753/753/753 748/748/748 746/746/746
f 753/753/753 747/747/747 749/749/749
f 749/749/749 748/748/748 753/753/753
f 748/748/748 749/749/749 752/752/752
f 752/752/752 749/749/749 751/751/751
f 750/750/750 748/748/748 752/752/752
f 760/760/760 756/756/756 754/754/754
f 760/760/760 755/755/755 757/757/757
f 757/757/757 756/756/756 760/760/760
f 756/756/756 757/757/757 761/761/761
f 761/761/761 757/757/757 759/759/759
f 758/758/758 756/756/756 761/761/761
f 763/763/763 765/765/765 764/764/764
f 772/772/772 771/771/771 773/773/773
f 771/771/771 775/775/775 776/776/776
f 770/770/770 776/776/776 766/766/766
f 775/775/775 766/766/766 776/776/776
f 774/774/774 770/770/770 767/767/767
f 776/776/776 770/770/770 773/773/773
f 773/773/773 770/770/770 774/774/774
f 771/771/771 768/768/768 775/775/775
f 766/766/766 775/775/775 768/768/768
f 769/769/769 768/768/768 771/771/771
f 767/767/767 769/769/769 772/772/772
f 771/771/771 772/772/772 769/769/769
f 774/774/774 767/767/767 772/772/772
f 783/783/783 779/779/779 777/777/777
f 783/783/783 778/778/778 780/780/780
f 780/780/780 779/779/779 783/783/783
f 780/780/780 784/784/784 779/779/779
f 784/784/784 780/780/780 782/782/782
f 799/799/799 797/797/797 791/791/791
f 792/792/792 791/791/791 793/793/793
f 791/791/791 795/795/795 796/796/796
f 797/797/797 798/798/798 795/795/795
f 796/796/796 795/795/795 785/785/785
f 787/787/787 785/785/785 795/795/795
f 789/789/789 796/796/796 785/785/785
f 794/794/794 789/789/789 786/786/786
f 789/789/789 794/794/794 793/793/793
f 793/793/793 796/796/796 789/789/789
f 792/792/792 794/794/794 786/786/786
f 790/790/790 798/798/798 797/797/797
f 795/795/795 798/798/798 787/787/787
f 787/787/787 798/798/798 790/790/790
f 788/788/788 799/799/799 792/792/792
f 799/799/799 788/788/788 790/790/790
f 799/799/799 790/790/790 797/797/797
f 786/786/786 788/788/788 792/792/792
f 825/825/825 800/800/800 824/824/824
f 823/823/823 824/824/824 800/800/800
f 837/837/837 822/822/822 823/823/823
f 837/837/837 820/820/820 821/821/821
f 821/821/821 822/822/822 837/837/837
f 823/823/823 800/800/800 826/826/826
f 826/826/826 842/842/842 837/837/837
f 842/842/842 826/826/826 844/844/844
f 827/827/827 844/844/844 826/826/826
f 826/826/826 837/837/837 823/823/823
f 835/835/835 819/819/819 837/837/837
f 854/854/854 836/836/836 851/851/851
f 853/853/853 835/835/835 836/836/836
f 851/851/851 855/855/855 854/854/854
f 820/820/820 837/837/837 819/819/819
f 835/835/835 841/841/841 819/819/819
f 838/838/838 815/815/815 816/816/816
f 838/838/838 817/817/817 818/818/818
f 838/838/838 816/816/816 817/817/817
f 813/813/813 801/801/801 812/812/812
f 801/801/801 813/813/813 814/814/814
f 814/814/814 811/811/811 801/801/801
f 811/811/811 814/814/814 815/815/815
f 835/835/835 853/853/853 841/841/841
f 836/836/836 854/854/854 852/852/852
f 852/852/852 853/853/853 836/836/836
f 811/811/811 838/838/838 839/839/839
f 839/839/839 840/840/840 811/811/811
f 815/815/815 838/838/838 811/811/811
f 811/811/811 840/840/840 862/862/862
f 818/818/818 841/841/841 838/838/838
f 818/818/818 819/819/819 841/841/841
f 828/828/828 848/848/848 843/843/843
f 828/828/828 843/843/843 827/827/827
f 802/802/802 849/849/849 850/850/850
f 850/850/850 845/845/845 802/802/802
f 845/845/845 834/834/834 802/802/802
f 855/855/855 849/849/849 802/802/802
f 833/833/833 845/845/845 846/846/846
f 827/827/827 843/843/843 844/844/844
f 847/847/847 848/848/848 829/829/829
f 828/828/828 829/829/829 848/848/848
f 847/847/847 829/829/829 830/830/830
f 831/831/831 847/847/847 830/830/830
f 834/834/834 845/845/845 833/833/833
f 832/832/832 833/833/833 846/846/846
f 831/831/831 832/832/832 846/846/846
f 846/846/846 847/847/847 831/831/831
f 857/857/857 855/855/855 802/802/802
f 804/804/804 859/859/859 856/856/856
f 856/856/856 857/857/857 803/803/803
f 810/810/810 862/862/862 860/860/860
f 860/860/860 861/861/861 810/810/810
f 861/861/861 809/809/809 810/810/810
f 811/811/811 862/862/862 810/810/810
f 859/859/859 804/804/804 805/805/805
f 859/859/859 805/805/805 858/858/858
f 805/805/805 806/806/806 858/858/858
f 858/858/858 808/808/808 861/861/861
f 809/809/809 861/861/861 808/808/808
f 858/858/858 807/807/807 808/808/808
f 807/807/807 858/858/858 806/806/806
f 803/803/803 804/804/804 856/856/856
f 857/857/857 802/802/802 803/803/803
f 849/849/849 855/855/855 851/851/851
f 864/864/864 866/866/866 865/865/865
f 865/865/865 866/866/866 869/869/869
f 869/869/869 866/866/866 868/868/868
f 867/867/867 865/865/865 869/869/869
f 880/880/880 872/872/872 870/870/870
f 873/873/873 875/875/875 874/874/874
f 871/871/871 873/873/873 880/880/880
f 872/872/872 880/880/880 873/873/873
f 881/881/881 878/878/878 876/876/876
f 877/877/877 881/881/881 876/876/876
f 876/876/876 874/874/874 875/875/875
f 881/881/881 877/877/877 879/879/879
f 888/888/888 884/884/884 882/882/882
f 888/888/888 883/883/883 885/885/885
f 885/885/885 884/884/884 888/888/888
f 884/884/884 885/885/885 889/889/889
f 889/889/889 885/885/885 887/887/887
f 886/886/886 884/884/884 889/889/889
f 894/894/894 895/895/895 892/892/892
f 891/891/891 893/893/893 895/895/895
f 900/900/900 901/901/901 898/898/898
f 897/897/897 899/899/899 901/901/901
f 907/907/907 906/906/906 904/904/904
f 903/903/903 905/905/905 906/906/906
f 912/912/912 913/913/913 910/910/910
f 909/909/909 911/911/911 913/913/913
f 918/918/918 919/919/919 916/916/916
f 915/915/915 917/917/917 919/919/919
f 926/926/926 922/922/922 920/920/920
f 926/926/926 921/921/921 923/923/923
f 923/923/923 922/922/922 926/926/926
f 922/922/922 923/923/923 927/927/927
f 927/927/927 923/923/923 925/925/925
f 924/924/924 922/922/922 927/927/927
f 934/934/934 930/930/930 928/928/928
f 934/934/934 929/929/929 931/931/931
f 931/931/931 930/930/930 934/934/934
f 930/930/930 931/931/931 935/935/935
f 935/935/935 931/931/931 933/933/933
f 932/932/932 930/930/930 935/935/935
f 942/942/942 938/938/938 936/936/936
f 942/942/942 937/937/937 939/939/939
f 939/939/939 938/938/938 942/942/942
f 938/938/938 939/939/939 943/943/943
f 943/943/943 939/939/939 941/941/941
f 940/940/940 938/938/938 943/943/943
f 950/950/950 946/946/946 944/944/944
f 950/950/950 945/945/945 947/947/947
f 947/947/947 946/946/946 950/950/950
f 946/946/946 947/947/947 951/951/951
f 951/951/951 947/947/947 949/949/949
f 948/948/948 946/946/946 951/951/951
f 959/959/959 954/954/954 952/952/952
f 959/959/959 953/953/953 955/955/955
f 955/955/955 954/954/954 959/959/959
f 954/954/954 955/955/955 958/958/958
f 958/958/958 955/955/955 957/957/957
f 956/956/956 954/954/954 958/958/958
f 985/985/985 960/960/960 984/984/984
f 983/983/983 984/984/984 960/960/960
f 1007/1007/1007 982/982/982 983/983/983
f 1007/1007/1007 980/980/980 981/981/981
f 981/981/981 982/982/982 1007/1007/1007
f 983/983/983 960/960/960 986/986/986
f 986/986/986 1006/1006/1006 1007/1007/1007
f 1006/1006/1006 986/986/986 1005/1005/1005
f 987/987/987 1005/1005/1005 986/986/986
f 986/986/986 1007/1007/1007 983/983/983
f 995/995/995 979/979/979 1007/1007/1007
f 1018/1018/1018 996/996/996 997/997/997
f 1019/1019/1019 995/995/995 996/996/996
f 1017/1017/1017 1018/1018/1018 997/997/997
f 980/980/980 1007/1007/1007 979/979/979
f 995/995/995 1020/1020/1020 979/979/979
f 1008/1008/1008 976/976/976 977/977/977
f 1008/1008/1008 975/975/975 976/976/976
f 973/973/973 961/961/961 972/972/972
f 961/961/961 973/973/973 974/974/974
f 971/971/971 961/961/961 974/974/974
f 974/974/974 975/975/975 1008/1008/1008
f 1020/1020/1020 1008/1008/1008 978/978/978
f 996/996/996 1018/1018/1018 1019/1019/1019
f 1019/1019/1019 1020/1020/1020 995/995/995
f 971/971/971 1008/1008/1008 1009/1009/1009
f 970/970/970 971/971/971 1010/1010/1010
f 1009/1009/1009 1010/1010/1010 971/971/971
f 974/974/974 1008/1008/1008 971/971/971
f 977/977/977 978/978/978 1008/1008/1008
f 978/978/978 979/979/979 1020/1020/1020
f 1003/1003/1003 1004/1004/1004 988/988/988
f 987/987/987 988/988/988 1004/1004/1004
f 999/999/999 962/962/962 998/998/998
f 993/993/993 1000/1000/1000 1001/1001/1001
f 1000/1000/1000 962/962/962 999/999/999
f 987/987/987 1004/1004/1004 1005/1005/1005
f 1003/1003/1003 989/989/989 990/990/990
f 988/988/988 989/989/989 1003/1003/1003
f 1003/1003/1003 990/990/990 1002/1002/1002
f 991/991/991 1002/1002/1002 990/990/990
f 994/994/994 1000/1000/1000 993/993/993
f 992/992/992 993/993/993 1001/1001/1001
f 1002/1002/1002 991/991/991 992/992/992
f 992/992/992 1001/1001/1001 1002/1002/1002
f 1000/1000/1000 994/994/994 962/962/962
f 962/962/962 1016/1016/1016 1017/1017/1017
f 1015/1015/1015 1016/1016/1016 963/963/963
f 964/964/964 1014/1014/1014 1015/1015/1015
f 962/962/962 1017/1017/1017 998/998/998
f 970/970/970 1011/1011/1011 1012/1012/1012
f 970/970/970 1012/1012/1012 969/969/969
f 1010/1010/1010 1011/1011/1011 970/970/970
f 962/962/962 963/963/963 1016/1016/1016
f 1014/1014/1014 964/964/964 965/965/965
f 1014/1014/1014 965/965/965 1013/1013/1013
f 965/965/965 966/966/966 1013/1013/1013
f 1013/1013/1013 968/968/968 1012/1012/1012
f 969/969/969 1012/1012/1012 968/968/968
f 1013/1013/1013 967/967/967 968/968/968
f 967/967/967 1013/1013/1013 966/966/966
f 963/963/963 964/964/964 1015/1015/1015
f 997/997/997 998/998/998 1017/1017/1017
f 4/4/4 3/3/3 1/1/1
f 6/6/6 7/7/7 5/5/5
f 10/10/10 11/11/11 9/9/9
f 14/14/14 15/15/15 13/13/13
f 18/18/18 19/19/19 17/17/17
f 21/21/21 23/23/23 24/24/24
f 26/26/26 27/27/27 28/28/28
f 30/30/30 31/31/31 32/32/32
f 34/34/34 35/35/35 36/36/36
f 38/38/38 39/39/39 40/40/40
f 42/42/42 43/43/43 41/41/41
f 45/45/45 48/48/48 46/46/46
f 49/49/49 52/52/52 50/50/50
f 53/53/53 56/56/56 54/54/54
f 57/57/57 60/60/60 58/58/58
f 70/70/70 71/71/71 72/72/72
f 74/74/74 75/75/75 76/76/76
f 78/78/78 79/79/79 80/80/80
f 82/82/82 83/83/83 84/84/84
f 86/86/86 87/87/87 85/85/85
f 89/89/89 92/92/92 90/90/90
f 93/93/93 96/96/96 94/94/94
f 97/97/97 100/100/100 98/98/98
f 101/101/101 104/104/104 102/102/102
f 182/182/182 180/180/180 178/178/178
f 198/198/198 196/196/196 194/194/194
f 206/206/206 204/204/204 202/202/202
f 214/214/214 215/215/215 213/213/213
f 218/218/218 219/219/219 217/217/217
f 222/222/222 223/223/223 221/221/221
f 231/231/231 230/230/230 232/232/232
f 229/229/229 228/228/228 230/230/230
f 235/235/235 236/236/236 234/234/234
f 242/242/242 243/243/243 241/241/241
f 251/251/251 250/250/250 252/252/252
f 249/249/249 248/248/248 250/250/250
f 255/255/255 256/256/256 254/254/254
f 260/260/260 258/258/258 256/256/256
f 262/262/262 263/263/263 261/261/261
f 266/266/266 267/267/267 265/265/265
f 270/270/270 271/271/271 269/269/269
f 274/274/274 275/275/275 273/273/273
f 281/281/281 280/280/280 282/282/282
f 298/298/298 296/296/296 294/294/294
f 309/309/309 310/310/310 308/308/308
f 318/318/318 319/319/319 320/320/320
f 317/317/317 322/322/322 319/319/319
f 345/345/345 337/337/337 338/338/338
f 338/338/338 339/339/339 340/340/340
f 337/337/337 342/342/342 339/339/339
f 343/343/343 341/341/341 337/337/337
f 410/410/410 411/411/411 409/409/409
f 419/419/419 420/420/420 418/418/418
f 422/422/422 421/421/421 423/423/423
f 440/440/440 438/438/438 436/436/436
f 437/437/437 441/441/441 440/440/440
f 446/446/446 444/444/444 442/442/442
f 443/443/443 447/447/447 446/446/446
f 453/453/453 450/450/450 448/448/448
f 449/449/449 452/452/452 453/453/453
f 458/458/458 456/456/456 454/454/454
f 455/455/455 459/459/459 458/458/458
f 464/464/464 462/462/462 460/460/460
f 461/461/461 465/465/465 464/464/464
f 489/489/489 486/486/486 484/484/484
f 660/660/660 658/658/658 656/656/656
f 668/668/668 669/669/669 667/667/667
f 672/672/672 673/673/673 671/671/671
f 676/676/676 677/677/677 675/675/675
f 685/685/685 684/684/684 686/686/686
f 683/683/683 682/682/682 684/684/684
f 689/689/689 690/690/690 688/688/688
f 696/696/696 697/697/697 695/695/695
f 705/705/705 704/704/704 706/706/706
f 703/703/703 702/702/702 704/704/704
f 709/709/709 710/710/710 708/708/708
f 714/714/714 712/712/712 710/710/710
f 716/716/716 717/717/717 715/715/715
f 720/720/720 721/721/721 719/719/719
f 724/724/724 725/725/725 723/723/723
f 728/728/728 729/729/729 727/727/727
f 735/735/735 734/734/734 736/736/736
f 744/744/744 742/742/742 740/740/740
f 763/763/763 764/764/764 762/762/762
f 772/772/772 773/773/773 774/774/774
f 771/771/771 776/776/776 773/773/773
f 784/784/784 781/781/781 779/779/779
f 799/799/799 791/791/791 792/792/792
f 792/792/792 793/793/793 794/794/794
f 791/791/791 796/796/796 793/793/793
f 797/797/797 795/795/795 791/791/791
f 864/864/864 865/865/865 863/863/863
f 873/873/873 874/874/874 872/872/872
f 876/876/876 875/875/875 877/877/877
f 894/894/894 892/892/892 890/890/890
f 891/891/891 895/895/895 894/894/894
f 900/900/900 898/898/898 896/896/896
f 897/897/897 901/901/901 900/900/900
f 907/907/907 904/904/904 902/902/902
f 903/903/903 906/906/906 907/907/907
f 912/912/912 910/910/910 908/908/908
f 909/909/909 913/913/913 912/912/912
f 918/918/918 916/916/916 914/914/914
f 915/915/915 919/919/919 918/918/918

