g mesh_transverse bending0
v -8.010000 0.854832 -0.033266
v -8.010000 0.854832 -0.049899
v -8.010000 0.910000 0.000000
v -8.000000 0.854832 -0.033266
v -8.000000 0.854832 -0.049899
v -8.000000 0.910000 0.000000
v -8.010000 0.800846 -0.066667
v -8.010000 0.800846 -0.100000
v -8.000000 0.800846 -0.066667
v -8.000000 0.800846 -0.100000
v -8.010000 0.747355 -0.100617
v -8.010000 0.747355 -0.150926
v -8.000000 0.747355 -0.100617
v -8.000000 0.747355 -0.150926
v -8.010000 0.694153 -0.135264
v -8.010000 0.694153 -0.202896
v -8.000000 0.694153 -0.135264
v -8.000000 0.694153 -0.202896
v -8.010000 0.641303 -0.170588
v -8.010000 0.641303 -0.255881
v -8.000000 0.641303 -0.170588
v -8.000000 0.641303 -0.255881
v -8.010000 0.588870 -0.206569
v -8.010000 0.588870 -0.309854
v -8.000000 0.588870 -0.206569
v -8.000000 0.588870 -0.309854
v -8.010000 0.537741 -0.242601
v -8.010000 0.537741 -0.363901
v -8.000000 0.537741 -0.242601
v -8.000000 0.537741 -0.363901
v -8.010000 0.487627 -0.278875
v -8.010000 0.487627 -0.418312
v -8.000000 0.487627 -0.278875
v -8.000000 0.487627 -0.418312
v -8.010000 0.438088 -0.315720
v -8.010000 0.438088 -0.473580
v -8.000000 0.438088 -0.315720
v -8.000000 0.438088 -0.473580
v -8.010000 0.389183 -0.353119
v -8.010000 0.389183 -0.529679
v -8.000000 0.389183 -0.353119
v -8.000000 0.389183 -0.529679
v -8.010000 0.340971 -0.391055
v -8.010000 0.340971 -0.586582
v -8.000000 0.340971 -0.391055
v -8.000000 0.340971 -0.586582
v -8.010000 0.293512 -0.429509
v -8.010000 0.293512 -0.644264
v -8.000000 0.293512 -0.429509
v -8.000000 0.293512 -0.644264
v -8.010000 0.246865 -0.468464
v -8.010000 0.246865 -0.702696
v -8.000000 0.246865 -0.468464
v -8.000000 0.246865 -0.702696
v -8.010000 0.201088 -0.507903
v -8.010000 0.201088 -0.761854
v -8.000000 0.201088 -0.507903
v -8.000000 0.201088 -0.761854
v -8.010000 0.156241 -0.547807
v -8.010000 0.156241 -0.821711
v -8.000000 0.156241 -0.547807
v -8.000000 0.156241 -0.821711
v -8.010000 0.112383 -0.588160
v -8.010000 0.112383 -0.882240
v -8.000000 0.112383 -0.588160
v -8.000000 0.112383 -0.882240
v -8.010000 0.069574 -0.628943
v -8.010000 0.069574 -0.943414
v -8.000000 0.069574 -0.628943
v -8.000000 0.069574 -0.943414
v -8.010000 0.027872 -0.670139
v -8.010000 0.027872 -1.005209
v -8.000000 0.027872 -0.670139
v -8.000000 0.027872 -1.005209
v -8.010000 -0.012664 -0.711731
v -8.010000 -0.012664 -1.067596
v -8.000000 -0.012664 -0.711731
v -8.000000 -0.012664 -1.067596
v -8.010000 -0.051974 -0.753700
v -8.010000 -0.051974 -1.130550
v -8.000000 -0.051974 -0.753700
v -8.000000 -0.051974 -1.130550
v -8.010000 -0.090000 -0.796030
v -8.010000 -0.090000 -1.194045
v -8.000000 -0.090000 -0.796030
v -8.000000 -0.090000 -1.194045
v -8.010000 0.854832 -0.016633
v -8.010000 0.910000 0.000000
v -8.000000 0.854832 -0.016633
v -8.000000 0.910000 0.000000
v -8.010000 0.800846 -0.033333
v -8.000000 0.800846 -0.033333
v -8.010000 0.747355 -0.050309
v -8.000000 0.747355 -0.050309
v -8.010000 0.694153 -0.067632
v -8.000000 0.694153 -0.067632
v -8.010000 0.641303 -0.085294
v -8.000000 0.641303 -0.085294
v -8.010000 0.588870 -0.103285
v -8.000000 0.588870 -0.103285
v -8.010000 0.537741 -0.121300
v -8.000000 0.537741 -0.121300
v -8.010000 0.487627 -0.139437
v -8.000000 0.487627 -0.139437
v -8.010000 0.438088 -0.157860
v -8.000000 0.438088 -0.157860
v -8.010000 0.389183 -0.176560
v -8.000000 0.389183 -0.176560
v -8.010000 0.340971 -0.195527
v -8.000000 0.340971 -0.195527
v -8.010000 0.293512 -0.214755
v -8.000000 0.293512 -0.214755
v -8.010000 0.246865 -0.234232
v -8.000000 0.246865 -0.234232
v -8.010000 0.201088 -0.253951
v -8.000000 0.201088 -0.253951
v -8.010000 0.156241 -0.273904
v -8.000000 0.156241 -0.273904
v -8.010000 0.112383 -0.294080
v -8.000000 0.112383 -0.294080
v -8.010000 0.069574 -0.314471
v -8.000000 0.069574 -0.314471
v -8.010000 0.027872 -0.335070
v -8.000000 0.027872 -0.335070
v -8.010000 -0.012664 -0.355865
v -8.000000 -0.012664 -0.355865
v -8.010000 -0.051974 -0.376850
v -8.000000 -0.051974 -0.376850
v -8.010000 -0.090000 -0.398015
v -8.000000 -0.090000 -0.398015
v -8.010000 0.854832 -0.000000
v -8.010000 0.910000 0.000000
v -8.000000 0.854832 -0.000000
v -8.000000 0.910000 0.000000
v -8.010000 0.800846 -0.000000
v -8.000000 0.800846 -0.000000
v -8.010000 0.747355 -0.000000
v -8.000000 0.747355 -0.000000
v -8.010000 0.694153 -0.000000
v -8.000000 0.694153 -0.000000
v -8.010000 0.641303 -0.000000
v -8.000000 0.641303 -0.000000
v -8.010000 0.588870 -0.000000
v -8.000000 0.588870 -0.000000
v -8.010000 0.537741 -0.000000
v -8.000000 0.537741 -0.000000
v -8.010000 0.487627 -0.000000
v -8.000000 0.487627 -0.000000
v -8.010000 0.438088 -0.000000
v -8.000000 0.438088 -0.000000
v -8.010000 0.389183 -0.000000
v -8.000000 0.389183 -0.000000
v -8.010000 0.340971 -0.000000
v -8.000000 0.340971 -0.000000
v -8.010000 0.293512 -0.000000
v -8.000000 0.293512 -0.000000
v -8.010000 0.246865 -0.000000
v -8.000000 0.246865 -0.000000
v -8.010000 0.201088 -0.000000
v -8.000000 0.201088 -0.000000
v -8.010000 0.156241 -0.000000
v -8.000000 0.156241 -0.000000
v -8.010000 0.112383 -0.000000
v -8.000000 0.112383 -0.000000
v -8.010000 0.069574 -0.000000
v -8.000000 0.069574 -0.000000
v -8.010000 0.027872 -0.000000
v -8.000000 0.027872 -0.000000
v -8.010000 -0.012664 -0.000000
v -8.000000 -0.012664 -0.000000
v -8.010000 -0.051974 -0.000000
v -8.000000 -0.051974 -0.000000
v -8.010000 -0.090000 -0.000000
v -8.000000 -0.090000 -0.000000
v -8.010000 0.854832 0.016633
v -8.010000 0.910000 0.000000
v -8.000000 0.854832 0.016633
v -8.000000 0.910000 0.000000
v -8.010000 0.800846 0.033333
v -8.000000 0.800846 0.033333
v -8.010000 0.747355 0.050309
v -8.000000 0.747355 0.050309
v -8.010000 0.694153 0.067632
v -8.000000 0.694153 0.067632
v -8.010000 0.641303 0.085294
v -8.000000 0.641303 0.085294
v -8.010000 0.588870 0.103285
v -8.000000 0.588870 0.103285
v -8.010000 0.537741 0.121300
v -8.000000 0.537741 0.121300
v -8.010000 0.487627 0.139437
v -8.000000 0.487627 0.139437
v -8.010000 0.438088 0.157860
v -8.000000 0.438088 0.157860
v -8.010000 0.389183 0.176560
v -8.000000 0.389183 0.176560
v -8.010000 0.340971 0.195527
v -8.000000 0.340971 0.195527
v -8.010000 0.293512 0.214755
v -8.000000 0.293512 0.214755
v -8.010000 0.246865 0.234232
v -8.000000 0.246865 0.234232
v -8.010000 0.201088 0.253951
v -8.000000 0.201088 0.253951
v -8.010000 0.156241 0.273904
v -8.000000 0.156241 0.273904
v -8.010000 0.112383 0.294080
v -8.000000 0.112383 0.294080
v -8.010000 0.069574 0.314471
v -8.000000 0.069574 0.314471
v -8.010000 0.027872 0.335070
v -8.000000 0.027872 0.335070
v -8.010000 -0.012664 0.355865
v -8.000000 -0.012664 0.355865
v -8.010000 -0.051974 0.376850
v -8.000000 -0.051974 0.376850
v -8.010000 -0.090000 0.398015
v -8.000000 -0.090000 0.398015
v -8.010000 0.854832 0.033266
v -8.010000 0.910000 0.000000
v -8.000000 0.854832 0.033266
v -8.000000 0.910000 0.000000
v -8.010000 0.800846 0.066667
v -8.000000 0.800846 0.066667
v -8.010000 0.747355 0.100617
v -8.000000 0.747355 0.100617
v -8.010000 0.694153 0.135264
v -8.000000 0.694153 0.135264
v -8.010000 0.641303 0.170588
v -8.000000 0.641303 0.170588
v -8.010000 0.588870 0.206569
v -8.000000 0.588870 0.206569
v -8.010000 0.537741 0.242601
v -8.000000 0.537741 0.242601
v -8.010000 0.487627 0.278875
v -8.000000 0.487627 0.278875
v -8.010000 0.438088 0.315720
v -8.000000 0.438088 0.315720
v -8.010000 0.389183 0.353119
v -8.000000 0.389183 0.353119
v -8.010000 0.340971 0.391055
v -8.000000 0.340971 0.391055
v -8.010000 0.293512 0.429509
v -8.000000 0.293512 0.429509
v -8.010000 0.246865 0.468464
v -8.000000 0.246865 0.468464
v -8.010000 0.201088 0.507903
v -8.000000 0.201088 0.507903
v -8.010000 0.156241 0.547807
v -8.000000 0.156241 0.547807
v -8.010000 0.112383 0.588160
v -8.000000 0.112383 0.588160
v -8.010000 0.069574 0.628943
v -8.000000 0.069574 0.628943
v -8.010000 0.027872 0.670139
v -8.000000 0.027872 0.670139
v -8.010000 -0.012664 0.711731
v -8.000000 -0.012664 0.711731
v -8.010000 -0.051974 0.753700
v -8.000000 -0.051974 0.753700
v -8.010000 -0.090000 0.796030
v -8.000000 -0.090000 0.796030
v -8.010000 0.854832 0.049899
v -8.010000 0.910000 0.000000
v -8.000000 0.854832 0.049899
v -8.000000 0.910000 0.000000
v -8.010000 0.800846 0.100000
v -8.000000 0.800846 0.100000
v -8.010000 0.747355 0.150926
v -8.000000 0.747355 0.150926
v -8.010000 0.694153 0.202896
v -8.000000 0.694153 0.202896
v -8.010000 0.641303 0.255881
v -8.000000 0.641303 0.255881
v -8.010000 0.588870 0.309854
v -8.000000 0.588870 0.309854
v -8.010000 0.537741 0.363901
v -8.000000 0.537741 0.363901
v -8.010000 0.487627 0.418312
v -8.000000 0.487627 0.418312
v -8.010000 0.438088 0.473580
v -8.000000 0.438088 0.473580
v -8.010000 0.389183 0.529679
v -8.000000 0.389183 0.529679
v -8.010000 0.340971 0.586582
v -8.000000 0.340971 0.586582
v -8.010000 0.293512 0.644264
v -8.000000 0.293512 0.644264
v -8.010000 0.246865 0.702696
v -8.000000 0.246865 0.702696
v -8.010000 0.201088 0.761854
v -8.000000 0.201088 0.761854
v -8.010000 0.156241 0.821711
v -8.000000 0.156241 0.821711
v -8.010000 0.112383 0.882240
v -8.000000 0.112383 0.882240
v -8.010000 0.069574 0.943414
v -8.000000 0.069574 0.943414
v -8.010000 0.027872 1.005209
v -8.000000 0.027872 1.005209
v -8.010000 -0.012664 1.067596
v -8.000000 -0.012664 1.067596
v -8.010000 -0.051974 1.130550
v -8.000000 -0.051974 1.130550
v -8.010000 -0.090000 1.194045
v -8.000000 -0.090000 1.194045
v -8.010000 0.854832 4.966734
v -8.010000 0.854832 4.950101
v -8.010000 0.910000 5.000000
v -8.000000 0.854832 4.966734
v -8.000000 0.854832 4.950101
v -8.000000 0.910000 5.000000
v -8.010000 0.800846 4.933333
v -8.010000 0.800846 4.900000
v -8.000000 0.800846 4.933333
v -8.000000 0.800846 4.900000
v -8.010000 0.747355 4.899382
v -8.010000 0.747355 4.849074
v -8.000000 0.747355 4.899382
v -8.000000 0.747355 4.849074
v -8.010000 0.694153 4.864736
v -8.010000 0.694153 4.797104
v -8.000000 0.694153 4.864736
v -8.000000 0.694153 4.797104
v -8.010000 0.641303 4.829412
v -8.010000 0.641303 4.744119
v -8.000000 0.641303 4.829412
v -8.000000 0.641303 4.744119
v -8.010000 0.588870 4.793431
v -8.010000 0.588870 4.690146
v -8.000000 0.588870 4.793431
v -8.000000 0.588870 4.690146
v -8.010000 0.537741 4.757400
v -8.010000 0.537741 4.636099
v -8.000000 0.537741 4.757400
v -8.000000 0.537741 4.636099
v -8.010000 0.487627 4.721126
v -8.010000 0.487627 4.581688
v -8.000000 0.487627 4.721126
v -8.000000 0.487627 4.581688
v -8.010000 0.438088 4.684280
v -8.010000 0.438088 4.526420
v -8.000000 0.438088 4.684280
v -8.000000 0.438088 4.526420
v -8.010000 0.389183 4.646880
v -8.010000 0.389183 4.470321
v -8.000000 0.389183 4.646880
v -8.000000 0.389183 4.470321
v -8.010000 0.340971 4.608945
v -8.010000 0.340971 4.413417
v -8.000000 0.340971 4.608945
v -8.000000 0.340971 4.413417
v -8.010000 0.293512 4.570491
v -8.010000 0.293512 4.355736
v -8.000000 0.293512 4.570491
v -8.000000 0.293512 4.355736
v -8.010000 0.246865 4.531536
v -8.010000 0.246865 4.297304
v -8.000000 0.246865 4.531536
v -8.000000 0.246865 4.297304
v -8.010000 0.201088 4.492097
v -8.010000 0.201088 4.238146
v -8.000000 0.201088 4.492097
v -8.000000 0.201088 4.238146
v -8.010000 0.156241 4.452193
v -8.010000 0.156241 4.178289
v -8.000000 0.156241 4.452193
v -8.000000 0.156241 4.178289
v -8.010000 0.112383 4.411840
v -8.010000 0.112383 4.117760
v -8.000000 0.112383 4.411840
v -8.000000 0.112383 4.117760
v -8.010000 0.069574 4.371057
v -8.010000 0.069574 4.056586
v -8.000000 0.069574 4.371057
v -8.000000 0.069574 4.056586
v -8.010000 0.027872 4.329861
v -8.010000 0.027872 3.994791
v -8.000000 0.027872 4.329861
v -8.000000 0.027872 3.994791
v -8.010000 -0.012664 4.288269
v -8.010000 -0.012664 3.932404
v -8.000000 -0.012664 4.288269
v -8.000000 -0.012664 3.932404
v -8.010000 -0.051974 4.246300
v -8.010000 -0.051974 3.869450
v -8.000000 -0.051974 4.246300
v -8.000000 -0.051974 3.869450
v -8.010000 -0.090000 4.203970
v -8.010000 -0.090000 3.805955
v -8.000000 -0.090000 4.203970
v -8.000000 -0.090000 3.805955
v -8.010000 0.854832 4.983367
v -8.010000 0.910000 5.000000
v -8.000000 0.854832 4.983367
v -8.000000 0.910000 5.000000
v -8.010000 0.800846 4.966667
v -8.000000 0.800846 4.966667
v -8.010000 0.747355 4.949691
v -8.000000 0.747355 4.949691
v -8.010000 0.694153 4.932368
v -8.000000 0.694153 4.932368
v -8.010000 0.641303 4.914706
v -8.000000 0.641303 4.914706
v -8.010000 0.588870 4.896715
v -8.000000 0.588870 4.896715
v -8.010000 0.537741 4.878700
v -8.000000 0.537741 4.878700
v -8.010000 0.487627 4.860562
v -8.000000 0.487627 4.860562
v -8.010000 0.438088 4.842140
v -8.000000 0.438088 4.842140
v -8.010000 0.389183 4.823441
v -8.000000 0.389183 4.823441
v -8.010000 0.340971 4.804472
v -8.000000 0.340971 4.804472
v -8.010000 0.293512 4.785245
v -8.000000 0.293512 4.785245
v -8.010000 0.246865 4.765768
v -8.000000 0.246865 4.765768
v -8.010000 0.201088 4.746049
v -8.000000 0.201088 4.746049
v -8.010000 0.156241 4.726097
v -8.000000 0.156241 4.726097
v -8.010000 0.112383 4.705920
v -8.000000 0.112383 4.705920
v -8.010000 0.069574 4.685528
v -8.000000 0.069574 4.685528
v -8.010000 0.027872 4.664931
v -8.000000 0.027872 4.664931
v -8.010000 -0.012664 4.644135
v -8.000000 -0.012664 4.644135
v -8.010000 -0.051974 4.623150
v -8.000000 -0.051974 4.623150
v -8.010000 -0.090000 4.601985
v -8.000000 -0.090000 4.601985
v -8.010000 0.854832 5.000000
v -8.010000 0.910000 5.000000
v -8.000000 0.854832 5.000000
v -8.000000 0.910000 5.000000
v -8.010000 0.800846 5.000000
v -8.000000 0.800846 5.000000
v -8.010000 0.747355 5.000000
v -8.000000 0.747355 5.000000
v -8.010000 0.694153 5.000000
v -8.000000 0.694153 5.000000
v -8.010000 0.641303 5.000000
v -8.000000 0.641303 5.000000
v -8.010000 0.588870 5.000000
v -8.000000 0.588870 5.000000
v -8.010000 0.537741 5.000000
v -8.000000 0.537741 5.000000
v -8.010000 0.487627 5.000000
v -8.000000 0.487627 5.000000
v -8.010000 0.438088 5.000000
v -8.000000 0.438088 5.000000
v -8.010000 0.389183 5.000000
v -8.000000 0.389183 5.000000
v -8.010000 0.340971 5.000000
v -8.000000 0.340971 5.000000
v -8.010000 0.293512 5.000000
v -8.000000 0.293512 5.000000
v -8.010000 0.246865 5.000000
v -8.000000 0.246865 5.000000
v -8.010000 0.201088 5.000000
v -8.000000 0.201088 5.000000
v -8.010000 0.156241 5.000000
v -8.000000 0.156241 5.000000
v -8.010000 0.112383 5.000000
v -8.000000 0.112383 5.000000
v -8.010000 0.069574 5.000000
v -8.000000 0.069574 5.000000
v -8.010000 0.027872 5.000000
v -8.000000 0.027872 5.000000
v -8.010000 -0.012664 5.000000
v -8.000000 -0.012664 5.000000
v -8.010000 -0.051974 5.000000
v -8.000000 -0.051974 5.000000
v -8.010000 -0.090000 5.000000
v -8.000000 -0.090000 5.000000
v -8.010000 0.854832 5.016633
v -8.010000 0.910000 5.000000
v -8.000000 0.854832 5.016633
v -8.000000 0.910000 5.000000
v -8.010000 0.800846 5.033333
v -8.000000 0.800846 5.033333
v -8.010000 0.747355 5.050309
v -8.000000 0.747355 5.050309
v -8.010000 0.694153 5.067632
v -8.000000 0.694153 5.067632
v -8.010000 0.641303 5.085294
v -8.000000 0.641303 5.085294
v -8.010000 0.588870 5.103285
v -8.000000 0.588870 5.103285
v -8.010000 0.537741 5.121300
v -8.000000 0.537741 5.121300
v -8.010000 0.487627 5.139438
v -8.000000 0.487627 5.139438
v -8.010000 0.438088 5.157860
v -8.000000 0.438088 5.157860
v -8.010000 0.389183 5.176559
v -8.000000 0.389183 5.176559
v -8.010000 0.340971 5.195528
v -8.000000 0.340971 5.195528
v -8.010000 0.293512 5.214755
v -8.000000 0.293512 5.214755
v -8.010000 0.246865 5.234232
v -8.000000 0.246865 5.234232
v -8.010000 0.201088 5.253951
v -8.000000 0.201088 5.253951
v -8.010000 0.156241 5.273903
v -8.000000 0.156241 5.273903
v -8.010000 0.112383 5.294080
v -8.000000 0.112383 5.294080
v -8.010000 0.069574 5.314472
v -8.000000 0.069574 5.314472
v -8.010000 0.027872 5.335069
v -8.000000 0.027872 5.335069
v -8.010000 -0.012664 5.355865
v -8.000000 -0.012664 5.355865
v -8.010000 -0.051974 5.376850
v -8.000000 -0.051974 5.376850
v -8.010000 -0.090000 5.398015
v -8.000000 -0.090000 5.398015
v -8.010000 0.854832 5.033266
v -8.010000 0.910000 5.000000
v -8.000000 0.854832 5.033266
v -8.000000 0.910000 5.000000
v -8.010000 0.800846 5.066667
v -8.000000 0.800846 5.066667
v -8.010000 0.747355 5.100618
v -8.000000 0.747355 5.100618
v -8.010000 0.694153 5.135264
v -8.000000 0.694153 5.135264
v -8.010000 0.641303 5.170588
v -8.000000 0.641303 5.170588
v -8.010000 0.588870 5.206569
v -8.000000 0.588870 5.206569
v -8.010000 0.537741 5.242600
v -8.000000 0.537741 5.242600
v -8.010000 0.487627 5.278874
v -8.000000 0.487627 5.278874
v -8.010000 0.438088 5.315720
v -8.000000 0.438088 5.315720
v -8.010000 0.389183 5.353120
v -8.000000 0.389183 5.353120
v -8.010000 0.340971 5.391055
v -8.000000 0.340971 5.391055
v -8.010000 0.293512 5.429509
v -8.000000 0.293512 5.429509
v -8.010000 0.246865 5.468464
v -8.000000 0.246865 5.468464
v -8.010000 0.201088 5.507903
v -8.000000 0.201088 5.507903
v -8.010000 0.156241 5.547807
v -8.000000 0.156241 5.547807
v -8.010000 0.112383 5.588160
v -8.000000 0.112383 5.588160
v -8.010000 0.069574 5.628943
v -8.000000 0.069574 5.628943
v -8.010000 0.027872 5.670139
v -8.000000 0.027872 5.670139
v -8.010000 -0.012664 5.711731
v -8.000000 -0.012664 5.711731
v -8.010000 -0.051974 5.753700
v -8.000000 -0.051974 5.753700
v -8.010000 -0.090000 5.796030
v -8.000000 -0.090000 5.796030
v -8.010000 0.854832 5.049899
v -8.010000 0.910000 5.000000
v -8.000000 0.854832 5.049899
v -8.000000 0.910000 5.000000
v -8.010000 0.800846 5.100000
v -8.000000 0.800846 5.100000
v -8.010000 0.747355 5.150926
v -8.000000 0.747355 5.150926
v -8.010000 0.694153 5.202896
v -8.000000 0.694153 5.202896
v -8.010000 0.641303 5.255881
v -8.000000 0.641303 5.255881
v -8.010000 0.588870 5.309854
v -8.000000 0.588870 5.309854
v -8.010000 0.537741 5.363901
v -8.000000 0.537741 5.363901
v -8.010000 0.487627 5.418312
v -8.000000 0.487627 5.418312
v -8.010000 0.438088 5.473580
v -8.000000 0.438088 5.473580
v -8.010000 0.389183 5.529679
v -8.000000 0.389183 5.529679
v -8.010000 0.340971 5.586583
v -8.000000 0.340971 5.586583
v -8.010000 0.293512 5.644264
v -8.000000 0.293512 5.644264
v -8.010000 0.246865 5.702696
v -8.000000 0.246865 5.702696
v -8.010000 0.201088 5.761854
v -8.000000 0.201088 5.761854
v -8.010000 0.156241 5.821711
v -8.000000 0.156241 5.821711
v -8.010000 0.112383 5.882240
v -8.000000 0.112383 5.882240
v -8.010000 0.069574 5.943415
v -8.000000 0.069574 5.943415
v -8.010000 0.027872 6.005208
v -8.000000 0.027872 6.005208
v -8.010000 -0.012664 6.067596
v -8.000000 -0.012664 6.067596
v -8.010000 -0.051974 6.130550
v -8.000000 -0.051974 6.130550
v -8.010000 -0.090000 6.194045
v -8.000000 -0.090000 6.194045
v -8.010000 0.854832 -5.033266
v -8.010000 0.854832 -5.049899
v -8.010000 0.910000 -5.000000
v -8.000000 0.854832 -5.033266
v -8.000000 0.854832 -5.049899
v -8.000000 0.910000 -5.000000
v -8.010000 0.800846 -5.066667
v -8.010000 0.800846 -5.100000
v -8.000000 0.800846 -5.066667
v -8.000000 0.800846 -5.100000
v -8.010000 0.747355 -5.100618
v -8.010000 0.747355 -5.150926
v -8.000000 0.747355 -5.100618
v -8.000000 0.747355 -5.150926
v -8.010000 0.694153 -5.135264
v -8.010000 0.694153 -5.202896
v -8.000000 0.694153 -5.135264
v -8.000000 0.694153 -5.202896
v -8.010000 0.641303 -5.170588
v -8.010000 0.641303 -5.255881
v -8.000000 0.641303 -5.170588
v -8.000000 0.641303 -5.255881
v -8.010000 0.588870 -5.206569
v -8.010000 0.588870 -5.309854
v -8.000000 0.588870 -5.206569
v -8.000000 0.588870 -5.309854
v -8.010000 0.537741 -5.242600
v -8.010000 0.537741 -5.363901
v -8.000000 0.537741 -5.242600
v -8.000000 0.537741 -5.363901
v -8.010000 0.487627 -5.278874
v -8.010000 0.487627 -5.418312
v -8.000000 0.487627 -5.278874
v -8.000000 0.487627 -5.418312
v -8.010000 0.438088 -5.315720
v -8.010000 0.438088 -5.473580
v -8.000000 0.438088 -5.315720
v -8.000000 0.438088 -5.473580
v -8.010000 0.389183 -5.353120
v -8.010000 0.389183 -5.529679
v -8.000000 0.389183 -5.353120
v -8.000000 0.389183 -5.529679
v -8.010000 0.340971 -5.391055
v -8.010000 0.340971 -5.586583
v -8.000000 0.340971 -5.391055
v -8.000000 0.340971 -5.586583
v -8.010000 0.293512 -5.429509
v -8.010000 0.293512 -5.644264
v -8.000000 0.293512 -5.429509
v -8.000000 0.293512 -5.644264
v -8.010000 0.246865 -5.468464
v -8.010000 0.246865 -5.702696
v -8.000000 0.246865 -5.468464
v -8.000000 0.246865 -5.702696
v -8.010000 0.201088 -5.507903
v -8.010000 0.201088 -5.761854
v -8.000000 0.201088 -5.507903
v -8.000000 0.201088 -5.761854
v -8.010000 0.156241 -5.547807
v -8.010000 0.156241 -5.821711
v -8.000000 0.156241 -5.547807
v -8.000000 0.156241 -5.821711
v -8.010000 0.112383 -5.588160
v -8.010000 0.112383 -5.882240
v -8.000000 0.112383 -5.588160
v -8.000000 0.112383 -5.882240
v -8.010000 0.069574 -5.628943
v -8.010000 0.069574 -5.943415
v -8.000000 0.069574 -5.628943
v -8.000000 0.069574 -5.943415
v -8.010000 0.027872 -5.670139
v -8.010000 0.027872 -6.005208
v -8.000000 0.027872 -5.670139
v -8.000000 0.027872 -6.005208
v -8.010000 -0.012664 -5.711731
v -8.010000 -0.012664 -6.067596
v -8.000000 -0.012664 -5.711731
v -8.000000 -0.012664 -6.067596
v -8.010000 -0.051974 -5.753700
v -8.010000 -0.051974 -6.130550
v -8.000000 -0.051974 -5.753700
v -8.000000 -0.051974 -6.130550
v -8.010000 -0.090000 -5.796030
v -8.010000 -0.090000 -6.194045
v -8.000000 -0.090000 -5.796030
v -8.000000 -0.090000 -6.194045
v -8.010000 0.854832 -5.016633
v -8.010000 0.910000 -5.000000
v -8.000000 0.854832 -5.016633
v -8.000000 0.910000 -5.000000
v -8.010000 0.800846 -5.033333
v -8.000000 0.800846 -5.033333
v -8.010000 0.747355 -5.050309
v -8.000000 0.747355 -5.050309
v -8.010000 0.694153 -5.067632
v -8.000000 0.694153 -5.067632
v -8.010000 0.641303 -5.085294
v -8.000000 0.641303 -5.085294
v -8.010000 0.588870 -5.103285
v -8.000000 0.588870 -5.103285
v -8.010000 0.537741 -5.121300
v -8.000000 0.537741 -5.121300
v -8.010000 0.487627 -5.139438
v -8.000000 0.487627 -5.139438
v -8.010000 0.438088 -5.157860
v -8.000000 0.438088 -5.157860
v -8.010000 0.389183 -5.176559
v -8.000000 0.389183 -5.176559
v -8.010000 0.340971 -5.195528
v -8.000000 0.340971 -5.195528
v -8.010000 0.293512 -5.214755
v -8.000000 0.293512 -5.214755
v -8.010000 0.246865 -5.234232
v -8.000000 0.246865 -5.234232
v -8.010000 0.201088 -5.253951
v -8.000000 0.201088 -5.253951
v -8.010000 0.156241 -5.273903
v -8.000000 0.156241 -5.273903
v -8.010000 0.112383 -5.294080
v -8.000000 0.112383 -5.294080
v -8.010000 0.069574 -5.314472
v -8.000000 0.069574 -5.314472
v -8.010000 0.027872 -5.335069
v -8.000000 0.027872 -5.335069
v -8.010000 -0.012664 -5.355865
v -8.000000 -0.012664 -5.355865
v -8.010000 -0.051974 -5.376850
v -8.000000 -0.051974 -5.376850
v -8.010000 -0.090000 -5.398015
v -8.000000 -0.090000 -5.398015
v -8.010000 0.854832 -5.000000
v -8.010000 0.910000 -5.000000
v -8.000000 0.854832 -5.000000
v -8.000000 0.910000 -5.000000
v -8.010000 0.800846 -5.000000
v -8.000000 0.800846 -5.000000
v -8.010000 0.747355 -5.000000
v -8.000000 0.747355 -5.000000
v -8.010000 0.694153 -5.000000
v -8.000000 0.694153 -5.000000
v -8.010000 0.641303 -5.000000
v -8.000000 0.641303 -5.000000
v -8.010000 0.588870 -5.000000
v -8.000000 0.588870 -5.000000
v -8.010000 0.537741 -5.000000
v -8.000000 0.537741 -5.000000
v -8.010000 0.487627 -5.000000
v -8.000000 0.487627 -5.000000
v -8.010000 0.438088 -5.000000
v -8.000000 0.438088 -5.000000
v -8.010000 0.389183 -5.000000
v -8.000000 0.389183 -5.000000
v -8.010000 0.340971 -5.000000
v -8.000000 0.340971 -5.000000
v -8.010000 0.293512 -5.000000
v -8.000000 0.293512 -5.000000
v -8.010000 0.246865 -5.000000
v -8.000000 0.246865 -5.000000
v -8.010000 0.201088 -5.000000
v -8.000000 0.201088 -5.000000
v -8.010000 0.156241 -5.000000
v -8.000000 0.156241 -5.000000
v -8.010000 0.112383 -5.000000
v -8.000000 0.112383 -5.000000
v -8.010000 0.069574 -5.000000
v -8.000000 0.069574 -5.000000
v -8.010000 0.027872 -5.000000
v -8.000000 0.027872 -5.000000
v -8.010000 -0.012664 -5.000000
v -8.000000 -0.012664 -5.000000
v -8.010000 -0.051974 -5.000000
v -8.000000 -0.051974 -5.000000
v -8.010000 -0.090000 -5.000000
v -8.000000 -0.090000 -5.000000
v -8.010000 0.854832 -4.983367
v -8.010000 0.910000 -5.000000
v -8.000000 0.854832 -4.983367
v -8.000000 0.910000 -5.000000
v -8.010000 0.800846 -4.966667
v -8.000000 0.800846 -4.966667
v -8.010000 0.747355 -4.949691
v -8.000000 0.747355 -4.949691
v -8.010000 0.694153 -4.932368
v -8.000000 0.694153 -4.932368
v -8.010000 0.641303 -4.914706
v -8.000000 0.641303 -4.914706
v -8.010000 0.588870 -4.896715
v -8.000000 0.588870 -4.896715
v -8.010000 0.537741 -4.878700
v -8.000000 0.537741 -4.878700
v -8.010000 0.487627 -4.860562
v -8.000000 0.487627 -4.860562
v -8.010000 0.438088 -4.842140
v -8.000000 0.438088 -4.842140
v -8.010000 0.389183 -4.823441
v -8.000000 0.389183 -4.823441
v -8.010000 0.340971 -4.804472
v -8.000000 0.340971 -4.804472
v -8.010000 0.293512 -4.785245
v -8.000000 0.293512 -4.785245
v -8.010000 0.246865 -4.765768
v -8.000000 0.246865 -4.765768
v -8.010000 0.201088 -4.746049
v -8.000000 0.201088 -4.746049
v -8.010000 0.156241 -4.726097
v -8.000000 0.156241 -4.726097
v -8.010000 0.112383 -4.705920
v -8.000000 0.112383 -4.705920
v -8.010000 0.069574 -4.685528
v -8.000000 0.069574 -4.685528
v -8.010000 0.027872 -4.664931
v -8.000000 0.027872 -4.664931
v -8.010000 -0.012664 -4.644135
v -8.000000 -0.012664 -4.644135
v -8.010000 -0.051974 -4.623150
v -8.000000 -0.051974 -4.623150
v -8.010000 -0.090000 -4.601985
v -8.000000 -0.090000 -4.601985
v -8.010000 0.854832 -4.966734
v -8.010000 0.910000 -5.000000
v -8.000000 0.854832 -4.966734
v -8.000000 0.910000 -5.000000
v -8.010000 0.800846 -4.933333
v -8.000000 0.800846 -4.933333
v -8.010000 0.747355 -4.899382
v -8.000000 0.747355 -4.899382
v -8.010000 0.694153 -4.864736
v -8.000000 0.694153 -4.864736
v -8.010000 0.641303 -4.829412
v -8.000000 0.641303 -4.829412
v -8.010000 0.588870 -4.793431
v -8.000000 0.588870 -4.793431
v -8.010000 0.537741 -4.757400
v -8.000000 0.537741 -4.757400
v -8.010000 0.487627 -4.721126
v -8.000000 0.487627 -4.721126
v -8.010000 0.438088 -4.684280
v -8.000000 0.438088 -4.684280
v -8.010000 0.389183 -4.646880
v -8.000000 0.389183 -4.646880
v -8.010000 0.340971 -4.608945
v -8.000000 0.340971 -4.608945
v -8.010000 0.293512 -4.570491
v -8.000000 0.293512 -4.570491
v -8.010000 0.246865 -4.531536
v -8.000000 0.246865 -4.531536
v -8.010000 0.201088 -4.492097
v -8.000000 0.201088 -4.492097
v -8.010000 0.156241 -4.452193
v -8.000000 0.156241 -4.452193
v -8.010000 0.112383 -4.411840
v -8.000000 0.112383 -4.411840
v -8.010000 0.069574 -4.371057
v -8.000000 0.069574 -4.371057
v -8.010000 0.027872 -4.329861
v -8.000000 0.027872 -4.329861
v -8.010000 -0.012664 -4.288269
v -8.000000 -0.012664 -4.288269
v -8.010000 -0.051974 -4.246300
v -8.000000 -0.051974 -4.246300
v -8.010000 -0.090000 -4.203970
v -8.000000 -0.090000 -4.203970
v -8.010000 0.854832 -4.950101
v -8.010000 0.910000 -5.000000
v -8.000000 0.854832 -4.950101
v -8.000000 0.910000 -5.000000
v -8.010000 0.800846 -4.900000
v -8.000000 0.800846 -4.900000
v -8.010000 0.747355 -4.849074
v -8.000000 0.747355 -4.849074
v -8.010000 0.694153 -4.797104
v -8.000000 0.694153 -4.797104
v -8.010000 0.641303 -4.744119
v -8.000000 0.641303 -4.744119
v -8.010000 0.588870 -4.690146
v -8.000000 0.588870 -4.690146
v -8.010000 0.537741 -4.636099
v -8.000000 0.537741 -4.636099
v -8.010000 0.487627 -4.581688
v -8.000000 0.487627 -4.581688
v -8.010000 0.438088 -4.526420
v -8.000000 0.438088 -4.526420
v -8.010000 0.389183 -4.470321
v -8.000000 0.389183 -4.470321
v -8.010000 0.340971 -4.413417
v -8.000000 0.340971 -4.413417
v -8.010000 0.293512 -4.355736
v -8.000000 0.293512 -4.355736
v -8.010000 0.246865 -4.297304
v -8.000000 0.246865 -4.297304
v -8.010000 0.201088 -4.238146
v -8.000000 0.201088 -4.238146
v -8.010000 0.156241 -4.178289
v -8.000000 0.156241 -4.178289
v -8.010000 0.112383 -4.117760
v -8.000000 0.112383 -4.117760
v -8.010000 0.069574 -4.056586
v -8.000000 0.069574 -4.056586
v -8.010000 0.027872 -3.994791
v -8.000000 0.027872 -3.994791
v -8.010000 -0.012664 -3.932404
v -8.000000 -0.012664 -3.932404
v -8.010000 -0.051974 -3.869450
v -8.000000 -0.051974 -3.869450
v -8.010000 -0.090000 -3.805955
v -8.000000 -0.090000 -3.805955
v -8.010000 -0.100822 -3.767605
v -8.010000 -0.090000 -3.766672
v -8.010000 -0.090000 -3.805955
v -8.000000 -0.100822 -3.767605
v -8.000000 -0.090000 -3.766672
v -8.000000 -0.090000 -3.805955
v -8.010000 -0.111353 -3.729373
v -8.010000 -0.090000 -3.727598
v -8.000000 -0.111353 -3.729373
v -8.000000 -0.090000 -3.727598
v -8.010000 -0.121874 -3.690190
v -8.010000 -0.090000 -3.687637
v -8.000000 -0.121874 -3.690190
v -8.000000 -0.090000 -3.687637
v -8.010000 -0.132086 -3.651131
v -8.010000 -0.090000 -3.647887
v -8.000000 -0.132086 -3.651131
v -8.000000 -0.090000 -3.647887
v -8.010000 -0.142036 -3.611992
v -8.010000 -0.090000 -3.608137
v -8.000000 -0.142036 -3.611992
v -8.000000 -0.090000 -3.608137
v -8.010000 -0.151721 -3.572778
v -8.010000 -0.090000 -3.568387
v -8.000000 -0.151721 -3.572778
v -8.000000 -0.090000 -3.568387
v -8.010000 -0.161132 -3.533489
v -8.010000 -0.090000 -3.528637
v -8.000000 -0.161132 -3.533489
v -8.000000 -0.090000 -3.528637
v -8.010000 -0.170265 -3.494129
v -8.010000 -0.090000 -3.488887
v -8.000000 -0.170265 -3.494129
v -8.000000 -0.090000 -3.488887
v -8.010000 -0.179113 -3.454701
v -8.010000 -0.090000 -3.449137
v -8.000000 -0.179113 -3.454701
v -8.000000 -0.090000 -3.449137
v -8.010000 -0.187670 -3.415208
v -8.010000 -0.090000 -3.409387
v -8.000000 -0.187670 -3.415208
v -8.000000 -0.090000 -3.409387
v -8.010000 -0.196188 -3.374389
v -8.010000 -0.090000 -3.368370
v -8.000000 -0.196188 -3.374389
v -8.000000 -0.090000 -3.368370
v -8.010000 -0.204449 -3.333174
v -8.010000 -0.090000 -3.327019
v -8.000000 -0.204449 -3.333174
v -8.000000 -0.090000 -3.327019
v -8.010000 -0.212373 -3.291897
v -8.010000 -0.090000 -3.285668
v -8.000000 -0.212373 -3.291897
v -8.000000 -0.090000 -3.285668
v -8.010000 -0.219956 -3.250561
v -8.010000 -0.090000 -3.244317
v -8.000000 -0.219956 -3.250561
v -8.000000 -0.090000 -3.244317
v -8.010000 -0.227189 -3.209170
v -8.010000 -0.090000 -3.202966
v -8.000000 -0.227189 -3.209170
v -8.000000 -0.090000 -3.202966
v -8.010000 -0.234066 -3.167726
v -8.010000 -0.090000 -3.161615
v -8.000000 -0.234066 -3.167726
v -8.000000 -0.090000 -3.161615
v -8.010000 -0.240579 -3.126233
v -8.010000 -0.090000 -3.120264
v -8.000000 -0.240579 -3.126233
v -8.000000 -0.090000 -3.120264
v -8.010000 -0.246723 -3.084693
v -8.010000 -0.090000 -3.078913
v -8.000000 -0.246723 -3.084693
v -8.000000 -0.090000 -3.078913
v -8.010000 -0.252489 -3.043110
v -8.010000 -0.090000 -3.037562
v -8.000000 -0.252489 -3.043110
v -8.000000 -0.090000 -3.037562
v -8.010000 -0.257872 -3.001487
v -8.010000 -0.090000 -2.996212
v -8.000000 -0.257872 -3.001487
v -8.000000 -0.090000 -2.996212
v -8.010000 -0.262864 -2.959827
v -8.010000 -0.090000 -2.954860
v -8.000000 -0.262864 -2.959827
v -8.000000 -0.090000 -2.954860
v -8.010000 -0.267458 -2.918133
v -8.010000 -0.090000 -2.913510
v -8.000000 -0.267458 -2.918133
v -8.000000 -0.090000 -2.913510
v -8.010000 -0.271648 -2.876407
v -8.010000 -0.090000 -2.872159
v -8.000000 -0.271648 -2.876407
v -8.000000 -0.090000 -2.872159
v -8.010000 -0.275426 -2.834654
v -8.010000 -0.090000 -2.830808
v -8.000000 -0.275426 -2.834654
v -8.000000 -0.090000 -2.830808
v -8.010000 -0.278785 -2.792877
v -8.010000 -0.090000 -2.789457
v -8.000000 -0.278785 -2.792877
v -8.000000 -0.090000 -2.789457
v -8.010000 -0.281719 -2.751077
v -8.010000 -0.090000 -2.748106
v -8.000000 -0.281719 -2.751077
v -8.000000 -0.090000 -2.748106
v -8.010000 -0.284220 -2.709259
v -8.010000 -0.090000 -2.706755
v -8.000000 -0.284220 -2.709259
v -8.000000 -0.090000 -2.706755
v -8.010000 -0.286283 -2.667426
v -8.010000 -0.090000 -2.665404
v -8.000000 -0.286283 -2.667426
v -8.000000 -0.090000 -2.665404
v -8.010000 -0.287899 -2.625580
v -8.010000 -0.090000 -2.624053
v -8.000000 -0.287899 -2.625580
v -8.000000 -0.090000 -2.624053
v -8.010000 -0.289061 -2.583725
v -8.010000 -0.090000 -2.582702
v -8.000000 -0.289061 -2.583725
v -8.000000 -0.090000 -2.582702
v -8.010000 -0.289764 -2.541864
v -8.010000 -0.090000 -2.541351
v -8.000000 -0.289764 -2.541864
v -8.000000 -0.090000 -2.541351
v -8.010000 -0.290000 -2.500000
v -8.010000 -0.090000 -2.500000
v -8.000000 -0.290000 -2.500000
v -8.000000 -0.090000 -2.500000
v -8.010000 -0.111645 -3.768538
v -8.010000 -0.090000 -3.805955
v -8.000000 -0.111645 -3.768538
v -8.000000 -0.090000 -3.805955
v -8.010000 -0.132706 -3.731149
v -8.000000 -0.132706 -3.731149
v -8.010000 -0.153749 -3.692743
v -8.000000 -0.153749 -3.692743
v -8.010000 -0.174171 -3.654375
v -8.000000 -0.174171 -3.654375
v -8.010000 -0.194073 -3.615848
v -8.000000 -0.194073 -3.615848
v -8.010000 -0.213442 -3.577168
v -8.000000 -0.213442 -3.577168
v -8.010000 -0.232265 -3.538341
v -8.000000 -0.232265 -3.538341
v -8.010000 -0.250531 -3.499372
v -8.000000 -0.250531 -3.499372
v -8.010000 -0.268227 -3.460266
v -8.000000 -0.268227 -3.460266
v -8.010000 -0.285341 -3.421029
v -8.000000 -0.285341 -3.421029
v -8.010000 -0.302377 -3.380409
v -8.000000 -0.302377 -3.380409
v -8.010000 -0.318897 -3.339329
v -8.000000 -0.318897 -3.339329
v -8.010000 -0.334747 -3.298126
v -8.000000 -0.334747 -3.298126
v -8.010000 -0.349911 -3.256806
v -8.000000 -0.349911 -3.256806
v -8.010000 -0.364377 -3.215374
v -8.000000 -0.364377 -3.215374
v -8.010000 -0.378131 -3.173837
v -8.000000 -0.378131 -3.173837
v -8.010000 -0.391158 -3.132201
v -8.000000 -0.391158 -3.132201
v -8.010000 -0.403446 -3.090473
v -8.000000 -0.403446 -3.090473
v -8.010000 -0.414979 -3.048658
v -8.000000 -0.414979 -3.048658
v -8.010000 -0.425744 -3.006763
v -8.000000 -0.425744 -3.006763
v -8.010000 -0.435728 -2.964793
v -8.000000 -0.435728 -2.964793
v -8.010000 -0.444917 -2.922755
v -8.000000 -0.444917 -2.922755
v -8.010000 -0.453295 -2.880656
v -8.000000 -0.453295 -2.880656
v -8.010000 -0.460851 -2.838501
v -8.000000 -0.460851 -2.838501
v -8.010000 -0.467570 -2.796297
v -8.000000 -0.467570 -2.796297
v -8.010000 -0.473438 -2.754049
v -8.000000 -0.473438 -2.754049
v -8.010000 -0.478441 -2.711764
v -8.000000 -0.478441 -2.711764
v -8.010000 -0.482565 -2.669448
v -8.000000 -0.482565 -2.669448
v -8.010000 -0.485797 -2.627108
v -8.000000 -0.485797 -2.627108
v -8.010000 -0.488123 -2.584749
v -8.000000 -0.488123 -2.584749
v -8.010000 -0.489528 -2.542377
v -8.000000 -0.489528 -2.542377
v -8.010000 -0.490000 -2.500000
v -8.000000 -0.490000 -2.500000
v -8.010000 -0.100822 -1.232395
v -8.010000 -0.090000 -1.194045
v -8.010000 -0.090000 -1.233328
v -8.000000 -0.100822 -1.232395
v -8.000000 -0.090000 -1.194045
v -8.000000 -0.090000 -1.233328
v -8.010000 -0.111353 -1.270627
v -8.010000 -0.090000 -1.272402
v -8.000000 -0.111353 -1.270627
v -8.000000 -0.090000 -1.272402
v -8.010000 -0.121874 -1.309810
v -8.010000 -0.090000 -1.312363
v -8.000000 -0.121874 -1.309810
v -8.000000 -0.090000 -1.312363
v -8.010000 -0.132086 -1.348869
v -8.010000 -0.090000 -1.352113
v -8.000000 -0.132086 -1.348869
v -8.000000 -0.090000 -1.352113
v -8.010000 -0.142036 -1.388007
v -8.010000 -0.090000 -1.391863
v -8.000000 -0.142036 -1.388007
v -8.000000 -0.090000 -1.391863
v -8.010000 -0.151721 -1.427222
v -8.010000 -0.090000 -1.431613
v -8.000000 -0.151721 -1.427222
v -8.000000 -0.090000 -1.431613
v -8.010000 -0.161132 -1.466511
v -8.010000 -0.090000 -1.471363
v -8.000000 -0.161132 -1.466511
v -8.000000 -0.090000 -1.471363
v -8.010000 -0.170265 -1.505870
v -8.010000 -0.090000 -1.511113
v -8.000000 -0.170265 -1.505870
v -8.000000 -0.090000 -1.511113
v -8.010000 -0.179113 -1.545298
v -8.010000 -0.090000 -1.550863
v -8.000000 -0.179113 -1.545298
v -8.000000 -0.090000 -1.550863
v -8.010000 -0.187670 -1.584792
v -8.010000 -0.090000 -1.590613
v -8.000000 -0.187670 -1.584792
v -8.000000 -0.090000 -1.590613
v -8.010000 -0.196188 -1.625611
v -8.010000 -0.090000 -1.631630
v -8.000000 -0.196188 -1.625611
v -8.000000 -0.090000 -1.631630
v -8.010000 -0.204449 -1.666826
v -8.010000 -0.090000 -1.672981
v -8.000000 -0.204449 -1.666826
v -8.000000 -0.090000 -1.672981
v -8.010000 -0.212373 -1.708103
v -8.010000 -0.090000 -1.714332
v -8.000000 -0.212373 -1.708103
v -8.000000 -0.090000 -1.714332
v -8.010000 -0.219956 -1.749439
v -8.010000 -0.090000 -1.755683
v -8.000000 -0.219956 -1.749439
v -8.000000 -0.090000 -1.755683
v -8.010000 -0.227189 -1.790830
v -8.010000 -0.090000 -1.797034
v -8.000000 -0.227189 -1.790830
v -8.000000 -0.090000 -1.797034
v -8.010000 -0.234066 -1.832274
v -8.010000 -0.090000 -1.838385
v -8.000000 -0.234066 -1.832274
v -8.000000 -0.090000 -1.838385
v -8.010000 -0.240579 -1.873767
v -8.010000 -0.090000 -1.879736
v -8.000000 -0.240579 -1.873767
v -8.000000 -0.090000 -1.879736
v -8.010000 -0.246723 -1.915307
v -8.010000 -0.090000 -1.921087
v -8.000000 -0.246723 -1.915307
v -8.000000 -0.090000 -1.921087
v -8.010000 -0.252489 -1.956890
v -8.010000 -0.090000 -1.962438
v -8.000000 -0.252489 -1.956890
v -8.000000 -0.090000 -1.962438
v -8.010000 -0.257872 -1.998513
v -8.010000 -0.090000 -2.003789
v -8.000000 -0.257872 -1.998513
v -8.000000 -0.090000 -2.003789
v -8.010000 -0.262864 -2.040173
v -8.010000 -0.090000 -2.045140
v -8.000000 -0.262864 -2.040173
v -8.000000 -0.090000 -2.045140
v -8.010000 -0.267458 -2.081867
v -8.010000 -0.090000 -2.086490
v -8.000000 -0.267458 -2.081867
v -8.000000 -0.090000 -2.086490
v -8.010000 -0.271648 -2.123593
v -8.010000 -0.090000 -2.127841
v -8.000000 -0.271648 -2.123593
v -8.000000 -0.090000 -2.127841
v -8.010000 -0.275426 -2.165346
v -8.010000 -0.090000 -2.169192
v -8.000000 -0.275426 -2.165346
v -8.000000 -0.090000 -2.169192
v -8.010000 -0.278785 -2.207123
v -8.010000 -0.090000 -2.210543
v -8.000000 -0.278785 -2.207123
v -8.000000 -0.090000 -2.210543
v -8.010000 -0.281719 -2.248923
v -8.010000 -0.090000 -2.251894
v -8.000000 -0.281719 -2.248923
v -8.000000 -0.090000 -2.251894
v -8.010000 -0.284220 -2.290741
v -8.010000 -0.090000 -2.293245
v -8.000000 -0.284220 -2.290741
v -8.000000 -0.090000 -2.293245
v -8.010000 -0.286283 -2.332574
v -8.010000 -0.090000 -2.334596
v -8.000000 -0.286283 -2.332574
v -8.000000 -0.090000 -2.334596
v -8.010000 -0.287899 -2.374420
v -8.010000 -0.090000 -2.375947
v -8.000000 -0.287899 -2.374420
v -8.000000 -0.090000 -2.375947
v -8.010000 -0.289061 -2.416275
v -8.010000 -0.090000 -2.417298
v -8.000000 -0.289061 -2.416275
v -8.000000 -0.090000 -2.417298
v -8.010000 -0.289764 -2.458136
v -8.010000 -0.090000 -2.458649
v -8.000000 -0.289764 -2.458136
v -8.000000 -0.090000 -2.458649
v -8.010000 -0.290000 -2.500000
v -8.010000 -0.090000 -2.500000
v -8.000000 -0.290000 -2.500000
v -8.000000 -0.090000 -2.500000
v -8.010000 -0.111645 -1.231462
v -8.010000 -0.090000 -1.194045
v -8.000000 -0.111645 -1.231462
v -8.000000 -0.090000 -1.194045
v -8.010000 -0.132706 -1.268851
v -8.000000 -0.132706 -1.268851
v -8.010000 -0.153749 -1.307257
v -8.000000 -0.153749 -1.307257
v -8.010000 -0.174171 -1.345625
v -8.000000 -0.174171 -1.345625
v -8.010000 -0.194073 -1.384152
v -8.000000 -0.194073 -1.384152
v -8.010000 -0.213442 -1.422832
v -8.000000 -0.213442 -1.422832
v -8.010000 -0.232265 -1.461659
v -8.000000 -0.232265 -1.461659
v -8.010000 -0.250531 -1.500628
v -8.000000 -0.250531 -1.500628
v -8.010000 -0.268227 -1.539734
v -8.000000 -0.268227 -1.539734
v -8.010000 -0.285341 -1.578971
v -8.000000 -0.285341 -1.578971
v -8.010000 -0.302377 -1.619591
v -8.000000 -0.302377 -1.619591
v -8.010000 -0.318897 -1.660671
v -8.000000 -0.318897 -1.660671
v -8.010000 -0.334747 -1.701874
v -8.000000 -0.334747 -1.701874
v -8.010000 -0.349911 -1.743194
v -8.000000 -0.349911 -1.743194
v -8.010000 -0.364377 -1.784626
v -8.000000 -0.364377 -1.784626
v -8.010000 -0.378131 -1.826163
v -8.000000 -0.378131 -1.826163
v -8.010000 -0.391158 -1.867799
v -8.000000 -0.391158 -1.867799
v -8.010000 -0.403446 -1.909527
v -8.000000 -0.403446 -1.909527
v -8.010000 -0.414979 -1.951342
v -8.000000 -0.414979 -1.951342
v -8.010000 -0.425744 -1.993237
v -8.000000 -0.425744 -1.993237
v -8.010000 -0.435728 -2.035207
v -8.000000 -0.435728 -2.035207
v -8.010000 -0.444917 -2.077245
v -8.000000 -0.444917 -2.077245
v -8.010000 -0.453295 -2.119344
v -8.000000 -0.453295 -2.119344
v -8.010000 -0.460851 -2.161499
v -8.000000 -0.460851 -2.161499
v -8.010000 -0.467570 -2.203703
v -8.000000 -0.467570 -2.203703
v -8.010000 -0.473438 -2.245951
v -8.000000 -0.473438 -2.245951
v -8.010000 -0.478441 -2.288236
v -8.000000 -0.478441 -2.288236
v -8.010000 -0.482565 -2.330552
v -8.000000 -0.482565 -2.330552
v -8.010000 -0.485797 -2.372892
v -8.000000 -0.485797 -2.372892
v -8.010000 -0.488123 -2.415251
v -8.000000 -0.488123 -2.415251
v -8.010000 -0.489528 -2.457623
v -8.000000 -0.489528 -2.457623
v -8.010000 -0.490000 -2.500000
v -8.000000 -0.490000 -2.500000
v -8.010000 -0.100822 -6.232395
v -8.010000 -0.090000 -6.194045
v -8.010000 -0.090000 -6.233328
v -8.000000 -0.100822 -6.232395
v -8.000000 -0.090000 -6.194045
v -8.000000 -0.090000 -6.233328
v -8.010000 -0.111353 -6.270627
v -8.010000 -0.090000 -6.272402
v -8.000000 -0.111353 -6.270627
v -8.000000 -0.090000 -6.272402
v -8.010000 -0.121874 -6.309810
v -8.010000 -0.090000 -6.312363
v -8.000000 -0.121874 -6.309810
v -8.000000 -0.090000 -6.312363
v -8.010000 -0.132086 -6.348869
v -8.010000 -0.090000 -6.352113
v -8.000000 -0.132086 -6.348869
v -8.000000 -0.090000 -6.352113
v -8.010000 -0.142036 -6.388007
v -8.010000 -0.090000 -6.391863
v -8.000000 -0.142036 -6.388007
v -8.000000 -0.090000 -6.391863
v -8.010000 -0.151721 -6.427222
v -8.010000 -0.090000 -6.431613
v -8.000000 -0.151721 -6.427222
v -8.000000 -0.090000 -6.431613
v -8.010000 -0.161132 -6.466511
v -8.010000 -0.090000 -6.471363
v -8.000000 -0.161132 -6.466511
v -8.000000 -0.090000 -6.471363
v -8.010000 -0.170265 -6.505871
v -8.010000 -0.090000 -6.511113
v -8.000000 -0.170265 -6.505871
v -8.000000 -0.090000 -6.511113
v -8.010000 -0.179113 -6.545299
v -8.010000 -0.090000 -6.550863
v -8.000000 -0.179113 -6.545299
v -8.000000 -0.090000 -6.550863
v -8.010000 -0.187670 -6.584792
v -8.010000 -0.090000 -6.590613
v -8.000000 -0.187670 -6.584792
v -8.000000 -0.090000 -6.590613
v -8.010000 -0.196188 -6.625611
v -8.010000 -0.090000 -6.631630
v -8.000000 -0.196188 -6.625611
v -8.000000 -0.090000 -6.631630
v -8.010000 -0.204449 -6.666826
v -8.010000 -0.090000 -6.672981
v -8.000000 -0.204449 -6.666826
v -8.000000 -0.090000 -6.672981
v -8.010000 -0.212373 -6.708103
v -8.010000 -0.090000 -6.714332
v -8.000000 -0.212373 -6.708103
v -8.000000 -0.090000 -6.714332
v -8.010000 -0.219956 -6.749438
v -8.010000 -0.090000 -6.755683
v -8.000000 -0.219956 -6.749438
v -8.000000 -0.090000 -6.755683
v -8.010000 -0.227189 -6.790830
v -8.010000 -0.090000 -6.797034
v -8.000000 -0.227189 -6.790830
v -8.000000 -0.090000 -6.797034
v -8.010000 -0.234066 -6.832274
v -8.010000 -0.090000 -6.838385
v -8.000000 -0.234066 -6.832274
v -8.000000 -0.090000 -6.838385
v -8.010000 -0.240579 -6.873767
v -8.010000 -0.090000 -6.879736
v -8.000000 -0.240579 -6.873767
v -8.000000 -0.090000 -6.879736
v -8.010000 -0.246723 -6.915307
v -8.010000 -0.090000 -6.921087
v -8.000000 -0.246723 -6.915307
v -8.000000 -0.090000 -6.921087
v -8.010000 -0.252489 -6.956890
v -8.010000 -0.090000 -6.962438
v -8.000000 -0.252489 -6.956890
v -8.000000 -0.090000 -6.962438
v -8.010000 -0.257872 -6.998513
v -8.010000 -0.090000 -7.003788
v -8.000000 -0.257872 -6.998513
v -8.000000 -0.090000 -7.003788
v -8.010000 -0.262864 -7.040174
v -8.010000 -0.090000 -7.045140
v -8.000000 -0.262864 -7.040174
v -8.000000 -0.090000 -7.045140
v -8.010000 -0.267458 -7.081868
v -8.010000 -0.090000 -7.086491
v -8.000000 -0.267458 -7.081868
v -8.000000 -0.090000 -7.086491
v -8.010000 -0.271648 -7.123593
v -8.010000 -0.090000 -7.127841
v -8.000000 -0.271648 -7.123593
v -8.000000 -0.090000 -7.127841
v -8.010000 -0.275426 -7.165346
v -8.010000 -0.090000 -7.169192
v -8.000000 -0.275426 -7.165346
v -8.000000 -0.090000 -7.169192
v -8.010000 -0.278785 -7.207124
v -8.010000 -0.090000 -7.210544
v -8.000000 -0.278785 -7.207124
v -8.000000 -0.090000 -7.210544
v -8.010000 -0.281719 -7.248923
v -8.010000 -0.090000 -7.251894
v -8.000000 -0.281719 -7.248923
v -8.000000 -0.090000 -7.251894
v -8.010000 -0.284220 -7.290740
v -8.010000 -0.090000 -7.293245
v -8.000000 -0.284220 -7.290740
v -8.000000 -0.090000 -7.293245
v -8.010000 -0.286283 -7.332574
v -8.010000 -0.090000 -7.334596
v -8.000000 -0.286283 -7.332574
v -8.000000 -0.090000 -7.334596
v -8.010000 -0.287899 -7.374419
v -8.010000 -0.090000 -7.375947
v -8.000000 -0.287899 -7.374419
v -8.000000 -0.090000 -7.375947
v -8.010000 -0.289061 -7.416275
v -8.010000 -0.090000 -7.417298
v -8.000000 -0.289061 -7.416275
v -8.000000 -0.090000 -7.417298
v -8.010000 -0.289764 -7.458136
v -8.010000 -0.090000 -7.458649
v -8.000000 -0.289764 -7.458136
v -8.000000 -0.090000 -7.458649
v -8.010000 -0.290000 -7.500000
v -8.010000 -0.090000 -7.500000
v -8.000000 -0.290000 -7.500000
v -8.000000 -0.090000 -7.500000
v -8.010000 -0.111645 -6.231462
v -8.010000 -0.090000 -6.194045
v -8.000000 -0.111645 -6.231462
v -8.000000 -0.090000 -6.194045
v -8.010000 -0.132706 -6.268851
v -8.000000 -0.132706 -6.268851
v -8.010000 -0.153749 -6.307257
v -8.000000 -0.153749 -6.307257
v -8.010000 -0.174171 -6.345625
v -8.000000 -0.174171 -6.345625
v -8.010000 -0.194073 -6.384152
v -8.000000 -0.194073 -6.384152
v -8.010000 -0.213442 -6.422832
v -8.000000 -0.213442 -6.422832
v -8.010000 -0.232265 -6.461659
v -8.000000 -0.232265 -6.461659
v -8.010000 -0.250531 -6.500628
v -8.000000 -0.250531 -6.500628
v -8.010000 -0.268227 -6.539734
v -8.000000 -0.268227 -6.539734
v -8.010000 -0.285341 -6.578971
v -8.000000 -0.285341 -6.578971
v -8.010000 -0.302377 -6.619591
v -8.000000 -0.302377 -6.619591
v -8.010000 -0.318897 -6.660671
v -8.000000 -0.318897 -6.660671
v -8.010000 -0.334747 -6.701873
v -8.000000 -0.334747 -6.701873
v -8.010000 -0.349911 -6.743194
v -8.000000 -0.349911 -6.743194
v -8.010000 -0.364377 -6.784626
v -8.000000 -0.364377 -6.784626
v -8.010000 -0.378131 -6.826163
v -8.000000 -0.378131 -6.826163
v -8.010000 -0.391158 -6.867799
v -8.000000 -0.391158 -6.867799
v -8.010000 -0.403446 -6.909527
v -8.000000 -0.403446 -6.909527
v -8.010000 -0.414979 -6.951342
v -8.000000 -0.414979 -6.951342
v -8.010000 -0.425744 -6.993237
v -8.000000 -0.425744 -6.993237
v -8.010000 -0.435728 -7.035207
v -8.000000 -0.435728 -7.035207
v -8.010000 -0.444917 -7.077245
v -8.000000 -0.444917 -7.077245
v -8.010000 -0.453295 -7.119344
v -8.000000 -0.453295 -7.119344
v -8.010000 -0.460851 -7.161499
v -8.000000 -0.460851 -7.161499
v -8.010000 -0.467570 -7.203703
v -8.000000 -0.467570 -7.203703
v -8.010000 -0.473438 -7.245951
v -8.000000 -0.473438 -7.245951
v -8.010000 -0.478441 -7.288236
v -8.000000 -0.478441 -7.288236
v -8.010000 -0.482565 -7.330552
v -8.000000 -0.482565 -7.330552
v -8.010000 -0.485797 -7.372892
v -8.000000 -0.485797 -7.372892
v -8.010000 -0.488123 -7.415251
v -8.000000 -0.488123 -7.415251
v -8.010000 -0.489528 -7.457623
v -8.000000 -0.489528 -7.457623
v -8.010000 -0.490000 -7.500000
v -8.000000 -0.490000 -7.500000
v -8.010000 -0.100822 6.232395
v -8.010000 -0.090000 6.233328
v -8.010000 -0.090000 6.194045
v -8.000000 -0.100822 6.232395
v -8.000000 -0.090000 6.233328
v -8.000000 -0.090000 6.194045
v -8.010000 -0.111353 6.270627
v -8.010000 -0.090000 6.272402
v -8.000000 -0.111353 6.270627
v -8.000000 -0.090000 6.272402
v -8.010000 -0.121874 6.309810
v -8.010000 -0.090000 6.312363
v -8.000000 -0.121874 6.309810
v -8.000000 -0.090000 6.312363
v -8.010000 -0.132086 6.348869
v -8.010000 -0.090000 6.352113
v -8.000000 -0.132086 6.348869
v -8.000000 -0.090000 6.352113
v -8.010000 -0.142036 6.388007
v -8.010000 -0.090000 6.391863
v -8.000000 -0.142036 6.388007
v -8.000000 -0.090000 6.391863
v -8.010000 -0.151721 6.427222
v -8.010000 -0.090000 6.431613
v -8.000000 -0.151721 6.427222
v -8.000000 -0.090000 6.431613
v -8.010000 -0.161132 6.466511
v -8.010000 -0.090000 6.471363
v -8.000000 -0.161132 6.466511
v -8.000000 -0.090000 6.471363
v -8.010000 -0.170265 6.505871
v -8.010000 -0.090000 6.511113
v -8.000000 -0.170265 6.505871
v -8.000000 -0.090000 6.511113
v -8.010000 -0.179113 6.545299
v -8.010000 -0.090000 6.550863
v -8.000000 -0.179113 6.545299
v -8.000000 -0.090000 6.550863
v -8.010000 -0.187670 6.584792
v -8.010000 -0.090000 6.590613
v -8.000000 -0.187670 6.584792
v -8.000000 -0.090000 6.590613
v -8.010000 -0.196188 6.625611
v -8.010000 -0.090000 6.631630
v -8.000000 -0.196188 6.625611
v -8.000000 -0.090000 6.631630
v -8.010000 -0.204449 6.666826
v -8.010000 -0.090000 6.672981
v -8.000000 -0.204449 6.666826
v -8.000000 -0.090000 6.672981
v -8.010000 -0.212373 6.708103
v -8.010000 -0.090000 6.714332
v -8.000000 -0.212373 6.708103
v -8.000000 -0.090000 6.714332
v -8.010000 -0.219956 6.749438
v -8.010000 -0.090000 6.755683
v -8.000000 -0.219956 6.749438
v -8.000000 -0.090000 6.755683
v -8.010000 -0.227189 6.790830
v -8.010000 -0.090000 6.797034
v -8.000000 -0.227189 6.790830
v -8.000000 -0.090000 6.797034
v -8.010000 -0.234066 6.832274
v -8.010000 -0.090000 6.838385
v -8.000000 -0.234066 6.832274
v -8.000000 -0.090000 6.838385
v -8.010000 -0.240579 6.873767
v -8.010000 -0.090000 6.879736
v -8.000000 -0.240579 6.873767
v -8.000000 -0.090000 6.879736
v -8.010000 -0.246723 6.915307
v -8.010000 -0.090000 6.921087
v -8.000000 -0.246723 6.915307
v -8.000000 -0.090000 6.921087
v -8.010000 -0.252489 6.956890
v -8.010000 -0.090000 6.962438
v -8.000000 -0.252489 6.956890
v -8.000000 -0.090000 6.962438
v -8.010000 -0.257872 6.998513
v -8.010000 -0.090000 7.003788
v -8.000000 -0.257872 6.998513
v -8.000000 -0.090000 7.003788
v -8.010000 -0.262864 7.040174
v -8.010000 -0.090000 7.045140
v -8.000000 -0.262864 7.040174
v -8.000000 -0.090000 7.045140
v -8.010000 -0.267458 7.081868
v -8.010000 -0.090000 7.086491
v -8.000000 -0.267458 7.081868
v -8.000000 -0.090000 7.086491
v -8.010000 -0.271648 7.123593
v -8.010000 -0.090000 7.127841
v -8.000000 -0.271648 7.123593
v -8.000000 -0.090000 7.127841
v -8.010000 -0.275426 7.165346
v -8.010000 -0.090000 7.169192
v -8.000000 -0.275426 7.165346
v -8.000000 -0.090000 7.169192
v -8.010000 -0.278785 7.207124
v -8.010000 -0.090000 7.210544
v -8.000000 -0.278785 7.207124
v -8.000000 -0.090000 7.210544
v -8.010000 -0.281719 7.248923
v -8.010000 -0.090000 7.251894
v -8.000000 -0.281719 7.248923
v -8.000000 -0.090000 7.251894
v -8.010000 -0.284220 7.290740
v -8.010000 -0.090000 7.293245
v -8.000000 -0.284220 7.290740
v -8.000000 -0.090000 7.293245
v -8.010000 -0.286283 7.332574
v -8.010000 -0.090000 7.334596
v -8.000000 -0.286283 7.332574
v -8.000000 -0.090000 7.334596
v -8.010000 -0.287899 7.374419
v -8.010000 -0.090000 7.375947
v -8.000000 -0.287899 7.374419
v -8.000000 -0.090000 7.375947
v -8.010000 -0.289061 7.416275
v -8.010000 -0.090000 7.417298
v -8.000000 -0.289061 7.416275
v -8.000000 -0.090000 7.417298
v -8.010000 -0.289764 7.458136
v -8.010000 -0.090000 7.458649
v -8.000000 -0.289764 7.458136
v -8.000000 -0.090000 7.458649
v -8.010000 -0.290000 7.500000
v -8.010000 -0.090000 7.500000
v -8.000000 -0.290000 7.500000
v -8.000000 -0.090000 7.500000
v -8.010000 -0.111645 6.231462
v -8.010000 -0.090000 6.194045
v -8.000000 -0.111645 6.231462
v -8.000000 -0.090000 6.194045
v -8.010000 -0.132706 6.268851
v -8.000000 -0.132706 6.268851
v -8.010000 -0.153749 6.307257
v -8.000000 -0.153749 6.307257
v -8.010000 -0.174171 6.345625
v -8.000000 -0.174171 6.345625
v -8.010000 -0.194073 6.384152
v -8.000000 -0.194073 6.384152
v -8.010000 -0.213442 6.422832
v -8.000000 -0.213442 6.422832
v -8.010000 -0.232265 6.461659
v -8.000000 -0.232265 6.461659
v -8.010000 -0.250531 6.500628
v -8.000000 -0.250531 6.500628
v -8.010000 -0.268227 6.539734
v -8.000000 -0.268227 6.539734
v -8.010000 -0.285341 6.578971
v -8.000000 -0.285341 6.578971
v -8.010000 -0.302377 6.619591
v -8.000000 -0.302377 6.619591
v -8.010000 -0.318897 6.660671
v -8.000000 -0.318897 6.660671
v -8.010000 -0.334747 6.701873
v -8.000000 -0.334747 6.701873
v -8.010000 -0.349911 6.743194
v -8.000000 -0.349911 6.743194
v -8.010000 -0.364377 6.784626
v -8.000000 -0.364377 6.784626
v -8.010000 -0.378131 6.826163
v -8.000000 -0.378131 6.826163
v -8.010000 -0.391158 6.867799
v -8.000000 -0.391158 6.867799
v -8.010000 -0.403446 6.909527
v -8.000000 -0.403446 6.909527
v -8.010000 -0.414979 6.951342
v -8.000000 -0.414979 6.951342
v -8.010000 -0.425744 6.993237
v -8.000000 -0.425744 6.993237
v -8.010000 -0.435728 7.035207
v -8.000000 -0.435728 7.035207
v -8.010000 -0.444917 7.077245
v -8.000000 -0.444917 7.077245
v -8.010000 -0.453295 7.119344
v -8.000000 -0.453295 7.119344
v -8.010000 -0.460851 7.161499
v -8.000000 -0.460851 7.161499
v -8.010000 -0.467570 7.203703
v -8.000000 -0.467570 7.203703
v -8.010000 -0.473438 7.245951
v -8.000000 -0.473438 7.245951
v -8.010000 -0.478441 7.288236
v -8.000000 -0.478441 7.288236
v -8.010000 -0.482565 7.330552
v -8.000000 -0.482565 7.330552
v -8.010000 -0.485797 7.372892
v -8.000000 -0.485797 7.372892
v -8.010000 -0.488123 7.415251
v -8.000000 -0.488123 7.415251
v -8.010000 -0.489528 7.457623
v -8.000000 -0.489528 7.457623
v -8.010000 -0.490000 7.500000
v -8.000000 -0.490000 7.500000
v -8.010000 -0.100822 1.232395
v -8.010000 -0.090000 1.233328
v -8.010000 -0.090000 1.194045
v -8.000000 -0.100822 1.232395
v -8.000000 -0.090000 1.233328
v -8.000000 -0.090000 1.194045
v -8.010000 -0.111353 1.270627
v -8.010000 -0.090000 1.272402
v -8.000000 -0.111353 1.270627
v -8.000000 -0.090000 1.272402
v -8.010000 -0.121874 1.309810
v -8.010000 -0.090000 1.312363
v -8.000000 -0.121874 1.309810
v -8.000000 -0.090000 1.312363
v -8.010000 -0.132086 1.348869
v -8.010000 -0.090000 1.352113
v -8.000000 -0.132086 1.348869
v -8.000000 -0.090000 1.352113
v -8.010000 -0.142036 1.388007
v -8.010000 -0.090000 1.391863
v -8.000000 -0.142036 1.388007
v -8.000000 -0.090000 1.391863
v -8.010000 -0.151721 1.427222
v -8.010000 -0.090000 1.431613
v -8.000000 -0.151721 1.427222
v -8.000000 -0.090000 1.431613
v -8.010000 -0.161132 1.466511
v -8.010000 -0.090000 1.471363
v -8.000000 -0.161132 1.466511
v -8.000000 -0.090000 1.471363
v -8.010000 -0.170265 1.505870
v -8.010000 -0.090000 1.511113
v -8.000000 -0.170265 1.505870
v -8.000000 -0.090000 1.511113
v -8.010000 -0.179113 1.545298
v -8.010000 -0.090000 1.550863
v -8.000000 -0.179113 1.545298
v -8.000000 -0.090000 1.550863
v -8.010000 -0.187670 1.584792
v -8.010000 -0.090000 1.590613
v -8.000000 -0.187670 1.584792
v -8.000000 -0.090000 1.590613
v -8.010000 -0.196188 1.625611
v -8.010000 -0.090000 1.631630
v -8.000000 -0.196188 1.625611
v -8.000000 -0.090000 1.631630
v -8.010000 -0.204449 1.666826
v -8.010000 -0.090000 1.672981
v -8.000000 -0.204449 1.666826
v -8.000000 -0.090000 1.672981
v -8.010000 -0.212373 1.708103
v -8.010000 -0.090000 1.714332
v -8.000000 -0.212373 1.708103
v -8.000000 -0.090000 1.714332
v -8.010000 -0.219956 1.749439
v -8.010000 -0.090000 1.755683
v -8.000000 -0.219956 1.749439
v -8.000000 -0.090000 1.755683
v -8.010000 -0.227189 1.790830
v -8.010000 -0.090000 1.797034
v -8.000000 -0.227189 1.790830
v -8.000000 -0.090000 1.797034
v -8.010000 -0.234066 1.832274
v -8.010000 -0.090000 1.838385
v -8.000000 -0.234066 1.832274
v -8.000000 -0.090000 1.838385
v -8.010000 -0.240579 1.873767
v -8.010000 -0.090000 1.879736
v -8.000000 -0.240579 1.873767
v -8.000000 -0.090000 1.879736
v -8.010000 -0.246723 1.915307
v -8.010000 -0.090000 1.921087
v -8.000000 -0.246723 1.915307
v -8.000000 -0.090000 1.921087
v -8.010000 -0.252489 1.956890
v -8.010000 -0.090000 1.962438
v -8.000000 -0.252489 1.956890
v -8.000000 -0.090000 1.962438
v -8.010000 -0.257872 1.998513
v -8.010000 -0.090000 2.003789
v -8.000000 -0.257872 1.998513
v -8.000000 -0.090000 2.003789
v -8.010000 -0.262864 2.040173
v -8.010000 -0.090000 2.045140
v -8.000000 -0.262864 2.040173
v -8.000000 -0.090000 2.045140
v -8.010000 -0.267458 2.081867
v -8.010000 -0.090000 2.086490
v -8.000000 -0.267458 2.081867
v -8.000000 -0.090000 2.086490
v -8.010000 -0.271648 2.123593
v -8.010000 -0.090000 2.127841
v -8.000000 -0.271648 2.123593
v -8.000000 -0.090000 2.127841
v -8.010000 -0.275426 2.165346
v -8.010000 -0.090000 2.169192
v -8.000000 -0.275426 2.165346
v -8.000000 -0.090000 2.169192
v -8.010000 -0.278785 2.207123
v -8.010000 -0.090000 2.210543
v -8.000000 -0.278785 2.207123
v -8.000000 -0.090000 2.210543
v -8.010000 -0.281719 2.248923
v -8.010000 -0.090000 2.251894
v -8.000000 -0.281719 2.248923
v -8.000000 -0.090000 2.251894
v -8.010000 -0.284220 2.290741
v -8.010000 -0.090000 2.293245
v -8.000000 -0.284220 2.290741
v -8.000000 -0.090000 2.293245
v -8.010000 -0.286283 2.332574
v -8.010000 -0.090000 2.334596
v -8.000000 -0.286283 2.332574
v -8.000000 -0.090000 2.334596
v -8.010000 -0.287899 2.374420
v -8.010000 -0.090000 2.375947
v -8.000000 -0.287899 2.374420
v -8.000000 -0.090000 2.375947
v -8.010000 -0.289061 2.416275
v -8.010000 -0.090000 2.417298
v -8.000000 -0.289061 2.416275
v -8.000000 -0.090000 2.417298
v -8.010000 -0.289764 2.458136
v -8.010000 -0.090000 2.458649
v -8.000000 -0.289764 2.458136
v -8.000000 -0.090000 2.458649
v -8.010000 -0.290000 2.500000
v -8.010000 -0.090000 2.500000
v -8.000000 -0.290000 2.500000
v -8.000000 -0.090000 2.500000
v -8.010000 -0.111645 1.231462
v -8.010000 -0.090000 1.194045
v -8.000000 -0.111645 1.231462
v -8.000000 -0.090000 1.194045
v -8.010000 -0.132706 1.268851
v -8.000000 -0.132706 1.268851
v -8.010000 -0.153749 1.307257
v -8.000000 -0.153749 1.307257
v -8.010000 -0.174171 1.345625
v -8.000000 -0.174171 1.345625
v -8.010000 -0.194073 1.384152
v -8.000000 -0.194073 1.384152
v -8.010000 -0.213442 1.422832
v -8.000000 -0.213442 1.422832
v -8.010000 -0.232265 1.461659
v -8.000000 -0.232265 1.461659
v -8.010000 -0.250531 1.500628
v -8.000000 -0.250531 1.500628
v -8.010000 -0.268227 1.539734
v -8.000000 -0.268227 1.539734
v -8.010000 -0.285341 1.578971
v -8.000000 -0.285341 1.578971
v -8.010000 -0.302377 1.619591
v -8.000000 -0.302377 1.619591
v -8.010000 -0.318897 1.660671
v -8.000000 -0.318897 1.660671
v -8.010000 -0.334747 1.701874
v -8.000000 -0.334747 1.701874
v -8.010000 -0.349911 1.743194
v -8.000000 -0.349911 1.743194
v -8.010000 -0.364377 1.784626
v -8.000000 -0.364377 1.784626
v -8.010000 -0.378131 1.826163
v -8.000000 -0.378131 1.826163
v -8.010000 -0.391158 1.867799
v -8.000000 -0.391158 1.867799
v -8.010000 -0.403446 1.909527
v -8.000000 -0.403446 1.909527
v -8.010000 -0.414979 1.951342
v -8.000000 -0.414979 1.951342
v -8.010000 -0.425744 1.993237
v -8.000000 -0.425744 1.993237
v -8.010000 -0.435728 2.035207
v -8.000000 -0.435728 2.035207
v -8.010000 -0.444917 2.077245
v -8.000000 -0.444917 2.077245
v -8.010000 -0.453295 2.119344
v -8.000000 -0.453295 2.119344
v -8.010000 -0.460851 2.161499
v -8.000000 -0.460851 2.161499
v -8.010000 -0.467570 2.203703
v -8.000000 -0.467570 2.203703
v -8.010000 -0.473438 2.245951
v -8.000000 -0.473438 2.245951
v -8.010000 -0.478441 2.288236
v -8.000000 -0.478441 2.288236
v -8.010000 -0.482565 2.330552
v -8.000000 -0.482565 2.330552
v -8.010000 -0.485797 2.372892
v -8.000000 -0.485797 2.372892
v -8.010000 -0.488123 2.415251
v -8.000000 -0.488123 2.415251
v -8.010000 -0.489528 2.457623
v -8.000000 -0.489528 2.457623
v -8.010000 -0.490000 2.500000
v -8.000000 -0.490000 2.500000
v -8.010000 -0.100822 3.767605
v -8.010000 -0.090000 3.805955
v -8.010000 -0.090000 3.766672
v -8.000000 -0.100822 3.767605
v -8.000000 -0.090000 3.805955
v -8.000000 -0.090000 3.766672
v -8.010000 -0.111353 3.729373
v -8.010000 -0.090000 3.727598
v -8.000000 -0.111353 3.729373
v -8.000000 -0.090000 3.727598
v -8.010000 -0.121874 3.690190
v -8.010000 -0.090000 3.687637
v -8.000000 -0.121874 3.690190
v -8.000000 -0.090000 3.687637
v -8.010000 -0.132086 3.651131
v -8.010000 -0.090000 3.647887
v -8.000000 -0.132086 3.651131
v -8.000000 -0.090000 3.647887
v -8.010000 -0.142036 3.611992
v -8.010000 -0.090000 3.608137
v -8.000000 -0.142036 3.611992
v -8.000000 -0.090000 3.608137
v -8.010000 -0.151721 3.572778
v -8.010000 -0.090000 3.568387
v -8.000000 -0.151721 3.572778
v -8.000000 -0.090000 3.568387
v -8.010000 -0.161132 3.533489
v -8.010000 -0.090000 3.528637
v -8.000000 -0.161132 3.533489
v -8.000000 -0.090000 3.528637
v -8.010000 -0.170265 3.494129
v -8.010000 -0.090000 3.488887
v -8.000000 -0.170265 3.494129
v -8.000000 -0.090000 3.488887
v -8.010000 -0.179113 3.454701
v -8.010000 -0.090000 3.449137
v -8.000000 -0.179113 3.454701
v -8.000000 -0.090000 3.449137
v -8.010000 -0.187670 3.415208
v -8.010000 -0.090000 3.409387
v -8.000000 -0.187670 3.415208
v -8.000000 -0.090000 3.409387
v -8.010000 -0.196188 3.374389
v -8.010000 -0.090000 3.368370
v -8.000000 -0.196188 3.374389
v -8.000000 -0.090000 3.368370
v -8.010000 -0.204449 3.333174
v -8.010000 -0.090000 3.327019
v -8.000000 -0.204449 3.333174
v -8.000000 -0.090000 3.327019
v -8.010000 -0.212373 3.291897
v -8.010000 -0.090000 3.285668
v -8.000000 -0.212373 3.291897
v -8.000000 -0.090000 3.285668
v -8.010000 -0.219956 3.250561
v -8.010000 -0.090000 3.244317
v -8.000000 -0.219956 3.250561
v -8.000000 -0.090000 3.244317
v -8.010000 -0.227189 3.209170
v -8.010000 -0.090000 3.202966
v -8.000000 -0.227189 3.209170
v -8.000000 -0.090000 3.202966
v -8.010000 -0.234066 3.167726
v -8.010000 -0.090000 3.161615
v -8.000000 -0.234066 3.167726
v -8.000000 -0.090000 3.161615
v -8.010000 -0.240579 3.126233
v -8.010000 -0.090000 3.120264
v -8.000000 -0.240579 3.126233
v -8.000000 -0.090000 3.120264
v -8.010000 -0.246723 3.084693
v -8.010000 -0.090000 3.078913
v -8.000000 -0.246723 3.084693
v -8.000000 -0.090000 3.078913
v -8.010000 -0.252489 3.043110
v -8.010000 -0.090000 3.037562
v -8.000000 -0.252489 3.043110
v -8.000000 -0.090000 3.037562
v -8.010000 -0.257872 3.001487
v -8.010000 -0.090000 2.996212
v -8.000000 -0.257872 3.001487
v -8.000000 -0.090000 2.996212
v -8.010000 -0.262864 2.959827
v -8.010000 -0.090000 2.954860
v -8.000000 -0.262864 2.959827
v -8.000000 -0.090000 2.954860
v -8.010000 -0.267458 2.918133
v -8.010000 -0.090000 2.913510
v -8.000000 -0.267458 2.918133
v -8.000000 -0.090000 2.913510
v -8.010000 -0.271648 2.876407
v -8.010000 -0.090000 2.872159
v -8.000000 -0.271648 2.876407
v -8.000000 -0.090000 2.872159
v -8.010000 -0.275426 2.834654
v -8.010000 -0.090000 2.830808
v -8.000000 -0.275426 2.834654
v -8.000000 -0.090000 2.830808
v -8.010000 -0.278785 2.792877
v -8.010000 -0.090000 2.789457
v -8.000000 -0.278785 2.792877
v -8.000000 -0.090000 2.789457
v -8.010000 -0.281719 2.751077
v -8.010000 -0.090000 2.748106
v -8.000000 -0.281719 2.751077
v -8.000000 -0.090000 2.748106
v -8.010000 -0.284220 2.709259
v -8.010000 -0.090000 2.706755
v -8.000000 -0.284220 2.709259
v -8.000000 -0.090000 2.706755
v -8.010000 -0.286283 2.667426
v -8.010000 -0.090000 2.665404
v -8.000000 -0.286283 2.667426
v -8.000000 -0.090000 2.665404
v -8.010000 -0.287899 2.625580
v -8.010000 -0.090000 2.624053
v -8.000000 -0.287899 2.625580
v -8.000000 -0.090000 2.624053
v -8.010000 -0.289061 2.583725
v -8.010000 -0.090000 2.582702
v -8.000000 -0.289061 2.583725
v -8.000000 -0.090000 2.582702
v -8.010000 -0.289764 2.541864
v -8.010000 -0.090000 2.541351
v -8.000000 -0.289764 2.541864
v -8.000000 -0.090000 2.541351
v -8.010000 -0.290000 2.500000
v -8.010000 -0.090000 2.500000
v -8.000000 -0.290000 2.500000
v -8.000000 -0.090000 2.500000
v -8.010000 -0.111645 3.768538
v -8.010000 -0.090000 3.805955
v -8.000000 -0.111645 3.768538
v -8.000000 -0.090000 3.805955
v -8.010000 -0.132706 3.731149
v -8.000000 -0.132706 3.731149
v -8.010000 -0.153749 3.692743
v -8.000000 -0.153749 3.692743
v -8.010000 -0.174171 3.654375
v -8.000000 -0.174171 3.654375
v -8.010000 -0.194073 3.615848
v -8.000000 -0.194073 3.615848
v -8.010000 -0.213442 3.577168
v -8.000000 -0.213442 3.577168
v -8.010000 -0.232265 3.538341
v -8.000000 -0.232265 3.538341
v -8.010000 -0.250531 3.499372
v -8.000000 -0.250531 3.499372
v -8.010000 -0.268227 3.460266
v -8.000000 -0.268227 3.460266
v -8.010000 -0.285341 3.421029
v -8.000000 -0.285341 3.421029
v -8.010000 -0.302377 3.380409
v -8.000000 -0.302377 3.380409
v -8.010000 -0.318897 3.339329
v -8.000000 -0.318897 3.339329
v -8.010000 -0.334747 3.298126
v -8.000000 -0.334747 3.298126
v -8.010000 -0.349911 3.256806
v -8.000000 -0.349911 3.256806
v -8.010000 -0.364377 3.215374
v -8.000000 -0.364377 3.215374
v -8.010000 -0.378131 3.173837
v -8.000000 -0.378131 3.173837
v -8.010000 -0.391158 3.132201
v -8.000000 -0.391158 3.132201
v -8.010000 -0.403446 3.090473
v -8.000000 -0.403446 3.090473
v -8.010000 -0.414979 3.048658
v -8.000000 -0.414979 3.048658
v -8.010000 -0.425744 3.006763
v -8.000000 -0.425744 3.006763
v -8.010000 -0.435728 2.964793
v -8.000000 -0.435728 2.964793
v -8.010000 -0.444917 2.922755
v -8.000000 -0.444917 2.922755
v -8.010000 -0.453295 2.880656
v -8.000000 -0.453295 2.880656
v -8.010000 -0.460851 2.838501
v -8.000000 -0.460851 2.838501
v -8.010000 -0.467570 2.796297
v -8.000000 -0.467570 2.796297
v -8.010000 -0.473438 2.754049
v -8.000000 -0.473438 2.754049
v -8.010000 -0.478441 2.711764
v -8.000000 -0.478441 2.711764
v -8.010000 -0.482565 2.669448
v -8.000000 -0.482565 2.669448
v -8.010000 -0.485797 2.627108
v -8.000000 -0.485797 2.627108
v -8.010000 -0.488123 2.584749
v -8.000000 -0.488123 2.584749
v -8.010000 -0.489528 2.542377
v -8.000000 -0.489528 2.542377
v -8.010000 -0.490000 2.500000
v -8.000000 -0.490000 2.500000
v -8.000000 0.854832 -0.049899
v -8.000000 0.910000 0.000000
v -8.010000 0.910000 0.000000
v -8.010000 0.854832 -0.049899
v -8.000000 0.910000 0.000000
v -8.000000 0.854832 0.049899
v -8.010000 0.854832 0.049899
v -8.010000 0.910000 0.000000
v -8.000000 0.800846 -0.100000
v -8.000000 0.854832 -0.049899
v -8.010000 0.854832 -0.049899
v -8.010000 0.800846 -0.100000
v -8.000000 0.747355 -0.150926
v -8.000000 0.800846 -0.100000
v -8.010000 0.800846 -0.100000
v -8.010000 0.747355 -0.150926
v -8.000000 0.694153 -0.202896
v -8.000000 0.747355 -0.150926
v -8.010000 0.747355 -0.150926
v -8.010000 0.694153 -0.202896
v -8.000000 0.641303 -0.255881
v -8.000000 0.694153 -0.202896
v -8.010000 0.694153 -0.202896
v -8.010000 0.641303 -0.255881
v -8.000000 0.588870 -0.309854
v -8.000000 0.641303 -0.255881
v -8.010000 0.641303 -0.255881
v -8.010000 0.588870 -0.309854
v -8.000000 0.537741 -0.363901
v -8.000000 0.588870 -0.309854
v -8.010000 0.588870 -0.309854
v -8.010000 0.537741 -0.363901
v -8.000000 0.487627 -0.418312
v -8.000000 0.537741 -0.363901
v -8.010000 0.537741 -0.363901
v -8.010000 0.487627 -0.418312
v -8.000000 0.438088 -0.473580
v -8.000000 0.487627 -0.418312
v -8.010000 0.487627 -0.418312
v -8.010000 0.438088 -0.473580
v -8.000000 0.389183 -0.529679
v -8.000000 0.438088 -0.473580
v -8.010000 0.438088 -0.473580
v -8.010000 0.389183 -0.529679
v -8.000000 0.340971 -0.586582
v -8.000000 0.389183 -0.529679
v -8.010000 0.389183 -0.529679
v -8.010000 0.340971 -0.586582
v -8.000000 0.293512 -0.644264
v -8.000000 0.340971 -0.586582
v -8.010000 0.340971 -0.586582
v -8.010000 0.293512 -0.644264
v -8.000000 0.246865 -0.702696
v -8.000000 0.293512 -0.644264
v -8.010000 0.293512 -0.644264
v -8.010000 0.246865 -0.702696
v -8.000000 0.201088 -0.761854
v -8.000000 0.246865 -0.702696
v -8.010000 0.246865 -0.702696
v -8.010000 0.201088 -0.761854
v -8.000000 0.156241 -0.821711
v -8.000000 0.201088 -0.761854
v -8.010000 0.201088 -0.761854
v -8.010000 0.156241 -0.821711
v -8.000000 0.112383 -0.882240
v -8.000000 0.156241 -0.821711
v -8.010000 0.156241 -0.821711
v -8.010000 0.112383 -0.882240
v -8.000000 0.069574 -0.943414
v -8.000000 0.112383 -0.882240
v -8.010000 0.112383 -0.882240
v -8.010000 0.069574 -0.943414
v -8.000000 0.027872 -1.005209
v -8.000000 0.069574 -0.943414
v -8.010000 0.069574 -0.943414
v -8.010000 0.027872 -1.005209
v -8.000000 -0.012664 -1.067596
v -8.000000 0.027872 -1.005209
v -8.010000 0.027872 -1.005209
v -8.010000 -0.012664 -1.067596
v -8.000000 -0.051974 -1.130550
v -8.000000 -0.012664 -1.067596
v -8.010000 -0.012664 -1.067596
v -8.010000 -0.051974 -1.130550
v -8.000000 -0.090000 -1.194045
v -8.000000 -0.051974 -1.130550
v -8.010000 -0.051974 -1.130550
v -8.010000 -0.090000 -1.194045
v -8.000000 -0.090000 -0.796030
v -8.000000 -0.090000 -1.194045
v -8.010000 -0.090000 -1.194045
v -8.010000 -0.090000 -0.796030
v -8.000000 -0.090000 -1.194045
v -8.000000 -0.090000 -1.233328
v -8.010000 -0.090000 -1.233328
v -8.010000 -0.090000 -1.194045
v -8.000000 -0.111645 -1.231462
v -8.000000 -0.090000 -1.194045
v -8.010000 -0.090000 -1.194045
v -8.010000 -0.111645 -1.231462
v -8.000000 -0.090000 -0.398015
v -8.000000 -0.090000 -0.796030
v -8.010000 -0.090000 -0.796030
v -8.010000 -0.090000 -0.398015
v -8.000000 -0.090000 -0.000000
v -8.000000 -0.090000 -0.398015
v -8.010000 -0.090000 -0.398015
v -8.010000 -0.090000 -0.000000
v -8.000000 -0.090000 0.398015
v -8.000000 -0.090000 -0.000000
v -8.010000 -0.090000 -0.000000
v -8.010000 -0.090000 0.398015
v -8.000000 -0.090000 0.796030
v -8.000000 -0.090000 0.398015
v -8.010000 -0.090000 0.398015
v -8.010000 -0.090000 0.796030
v -8.000000 -0.090000 1.194045
v -8.000000 -0.090000 0.796030
v -8.010000 -0.090000 0.796030
v -8.010000 -0.090000 1.194045
v -8.000000 0.854832 0.049899
v -8.000000 0.800846 0.100000
v -8.010000 0.800846 0.100000
v -8.010000 0.854832 0.049899
v -8.000000 0.800846 0.100000
v -8.000000 0.747355 0.150926
v -8.010000 0.747355 0.150926
v -8.010000 0.800846 0.100000
v -8.000000 0.747355 0.150926
v -8.000000 0.694153 0.202896
v -8.010000 0.694153 0.202896
v -8.010000 0.747355 0.150926
v -8.000000 0.694153 0.202896
v -8.000000 0.641303 0.255881
v -8.010000 0.641303 0.255881
v -8.010000 0.694153 0.202896
v -8.000000 0.641303 0.255881
v -8.000000 0.588870 0.309854
v -8.010000 0.588870 0.309854
v -8.010000 0.641303 0.255881
v -8.000000 0.588870 0.309854
v -8.000000 0.537741 0.363901
v -8.010000 0.537741 0.363901
v -8.010000 0.588870 0.309854
v -8.000000 0.537741 0.363901
v -8.000000 0.487627 0.418312
v -8.010000 0.487627 0.418312
v -8.010000 0.537741 0.363901
v -8.000000 0.487627 0.418312
v -8.000000 0.438088 0.473580
v -8.010000 0.438088 0.473580
v -8.010000 0.487627 0.418312
v -8.000000 0.438088 0.473580
v -8.000000 0.389183 0.529679
v -8.010000 0.389183 0.529679
v -8.010000 0.438088 0.473580
v -8.000000 0.389183 0.529679
v -8.000000 0.340971 0.586582
v -8.010000 0.340971 0.586582
v -8.010000 0.389183 0.529679
v -8.000000 0.340971 0.586582
v -8.000000 0.293512 0.644264
v -8.010000 0.293512 0.644264
v -8.010000 0.340971 0.586582
v -8.000000 0.293512 0.644264
v -8.000000 0.246865 0.702696
v -8.010000 0.246865 0.702696
v -8.010000 0.293512 0.644264
v -8.000000 0.246865 0.702696
v -8.000000 0.201088 0.761854
v -8.010000 0.201088 0.761854
v -8.010000 0.246865 0.702696
v -8.000000 0.201088 0.761854
v -8.000000 0.156241 0.821711
v -8.010000 0.156241 0.821711
v -8.010000 0.201088 0.761854
v -8.000000 0.156241 0.821711
v -8.000000 0.112383 0.882240
v -8.010000 0.112383 0.882240
v -8.010000 0.156241 0.821711
v -8.000000 0.112383 0.882240
v -8.000000 0.069574 0.943414
v -8.010000 0.069574 0.943414
v -8.010000 0.112383 0.882240
v -8.000000 0.069574 0.943414
v -8.000000 0.027872 1.005209
v -8.010000 0.027872 1.005209
v -8.010000 0.069574 0.943414
v -8.000000 0.027872 1.005209
v -8.000000 -0.012664 1.067596
v -8.010000 -0.012664 1.067596
v -8.010000 0.027872 1.005209
v -8.000000 -0.012664 1.067596
v -8.000000 -0.051974 1.130550
v -8.010000 -0.051974 1.130550
v -8.010000 -0.012664 1.067596
v -8.000000 -0.051974 1.130550
v -8.000000 -0.090000 1.194045
v -8.010000 -0.090000 1.194045
v -8.010000 -0.051974 1.130550
v -8.000000 -0.090000 1.233328
v -8.000000 -0.090000 1.194045
v -8.010000 -0.090000 1.194045
v -8.010000 -0.090000 1.233328
v -8.000000 -0.090000 1.194045
v -8.000000 -0.111645 1.231462
v -8.010000 -0.111645 1.231462
v -8.010000 -0.090000 1.194045
v -8.000000 0.854832 4.950101
v -8.000000 0.910000 5.000000
v -8.010000 0.910000 5.000000
v -8.010000 0.854832 4.950101
v -8.000000 0.910000 5.000000
v -8.000000 0.854832 5.049899
v -8.010000 0.854832 5.049899
v -8.010000 0.910000 5.000000
v -8.000000 0.800846 4.900000
v -8.000000 0.854832 4.950101
v -8.010000 0.854832 4.950101
v -8.010000 0.800846 4.900000
v -8.000000 0.747355 4.849074
v -8.000000 0.800846 4.900000
v -8.010000 0.800846 4.900000
v -8.010000 0.747355 4.849074
v -8.000000 0.694153 4.797104
v -8.000000 0.747355 4.849074
v -8.010000 0.747355 4.849074
v -8.010000 0.694153 4.797104
v -8.000000 0.641303 4.744119
v -8.000000 0.694153 4.797104
v -8.010000 0.694153 4.797104
v -8.010000 0.641303 4.744119
v -8.000000 0.588870 4.690146
v -8.000000 0.641303 4.744119
v -8.010000 0.641303 4.744119
v -8.010000 0.588870 4.690146
v -8.000000 0.537741 4.636099
v -8.000000 0.588870 4.690146
v -8.010000 0.588870 4.690146
v -8.010000 0.537741 4.636099
v -8.000000 0.487627 4.581688
v -8.000000 0.537741 4.636099
v -8.010000 0.537741 4.636099
v -8.010000 0.487627 4.581688
v -8.000000 0.438088 4.526420
v -8.000000 0.487627 4.581688
v -8.010000 0.487627 4.581688
v -8.010000 0.438088 4.526420
v -8.000000 0.389183 4.470321
v -8.000000 0.438088 4.526420
v -8.010000 0.438088 4.526420
v -8.010000 0.389183 4.470321
v -8.000000 0.340971 4.413417
v -8.000000 0.389183 4.470321
v -8.010000 0.389183 4.470321
v -8.010000 0.340971 4.413417
v -8.000000 0.293512 4.355736
v -8.000000 0.340971 4.413417
v -8.010000 0.340971 4.413417
v -8.010000 0.293512 4.355736
v -8.000000 0.246865 4.297304
v -8.000000 0.293512 4.355736
v -8.010000 0.293512 4.355736
v -8.010000 0.246865 4.297304
v -8.000000 0.201088 4.238146
v -8.000000 0.246865 4.297304
v -8.010000 0.246865 4.297304
v -8.010000 0.201088 4.238146
v -8.000000 0.156241 4.178289
v -8.000000 0.201088 4.238146
v -8.010000 0.201088 4.238146
v -8.010000 0.156241 4.178289
v -8.000000 0.112383 4.117760
v -8.000000 0.156241 4.178289
v -8.010000 0.156241 4.178289
v -8.010000 0.112383 4.117760
v -8.000000 0.069574 4.056586
v -8.000000 0.112383 4.117760
v -8.010000 0.112383 4.117760
v -8.010000 0.069574 4.056586
v -8.000000 0.027872 3.994791
v -8.000000 0.069574 4.056586
v -8.010000 0.069574 4.056586
v -8.010000 0.027872 3.994791
v -8.000000 -0.012664 3.932404
v -8.000000 0.027872 3.994791
v -8.010000 0.027872 3.994791
v -8.010000 -0.012664 3.932404
v -8.000000 -0.051974 3.869450
v -8.000000 -0.012664 3.932404
v -8.010000 -0.012664 3.932404
v -8.010000 -0.051974 3.869450
v -8.000000 -0.090000 3.805955
v -8.000000 -0.051974 3.869450
v -8.010000 -0.051974 3.869450
v -8.010000 -0.090000 3.805955
v -8.000000 -0.090000 4.203970
v -8.000000 -0.090000 3.805955
v -8.010000 -0.090000 3.805955
v -8.010000 -0.090000 4.203970
v -8.000000 -0.090000 3.805955
v -8.000000 -0.090000 3.766672
v -8.010000 -0.090000 3.766672
v -8.010000 -0.090000 3.805955
v -8.000000 -0.111645 3.768538
v -8.000000 -0.090000 3.805955
v -8.010000 -0.090000 3.805955
v -8.010000 -0.111645 3.768538
v -8.000000 -0.090000 4.601985
v -8.000000 -0.090000 4.203970
v -8.010000 -0.090000 4.203970
v -8.010000 -0.090000 4.601985
v -8.000000 -0.090000 5.000000
v -8.000000 -0.090000 4.601985
v -8.010000 -0.090000 4.601985
v -8.010000 -0.090000 5.000000
v -8.000000 -0.090000 5.398015
v -8.000000 -0.090000 5.000000
v -8.010000 -0.090000 5.000000
v -8.010000 -0.090000 5.398015
v -8.000000 -0.090000 5.796030
v -8.000000 -0.090000 5.398015
v -8.010000 -0.090000 5.398015
v -8.010000 -0.090000 5.796030
v -8.000000 -0.090000 6.194045
v -8.000000 -0.090000 5.796030
v -8.010000 -0.090000 5.796030
v -8.010000 -0.090000 6.194045
v -8.000000 0.854832 5.049899
v -8.000000 0.800846 5.100000
v -8.010000 0.800846 5.100000
v -8.010000 0.854832 5.049899
v -8.000000 0.800846 5.100000
v -8.000000 0.747355 5.150926
v -8.010000 0.747355 5.150926
v -8.010000 0.800846 5.100000
v -8.000000 0.747355 5.150926
v -8.000000 0.694153 5.202896
v -8.010000 0.694153 5.202896
v -8.010000 0.747355 5.150926
v -8.000000 0.694153 5.202896
v -8.000000 0.641303 5.255881
v -8.010000 0.641303 5.255881
v -8.010000 0.694153 5.202896
v -8.000000 0.641303 5.255881
v -8.000000 0.588870 5.309854
v -8.010000 0.588870 5.309854
v -8.010000 0.641303 5.255881
v -8.000000 0.588870 5.309854
v -8.000000 0.537741 5.363901
v -8.010000 0.537741 5.363901
v -8.010000 0.588870 5.309854
v -8.000000 0.537741 5.363901
v -8.000000 0.487627 5.418312
v -8.010000 0.487627 5.418312
v -8.010000 0.537741 5.363901
v -8.000000 0.487627 5.418312
v -8.000000 0.438088 5.473580
v -8.010000 0.438088 5.473580
v -8.010000 0.487627 5.418312
v -8.000000 0.438088 5.473580
v -8.000000 0.389183 5.529679
v -8.010000 0.389183 5.529679
v -8.010000 0.438088 5.473580
v -8.000000 0.389183 5.529679
v -8.000000 0.340971 5.586583
v -8.010000 0.340971 5.586583
v -8.010000 0.389183 5.529679
v -8.000000 0.340971 5.586583
v -8.000000 0.293512 5.644264
v -8.010000 0.293512 5.644264
v -8.010000 0.340971 5.586583
v -8.000000 0.293512 5.644264
v -8.000000 0.246865 5.702696
v -8.010000 0.246865 5.702696
v -8.010000 0.293512 5.644264
v -8.000000 0.246865 5.702696
v -8.000000 0.201088 5.761854
v -8.010000 0.201088 5.761854
v -8.010000 0.246865 5.702696
v -8.000000 0.201088 5.761854
v -8.000000 0.156241 5.821711
v -8.010000 0.156241 5.821711
v -8.010000 0.201088 5.761854
v -8.000000 0.156241 5.821711
v -8.000000 0.112383 5.882240
v -8.010000 0.112383 5.882240
v -8.010000 0.156241 5.821711
v -8.000000 0.112383 5.882240
v -8.000000 0.069574 5.943415
v -8.010000 0.069574 5.943415
v -8.010000 0.112383 5.882240
v -8.000000 0.069574 5.943415
v -8.000000 0.027872 6.005208
v -8.010000 0.027872 6.005208
v -8.010000 0.069574 5.943415
v -8.000000 0.027872 6.005208
v -8.000000 -0.012664 6.067596
v -8.010000 -0.012664 6.067596
v -8.010000 0.027872 6.005208
v -8.000000 -0.012664 6.067596
v -8.000000 -0.051974 6.130550
v -8.010000 -0.051974 6.130550
v -8.010000 -0.012664 6.067596
v -8.000000 -0.051974 6.130550
v -8.000000 -0.090000 6.194045
v -8.010000 -0.090000 6.194045
v -8.010000 -0.051974 6.130550
v -8.000000 -0.090000 6.233328
v -8.000000 -0.090000 6.194045
v -8.010000 -0.090000 6.194045
v -8.010000 -0.090000 6.233328
v -8.000000 -0.090000 6.194045
v -8.000000 -0.111645 6.231462
v -8.010000 -0.111645 6.231462
v -8.010000 -0.090000 6.194045
v -8.000000 0.854832 -5.049899
v -8.000000 0.910000 -5.000000
v -8.010000 0.910000 -5.000000
v -8.010000 0.854832 -5.049899
v -8.000000 0.910000 -5.000000
v -8.000000 0.854832 -4.950101
v -8.010000 0.854832 -4.950101
v -8.010000 0.910000 -5.000000
v -8.000000 0.800846 -5.100000
v -8.000000 0.854832 -5.049899
v -8.010000 0.854832 -5.049899
v -8.010000 0.800846 -5.100000
v -8.000000 0.747355 -5.150926
v -8.000000 0.800846 -5.100000
v -8.010000 0.800846 -5.100000
v -8.010000 0.747355 -5.150926
v -8.000000 0.694153 -5.202896
v -8.000000 0.747355 -5.150926
v -8.010000 0.747355 -5.150926
v -8.010000 0.694153 -5.202896
v -8.000000 0.641303 -5.255881
v -8.000000 0.694153 -5.202896
v -8.010000 0.694153 -5.202896
v -8.010000 0.641303 -5.255881
v -8.000000 0.588870 -5.309854
v -8.000000 0.641303 -5.255881
v -8.010000 0.641303 -5.255881
v -8.010000 0.588870 -5.309854
v -8.000000 0.537741 -5.363901
v -8.000000 0.588870 -5.309854
v -8.010000 0.588870 -5.309854
v -8.010000 0.537741 -5.363901
v -8.000000 0.487627 -5.418312
v -8.000000 0.537741 -5.363901
v -8.010000 0.537741 -5.363901
v -8.010000 0.487627 -5.418312
v -8.000000 0.438088 -5.473580
v -8.000000 0.487627 -5.418312
v -8.010000 0.487627 -5.418312
v -8.010000 0.438088 -5.473580
v -8.000000 0.389183 -5.529679
v -8.000000 0.438088 -5.473580
v -8.010000 0.438088 -5.473580
v -8.010000 0.389183 -5.529679
v -8.000000 0.340971 -5.586583
v -8.000000 0.389183 -5.529679
v -8.010000 0.389183 -5.529679
v -8.010000 0.340971 -5.586583
v -8.000000 0.293512 -5.644264
v -8.000000 0.340971 -5.586583
v -8.010000 0.340971 -5.586583
v -8.010000 0.293512 -5.644264
v -8.000000 0.246865 -5.702696
v -8.000000 0.293512 -5.644264
v -8.010000 0.293512 -5.644264
v -8.010000 0.246865 -5.702696
v -8.000000 0.201088 -5.761854
v -8.000000 0.246865 -5.702696
v -8.010000 0.246865 -5.702696
v -8.010000 0.201088 -5.761854
v -8.000000 0.156241 -5.821711
v -8.000000 0.201088 -5.761854
v -8.010000 0.201088 -5.761854
v -8.010000 0.156241 -5.821711
v -8.000000 0.112383 -5.882240
v -8.000000 0.156241 -5.821711
v -8.010000 0.156241 -5.821711
v -8.010000 0.112383 -5.882240
v -8.000000 0.069574 -5.943415
v -8.000000 0.112383 -5.882240
v -8.010000 0.112383 -5.882240
v -8.010000 0.069574 -5.943415
v -8.000000 0.027872 -6.005208
v -8.000000 0.069574 -5.943415
v -8.010000 0.069574 -5.943415
v -8.010000 0.027872 -6.005208
v -8.000000 -0.012664 -6.067596
v -8.000000 0.027872 -6.005208
v -8.010000 0.027872 -6.005208
v -8.010000 -0.012664 -6.067596
v -8.000000 -0.051974 -6.130550
v -8.000000 -0.012664 -6.067596
v -8.010000 -0.012664 -6.067596
v -8.010000 -0.051974 -6.130550
v -8.000000 -0.090000 -6.194045
v -8.000000 -0.051974 -6.130550
v -8.010000 -0.051974 -6.130550
v -8.010000 -0.090000 -6.194045
v -8.000000 -0.090000 -5.796030
v -8.000000 -0.090000 -6.194045
v -8.010000 -0.090000 -6.194045
v -8.010000 -0.090000 -5.796030
v -8.000000 -0.090000 -6.194045
v -8.000000 -0.090000 -6.233328
v -8.010000 -0.090000 -6.233328
v -8.010000 -0.090000 -6.194045
v -8.000000 -0.111645 -6.231462
v -8.000000 -0.090000 -6.194045
v -8.010000 -0.090000 -6.194045
v -8.010000 -0.111645 -6.231462
v -8.000000 -0.090000 -5.398015
v -8.000000 -0.090000 -5.796030
v -8.010000 -0.090000 -5.796030
v -8.010000 -0.090000 -5.398015
v -8.000000 -0.090000 -5.000000
v -8.000000 -0.090000 -5.398015
v -8.010000 -0.090000 -5.398015
v -8.010000 -0.090000 -5.000000
v -8.000000 -0.090000 -4.601985
v -8.000000 -0.090000 -5.000000
v -8.010000 -0.090000 -5.000000
v -8.010000 -0.090000 -4.601985
v -8.000000 -0.090000 -4.203970
v -8.000000 -0.090000 -4.601985
v -8.010000 -0.090000 -4.601985
v -8.010000 -0.090000 -4.203970
v -8.000000 -0.090000 -3.805955
v -8.000000 -0.090000 -4.203970
v -8.010000 -0.090000 -4.203970
v -8.010000 -0.090000 -3.805955
v -8.000000 0.854832 -4.950101
v -8.000000 0.800846 -4.900000
v -8.010000 0.800846 -4.900000
v -8.010000 0.854832 -4.950101
v -8.000000 0.800846 -4.900000
v -8.000000 0.747355 -4.849074
v -8.010000 0.747355 -4.849074
v -8.010000 0.800846 -4.900000
v -8.000000 0.747355 -4.849074
v -8.000000 0.694153 -4.797104
v -8.010000 0.694153 -4.797104
v -8.010000 0.747355 -4.849074
v -8.000000 0.694153 -4.797104
v -8.000000 0.641303 -4.744119
v -8.010000 0.641303 -4.744119
v -8.010000 0.694153 -4.797104
v -8.000000 0.641303 -4.744119
v -8.000000 0.588870 -4.690146
v -8.010000 0.588870 -4.690146
v -8.010000 0.641303 -4.744119
v -8.000000 0.588870 -4.690146
v -8.000000 0.537741 -4.636099
v -8.010000 0.537741 -4.636099
v -8.010000 0.588870 -4.690146
v -8.000000 0.537741 -4.636099
v -8.000000 0.487627 -4.581688
v -8.010000 0.487627 -4.581688
v -8.010000 0.537741 -4.636099
v -8.000000 0.487627 -4.581688
v -8.000000 0.438088 -4.526420
v -8.010000 0.438088 -4.526420
v -8.010000 0.487627 -4.581688
v -8.000000 0.438088 -4.526420
v -8.000000 0.389183 -4.470321
v -8.010000 0.389183 -4.470321
v -8.010000 0.438088 -4.526420
v -8.000000 0.389183 -4.470321
v -8.000000 0.340971 -4.413417
v -8.010000 0.340971 -4.413417
v -8.010000 0.389183 -4.470321
v -8.000000 0.340971 -4.413417
v -8.000000 0.293512 -4.355736
v -8.010000 0.293512 -4.355736
v -8.010000 0.340971 -4.413417
v -8.000000 0.293512 -4.355736
v -8.000000 0.246865 -4.297304
v -8.010000 0.246865 -4.297304
v -8.010000 0.293512 -4.355736
v -8.000000 0.246865 -4.297304
v -8.000000 0.201088 -4.238146
v -8.010000 0.201088 -4.238146
v -8.010000 0.246865 -4.297304
v -8.000000 0.201088 -4.238146
v -8.000000 0.156241 -4.178289
v -8.010000 0.156241 -4.178289
v -8.010000 0.201088 -4.238146
v -8.000000 0.156241 -4.178289
v -8.000000 0.112383 -4.117760
v -8.010000 0.112383 -4.117760
v -8.010000 0.156241 -4.178289
v -8.000000 0.112383 -4.117760
v -8.000000 0.069574 -4.056586
v -8.010000 0.069574 -4.056586
v -8.010000 0.112383 -4.117760
v -8.000000 0.069574 -4.056586
v -8.000000 0.027872 -3.994791
v -8.010000 0.027872 -3.994791
v -8.010000 0.069574 -4.056586
v -8.000000 0.027872 -3.994791
v -8.000000 -0.012664 -3.932404
v -8.010000 -0.012664 -3.932404
v -8.010000 0.027872 -3.994791
v -8.000000 -0.012664 -3.932404
v -8.000000 -0.051974 -3.869450
v -8.010000 -0.051974 -3.869450
v -8.010000 -0.012664 -3.932404
v -8.000000 -0.051974 -3.869450
v -8.000000 -0.090000 -3.805955
v -8.010000 -0.090000 -3.805955
v -8.010000 -0.051974 -3.869450
v -8.000000 -0.090000 -3.766672
v -8.000000 -0.090000 -3.805955
v -8.010000 -0.090000 -3.805955
v -8.010000 -0.090000 -3.766672
v -8.000000 -0.090000 -3.805955
v -8.000000 -0.111645 -3.768538
v -8.010000 -0.111645 -3.768538
v -8.010000 -0.090000 -3.805955
v -8.000000 -0.090000 -3.727598
v -8.000000 -0.090000 -3.766672
v -8.010000 -0.090000 -3.766672
v -8.010000 -0.090000 -3.727598
v -8.000000 -0.090000 -3.687637
v -8.000000 -0.090000 -3.727598
v -8.010000 -0.090000 -3.727598
v -8.010000 -0.090000 -3.687637
v -8.000000 -0.090000 -3.647887
v -8.000000 -0.090000 -3.687637
v -8.010000 -0.090000 -3.687637
v -8.010000 -0.090000 -3.647887
v -8.000000 -0.090000 -3.608137
v -8.000000 -0.090000 -3.647887
v -8.010000 -0.090000 -3.647887
v -8.010000 -0.090000 -3.608137
v -8.000000 -0.090000 -3.568387
v -8.000000 -0.090000 -3.608137
v -8.010000 -0.090000 -3.608137
v -8.010000 -0.090000 -3.568387
v -8.000000 -0.090000 -3.528637
v -8.000000 -0.090000 -3.568387
v -8.010000 -0.090000 -3.568387
v -8.010000 -0.090000 -3.528637
v -8.000000 -0.090000 -3.488887
v -8.000000 -0.090000 -3.528637
v -8.010000 -0.090000 -3.528637
v -8.010000 -0.090000 -3.488887
v -8.000000 -0.090000 -3.449137
v -8.000000 -0.090000 -3.488887
v -8.010000 -0.090000 -3.488887
v -8.010000 -0.090000 -3.449137
v -8.000000 -0.090000 -3.409387
v -8.000000 -0.090000 -3.449137
v -8.010000 -0.090000 -3.449137
v -8.010000 -0.090000 -3.409387
v -8.000000 -0.090000 -3.368370
v -8.000000 -0.090000 -3.409387
v -8.010000 -0.090000 -3.409387
v -8.010000 -0.090000 -3.368370
v -8.000000 -0.090000 -3.327019
v -8.000000 -0.090000 -3.368370
v -8.010000 -0.090000 -3.368370
v -8.010000 -0.090000 -3.327019
v -8.000000 -0.090000 -3.285668
v -8.000000 -0.090000 -3.327019
v -8.010000 -0.090000 -3.327019
v -8.010000 -0.090000 -3.285668
v -8.000000 -0.090000 -3.244317
v -8.000000 -0.090000 -3.285668
v -8.010000 -0.090000 -3.285668
v -8.010000 -0.090000 -3.244317
v -8.000000 -0.090000 -3.202966
v -8.000000 -0.090000 -3.244317
v -8.010000 -0.090000 -3.244317
v -8.010000 -0.090000 -3.202966
v -8.000000 -0.090000 -3.161615
v -8.000000 -0.090000 -3.202966
v -8.010000 -0.090000 -3.202966
v -8.010000 -0.090000 -3.161615
v -8.000000 -0.090000 -3.120264
v -8.000000 -0.090000 -3.161615
v -8.010000 -0.090000 -3.161615
v -8.010000 -0.090000 -3.120264
v -8.000000 -0.090000 -3.078913
v -8.000000 -0.090000 -3.120264
v -8.010000 -0.090000 -3.120264
v -8.010000 -0.090000 -3.078913
v -8.000000 -0.090000 -3.037562
v -8.000000 -0.090000 -3.078913
v -8.010000 -0.090000 -3.078913
v -8.010000 -0.090000 -3.037562
v -8.000000 -0.090000 -2.996212
v -8.000000 -0.090000 -3.037562
v -8.010000 -0.090000 -3.037562
v -8.010000 -0.090000 -2.996212
v -8.000000 -0.090000 -2.954860
v -8.000000 -0.090000 -2.996212
v -8.010000 -0.090000 -2.996212
v -8.010000 -0.090000 -2.954860
v -8.000000 -0.090000 -2.913510
v -8.000000 -0.090000 -2.954860
v -8.010000 -0.090000 -2.954860
v -8.010000 -0.090000 -2.913510
v -8.000000 -0.090000 -2.872159
v -8.000000 -0.090000 -2.913510
v -8.010000 -0.090000 -2.913510
v -8.010000 -0.090000 -2.872159
v -8.000000 -0.090000 -2.830808
v -8.000000 -0.090000 -2.872159
v -8.010000 -0.090000 -2.872159
v -8.010000 -0.090000 -2.830808
v -8.000000 -0.090000 -2.789457
v -8.000000 -0.090000 -2.830808
v -8.010000 -0.090000 -2.830808
v -8.010000 -0.090000 -2.789457
v -8.000000 -0.090000 -2.748106
v -8.000000 -0.090000 -2.789457
v -8.010000 -0.090000 -2.789457
v -8.010000 -0.090000 -2.748106
v -8.000000 -0.090000 -2.706755
v -8.000000 -0.090000 -2.748106
v -8.010000 -0.090000 -2.748106
v -8.010000 -0.090000 -2.706755
v -8.000000 -0.090000 -2.665404
v -8.000000 -0.090000 -2.706755
v -8.010000 -0.090000 -2.706755
v -8.010000 -0.090000 -2.665404
v -8.000000 -0.090000 -2.624053
v -8.000000 -0.090000 -2.665404
v -8.010000 -0.090000 -2.665404
v -8.010000 -0.090000 -2.624053
v -8.000000 -0.090000 -2.582702
v -8.000000 -0.090000 -2.624053
v -8.010000 -0.090000 -2.624053
v -8.010000 -0.090000 -2.582702
v -8.000000 -0.090000 -2.541351
v -8.000000 -0.090000 -2.582702
v -8.010000 -0.090000 -2.582702
v -8.010000 -0.090000 -2.541351
v -8.000000 -0.090000 -2.500000
v -8.000000 -0.090000 -2.541351
v -8.010000 -0.090000 -2.541351
v -8.010000 -0.090000 -2.500000
v -8.000000 -0.090000 -2.458649
v -8.000000 -0.090000 -2.500000
v -8.010000 -0.090000 -2.500000
v -8.010000 -0.090000 -2.458649
v -8.000000 -0.111645 -3.768538
v -8.000000 -0.132706 -3.731149
v -8.010000 -0.132706 -3.731149
v -8.010000 -0.111645 -3.768538
v -8.000000 -0.132706 -3.731149
v -8.000000 -0.153749 -3.692743
v -8.010000 -0.153749 -3.692743
v -8.010000 -0.132706 -3.731149
v -8.000000 -0.153749 -3.692743
v -8.000000 -0.174171 -3.654375
v -8.010000 -0.174171 -3.654375
v -8.010000 -0.153749 -3.692743
v -8.000000 -0.174171 -3.654375
v -8.000000 -0.194073 -3.615848
v -8.010000 -0.194073 -3.615848
v -8.010000 -0.174171 -3.654375
v -8.000000 -0.194073 -3.615848
v -8.000000 -0.213442 -3.577168
v -8.010000 -0.213442 -3.577168
v -8.010000 -0.194073 -3.615848
v -8.000000 -0.213442 -3.577168
v -8.000000 -0.232265 -3.538341
v -8.010000 -0.232265 -3.538341
v -8.010000 -0.213442 -3.577168
v -8.000000 -0.232265 -3.538341
v -8.000000 -0.250531 -3.499372
v -8.010000 -0.250531 -3.499372
v -8.010000 -0.232265 -3.538341
v -8.000000 -0.250531 -3.499372
v -8.000000 -0.268227 -3.460266
v -8.010000 -0.268227 -3.460266
v -8.010000 -0.250531 -3.499372
v -8.000000 -0.268227 -3.460266
v -8.000000 -0.285341 -3.421029
v -8.010000 -0.285341 -3.421029
v -8.010000 -0.268227 -3.460266
v -8.000000 -0.285341 -3.421029
v -8.000000 -0.302377 -3.380409
v -8.010000 -0.302377 -3.380409
v -8.010000 -0.285341 -3.421029
v -8.000000 -0.302377 -3.380409
v -8.000000 -0.318897 -3.339329
v -8.010000 -0.318897 -3.339329
v -8.010000 -0.302377 -3.380409
v -8.000000 -0.318897 -3.339329
v -8.000000 -0.334747 -3.298126
v -8.010000 -0.334747 -3.298126
v -8.010000 -0.318897 -3.339329
v -8.000000 -0.334747 -3.298126
v -8.000000 -0.349911 -3.256806
v -8.010000 -0.349911 -3.256806
v -8.010000 -0.334747 -3.298126
v -8.000000 -0.349911 -3.256806
v -8.000000 -0.364377 -3.215374
v -8.010000 -0.364377 -3.215374
v -8.010000 -0.349911 -3.256806
v -8.000000 -0.364377 -3.215374
v -8.000000 -0.378131 -3.173837
v -8.010000 -0.378131 -3.173837
v -8.010000 -0.364377 -3.215374
v -8.000000 -0.378131 -3.173837
v -8.000000 -0.391158 -3.132201
v -8.010000 -0.391158 -3.132201
v -8.010000 -0.378131 -3.173837
v -8.000000 -0.391158 -3.132201
v -8.000000 -0.403446 -3.090473
v -8.010000 -0.403446 -3.090473
v -8.010000 -0.391158 -3.132201
v -8.000000 -0.403446 -3.090473
v -8.000000 -0.414979 -3.048658
v -8.010000 -0.414979 -3.048658
v -8.010000 -0.403446 -3.090473
v -8.000000 -0.414979 -3.048658
v -8.000000 -0.425744 -3.006763
v -8.010000 -0.425744 -3.006763
v -8.010000 -0.414979 -3.048658
v -8.000000 -0.425744 -3.006763
v -8.000000 -0.435728 -2.964793
v -8.010000 -0.435728 -2.964793
v -8.010000 -0.425744 -3.006763
v -8.000000 -0.435728 -2.964793
v -8.000000 -0.444917 -2.922755
v -8.010000 -0.444917 -2.922755
v -8.010000 -0.435728 -2.964793
v -8.000000 -0.444917 -2.922755
v -8.000000 -0.453295 -2.880656
v -8.010000 -0.453295 -2.880656
v -8.010000 -0.444917 -2.922755
v -8.000000 -0.453295 -2.880656
v -8.000000 -0.460851 -2.838501
v -8.010000 -0.460851 -2.838501
v -8.010000 -0.453295 -2.880656
v -8.000000 -0.460851 -2.838501
v -8.000000 -0.467570 -2.796297
v -8.010000 -0.467570 -2.796297
v -8.010000 -0.460851 -2.838501
v -8.000000 -0.467570 -2.796297
v -8.000000 -0.473438 -2.754049
v -8.010000 -0.473438 -2.754049
v -8.010000 -0.467570 -2.796297
v -8.000000 -0.473438 -2.754049
v -8.000000 -0.478441 -2.711764
v -8.010000 -0.478441 -2.711764
v -8.010000 -0.473438 -2.754049
v -8.000000 -0.478441 -2.711764
v -8.000000 -0.482565 -2.669448
v -8.010000 -0.482565 -2.669448
v -8.010000 -0.478441 -2.711764
v -8.000000 -0.482565 -2.669448
v -8.000000 -0.485797 -2.627108
v -8.010000 -0.485797 -2.627108
v -8.010000 -0.482565 -2.669448
v -8.000000 -0.485797 -2.627108
v -8.000000 -0.488123 -2.584749
v -8.010000 -0.488123 -2.584749
v -8.010000 -0.485797 -2.627108
v -8.000000 -0.488123 -2.584749
v -8.000000 -0.489528 -2.542377
v -8.010000 -0.489528 -2.542377
v -8.010000 -0.488123 -2.584749
v -8.000000 -0.489528 -2.542377
v -8.000000 -0.490000 -2.500000
v -8.010000 -0.490000 -2.500000
v -8.010000 -0.489528 -2.542377
v -8.000000 -0.490000 -2.500000
v -8.000000 -0.489528 -2.457623
v -8.010000 -0.489528 -2.457623
v -8.010000 -0.490000 -2.500000
v -8.000000 -0.090000 -1.233328
v -8.000000 -0.090000 -1.272402
v -8.010000 -0.090000 -1.272402
v -8.010000 -0.090000 -1.233328
v -8.000000 -0.090000 -1.272402
v -8.000000 -0.090000 -1.312363
v -8.010000 -0.090000 -1.312363
v -8.010000 -0.090000 -1.272402
v -8.000000 -0.090000 -1.312363
v -8.000000 -0.090000 -1.352113
v -8.010000 -0.090000 -1.352113
v -8.010000 -0.090000 -1.312363
v -8.000000 -0.090000 -1.352113
v -8.000000 -0.090000 -1.391863
v -8.010000 -0.090000 -1.391863
v -8.010000 -0.090000 -1.352113
v -8.000000 -0.090000 -1.391863
v -8.000000 -0.090000 -1.431613
v -8.010000 -0.090000 -1.431613
v -8.010000 -0.090000 -1.391863
v -8.000000 -0.090000 -1.431613
v -8.000000 -0.090000 -1.471363
v -8.010000 -0.090000 -1.471363
v -8.010000 -0.090000 -1.431613
v -8.000000 -0.090000 -1.471363
v -8.000000 -0.090000 -1.511113
v -8.010000 -0.090000 -1.511113
v -8.010000 -0.090000 -1.471363
v -8.000000 -0.090000 -1.511113
v -8.000000 -0.090000 -1.550863
v -8.010000 -0.090000 -1.550863
v -8.010000 -0.090000 -1.511113
v -8.000000 -0.090000 -1.550863
v -8.000000 -0.090000 -1.590613
v -8.010000 -0.090000 -1.590613
v -8.010000 -0.090000 -1.550863
v -8.000000 -0.090000 -1.590613
v -8.000000 -0.090000 -1.631630
v -8.010000 -0.090000 -1.631630
v -8.010000 -0.090000 -1.590613
v -8.000000 -0.090000 -1.631630
v -8.000000 -0.090000 -1.672981
v -8.010000 -0.090000 -1.672981
v -8.010000 -0.090000 -1.631630
v -8.000000 -0.090000 -1.672981
v -8.000000 -0.090000 -1.714332
v -8.010000 -0.090000 -1.714332
v -8.010000 -0.090000 -1.672981
v -8.000000 -0.090000 -1.714332
v -8.000000 -0.090000 -1.755683
v -8.010000 -0.090000 -1.755683
v -8.010000 -0.090000 -1.714332
v -8.000000 -0.090000 -1.755683
v -8.000000 -0.090000 -1.797034
v -8.010000 -0.090000 -1.797034
v -8.010000 -0.090000 -1.755683
v -8.000000 -0.090000 -1.797034
v -8.000000 -0.090000 -1.838385
v -8.010000 -0.090000 -1.838385
v -8.010000 -0.090000 -1.797034
v -8.000000 -0.090000 -1.838385
v -8.000000 -0.090000 -1.879736
v -8.010000 -0.090000 -1.879736
v -8.010000 -0.090000 -1.838385
v -8.000000 -0.090000 -1.879736
v -8.000000 -0.090000 -1.921087
v -8.010000 -0.090000 -1.921087
v -8.010000 -0.090000 -1.879736
v -8.000000 -0.090000 -1.921087
v -8.000000 -0.090000 -1.962438
v -8.010000 -0.090000 -1.962438
v -8.010000 -0.090000 -1.921087
v -8.000000 -0.090000 -1.962438
v -8.000000 -0.090000 -2.003789
v -8.010000 -0.090000 -2.003789
v -8.010000 -0.090000 -1.962438
v -8.000000 -0.090000 -2.003789
v -8.000000 -0.090000 -2.045140
v -8.010000 -0.090000 -2.045140
v -8.010000 -0.090000 -2.003789
v -8.000000 -0.090000 -2.045140
v -8.000000 -0.090000 -2.086490
v -8.010000 -0.090000 -2.086490
v -8.010000 -0.090000 -2.045140
v -8.000000 -0.090000 -2.086490
v -8.000000 -0.090000 -2.127841
v -8.010000 -0.090000 -2.127841
v -8.010000 -0.090000 -2.086490
v -8.000000 -0.090000 -2.127841
v -8.000000 -0.090000 -2.169192
v -8.010000 -0.090000 -2.169192
v -8.010000 -0.090000 -2.127841
v -8.000000 -0.090000 -2.169192
v -8.000000 -0.090000 -2.210543
v -8.010000 -0.090000 -2.210543
v -8.010000 -0.090000 -2.169192
v -8.000000 -0.090000 -2.210543
v -8.000000 -0.090000 -2.251894
v -8.010000 -0.090000 -2.251894
v -8.010000 -0.090000 -2.210543
v -8.000000 -0.090000 -2.251894
v -8.000000 -0.090000 -2.293245
v -8.010000 -0.090000 -2.293245
v -8.010000 -0.090000 -2.251894
v -8.000000 -0.090000 -2.293245
v -8.000000 -0.090000 -2.334596
v -8.010000 -0.090000 -2.334596
v -8.010000 -0.090000 -2.293245
v -8.000000 -0.090000 -2.334596
v -8.000000 -0.090000 -2.375947
v -8.010000 -0.090000 -2.375947
v -8.010000 -0.090000 -2.334596
v -8.000000 -0.090000 -2.375947
v -8.000000 -0.090000 -2.417298
v -8.010000 -0.090000 -2.417298
v -8.010000 -0.090000 -2.375947
v -8.000000 -0.090000 -2.417298
v -8.000000 -0.090000 -2.458649
v -8.010000 -0.090000 -2.458649
v -8.010000 -0.090000 -2.417298
v -8.000000 -0.132706 -1.268851
v -8.000000 -0.111645 -1.231462
v -8.010000 -0.111645 -1.231462
v -8.010000 -0.132706 -1.268851
v -8.000000 -0.153749 -1.307257
v -8.000000 -0.132706 -1.268851
v -8.010000 -0.132706 -1.268851
v -8.010000 -0.153749 -1.307257
v -8.000000 -0.174171 -1.345625
v -8.000000 -0.153749 -1.307257
v -8.010000 -0.153749 -1.307257
v -8.010000 -0.174171 -1.345625
v -8.000000 -0.194073 -1.384152
v -8.000000 -0.174171 -1.345625
v -8.010000 -0.174171 -1.345625
v -8.010000 -0.194073 -1.384152
v -8.000000 -0.213442 -1.422832
v -8.000000 -0.194073 -1.384152
v -8.010000 -0.194073 -1.384152
v -8.010000 -0.213442 -1.422832
v -8.000000 -0.232265 -1.461659
v -8.000000 -0.213442 -1.422832
v -8.010000 -0.213442 -1.422832
v -8.010000 -0.232265 -1.461659
v -8.000000 -0.250531 -1.500628
v -8.000000 -0.232265 -1.461659
v -8.010000 -0.232265 -1.461659
v -8.010000 -0.250531 -1.500628
v -8.000000 -0.268227 -1.539734
v -8.000000 -0.250531 -1.500628
v -8.010000 -0.250531 -1.500628
v -8.010000 -0.268227 -1.539734
v -8.000000 -0.285341 -1.578971
v -8.000000 -0.268227 -1.539734
v -8.010000 -0.268227 -1.539734
v -8.010000 -0.285341 -1.578971
v -8.000000 -0.302377 -1.619591
v -8.000000 -0.285341 -1.578971
v -8.010000 -0.285341 -1.578971
v -8.010000 -0.302377 -1.619591
v -8.000000 -0.318897 -1.660671
v -8.000000 -0.302377 -1.619591
v -8.010000 -0.302377 -1.619591
v -8.010000 -0.318897 -1.660671
v -8.000000 -0.334747 -1.701874
v -8.000000 -0.318897 -1.660671
v -8.010000 -0.318897 -1.660671
v -8.010000 -0.334747 -1.701874
v -8.000000 -0.349911 -1.743194
v -8.000000 -0.334747 -1.701874
v -8.010000 -0.334747 -1.701874
v -8.010000 -0.349911 -1.743194
v -8.000000 -0.364377 -1.784626
v -8.000000 -0.349911 -1.743194
v -8.010000 -0.349911 -1.743194
v -8.010000 -0.364377 -1.784626
v -8.000000 -0.378131 -1.826163
v -8.000000 -0.364377 -1.784626
v -8.010000 -0.364377 -1.784626
v -8.010000 -0.378131 -1.826163
v -8.000000 -0.391158 -1.867799
v -8.000000 -0.378131 -1.826163
v -8.010000 -0.378131 -1.826163
v -8.010000 -0.391158 -1.867799
v -8.000000 -0.403446 -1.909527
v -8.000000 -0.391158 -1.867799
v -8.010000 -0.391158 -1.867799
v -8.010000 -0.403446 -1.909527
v -8.000000 -0.414979 -1.951342
v -8.000000 -0.403446 -1.909527
v -8.010000 -0.403446 -1.909527
v -8.010000 -0.414979 -1.951342
v -8.000000 -0.425744 -1.993237
v -8.000000 -0.414979 -1.951342
v -8.010000 -0.414979 -1.951342
v -8.010000 -0.425744 -1.993237
v -8.000000 -0.435728 -2.035207
v -8.000000 -0.425744 -1.993237
v -8.010000 -0.425744 -1.993237
v -8.010000 -0.435728 -2.035207
v -8.000000 -0.444917 -2.077245
v -8.000000 -0.435728 -2.035207
v -8.010000 -0.435728 -2.035207
v -8.010000 -0.444917 -2.077245
v -8.000000 -0.453295 -2.119344
v -8.000000 -0.444917 -2.077245
v -8.010000 -0.444917 -2.077245
v -8.010000 -0.453295 -2.119344
v -8.000000 -0.460851 -2.161499
v -8.000000 -0.453295 -2.119344
v -8.010000 -0.453295 -2.119344
v -8.010000 -0.460851 -2.161499
v -8.000000 -0.467570 -2.203703
v -8.000000 -0.460851 -2.161499
v -8.010000 -0.460851 -2.161499
v -8.010000 -0.467570 -2.203703
v -8.000000 -0.473438 -2.245951
v -8.000000 -0.467570 -2.203703
v -8.010000 -0.467570 -2.203703
v -8.010000 -0.473438 -2.245951
v -8.000000 -0.478441 -2.288236
v -8.000000 -0.473438 -2.245951
v -8.010000 -0.473438 -2.245951
v -8.010000 -0.478441 -2.288236
v -8.000000 -0.482565 -2.330552
v -8.000000 -0.478441 -2.288236
v -8.010000 -0.478441 -2.288236
v -8.010000 -0.482565 -2.330552
v -8.000000 -0.485797 -2.372892
v -8.000000 -0.482565 -2.330552
v -8.010000 -0.482565 -2.330552
v -8.010000 -0.485797 -2.372892
v -8.000000 -0.488123 -2.415251
v -8.000000 -0.485797 -2.372892
v -8.010000 -0.485797 -2.372892
v -8.010000 -0.488123 -2.415251
v -8.000000 -0.489528 -2.457623
v -8.000000 -0.488123 -2.415251
v -8.010000 -0.488123 -2.415251
v -8.010000 -0.489528 -2.457623
v -8.000000 -0.090000 -6.233328
v -8.000000 -0.090000 -6.272402
v -8.010000 -0.090000 -6.272402
v -8.010000 -0.090000 -6.233328
v -8.000000 -0.090000 -6.272402
v -8.000000 -0.090000 -6.312363
v -8.010000 -0.090000 -6.312363
v -8.010000 -0.090000 -6.272402
v -8.000000 -0.090000 -6.312363
v -8.000000 -0.090000 -6.352113
v -8.010000 -0.090000 -6.352113
v -8.010000 -0.090000 -6.312363
v -8.000000 -0.090000 -6.352113
v -8.000000 -0.090000 -6.391863
v -8.010000 -0.090000 -6.391863
v -8.010000 -0.090000 -6.352113
v -8.000000 -0.090000 -6.391863
v -8.000000 -0.090000 -6.431613
v -8.010000 -0.090000 -6.431613
v -8.010000 -0.090000 -6.391863
v -8.000000 -0.090000 -6.431613
v -8.000000 -0.090000 -6.471363
v -8.010000 -0.090000 -6.471363
v -8.010000 -0.090000 -6.431613
v -8.000000 -0.090000 -6.471363
v -8.000000 -0.090000 -6.511113
v -8.010000 -0.090000 -6.511113
v -8.010000 -0.090000 -6.471363
v -8.000000 -0.090000 -6.511113
v -8.000000 -0.090000 -6.550863
v -8.010000 -0.090000 -6.550863
v -8.010000 -0.090000 -6.511113
v -8.000000 -0.090000 -6.550863
v -8.000000 -0.090000 -6.590613
v -8.010000 -0.090000 -6.590613
v -8.010000 -0.090000 -6.550863
v -8.000000 -0.090000 -6.590613
v -8.000000 -0.090000 -6.631630
v -8.010000 -0.090000 -6.631630
v -8.010000 -0.090000 -6.590613
v -8.000000 -0.090000 -6.631630
v -8.000000 -0.090000 -6.672981
v -8.010000 -0.090000 -6.672981
v -8.010000 -0.090000 -6.631630
v -8.000000 -0.090000 -6.672981
v -8.000000 -0.090000 -6.714332
v -8.010000 -0.090000 -6.714332
v -8.010000 -0.090000 -6.672981
v -8.000000 -0.090000 -6.714332
v -8.000000 -0.090000 -6.755683
v -8.010000 -0.090000 -6.755683
v -8.010000 -0.090000 -6.714332
v -8.000000 -0.090000 -6.755683
v -8.000000 -0.090000 -6.797034
v -8.010000 -0.090000 -6.797034
v -8.010000 -0.090000 -6.755683
v -8.000000 -0.090000 -6.797034
v -8.000000 -0.090000 -6.838385
v -8.010000 -0.090000 -6.838385
v -8.010000 -0.090000 -6.797034
v -8.000000 -0.090000 -6.838385
v -8.000000 -0.090000 -6.879736
v -8.010000 -0.090000 -6.879736
v -8.010000 -0.090000 -6.838385
v -8.000000 -0.090000 -6.879736
v -8.000000 -0.090000 -6.921087
v -8.010000 -0.090000 -6.921087
v -8.010000 -0.090000 -6.879736
v -8.000000 -0.090000 -6.921087
v -8.000000 -0.090000 -6.962438
v -8.010000 -0.090000 -6.962438
v -8.010000 -0.090000 -6.921087
v -8.000000 -0.090000 -6.962438
v -8.000000 -0.090000 -7.003788
v -8.010000 -0.090000 -7.003788
v -8.010000 -0.090000 -6.962438
v -8.000000 -0.090000 -7.003788
v -8.000000 -0.090000 -7.045140
v -8.010000 -0.090000 -7.045140
v -8.010000 -0.090000 -7.003788
v -8.000000 -0.090000 -7.045140
v -8.000000 -0.090000 -7.086491
v -8.010000 -0.090000 -7.086491
v -8.010000 -0.090000 -7.045140
v -8.000000 -0.090000 -7.086491
v -8.000000 -0.090000 -7.127841
v -8.010000 -0.090000 -7.127841
v -8.010000 -0.090000 -7.086491
v -8.000000 -0.090000 -7.127841
v -8.000000 -0.090000 -7.169192
v -8.010000 -0.090000 -7.169192
v -8.010000 -0.090000 -7.127841
v -8.000000 -0.090000 -7.169192
v -8.000000 -0.090000 -7.210544
v -8.010000 -0.090000 -7.210544
v -8.010000 -0.090000 -7.169192
v -8.000000 -0.090000 -7.210544
v -8.000000 -0.090000 -7.251894
v -8.010000 -0.090000 -7.251894
v -8.010000 -0.090000 -7.210544
v -8.000000 -0.090000 -7.251894
v -8.000000 -0.090000 -7.293245
v -8.010000 -0.090000 -7.293245
v -8.010000 -0.090000 -7.251894
v -8.000000 -0.090000 -7.293245
v -8.000000 -0.090000 -7.334596
v -8.010000 -0.090000 -7.334596
v -8.010000 -0.090000 -7.293245
v -8.000000 -0.090000 -7.334596
v -8.000000 -0.090000 -7.375947
v -8.010000 -0.090000 -7.375947
v -8.010000 -0.090000 -7.334596
v -8.000000 -0.090000 -7.375947
v -8.000000 -0.090000 -7.417298
v -8.010000 -0.090000 -7.417298
v -8.010000 -0.090000 -7.375947
v -8.000000 -0.090000 -7.417298
v -8.000000 -0.090000 -7.458649
v -8.010000 -0.090000 -7.458649
v -8.010000 -0.090000 -7.417298
v -8.000000 -0.090000 -7.458649
v -8.000000 -0.090000 -7.500000
v -8.010000 -0.090000 -7.500000
v -8.010000 -0.090000 -7.458649
v -8.000000 -0.090000 -7.500000
v -8.000000 -0.290000 -7.500000
v -8.010000 -0.290000 -7.500000
v -8.010000 -0.090000 -7.500000
v -8.000000 -0.290000 -7.500000
v -8.000000 -0.490000 -7.500000
v -8.010000 -0.490000 -7.500000
v -8.010000 -0.290000 -7.500000
v -8.000000 -0.132706 -6.268851
v -8.000000 -0.111645 -6.231462
v -8.010000 -0.111645 -6.231462
v -8.010000 -0.132706 -6.268851
v -8.000000 -0.153749 -6.307257
v -8.000000 -0.132706 -6.268851
v -8.010000 -0.132706 -6.268851
v -8.010000 -0.153749 -6.307257
v -8.000000 -0.174171 -6.345625
v -8.000000 -0.153749 -6.307257
v -8.010000 -0.153749 -6.307257
v -8.010000 -0.174171 -6.345625
v -8.000000 -0.194073 -6.384152
v -8.000000 -0.174171 -6.345625
v -8.010000 -0.174171 -6.345625
v -8.010000 -0.194073 -6.384152
v -8.000000 -0.213442 -6.422832
v -8.000000 -0.194073 -6.384152
v -8.010000 -0.194073 -6.384152
v -8.010000 -0.213442 -6.422832
v -8.000000 -0.232265 -6.461659
v -8.000000 -0.213442 -6.422832
v -8.010000 -0.213442 -6.422832
v -8.010000 -0.232265 -6.461659
v -8.000000 -0.250531 -6.500628
v -8.000000 -0.232265 -6.461659
v -8.010000 -0.232265 -6.461659
v -8.010000 -0.250531 -6.500628
v -8.000000 -0.268227 -6.539734
v -8.000000 -0.250531 -6.500628
v -8.010000 -0.250531 -6.500628
v -8.010000 -0.268227 -6.539734
v -8.000000 -0.285341 -6.578971
v -8.000000 -0.268227 -6.539734
v -8.010000 -0.268227 -6.539734
v -8.010000 -0.285341 -6.578971
v -8.000000 -0.302377 -6.619591
v -8.000000 -0.285341 -6.578971
v -8.010000 -0.285341 -6.578971
v -8.010000 -0.302377 -6.619591
v -8.000000 -0.318897 -6.660671
v -8.000000 -0.302377 -6.619591
v -8.010000 -0.302377 -6.619591
v -8.010000 -0.318897 -6.660671
v -8.000000 -0.334747 -6.701873
v -8.000000 -0.318897 -6.660671
v -8.010000 -0.318897 -6.660671
v -8.010000 -0.334747 -6.701873
v -8.000000 -0.349911 -6.743194
v -8.000000 -0.334747 -6.701873
v -8.010000 -0.334747 -6.701873
v -8.010000 -0.349911 -6.743194
v -8.000000 -0.364377 -6.784626
v -8.000000 -0.349911 -6.743194
v -8.010000 -0.349911 -6.743194
v -8.010000 -0.364377 -6.784626
v -8.000000 -0.378131 -6.826163
v -8.000000 -0.364377 -6.784626
v -8.010000 -0.364377 -6.784626
v -8.010000 -0.378131 -6.826163
v -8.000000 -0.391158 -6.867799
v -8.000000 -0.378131 -6.826163
v -8.010000 -0.378131 -6.826163
v -8.010000 -0.391158 -6.867799
v -8.000000 -0.403446 -6.909527
v -8.000000 -0.391158 -6.867799
v -8.010000 -0.391158 -6.867799
v -8.010000 -0.403446 -6.909527
v -8.000000 -0.414979 -6.951342
v -8.000000 -0.403446 -6.909527
v -8.010000 -0.403446 -6.909527
v -8.010000 -0.414979 -6.951342
v -8.000000 -0.425744 -6.993237
v -8.000000 -0.414979 -6.951342
v -8.010000 -0.414979 -6.951342
v -8.010000 -0.425744 -6.993237
v -8.000000 -0.435728 -7.035207
v -8.000000 -0.425744 -6.993237
v -8.010000 -0.425744 -6.993237
v -8.010000 -0.435728 -7.035207
v -8.000000 -0.444917 -7.077245
v -8.000000 -0.435728 -7.035207
v -8.010000 -0.435728 -7.035207
v -8.010000 -0.444917 -7.077245
v -8.000000 -0.453295 -7.119344
v -8.000000 -0.444917 -7.077245
v -8.010000 -0.444917 -7.077245
v -8.010000 -0.453295 -7.119344
v -8.000000 -0.460851 -7.161499
v -8.000000 -0.453295 -7.119344
v -8.010000 -0.453295 -7.119344
v -8.010000 -0.460851 -7.161499
v -8.000000 -0.467570 -7.203703
v -8.000000 -0.460851 -7.161499
v -8.010000 -0.460851 -7.161499
v -8.010000 -0.467570 -7.203703
v -8.000000 -0.473438 -7.245951
v -8.000000 -0.467570 -7.203703
v -8.010000 -0.467570 -7.203703
v -8.010000 -0.473438 -7.245951
v -8.000000 -0.478441 -7.288236
v -8.000000 -0.473438 -7.245951
v -8.010000 -0.473438 -7.245951
v -8.010000 -0.478441 -7.288236
v -8.000000 -0.482565 -7.330552
v -8.000000 -0.478441 -7.288236
v -8.010000 -0.478441 -7.288236
v -8.010000 -0.482565 -7.330552
v -8.000000 -0.485797 -7.372892
v -8.000000 -0.482565 -7.330552
v -8.010000 -0.482565 -7.330552
v -8.010000 -0.485797 -7.372892
v -8.000000 -0.488123 -7.415251
v -8.000000 -0.485797 -7.372892
v -8.010000 -0.485797 -7.372892
v -8.010000 -0.488123 -7.415251
v -8.000000 -0.489528 -7.457623
v -8.000000 -0.488123 -7.415251
v -8.010000 -0.488123 -7.415251
v -8.010000 -0.489528 -7.457623
v -8.000000 -0.490000 -7.500000
v -8.000000 -0.489528 -7.457623
v -8.010000 -0.489528 -7.457623
v -8.010000 -0.490000 -7.500000
v -8.000000 -0.090000 6.272402
v -8.000000 -0.090000 6.233328
v -8.010000 -0.090000 6.233328
v -8.010000 -0.090000 6.272402
v -8.000000 -0.090000 6.312363
v -8.000000 -0.090000 6.272402
v -8.010000 -0.090000 6.272402
v -8.010000 -0.090000 6.312363
v -8.000000 -0.090000 6.352113
v -8.000000 -0.090000 6.312363
v -8.010000 -0.090000 6.312363
v -8.010000 -0.090000 6.352113
v -8.000000 -0.090000 6.391863
v -8.000000 -0.090000 6.352113
v -8.010000 -0.090000 6.352113
v -8.010000 -0.090000 6.391863
v -8.000000 -0.090000 6.431613
v -8.000000 -0.090000 6.391863
v -8.010000 -0.090000 6.391863
v -8.010000 -0.090000 6.431613
v -8.000000 -0.090000 6.471363
v -8.000000 -0.090000 6.431613
v -8.010000 -0.090000 6.431613
v -8.010000 -0.090000 6.471363
v -8.000000 -0.090000 6.511113
v -8.000000 -0.090000 6.471363
v -8.010000 -0.090000 6.471363
v -8.010000 -0.090000 6.511113
v -8.000000 -0.090000 6.550863
v -8.000000 -0.090000 6.511113
v -8.010000 -0.090000 6.511113
v -8.010000 -0.090000 6.550863
v -8.000000 -0.090000 6.590613
v -8.000000 -0.090000 6.550863
v -8.010000 -0.090000 6.550863
v -8.010000 -0.090000 6.590613
v -8.000000 -0.090000 6.631630
v -8.000000 -0.090000 6.590613
v -8.010000 -0.090000 6.590613
v -8.010000 -0.090000 6.631630
v -8.000000 -0.090000 6.672981
v -8.000000 -0.090000 6.631630
v -8.010000 -0.090000 6.631630
v -8.010000 -0.090000 6.672981
v -8.000000 -0.090000 6.714332
v -8.000000 -0.090000 6.672981
v -8.010000 -0.090000 6.672981
v -8.010000 -0.090000 6.714332
v -8.000000 -0.090000 6.755683
v -8.000000 -0.090000 6.714332
v -8.010000 -0.090000 6.714332
v -8.010000 -0.090000 6.755683
v -8.000000 -0.090000 6.797034
v -8.000000 -0.090000 6.755683
v -8.010000 -0.090000 6.755683
v -8.010000 -0.090000 6.797034
v -8.000000 -0.090000 6.838385
v -8.000000 -0.090000 6.797034
v -8.010000 -0.090000 6.797034
v -8.010000 -0.090000 6.838385
v -8.000000 -0.090000 6.879736
v -8.000000 -0.090000 6.838385
v -8.010000 -0.090000 6.838385
v -8.010000 -0.090000 6.879736
v -8.000000 -0.090000 6.921087
v -8.000000 -0.090000 6.879736
v -8.010000 -0.090000 6.879736
v -8.010000 -0.090000 6.921087
v -8.000000 -0.090000 6.962438
v -8.000000 -0.090000 6.921087
v -8.010000 -0.090000 6.921087
v -8.010000 -0.090000 6.962438
v -8.000000 -0.090000 7.003788
v -8.000000 -0.090000 6.962438
v -8.010000 -0.090000 6.962438
v -8.010000 -0.090000 7.003788
v -8.000000 -0.090000 7.045140
v -8.000000 -0.090000 7.003788
v -8.010000 -0.090000 7.003788
v -8.010000 -0.090000 7.045140
v -8.000000 -0.090000 7.086491
v -8.000000 -0.090000 7.045140
v -8.010000 -0.090000 7.045140
v -8.010000 -0.090000 7.086491
v -8.000000 -0.090000 7.127841
v -8.000000 -0.090000 7.086491
v -8.010000 -0.090000 7.086491
v -8.010000 -0.090000 7.127841
v -8.000000 -0.090000 7.169192
v -8.000000 -0.090000 7.127841
v -8.010000 -0.090000 7.127841
v -8.010000 -0.090000 7.169192
v -8.000000 -0.090000 7.210544
v -8.000000 -0.090000 7.169192
v -8.010000 -0.090000 7.169192
v -8.010000 -0.090000 7.210544
v -8.000000 -0.090000 7.251894
v -8.000000 -0.090000 7.210544
v -8.010000 -0.090000 7.210544
v -8.010000 -0.090000 7.251894
v -8.000000 -0.090000 7.293245
v -8.000000 -0.090000 7.251894
v -8.010000 -0.090000 7.251894
v -8.010000 -0.090000 7.293245
v -8.000000 -0.090000 7.334596
v -8.000000 -0.090000 7.293245
v -8.010000 -0.090000 7.293245
v -8.010000 -0.090000 7.334596
v -8.000000 -0.090000 7.375947
v -8.000000 -0.090000 7.334596
v -8.010000 -0.090000 7.334596
v -8.010000 -0.090000 7.375947
v -8.000000 -0.090000 7.417298
v -8.000000 -0.090000 7.375947
v -8.010000 -0.090000 7.375947
v -8.010000 -0.090000 7.417298
v -8.000000 -0.090000 7.458649
v -8.000000 -0.090000 7.417298
v -8.010000 -0.090000 7.417298
v -8.010000 -0.090000 7.458649
v -8.000000 -0.090000 7.500000
v -8.000000 -0.090000 7.458649
v -8.010000 -0.090000 7.458649
v -8.010000 -0.090000 7.500000
v -8.000000 -0.290000 7.500000
v -8.000000 -0.090000 7.500000
v -8.010000 -0.090000 7.500000
v -8.010000 -0.290000 7.500000
v -8.000000 -0.490000 7.500000
v -8.000000 -0.290000 7.500000
v -8.010000 -0.290000 7.500000
v -8.010000 -0.490000 7.500000
v -8.000000 -0.111645 6.231462
v -8.000000 -0.132706 6.268851
v -8.010000 -0.132706 6.268851
v -8.010000 -0.111645 6.231462
v -8.000000 -0.132706 6.268851
v -8.000000 -0.153749 6.307257
v -8.010000 -0.153749 6.307257
v -8.010000 -0.132706 6.268851
v -8.000000 -0.153749 6.307257
v -8.000000 -0.174171 6.345625
v -8.010000 -0.174171 6.345625
v -8.010000 -0.153749 6.307257
v -8.000000 -0.174171 6.345625
v -8.000000 -0.194073 6.384152
v -8.010000 -0.194073 6.384152
v -8.010000 -0.174171 6.345625
v -8.000000 -0.194073 6.384152
v -8.000000 -0.213442 6.422832
v -8.010000 -0.213442 6.422832
v -8.010000 -0.194073 6.384152
v -8.000000 -0.213442 6.422832
v -8.000000 -0.232265 6.461659
v -8.010000 -0.232265 6.461659
v -8.010000 -0.213442 6.422832
v -8.000000 -0.232265 6.461659
v -8.000000 -0.250531 6.500628
v -8.010000 -0.250531 6.500628
v -8.010000 -0.232265 6.461659
v -8.000000 -0.250531 6.500628
v -8.000000 -0.268227 6.539734
v -8.010000 -0.268227 6.539734
v -8.010000 -0.250531 6.500628
v -8.000000 -0.268227 6.539734
v -8.000000 -0.285341 6.578971
v -8.010000 -0.285341 6.578971
v -8.010000 -0.268227 6.539734
v -8.000000 -0.285341 6.578971
v -8.000000 -0.302377 6.619591
v -8.010000 -0.302377 6.619591
v -8.010000 -0.285341 6.578971
v -8.000000 -0.302377 6.619591
v -8.000000 -0.318897 6.660671
v -8.010000 -0.318897 6.660671
v -8.010000 -0.302377 6.619591
v -8.000000 -0.318897 6.660671
v -8.000000 -0.334747 6.701873
v -8.010000 -0.334747 6.701873
v -8.010000 -0.318897 6.660671
v -8.000000 -0.334747 6.701873
v -8.000000 -0.349911 6.743194
v -8.010000 -0.349911 6.743194
v -8.010000 -0.334747 6.701873
v -8.000000 -0.349911 6.743194
v -8.000000 -0.364377 6.784626
v -8.010000 -0.364377 6.784626
v -8.010000 -0.349911 6.743194
v -8.000000 -0.364377 6.784626
v -8.000000 -0.378131 6.826163
v -8.010000 -0.378131 6.826163
v -8.010000 -0.364377 6.784626
v -8.000000 -0.378131 6.826163
v -8.000000 -0.391158 6.867799
v -8.010000 -0.391158 6.867799
v -8.010000 -0.378131 6.826163
v -8.000000 -0.391158 6.867799
v -8.000000 -0.403446 6.909527
v -8.010000 -0.403446 6.909527
v -8.010000 -0.391158 6.867799
v -8.000000 -0.403446 6.909527
v -8.000000 -0.414979 6.951342
v -8.010000 -0.414979 6.951342
v -8.010000 -0.403446 6.909527
v -8.000000 -0.414979 6.951342
v -8.000000 -0.425744 6.993237
v -8.010000 -0.425744 6.993237
v -8.010000 -0.414979 6.951342
v -8.000000 -0.425744 6.993237
v -8.000000 -0.435728 7.035207
v -8.010000 -0.435728 7.035207
v -8.010000 -0.425744 6.993237
v -8.000000 -0.435728 7.035207
v -8.000000 -0.444917 7.077245
v -8.010000 -0.444917 7.077245
v -8.010000 -0.435728 7.035207
v -8.000000 -0.444917 7.077245
v -8.000000 -0.453295 7.119344
v -8.010000 -0.453295 7.119344
v -8.010000 -0.444917 7.077245
v -8.000000 -0.453295 7.119344
v -8.000000 -0.460851 7.161499
v -8.010000 -0.460851 7.161499
v -8.010000 -0.453295 7.119344
v -8.000000 -0.460851 7.161499
v -8.000000 -0.467570 7.203703
v -8.010000 -0.467570 7.203703
v -8.010000 -0.460851 7.161499
v -8.000000 -0.467570 7.203703
v -8.000000 -0.473438 7.245951
v -8.010000 -0.473438 7.245951
v -8.010000 -0.467570 7.203703
v -8.000000 -0.473438 7.245951
v -8.000000 -0.478441 7.288236
v -8.010000 -0.478441 7.288236
v -8.010000 -0.473438 7.245951
v -8.000000 -0.478441 7.288236
v -8.000000 -0.482565 7.330552
v -8.010000 -0.482565 7.330552
v -8.010000 -0.478441 7.288236
v -8.000000 -0.482565 7.330552
v -8.000000 -0.485797 7.372892
v -8.010000 -0.485797 7.372892
v -8.010000 -0.482565 7.330552
v -8.000000 -0.485797 7.372892
v -8.000000 -0.488123 7.415251
v -8.010000 -0.488123 7.415251
v -8.010000 -0.485797 7.372892
v -8.000000 -0.488123 7.415251
v -8.000000 -0.489528 7.457623
v -8.010000 -0.489528 7.457623
v -8.010000 -0.488123 7.415251
v -8.000000 -0.489528 7.457623
v -8.000000 -0.490000 7.500000
v -8.010000 -0.490000 7.500000
v -8.010000 -0.489528 7.457623
v -8.000000 -0.090000 1.272402
v -8.000000 -0.090000 1.233328
v -8.010000 -0.090000 1.233328
v -8.010000 -0.090000 1.272402
v -8.000000 -0.090000 1.312363
v -8.000000 -0.090000 1.272402
v -8.010000 -0.090000 1.272402
v -8.010000 -0.090000 1.312363
v -8.000000 -0.090000 1.352113
v -8.000000 -0.090000 1.312363
v -8.010000 -0.090000 1.312363
v -8.010000 -0.090000 1.352113
v -8.000000 -0.090000 1.391863
v -8.000000 -0.090000 1.352113
v -8.010000 -0.090000 1.352113
v -8.010000 -0.090000 1.391863
v -8.000000 -0.090000 1.431613
v -8.000000 -0.090000 1.391863
v -8.010000 -0.090000 1.391863
v -8.010000 -0.090000 1.431613
v -8.000000 -0.090000 1.471363
v -8.000000 -0.090000 1.431613
v -8.010000 -0.090000 1.431613
v -8.010000 -0.090000 1.471363
v -8.000000 -0.090000 1.511113
v -8.000000 -0.090000 1.471363
v -8.010000 -0.090000 1.471363
v -8.010000 -0.090000 1.511113
v -8.000000 -0.090000 1.550863
v -8.000000 -0.090000 1.511113
v -8.010000 -0.090000 1.511113
v -8.010000 -0.090000 1.550863
v -8.000000 -0.090000 1.590613
v -8.000000 -0.090000 1.550863
v -8.010000 -0.090000 1.550863
v -8.010000 -0.090000 1.590613
v -8.000000 -0.090000 1.631630
v -8.000000 -0.090000 1.590613
v -8.010000 -0.090000 1.590613
v -8.010000 -0.090000 1.631630
v -8.000000 -0.090000 1.672981
v -8.000000 -0.090000 1.631630
v -8.010000 -0.090000 1.631630
v -8.010000 -0.090000 1.672981
v -8.000000 -0.090000 1.714332
v -8.000000 -0.090000 1.672981
v -8.010000 -0.090000 1.672981
v -8.010000 -0.090000 1.714332
v -8.000000 -0.090000 1.755683
v -8.000000 -0.090000 1.714332
v -8.010000 -0.090000 1.714332
v -8.010000 -0.090000 1.755683
v -8.000000 -0.090000 1.797034
v -8.000000 -0.090000 1.755683
v -8.010000 -0.090000 1.755683
v -8.010000 -0.090000 1.797034
v -8.000000 -0.090000 1.838385
v -8.000000 -0.090000 1.797034
v -8.010000 -0.090000 1.797034
v -8.010000 -0.090000 1.838385
v -8.000000 -0.090000 1.879736
v -8.000000 -0.090000 1.838385
v -8.010000 -0.090000 1.838385
v -8.010000 -0.090000 1.879736
v -8.000000 -0.090000 1.921087
v -8.000000 -0.090000 1.879736
v -8.010000 -0.090000 1.879736
v -8.010000 -0.090000 1.921087
v -8.000000 -0.090000 1.962438
v -8.000000 -0.090000 1.921087
v -8.010000 -0.090000 1.921087
v -8.010000 -0.090000 1.962438
v -8.000000 -0.090000 2.003789
v -8.000000 -0.090000 1.962438
v -8.010000 -0.090000 1.962438
v -8.010000 -0.090000 2.003789
v -8.000000 -0.090000 2.045140
v -8.000000 -0.090000 2.003789
v -8.010000 -0.090000 2.003789
v -8.010000 -0.090000 2.045140
v -8.000000 -0.090000 2.086490
v -8.000000 -0.090000 2.045140
v -8.010000 -0.090000 2.045140
v -8.010000 -0.090000 2.086490
v -8.000000 -0.090000 2.127841
v -8.000000 -0.090000 2.086490
v -8.010000 -0.090000 2.086490
v -8.010000 -0.090000 2.127841
v -8.000000 -0.090000 2.169192
v -8.000000 -0.090000 2.127841
v -8.010000 -0.090000 2.127841
v -8.010000 -0.090000 2.169192
v -8.000000 -0.090000 2.210543
v -8.000000 -0.090000 2.169192
v -8.010000 -0.090000 2.169192
v -8.010000 -0.090000 2.210543
v -8.000000 -0.090000 2.251894
v -8.000000 -0.090000 2.210543
v -8.010000 -0.090000 2.210543
v -8.010000 -0.090000 2.251894
v -8.000000 -0.090000 2.293245
v -8.000000 -0.090000 2.251894
v -8.010000 -0.090000 2.251894
v -8.010000 -0.090000 2.293245
v -8.000000 -0.090000 2.334596
v -8.000000 -0.090000 2.293245
v -8.010000 -0.090000 2.293245
v -8.010000 -0.090000 2.334596
v -8.000000 -0.090000 2.375947
v -8.000000 -0.090000 2.334596
v -8.010000 -0.090000 2.334596
v -8.010000 -0.090000 2.375947
v -8.000000 -0.090000 2.417298
v -8.000000 -0.090000 2.375947
v -8.010000 -0.090000 2.375947
v -8.010000 -0.090000 2.417298
v -8.000000 -0.090000 2.458649
v -8.000000 -0.090000 2.417298
v -8.010000 -0.090000 2.417298
v -8.010000 -0.090000 2.458649
v -8.000000 -0.090000 2.500000
v -8.000000 -0.090000 2.458649
v -8.010000 -0.090000 2.458649
v -8.010000 -0.090000 2.500000
v -8.000000 -0.090000 2.541351
v -8.000000 -0.090000 2.500000
v -8.010000 -0.090000 2.500000
v -8.010000 -0.090000 2.541351
v -8.000000 -0.111645 1.231462
v -8.000000 -0.132706 1.268851
v -8.010000 -0.132706 1.268851
v -8.010000 -0.111645 1.231462
v -8.000000 -0.132706 1.268851
v -8.000000 -0.153749 1.307257
v -8.010000 -0.153749 1.307257
v -8.010000 -0.132706 1.268851
v -8.000000 -0.153749 1.307257
v -8.000000 -0.174171 1.345625
v -8.010000 -0.174171 1.345625
v -8.010000 -0.153749 1.307257
v -8.000000 -0.174171 1.345625
v -8.000000 -0.194073 1.384152
v -8.010000 -0.194073 1.384152
v -8.010000 -0.174171 1.345625
v -8.000000 -0.194073 1.384152
v -8.000000 -0.213442 1.422832
v -8.010000 -0.213442 1.422832
v -8.010000 -0.194073 1.384152
v -8.000000 -0.213442 1.422832
v -8.000000 -0.232265 1.461659
v -8.010000 -0.232265 1.461659
v -8.010000 -0.213442 1.422832
v -8.000000 -0.232265 1.461659
v -8.000000 -0.250531 1.500628
v -8.010000 -0.250531 1.500628
v -8.010000 -0.232265 1.461659
v -8.000000 -0.250531 1.500628
v -8.000000 -0.268227 1.539734
v -8.010000 -0.268227 1.539734
v -8.010000 -0.250531 1.500628
v -8.000000 -0.268227 1.539734
v -8.000000 -0.285341 1.578971
v -8.010000 -0.285341 1.578971
v -8.010000 -0.268227 1.539734
v -8.000000 -0.285341 1.578971
v -8.000000 -0.302377 1.619591
v -8.010000 -0.302377 1.619591
v -8.010000 -0.285341 1.578971
v -8.000000 -0.302377 1.619591
v -8.000000 -0.318897 1.660671
v -8.010000 -0.318897 1.660671
v -8.010000 -0.302377 1.619591
v -8.000000 -0.318897 1.660671
v -8.000000 -0.334747 1.701874
v -8.010000 -0.334747 1.701874
v -8.010000 -0.318897 1.660671
v -8.000000 -0.334747 1.701874
v -8.000000 -0.349911 1.743194
v -8.010000 -0.349911 1.743194
v -8.010000 -0.334747 1.701874
v -8.000000 -0.349911 1.743194
v -8.000000 -0.364377 1.784626
v -8.010000 -0.364377 1.784626
v -8.010000 -0.349911 1.743194
v -8.000000 -0.364377 1.784626
v -8.000000 -0.378131 1.826163
v -8.010000 -0.378131 1.826163
v -8.010000 -0.364377 1.784626
v -8.000000 -0.378131 1.826163
v -8.000000 -0.391158 1.867799
v -8.010000 -0.391158 1.867799
v -8.010000 -0.378131 1.826163
v -8.000000 -0.391158 1.867799
v -8.000000 -0.403446 1.909527
v -8.010000 -0.403446 1.909527
v -8.010000 -0.391158 1.867799
v -8.000000 -0.403446 1.909527
v -8.000000 -0.414979 1.951342
v -8.010000 -0.414979 1.951342
v -8.010000 -0.403446 1.909527
v -8.000000 -0.414979 1.951342
v -8.000000 -0.425744 1.993237
v -8.010000 -0.425744 1.993237
v -8.010000 -0.414979 1.951342
v -8.000000 -0.425744 1.993237
v -8.000000 -0.435728 2.035207
v -8.010000 -0.435728 2.035207
v -8.010000 -0.425744 1.993237
v -8.000000 -0.435728 2.035207
v -8.000000 -0.444917 2.077245
v -8.010000 -0.444917 2.077245
v -8.010000 -0.435728 2.035207
v -8.000000 -0.444917 2.077245
v -8.000000 -0.453295 2.119344
v -8.010000 -0.453295 2.119344
v -8.010000 -0.444917 2.077245
v -8.000000 -0.453295 2.119344
v -8.000000 -0.460851 2.161499
v -8.010000 -0.460851 2.161499
v -8.010000 -0.453295 2.119344
v -8.000000 -0.460851 2.161499
v -8.000000 -0.467570 2.203703
v -8.010000 -0.467570 2.203703
v -8.010000 -0.460851 2.161499
v -8.000000 -0.467570 2.203703
v -8.000000 -0.473438 2.245951
v -8.010000 -0.473438 2.245951
v -8.010000 -0.467570 2.203703
v -8.000000 -0.473438 2.245951
v -8.000000 -0.478441 2.288236
v -8.010000 -0.478441 2.288236
v -8.010000 -0.473438 2.245951
v -8.000000 -0.478441 2.288236
v -8.000000 -0.482565 2.330552
v -8.010000 -0.482565 2.330552
v -8.010000 -0.478441 2.288236
v -8.000000 -0.482565 2.330552
v -8.000000 -0.485797 2.372892
v -8.010000 -0.485797 2.372892
v -8.010000 -0.482565 2.330552
v -8.000000 -0.485797 2.372892
v -8.000000 -0.488123 2.415251
v -8.010000 -0.488123 2.415251
v -8.010000 -0.485797 2.372892
v -8.000000 -0.488123 2.415251
v -8.000000 -0.489528 2.457623
v -8.010000 -0.489528 2.457623
v -8.010000 -0.488123 2.415251
v -8.000000 -0.489528 2.457623
v -8.000000 -0.490000 2.500000
v -8.010000 -0.490000 2.500000
v -8.010000 -0.489528 2.457623
v -8.000000 -0.490000 2.500000
v -8.000000 -0.489528 2.542377
v -8.010000 -0.489528 2.542377
v -8.010000 -0.490000 2.500000
v -8.000000 -0.090000 3.766672
v -8.000000 -0.090000 3.727598
v -8.010000 -0.090000 3.727598
v -8.010000 -0.090000 3.766672
v -8.000000 -0.090000 3.727598
v -8.000000 -0.090000 3.687637
v -8.010000 -0.090000 3.687637
v -8.010000 -0.090000 3.727598
v -8.000000 -0.090000 3.687637
v -8.000000 -0.090000 3.647887
v -8.010000 -0.090000 3.647887
v -8.010000 -0.090000 3.687637
v -8.000000 -0.090000 3.647887
v -8.000000 -0.090000 3.608137
v -8.010000 -0.090000 3.608137
v -8.010000 -0.090000 3.647887
v -8.000000 -0.090000 3.608137
v -8.000000 -0.090000 3.568387
v -8.010000 -0.090000 3.568387
v -8.010000 -0.090000 3.608137
v -8.000000 -0.090000 3.568387
v -8.000000 -0.090000 3.528637
v -8.010000 -0.090000 3.528637
v -8.010000 -0.090000 3.568387
v -8.000000 -0.090000 3.528637
v -8.000000 -0.090000 3.488887
v -8.010000 -0.090000 3.488887
v -8.010000 -0.090000 3.528637
v -8.000000 -0.090000 3.488887
v -8.000000 -0.090000 3.449137
v -8.010000 -0.090000 3.449137
v -8.010000 -0.090000 3.488887
v -8.000000 -0.090000 3.449137
v -8.000000 -0.090000 3.409387
v -8.010000 -0.090000 3.409387
v -8.010000 -0.090000 3.449137
v -8.000000 -0.090000 3.409387
v -8.000000 -0.090000 3.368370
v -8.010000 -0.090000 3.368370
v -8.010000 -0.090000 3.409387
v -8.000000 -0.090000 3.368370
v -8.000000 -0.090000 3.327019
v -8.010000 -0.090000 3.327019
v -8.010000 -0.090000 3.368370
v -8.000000 -0.090000 3.327019
v -8.000000 -0.090000 3.285668
v -8.010000 -0.090000 3.285668
v -8.010000 -0.090000 3.327019
v -8.000000 -0.090000 3.285668
v -8.000000 -0.090000 3.244317
v -8.010000 -0.090000 3.244317
v -8.010000 -0.090000 3.285668
v -8.000000 -0.090000 3.244317
v -8.000000 -0.090000 3.202966
v -8.010000 -0.090000 3.202966
v -8.010000 -0.090000 3.244317
v -8.000000 -0.090000 3.202966
v -8.000000 -0.090000 3.161615
v -8.010000 -0.090000 3.161615
v -8.010000 -0.090000 3.202966
v -8.000000 -0.090000 3.161615
v -8.000000 -0.090000 3.120264
v -8.010000 -0.090000 3.120264
v -8.010000 -0.090000 3.161615
v -8.000000 -0.090000 3.120264
v -8.000000 -0.090000 3.078913
v -8.010000 -0.090000 3.078913
v -8.010000 -0.090000 3.120264
v -8.000000 -0.090000 3.078913
v -8.000000 -0.090000 3.037562
v -8.010000 -0.090000 3.037562
v -8.010000 -0.090000 3.078913
v -8.000000 -0.090000 3.037562
v -8.000000 -0.090000 2.996212
v -8.010000 -0.090000 2.996212
v -8.010000 -0.090000 3.037562
v -8.000000 -0.090000 2.996212
v -8.000000 -0.090000 2.954860
v -8.010000 -0.090000 2.954860
v -8.010000 -0.090000 2.996212
v -8.000000 -0.090000 2.954860
v -8.000000 -0.090000 2.913510
v -8.010000 -0.090000 2.913510
v -8.010000 -0.090000 2.954860
v -8.000000 -0.090000 2.913510
v -8.000000 -0.090000 2.872159
v -8.010000 -0.090000 2.872159
v -8.010000 -0.090000 2.913510
v -8.000000 -0.090000 2.872159
v -8.000000 -0.090000 2.830808
v -8.010000 -0.090000 2.830808
v -8.010000 -0.090000 2.872159
v -8.000000 -0.090000 2.830808
v -8.000000 -0.090000 2.789457
v -8.010000 -0.090000 2.789457
v -8.010000 -0.090000 2.830808
v -8.000000 -0.090000 2.789457
v -8.000000 -0.090000 2.748106
v -8.010000 -0.090000 2.748106
v -8.010000 -0.090000 2.789457
v -8.000000 -0.090000 2.748106
v -8.000000 -0.090000 2.706755
v -8.010000 -0.090000 2.706755
v -8.010000 -0.090000 2.748106
v -8.000000 -0.090000 2.706755
v -8.000000 -0.090000 2.665404
v -8.010000 -0.090000 2.665404
v -8.010000 -0.090000 2.706755
v -8.000000 -0.090000 2.665404
v -8.000000 -0.090000 2.624053
v -8.010000 -0.090000 2.624053
v -8.010000 -0.090000 2.665404
v -8.000000 -0.090000 2.624053
v -8.000000 -0.090000 2.582702
v -8.010000 -0.090000 2.582702
v -8.010000 -0.090000 2.624053
v -8.000000 -0.090000 2.582702
v -8.000000 -0.090000 2.541351
v -8.010000 -0.090000 2.541351
v -8.010000 -0.090000 2.582702
v -8.000000 -0.132706 3.731149
v -8.000000 -0.111645 3.768538
v -8.010000 -0.111645 3.768538
v -8.010000 -0.132706 3.731149
v -8.000000 -0.153749 3.692743
v -8.000000 -0.132706 3.731149
v -8.010000 -0.132706 3.731149
v -8.010000 -0.153749 3.692743
v -8.000000 -0.174171 3.654375
v -8.000000 -0.153749 3.692743
v -8.010000 -0.153749 3.692743
v -8.010000 -0.174171 3.654375
v -8.000000 -0.194073 3.615848
v -8.000000 -0.174171 3.654375
v -8.010000 -0.174171 3.654375
v -8.010000 -0.194073 3.615848
v -8.000000 -0.213442 3.577168
v -8.000000 -0.194073 3.615848
v -8.010000 -0.194073 3.615848
v -8.010000 -0.213442 3.577168
v -8.000000 -0.232265 3.538341
v -8.000000 -0.213442 3.577168
v -8.010000 -0.213442 3.577168
v -8.010000 -0.232265 3.538341
v -8.000000 -0.250531 3.499372
v -8.000000 -0.232265 3.538341
v -8.010000 -0.232265 3.538341
v -8.010000 -0.250531 3.499372
v -8.000000 -0.268227 3.460266
v -8.000000 -0.250531 3.499372
v -8.010000 -0.250531 3.499372
v -8.010000 -0.268227 3.460266
v -8.000000 -0.285341 3.421029
v -8.000000 -0.268227 3.460266
v -8.010000 -0.268227 3.460266
v -8.010000 -0.285341 3.421029
v -8.000000 -0.302377 3.380409
v -8.000000 -0.285341 3.421029
v -8.010000 -0.285341 3.421029
v -8.010000 -0.302377 3.380409
v -8.000000 -0.318897 3.339329
v -8.000000 -0.302377 3.380409
v -8.010000 -0.302377 3.380409
v -8.010000 -0.318897 3.339329
v -8.000000 -0.334747 3.298126
v -8.000000 -0.318897 3.339329
v -8.010000 -0.318897 3.339329
v -8.010000 -0.334747 3.298126
v -8.000000 -0.349911 3.256806
v -8.000000 -0.334747 3.298126
v -8.010000 -0.334747 3.298126
v -8.010000 -0.349911 3.256806
v -8.000000 -0.364377 3.215374
v -8.000000 -0.349911 3.256806
v -8.010000 -0.349911 3.256806
v -8.010000 -0.364377 3.215374
v -8.000000 -0.378131 3.173837
v -8.000000 -0.364377 3.215374
v -8.010000 -0.364377 3.215374
v -8.010000 -0.378131 3.173837
v -8.000000 -0.391158 3.132201
v -8.000000 -0.378131 3.173837
v -8.010000 -0.378131 3.173837
v -8.010000 -0.391158 3.132201
v -8.000000 -0.403446 3.090473
v -8.000000 -0.391158 3.132201
v -8.010000 -0.391158 3.132201
v -8.010000 -0.403446 3.090473
v -8.000000 -0.414979 3.048658
v -8.000000 -0.403446 3.090473
v -8.010000 -0.403446 3.090473
v -8.010000 -0.414979 3.048658
v -8.000000 -0.425744 3.006763
v -8.000000 -0.414979 3.048658
v -8.010000 -0.414979 3.048658
v -8.010000 -0.425744 3.006763
v -8.000000 -0.435728 2.964793
v -8.000000 -0.425744 3.006763
v -8.010000 -0.425744 3.006763
v -8.010000 -0.435728 2.964793
v -8.000000 -0.444917 2.922755
v -8.000000 -0.435728 2.964793
v -8.010000 -0.435728 2.964793
v -8.010000 -0.444917 2.922755
v -8.000000 -0.453295 2.880656
v -8.000000 -0.444917 2.922755
v -8.010000 -0.444917 2.922755
v -8.010000 -0.453295 2.880656
v -8.000000 -0.460851 2.838501
v -8.000000 -0.453295 2.880656
v -8.010000 -0.453295 2.880656
v -8.010000 -0.460851 2.838501
v -8.000000 -0.467570 2.796297
v -8.000000 -0.460851 2.838501
v -8.010000 -0.460851 2.838501
v -8.010000 -0.467570 2.796297
v -8.000000 -0.473438 2.754049
v -8.000000 -0.467570 2.796297
v -8.010000 -0.467570 2.796297
v -8.010000 -0.473438 2.754049
v -8.000000 -0.478441 2.711764
v -8.000000 -0.473438 2.754049
v -8.010000 -0.473438 2.754049
v -8.010000 -0.478441 2.711764
v -8.000000 -0.482565 2.669448
v -8.000000 -0.478441 2.711764
v -8.010000 -0.478441 2.711764
v -8.010000 -0.482565 2.669448
v -8.000000 -0.485797 2.627108
v -8.000000 -0.482565 2.669448
v -8.010000 -0.482565 2.669448
v -8.010000 -0.485797 2.627108
v -8.000000 -0.488123 2.584749
v -8.000000 -0.485797 2.627108
v -8.010000 -0.485797 2.627108
v -8.010000 -0.488123 2.584749
v -8.000000 -0.489528 2.542377
v -8.000000 -0.488123 2.584749
v -8.010000 -0.488123 2.584749
v -8.010000 -0.489528 2.542377
vt 0.111111 0.041308
vt 0.027778 0.041308
vt 0.027778 0.016523
vt 0.166667 0.049570
vt 0.000000 0.049570
vt 0.000000 0.000000
vt 0.125000 0.086062
vt 0.041667 0.086062
vt 0.166667 0.098225
vt 0.000000 0.098225
vt 0.125000 0.134534
vt 0.041667 0.134534
vt 0.166667 0.146637
vt 0.000000 0.146637
vt 0.125000 0.182946
vt 0.041667 0.182946
vt 0.166667 0.195049
vt 0.000000 0.195049
vt 0.125000 0.231358
vt 0.041667 0.231358
vt 0.166667 0.243461
vt 0.000000 0.243461
vt 0.125000 0.279770
vt 0.041667 0.279770
vt 0.166667 0.291873
vt 0.000000 0.291873
vt 0.125000 0.327602
vt 0.041667 0.327602
vt 0.166667 0.339512
vt 0.000000 0.339512
vt 0.125000 0.374896
vt 0.041667 0.374896
vt 0.166667 0.386690
vt 0.000000 0.386690
vt 0.125000 0.422073
vt 0.041667 0.422073
vt 0.166667 0.433868
vt 0.000000 0.433868
vt 0.125000 0.469251
vt 0.041667 0.469251
vt 0.166667 0.481045
vt 0.000000 0.481045
vt 0.125000 0.516429
vt 0.041667 0.516429
vt 0.166667 0.528223
vt 0.000000 0.528223
vt 0.125000 0.563606
vt 0.041667 0.563606
vt 0.166667 0.575401
vt 0.000000 0.575401
vt 0.125000 0.610784
vt 0.041667 0.610784
vt 0.166667 0.622579
vt 0.000000 0.622579
vt 0.125000 0.657962
vt 0.041667 0.657962
vt 0.166667 0.669756
vt 0.000000 0.669756
vt 0.125000 0.705139
vt 0.041667 0.705139
vt 0.166667 0.716934
vt 0.000000 0.716934
vt 0.125000 0.752317
vt 0.041667 0.752317
vt 0.166667 0.764112
vt 0.000000 0.764112
vt 0.125000 0.799495
vt 0.041667 0.799495
vt 0.166667 0.811289
vt 0.000000 0.811289
vt 0.125000 0.846673
vt 0.041667 0.846673
vt 0.166667 0.858467
vt 0.000000 0.858467
vt 0.125000 0.893850
vt 0.041667 0.893850
vt 0.166667 0.905645
vt 0.000000 0.905645
vt 0.125000 0.941028
vt 0.041667 0.941028
vt 0.166667 0.952822
vt 0.000000 0.952822
vt 0.125000 0.988206
vt 0.041667 0.988206
vt 0.166667 1.000000
vt 0.000000 1.000000
vt 0.277778 0.041308
vt 0.194444 0.016523
vt 0.333333 0.049570
vt 0.166667 0.000000
vt 0.291667 0.086062
vt 0.333333 0.098225
vt 0.291667 0.134534
vt 0.333333 0.146637
vt 0.291667 0.182946
vt 0.333333 0.195049
vt 0.291667 0.231358
vt 0.333333 0.243461
vt 0.291667 0.279770
vt 0.333333 0.291873
vt 0.291667 0.327602
vt 0.333333 0.339512
vt 0.291667 0.374896
vt 0.333333 0.386690
vt 0.291667 0.422073
vt 0.333333 0.433868
vt 0.291667 0.469251
vt 0.333333 0.481045
vt 0.291667 0.516429
vt 0.333333 0.528223
vt 0.291667 0.563606
vt 0.333333 0.575401
vt 0.291667 0.610784
vt 0.333333 0.622579
vt 0.291667 0.657962
vt 0.333333 0.669756
vt 0.291667 0.705139
vt 0.333333 0.716934
vt 0.291667 0.752317
vt 0.333333 0.764112
vt 0.291667 0.799495
vt 0.333333 0.811289
vt 0.291667 0.846673
vt 0.333333 0.858467
vt 0.291667 0.893850
vt 0.333333 0.905645
vt 0.291667 0.941028
vt 0.333333 0.952822
vt 0.291667 0.988206
vt 0.333333 1.000000
vt 0.444444 0.041308
vt 0.361111 0.016523
vt 0.500000 0.049570
vt 0.333333 0.000000
vt 0.458333 0.086062
vt 0.500000 0.098225
vt 0.458333 0.134534
vt 0.500000 0.146637
vt 0.458333 0.182946
vt 0.500000 0.195049
vt 0.458333 0.231358
vt 0.500000 0.243461
vt 0.458333 0.279770
vt 0.500000 0.291873
vt 0.458333 0.327602
vt 0.500000 0.339512
vt 0.458333 0.374896
vt 0.500000 0.386690
vt 0.458333 0.422073
vt 0.500000 0.433868
vt 0.458333 0.469251
vt 0.500000 0.481045
vt 0.458333 0.516429
vt 0.500000 0.528223
vt 0.458333 0.563606
vt 0.500000 0.575401
vt 0.458333 0.610784
vt 0.500000 0.622579
vt 0.458333 0.657962
vt 0.500000 0.669756
vt 0.458333 0.705139
vt 0.500000 0.716934
vt 0.458333 0.752317
vt 0.500000 0.764112
vt 0.458333 0.799495
vt 0.500000 0.811289
vt 0.458333 0.846673
vt 0.500000 0.858467
vt 0.458333 0.893850
vt 0.500000 0.905645
vt 0.458333 0.941028
vt 0.500000 0.952822
vt 0.458333 0.988206
vt 0.500000 1.000000
vt 0.611111 0.041308
vt 0.527778 0.016523
vt 0.666667 0.049570
vt 0.500000 0.000000
vt 0.625000 0.086062
vt 0.666667 0.098225
vt 0.625000 0.134534
vt 0.666667 0.146637
vt 0.625000 0.182946
vt 0.666667 0.195049
vt 0.625000 0.231358
vt 0.666667 0.243461
vt 0.625000 0.279770
vt 0.666667 0.291873
vt 0.625000 0.327602
vt 0.666667 0.339512
vt 0.625000 0.374896
vt 0.666667 0.386690
vt 0.625000 0.422073
vt 0.666667 0.433868
vt 0.625000 0.469251
vt 0.666667 0.481045
vt 0.625000 0.516429
vt 0.666667 0.528223
vt 0.625000 0.563606
vt 0.666667 0.575401
vt 0.625000 0.610784
vt 0.666667 0.622579
vt 0.625000 0.657962
vt 0.666667 0.669756
vt 0.625000 0.705139
vt 0.666667 0.716934
vt 0.625000 0.752317
vt 0.666667 0.764112
vt 0.625000 0.799495
vt 0.666667 0.811289
vt 0.625000 0.846673
vt 0.666667 0.858467
vt 0.625000 0.893850
vt 0.666667 0.905645
vt 0.625000 0.941028
vt 0.666667 0.952822
vt 0.625000 0.988206
vt 0.666667 1.000000
vt 0.777778 0.041308
vt 0.694444 0.016523
vt 0.833333 0.049570
vt 0.666667 0.000000
vt 0.791667 0.086062
vt 0.833333 0.098225
vt 0.791667 0.134534
vt 0.833333 0.146637
vt 0.791667 0.182946
vt 0.833333 0.195049
vt 0.791667 0.231358
vt 0.833333 0.243461
vt 0.791667 0.279770
vt 0.833333 0.291873
vt 0.791667 0.327602
vt 0.833333 0.339512
vt 0.791667 0.374896
vt 0.833333 0.386690
vt 0.791667 0.422073
vt 0.833333 0.433868
vt 0.791667 0.469251
vt 0.833333 0.481045
vt 0.791667 0.516429
vt 0.833333 0.528223
vt 0.791667 0.563606
vt 0.833333 0.575401
vt 0.791667 0.610784
vt 0.833333 0.622579
vt 0.791667 0.657962
vt 0.833333 0.669756
vt 0.791667 0.705139
vt 0.833333 0.716934
vt 0.791667 0.752317
vt 0.833333 0.764112
vt 0.791667 0.799495
vt 0.833333 0.811289
vt 0.791667 0.846673
vt 0.833333 0.858467
vt 0.791667 0.893850
vt 0.833333 0.905645
vt 0.791667 0.941028
vt 0.833333 0.952822
vt 0.791667 0.988206
vt 0.833333 1.000000
vt 0.944444 0.041308
vt 0.861111 0.016523
vt 1.000000 0.049570
vt 0.833333 0.000000
vt 0.958333 0.086062
vt 1.000000 0.098225
vt 0.958333 0.134534
vt 1.000000 0.146637
vt 0.958333 0.182946
vt 1.000000 0.195049
vt 0.958333 0.231358
vt 1.000000 0.243461
vt 0.958333 0.279770
vt 1.000000 0.291873
vt 0.958333 0.327602
vt 1.000000 0.339512
vt 0.958333 0.374896
vt 1.000000 0.386690
vt 0.958333 0.422073
vt 1.000000 0.433868
vt 0.958333 0.469251
vt 1.000000 0.481045
vt 0.958333 0.516429
vt 1.000000 0.528223
vt 0.958333 0.563606
vt 1.000000 0.575401
vt 0.958333 0.610784
vt 1.000000 0.622579
vt 0.958333 0.657962
vt 1.000000 0.669756
vt 0.958333 0.705139
vt 1.000000 0.716934
vt 0.958333 0.752317
vt 1.000000 0.764112
vt 0.958333 0.799495
vt 1.000000 0.811289
vt 0.958333 0.846673
vt 1.000000 0.858467
vt 0.958333 0.893850
vt 1.000000 0.905645
vt 0.958333 0.941028
vt 1.000000 0.952822
vt 0.958333 0.988206
vt 1.000000 1.000000
vt 0.111111 0.041308
vt 0.027778 0.041308
vt 0.027778 0.016523
vt 0.166667 0.049570
vt 0.000000 0.049570
vt 0.000000 0.000000
vt 0.125000 0.086062
vt 0.041667 0.086062
vt 0.166667 0.098225
vt 0.000000 0.098225
vt 0.125000 0.134534
vt 0.041667 0.134534
vt 0.166667 0.146637
vt 0.000000 0.146637
vt 0.125000 0.182946
vt 0.041667 0.182946
vt 0.166667 0.195049
vt 0.000000 0.195049
vt 0.125000 0.231358
vt 0.041667 0.231358
vt 0.166667 0.243461
vt 0.000000 0.243461
vt 0.125000 0.279770
vt 0.041667 0.279770
vt 0.166667 0.291873
vt 0.000000 0.291873
vt 0.125000 0.327602
vt 0.041667 0.327602
vt 0.166667 0.339512
vt 0.000000 0.339512
vt 0.125000 0.374896
vt 0.041667 0.374896
vt 0.166667 0.386690
vt 0.000000 0.386690
vt 0.125000 0.422073
vt 0.041667 0.422073
vt 0.166667 0.433868
vt 0.000000 0.433868
vt 0.125000 0.469251
vt 0.041667 0.469251
vt 0.166667 0.481045
vt 0.000000 0.481045
vt 0.125000 0.516429
vt 0.041667 0.516429
vt 0.166667 0.528223
vt 0.000000 0.528223
vt 0.125000 0.563606
vt 0.041667 0.563606
vt 0.166667 0.575401
vt 0.000000 0.575401
vt 0.125000 0.610784
vt 0.041667 0.610784
vt 0.166667 0.622579
vt 0.000000 0.622579
vt 0.125000 0.657962
vt 0.041667 0.657962
vt 0.166667 0.669756
vt 0.000000 0.669756
vt 0.125000 0.705139
vt 0.041667 0.705139
vt 0.166667 0.716934
vt 0.000000 0.716934
vt 0.125000 0.752317
vt 0.041667 0.752317
vt 0.166667 0.764112
vt 0.000000 0.764112
vt 0.125000 0.799495
vt 0.041667 0.799495
vt 0.166667 0.811289
vt 0.000000 0.811289
vt 0.125000 0.846673
vt 0.041667 0.846673
vt 0.166667 0.858467
vt 0.000000 0.858467
vt 0.125000 0.893850
vt 0.041667 0.893850
vt 0.166667 0.905645
vt 0.000000 0.905645
vt 0.125000 0.941028
vt 0.041667 0.941028
vt 0.166667 0.952822
vt 0.000000 0.952822
vt 0.125000 0.988206
vt 0.041667 0.988206
vt 0.166667 1.000000
vt 0.000000 1.000000
vt 0.277778 0.041308
vt 0.194444 0.016523
vt 0.333333 0.049570
vt 0.166667 0.000000
vt 0.291667 0.086062
vt 0.333333 0.098225
vt 0.291667 0.134534
vt 0.333333 0.146637
vt 0.291667 0.182946
vt 0.333333 0.195049
vt 0.291667 0.231358
vt 0.333333 0.243461
vt 0.291667 0.279770
vt 0.333333 0.291873
vt 0.291667 0.327602
vt 0.333333 0.339512
vt 0.291667 0.374896
vt 0.333333 0.386690
vt 0.291667 0.422073
vt 0.333333 0.433868
vt 0.291667 0.469251
vt 0.333333 0.481045
vt 0.291667 0.516429
vt 0.333333 0.528223
vt 0.291667 0.563606
vt 0.333333 0.575401
vt 0.291667 0.610784
vt 0.333333 0.622579
vt 0.291667 0.657962
vt 0.333333 0.669756
vt 0.291667 0.705139
vt 0.333333 0.716934
vt 0.291667 0.752317
vt 0.333333 0.764112
vt 0.291667 0.799495
vt 0.333333 0.811289
vt 0.291667 0.846673
vt 0.333333 0.858467
vt 0.291667 0.893850
vt 0.333333 0.905645
vt 0.291667 0.941028
vt 0.333333 0.952822
vt 0.291667 0.988206
vt 0.333333 1.000000
vt 0.444444 0.041308
vt 0.361111 0.016523
vt 0.500000 0.049570
vt 0.333333 0.000000
vt 0.458333 0.086062
vt 0.500000 0.098225
vt 0.458333 0.134534
vt 0.500000 0.146637
vt 0.458333 0.182946
vt 0.500000 0.195049
vt 0.458333 0.231358
vt 0.500000 0.243461
vt 0.458333 0.279770
vt 0.500000 0.291873
vt 0.458333 0.327602
vt 0.500000 0.339512
vt 0.458333 0.374896
vt 0.500000 0.386690
vt 0.458333 0.422073
vt 0.500000 0.433868
vt 0.458333 0.469251
vt 0.500000 0.481045
vt 0.458333 0.516429
vt 0.500000 0.528223
vt 0.458333 0.563606
vt 0.500000 0.575401
vt 0.458333 0.610784
vt 0.500000 0.622579
vt 0.458333 0.657962
vt 0.500000 0.669756
vt 0.458333 0.705139
vt 0.500000 0.716934
vt 0.458333 0.752317
vt 0.500000 0.764112
vt 0.458333 0.799495
vt 0.500000 0.811289
vt 0.458333 0.846673
vt 0.500000 0.858467
vt 0.458333 0.893850
vt 0.500000 0.905645
vt 0.458333 0.941028
vt 0.500000 0.952822
vt 0.458333 0.988206
vt 0.500000 1.000000
vt 0.611111 0.041308
vt 0.527778 0.016523
vt 0.666667 0.049570
vt 0.500000 0.000000
vt 0.625000 0.086062
vt 0.666667 0.098225
vt 0.625000 0.134534
vt 0.666667 0.146637
vt 0.625000 0.182946
vt 0.666667 0.195049
vt 0.625000 0.231358
vt 0.666667 0.243461
vt 0.625000 0.279770
vt 0.666667 0.291873
vt 0.625000 0.327602
vt 0.666667 0.339512
vt 0.625000 0.374896
vt 0.666667 0.386690
vt 0.625000 0.422073
vt 0.666667 0.433868
vt 0.625000 0.469251
vt 0.666667 0.481045
vt 0.625000 0.516429
vt 0.666667 0.528223
vt 0.625000 0.563606
vt 0.666667 0.575401
vt 0.625000 0.610784
vt 0.666667 0.622579
vt 0.625000 0.657962
vt 0.666667 0.669756
vt 0.625000 0.705139
vt 0.666667 0.716934
vt 0.625000 0.752317
vt 0.666667 0.764112
vt 0.625000 0.799495
vt 0.666667 0.811289
vt 0.625000 0.846673
vt 0.666667 0.858467
vt 0.625000 0.893850
vt 0.666667 0.905645
vt 0.625000 0.941028
vt 0.666667 0.952822
vt 0.625000 0.988206
vt 0.666667 1.000000
vt 0.777778 0.041308
vt 0.694444 0.016523
vt 0.833333 0.049570
vt 0.666667 0.000000
vt 0.791667 0.086062
vt 0.833333 0.098225
vt 0.791667 0.134534
vt 0.833333 0.146637
vt 0.791667 0.182946
vt 0.833333 0.195049
vt 0.791667 0.231358
vt 0.833333 0.243461
vt 0.791667 0.279770
vt 0.833333 0.291873
vt 0.791667 0.327602
vt 0.833333 0.339512
vt 0.791667 0.374896
vt 0.833333 0.386690
vt 0.791667 0.422073
vt 0.833333 0.433868
vt 0.791667 0.469251
vt 0.833333 0.481045
vt 0.791667 0.516429
vt 0.833333 0.528223
vt 0.791667 0.563606
vt 0.833333 0.575401
vt 0.791667 0.610784
vt 0.833333 0.622579
vt 0.791667 0.657962
vt 0.833333 0.669756
vt 0.791667 0.705139
vt 0.833333 0.716934
vt 0.791667 0.752317
vt 0.833333 0.764112
vt 0.791667 0.799495
vt 0.833333 0.811289
vt 0.791667 0.846673
vt 0.833333 0.858467
vt 0.791667 0.893850
vt 0.833333 0.905645
vt 0.791667 0.941028
vt 0.833333 0.952822
vt 0.791667 0.988206
vt 0.833333 1.000000
vt 0.944444 0.041308
vt 0.861111 0.016523
vt 1.000000 0.049570
vt 0.833333 0.000000
vt 0.958333 0.086062
vt 1.000000 0.098225
vt 0.958333 0.134534
vt 1.000000 0.146637
vt 0.958333 0.182946
vt 1.000000 0.195049
vt 0.958333 0.231358
vt 1.000000 0.243461
vt 0.958333 0.279770
vt 1.000000 0.291873
vt 0.958333 0.327602
vt 1.000000 0.339512
vt 0.958333 0.374896
vt 1.000000 0.386690
vt 0.958333 0.422073
vt 1.000000 0.433868
vt 0.958333 0.469251
vt 1.000000 0.481045
vt 0.958333 0.516429
vt 1.000000 0.528223
vt 0.958333 0.563606
vt 1.000000 0.575401
vt 0.958333 0.610784
vt 1.000000 0.622579
vt 0.958333 0.657962
vt 1.000000 0.669756
vt 0.958333 0.705139
vt 1.000000 0.716934
vt 0.958333 0.752317
vt 1.000000 0.764112
vt 0.958333 0.799495
vt 1.000000 0.811289
vt 0.958333 0.846673
vt 1.000000 0.858467
vt 0.958333 0.893850
vt 1.000000 0.905645
vt 0.958333 0.941028
vt 1.000000 0.952822
vt 0.958333 0.988206
vt 1.000000 1.000000
vt 0.111111 0.041308
vt 0.027778 0.041308
vt 0.027778 0.016523
vt 0.166667 0.049570
vt 0.000000 0.049570
vt 0.000000 0.000000
vt 0.125000 0.086062
vt 0.041667 0.086062
vt 0.166667 0.098225
vt 0.000000 0.098225
vt 0.125000 0.134534
vt 0.041667 0.134534
vt 0.166667 0.146637
vt 0.000000 0.146637
vt 0.125000 0.182946
vt 0.041667 0.182946
vt 0.166667 0.195049
vt 0.000000 0.195049
vt 0.125000 0.231358
vt 0.041667 0.231358
vt 0.166667 0.243461
vt 0.000000 0.243461
vt 0.125000 0.279770
vt 0.041667 0.279770
vt 0.166667 0.291873
vt 0.000000 0.291873
vt 0.125000 0.327602
vt 0.041667 0.327602
vt 0.166667 0.339512
vt 0.000000 0.339512
vt 0.125000 0.374896
vt 0.041667 0.374896
vt 0.166667 0.386690
vt 0.000000 0.386690
vt 0.125000 0.422073
vt 0.041667 0.422073
vt 0.166667 0.433868
vt 0.000000 0.433868
vt 0.125000 0.469251
vt 0.041667 0.469251
vt 0.166667 0.481045
vt 0.000000 0.481045
vt 0.125000 0.516429
vt 0.041667 0.516429
vt 0.166667 0.528223
vt 0.000000 0.528223
vt 0.125000 0.563606
vt 0.041667 0.563606
vt 0.166667 0.575401
vt 0.000000 0.575401
vt 0.125000 0.610784
vt 0.041667 0.610784
vt 0.166667 0.622579
vt 0.000000 0.622579
vt 0.125000 0.657962
vt 0.041667 0.657962
vt 0.166667 0.669756
vt 0.000000 0.669756
vt 0.125000 0.705139
vt 0.041667 0.705139
vt 0.166667 0.716934
vt 0.000000 0.716934
vt 0.125000 0.752317
vt 0.041667 0.752317
vt 0.166667 0.764112
vt 0.000000 0.764112
vt 0.125000 0.799495
vt 0.041667 0.799495
vt 0.166667 0.811289
vt 0.000000 0.811289
vt 0.125000 0.846673
vt 0.041667 0.846673
vt 0.166667 0.858467
vt 0.000000 0.858467
vt 0.125000 0.893850
vt 0.041667 0.893850
vt 0.166667 0.905645
vt 0.000000 0.905645
vt 0.125000 0.941028
vt 0.041667 0.941028
vt 0.166667 0.952822
vt 0.000000 0.952822
vt 0.125000 0.988206
vt 0.041667 0.988206
vt 0.166667 1.000000
vt 0.000000 1.000000
vt 0.277778 0.041308
vt 0.194444 0.016523
vt 0.333333 0.049570
vt 0.166667 0.000000
vt 0.291667 0.086062
vt 0.333333 0.098225
vt 0.291667 0.134534
vt 0.333333 0.146637
vt 0.291667 0.182946
vt 0.333333 0.195049
vt 0.291667 0.231358
vt 0.333333 0.243461
vt 0.291667 0.279770
vt 0.333333 0.291873
vt 0.291667 0.327602
vt 0.333333 0.339512
vt 0.291667 0.374896
vt 0.333333 0.386690
vt 0.291667 0.422073
vt 0.333333 0.433868
vt 0.291667 0.469251
vt 0.333333 0.481045
vt 0.291667 0.516429
vt 0.333333 0.528223
vt 0.291667 0.563606
vt 0.333333 0.575401
vt 0.291667 0.610784
vt 0.333333 0.622579
vt 0.291667 0.657962
vt 0.333333 0.669756
vt 0.291667 0.705139
vt 0.333333 0.716934
vt 0.291667 0.752317
vt 0.333333 0.764112
vt 0.291667 0.799495
vt 0.333333 0.811289
vt 0.291667 0.846673
vt 0.333333 0.858467
vt 0.291667 0.893850
vt 0.333333 0.905645
vt 0.291667 0.941028
vt 0.333333 0.952822
vt 0.291667 0.988206
vt 0.333333 1.000000
vt 0.444444 0.041308
vt 0.361111 0.016523
vt 0.500000 0.049570
vt 0.333333 0.000000
vt 0.458333 0.086062
vt 0.500000 0.098225
vt 0.458333 0.134534
vt 0.500000 0.146637
vt 0.458333 0.182946
vt 0.500000 0.195049
vt 0.458333 0.231358
vt 0.500000 0.243461
vt 0.458333 0.279770
vt 0.500000 0.291873
vt 0.458333 0.327602
vt 0.500000 0.339512
vt 0.458333 0.374896
vt 0.500000 0.386690
vt 0.458333 0.422073
vt 0.500000 0.433868
vt 0.458333 0.469251
vt 0.500000 0.481045
vt 0.458333 0.516429
vt 0.500000 0.528223
vt 0.458333 0.563606
vt 0.500000 0.575401
vt 0.458333 0.610784
vt 0.500000 0.622579
vt 0.458333 0.657962
vt 0.500000 0.669756
vt 0.458333 0.705139
vt 0.500000 0.716934
vt 0.458333 0.752317
vt 0.500000 0.764112
vt 0.458333 0.799495
vt 0.500000 0.811289
vt 0.458333 0.846673
vt 0.500000 0.858467
vt 0.458333 0.893850
vt 0.500000 0.905645
vt 0.458333 0.941028
vt 0.500000 0.952822
vt 0.458333 0.988206
vt 0.500000 1.000000
vt 0.611111 0.041308
vt 0.527778 0.016523
vt 0.666667 0.049570
vt 0.500000 0.000000
vt 0.625000 0.086062
vt 0.666667 0.098225
vt 0.625000 0.134534
vt 0.666667 0.146637
vt 0.625000 0.182946
vt 0.666667 0.195049
vt 0.625000 0.231358
vt 0.666667 0.243461
vt 0.625000 0.279770
vt 0.666667 0.291873
vt 0.625000 0.327602
vt 0.666667 0.339512
vt 0.625000 0.374896
vt 0.666667 0.386690
vt 0.625000 0.422073
vt 0.666667 0.433868
vt 0.625000 0.469251
vt 0.666667 0.481045
vt 0.625000 0.516429
vt 0.666667 0.528223
vt 0.625000 0.563606
vt 0.666667 0.575401
vt 0.625000 0.610784
vt 0.666667 0.622579
vt 0.625000 0.657962
vt 0.666667 0.669756
vt 0.625000 0.705139
vt 0.666667 0.716934
vt 0.625000 0.752317
vt 0.666667 0.764112
vt 0.625000 0.799495
vt 0.666667 0.811289
vt 0.625000 0.846673
vt 0.666667 0.858467
vt 0.625000 0.893850
vt 0.666667 0.905645
vt 0.625000 0.941028
vt 0.666667 0.952822
vt 0.625000 0.988206
vt 0.666667 1.000000
vt 0.777778 0.041308
vt 0.694444 0.016523
vt 0.833333 0.049570
vt 0.666667 0.000000
vt 0.791667 0.086062
vt 0.833333 0.098225
vt 0.791667 0.134534
vt 0.833333 0.146637
vt 0.791667 0.182946
vt 0.833333 0.195049
vt 0.791667 0.231358
vt 0.833333 0.243461
vt 0.791667 0.279770
vt 0.833333 0.291873
vt 0.791667 0.327602
vt 0.833333 0.339512
vt 0.791667 0.374896
vt 0.833333 0.386690
vt 0.791667 0.422073
vt 0.833333 0.433868
vt 0.791667 0.469251
vt 0.833333 0.481045
vt 0.791667 0.516429
vt 0.833333 0.528223
vt 0.791667 0.563606
vt 0.833333 0.575401
vt 0.791667 0.610784
vt 0.833333 0.622579
vt 0.791667 0.657962
vt 0.833333 0.669756
vt 0.791667 0.705139
vt 0.833333 0.716934
vt 0.791667 0.752317
vt 0.833333 0.764112
vt 0.791667 0.799495
vt 0.833333 0.811289
vt 0.791667 0.846673
vt 0.833333 0.858467
vt 0.791667 0.893850
vt 0.833333 0.905645
vt 0.791667 0.941028
vt 0.833333 0.952822
vt 0.791667 0.988206
vt 0.833333 1.000000
vt 0.944444 0.041308
vt 0.861111 0.016523
vt 1.000000 0.049570
vt 0.833333 0.000000
vt 0.958333 0.086062
vt 1.000000 0.098225
vt 0.958333 0.134534
vt 1.000000 0.146637
vt 0.958333 0.182946
vt 1.000000 0.195049
vt 0.958333 0.231358
vt 1.000000 0.243461
vt 0.958333 0.279770
vt 1.000000 0.291873
vt 0.958333 0.327602
vt 1.000000 0.339512
vt 0.958333 0.374896
vt 1.000000 0.386690
vt 0.958333 0.422073
vt 1.000000 0.433868
vt 0.958333 0.469251
vt 1.000000 0.481045
vt 0.958333 0.516429
vt 1.000000 0.528223
vt 0.958333 0.563606
vt 1.000000 0.575401
vt 0.958333 0.610784
vt 1.000000 0.622579
vt 0.958333 0.657962
vt 1.000000 0.669756
vt 0.958333 0.705139
vt 1.000000 0.716934
vt 0.958333 0.752317
vt 1.000000 0.764112
vt 0.958333 0.799495
vt 1.000000 0.811289
vt 0.958333 0.846673
vt 1.000000 0.858467
vt 0.958333 0.893850
vt 1.000000 0.905645
vt 0.958333 0.941028
vt 1.000000 0.952822
vt 0.958333 0.988206
vt 1.000000 1.000000
vt 0.333333 0.025067
vt 0.083333 0.025067
vt 0.083333 0.010027
vt 0.500000 0.030080
vt 0.000000 0.030080
vt 0.000000 0.000000
vt 0.375000 0.052520
vt 0.125000 0.052520
vt 0.500000 0.060000
vt 0.000000 0.060000
vt 0.375000 0.082949
vt 0.125000 0.082949
vt 0.500000 0.090599
vt 0.000000 0.090599
vt 0.375000 0.113427
vt 0.125000 0.113427
vt 0.500000 0.121036
vt 0.000000 0.121036
vt 0.375000 0.143865
vt 0.125000 0.143865
vt 0.500000 0.151474
vt 0.000000 0.151474
vt 0.375000 0.174302
vt 0.125000 0.174302
vt 0.500000 0.181911
vt 0.000000 0.181911
vt 0.375000 0.204739
vt 0.125000 0.204739
vt 0.500000 0.212349
vt 0.000000 0.212349
vt 0.375000 0.235177
vt 0.125000 0.235177
vt 0.500000 0.242786
vt 0.000000 0.242786
vt 0.375000 0.265614
vt 0.125000 0.265614
vt 0.500000 0.273224
vt 0.000000 0.273224
vt 0.375000 0.296052
vt 0.125000 0.296052
vt 0.500000 0.303661
vt 0.000000 0.303661
vt 0.375000 0.327217
vt 0.125000 0.327217
vt 0.500000 0.335069
vt 0.000000 0.335069
vt 0.375000 0.358817
vt 0.125000 0.358817
vt 0.500000 0.366733
vt 0.000000 0.366733
vt 0.375000 0.390480
vt 0.125000 0.390480
vt 0.500000 0.398396
vt 0.000000 0.398396
vt 0.375000 0.422143
vt 0.125000 0.422143
vt 0.500000 0.430059
vt 0.000000 0.430059
vt 0.375000 0.453807
vt 0.125000 0.453807
vt 0.500000 0.461723
vt 0.000000 0.461723
vt 0.375000 0.485470
vt 0.125000 0.485470
vt 0.500000 0.493386
vt 0.000000 0.493386
vt 0.375000 0.517134
vt 0.125000 0.517134
vt 0.500000 0.525049
vt 0.000000 0.525049
vt 0.375000 0.548797
vt 0.125000 0.548797
vt 0.500000 0.556713
vt 0.000000 0.556713
vt 0.375000 0.580460
vt 0.125000 0.580460
vt 0.500000 0.588376
vt 0.000000 0.588376
vt 0.375000 0.612124
vt 0.125000 0.612124
vt 0.500000 0.620040
vt 0.000000 0.620040
vt 0.375000 0.643787
vt 0.125000 0.643787
vt 0.500000 0.651703
vt 0.000000 0.651703
vt 0.375000 0.675450
vt 0.125000 0.675450
vt 0.500000 0.683366
vt 0.000000 0.683366
vt 0.375000 0.707114
vt 0.125000 0.707114
vt 0.500000 0.715030
vt 0.000000 0.715030
vt 0.375000 0.738777
vt 0.125000 0.738777
vt 0.500000 0.746693
vt 0.000000 0.746693
vt 0.375000 0.770441
vt 0.125000 0.770441
vt 0.500000 0.778356
vt 0.000000 0.778356
vt 0.375000 0.802104
vt 0.125000 0.802104
vt 0.500000 0.810020
vt 0.000000 0.810020
vt 0.375000 0.833767
vt 0.125000 0.833767
vt 0.500000 0.841683
vt 0.000000 0.841683
vt 0.375000 0.865431
vt 0.125000 0.865431
vt 0.500000 0.873347
vt 0.000000 0.873347
vt 0.375000 0.897094
vt 0.125000 0.897094
vt 0.500000 0.905010
vt 0.000000 0.905010
vt 0.375000 0.928757
vt 0.125000 0.928757
vt 0.500000 0.936673
vt 0.000000 0.936673
vt 0.375000 0.960421
vt 0.125000 0.960421
vt 0.500000 0.968337
vt 0.000000 0.968337
vt 0.375000 0.992084
vt 0.125000 0.992084
vt 0.500000 1.000000
vt 0.000000 1.000000
vt 0.833333 0.025067
vt 0.583333 0.010027
vt 1.000000 0.030080
vt 0.500000 0.000000
vt 0.875000 0.052520
vt 1.000000 0.060000
vt 0.875000 0.082949
vt 1.000000 0.090599
vt 0.875000 0.113427
vt 1.000000 0.121036
vt 0.875000 0.143865
vt 1.000000 0.151474
vt 0.875000 0.174302
vt 1.000000 0.181911
vt 0.875000 0.204739
vt 1.000000 0.212349
vt 0.875000 0.235177
vt 1.000000 0.242786
vt 0.875000 0.265614
vt 1.000000 0.273224
vt 0.875000 0.296052
vt 1.000000 0.303661
vt 0.875000 0.327217
vt 1.000000 0.335069
vt 0.875000 0.358817
vt 1.000000 0.366733
vt 0.875000 0.390480
vt 1.000000 0.398396
vt 0.875000 0.422143
vt 1.000000 0.430059
vt 0.875000 0.453807
vt 1.000000 0.461723
vt 0.875000 0.485470
vt 1.000000 0.493386
vt 0.875000 0.517134
vt 1.000000 0.525049
vt 0.875000 0.548797
vt 1.000000 0.556713
vt 0.875000 0.580460
vt 1.000000 0.588376
vt 0.875000 0.612124
vt 1.000000 0.620040
vt 0.875000 0.643787
vt 1.000000 0.651703
vt 0.875000 0.675450
vt 1.000000 0.683366
vt 0.875000 0.707114
vt 1.000000 0.715030
vt 0.875000 0.738777
vt 1.000000 0.746693
vt 0.875000 0.770441
vt 1.000000 0.778356
vt 0.875000 0.802104
vt 1.000000 0.810020
vt 0.875000 0.833767
vt 1.000000 0.841683
vt 0.875000 0.865431
vt 1.000000 0.873347
vt 0.875000 0.897094
vt 1.000000 0.905010
vt 0.875000 0.928757
vt 1.000000 0.936673
vt 0.875000 0.960421
vt 1.000000 0.968337
vt 0.875000 0.992084
vt 1.000000 1.000000
vt 0.333333 0.025067
vt 0.083333 0.010027
vt 0.083333 0.025067
vt 0.500000 0.030080
vt 0.000000 0.000000
vt 0.000000 0.030080
vt 0.375000 0.052520
vt 0.125000 0.052520
vt 0.500000 0.060000
vt 0.000000 0.060000
vt 0.375000 0.082949
vt 0.125000 0.082949
vt 0.500000 0.090599
vt 0.000000 0.090599
vt 0.375000 0.113427
vt 0.125000 0.113427
vt 0.500000 0.121036
vt 0.000000 0.121036
vt 0.375000 0.143865
vt 0.125000 0.143865
vt 0.500000 0.151474
vt 0.000000 0.151474
vt 0.375000 0.174302
vt 0.125000 0.174302
vt 0.500000 0.181911
vt 0.000000 0.181911
vt 0.375000 0.204739
vt 0.125000 0.204739
vt 0.500000 0.212349
vt 0.000000 0.212349
vt 0.375000 0.235177
vt 0.125000 0.235177
vt 0.500000 0.242786
vt 0.000000 0.242786
vt 0.375000 0.265614
vt 0.125000 0.265614
vt 0.500000 0.273224
vt 0.000000 0.273224
vt 0.375000 0.296052
vt 0.125000 0.296052
vt 0.500000 0.303661
vt 0.000000 0.303661
vt 0.375000 0.327217
vt 0.125000 0.327217
vt 0.500000 0.335069
vt 0.000000 0.335069
vt 0.375000 0.358817
vt 0.125000 0.358817
vt 0.500000 0.366733
vt 0.000000 0.366733
vt 0.375000 0.390480
vt 0.125000 0.390480
vt 0.500000 0.398396
vt 0.000000 0.398396
vt 0.375000 0.422143
vt 0.125000 0.422143
vt 0.500000 0.430059
vt 0.000000 0.430059
vt 0.375000 0.453807
vt 0.125000 0.453807
vt 0.500000 0.461723
vt 0.000000 0.461723
vt 0.375000 0.485470
vt 0.125000 0.485470
vt 0.500000 0.493386
vt 0.000000 0.493386
vt 0.375000 0.517134
vt 0.125000 0.517134
vt 0.500000 0.525049
vt 0.000000 0.525049
vt 0.375000 0.548797
vt 0.125000 0.548797
vt 0.500000 0.556713
vt 0.000000 0.556713
vt 0.375000 0.580460
vt 0.125000 0.580460
vt 0.500000 0.588376
vt 0.000000 0.588376
vt 0.375000 0.612124
vt 0.125000 0.612124
vt 0.500000 0.620040
vt 0.000000 0.620040
vt 0.375000 0.643787
vt 0.125000 0.643787
vt 0.500000 0.651703
vt 0.000000 0.651703
vt 0.375000 0.675450
vt 0.125000 0.675450
vt 0.500000 0.683366
vt 0.000000 0.683366
vt 0.375000 0.707114
vt 0.125000 0.707114
vt 0.500000 0.715030
vt 0.000000 0.715030
vt 0.375000 0.738777
vt 0.125000 0.738777
vt 0.500000 0.746693
vt 0.000000 0.746693
vt 0.375000 0.770441
vt 0.125000 0.770441
vt 0.500000 0.778356
vt 0.000000 0.778356
vt 0.375000 0.802104
vt 0.125000 0.802104
vt 0.500000 0.810020
vt 0.000000 0.810020
vt 0.375000 0.833767
vt 0.125000 0.833767
vt 0.500000 0.841683
vt 0.000000 0.841683
vt 0.375000 0.865431
vt 0.125000 0.865431
vt 0.500000 0.873347
vt 0.000000 0.873347
vt 0.375000 0.897094
vt 0.125000 0.897094
vt 0.500000 0.905010
vt 0.000000 0.905010
vt 0.375000 0.928757
vt 0.125000 0.928757
vt 0.500000 0.936673
vt 0.000000 0.936673
vt 0.375000 0.960421
vt 0.125000 0.960421
vt 0.500000 0.968337
vt 0.000000 0.968337
vt 0.375000 0.992084
vt 0.125000 0.992084
vt 0.500000 1.000000
vt 0.000000 1.000000
vt 0.833333 0.025067
vt 0.583333 0.010027
vt 1.000000 0.030080
vt 0.500000 0.000000
vt 0.875000 0.052520
vt 1.000000 0.060000
vt 0.875000 0.082949
vt 1.000000 0.090599
vt 0.875000 0.113427
vt 1.000000 0.121036
vt 0.875000 0.143865
vt 1.000000 0.151474
vt 0.875000 0.174302
vt 1.000000 0.181911
vt 0.875000 0.204739
vt 1.000000 0.212349
vt 0.875000 0.235177
vt 1.000000 0.242786
vt 0.875000 0.265614
vt 1.000000 0.273224
vt 0.875000 0.296052
vt 1.000000 0.303661
vt 0.875000 0.327217
vt 1.000000 0.335069
vt 0.875000 0.358817
vt 1.000000 0.366733
vt 0.875000 0.390480
vt 1.000000 0.398396
vt 0.875000 0.422143
vt 1.000000 0.430059
vt 0.875000 0.453807
vt 1.000000 0.461723
vt 0.875000 0.485470
vt 1.000000 0.493386
vt 0.875000 0.517134
vt 1.000000 0.525049
vt 0.875000 0.548797
vt 1.000000 0.556713
vt 0.875000 0.580460
vt 1.000000 0.588376
vt 0.875000 0.612124
vt 1.000000 0.620040
vt 0.875000 0.643787
vt 1.000000 0.651703
vt 0.875000 0.675450
vt 1.000000 0.683366
vt 0.875000 0.707114
vt 1.000000 0.715030
vt 0.875000 0.738777
vt 1.000000 0.746693
vt 0.875000 0.770441
vt 1.000000 0.778356
vt 0.875000 0.802104
vt 1.000000 0.810020
vt 0.875000 0.833767
vt 1.000000 0.841683
vt 0.875000 0.865431
vt 1.000000 0.873347
vt 0.875000 0.897094
vt 1.000000 0.905010
vt 0.875000 0.928757
vt 1.000000 0.936673
vt 0.875000 0.960421
vt 1.000000 0.968337
vt 0.875000 0.992084
vt 1.000000 1.000000
vt 0.333333 0.025067
vt 0.083333 0.010027
vt 0.083333 0.025067
vt 0.500000 0.030080
vt 0.000000 0.000000
vt 0.000000 0.030080
vt 0.375000 0.052520
vt 0.125000 0.052520
vt 0.500000 0.060000
vt 0.000000 0.060000
vt 0.375000 0.082949
vt 0.125000 0.082949
vt 0.500000 0.090599
vt 0.000000 0.090599
vt 0.375000 0.113427
vt 0.125000 0.113427
vt 0.500000 0.121036
vt 0.000000 0.121036
vt 0.375000 0.143865
vt 0.125000 0.143865
vt 0.500000 0.151474
vt 0.000000 0.151474
vt 0.375000 0.174302
vt 0.125000 0.174302
vt 0.500000 0.181911
vt 0.000000 0.181911
vt 0.375000 0.204739
vt 0.125000 0.204739
vt 0.500000 0.212349
vt 0.000000 0.212349
vt 0.375000 0.235177
vt 0.125000 0.235177
vt 0.500000 0.242786
vt 0.000000 0.242786
vt 0.375000 0.265614
vt 0.125000 0.265614
vt 0.500000 0.273224
vt 0.000000 0.273224
vt 0.375000 0.296052
vt 0.125000 0.296052
vt 0.500000 0.303661
vt 0.000000 0.303661
vt 0.375000 0.327217
vt 0.125000 0.327217
vt 0.500000 0.335069
vt 0.000000 0.335069
vt 0.375000 0.358817
vt 0.125000 0.358817
vt 0.500000 0.366733
vt 0.000000 0.366733
vt 0.375000 0.390480
vt 0.125000 0.390480
vt 0.500000 0.398396
vt 0.000000 0.398396
vt 0.375000 0.422143
vt 0.125000 0.422143
vt 0.500000 0.430059
vt 0.000000 0.430059
vt 0.375000 0.453807
vt 0.125000 0.453807
vt 0.500000 0.461723
vt 0.000000 0.461723
vt 0.375000 0.485470
vt 0.125000 0.485470
vt 0.500000 0.493386
vt 0.000000 0.493386
vt 0.375000 0.517134
vt 0.125000 0.517134
vt 0.500000 0.525049
vt 0.000000 0.525049
vt 0.375000 0.548797
vt 0.125000 0.548797
vt 0.500000 0.556713
vt 0.000000 0.556713
vt 0.375000 0.580460
vt 0.125000 0.580460
vt 0.500000 0.588376
vt 0.000000 0.588376
vt 0.375000 0.612124
vt 0.125000 0.612124
vt 0.500000 0.620040
vt 0.000000 0.620040
vt 0.375000 0.643787
vt 0.125000 0.643787
vt 0.500000 0.651703
vt 0.000000 0.651703
vt 0.375000 0.675450
vt 0.125000 0.675450
vt 0.500000 0.683366
vt 0.000000 0.683366
vt 0.375000 0.707114
vt 0.125000 0.707114
vt 0.500000 0.715030
vt 0.000000 0.715030
vt 0.375000 0.738777
vt 0.125000 0.738777
vt 0.500000 0.746693
vt 0.000000 0.746693
vt 0.375000 0.770441
vt 0.125000 0.770441
vt 0.500000 0.778356
vt 0.000000 0.778356
vt 0.375000 0.802104
vt 0.125000 0.802104
vt 0.500000 0.810020
vt 0.000000 0.810020
vt 0.375000 0.833767
vt 0.125000 0.833767
vt 0.500000 0.841683
vt 0.000000 0.841683
vt 0.375000 0.865431
vt 0.125000 0.865431
vt 0.500000 0.873347
vt 0.000000 0.873347
vt 0.375000 0.897094
vt 0.125000 0.897094
vt 0.500000 0.905010
vt 0.000000 0.905010
vt 0.375000 0.928757
vt 0.125000 0.928757
vt 0.500000 0.936673
vt 0.000000 0.936673
vt 0.375000 0.960421
vt 0.125000 0.960421
vt 0.500000 0.968337
vt 0.000000 0.968337
vt 0.375000 0.992084
vt 0.125000 0.992084
vt 0.500000 1.000000
vt 0.000000 1.000000
vt 0.833333 0.025067
vt 0.583333 0.010027
vt 1.000000 0.030080
vt 0.500000 0.000000
vt 0.875000 0.052520
vt 1.000000 0.060000
vt 0.875000 0.082949
vt 1.000000 0.090599
vt 0.875000 0.113427
vt 1.000000 0.121036
vt 0.875000 0.143865
vt 1.000000 0.151474
vt 0.875000 0.174302
vt 1.000000 0.181911
vt 0.875000 0.204739
vt 1.000000 0.212349
vt 0.875000 0.235177
vt 1.000000 0.242786
vt 0.875000 0.265614
vt 1.000000 0.273224
vt 0.875000 0.296052
vt 1.000000 0.303661
vt 0.875000 0.327217
vt 1.000000 0.335069
vt 0.875000 0.358817
vt 1.000000 0.366733
vt 0.875000 0.390480
vt 1.000000 0.398396
vt 0.875000 0.422143
vt 1.000000 0.430059
vt 0.875000 0.453807
vt 1.000000 0.461723
vt 0.875000 0.485470
vt 1.000000 0.493386
vt 0.875000 0.517134
vt 1.000000 0.525049
vt 0.875000 0.548797
vt 1.000000 0.556713
vt 0.875000 0.580460
vt 1.000000 0.588376
vt 0.875000 0.612124
vt 1.000000 0.620040
vt 0.875000 0.643787
vt 1.000000 0.651703
vt 0.875000 0.675450
vt 1.000000 0.683366
vt 0.875000 0.707114
vt 1.000000 0.715030
vt 0.875000 0.738777
vt 1.000000 0.746693
vt 0.875000 0.770441
vt 1.000000 0.778356
vt 0.875000 0.802104
vt 1.000000 0.810020
vt 0.875000 0.833767
vt 1.000000 0.841683
vt 0.875000 0.865431
vt 1.000000 0.873347
vt 0.875000 0.897094
vt 1.000000 0.905010
vt 0.875000 0.928757
vt 1.000000 0.936673
vt 0.875000 0.960421
vt 1.000000 0.968337
vt 0.875000 0.992084
vt 1.000000 1.000000
vt 0.333333 0.025067
vt 0.083333 0.025067
vt 0.083333 0.010027
vt 0.500000 0.030080
vt 0.000000 0.030080
vt 0.000000 0.000000
vt 0.375000 0.052520
vt 0.125000 0.052520
vt 0.500000 0.060000
vt 0.000000 0.060000
vt 0.375000 0.082949
vt 0.125000 0.082949
vt 0.500000 0.090599
vt 0.000000 0.090599
vt 0.375000 0.113427
vt 0.125000 0.113427
vt 0.500000 0.121036
vt 0.000000 0.121036
vt 0.375000 0.143865
vt 0.125000 0.143865
vt 0.500000 0.151474
vt 0.000000 0.151474
vt 0.375000 0.174302
vt 0.125000 0.174302
vt 0.500000 0.181911
vt 0.000000 0.181911
vt 0.375000 0.204739
vt 0.125000 0.204739
vt 0.500000 0.212349
vt 0.000000 0.212349
vt 0.375000 0.235177
vt 0.125000 0.235177
vt 0.500000 0.242786
vt 0.000000 0.242786
vt 0.375000 0.265614
vt 0.125000 0.265614
vt 0.500000 0.273224
vt 0.000000 0.273224
vt 0.375000 0.296052
vt 0.125000 0.296052
vt 0.500000 0.303661
vt 0.000000 0.303661
vt 0.375000 0.327217
vt 0.125000 0.327217
vt 0.500000 0.335069
vt 0.000000 0.335069
vt 0.375000 0.358817
vt 0.125000 0.358817
vt 0.500000 0.366733
vt 0.000000 0.366733
vt 0.375000 0.390480
vt 0.125000 0.390480
vt 0.500000 0.398396
vt 0.000000 0.398396
vt 0.375000 0.422143
vt 0.125000 0.422143
vt 0.500000 0.430059
vt 0.000000 0.430059
vt 0.375000 0.453807
vt 0.125000 0.453807
vt 0.500000 0.461723
vt 0.000000 0.461723
vt 0.375000 0.485470
vt 0.125000 0.485470
vt 0.500000 0.493386
vt 0.000000 0.493386
vt 0.375000 0.517134
vt 0.125000 0.517134
vt 0.500000 0.525049
vt 0.000000 0.525049
vt 0.375000 0.548797
vt 0.125000 0.548797
vt 0.500000 0.556713
vt 0.000000 0.556713
vt 0.375000 0.580460
vt 0.125000 0.580460
vt 0.500000 0.588376
vt 0.000000 0.588376
vt 0.375000 0.612124
vt 0.125000 0.612124
vt 0.500000 0.620040
vt 0.000000 0.620040
vt 0.375000 0.643787
vt 0.125000 0.643787
vt 0.500000 0.651703
vt 0.000000 0.651703
vt 0.375000 0.675450
vt 0.125000 0.675450
vt 0.500000 0.683366
vt 0.000000 0.683366
vt 0.375000 0.707114
vt 0.125000 0.707114
vt 0.500000 0.715030
vt 0.000000 0.715030
vt 0.375000 0.738777
vt 0.125000 0.738777
vt 0.500000 0.746693
vt 0.000000 0.746693
vt 0.375000 0.770441
vt 0.125000 0.770441
vt 0.500000 0.778356
vt 0.000000 0.778356
vt 0.375000 0.802104
vt 0.125000 0.802104
vt 0.500000 0.810020
vt 0.000000 0.810020
vt 0.375000 0.833767
vt 0.125000 0.833767
vt 0.500000 0.841683
vt 0.000000 0.841683
vt 0.375000 0.865431
vt 0.125000 0.865431
vt 0.500000 0.873347
vt 0.000000 0.873347
vt 0.375000 0.897094
vt 0.125000 0.897094
vt 0.500000 0.905010
vt 0.000000 0.905010
vt 0.375000 0.928757
vt 0.125000 0.928757
vt 0.500000 0.936673
vt 0.000000 0.936673
vt 0.375000 0.960421
vt 0.125000 0.960421
vt 0.500000 0.968337
vt 0.000000 0.968337
vt 0.375000 0.992084
vt 0.125000 0.992084
vt 0.500000 1.000000
vt 0.000000 1.000000
vt 0.833333 0.025067
vt 0.583333 0.010027
vt 1.000000 0.030080
vt 0.500000 0.000000
vt 0.875000 0.052520
vt 1.000000 0.060000
vt 0.875000 0.082949
vt 1.000000 0.090599
vt 0.875000 0.113427
vt 1.000000 0.121036
vt 0.875000 0.143865
vt 1.000000 0.151474
vt 0.875000 0.174302
vt 1.000000 0.181911
vt 0.875000 0.204739
vt 1.000000 0.212349
vt 0.875000 0.235177
vt 1.000000 0.242786
vt 0.875000 0.265614
vt 1.000000 0.273224
vt 0.875000 0.296052
vt 1.000000 0.303661
vt 0.875000 0.327217
vt 1.000000 0.335069
vt 0.875000 0.358817
vt 1.000000 0.366733
vt 0.875000 0.390480
vt 1.000000 0.398396
vt 0.875000 0.422143
vt 1.000000 0.430059
vt 0.875000 0.453807
vt 1.000000 0.461723
vt 0.875000 0.485470
vt 1.000000 0.493386
vt 0.875000 0.517134
vt 1.000000 0.525049
vt 0.875000 0.548797
vt 1.000000 0.556713
vt 0.875000 0.580460
vt 1.000000 0.588376
vt 0.875000 0.612124
vt 1.000000 0.620040
vt 0.875000 0.643787
vt 1.000000 0.651703
vt 0.875000 0.675450
vt 1.000000 0.683366
vt 0.875000 0.707114
vt 1.000000 0.715030
vt 0.875000 0.738777
vt 1.000000 0.746693
vt 0.875000 0.770441
vt 1.000000 0.778356
vt 0.875000 0.802104
vt 1.000000 0.810020
vt 0.875000 0.833767
vt 1.000000 0.841683
vt 0.875000 0.865431
vt 1.000000 0.873347
vt 0.875000 0.897094
vt 1.000000 0.905010
vt 0.875000 0.928757
vt 1.000000 0.936673
vt 0.875000 0.960421
vt 1.000000 0.968337
vt 0.875000 0.992084
vt 1.000000 1.000000
vt 0.333333 0.025067
vt 0.083333 0.025067
vt 0.083333 0.010027
vt 0.500000 0.030080
vt 0.000000 0.030080
vt 0.000000 0.000000
vt 0.375000 0.052520
vt 0.125000 0.052520
vt 0.500000 0.060000
vt 0.000000 0.060000
vt 0.375000 0.082949
vt 0.125000 0.082949
vt 0.500000 0.090599
vt 0.000000 0.090599
vt 0.375000 0.113427
vt 0.125000 0.113427
vt 0.500000 0.121036
vt 0.000000 0.121036
vt 0.375000 0.143865
vt 0.125000 0.143865
vt 0.500000 0.151474
vt 0.000000 0.151474
vt 0.375000 0.174302
vt 0.125000 0.174302
vt 0.500000 0.181911
vt 0.000000 0.181911
vt 0.375000 0.204739
vt 0.125000 0.204739
vt 0.500000 0.212349
vt 0.000000 0.212349
vt 0.375000 0.235177
vt 0.125000 0.235177
vt 0.500000 0.242786
vt 0.000000 0.242786
vt 0.375000 0.265614
vt 0.125000 0.265614
vt 0.500000 0.273224
vt 0.000000 0.273224
vt 0.375000 0.296052
vt 0.125000 0.296052
vt 0.500000 0.303661
vt 0.000000 0.303661
vt 0.375000 0.327217
vt 0.125000 0.327217
vt 0.500000 0.335069
vt 0.000000 0.335069
vt 0.375000 0.358817
vt 0.125000 0.358817
vt 0.500000 0.366733
vt 0.000000 0.366733
vt 0.375000 0.390480
vt 0.125000 0.390480
vt 0.500000 0.398396
vt 0.000000 0.398396
vt 0.375000 0.422143
vt 0.125000 0.422143
vt 0.500000 0.430059
vt 0.000000 0.430059
vt 0.375000 0.453807
vt 0.125000 0.453807
vt 0.500000 0.461723
vt 0.000000 0.461723
vt 0.375000 0.485470
vt 0.125000 0.485470
vt 0.500000 0.493386
vt 0.000000 0.493386
vt 0.375000 0.517134
vt 0.125000 0.517134
vt 0.500000 0.525049
vt 0.000000 0.525049
vt 0.375000 0.548797
vt 0.125000 0.548797
vt 0.500000 0.556713
vt 0.000000 0.556713
vt 0.375000 0.580460
vt 0.125000 0.580460
vt 0.500000 0.588376
vt 0.000000 0.588376
vt 0.375000 0.612124
vt 0.125000 0.612124
vt 0.500000 0.620040
vt 0.000000 0.620040
vt 0.375000 0.643787
vt 0.125000 0.643787
vt 0.500000 0.651703
vt 0.000000 0.651703
vt 0.375000 0.675450
vt 0.125000 0.675450
vt 0.500000 0.683366
vt 0.000000 0.683366
vt 0.375000 0.707114
vt 0.125000 0.707114
vt 0.500000 0.715030
vt 0.000000 0.715030
vt 0.375000 0.738777
vt 0.125000 0.738777
vt 0.500000 0.746693
vt 0.000000 0.746693
vt 0.375000 0.770441
vt 0.125000 0.770441
vt 0.500000 0.778356
vt 0.000000 0.778356
vt 0.375000 0.802104
vt 0.125000 0.802104
vt 0.500000 0.810020
vt 0.000000 0.810020
vt 0.375000 0.833767
vt 0.125000 0.833767
vt 0.500000 0.841683
vt 0.000000 0.841683
vt 0.375000 0.865431
vt 0.125000 0.865431
vt 0.500000 0.873347
vt 0.000000 0.873347
vt 0.375000 0.897094
vt 0.125000 0.897094
vt 0.500000 0.905010
vt 0.000000 0.905010
vt 0.375000 0.928757
vt 0.125000 0.928757
vt 0.500000 0.936673
vt 0.000000 0.936673
vt 0.375000 0.960421
vt 0.125000 0.960421
vt 0.500000 0.968337
vt 0.000000 0.968337
vt 0.375000 0.992084
vt 0.125000 0.992084
vt 0.500000 1.000000
vt 0.000000 1.000000
vt 0.833333 0.025067
vt 0.583333 0.010027
vt 1.000000 0.030080
vt 0.500000 0.000000
vt 0.875000 0.052520
vt 1.000000 0.060000
vt 0.875000 0.082949
vt 1.000000 0.090599
vt 0.875000 0.113427
vt 1.000000 0.121036
vt 0.875000 0.143865
vt 1.000000 0.151474
vt 0.875000 0.174302
vt 1.000000 0.181911
vt 0.875000 0.204739
vt 1.000000 0.212349
vt 0.875000 0.235177
vt 1.000000 0.242786
vt 0.875000 0.265614
vt 1.000000 0.273224
vt 0.875000 0.296052
vt 1.000000 0.303661
vt 0.875000 0.327217
vt 1.000000 0.335069
vt 0.875000 0.358817
vt 1.000000 0.366733
vt 0.875000 0.390480
vt 1.000000 0.398396
vt 0.875000 0.422143
vt 1.000000 0.430059
vt 0.875000 0.453807
vt 1.000000 0.461723
vt 0.875000 0.485470
vt 1.000000 0.493386
vt 0.875000 0.517134
vt 1.000000 0.525049
vt 0.875000 0.548797
vt 1.000000 0.556713
vt 0.875000 0.580460
vt 1.000000 0.588376
vt 0.875000 0.612124
vt 1.000000 0.620040
vt 0.875000 0.643787
vt 1.000000 0.651703
vt 0.875000 0.675450
vt 1.000000 0.683366
vt 0.875000 0.707114
vt 1.000000 0.715030
vt 0.875000 0.738777
vt 1.000000 0.746693
vt 0.875000 0.770441
vt 1.000000 0.778356
vt 0.875000 0.802104
vt 1.000000 0.810020
vt 0.875000 0.833767
vt 1.000000 0.841683
vt 0.875000 0.865431
vt 1.000000 0.873347
vt 0.875000 0.897094
vt 1.000000 0.905010
vt 0.875000 0.928757
vt 1.000000 0.936673
vt 0.875000 0.960421
vt 1.000000 0.968337
vt 0.875000 0.992084
vt 1.000000 1.000000
vt 0.333333 0.025067
vt 0.083333 0.010027
vt 0.083333 0.025067
vt 0.500000 0.030080
vt 0.000000 0.000000
vt 0.000000 0.030080
vt 0.375000 0.052520
vt 0.125000 0.052520
vt 0.500000 0.060000
vt 0.000000 0.060000
vt 0.375000 0.082949
vt 0.125000 0.082949
vt 0.500000 0.090599
vt 0.000000 0.090599
vt 0.375000 0.113427
vt 0.125000 0.113427
vt 0.500000 0.121036
vt 0.000000 0.121036
vt 0.375000 0.143865
vt 0.125000 0.143865
vt 0.500000 0.151474
vt 0.000000 0.151474
vt 0.375000 0.174302
vt 0.125000 0.174302
vt 0.500000 0.181911
vt 0.000000 0.181911
vt 0.375000 0.204739
vt 0.125000 0.204739
vt 0.500000 0.212349
vt 0.000000 0.212349
vt 0.375000 0.235177
vt 0.125000 0.235177
vt 0.500000 0.242786
vt 0.000000 0.242786
vt 0.375000 0.265614
vt 0.125000 0.265614
vt 0.500000 0.273224
vt 0.000000 0.273224
vt 0.375000 0.296052
vt 0.125000 0.296052
vt 0.500000 0.303661
vt 0.000000 0.303661
vt 0.375000 0.327217
vt 0.125000 0.327217
vt 0.500000 0.335069
vt 0.000000 0.335069
vt 0.375000 0.358817
vt 0.125000 0.358817
vt 0.500000 0.366733
vt 0.000000 0.366733
vt 0.375000 0.390480
vt 0.125000 0.390480
vt 0.500000 0.398396
vt 0.000000 0.398396
vt 0.375000 0.422143
vt 0.125000 0.422143
vt 0.500000 0.430059
vt 0.000000 0.430059
vt 0.375000 0.453807
vt 0.125000 0.453807
vt 0.500000 0.461723
vt 0.000000 0.461723
vt 0.375000 0.485470
vt 0.125000 0.485470
vt 0.500000 0.493386
vt 0.000000 0.493386
vt 0.375000 0.517134
vt 0.125000 0.517134
vt 0.500000 0.525049
vt 0.000000 0.525049
vt 0.375000 0.548797
vt 0.125000 0.548797
vt 0.500000 0.556713
vt 0.000000 0.556713
vt 0.375000 0.580460
vt 0.125000 0.580460
vt 0.500000 0.588376
vt 0.000000 0.588376
vt 0.375000 0.612124
vt 0.125000 0.612124
vt 0.500000 0.620040
vt 0.000000 0.620040
vt 0.375000 0.643787
vt 0.125000 0.643787
vt 0.500000 0.651703
vt 0.000000 0.651703
vt 0.375000 0.675450
vt 0.125000 0.675450
vt 0.500000 0.683366
vt 0.000000 0.683366
vt 0.375000 0.707114
vt 0.125000 0.707114
vt 0.500000 0.715030
vt 0.000000 0.715030
vt 0.375000 0.738777
vt 0.125000 0.738777
vt 0.500000 0.746693
vt 0.000000 0.746693
vt 0.375000 0.770441
vt 0.125000 0.770441
vt 0.500000 0.778356
vt 0.000000 0.778356
vt 0.375000 0.802104
vt 0.125000 0.802104
vt 0.500000 0.810020
vt 0.000000 0.810020
vt 0.375000 0.833767
vt 0.125000 0.833767
vt 0.500000 0.841683
vt 0.000000 0.841683
vt 0.375000 0.865431
vt 0.125000 0.865431
vt 0.500000 0.873347
vt 0.000000 0.873347
vt 0.375000 0.897094
vt 0.125000 0.897094
vt 0.500000 0.905010
vt 0.000000 0.905010
vt 0.375000 0.928757
vt 0.125000 0.928757
vt 0.500000 0.936673
vt 0.000000 0.936673
vt 0.375000 0.960421
vt 0.125000 0.960421
vt 0.500000 0.968337
vt 0.000000 0.968337
vt 0.375000 0.992084
vt 0.125000 0.992084
vt 0.500000 1.000000
vt 0.000000 1.000000
vt 0.833333 0.025067
vt 0.583333 0.010027
vt 1.000000 0.030080
vt 0.500000 0.000000
vt 0.875000 0.052520
vt 1.000000 0.060000
vt 0.875000 0.082949
vt 1.000000 0.090599
vt 0.875000 0.113427
vt 1.000000 0.121036
vt 0.875000 0.143865
vt 1.000000 0.151474
vt 0.875000 0.174302
vt 1.000000 0.181911
vt 0.875000 0.204739
vt 1.000000 0.212349
vt 0.875000 0.235177
vt 1.000000 0.242786
vt 0.875000 0.265614
vt 1.000000 0.273224
vt 0.875000 0.296052
vt 1.000000 0.303661
vt 0.875000 0.327217
vt 1.000000 0.335069
vt 0.875000 0.358817
vt 1.000000 0.366733
vt 0.875000 0.390480
vt 1.000000 0.398396
vt 0.875000 0.422143
vt 1.000000 0.430059
vt 0.875000 0.453807
vt 1.000000 0.461723
vt 0.875000 0.485470
vt 1.000000 0.493386
vt 0.875000 0.517134
vt 1.000000 0.525049
vt 0.875000 0.548797
vt 1.000000 0.556713
vt 0.875000 0.580460
vt 1.000000 0.588376
vt 0.875000 0.612124
vt 1.000000 0.620040
vt 0.875000 0.643787
vt 1.000000 0.651703
vt 0.875000 0.675450
vt 1.000000 0.683366
vt 0.875000 0.707114
vt 1.000000 0.715030
vt 0.875000 0.738777
vt 1.000000 0.746693
vt 0.875000 0.770441
vt 1.000000 0.778356
vt 0.875000 0.802104
vt 1.000000 0.810020
vt 0.875000 0.833767
vt 1.000000 0.841683
vt 0.875000 0.865431
vt 1.000000 0.873347
vt 0.875000 0.897094
vt 1.000000 0.905010
vt 0.875000 0.928757
vt 1.000000 0.936673
vt 0.875000 0.960421
vt 1.000000 0.968337
vt 0.875000 0.992084
vt 1.000000 1.000000
vt 0.000000 0.049570
vt 0.000000 0.000000
vt 0.027778 0.016523
vt 0.027778 0.041308
vt 0.833333 0.000000
vt 1.000000 0.049570
vt 0.944444 0.041308
vt 0.861111 0.016523
vt 0.000000 0.098225
vt 0.000000 0.049570
vt 0.027778 0.041308
vt 0.041667 0.086062
vt 0.000000 0.146637
vt 0.000000 0.098225
vt 0.041667 0.086062
vt 0.041667 0.134534
vt 0.000000 0.195049
vt 0.000000 0.146637
vt 0.041667 0.134534
vt 0.041667 0.182946
vt 0.000000 0.243461
vt 0.000000 0.195049
vt 0.041667 0.182946
vt 0.041667 0.231358
vt 0.000000 0.291873
vt 0.000000 0.243461
vt 0.041667 0.231358
vt 0.041667 0.279770
vt 0.000000 0.339512
vt 0.000000 0.291873
vt 0.041667 0.279770
vt 0.041667 0.327602
vt 0.000000 0.386690
vt 0.000000 0.339512
vt 0.041667 0.327602
vt 0.041667 0.374896
vt 0.000000 0.433868
vt 0.000000 0.386690
vt 0.041667 0.374896
vt 0.041667 0.422073
vt 0.000000 0.481045
vt 0.000000 0.433868
vt 0.041667 0.422073
vt 0.041667 0.469251
vt 0.000000 0.528223
vt 0.000000 0.481045
vt 0.041667 0.469251
vt 0.041667 0.516429
vt 0.000000 0.575401
vt 0.000000 0.528223
vt 0.041667 0.516429
vt 0.041667 0.563606
vt 0.000000 0.622579
vt 0.000000 0.575401
vt 0.041667 0.563606
vt 0.041667 0.610784
vt 0.000000 0.669756
vt 0.000000 0.622579
vt 0.041667 0.610784
vt 0.041667 0.657962
vt 0.000000 0.716934
vt 0.000000 0.669756
vt 0.041667 0.657962
vt 0.041667 0.705139
vt 0.000000 0.764112
vt 0.000000 0.716934
vt 0.041667 0.705139
vt 0.041667 0.752317
vt 0.000000 0.811289
vt 0.000000 0.764112
vt 0.041667 0.752317
vt 0.041667 0.799495
vt 0.000000 0.858467
vt 0.000000 0.811289
vt 0.041667 0.799495
vt 0.041667 0.846673
vt 0.000000 0.905645
vt 0.000000 0.858467
vt 0.041667 0.846673
vt 0.041667 0.893850
vt 0.000000 0.952822
vt 0.000000 0.905645
vt 0.041667 0.893850
vt 0.041667 0.941028
vt 0.000000 1.000000
vt 0.000000 0.952822
vt 0.041667 0.941028
vt 0.041667 0.988206
vt 0.166667 1.000000
vt 0.000000 1.000000
vt 0.041667 0.988206
vt 0.125000 0.988206
vt 0.000000 0.000000
vt 0.000000 0.030080
vt 0.083333 0.025067
vt 0.083333 0.010027
vt 1.000000 0.030080
vt 0.500000 0.000000
vt 0.583333 0.010027
vt 0.833333 0.025067
vt 0.333333 1.000000
vt 0.166667 1.000000
vt 0.125000 0.988206
vt 0.291667 0.988206
vt 0.500000 1.000000
vt 0.333333 1.000000
vt 0.291667 0.988206
vt 0.458333 0.988206
vt 0.666667 1.000000
vt 0.500000 1.000000
vt 0.458333 0.988206
vt 0.625000 0.988206
vt 0.833333 1.000000
vt 0.666667 1.000000
vt 0.625000 0.988206
vt 0.791667 0.988206
vt 1.000000 1.000000
vt 0.833333 1.000000
vt 0.791667 0.988206
vt 0.958333 0.988206
vt 1.000000 0.049570
vt 1.000000 0.098225
vt 0.958333 0.086062
vt 0.944444 0.041308
vt 1.000000 0.098225
vt 1.000000 0.146637
vt 0.958333 0.134534
vt 0.958333 0.086062
vt 1.000000 0.146637
vt 1.000000 0.195049
vt 0.958333 0.182946
vt 0.958333 0.134534
vt 1.000000 0.195049
vt 1.000000 0.243461
vt 0.958333 0.231358
vt 0.958333 0.182946
vt 1.000000 0.243461
vt 1.000000 0.291873
vt 0.958333 0.279770
vt 0.958333 0.231358
vt 1.000000 0.291873
vt 1.000000 0.339512
vt 0.958333 0.327602
vt 0.958333 0.279770
vt 1.000000 0.339512
vt 1.000000 0.386690
vt 0.958333 0.374896
vt 0.958333 0.327602
vt 1.000000 0.386690
vt 1.000000 0.433868
vt 0.958333 0.422073
vt 0.958333 0.374896
vt 1.000000 0.433868
vt 1.000000 0.481045
vt 0.958333 0.469251
vt 0.958333 0.422073
vt 1.000000 0.481045
vt 1.000000 0.528223
vt 0.958333 0.516429
vt 0.958333 0.469251
vt 1.000000 0.528223
vt 1.000000 0.575401
vt 0.958333 0.563606
vt 0.958333 0.516429
vt 1.000000 0.575401
vt 1.000000 0.622579
vt 0.958333 0.610784
vt 0.958333 0.563606
vt 1.000000 0.622579
vt 1.000000 0.669756
vt 0.958333 0.657962
vt 0.958333 0.610784
vt 1.000000 0.669756
vt 1.000000 0.716934
vt 0.958333 0.705139
vt 0.958333 0.657962
vt 1.000000 0.716934
vt 1.000000 0.764112
vt 0.958333 0.752317
vt 0.958333 0.705139
vt 1.000000 0.764112
vt 1.000000 0.811289
vt 0.958333 0.799495
vt 0.958333 0.752317
vt 1.000000 0.811289
vt 1.000000 0.858467
vt 0.958333 0.846673
vt 0.958333 0.799495
vt 1.000000 0.858467
vt 1.000000 0.905645
vt 0.958333 0.893850
vt 0.958333 0.846673
vt 1.000000 0.905645
vt 1.000000 0.952822
vt 0.958333 0.941028
vt 0.958333 0.893850
vt 1.000000 0.952822
vt 1.000000 1.000000
vt 0.958333 0.988206
vt 0.958333 0.941028
vt 0.000000 0.030080
vt 0.000000 0.000000
vt 0.083333 0.010027
vt 0.083333 0.025067
vt 0.500000 0.000000
vt 1.000000 0.030080
vt 0.833333 0.025067
vt 0.583333 0.010027
vt 0.000000 0.049570
vt 0.000000 0.000000
vt 0.027778 0.016523
vt 0.027778 0.041308
vt 0.833333 0.000000
vt 1.000000 0.049570
vt 0.944444 0.041308
vt 0.861111 0.016523
vt 0.000000 0.098225
vt 0.000000 0.049570
vt 0.027778 0.041308
vt 0.041667 0.086062
vt 0.000000 0.146637
vt 0.000000 0.098225
vt 0.041667 0.086062
vt 0.041667 0.134534
vt 0.000000 0.195049
vt 0.000000 0.146637
vt 0.041667 0.134534
vt 0.041667 0.182946
vt 0.000000 0.243461
vt 0.000000 0.195049
vt 0.041667 0.182946
vt 0.041667 0.231358
vt 0.000000 0.291873
vt 0.000000 0.243461
vt 0.041667 0.231358
vt 0.041667 0.279770
vt 0.000000 0.339512
vt 0.000000 0.291873
vt 0.041667 0.279770
vt 0.041667 0.327602
vt 0.000000 0.386690
vt 0.000000 0.339512
vt 0.041667 0.327602
vt 0.041667 0.374896
vt 0.000000 0.433868
vt 0.000000 0.386690
vt 0.041667 0.374896
vt 0.041667 0.422073
vt 0.000000 0.481045
vt 0.000000 0.433868
vt 0.041667 0.422073
vt 0.041667 0.469251
vt 0.000000 0.528223
vt 0.000000 0.481045
vt 0.041667 0.469251
vt 0.041667 0.516429
vt 0.000000 0.575401
vt 0.000000 0.528223
vt 0.041667 0.516429
vt 0.041667 0.563606
vt 0.000000 0.622579
vt 0.000000 0.575401
vt 0.041667 0.563606
vt 0.041667 0.610784
vt 0.000000 0.669756
vt 0.000000 0.622579
vt 0.041667 0.610784
vt 0.041667 0.657962
vt 0.000000 0.716934
vt 0.000000 0.669756
vt 0.041667 0.657962
vt 0.041667 0.705139
vt 0.000000 0.764112
vt 0.000000 0.716934
vt 0.041667 0.705139
vt 0.041667 0.752317
vt 0.000000 0.811289
vt 0.000000 0.764112
vt 0.041667 0.752317
vt 0.041667 0.799495
vt 0.000000 0.858467
vt 0.000000 0.811289
vt 0.041667 0.799495
vt 0.041667 0.846673
vt 0.000000 0.905645
vt 0.000000 0.858467
vt 0.041667 0.846673
vt 0.041667 0.893850
vt 0.000000 0.952822
vt 0.000000 0.905645
vt 0.041667 0.893850
vt 0.041667 0.941028
vt 0.000000 1.000000
vt 0.000000 0.952822
vt 0.041667 0.941028
vt 0.041667 0.988206
vt 0.166667 1.000000
vt 0.000000 1.000000
vt 0.041667 0.988206
vt 0.125000 0.988206
vt 0.000000 0.000000
vt 0.000000 0.030080
vt 0.083333 0.025067
vt 0.083333 0.010027
vt 1.000000 0.030080
vt 0.500000 0.000000
vt 0.583333 0.010027
vt 0.833333 0.025067
vt 0.333333 1.000000
vt 0.166667 1.000000
vt 0.125000 0.988206
vt 0.291667 0.988206
vt 0.500000 1.000000
vt 0.333333 1.000000
vt 0.291667 0.988206
vt 0.458333 0.988206
vt 0.666667 1.000000
vt 0.500000 1.000000
vt 0.458333 0.988206
vt 0.625000 0.988206
vt 0.833333 1.000000
vt 0.666667 1.000000
vt 0.625000 0.988206
vt 0.791667 0.988206
vt 1.000000 1.000000
vt 0.833333 1.000000
vt 0.791667 0.988206
vt 0.958333 0.988206
vt 1.000000 0.049570
vt 1.000000 0.098225
vt 0.958333 0.086062
vt 0.944444 0.041308
vt 1.000000 0.098225
vt 1.000000 0.146637
vt 0.958333 0.134534
vt 0.958333 0.086062
vt 1.000000 0.146637
vt 1.000000 0.195049
vt 0.958333 0.182946
vt 0.958333 0.134534
vt 1.000000 0.195049
vt 1.000000 0.243461
vt 0.958333 0.231358
vt 0.958333 0.182946
vt 1.000000 0.243461
vt 1.000000 0.291873
vt 0.958333 0.279770
vt 0.958333 0.231358
vt 1.000000 0.291873
vt 1.000000 0.339512
vt 0.958333 0.327602
vt 0.958333 0.279770
vt 1.000000 0.339512
vt 1.000000 0.386690
vt 0.958333 0.374896
vt 0.958333 0.327602
vt 1.000000 0.386690
vt 1.000000 0.433868
vt 0.958333 0.422073
vt 0.958333 0.374896
vt 1.000000 0.433868
vt 1.000000 0.481045
vt 0.958333 0.469251
vt 0.958333 0.422073
vt 1.000000 0.481045
vt 1.000000 0.528223
vt 0.958333 0.516429
vt 0.958333 0.469251
vt 1.000000 0.528223
vt 1.000000 0.575401
vt 0.958333 0.563606
vt 0.958333 0.516429
vt 1.000000 0.575401
vt 1.000000 0.622579
vt 0.958333 0.610784
vt 0.958333 0.563606
vt 1.000000 0.622579
vt 1.000000 0.669756
vt 0.958333 0.657962
vt 0.958333 0.610784
vt 1.000000 0.669756
vt 1.000000 0.716934
vt 0.958333 0.705139
vt 0.958333 0.657962
vt 1.000000 0.716934
vt 1.000000 0.764112
vt 0.958333 0.752317
vt 0.958333 0.705139
vt 1.000000 0.764112
vt 1.000000 0.811289
vt 0.958333 0.799495
vt 0.958333 0.752317
vt 1.000000 0.811289
vt 1.000000 0.858467
vt 0.958333 0.846673
vt 0.958333 0.799495
vt 1.000000 0.858467
vt 1.000000 0.905645
vt 0.958333 0.893850
vt 0.958333 0.846673
vt 1.000000 0.905645
vt 1.000000 0.952822
vt 0.958333 0.941028
vt 0.958333 0.893850
vt 1.000000 0.952822
vt 1.000000 1.000000
vt 0.958333 0.988206
vt 0.958333 0.941028
vt 0.000000 0.030080
vt 0.000000 0.000000
vt 0.083333 0.010027
vt 0.083333 0.025067
vt 0.500000 0.000000
vt 1.000000 0.030080
vt 0.833333 0.025067
vt 0.583333 0.010027
vt 0.000000 0.049570
vt 0.000000 0.000000
vt 0.027778 0.016523
vt 0.027778 0.041308
vt 0.833333 0.000000
vt 1.000000 0.049570
vt 0.944444 0.041308
vt 0.861111 0.016523
vt 0.000000 0.098225
vt 0.000000 0.049570
vt 0.027778 0.041308
vt 0.041667 0.086062
vt 0.000000 0.146637
vt 0.000000 0.098225
vt 0.041667 0.086062
vt 0.041667 0.134534
vt 0.000000 0.195049
vt 0.000000 0.146637
vt 0.041667 0.134534
vt 0.041667 0.182946
vt 0.000000 0.243461
vt 0.000000 0.195049
vt 0.041667 0.182946
vt 0.041667 0.231358
vt 0.000000 0.291873
vt 0.000000 0.243461
vt 0.041667 0.231358
vt 0.041667 0.279770
vt 0.000000 0.339512
vt 0.000000 0.291873
vt 0.041667 0.279770
vt 0.041667 0.327602
vt 0.000000 0.386690
vt 0.000000 0.339512
vt 0.041667 0.327602
vt 0.041667 0.374896
vt 0.000000 0.433868
vt 0.000000 0.386690
vt 0.041667 0.374896
vt 0.041667 0.422073
vt 0.000000 0.481045
vt 0.000000 0.433868
vt 0.041667 0.422073
vt 0.041667 0.469251
vt 0.000000 0.528223
vt 0.000000 0.481045
vt 0.041667 0.469251
vt 0.041667 0.516429
vt 0.000000 0.575401
vt 0.000000 0.528223
vt 0.041667 0.516429
vt 0.041667 0.563606
vt 0.000000 0.622579
vt 0.000000 0.575401
vt 0.041667 0.563606
vt 0.041667 0.610784
vt 0.000000 0.669756
vt 0.000000 0.622579
vt 0.041667 0.610784
vt 0.041667 0.657962
vt 0.000000 0.716934
vt 0.000000 0.669756
vt 0.041667 0.657962
vt 0.041667 0.705139
vt 0.000000 0.764112
vt 0.000000 0.716934
vt 0.041667 0.705139
vt 0.041667 0.752317
vt 0.000000 0.811289
vt 0.000000 0.764112
vt 0.041667 0.752317
vt 0.041667 0.799495
vt 0.000000 0.858467
vt 0.000000 0.811289
vt 0.041667 0.799495
vt 0.041667 0.846673
vt 0.000000 0.905645
vt 0.000000 0.858467
vt 0.041667 0.846673
vt 0.041667 0.893850
vt 0.000000 0.952822
vt 0.000000 0.905645
vt 0.041667 0.893850
vt 0.041667 0.941028
vt 0.000000 1.000000
vt 0.000000 0.952822
vt 0.041667 0.941028
vt 0.041667 0.988206
vt 0.166667 1.000000
vt 0.000000 1.000000
vt 0.041667 0.988206
vt 0.125000 0.988206
vt 0.000000 0.000000
vt 0.000000 0.030080
vt 0.083333 0.025067
vt 0.083333 0.010027
vt 1.000000 0.030080
vt 0.500000 0.000000
vt 0.583333 0.010027
vt 0.833333 0.025067
vt 0.333333 1.000000
vt 0.166667 1.000000
vt 0.125000 0.988206
vt 0.291667 0.988206
vt 0.500000 1.000000
vt 0.333333 1.000000
vt 0.291667 0.988206
vt 0.458333 0.988206
vt 0.666667 1.000000
vt 0.500000 1.000000
vt 0.458333 0.988206
vt 0.625000 0.988206
vt 0.833333 1.000000
vt 0.666667 1.000000
vt 0.625000 0.988206
vt 0.791667 0.988206
vt 1.000000 1.000000
vt 0.833333 1.000000
vt 0.791667 0.988206
vt 0.958333 0.988206
vt 1.000000 0.049570
vt 1.000000 0.098225
vt 0.958333 0.086062
vt 0.944444 0.041308
vt 1.000000 0.098225
vt 1.000000 0.146637
vt 0.958333 0.134534
vt 0.958333 0.086062
vt 1.000000 0.146637
vt 1.000000 0.195049
vt 0.958333 0.182946
vt 0.958333 0.134534
vt 1.000000 0.195049
vt 1.000000 0.243461
vt 0.958333 0.231358
vt 0.958333 0.182946
vt 1.000000 0.243461
vt 1.000000 0.291873
vt 0.958333 0.279770
vt 0.958333 0.231358
vt 1.000000 0.291873
vt 1.000000 0.339512
vt 0.958333 0.327602
vt 0.958333 0.279770
vt 1.000000 0.339512
vt 1.000000 0.386690
vt 0.958333 0.374896
vt 0.958333 0.327602
vt 1.000000 0.386690
vt 1.000000 0.433868
vt 0.958333 0.422073
vt 0.958333 0.374896
vt 1.000000 0.433868
vt 1.000000 0.481045
vt 0.958333 0.469251
vt 0.958333 0.422073
vt 1.000000 0.481045
vt 1.000000 0.528223
vt 0.958333 0.516429
vt 0.958333 0.469251
vt 1.000000 0.528223
vt 1.000000 0.575401
vt 0.958333 0.563606
vt 0.958333 0.516429
vt 1.000000 0.575401
vt 1.000000 0.622579
vt 0.958333 0.610784
vt 0.958333 0.563606
vt 1.000000 0.622579
vt 1.000000 0.669756
vt 0.958333 0.657962
vt 0.958333 0.610784
vt 1.000000 0.669756
vt 1.000000 0.716934
vt 0.958333 0.705139
vt 0.958333 0.657962
vt 1.000000 0.716934
vt 1.000000 0.764112
vt 0.958333 0.752317
vt 0.958333 0.705139
vt 1.000000 0.764112
vt 1.000000 0.811289
vt 0.958333 0.799495
vt 0.958333 0.752317
vt 1.000000 0.811289
vt 1.000000 0.858467
vt 0.958333 0.846673
vt 0.958333 0.799495
vt 1.000000 0.858467
vt 1.000000 0.905645
vt 0.958333 0.893850
vt 0.958333 0.846673
vt 1.000000 0.905645
vt 1.000000 0.952822
vt 0.958333 0.941028
vt 0.958333 0.893850
vt 1.000000 0.952822
vt 1.000000 1.000000
vt 0.958333 0.988206
vt 0.958333 0.941028
vt 0.000000 0.030080
vt 0.000000 0.000000
vt 0.083333 0.010027
vt 0.083333 0.025067
vt 0.500000 0.000000
vt 1.000000 0.030080
vt 0.833333 0.025067
vt 0.583333 0.010027
vt 0.000000 0.060000
vt 0.000000 0.030080
vt 0.083333 0.025067
vt 0.125000 0.052520
vt 0.000000 0.090599
vt 0.000000 0.060000
vt 0.125000 0.052520
vt 0.125000 0.082949
vt 0.000000 0.121036
vt 0.000000 0.090599
vt 0.125000 0.082949
vt 0.125000 0.113427
vt 0.000000 0.151474
vt 0.000000 0.121036
vt 0.125000 0.113427
vt 0.125000 0.143865
vt 0.000000 0.181911
vt 0.000000 0.151474
vt 0.125000 0.143865
vt 0.125000 0.174302
vt 0.000000 0.212349
vt 0.000000 0.181911
vt 0.125000 0.174302
vt 0.125000 0.204739
vt 0.000000 0.242786
vt 0.000000 0.212349
vt 0.125000 0.204739
vt 0.125000 0.235177
vt 0.000000 0.273224
vt 0.000000 0.242786
vt 0.125000 0.235177
vt 0.125000 0.265614
vt 0.000000 0.303661
vt 0.000000 0.273224
vt 0.125000 0.265614
vt 0.125000 0.296052
vt 0.000000 0.335069
vt 0.000000 0.303661
vt 0.125000 0.296052
vt 0.125000 0.327217
vt 0.000000 0.366733
vt 0.000000 0.335069
vt 0.125000 0.327217
vt 0.125000 0.358817
vt 0.000000 0.398396
vt 0.000000 0.366733
vt 0.125000 0.358817
vt 0.125000 0.390480
vt 0.000000 0.430059
vt 0.000000 0.398396
vt 0.125000 0.390480
vt 0.125000 0.422143
vt 0.000000 0.461723
vt 0.000000 0.430059
vt 0.125000 0.422143
vt 0.125000 0.453807
vt 0.000000 0.493386
vt 0.000000 0.461723
vt 0.125000 0.453807
vt 0.125000 0.485470
vt 0.000000 0.525049
vt 0.000000 0.493386
vt 0.125000 0.485470
vt 0.125000 0.517134
vt 0.000000 0.556713
vt 0.000000 0.525049
vt 0.125000 0.517134
vt 0.125000 0.548797
vt 0.000000 0.588376
vt 0.000000 0.556713
vt 0.125000 0.548797
vt 0.125000 0.580460
vt 0.000000 0.620040
vt 0.000000 0.588376
vt 0.125000 0.580460
vt 0.125000 0.612124
vt 0.000000 0.651703
vt 0.000000 0.620040
vt 0.125000 0.612124
vt 0.125000 0.643787
vt 0.000000 0.683366
vt 0.000000 0.651703
vt 0.125000 0.643787
vt 0.125000 0.675450
vt 0.000000 0.715030
vt 0.000000 0.683366
vt 0.125000 0.675450
vt 0.125000 0.707114
vt 0.000000 0.746693
vt 0.000000 0.715030
vt 0.125000 0.707114
vt 0.125000 0.738777
vt 0.000000 0.778356
vt 0.000000 0.746693
vt 0.125000 0.738777
vt 0.125000 0.770441
vt 0.000000 0.810020
vt 0.000000 0.778356
vt 0.125000 0.770441
vt 0.125000 0.802104
vt 0.000000 0.841683
vt 0.000000 0.810020
vt 0.125000 0.802104
vt 0.125000 0.833767
vt 0.000000 0.873347
vt 0.000000 0.841683
vt 0.125000 0.833767
vt 0.125000 0.865431
vt 0.000000 0.905010
vt 0.000000 0.873347
vt 0.125000 0.865431
vt 0.125000 0.897094
vt 0.000000 0.936673
vt 0.000000 0.905010
vt 0.125000 0.897094
vt 0.125000 0.928757
vt 0.000000 0.968337
vt 0.000000 0.936673
vt 0.125000 0.928757
vt 0.125000 0.960421
vt 0.000000 1.000000
vt 0.000000 0.968337
vt 0.125000 0.960421
vt 0.125000 0.992084
vt 0.000000 0.968337
vt 0.000000 1.000000
vt 0.125000 0.992084
vt 0.125000 0.960421
vt 1.000000 0.030080
vt 1.000000 0.060000
vt 0.875000 0.052520
vt 0.833333 0.025067
vt 1.000000 0.060000
vt 1.000000 0.090599
vt 0.875000 0.082949
vt 0.875000 0.052520
vt 1.000000 0.090599
vt 1.000000 0.121036
vt 0.875000 0.113427
vt 0.875000 0.082949
vt 1.000000 0.121036
vt 1.000000 0.151474
vt 0.875000 0.143865
vt 0.875000 0.113427
vt 1.000000 0.151474
vt 1.000000 0.181911
vt 0.875000 0.174302
vt 0.875000 0.143865
vt 1.000000 0.181911
vt 1.000000 0.212349
vt 0.875000 0.204739
vt 0.875000 0.174302
vt 1.000000 0.212349
vt 1.000000 0.242786
vt 0.875000 0.235177
vt 0.875000 0.204739
vt 1.000000 0.242786
vt 1.000000 0.273224
vt 0.875000 0.265614
vt 0.875000 0.235177
vt 1.000000 0.273224
vt 1.000000 0.303661
vt 0.875000 0.296052
vt 0.875000 0.265614
vt 1.000000 0.303661
vt 1.000000 0.335069
vt 0.875000 0.327217
vt 0.875000 0.296052
vt 1.000000 0.335069
vt 1.000000 0.366733
vt 0.875000 0.358817
vt 0.875000 0.327217
vt 1.000000 0.366733
vt 1.000000 0.398396
vt 0.875000 0.390480
vt 0.875000 0.358817
vt 1.000000 0.398396
vt 1.000000 0.430059
vt 0.875000 0.422143
vt 0.875000 0.390480
vt 1.000000 0.430059
vt 1.000000 0.461723
vt 0.875000 0.453807
vt 0.875000 0.422143
vt 1.000000 0.461723
vt 1.000000 0.493386
vt 0.875000 0.485470
vt 0.875000 0.453807
vt 1.000000 0.493386
vt 1.000000 0.525049
vt 0.875000 0.517134
vt 0.875000 0.485470
vt 1.000000 0.525049
vt 1.000000 0.556713
vt 0.875000 0.548797
vt 0.875000 0.517134
vt 1.000000 0.556713
vt 1.000000 0.588376
vt 0.875000 0.580460
vt 0.875000 0.548797
vt 1.000000 0.588376
vt 1.000000 0.620040
vt 0.875000 0.612124
vt 0.875000 0.580460
vt 1.000000 0.620040
vt 1.000000 0.651703
vt 0.875000 0.643787
vt 0.875000 0.612124
vt 1.000000 0.651703
vt 1.000000 0.683366
vt 0.875000 0.675450
vt 0.875000 0.643787
vt 1.000000 0.683366
vt 1.000000 0.715030
vt 0.875000 0.707114
vt 0.875000 0.675450
vt 1.000000 0.715030
vt 1.000000 0.746693
vt 0.875000 0.738777
vt 0.875000 0.707114
vt 1.000000 0.746693
vt 1.000000 0.778356
vt 0.875000 0.770441
vt 0.875000 0.738777
vt 1.000000 0.778356
vt 1.000000 0.810020
vt 0.875000 0.802104
vt 0.875000 0.770441
vt 1.000000 0.810020
vt 1.000000 0.841683
vt 0.875000 0.833767
vt 0.875000 0.802104
vt 1.000000 0.841683
vt 1.000000 0.873347
vt 0.875000 0.865431
vt 0.875000 0.833767
vt 1.000000 0.873347
vt 1.000000 0.905010
vt 0.875000 0.897094
vt 0.875000 0.865431
vt 1.000000 0.905010
vt 1.000000 0.936673
vt 0.875000 0.928757
vt 0.875000 0.897094
vt 1.000000 0.936673
vt 1.000000 0.968337
vt 0.875000 0.960421
vt 0.875000 0.928757
vt 1.000000 0.968337
vt 1.000000 1.000000
vt 0.875000 0.992084
vt 0.875000 0.960421
vt 1.000000 1.000000
vt 1.000000 0.968337
vt 0.875000 0.960421
vt 0.875000 0.992084
vt 0.000000 0.030080
vt 0.000000 0.060000
vt 0.125000 0.052520
vt 0.083333 0.025067
vt 0.000000 0.060000
vt 0.000000 0.090599
vt 0.125000 0.082949
vt 0.125000 0.052520
vt 0.000000 0.090599
vt 0.000000 0.121036
vt 0.125000 0.113427
vt 0.125000 0.082949
vt 0.000000 0.121036
vt 0.000000 0.151474
vt 0.125000 0.143865
vt 0.125000 0.113427
vt 0.000000 0.151474
vt 0.000000 0.181911
vt 0.125000 0.174302
vt 0.125000 0.143865
vt 0.000000 0.181911
vt 0.000000 0.212349
vt 0.125000 0.204739
vt 0.125000 0.174302
vt 0.000000 0.212349
vt 0.000000 0.242786
vt 0.125000 0.235177
vt 0.125000 0.204739
vt 0.000000 0.242786
vt 0.000000 0.273224
vt 0.125000 0.265614
vt 0.125000 0.235177
vt 0.000000 0.273224
vt 0.000000 0.303661
vt 0.125000 0.296052
vt 0.125000 0.265614
vt 0.000000 0.303661
vt 0.000000 0.335069
vt 0.125000 0.327217
vt 0.125000 0.296052
vt 0.000000 0.335069
vt 0.000000 0.366733
vt 0.125000 0.358817
vt 0.125000 0.327217
vt 0.000000 0.366733
vt 0.000000 0.398396
vt 0.125000 0.390480
vt 0.125000 0.358817
vt 0.000000 0.398396
vt 0.000000 0.430059
vt 0.125000 0.422143
vt 0.125000 0.390480
vt 0.000000 0.430059
vt 0.000000 0.461723
vt 0.125000 0.453807
vt 0.125000 0.422143
vt 0.000000 0.461723
vt 0.000000 0.493386
vt 0.125000 0.485470
vt 0.125000 0.453807
vt 0.000000 0.493386
vt 0.000000 0.525049
vt 0.125000 0.517134
vt 0.125000 0.485470
vt 0.000000 0.525049
vt 0.000000 0.556713
vt 0.125000 0.548797
vt 0.125000 0.517134
vt 0.000000 0.556713
vt 0.000000 0.588376
vt 0.125000 0.580460
vt 0.125000 0.548797
vt 0.000000 0.588376
vt 0.000000 0.620040
vt 0.125000 0.612124
vt 0.125000 0.580460
vt 0.000000 0.620040
vt 0.000000 0.651703
vt 0.125000 0.643787
vt 0.125000 0.612124
vt 0.000000 0.651703
vt 0.000000 0.683366
vt 0.125000 0.675450
vt 0.125000 0.643787
vt 0.000000 0.683366
vt 0.000000 0.715030
vt 0.125000 0.707114
vt 0.125000 0.675450
vt 0.000000 0.715030
vt 0.000000 0.746693
vt 0.125000 0.738777
vt 0.125000 0.707114
vt 0.000000 0.746693
vt 0.000000 0.778356
vt 0.125000 0.770441
vt 0.125000 0.738777
vt 0.000000 0.778356
vt 0.000000 0.810020
vt 0.125000 0.802104
vt 0.125000 0.770441
vt 0.000000 0.810020
vt 0.000000 0.841683
vt 0.125000 0.833767
vt 0.125000 0.802104
vt 0.000000 0.841683
vt 0.000000 0.873347
vt 0.125000 0.865431
vt 0.125000 0.833767
vt 0.000000 0.873347
vt 0.000000 0.905010
vt 0.125000 0.897094
vt 0.125000 0.865431
vt 0.000000 0.905010
vt 0.000000 0.936673
vt 0.125000 0.928757
vt 0.125000 0.897094
vt 0.000000 0.936673
vt 0.000000 0.968337
vt 0.125000 0.960421
vt 0.125000 0.928757
vt 1.000000 0.060000
vt 1.000000 0.030080
vt 0.833333 0.025067
vt 0.875000 0.052520
vt 1.000000 0.090599
vt 1.000000 0.060000
vt 0.875000 0.052520
vt 0.875000 0.082949
vt 1.000000 0.121036
vt 1.000000 0.090599
vt 0.875000 0.082949
vt 0.875000 0.113427
vt 1.000000 0.151474
vt 1.000000 0.121036
vt 0.875000 0.113427
vt 0.875000 0.143865
vt 1.000000 0.181911
vt 1.000000 0.151474
vt 0.875000 0.143865
vt 0.875000 0.174302
vt 1.000000 0.212349
vt 1.000000 0.181911
vt 0.875000 0.174302
vt 0.875000 0.204739
vt 1.000000 0.242786
vt 1.000000 0.212349
vt 0.875000 0.204739
vt 0.875000 0.235177
vt 1.000000 0.273224
vt 1.000000 0.242786
vt 0.875000 0.235177
vt 0.875000 0.265614
vt 1.000000 0.303661
vt 1.000000 0.273224
vt 0.875000 0.265614
vt 0.875000 0.296052
vt 1.000000 0.335069
vt 1.000000 0.303661
vt 0.875000 0.296052
vt 0.875000 0.327217
vt 1.000000 0.366733
vt 1.000000 0.335069
vt 0.875000 0.327217
vt 0.875000 0.358817
vt 1.000000 0.398396
vt 1.000000 0.366733
vt 0.875000 0.358817
vt 0.875000 0.390480
vt 1.000000 0.430059
vt 1.000000 0.398396
vt 0.875000 0.390480
vt 0.875000 0.422143
vt 1.000000 0.461723
vt 1.000000 0.430059
vt 0.875000 0.422143
vt 0.875000 0.453807
vt 1.000000 0.493386
vt 1.000000 0.461723
vt 0.875000 0.453807
vt 0.875000 0.485470
vt 1.000000 0.525049
vt 1.000000 0.493386
vt 0.875000 0.485470
vt 0.875000 0.517134
vt 1.000000 0.556713
vt 1.000000 0.525049
vt 0.875000 0.517134
vt 0.875000 0.548797
vt 1.000000 0.588376
vt 1.000000 0.556713
vt 0.875000 0.548797
vt 0.875000 0.580460
vt 1.000000 0.620040
vt 1.000000 0.588376
vt 0.875000 0.580460
vt 0.875000 0.612124
vt 1.000000 0.651703
vt 1.000000 0.620040
vt 0.875000 0.612124
vt 0.875000 0.643787
vt 1.000000 0.683366
vt 1.000000 0.651703
vt 0.875000 0.643787
vt 0.875000 0.675450
vt 1.000000 0.715030
vt 1.000000 0.683366
vt 0.875000 0.675450
vt 0.875000 0.707114
vt 1.000000 0.746693
vt 1.000000 0.715030
vt 0.875000 0.707114
vt 0.875000 0.738777
vt 1.000000 0.778356
vt 1.000000 0.746693
vt 0.875000 0.738777
vt 0.875000 0.770441
vt 1.000000 0.810020
vt 1.000000 0.778356
vt 0.875000 0.770441
vt 0.875000 0.802104
vt 1.000000 0.841683
vt 1.000000 0.810020
vt 0.875000 0.802104
vt 0.875000 0.833767
vt 1.000000 0.873347
vt 1.000000 0.841683
vt 0.875000 0.833767
vt 0.875000 0.865431
vt 1.000000 0.905010
vt 1.000000 0.873347
vt 0.875000 0.865431
vt 0.875000 0.897094
vt 1.000000 0.936673
vt 1.000000 0.905010
vt 0.875000 0.897094
vt 0.875000 0.928757
vt 1.000000 0.968337
vt 1.000000 0.936673
vt 0.875000 0.928757
vt 0.875000 0.960421
vt 0.000000 0.030080
vt 0.000000 0.060000
vt 0.125000 0.052520
vt 0.083333 0.025067
vt 0.000000 0.060000
vt 0.000000 0.090599
vt 0.125000 0.082949
vt 0.125000 0.052520
vt 0.000000 0.090599
vt 0.000000 0.121036
vt 0.125000 0.113427
vt 0.125000 0.082949
vt 0.000000 0.121036
vt 0.000000 0.151474
vt 0.125000 0.143865
vt 0.125000 0.113427
vt 0.000000 0.151474
vt 0.000000 0.181911
vt 0.125000 0.174302
vt 0.125000 0.143865
vt 0.000000 0.181911
vt 0.000000 0.212349
vt 0.125000 0.204739
vt 0.125000 0.174302
vt 0.000000 0.212349
vt 0.000000 0.242786
vt 0.125000 0.235177
vt 0.125000 0.204739
vt 0.000000 0.242786
vt 0.000000 0.273224
vt 0.125000 0.265614
vt 0.125000 0.235177
vt 0.000000 0.273224
vt 0.000000 0.303661
vt 0.125000 0.296052
vt 0.125000 0.265614
vt 0.000000 0.303661
vt 0.000000 0.335069
vt 0.125000 0.327217
vt 0.125000 0.296052
vt 0.000000 0.335069
vt 0.000000 0.366733
vt 0.125000 0.358817
vt 0.125000 0.327217
vt 0.000000 0.366733
vt 0.000000 0.398396
vt 0.125000 0.390480
vt 0.125000 0.358817
vt 0.000000 0.398396
vt 0.000000 0.430059
vt 0.125000 0.422143
vt 0.125000 0.390480
vt 0.000000 0.430059
vt 0.000000 0.461723
vt 0.125000 0.453807
vt 0.125000 0.422143
vt 0.000000 0.461723
vt 0.000000 0.493386
vt 0.125000 0.485470
vt 0.125000 0.453807
vt 0.000000 0.493386
vt 0.000000 0.525049
vt 0.125000 0.517134
vt 0.125000 0.485470
vt 0.000000 0.525049
vt 0.000000 0.556713
vt 0.125000 0.548797
vt 0.125000 0.517134
vt 0.000000 0.556713
vt 0.000000 0.588376
vt 0.125000 0.580460
vt 0.125000 0.548797
vt 0.000000 0.588376
vt 0.000000 0.620040
vt 0.125000 0.612124
vt 0.125000 0.580460
vt 0.000000 0.620040
vt 0.000000 0.651703
vt 0.125000 0.643787
vt 0.125000 0.612124
vt 0.000000 0.651703
vt 0.000000 0.683366
vt 0.125000 0.675450
vt 0.125000 0.643787
vt 0.000000 0.683366
vt 0.000000 0.715030
vt 0.125000 0.707114
vt 0.125000 0.675450
vt 0.000000 0.715030
vt 0.000000 0.746693
vt 0.125000 0.738777
vt 0.125000 0.707114
vt 0.000000 0.746693
vt 0.000000 0.778356
vt 0.125000 0.770441
vt 0.125000 0.738777
vt 0.000000 0.778356
vt 0.000000 0.810020
vt 0.125000 0.802104
vt 0.125000 0.770441
vt 0.000000 0.810020
vt 0.000000 0.841683
vt 0.125000 0.833767
vt 0.125000 0.802104
vt 0.000000 0.841683
vt 0.000000 0.873347
vt 0.125000 0.865431
vt 0.125000 0.833767
vt 0.000000 0.873347
vt 0.000000 0.905010
vt 0.125000 0.897094
vt 0.125000 0.865431
vt 0.000000 0.905010
vt 0.000000 0.936673
vt 0.125000 0.928757
vt 0.125000 0.897094
vt 0.000000 0.936673
vt 0.000000 0.968337
vt 0.125000 0.960421
vt 0.125000 0.928757
vt 0.000000 0.968337
vt 0.000000 1.000000
vt 0.125000 0.992084
vt 0.125000 0.960421
vt 0.000000 1.000000
vt 0.500000 1.000000
vt 0.375000 0.992084
vt 0.125000 0.992084
vt 0.500000 1.000000
vt 1.000000 1.000000
vt 0.875000 0.992084
vt 0.375000 0.992084
vt 1.000000 0.060000
vt 1.000000 0.030080
vt 0.833333 0.025067
vt 0.875000 0.052520
vt 1.000000 0.090599
vt 1.000000 0.060000
vt 0.875000 0.052520
vt 0.875000 0.082949
vt 1.000000 0.121036
vt 1.000000 0.090599
vt 0.875000 0.082949
vt 0.875000 0.113427
vt 1.000000 0.151474
vt 1.000000 0.121036
vt 0.875000 0.113427
vt 0.875000 0.143865
vt 1.000000 0.181911
vt 1.000000 0.151474
vt 0.875000 0.143865
vt 0.875000 0.174302
vt 1.000000 0.212349
vt 1.000000 0.181911
vt 0.875000 0.174302
vt 0.875000 0.204739
vt 1.000000 0.242786
vt 1.000000 0.212349
vt 0.875000 0.204739
vt 0.875000 0.235177
vt 1.000000 0.273224
vt 1.000000 0.242786
vt 0.875000 0.235177
vt 0.875000 0.265614
vt 1.000000 0.303661
vt 1.000000 0.273224
vt 0.875000 0.265614
vt 0.875000 0.296052
vt 1.000000 0.335069
vt 1.000000 0.303661
vt 0.875000 0.296052
vt 0.875000 0.327217
vt 1.000000 0.366733
vt 1.000000 0.335069
vt 0.875000 0.327217
vt 0.875000 0.358817
vt 1.000000 0.398396
vt 1.000000 0.366733
vt 0.875000 0.358817
vt 0.875000 0.390480
vt 1.000000 0.430059
vt 1.000000 0.398396
vt 0.875000 0.390480
vt 0.875000 0.422143
vt 1.000000 0.461723
vt 1.000000 0.430059
vt 0.875000 0.422143
vt 0.875000 0.453807
vt 1.000000 0.493386
vt 1.000000 0.461723
vt 0.875000 0.453807
vt 0.875000 0.485470
vt 1.000000 0.525049
vt 1.000000 0.493386
vt 0.875000 0.485470
vt 0.875000 0.517134
vt 1.000000 0.556713
vt 1.000000 0.525049
vt 0.875000 0.517134
vt 0.875000 0.548797
vt 1.000000 0.588376
vt 1.000000 0.556713
vt 0.875000 0.548797
vt 0.875000 0.580460
vt 1.000000 0.620040
vt 1.000000 0.588376
vt 0.875000 0.580460
vt 0.875000 0.612124
vt 1.000000 0.651703
vt 1.000000 0.620040
vt 0.875000 0.612124
vt 0.875000 0.643787
vt 1.000000 0.683366
vt 1.000000 0.651703
vt 0.875000 0.643787
vt 0.875000 0.675450
vt 1.000000 0.715030
vt 1.000000 0.683366
vt 0.875000 0.675450
vt 0.875000 0.707114
vt 1.000000 0.746693
vt 1.000000 0.715030
vt 0.875000 0.707114
vt 0.875000 0.738777
vt 1.000000 0.778356
vt 1.000000 0.746693
vt 0.875000 0.738777
vt 0.875000 0.770441
vt 1.000000 0.810020
vt 1.000000 0.778356
vt 0.875000 0.770441
vt 0.875000 0.802104
vt 1.000000 0.841683
vt 1.000000 0.810020
vt 0.875000 0.802104
vt 0.875000 0.833767
vt 1.000000 0.873347
vt 1.000000 0.841683
vt 0.875000 0.833767
vt 0.875000 0.865431
vt 1.000000 0.905010
vt 1.000000 0.873347
vt 0.875000 0.865431
vt 0.875000 0.897094
vt 1.000000 0.936673
vt 1.000000 0.905010
vt 0.875000 0.897094
vt 0.875000 0.928757
vt 1.000000 0.968337
vt 1.000000 0.936673
vt 0.875000 0.928757
vt 0.875000 0.960421
vt 1.000000 1.000000
vt 1.000000 0.968337
vt 0.875000 0.960421
vt 0.875000 0.992084
vt 0.000000 0.060000
vt 0.000000 0.030080
vt 0.083333 0.025067
vt 0.125000 0.052520
vt 0.000000 0.090599
vt 0.000000 0.060000
vt 0.125000 0.052520
vt 0.125000 0.082949
vt 0.000000 0.121036
vt 0.000000 0.090599
vt 0.125000 0.082949
vt 0.125000 0.113427
vt 0.000000 0.151474
vt 0.000000 0.121036
vt 0.125000 0.113427
vt 0.125000 0.143865
vt 0.000000 0.181911
vt 0.000000 0.151474
vt 0.125000 0.143865
vt 0.125000 0.174302
vt 0.000000 0.212349
vt 0.000000 0.181911
vt 0.125000 0.174302
vt 0.125000 0.204739
vt 0.000000 0.242786
vt 0.000000 0.212349
vt 0.125000 0.204739
vt 0.125000 0.235177
vt 0.000000 0.273224
vt 0.000000 0.242786
vt 0.125000 0.235177
vt 0.125000 0.265614
vt 0.000000 0.303661
vt 0.000000 0.273224
vt 0.125000 0.265614
vt 0.125000 0.296052
vt 0.000000 0.335069
vt 0.000000 0.303661
vt 0.125000 0.296052
vt 0.125000 0.327217
vt 0.000000 0.366733
vt 0.000000 0.335069
vt 0.125000 0.327217
vt 0.125000 0.358817
vt 0.000000 0.398396
vt 0.000000 0.366733
vt 0.125000 0.358817
vt 0.125000 0.390480
vt 0.000000 0.430059
vt 0.000000 0.398396
vt 0.125000 0.390480
vt 0.125000 0.422143
vt 0.000000 0.461723
vt 0.000000 0.430059
vt 0.125000 0.422143
vt 0.125000 0.453807
vt 0.000000 0.493386
vt 0.000000 0.461723
vt 0.125000 0.453807
vt 0.125000 0.485470
vt 0.000000 0.525049
vt 0.000000 0.493386
vt 0.125000 0.485470
vt 0.125000 0.517134
vt 0.000000 0.556713
vt 0.000000 0.525049
vt 0.125000 0.517134
vt 0.125000 0.548797
vt 0.000000 0.588376
vt 0.000000 0.556713
vt 0.125000 0.548797
vt 0.125000 0.580460
vt 0.000000 0.620040
vt 0.000000 0.588376
vt 0.125000 0.580460
vt 0.125000 0.612124
vt 0.000000 0.651703
vt 0.000000 0.620040
vt 0.125000 0.612124
vt 0.125000 0.643787
vt 0.000000 0.683366
vt 0.000000 0.651703
vt 0.125000 0.643787
vt 0.125000 0.675450
vt 0.000000 0.715030
vt 0.000000 0.683366
vt 0.125000 0.675450
vt 0.125000 0.707114
vt 0.000000 0.746693
vt 0.000000 0.715030
vt 0.125000 0.707114
vt 0.125000 0.738777
vt 0.000000 0.778356
vt 0.000000 0.746693
vt 0.125000 0.738777
vt 0.125000 0.770441
vt 0.000000 0.810020
vt 0.000000 0.778356
vt 0.125000 0.770441
vt 0.125000 0.802104
vt 0.000000 0.841683
vt 0.000000 0.810020
vt 0.125000 0.802104
vt 0.125000 0.833767
vt 0.000000 0.873347
vt 0.000000 0.841683
vt 0.125000 0.833767
vt 0.125000 0.865431
vt 0.000000 0.905010
vt 0.000000 0.873347
vt 0.125000 0.865431
vt 0.125000 0.897094
vt 0.000000 0.936673
vt 0.000000 0.905010
vt 0.125000 0.897094
vt 0.125000 0.928757
vt 0.000000 0.968337
vt 0.000000 0.936673
vt 0.125000 0.928757
vt 0.125000 0.960421
vt 0.000000 1.000000
vt 0.000000 0.968337
vt 0.125000 0.960421
vt 0.125000 0.992084
vt 0.500000 1.000000
vt 0.000000 1.000000
vt 0.125000 0.992084
vt 0.375000 0.992084
vt 1.000000 1.000000
vt 0.500000 1.000000
vt 0.375000 0.992084
vt 0.875000 0.992084
vt 1.000000 0.030080
vt 1.000000 0.060000
vt 0.875000 0.052520
vt 0.833333 0.025067
vt 1.000000 0.060000
vt 1.000000 0.090599
vt 0.875000 0.082949
vt 0.875000 0.052520
vt 1.000000 0.090599
vt 1.000000 0.121036
vt 0.875000 0.113427
vt 0.875000 0.082949
vt 1.000000 0.121036
vt 1.000000 0.151474
vt 0.875000 0.143865
vt 0.875000 0.113427
vt 1.000000 0.151474
vt 1.000000 0.181911
vt 0.875000 0.174302
vt 0.875000 0.143865
vt 1.000000 0.181911
vt 1.000000 0.212349
vt 0.875000 0.204739
vt 0.875000 0.174302
vt 1.000000 0.212349
vt 1.000000 0.242786
vt 0.875000 0.235177
vt 0.875000 0.204739
vt 1.000000 0.242786
vt 1.000000 0.273224
vt 0.875000 0.265614
vt 0.875000 0.235177
vt 1.000000 0.273224
vt 1.000000 0.303661
vt 0.875000 0.296052
vt 0.875000 0.265614
vt 1.000000 0.303661
vt 1.000000 0.335069
vt 0.875000 0.327217
vt 0.875000 0.296052
vt 1.000000 0.335069
vt 1.000000 0.366733
vt 0.875000 0.358817
vt 0.875000 0.327217
vt 1.000000 0.366733
vt 1.000000 0.398396
vt 0.875000 0.390480
vt 0.875000 0.358817
vt 1.000000 0.398396
vt 1.000000 0.430059
vt 0.875000 0.422143
vt 0.875000 0.390480
vt 1.000000 0.430059
vt 1.000000 0.461723
vt 0.875000 0.453807
vt 0.875000 0.422143
vt 1.000000 0.461723
vt 1.000000 0.493386
vt 0.875000 0.485470
vt 0.875000 0.453807
vt 1.000000 0.493386
vt 1.000000 0.525049
vt 0.875000 0.517134
vt 0.875000 0.485470
vt 1.000000 0.525049
vt 1.000000 0.556713
vt 0.875000 0.548797
vt 0.875000 0.517134
vt 1.000000 0.556713
vt 1.000000 0.588376
vt 0.875000 0.580460
vt 0.875000 0.548797
vt 1.000000 0.588376
vt 1.000000 0.620040
vt 0.875000 0.612124
vt 0.875000 0.580460
vt 1.000000 0.620040
vt 1.000000 0.651703
vt 0.875000 0.643787
vt 0.875000 0.612124
vt 1.000000 0.651703
vt 1.000000 0.683366
vt 0.875000 0.675450
vt 0.875000 0.643787
vt 1.000000 0.683366
vt 1.000000 0.715030
vt 0.875000 0.707114
vt 0.875000 0.675450
vt 1.000000 0.715030
vt 1.000000 0.746693
vt 0.875000 0.738777
vt 0.875000 0.707114
vt 1.000000 0.746693
vt 1.000000 0.778356
vt 0.875000 0.770441
vt 0.875000 0.738777
vt 1.000000 0.778356
vt 1.000000 0.810020
vt 0.875000 0.802104
vt 0.875000 0.770441
vt 1.000000 0.810020
vt 1.000000 0.841683
vt 0.875000 0.833767
vt 0.875000 0.802104
vt 1.000000 0.841683
vt 1.000000 0.873347
vt 0.875000 0.865431
vt 0.875000 0.833767
vt 1.000000 0.873347
vt 1.000000 0.905010
vt 0.875000 0.897094
vt 0.875000 0.865431
vt 1.000000 0.905010
vt 1.000000 0.936673
vt 0.875000 0.928757
vt 0.875000 0.897094
vt 1.000000 0.936673
vt 1.000000 0.968337
vt 0.875000 0.960421
vt 0.875000 0.928757
vt 1.000000 0.968337
vt 1.000000 1.000000
vt 0.875000 0.992084
vt 0.875000 0.960421
vt 0.000000 0.060000
vt 0.000000 0.030080
vt 0.083333 0.025067
vt 0.125000 0.052520
vt 0.000000 0.090599
vt 0.000000 0.060000
vt 0.125000 0.052520
vt 0.125000 0.082949
vt 0.000000 0.121036
vt 0.000000 0.090599
vt 0.125000 0.082949
vt 0.125000 0.113427
vt 0.000000 0.151474
vt 0.000000 0.121036
vt 0.125000 0.113427
vt 0.125000 0.143865
vt 0.000000 0.181911
vt 0.000000 0.151474
vt 0.125000 0.143865
vt 0.125000 0.174302
vt 0.000000 0.212349
vt 0.000000 0.181911
vt 0.125000 0.174302
vt 0.125000 0.204739
vt 0.000000 0.242786
vt 0.000000 0.212349
vt 0.125000 0.204739
vt 0.125000 0.235177
vt 0.000000 0.273224
vt 0.000000 0.242786
vt 0.125000 0.235177
vt 0.125000 0.265614
vt 0.000000 0.303661
vt 0.000000 0.273224
vt 0.125000 0.265614
vt 0.125000 0.296052
vt 0.000000 0.335069
vt 0.000000 0.303661
vt 0.125000 0.296052
vt 0.125000 0.327217
vt 0.000000 0.366733
vt 0.000000 0.335069
vt 0.125000 0.327217
vt 0.125000 0.358817
vt 0.000000 0.398396
vt 0.000000 0.366733
vt 0.125000 0.358817
vt 0.125000 0.390480
vt 0.000000 0.430059
vt 0.000000 0.398396
vt 0.125000 0.390480
vt 0.125000 0.422143
vt 0.000000 0.461723
vt 0.000000 0.430059
vt 0.125000 0.422143
vt 0.125000 0.453807
vt 0.000000 0.493386
vt 0.000000 0.461723
vt 0.125000 0.453807
vt 0.125000 0.485470
vt 0.000000 0.525049
vt 0.000000 0.493386
vt 0.125000 0.485470
vt 0.125000 0.517134
vt 0.000000 0.556713
vt 0.000000 0.525049
vt 0.125000 0.517134
vt 0.125000 0.548797
vt 0.000000 0.588376
vt 0.000000 0.556713
vt 0.125000 0.548797
vt 0.125000 0.580460
vt 0.000000 0.620040
vt 0.000000 0.588376
vt 0.125000 0.580460
vt 0.125000 0.612124
vt 0.000000 0.651703
vt 0.000000 0.620040
vt 0.125000 0.612124
vt 0.125000 0.643787
vt 0.000000 0.683366
vt 0.000000 0.651703
vt 0.125000 0.643787
vt 0.125000 0.675450
vt 0.000000 0.715030
vt 0.000000 0.683366
vt 0.125000 0.675450
vt 0.125000 0.707114
vt 0.000000 0.746693
vt 0.000000 0.715030
vt 0.125000 0.707114
vt 0.125000 0.738777
vt 0.000000 0.778356
vt 0.000000 0.746693
vt 0.125000 0.738777
vt 0.125000 0.770441
vt 0.000000 0.810020
vt 0.000000 0.778356
vt 0.125000 0.770441
vt 0.125000 0.802104
vt 0.000000 0.841683
vt 0.000000 0.810020
vt 0.125000 0.802104
vt 0.125000 0.833767
vt 0.000000 0.873347
vt 0.000000 0.841683
vt 0.125000 0.833767
vt 0.125000 0.865431
vt 0.000000 0.905010
vt 0.000000 0.873347
vt 0.125000 0.865431
vt 0.125000 0.897094
vt 0.000000 0.936673
vt 0.000000 0.905010
vt 0.125000 0.897094
vt 0.125000 0.928757
vt 0.000000 0.968337
vt 0.000000 0.936673
vt 0.125000 0.928757
vt 0.125000 0.960421
vt 0.000000 1.000000
vt 0.000000 0.968337
vt 0.125000 0.960421
vt 0.125000 0.992084
vt 0.000000 0.968337
vt 0.000000 1.000000
vt 0.125000 0.992084
vt 0.125000 0.960421
vt 1.000000 0.030080
vt 1.000000 0.060000
vt 0.875000 0.052520
vt 0.833333 0.025067
vt 1.000000 0.060000
vt 1.000000 0.090599
vt 0.875000 0.082949
vt 0.875000 0.052520
vt 1.000000 0.090599
vt 1.000000 0.121036
vt 0.875000 0.113427
vt 0.875000 0.082949
vt 1.000000 0.121036
vt 1.000000 0.151474
vt 0.875000 0.143865
vt 0.875000 0.113427
vt 1.000000 0.151474
vt 1.000000 0.181911
vt 0.875000 0.174302
vt 0.875000 0.143865
vt 1.000000 0.181911
vt 1.000000 0.212349
vt 0.875000 0.204739
vt 0.875000 0.174302
vt 1.000000 0.212349
vt 1.000000 0.242786
vt 0.875000 0.235177
vt 0.875000 0.204739
vt 1.000000 0.242786
vt 1.000000 0.273224
vt 0.875000 0.265614
vt 0.875000 0.235177
vt 1.000000 0.273224
vt 1.000000 0.303661
vt 0.875000 0.296052
vt 0.875000 0.265614
vt 1.000000 0.303661
vt 1.000000 0.335069
vt 0.875000 0.327217
vt 0.875000 0.296052
vt 1.000000 0.335069
vt 1.000000 0.366733
vt 0.875000 0.358817
vt 0.875000 0.327217
vt 1.000000 0.366733
vt 1.000000 0.398396
vt 0.875000 0.390480
vt 0.875000 0.358817
vt 1.000000 0.398396
vt 1.000000 0.430059
vt 0.875000 0.422143
vt 0.875000 0.390480
vt 1.000000 0.430059
vt 1.000000 0.461723
vt 0.875000 0.453807
vt 0.875000 0.422143
vt 1.000000 0.461723
vt 1.000000 0.493386
vt 0.875000 0.485470
vt 0.875000 0.453807
vt 1.000000 0.493386
vt 1.000000 0.525049
vt 0.875000 0.517134
vt 0.875000 0.485470
vt 1.000000 0.525049
vt 1.000000 0.556713
vt 0.875000 0.548797
vt 0.875000 0.517134
vt 1.000000 0.556713
vt 1.000000 0.588376
vt 0.875000 0.580460
vt 0.875000 0.548797
vt 1.000000 0.588376
vt 1.000000 0.620040
vt 0.875000 0.612124
vt 0.875000 0.580460
vt 1.000000 0.620040
vt 1.000000 0.651703
vt 0.875000 0.643787
vt 0.875000 0.612124
vt 1.000000 0.651703
vt 1.000000 0.683366
vt 0.875000 0.675450
vt 0.875000 0.643787
vt 1.000000 0.683366
vt 1.000000 0.715030
vt 0.875000 0.707114
vt 0.875000 0.675450
vt 1.000000 0.715030
vt 1.000000 0.746693
vt 0.875000 0.738777
vt 0.875000 0.707114
vt 1.000000 0.746693
vt 1.000000 0.778356
vt 0.875000 0.770441
vt 0.875000 0.738777
vt 1.000000 0.778356
vt 1.000000 0.810020
vt 0.875000 0.802104
vt 0.875000 0.770441
vt 1.000000 0.810020
vt 1.000000 0.841683
vt 0.875000 0.833767
vt 0.875000 0.802104
vt 1.000000 0.841683
vt 1.000000 0.873347
vt 0.875000 0.865431
vt 0.875000 0.833767
vt 1.000000 0.873347
vt 1.000000 0.905010
vt 0.875000 0.897094
vt 0.875000 0.865431
vt 1.000000 0.905010
vt 1.000000 0.936673
vt 0.875000 0.928757
vt 0.875000 0.897094
vt 1.000000 0.936673
vt 1.000000 0.968337
vt 0.875000 0.960421
vt 0.875000 0.928757
vt 1.000000 0.968337
vt 1.000000 1.000000
vt 0.875000 0.992084
vt 0.875000 0.960421
vt 1.000000 1.000000
vt 1.000000 0.968337
vt 0.875000 0.960421
vt 0.875000 0.992084
vt 0.000000 0.030080
vt 0.000000 0.060000
vt 0.125000 0.052520
vt 0.083333 0.025067
vt 0.000000 0.060000
vt 0.000000 0.090599
vt 0.125000 0.082949
vt 0.125000 0.052520
vt 0.000000 0.090599
vt 0.000000 0.121036
vt 0.125000 0.113427
vt 0.125000 0.082949
vt 0.000000 0.121036
vt 0.000000 0.151474
vt 0.125000 0.143865
vt 0.125000 0.113427
vt 0.000000 0.151474
vt 0.000000 0.181911
vt 0.125000 0.174302
vt 0.125000 0.143865
vt 0.000000 0.181911
vt 0.000000 0.212349
vt 0.125000 0.204739
vt 0.125000 0.174302
vt 0.000000 0.212349
vt 0.000000 0.242786
vt 0.125000 0.235177
vt 0.125000 0.204739
vt 0.000000 0.242786
vt 0.000000 0.273224
vt 0.125000 0.265614
vt 0.125000 0.235177
vt 0.000000 0.273224
vt 0.000000 0.303661
vt 0.125000 0.296052
vt 0.125000 0.265614
vt 0.000000 0.303661
vt 0.000000 0.335069
vt 0.125000 0.327217
vt 0.125000 0.296052
vt 0.000000 0.335069
vt 0.000000 0.366733
vt 0.125000 0.358817
vt 0.125000 0.327217
vt 0.000000 0.366733
vt 0.000000 0.398396
vt 0.125000 0.390480
vt 0.125000 0.358817
vt 0.000000 0.398396
vt 0.000000 0.430059
vt 0.125000 0.422143
vt 0.125000 0.390480
vt 0.000000 0.430059
vt 0.000000 0.461723
vt 0.125000 0.453807
vt 0.125000 0.422143
vt 0.000000 0.461723
vt 0.000000 0.493386
vt 0.125000 0.485470
vt 0.125000 0.453807
vt 0.000000 0.493386
vt 0.000000 0.525049
vt 0.125000 0.517134
vt 0.125000 0.485470
vt 0.000000 0.525049
vt 0.000000 0.556713
vt 0.125000 0.548797
vt 0.125000 0.517134
vt 0.000000 0.556713
vt 0.000000 0.588376
vt 0.125000 0.580460
vt 0.125000 0.548797
vt 0.000000 0.588376
vt 0.000000 0.620040
vt 0.125000 0.612124
vt 0.125000 0.580460
vt 0.000000 0.620040
vt 0.000000 0.651703
vt 0.125000 0.643787
vt 0.125000 0.612124
vt 0.000000 0.651703
vt 0.000000 0.683366
vt 0.125000 0.675450
vt 0.125000 0.643787
vt 0.000000 0.683366
vt 0.000000 0.715030
vt 0.125000 0.707114
vt 0.125000 0.675450
vt 0.000000 0.715030
vt 0.000000 0.746693
vt 0.125000 0.738777
vt 0.125000 0.707114
vt 0.000000 0.746693
vt 0.000000 0.778356
vt 0.125000 0.770441
vt 0.125000 0.738777
vt 0.000000 0.778356
vt 0.000000 0.810020
vt 0.125000 0.802104
vt 0.125000 0.770441
vt 0.000000 0.810020
vt 0.000000 0.841683
vt 0.125000 0.833767
vt 0.125000 0.802104
vt 0.000000 0.841683
vt 0.000000 0.873347
vt 0.125000 0.865431
vt 0.125000 0.833767
vt 0.000000 0.873347
vt 0.000000 0.905010
vt 0.125000 0.897094
vt 0.125000 0.865431
vt 0.000000 0.905010
vt 0.000000 0.936673
vt 0.125000 0.928757
vt 0.125000 0.897094
vt 0.000000 0.936673
vt 0.000000 0.968337
vt 0.125000 0.960421
vt 0.125000 0.928757
vt 1.000000 0.060000
vt 1.000000 0.030080
vt 0.833333 0.025067
vt 0.875000 0.052520
vt 1.000000 0.090599
vt 1.000000 0.060000
vt 0.875000 0.052520
vt 0.875000 0.082949
vt 1.000000 0.121036
vt 1.000000 0.090599
vt 0.875000 0.082949
vt 0.875000 0.113427
vt 1.000000 0.151474
vt 1.000000 0.121036
vt 0.875000 0.113427
vt 0.875000 0.143865
vt 1.000000 0.181911
vt 1.000000 0.151474
vt 0.875000 0.143865
vt 0.875000 0.174302
vt 1.000000 0.212349
vt 1.000000 0.181911
vt 0.875000 0.174302
vt 0.875000 0.204739
vt 1.000000 0.242786
vt 1.000000 0.212349
vt 0.875000 0.204739
vt 0.875000 0.235177
vt 1.000000 0.273224
vt 1.000000 0.242786
vt 0.875000 0.235177
vt 0.875000 0.265614
vt 1.000000 0.303661
vt 1.000000 0.273224
vt 0.875000 0.265614
vt 0.875000 0.296052
vt 1.000000 0.335069
vt 1.000000 0.303661
vt 0.875000 0.296052
vt 0.875000 0.327217
vt 1.000000 0.366733
vt 1.000000 0.335069
vt 0.875000 0.327217
vt 0.875000 0.358817
vt 1.000000 0.398396
vt 1.000000 0.366733
vt 0.875000 0.358817
vt 0.875000 0.390480
vt 1.000000 0.430059
vt 1.000000 0.398396
vt 0.875000 0.390480
vt 0.875000 0.422143
vt 1.000000 0.461723
vt 1.000000 0.430059
vt 0.875000 0.422143
vt 0.875000 0.453807
vt 1.000000 0.493386
vt 1.000000 0.461723
vt 0.875000 0.453807
vt 0.875000 0.485470
vt 1.000000 0.525049
vt 1.000000 0.493386
vt 0.875000 0.485470
vt 0.875000 0.517134
vt 1.000000 0.556713
vt 1.000000 0.525049
vt 0.875000 0.517134
vt 0.875000 0.548797
vt 1.000000 0.588376
vt 1.000000 0.556713
vt 0.875000 0.548797
vt 0.875000 0.580460
vt 1.000000 0.620040
vt 1.000000 0.588376
vt 0.875000 0.580460
vt 0.875000 0.612124
vt 1.000000 0.651703
vt 1.000000 0.620040
vt 0.875000 0.612124
vt 0.875000 0.643787
vt 1.000000 0.683366
vt 1.000000 0.651703
vt 0.875000 0.643787
vt 0.875000 0.675450
vt 1.000000 0.715030
vt 1.000000 0.683366
vt 0.875000 0.675450
vt 0.875000 0.707114
vt 1.000000 0.746693
vt 1.000000 0.715030
vt 0.875000 0.707114
vt 0.875000 0.738777
vt 1.000000 0.778356
vt 1.000000 0.746693
vt 0.875000 0.738777
vt 0.875000 0.770441
vt 1.000000 0.810020
vt 1.000000 0.778356
vt 0.875000 0.770441
vt 0.875000 0.802104
vt 1.000000 0.841683
vt 1.000000 0.810020
vt 0.875000 0.802104
vt 0.875000 0.833767
vt 1.000000 0.873347
vt 1.000000 0.841683
vt 0.875000 0.833767
vt 0.875000 0.865431
vt 1.000000 0.905010
vt 1.000000 0.873347
vt 0.875000 0.865431
vt 0.875000 0.897094
vt 1.000000 0.936673
vt 1.000000 0.905010
vt 0.875000 0.897094
vt 0.875000 0.928757
vt 1.000000 0.968337
vt 1.000000 0.936673
vt 0.875000 0.928757
vt 0.875000 0.960421
vn 1.000000 0.000000 0.000000
vn 1.000000 0.000000 0.000000
vn 1.000000 0.000000 0.000000
vn 1.000000 -0.000000 -0.000000
vn 1.000000 0.000000 0.000000
vn 1.000000 0.000000 0.000000
vn 1.000000 0.000000 0.000000
vn 1.000000 0.000000 0.000000
vn 1.000000 -0.000000 -0.000000
vn 1.000000 0.000000 0.000000
vn 1.000000 0.000000 0.000000
vn 1.000000 0.000000 0.000000
vn 1.000000 -0.000000 -0.000000
vn 1.000000 -0.000000 -0.000000
vn 1.000000 0.000000 0.000000
vn 1.000000 0.000000 0.000000
vn 1.000000 0.000000 0.000000
vn 1.000000 0.000000 0.000000
vn 1.000000 0.000000 0.000000
vn 1.000000 0.000000 0.000000
vn 1.000000 -0.000000 -0.000000
vn 1.000000 -0.000000 -0.000000
vn 1.000000 0.000000 0.000000
vn 1.000000 0.000000 0.000000
vn 1.000000 0.000000 0.000000
vn 1.000000 -0.000000 -0.000000
vn 1.000000 0.000000 0.000000
vn 1.000000 0.000000 0.000000
vn 1.000000 0.000000 0.000000
vn 1.000000 0.000000 0.000000
vn 1.000000 0.000000 0.000000
vn 1.000000 0.000000 0.000000
vn 1.000000 -0.000000 -0.000000
vn 1.000000 0.000000 0.000000
vn 1.000000 0.000000 0.000000
vn 1.000000 0.000000 0.000000
vn 1.000000 -0.000000 -0.000000
vn 1.000000 -0.000000 -0.000000
vn 1.000000 0.000000 0.000000
vn 1.000000 0.000000 0.000000
vn 1.000000 0.000000 0.000000
vn 1.000000 0.000000 0.000000
vn 1.000000 0.000000 0.000000
vn 1.000000 0.000000 0.000000
vn 1.000000 0.000000 0.000000
vn 1.000000 0.000000 0.000000
vn 1.000000 0.000000 0.000000
vn 1.000000 0.000000 0.000000
vn 1.000000 -0.000000 -0.000000
vn 1.000000 -0.000000 -0.000000
vn 1.000000 0.000000 0.000000
vn 1.000000 0.000000 0.000000
vn 1.000000 0.000000 0.000000
vn 1.000000 -0.000000 -0.000000
vn 1.000000 0.000000 0.000000
vn 1.000000 0.000000 0.000000
vn 1.000000 0.000000 0.000000
vn 1.000000 -0.000000 -0.000000
vn 1.000000 0.000000 0.000000
vn 1.000000 0.000000 0.000000
vn 1.000000 0.000000 0.000000
vn 1.000000 0.000000 0.000000
vn 1.000000 0.000000 0.000000
vn 1.000000 0.000000 0.000000
vn 1.000000 -0.000000 -0.000000
vn 1.000000 -0.000000 -0.000000
vn 1.000000 0.000000 0.000000
vn 1.000000 0.000000 0.000000
vn 1.000000 -0.000000 -0.000000
vn 1.000000 -0.000000 -0.000000
vn 1.000000 0.000000 0.000000
vn 1.000000 0.000000 0.000000
vn 1.000000 -0.000000 -0.000000
vn 1.000000 -0.000000 -0.000000
vn 1.000000 0.000000 0.000000
vn 1.000000 0.000000 0.000000
vn 1.000000 0.000000 0.000000
vn 1.000000 -0.000000 -0.000000
vn 1.000000 0.000000 0.000000
vn 1.000000 0.000000 0.000000
vn 1.000000 0.000000 0.000000
vn 1.000000 -0.000000 -0.000000
vn 1.000000 0.000000 0.000000
vn 1.000000 0.000000 0.000000
vn 1.000000 -0.000000 -0.000000
vn 1.000000 -0.000000 -0.000000
vn 1.000000 0.000000 0.000000
vn 1.000000 0.000000 0.000000
vn 1.000000 0.000000 0.000000
vn 1.000000 0.000000 0.000000
vn 1.000000 0.000000 0.000000
vn 1.000000 -0.000000 -0.000000
vn 1.000000 0.000000 0.000000
vn 1.000000 -0.000000 -0.000000
vn 1.000000 0.000000 0.000000
vn 1.000000 0.000000 0.000000
vn 1.000000 0.000000 0.000000
vn 1.000000 -0.000000 -0.000000
vn 1.000000 0.000000 0.000000
vn 1.000000 -0.000000 -0.000000
vn 1.000000 0.000000 0.000000
vn 1.000000 0.000000 0.000000
vn 1.000000 0.000000 0.000000
vn 1.000000 0.000000 0.000000
vn 1.000000 0.000000 0.000000
vn 1.000000 0.000000 0.000000
vn 1.000000 0.000000 0.000000
vn 1.000000 -0.000000 -0.000000
vn 1.000000 0.000000 0.000000
vn 1.000000 -0.000000 -0.000000
vn 1.000000 0.000000 0.000000
vn 1.000000 0.000000 0.000000
vn 1.000000 0.000000 0.000000
vn 1.000000 0.000000 0.000000
vn 1.000000 0.000000 0.000000
vn 1.000000 0.000000 0.000000
vn 1.000000 0.000000 0.000000
vn 1.000000 0.000000 0.000000
vn 1.000000 0.000000 0.000000
vn 1.000000 -0.000000 -0.000000
vn 1.000000 0.000000 0.000000
vn 1.000000 -0.000000 -0.000000
vn 1.000000 0.000000 0.000000
vn 1.000000 -0.000000 -0.000000
vn 1.000000 0.000000 0.000000
vn 1.000000 -0.000000 -0.000000
vn 1.000000 0.000000 0.000000
vn 1.000000 -0.000000 -0.000000
vn 1.000000 0.000000 0.000000
vn 1.000000 0.000000 0.000000
vn 1.000000 0.000000 0.000000
vn 1.000000 0.000000 0.000000
vn 1.000000 -0.000000 -0.000000
vn 1.000000 0.000000 0.000000
vn 1.000000 0.000000 0.000000
vn 1.000000 0.000000 0.000000
vn 1.000000 0.000000 0.000000
vn 1.000000 -0.000000 -0.000000
vn 1.000000 0.000000 0.000000
vn 1.000000 0.000000 0.000000
vn 1.000000 0.000000 0.000000
vn 1.000000 0.000000 0.000000
vn 1.000000 0.000000 0.000000
vn 1.000000 -0.000000 -0.000000
vn 1.000000 0.000000 0.000000
vn 1.000000 0.000000 0.000000
vn 1.000000 0.000000 0.000000
vn 1.000000 0.000000 0.000000
vn 1.000000 0.000000 0.000000
vn 1.000000 -0.000000 -0.000000
vn 1.000000 0.000000 0.000000
vn 1.000000 -0.000000 -0.000000
vn 1.000000 0.000000 0.000000
vn 1.000000 0.000000 0.000000
vn 1.000000 0.000000 0.000000
vn 1.000000 -0.000000 -0.000000
vn 1.000000 0.000000 0.000000
vn 1.000000 -0.000000 -0.000000
vn 1.000000 0.000000 0.000000
vn 1.000000 -0.000000 -0.000000
vn 1.000000 0.000000 0.000000
vn 1.000000 0.000000 0.000000
vn 1.000000 0.000000 0.000000
vn 1.000000 -0.000000 -0.000000
vn 1.000000 0.000000 0.000000
vn 1.000000 -0.000000 -0.000000
vn 1.000000 0.000000 0.000000
vn 1.000000 -0.000000 -0.000000
vn 1.000000 0.000000 0.000000
vn 1.000000 -0.000000 -0.000000
vn 1.000000 0.000000 0.000000
vn 1.000000 -0.000000 -0.000000
vn 1.000000 0.000000 0.000000
vn 1.000000 -0.000000 -0.000000
vn 1.000000 0.000000 0.000000
vn 1.000000 0.000000 0.000000
vn 1.000000 0.000000 0.000000
vn 1.000000 0.000000 0.000000
vn 1.000000 0.000000 0.000000
vn 1.000000 -0.000000 -0.000000
vn 1.000000 0.000000 0.000000
vn 1.000000 -0.000000 -0.000000
vn 1.000000 0.000000 0.000000
vn 1.000000 0.000000 0.000000
vn 1.000000 0.000000 0.000000
vn 1.000000 -0.000000 -0.000000
vn 1.000000 0.000000 0.000000
vn 1.000000 -0.000000 -0.000000
vn 1.000000 0.000000 0.000000
vn 1.000000 0.000000 0.000000
vn 1.000000 0.000000 0.000000
vn 1.000000 -0.000000 -0.000000
vn 1.000000 0.000000 0.000000
vn 1.000000 0.000000 0.000000
vn 1.000000 0.000000 0.000000
vn 1.000000 -0.000000 -0.000000
vn 1.000000 0.000000 0.000000
vn 1.000000 -0.000000 -0.000000
vn 1.000000 0.000000 0.000000
vn 1.000000 -0.000000 -0.000000
vn 1.000000 0.000000 0.000000
vn 1.000000 0.000000 0.000000
vn 1.000000 0.000000 0.000000
vn 1.000000 0.000000 0.000000
vn 1.000000 0.000000 0.000000
vn 1.000000 -0.000000 -0.000000
vn 1.000000 0.000000 0.000000
vn 1.000000 -0.000000 -0.000000
vn 1.000000 0.000000 0.000000
vn 1.000000 -0.000000 -0.000000
vn 1.000000 0.000000 0.000000
vn 1.000000 -0.000000 -0.000000
vn 1.000000 0.000000 0.000000
vn 1.000000 -0.000000 -0.000000
vn 1.000000 0.000000 0.000000
vn 1.000000 -0.000000 -0.000000
vn 1.000000 0.000000 0.000000
vn 1.000000 0.000000 0.000000
vn 1.000000 0.000000 0.000000
vn 1.000000 0.000000 0.000000
vn 1.000000 -0.000000 -0.000000
vn 1.000000 0.000000 0.000000
vn 1.000000 0.000000 0.000000
vn 1.000000 -0.000000 -0.000000
vn 1.000000 0.000000 0.000000
vn 1.000000 -0.000000 -0.000000
vn 1.000000 0.000000 0.000000
vn 1.000000 0.000000 0.000000
vn 1.000000 0.000000 0.000000
vn 1.000000 -0.000000 -0.000000
vn 1.000000 0.000000 0.000000
vn 1.000000 0.000000 0.000000
vn 1.000000 0.000000 0.000000
vn 1.000000 0.000000 0.000000
vn 1.000000 0.000000 0.000000
vn 1.000000 -0.000000 -0.000000
vn 1.000000 0.000000 0.000000
vn 1.000000 0.000000 0.000000
vn 1.000000 0.000000 0.000000
vn 1.000000 -0.000000 -0.000000
vn 1.000000 0.000000 0.000000
vn 1.000000 0.000000 0.000000
vn 1.000000 0.000000 0.000000
vn 1.000000 -0.000000 -0.000000
vn 1.000000 0.000000 0.000000
vn 1.000000 0.000000 0.000000
vn 1.000000 0.000000 0.000000
vn 1.000000 -0.000000 -0.000000
vn 1.000000 0.000000 0.000000
vn 1.000000 -0.000000 -0.000000
vn 1.000000 0.000000 0.000000
vn 1.000000 -0.000000 -0.000000
vn 1.000000 0.000000 0.000000
vn 1.000000 0.000000 0.000000
vn 1.000000 0.000000 0.000000
vn 1.000000 -0.000000 -0.000000
vn 1.000000 0.000000 0.000000
vn 1.000000 -0.000000 -0.000000
vn 1.000000 0.000000 0.000000
vn 1.000000 -0.000000 -0.000000
vn 1.000000 0.000000 0.000000
vn 1.000000 -0.000000 -0.000000
vn 1.000000 0.000000 0.000000
vn 1.000000 0.000000 0.000000
vn 1.000000 0.000000 0.000000
vn 1.000000 0.000000 0.000000
vn 1.000000 0.000000 0.000000
vn 1.000000 0.000000 0.000000
vn 1.000000 0.000000 0.000000
vn 1.000000 -0.000000 -0.000000
vn 1.000000 0.000000 0.000000
vn 1.000000 0.000000 0.000000
vn 1.000000 0.000000 0.000000
vn 1.000000 -0.000000 -0.000000
vn 1.000000 0.000000 0.000000
vn 1.000000 -0.000000 -0.000000
vn 1.000000 0.000000 0.000000
vn 1.000000 0.000000 0.000000
vn 1.000000 0.000000 0.000000
vn 1.000000 0.000000 0.000000
vn 1.000000 0.000000 0.000000
vn 1.000000 -0.000000 -0.000000
vn 1.000000 0.000000 0.000000
vn 1.000000 0.000000 0.000000
vn 1.000000 0.000000 0.000000
vn 1.000000 0.000000 0.000000
vn 1.000000 0.000000 0.000000
vn 1.000000 -0.000000 -0.000000
vn 1.000000 0.000000 0.000000
vn 1.000000 -0.000000 -0.000000
vn 1.000000 0.000000 0.000000
vn 1.000000 -0.000000 -0.000000
vn 1.000000 0.000000 0.000000
vn 1.000000 0.000000 0.000000
vn 1.000000 0.000000 0.000000
vn 1.000000 -0.000000 -0.000000
vn 1.000000 0.000000 0.000000
vn 1.000000 -0.000000 -0.000000
vn 1.000000 0.000000 0.000000
vn 1.000000 -0.000000 -0.000000
vn 1.000000 0.000000 0.000000
vn 1.000000 -0.000000 -0.000000
vn 1.000000 0.000000 0.000000
vn 1.000000 -0.000000 -0.000000
vn 1.000000 0.000000 0.000000
vn 1.000000 -0.000000 -0.000000
vn 1.000000 0.000000 0.000000
vn 1.000000 0.000000 0.000000
vn 1.000000 0.000000 0.000000
vn 1.000000 -0.000000 -0.000000
vn 1.000000 0.000000 0.000000
vn 1.000000 0.000000 0.000000
vn 1.000000 0.000000 0.000000
vn 1.000000 0.000000 0.000000
vn 1.000000 -0.000000 -0.000000
vn 1.000000 -0.000000 -0.000000
vn 1.000000 0.000000 0.000000
vn 1.000000 0.000000 0.000000
vn 1.000000 -0.000000 -0.000000
vn 1.000000 -0.000000 -0.000000
vn 1.000000 0.000000 0.000000
vn 1.000000 0.000000 0.000000
vn 1.000000 0.000000 0.000000
vn 1.000000 0.000000 0.000000
vn 1.000000 0.000000 0.000000
vn 1.000000 0.000000 0.000000
vn 1.000000 -0.000000 -0.000000
vn 1.000000 -0.000000 -0.000000
vn 1.000000 0.000000 0.000000
vn 1.000000 0.000000 0.000000
vn 1.000000 0.000000 0.000000
vn 1.000000 -0.000000 -0.000000
vn 1.000000 0.000000 0.000000
vn 1.000000 0.000000 0.000000
vn 1.000000 0.000000 0.000000
vn 1.000000 0.000000 0.000000
vn 1.000000 0.000000 0.000000
vn 1.000000 0.000000 0.000000
vn 1.000000 -0.000000 -0.000000
vn 1.000000 0.000000 0.000000
vn 1.000000 0.000000 0.000000
vn 1.000000 0.000000 0.000000
vn 1.000000 -0.000000 -0.000000
vn 1.000000 -0.000000 -0.000000
vn 1.000000 0.000000 0.000000
vn 1.000000 0.000000 0.000000
vn 1.000000 0.000000 0.000000
vn 1.000000 -0.000000 -0.000000
vn 1.000000 0.000000 0.000000
vn 1.000000 0.000000 0.000000
vn 1.000000 0.000000 0.000000
vn 1.000000 0.000000 0.000000
vn 1.000000 0.000000 0.000000
vn 1.000000 0.000000 0.000000
vn 1.000000 -0.000000 -0.000000
vn 1.000000 -0.000000 -0.000000
vn 1.000000 0.000000 0.000000
vn 1.000000 0.000000 0.000000
vn 1.000000 0.000000 0.000000
vn 1.000000 -0.000000 -0.000000
vn 1.000000 0.000000 0.000000
vn 1.000000 0.000000 0.000000
vn 1.000000 0.000000 0.000000
vn 1.000000 -0.000000 -0.000000
vn 1.000000 0.000000 0.000000
vn 1.000000 0.000000 0.000000
vn 1.000000 0.000000 0.000000
vn 1.000000 0.000000 0.000000
vn 1.000000 0.000000 0.000000
vn 1.000000 0.000000 0.000000
vn 1.000000 -0.000000 -0.000000
vn 1.000000 -0.000000 -0.000000
vn 1.000000 0.000000 0.000000
vn 1.000000 0.000000 0.000000
vn 1.000000 -0.000000 -0.000000
vn 1.000000 -0.000000 -0.000000
vn 1.000000 0.000000 0.000000
vn 1.000000 0.000000 0.000000
vn 1.000000 -0.000000 -0.000000
vn 1.000000 -0.000000 -0.000000
vn 1.000000 0.000000 0.000000
vn 1.000000 0.000000 0.000000
vn 1.000000 0.000000 0.000000
vn 1.000000 -0.000000 -0.000000
vn 1.000000 0.000000 0.000000
vn 1.000000 0.000000 0.000000
vn 1.000000 0.000000 0.000000
vn 1.000000 -0.000000 -0.000000
vn 1.000000 0.000000 0.000000
vn 1.000000 0.000000 0.000000
vn 1.000000 -0.000000 -0.000000
vn 1.000000 -0.000000 -0.000000
vn 1.000000 0.000000 0.000000
vn 1.000000 0.000000 0.000000
vn 1.000000 0.000000 0.000000
vn 1.000000 0.000000 0.000000
vn 1.000000 0.000000 0.000000
vn 1.000000 -0.000000 -0.000000
vn 1.000000 0.000000 0.000000
vn 1.000000 -0.000000 -0.000000
vn 1.000000 0.000000 0.000000
vn 1.000000 0.000000 0.000000
vn 1.000000 0.000000 0.000000
vn 1.000000 -0.000000 -0.000000
vn 1.000000 0.000000 0.000000
vn 1.000000 -0.000000 -0.000000
vn 1.000000 0.000000 0.000000
vn 1.000000 0.000000 0.000000
vn 1.000000 0.000000 0.000000
vn 1.000000 0.000000 0.000000
vn 1.000000 0.000000 0.000000
vn 1.000000 0.000000 0.000000
vn 1.000000 0.000000 0.000000
vn 1.000000 0.000000 0.000000
vn 1.000000 0.000000 0.000000
vn 1.000000 -0.000000 -0.000000
vn 1.000000 0.000000 0.000000
vn 1.000000 0.000000 0.000000
vn 1.000000 0.000000 0.000000
vn 1.000000 0.000000 0.000000
vn 1.000000 0.000000 0.000000
vn 1.000000 0.000000 0.000000
vn 1.000000 0.000000 0.000000
vn 1.000000 0.000000 0.000000
vn 1.000000 0.000000 0.000000
vn 1.000000 -0.000000 -0.000000
vn 1.000000 0.000000 0.000000
vn 1.000000 -0.000000 -0.000000
vn 1.000000 0.000000 0.000000
vn 1.000000 -0.000000 -0.000000
vn 1.000000 0.000000 0.000000
vn 1.000000 -0.000000 -0.000000
vn 1.000000 0.000000 0.000000
vn 1.000000 -0.000000 -0.000000
vn 1.000000 0.000000 0.000000
vn 1.000000 0.000000 0.000000
vn 1.000000 0.000000 0.000000
vn 1.000000 0.000000 0.000000
vn 1.000000 -0.000000 -0.000000
vn 1.000000 0.000000 0.000000
vn 1.000000 0.000000 0.000000
vn 1.000000 -0.000000 -0.000000
vn 1.000000 0.000000 0.000000
vn 1.000000 -0.000000 -0.000000
vn 1.000000 0.000000 0.000000
vn 1.000000 0.000000 0.000000
vn 1.000000 0.000000 0.000000
vn 1.000000 0.000000 0.000000
vn 1.000000 0.000000 0.000000
vn 1.000000 0.000000 0.000000
vn 1.000000 0.000000 0.000000
vn 1.000000 0.000000 0.000000
vn 1.000000 0.000000 0.000000
vn 1.000000 0.000000 0.000000
vn 1.000000 0.000000 0.000000
vn 1.000000 -0.000000 -0.000000
vn 1.000000 0.000000 0.000000
vn 1.000000 -0.000000 -0.000000
vn 1.000000 0.000000 0.000000
vn 1.000000 0.000000 0.000000
vn 1.000000 0.000000 0.000000
vn 1.000000 -0.000000 -0.000000
vn 1.000000 0.000000 0.000000
vn 1.000000 -0.000000 -0.000000
vn 1.000000 0.000000 0.000000
vn 1.000000 -0.000000 -0.000000
vn 1.000000 0.000000 0.000000
vn 1.000000 0.000000 0.000000
vn 1.000000 0.000000 0.000000
vn 1.000000 -0.000000 -0.000000
vn 1.000000 0.000000 0.000000
vn 1.000000 -0.000000 -0.000000
vn 1.000000 0.000000 0.000000
vn 1.000000 -0.000000 -0.000000
vn 1.000000 0.000000 0.000000
vn 1.000000 -0.000000 -0.000000
vn 1.000000 0.000000 0.000000
vn 1.000000 -0.000000 -0.000000
vn 1.000000 0.000000 0.000000
vn 1.000000 -0.000000 -0.000000
vn 1.000000 0.000000 0.000000
vn 1.000000 0.000000 0.000000
vn 1.000000 0.000000 0.000000
vn 1.000000 0.000000 0.000000
vn 1.000000 0.000000 0.000000
vn 1.000000 -0.000000 -0.000000
vn 1.000000 0.000000 0.000000
vn 1.000000 -0.000000 -0.000000
vn 1.000000 0.000000 0.000000
vn 1.000000 0.000000 0.000000
vn 1.000000 0.000000 0.000000
vn 1.000000 -0.000000 -0.000000
vn 1.000000 0.000000 0.000000
vn 1.000000 -0.000000 -0.000000
vn 1.000000 0.000000 0.000000
vn 1.000000 0.000000 0.000000
vn 1.000000 0.000000 0.000000
vn 1.000000 -0.000000 -0.000000
vn 1.000000 0.000000 0.000000
vn 1.000000 0.000000 0.000000
vn 1.000000 0.000000 0.000000
vn 1.000000 -0.000000 -0.000000
vn 1.000000 0.000000 0.000000
vn 1.000000 -0.000000 -0.000000
vn 1.000000 0.000000 0.000000
vn 1.000000 -0.000000 -0.000000
vn 1.000000 0.000000 0.000000
vn 1.000000 0.000000 0.000000
vn 1.000000 0.000000 0.000000
vn 1.000000 0.000000 0.000000
vn 1.000000 0.000000 0.000000
vn 1.000000 -0.000000 -0.000000
vn 1.000000 0.000000 0.000000
vn 1.000000 -0.000000 -0.000000
vn 1.000000 0.000000 0.000000
vn 1.000000 -0.000000 -0.000000
vn 1.000000 0.000000 0.000000
vn 1.000000 -0.000000 -0.000000
vn 1.000000 0.000000 0.000000
vn 1.000000 -0.000000 -0.000000
vn 1.000000 0.000000 0.000000
vn 1.000000 -0.000000 -0.000000
vn 1.000000 0.000000 0.000000
vn 1.000000 0.000000 0.000000
vn 1.000000 0.000000 0.000000
vn 1.000000 0.000000 0.000000
vn 1.000000 -0.000000 -0.000000
vn 1.000000 0.000000 0.000000
vn 1.000000 0.000000 0.000000
vn 1.000000 -0.000000 -0.000000
vn 1.000000 0.000000 0.000000
vn 1.000000 -0.000000 -0.000000
vn 1.000000 0.000000 0.000000
vn 1.000000 0.000000 0.000000
vn 1.000000 0.000000 0.000000
vn 1.000000 -0.000000 -0.000000
vn 1.000000 0.000000 0.000000
vn 1.000000 -0.000000 -0.000000
vn 1.000000 0.000000 0.000000
vn 1.000000 0.000000 0.000000
vn 1.000000 0.000000 0.000000
vn 1.000000 -0.000000 -0.000000
vn 1.000000 0.000000 0.000000
vn 1.000000 0.000000 0.000000
vn 1.000000 0.000000 0.000000
vn 1.000000 0.000000 0.000000
vn 1.000000 0.000000 0.000000
vn 1.000000 0.000000 0.000000
vn 1.000000 0.000000 0.000000
vn 1.000000 -0.000000 -0.000000
vn 1.000000 0.000000 0.000000
vn 1.000000 0.000000 0.000000
vn 1.000000 0.000000 0.000000
vn 1.000000 -0.000000 -0.000000
vn 1.000000 0.000000 0.000000
vn 1.000000 -0.000000 -0.000000
vn 1.000000 0.000000 0.000000
vn 1.000000 -0.000000 -0.000000
vn 1.000000 0.000000 0.000000
vn 1.000000 0.000000 0.000000
vn 1.000000 0.000000 0.000000
vn 1.000000 -0.000000 -0.000000
vn 1.000000 0.000000 0.000000
vn 1.000000 -0.000000 -0.000000
vn 1.000000 0.000000 0.000000
vn 1.000000 -0.000000 -0.000000
vn 1.000000 0.000000 0.000000
vn 1.000000 -0.000000 -0.000000
vn 1.000000 0.000000 0.000000
vn 1.000000 0.000000 0.000000
vn 1.000000 0.000000 0.000000
vn 1.000000 0.000000 0.000000
vn 1.000000 0.000000 0.000000
vn 1.000000 -0.000000 -0.000000
vn 1.000000 0.000000 0.000000
vn 1.000000 -0.000000 -0.000000
vn 1.000000 0.000000 0.000000
vn 1.000000 0.000000 0.000000
vn 1.000000 0.000000 0.000000
vn 1.000000 -0.000000 -0.000000
vn 1.000000 0.000000 0.000000
vn 1.000000 -0.000000 -0.000000
vn 1.000000 0.000000 0.000000
vn 1.000000 0.000000 0.000000
vn 1.000000 0.000000 0.000000
vn 1.000000 0.000000 0.000000
vn 1.000000 0.000000 0.000000
vn 1.000000 -0.000000 -0.000000
vn 1.000000 0.000000 0.000000
vn 1.000000 -0.000000 -0.000000
vn 1.000000 0.000000 0.000000
vn 1.000000 0.000000 0.000000
vn 1.000000 0.000000 0.000000
vn 1.000000 -0.000000 -0.000000
vn 1.000000 0.000000 0.000000
vn 1.000000 -0.000000 -0.000000
vn 1.000000 0.000000 0.000000
vn 1.000000 -0.000000 -0.000000
vn 1.000000 0.000000 0.000000
vn 1.000000 0.000000 0.000000
vn 1.000000 0.000000 0.000000
vn 1.000000 -0.000000 -0.000000
vn 1.000000 0.000000 0.000000
vn 1.000000 -0.000000 -0.000000
vn 1.000000 0.000000 0.000000
vn 1.000000 -0.000000 -0.000000
vn 1.000000 0.000000 0.000000
vn 1.000000 -0.000000 -0.000000
vn 1.000000 0.000000 0.000000
vn 1.000000 -0.000000 -0.000000
vn 1.000000 0.000000 0.000000
vn 1.000000 -0.000000 -0.000000
vn 1.000000 0.000000 0.000000
vn 1.000000 0.000000 0.000000
vn 1.000000 0.000000 0.000000
vn 1.000000 -0.000000 -0.000000
vn 1.000000 0.000000 0.000000
vn 1.000000 0.000000 0.000000
vn 1.000000 0.000000 0.000000
vn 1.000000 0.000000 0.000000
vn 1.000000 -0.000000 -0.000000
vn 1.000000 0.000000 0.000000
vn 1.000000 0.000000 0.000000
vn 1.000000 0.000000 0.000000
vn 1.000000 -0.000000 -0.000000
vn 1.000000 -0.000000 -0.000000
vn 1.000000 0.000000 0.000000
vn 1.000000 0.000000 0.000000
vn 1.000000 -0.000000 -0.000000
vn 1.000000 -0.000000 -0.000000
vn 1.000000 0.000000 0.000000
vn 1.000000 0.000000 0.000000
vn 1.000000 -0.000000 -0.000000
vn 1.000000 -0.000000 -0.000000
vn 1.000000 0.000000 0.000000
vn 1.000000 0.000000 0.000000
vn 1.000000 0.000000 0.000000
vn 1.000000 -0.000000 -0.000000
vn 1.000000 0.000000 0.000000
vn 1.000000 0.000000 0.000000
vn 1.000000 0.000000 0.000000
vn 1.000000 0.000000 0.000000
vn 1.000000 0.000000 0.000000
vn 1.000000 0.000000 0.000000
vn 1.000000 -0.000000 -0.000000
vn 1.000000 0.000000 0.000000
vn 1.000000 0.000000 0.000000
vn 1.000000 0.000000 0.000000
vn 1.000000 -0.000000 -0.000000
vn 1.000000 -0.000000 -0.000000
vn 1.000000 0.000000 0.000000
vn 1.000000 0.000000 0.000000
vn 1.000000 0.000000 0.000000
vn 1.000000 -0.000000 -0.000000
vn 1.000000 0.000000 0.000000
vn 1.000000 0.000000 0.000000
vn 1.000000 0.000000 0.000000
vn 1.000000 0.000000 0.000000
vn 1.000000 0.000000 0.000000
vn 1.000000 0.000000 0.000000
vn 1.000000 -0.000000 -0.000000
vn 1.000000 -0.000000 -0.000000
vn 1.000000 0.000000 0.000000
vn 1.000000 0.000000 0.000000
vn 1.000000 0.000000 0.000000
vn 1.000000 -0.000000 -0.000000
vn 1.000000 0.000000 0.000000
vn 1.000000 0.000000 0.000000
vn 1.000000 0.000000 0.000000
vn 1.000000 -0.000000 -0.000000
vn 1.000000 0.000000 0.000000
vn 1.000000 0.000000 0.000000
vn 1.000000 0.000000 0.000000
vn 1.000000 0.000000 0.000000
vn 1.000000 0.000000 0.000000
vn 1.000000 0.000000 0.000000
vn 1.000000 -0.000000 -0.000000
vn 1.000000 -0.000000 -0.000000
vn 1.000000 0.000000 0.000000
vn 1.000000 0.000000 0.000000
vn 1.000000 -0.000000 -0.000000
vn 1.000000 -0.000000 -0.000000
vn 1.000000 0.000000 0.000000
vn 1.000000 0.000000 0.000000
vn 1.000000 0.000000 0.000000
vn 1.000000 0.000000 0.000000
vn 1.000000 0.000000 0.000000
vn 1.000000 0.000000 0.000000
vn 1.000000 0.000000 0.000000
vn 1.000000 -0.000000 -0.000000
vn 1.000000 0.000000 0.000000
vn 1.000000 0.000000 0.000000
vn 1.000000 0.000000 0.000000
vn 1.000000 -0.000000 -0.000000
vn 1.000000 0.000000 0.000000
vn 1.000000 0.000000 0.000000
vn 1.000000 -0.000000 -0.000000
vn 1.000000 -0.000000 -0.000000
vn 1.000000 0.000000 0.000000
vn 1.000000 0.000000 0.000000
vn 1.000000 0.000000 0.000000
vn 1.000000 0.000000 0.000000
vn 1.000000 0.000000 0.000000
vn 1.000000 -0.000000 -0.000000
vn 1.000000 0.000000 0.000000
vn 1.000000 -0.000000 -0.000000
vn 1.000000 0.000000 0.000000
vn 1.000000 -0.000000 -0.000000
vn 1.000000 0.000000 0.000000
vn 1.000000 -0.000000 -0.000000
vn 1.000000 0.000000 0.000000
vn 1.000000 -0.000000 -0.000000
vn 1.000000 0.000000 0.000000
vn 1.000000 0.000000 0.000000
vn 1.000000 0.000000 0.000000
vn 1.000000 0.000000 0.000000
vn 1.000000 0.000000 0.000000
vn 1.000000 -0.000000 -0.000000
vn 1.000000 0.000000 0.000000
vn 1.000000 0.000000 0.000000
vn 1.000000 0.000000 0.000000
vn 1.000000 -0.000000 -0.000000
vn 1.000000 0.000000 0.000000
vn 1.000000 0.000000 0.000000
vn 1.000000 0.000000 0.000000
vn 1.000000 0.000000 0.000000
vn 1.000000 0.000000 0.000000
vn 1.000000 0.000000 0.000000
vn 1.000000 0.000000 0.000000
vn 1.000000 0.000000 0.000000
vn 1.000000 0.000000 0.000000
vn 1.000000 -0.000000 -0.000000
vn 1.000000 0.000000 0.000000
vn 1.000000 -0.000000 -0.000000
vn 1.000000 0.000000 0.000000
vn 1.000000 0.000000 0.000000
vn 1.000000 0.000000 0.000000
vn 1.000000 -0.000000 -0.000000
vn 1.000000 0.000000 0.000000
vn 1.000000 -0.000000 -0.000000
vn 1.000000 0.000000 0.000000
vn 1.000000 0.000000 0.000000
vn 1.000000 0.000000 0.000000
vn 1.000000 0.000000 0.000000
vn 1.000000 -0.000000 -0.000000
vn 1.000000 0.000000 0.000000
vn 1.000000 0.000000 0.000000
vn 1.000000 0.000000 0.000000
vn 1.000000 0.000000 0.000000
vn 1.000000 -0.000000 -0.000000
vn 1.000000 0.000000 0.000000
vn 1.000000 -0.000000 -0.000000
vn 1.000000 0.000000 0.000000
vn 1.000000 0.000000 0.000000
vn 1.000000 0.000000 0.000000
vn 1.000000 -0.000000 -0.000000
vn 1.000000 0.000000 0.000000
vn 1.000000 0.000000 0.000000
vn 1.000000 0.000000 0.000000
vn 1.000000 0.000000 0.000000
vn 1.000000 0.000000 0.000000
vn 1.000000 -0.000000 -0.000000
vn 1.000000 0.000000 0.000000
vn 1.000000 -0.000000 -0.000000
vn 1.000000 0.000000 0.000000
vn 1.000000 0.000000 0.000000
vn 1.000000 0.000000 0.000000
vn 1.000000 -0.000000 -0.000000
vn 1.000000 0.000000 0.000000
vn 1.000000 -0.000000 -0.000000
vn 1.000000 0.000000 0.000000
vn 1.000000 -0.000000 -0.000000
vn 1.000000 0.000000 0.000000
vn 1.000000 0.000000 0.000000
vn 1.000000 0.000000 0.000000
vn 1.000000 -0.000000 -0.000000
vn 1.000000 0.000000 0.000000
vn 1.000000 -0.000000 -0.000000
vn 1.000000 0.000000 0.000000
vn 1.000000 0.000000 0.000000
vn 1.000000 0.000000 0.000000
vn 1.000000 -0.000000 -0.000000
vn 1.000000 0.000000 0.000000
vn 1.000000 -0.000000 -0.000000
vn 1.000000 0.000000 0.000000
vn 1.000000 -0.000000 -0.000000
vn 1.000000 0.000000 0.000000
vn 1.000000 0.000000 0.000000
vn 1.000000 0.000000 0.000000
vn 1.000000 0.000000 0.000000
vn 1.000000 0.000000 0.000000
vn 1.000000 -0.000000 -0.000000
vn 1.000000 0.000000 0.000000
vn 1.000000 -0.000000 -0.000000
vn 1.000000 0.000000 0.000000
vn 1.000000 -0.000000 -0.000000
vn 1.000000 0.000000 0.000000
vn 1.000000 -0.000000 -0.000000
vn 1.000000 0.000000 0.000000
vn 1.000000 -0.000000 -0.000000
vn 1.000000 0.000000 0.000000
vn 1.000000 0.000000 0.000000
vn 1.000000 0.000000 0.000000
vn 1.000000 -0.000000 -0.000000
vn 1.000000 0.000000 0.000000
vn 1.000000 -0.000000 -0.000000
vn 1.000000 0.000000 0.000000
vn 1.000000 -0.000000 -0.000000
vn 1.000000 0.000000 0.000000
vn 1.000000 -0.000000 -0.000000
vn 1.000000 0.000000 0.000000
vn 1.000000 -0.000000 -0.000000
vn 1.000000 0.000000 0.000000
vn 1.000000 0.000000 0.000000
vn 1.000000 0.000000 0.000000
vn 1.000000 0.000000 0.000000
vn 1.000000 0.000000 0.000000
vn 1.000000 -0.000000 -0.000000
vn 1.000000 0.000000 0.000000
vn 1.000000 -0.000000 -0.000000
vn 1.000000 0.000000 0.000000
vn 1.000000 -0.000000 -0.000000
vn 1.000000 0.000000 0.000000
vn 1.000000 0.000000 0.000000
vn 1.000000 0.000000 0.000000
vn 1.000000 -0.000000 -0.000000
vn 1.000000 0.000000 0.000000
vn 1.000000 -0.000000 -0.000000
vn 1.000000 0.000000 0.000000
vn 1.000000 0.000000 0.000000
vn 1.000000 0.000000 0.000000
vn 1.000000 0.000000 0.000000
vn 1.000000 -0.000000 -0.000000
vn 1.000000 0.000000 0.000000
vn 1.000000 0.000000 0.000000
vn 1.000000 -0.000000 -0.000000
vn 1.000000 0.000000 0.000000
vn 1.000000 -0.000000 -0.000000
vn 1.000000 0.000000 0.000000
vn 1.000000 -0.000000 -0.000000
vn 1.000000 0.000000 0.000000
vn 1.000000 -0.000000 -0.000000
vn 1.000000 0.000000 0.000000
vn 1.000000 0.000000 0.000000
vn 1.000000 0.000000 0.000000
vn 1.000000 0.000000 0.000000
vn 1.000000 0.000000 0.000000
vn 1.000000 -0.000000 -0.000000
vn 1.000000 0.000000 0.000000
vn 1.000000 -0.000000 -0.000000
vn 1.000000 0.000000 0.000000
vn 1.000000 0.000000 0.000000
vn 1.000000 0.000000 0.000000
vn 1.000000 0.000000 0.000000
vn 1.000000 0.000000 0.000000
vn 1.000000 -0.000000 -0.000000
vn 1.000000 0.000000 0.000000
vn 1.000000 0.000000 0.000000
vn 1.000000 0.000000 0.000000
vn 1.000000 -0.000000 -0.000000
vn 1.000000 0.000000 0.000000
vn 1.000000 -0.000000 -0.000000
vn 1.000000 0.000000 0.000000
vn 1.000000 -0.000000 -0.000000
vn 1.000000 0.000000 0.000000
vn 1.000000 0.000000 0.000000
vn 1.000000 0.000000 0.000000
vn 1.000000 0.000000 0.000000
vn 1.000000 0.000000 0.000000
vn 1.000000 -0.000000 -0.000000
vn 1.000000 0.000000 0.000000
vn 1.000000 -0.000000 -0.000000
vn 1.000000 0.000000 0.000000
vn 1.000000 -0.000000 -0.000000
vn 1.000000 0.000000 0.000000
vn 1.000000 0.000000 0.000000
vn 1.000000 0.000000 0.000000
vn 1.000000 0.000000 0.000000
vn 1.000000 0.000000 0.000000
vn 1.000000 0.000000 0.000000
vn 1.000000 0.000000 0.000000
vn 1.000000 -0.000000 -0.000000
vn 1.000000 0.000000 0.000000
vn 1.000000 -0.000000 -0.000000
vn 1.000000 0.000000 0.000000
vn 1.000000 -0.000000 -0.000000
vn 1.000000 0.000000 0.000000
vn 1.000000 -0.000000 -0.000000
vn 1.000000 0.000000 0.000000
vn 1.000000 0.000000 0.000000
vn 1.000000 0.000000 0.000000
vn 1.000000 0.000000 0.000000
vn 1.000000 0.000000 0.000000
vn 1.000000 -0.000000 -0.000000
vn 1.000000 0.000000 0.000000
vn 1.000000 -0.000000 -0.000000
vn 1.000000 0.000000 0.000000
vn 1.000000 0.000000 0.000000
vn 1.000000 0.000000 0.000000
vn 1.000000 -0.000000 -0.000000
vn 1.000000 0.000000 0.000000
vn 1.000000 -0.000000 -0.000000
vn 1.000000 0.000000 0.000000
vn 1.000000 -0.000000 -0.000000
vn 1.000000 0.000000 0.000000
vn 1.000000 0.000000 0.000000
vn 1.000000 0.000000 0.000000
vn 1.000000 -0.000000 -0.000000
vn 1.000000 0.000000 0.000000
vn 1.000000 -0.000000 -0.000000
vn 1.000000 0.000000 0.000000
vn 1.000000 0.000000 0.000000
vn 1.000000 0.000000 0.000000
vn 1.000000 -0.000000 -0.000000
vn 1.000000 0.000000 0.000000
vn 1.000000 -0.000000 -0.000000
vn 1.000000 0.000000 0.000000
vn 1.000000 -0.000000 -0.000000
vn -1.000000 0.000000 0.000000
vn -1.000000 0.000000 0.000000
vn -1.000000 0.000000 0.000000
vn -1.000000 0.000000 -0.000000
vn -1.000000 0.000000 -0.000000
vn -1.000000 0.000000 0.000000
vn -1.000000 0.000000 0.000000
vn -1.000000 0.000000 0.000000
vn -1.000000 -0.000000 0.000000
vn -1.000000 -0.000000 0.000000
vn -1.000000 0.000000 0.000000
vn -1.000000 0.000000 0.000000
vn -1.000000 0.000000 -0.000000
vn -1.000000 0.000000 -0.000000
vn -1.000000 0.000000 0.000000
vn -1.000000 0.000000 0.000000
vn -1.000000 0.000000 -0.000000
vn -1.000000 0.000000 -0.000000
vn -1.000000 0.000000 0.000000
vn -1.000000 0.000000 0.000000
vn -1.000000 0.000000 -0.000000
vn -1.000000 0.000000 -0.000000
vn -1.000000 0.000000 0.000000
vn -1.000000 0.000000 0.000000
vn -1.000000 0.000000 -0.000000
vn -1.000000 0.000000 -0.000000
vn -1.000000 0.000000 0.000000
vn -1.000000 0.000000 0.000000
vn -1.000000 0.000000 -0.000000
vn -1.000000 0.000000 -0.000000
vn -1.000000 0.000000 0.000000
vn -1.000000 0.000000 0.000000
vn -1.000000 0.000000 -0.000000
vn -1.000000 0.000000 -0.000000
vn -1.000000 0.000000 0.000000
vn -1.000000 0.000000 0.000000
vn -1.000000 0.000000 -0.000000
vn -1.000000 0.000000 -0.000000
vn -1.000000 0.000000 0.000000
vn -1.000000 0.000000 0.000000
vn -1.000000 0.000000 -0.000000
vn -1.000000 0.000000 -0.000000
vn -1.000000 0.000000 0.000000
vn -1.000000 0.000000 0.000000
vn -1.000000 0.000000 -0.000000
vn -1.000000 0.000000 -0.000000
vn -1.000000 0.000000 0.000000
vn -1.000000 0.000000 0.000000
vn -1.000000 0.000000 -0.000000
vn -1.000000 0.000000 -0.000000
vn -1.000000 0.000000 0.000000
vn -1.000000 0.000000 0.000000
vn -1.000000 0.000000 -0.000000
vn -1.000000 0.000000 -0.000000
vn -1.000000 0.000000 0.000000
vn -1.000000 0.000000 0.000000
vn -1.000000 0.000000 -0.000000
vn -1.000000 0.000000 -0.000000
vn -1.000000 0.000000 0.000000
vn -1.000000 0.000000 0.000000
vn -1.000000 0.000000 -0.000000
vn -1.000000 0.000000 -0.000000
vn -1.000000 0.000000 0.000000
vn -1.000000 0.000000 0.000000
vn -1.000000 0.000000 -0.000000
vn -1.000000 0.000000 -0.000000
vn -1.000000 0.000000 0.000000
vn -1.000000 0.000000 0.000000
vn -1.000000 0.000000 -0.000000
vn -1.000000 0.000000 -0.000000
vn -1.000000 0.000000 0.000000
vn -1.000000 0.000000 0.000000
vn -1.000000 0.000000 -0.000000
vn -1.000000 0.000000 -0.000000
vn -1.000000 0.000000 0.000000
vn -1.000000 0.000000 0.000000
vn -1.000000 0.000000 -0.000000
vn -1.000000 0.000000 -0.000000
vn -1.000000 0.000000 0.000000
vn -1.000000 0.000000 0.000000
vn -1.000000 0.000000 -0.000000
vn -1.000000 0.000000 -0.000000
vn -1.000000 0.000000 0.000000
vn -1.000000 0.000000 0.000000
vn -1.000000 0.000000 -0.000000
vn -1.000000 0.000000 -0.000000
vn -1.000000 0.000000 0.000000
vn -1.000000 0.000000 0.000000
vn -1.000000 0.000000 0.000000
vn -1.000000 0.000000 -0.000000
vn -1.000000 0.000000 0.000000
vn -1.000000 0.000000 0.000000
vn -1.000000 0.000000 -0.000000
vn -1.000000 0.000000 -0.000000
vn -1.000000 0.000000 0.000000
vn -1.000000 0.000000 0.000000
vn -1.000000 0.000000 -0.000000
vn -1.000000 0.000000 -0.000000
vn -1.000000 0.000000 0.000000
vn -1.000000 0.000000 0.000000
vn -1.000000 0.000000 0.000000
vn -1.000000 0.000000 -0.000000
vn -1.000000 0.000000 0.000000
vn -1.000000 0.000000 0.000000
vn -1.000000 0.000000 -0.000000
vn -1.000000 0.000000 -0.000000
vn -1.000000 0.000000 0.000000
vn -1.000000 0.000000 0.000000
vn -1.000000 0.000000 -0.000000
vn -1.000000 0.000000 -0.000000
vn -1.000000 0.000000 0.000000
vn -1.000000 0.000000 0.000000
vn -1.000000 0.000000 -0.000000
vn -1.000000 0.000000 -0.000000
vn -1.000000 0.000000 0.000000
vn -1.000000 0.000000 0.000000
vn -1.000000 0.000000 -0.000000
vn -1.000000 0.000000 -0.000000
vn -1.000000 0.000000 0.000000
vn -1.000000 0.000000 0.000000
vn -1.000000 0.000000 -0.000000
vn -1.000000 0.000000 -0.000000
vn -1.000000 0.000000 0.000000
vn -1.000000 0.000000 0.000000
vn -1.000000 0.000000 0.000000
vn -1.000000 0.000000 0.000000
vn -1.000000 0.000000 0.000000
vn -1.000000 0.000000 0.000000
vn -1.000000 0.000000 0.000000
vn -1.000000 0.000000 0.000000
vn -1.000000 0.000000 0.000000
vn -1.000000 0.000000 0.000000
vn -1.000000 0.000000 -0.000000
vn -1.000000 0.000000 0.000000
vn -1.000000 0.000000 0.000000
vn -1.000000 -0.000000 0.000000
vn -1.000000 0.000000 0.000000
vn -1.000000 0.000000 -0.000000
vn -1.000000 0.000000 0.000000
vn -1.000000 0.000000 -0.000000
vn -1.000000 0.000000 0.000000
vn -1.000000 0.000000 -0.000000
vn -1.000000 0.000000 0.000000
vn -1.000000 0.000000 -0.000000
vn -1.000000 0.000000 0.000000
vn -1.000000 0.000000 -0.000000
vn -1.000000 0.000000 0.000000
vn -1.000000 0.000000 -0.000000
vn -1.000000 0.000000 0.000000
vn -1.000000 0.000000 -0.000000
vn -1.000000 0.000000 0.000000
vn -1.000000 0.000000 -0.000000
vn -1.000000 0.000000 0.000000
vn -1.000000 0.000000 -0.000000
vn -1.000000 0.000000 0.000000
vn -1.000000 0.000000 -0.000000
vn -1.000000 0.000000 0.000000
vn -1.000000 0.000000 -0.000000
vn -1.000000 0.000000 0.000000
vn -1.000000 0.000000 -0.000000
vn -1.000000 0.000000 0.000000
vn -1.000000 0.000000 -0.000000
vn -1.000000 0.000000 0.000000
vn -1.000000 0.000000 -0.000000
vn -1.000000 0.000000 0.000000
vn -1.000000 0.000000 -0.000000
vn -1.000000 0.000000 0.000000
vn -1.000000 0.000000 -0.000000
vn -1.000000 0.000000 0.000000
vn -1.000000 0.000000 -0.000000
vn -1.000000 0.000000 0.000000
vn -1.000000 0.000000 -0.000000
vn -1.000000 0.000000 0.000000
vn -1.000000 0.000000 -0.000000
vn -1.000000 0.000000 0.000000
vn -1.000000 0.000000 -0.000000
vn -1.000000 0.000000 0.000000
vn -1.000000 0.000000 -0.000000
vn -1.000000 0.000000 0.000000
vn -1.000000 0.000000 -0.000000
vn -1.000000 0.000000 0.000000
vn -1.000000 0.000000 -0.000000
vn -1.000000 0.000000 0.000000
vn -1.000000 0.000000 -0.000000
vn -1.000000 0.000000 0.000000
vn -1.000000 0.000000 -0.000000
vn -1.000000 0.000000 0.000000
vn -1.000000 0.000000 -0.000000
vn -1.000000 0.000000 0.000000
vn -1.000000 0.000000 -0.000000
vn -1.000000 0.000000 0.000000
vn -1.000000 0.000000 -0.000000
vn -1.000000 0.000000 0.000000
vn -1.000000 0.000000 0.000000
vn -1.000000 0.000000 0.000000
vn -1.000000 0.000000 0.000000
vn -1.000000 0.000000 0.000000
vn -1.000000 0.000000 0.000000
vn -1.000000 0.000000 0.000000
vn -1.000000 0.000000 0.000000
vn -1.000000 0.000000 0.000000
vn -1.000000 0.000000 0.000000
vn -1.000000 0.000000 0.000000
vn -1.000000 0.000000 0.000000
vn -1.000000 -0.000000 -0.000000
vn -1.000000 -0.000000 -0.000000
vn -1.000000 0.000000 0.000000
vn -1.000000 0.000000 0.000000
vn -1.000000 0.000000 0.000000
vn -1.000000 0.000000 0.000000
vn -1.000000 0.000000 0.000000
vn -1.000000 0.000000 0.000000
vn -1.000000 0.000000 0.000000
vn -1.000000 0.000000 0.000000
vn -1.000000 0.000000 0.000000
vn -1.000000 0.000000 0.000000
vn -1.000000 -0.000000 -0.000000
vn -1.000000 -0.000000 -0.000000
vn -1.000000 0.000000 0.000000
vn -1.000000 0.000000 0.000000
vn -1.000000 0.000000 0.000000
vn -1.000000 0.000000 0.000000
vn -1.000000 0.000000 0.000000
vn -1.000000 0.000000 0.000000
vn -1.000000 0.000000 0.000000
vn -1.000000 0.000000 0.000000
vn -1.000000 0.000000 0.000000
vn -1.000000 0.000000 0.000000
vn -1.000000 0.000000 0.000000
vn -1.000000 0.000000 0.000000
vn -1.000000 0.000000 0.000000
vn -1.000000 0.000000 0.000000
vn -1.000000 0.000000 0.000000
vn -1.000000 0.000000 0.000000
vn -1.000000 0.000000 0.000000
vn -1.000000 0.000000 0.000000
vn -1.000000 0.000000 0.000000
vn -1.000000 0.000000 0.000000
vn -1.000000 0.000000 0.000000
vn -1.000000 0.000000 0.000000
vn -1.000000 0.000000 0.000000
vn -1.000000 0.000000 0.000000
vn -1.000000 0.000000 0.000000
vn -1.000000 0.000000 0.000000
vn -1.000000 0.000000 0.000000
vn -1.000000 0.000000 0.000000
vn -1.000000 0.000000 0.000000
vn -1.000000 0.000000 0.000000
vn -1.000000 0.000000 0.000000
vn -1.000000 0.000000 0.000000
vn -1.000000 0.000000 0.000000
vn -1.000000 0.000000 0.000000
vn -1.000000 0.000000 0.000000
vn -1.000000 0.000000 0.000000
vn -1.000000 0.000000 0.000000
vn -1.000000 0.000000 0.000000
vn -1.000000 0.000000 0.000000
vn -1.000000 0.000000 0.000000
vn -1.000000 0.000000 0.000000
vn -1.000000 0.000000 0.000000
vn -1.000000 0.000000 0.000000
vn -1.000000 0.000000 0.000000
vn -1.000000 0.000000 0.000000
vn -1.000000 0.000000 0.000000
vn -1.000000 0.000000 0.000000
vn -1.000000 0.000000 0.000000
vn -1.000000 0.000000 0.000000
vn -1.000000 0.000000 0.000000
vn -1.000000 0.000000 0.000000
vn -1.000000 0.000000 0.000000
vn -1.000000 0.000000 0.000000
vn -1.000000 0.000000 0.000000
vn -1.000000 0.000000 0.000000
vn -1.000000 0.000000 0.000000
vn -1.000000 0.000000 0.000000
vn -1.000000 0.000000 0.000000
vn -1.000000 0.000000 0.000000
vn -1.000000 0.000000 0.000000
vn -1.000000 0.000000 0.000000
vn -1.000000 0.000000 0.000000
vn -1.000000 0.000000 0.000000
vn -1.000000 0.000000 0.000000
vn -1.000000 0.000000 0.000000
vn -1.000000 0.000000 0.000000
vn -1.000000 0.000000 0.000000
vn -1.000000 0.000000 0.000000
vn -1.000000 0.000000 0.000000
vn -1.000000 0.000000 0.000000
vn -1.000000 0.000000 0.000000
vn -1.000000 0.000000 0.000000
vn -1.000000 0.000000 0.000000
vn -1.000000 0.000000 0.000000
vn -1.000000 0.000000 0.000000
vn -1.000000 0.000000 0.000000
vn -1.000000 0.000000 0.000000
vn -1.000000 0.000000 0.000000
vn -1.000000 0.000000 0.000000
vn -1.000000 0.000000 0.000000
vn -1.000000 0.000000 0.000000
vn -1.000000 0.000000 0.000000
vn -1.000000 0.000000 0.000000
vn -1.000000 0.000000 0.000000
vn -1.000000 0.000000 0.000000
vn -1.000000 0.000000 0.000000
vn -1.000000 0.000000 0.000000
vn -1.000000 0.000000 0.000000
vn -1.000000 0.000000 0.000000
vn -1.000000 0.000000 0.000000
vn -1.000000 0.000000 0.000000
vn -1.000000 0.000000 0.000000
vn -1.000000 0.000000 0.000000
vn -1.000000 0.000000 0.000000
vn -1.000000 0.000000 0.000000
vn -1.000000 0.000000 0.000000
vn -1.000000 0.000000 0.000000
vn -1.000000 0.000000 0.000000
vn -1.000000 0.000000 0.000000
vn -1.000000 0.000000 0.000000
vn -1.000000 0.000000 0.000000
vn -1.000000 0.000000 0.000000
vn -1.000000 0.000000 0.000000
vn -1.000000 0.000000 0.000000
vn -1.000000 0.000000 0.000000
vn -1.000000 0.000000 0.000000
vn -1.000000 0.000000 0.000000
vn -1.000000 0.000000 0.000000
vn -1.000000 0.000000 0.000000
vn -1.000000 0.000000 0.000000
vn -1.000000 0.000000 0.000000
vn -1.000000 0.000000 0.000000
vn -1.000000 0.000000 0.000000
vn -1.000000 -0.000000 -0.000000
vn -1.000000 0.000000 0.000000
vn -1.000000 0.000000 0.000000
vn -1.000000 0.000000 0.000000
vn -1.000000 0.000000 0.000000
vn -1.000000 0.000000 0.000000
vn -1.000000 -0.000000 -0.000000
vn -1.000000 0.000000 0.000000
vn -1.000000 0.000000 0.000000
vn -1.000000 0.000000 0.000000
vn -1.000000 0.000000 0.000000
vn -1.000000 0.000000 0.000000
vn -1.000000 0.000000 0.000000
vn -1.000000 0.000000 0.000000
vn -1.000000 0.000000 0.000000
vn -1.000000 0.000000 0.000000
vn -1.000000 0.000000 0.000000
vn -1.000000 0.000000 0.000000
vn -1.000000 0.000000 0.000000
vn -1.000000 0.000000 0.000000
vn -1.000000 0.000000 0.000000
vn -1.000000 0.000000 0.000000
vn -1.000000 0.000000 0.000000
vn -1.000000 0.000000 0.000000
vn -1.000000 0.000000 0.000000
vn -1.000000 0.000000 0.000000
vn -1.000000 0.000000 0.000000
vn -1.000000 0.000000 0.000000
vn -1.000000 0.000000 0.000000
vn -1.000000 0.000000 0.000000
vn -1.000000 0.000000 0.000000
vn -1.000000 0.000000 0.000000
vn -1.000000 0.000000 0.000000
vn -1.000000 0.000000 0.000000
vn -1.000000 0.000000 0.000000
vn -1.000000 0.000000 0.000000
vn -1.000000 0.000000 0.000000
vn -1.000000 0.000000 0.000000
vn -1.000000 0.000000 0.000000
vn -1.000000 0.000000 0.000000
vn -1.000000 0.000000 0.000000
vn -1.000000 0.000000 0.000000
vn -1.000000 0.000000 0.000000
vn -1.000000 0.000000 0.000000
vn -1.000000 0.000000 0.000000
vn -1.000000 0.000000 0.000000
vn -1.000000 0.000000 0.000000
vn -1.000000 0.000000 0.000000
vn -1.000000 0.000000 0.000000
vn -1.000000 0.000000 0.000000
vn -1.000000 0.000000 0.000000
vn -1.000000 0.000000 0.000000
vn -1.000000 0.000000 0.000000
vn -1.000000 0.000000 0.000000
vn -1.000000 0.000000 0.000000
vn -1.000000 0.000000 0.000000
vn -1.000000 0.000000 0.000000
vn -1.000000 0.000000 0.000000
vn -1.000000 0.000000 0.000000
vn -1.000000 0.000000 0.000000
vn -1.000000 0.000000 0.000000
vn -1.000000 0.000000 0.000000
vn -1.000000 0.000000 0.000000
vn -1.000000 0.000000 0.000000
vn -1.000000 0.000000 0.000000
vn -1.000000 0.000000 0.000000
vn -1.000000 0.000000 0.000000
vn -1.000000 0.000000 0.000000
vn -1.000000 0.000000 0.000000
vn -1.000000 -0.000000 -0.000000
vn -1.000000 -0.000000 -0.000000
vn -1.000000 0.000000 0.000000
vn -1.000000 0.000000 0.000000
vn -1.000000 0.000000 0.000000
vn -1.000000 0.000000 0.000000
vn -1.000000 0.000000 0.000000
vn -1.000000 0.000000 0.000000
vn -1.000000 0.000000 0.000000
vn -1.000000 0.000000 0.000000
vn -1.000000 0.000000 0.000000
vn -1.000000 0.000000 0.000000
vn -1.000000 -0.000000 -0.000000
vn -1.000000 -0.000000 -0.000000
vn -1.000000 0.000000 0.000000
vn -1.000000 0.000000 0.000000
vn -1.000000 0.000000 0.000000
vn -1.000000 0.000000 0.000000
vn -1.000000 0.000000 0.000000
vn -1.000000 0.000000 0.000000
vn -1.000000 0.000000 0.000000
vn -1.000000 0.000000 0.000000
vn -1.000000 0.000000 0.000000
vn -1.000000 0.000000 0.000000
vn -1.000000 0.000000 0.000000
vn -1.000000 0.000000 0.000000
vn -1.000000 0.000000 0.000000
vn -1.000000 0.000000 0.000000
vn -1.000000 0.000000 0.000000
vn -1.000000 0.000000 0.000000
vn -1.000000 0.000000 0.000000
vn -1.000000 0.000000 0.000000
vn -1.000000 0.000000 0.000000
vn -1.000000 0.000000 0.000000
vn -1.000000 0.000000 0.000000
vn -1.000000 0.000000 0.000000
vn -1.000000 0.000000 0.000000
vn -1.000000 0.000000 0.000000
vn -1.000000 0.000000 0.000000
vn -1.000000 0.000000 0.000000
vn -1.000000 0.000000 0.000000
vn -1.000000 0.000000 0.000000
vn -1.000000 0.000000 0.000000
vn -1.000000 0.000000 0.000000
vn -1.000000 0.000000 0.000000
vn -1.000000 0.000000 0.000000
vn -1.000000 0.000000 0.000000
vn -1.000000 0.000000 0.000000
vn -1.000000 0.000000 0.000000
vn -1.000000 0.000000 0.000000
vn -1.000000 0.000000 0.000000
vn -1.000000 0.000000 0.000000
vn -1.000000 0.000000 0.000000
vn -1.000000 0.000000 0.000000
vn -1.000000 0.000000 0.000000
vn -1.000000 0.000000 0.000000
vn -1.000000 0.000000 0.000000
vn -1.000000 0.000000 0.000000
vn -1.000000 0.000000 0.000000
vn -1.000000 0.000000 0.000000
vn -1.000000 0.000000 0.000000
vn -1.000000 0.000000 0.000000
vn -1.000000 0.000000 0.000000
vn -1.000000 0.000000 0.000000
vn -1.000000 0.000000 0.000000
vn -1.000000 0.000000 0.000000
vn -1.000000 0.000000 0.000000
vn -1.000000 0.000000 0.000000
vn -1.000000 0.000000 0.000000
vn -1.000000 0.000000 0.000000
vn -1.000000 0.000000 0.000000
vn -1.000000 0.000000 0.000000
vn -1.000000 0.000000 0.000000
vn -1.000000 0.000000 0.000000
vn -1.000000 0.000000 0.000000
vn -1.000000 0.000000 0.000000
vn -1.000000 0.000000 0.000000
vn -1.000000 0.000000 0.000000
vn -1.000000 0.000000 0.000000
vn -1.000000 0.000000 0.000000
vn -1.000000 0.000000 0.000000
vn -1.000000 0.000000 0.000000
vn -1.000000 0.000000 0.000000
vn -1.000000 0.000000 0.000000
vn -1.000000 0.000000 0.000000
vn -1.000000 0.000000 0.000000
vn -1.000000 0.000000 0.000000
vn -1.000000 0.000000 0.000000
vn -1.000000 0.000000 0.000000
vn -1.000000 0.000000 0.000000
vn -1.000000 0.000000 0.000000
vn -1.000000 0.000000 0.000000
vn -1.000000 0.000000 0.000000
vn -1.000000 0.000000 0.000000
vn -1.000000 0.000000 0.000000
vn -1.000000 0.000000 0.000000
vn -1.000000 0.000000 0.000000
vn -1.000000 0.000000 0.000000
vn -1.000000 0.000000 0.000000
vn -1.000000 0.000000 0.000000
vn -1.000000 0.000000 0.000000
vn -1.000000 0.000000 0.000000
vn -1.000000 0.000000 0.000000
vn -1.000000 0.000000 0.000000
vn -1.000000 0.000000 0.000000
vn -1.000000 0.000000 0.000000
vn -1.000000 0.000000 0.000000
vn -1.000000 0.000000 0.000000
vn -1.000000 0.000000 0.000000
vn -1.000000 0.000000 0.000000
vn -1.000000 0.000000 0.000000
vn -1.000000 0.000000 0.000000
vn -1.000000 0.000000 0.000000
vn -1.000000 0.000000 0.000000
vn -1.000000 0.000000 0.000000
vn -1.000000 0.000000 0.000000
vn -1.000000 0.000000 0.000000
vn -1.000000 0.000000 0.000000
vn -1.000000 0.000000 0.000000
vn -1.000000 0.000000 0.000000
vn -1.000000 0.000000 0.000000
vn -1.000000 0.000000 0.000000
vn -1.000000 0.000000 0.000000
vn -1.000000 0.000000 0.000000
vn -1.000000 0.000000 0.000000
vn -1.000000 0.000000 0.000000
vn -1.000000 0.000000 0.000000
vn -1.000000 -0.000000 -0.000000
vn -1.000000 0.000000 0.000000
vn -1.000000 0.000000 0.000000
vn -1.000000 0.000000 0.000000
vn -1.000000 0.000000 0.000000
vn -1.000000 0.000000 0.000000
vn -1.000000 -0.000000 -0.000000
vn -1.000000 0.000000 0.000000
vn -1.000000 0.000000 0.000000
vn -1.000000 0.000000 0.000000
vn -1.000000 0.000000 0.000000
vn -1.000000 0.000000 0.000000
vn -1.000000 0.000000 0.000000
vn -1.000000 0.000000 0.000000
vn -1.000000 0.000000 0.000000
vn -1.000000 0.000000 0.000000
vn -1.000000 0.000000 0.000000
vn -1.000000 0.000000 0.000000
vn -1.000000 0.000000 0.000000
vn -1.000000 0.000000 0.000000
vn -1.000000 0.000000 0.000000
vn -1.000000 0.000000 0.000000
vn -1.000000 0.000000 0.000000
vn -1.000000 0.000000 0.000000
vn -1.000000 0.000000 0.000000
vn -1.000000 0.000000 0.000000
vn -1.000000 0.000000 0.000000
vn -1.000000 0.000000 0.000000
vn -1.000000 0.000000 0.000000
vn -1.000000 0.000000 0.000000
vn -1.000000 0.000000 0.000000
vn -1.000000 0.000000 0.000000
vn -1.000000 0.000000 0.000000
vn -1.000000 0.000000 0.000000
vn -1.000000 0.000000 0.000000
vn -1.000000 0.000000 0.000000
vn -1.000000 0.000000 0.000000
vn -1.000000 0.000000 0.000000
vn -1.000000 0.000000 0.000000
vn -1.000000 0.000000 0.000000
vn -1.000000 0.000000 0.000000
vn -1.000000 0.000000 0.000000
vn -1.000000 0.000000 0.000000
vn -1.000000 0.000000 0.000000
vn -1.000000 0.000000 0.000000
vn -1.000000 0.000000 0.000000
vn -1.000000 0.000000 0.000000
vn -1.000000 0.000000 0.000000
vn -1.000000 0.000000 0.000000
vn -1.000000 0.000000 0.000000
vn -1.000000 0.000000 0.000000
vn -1.000000 0.000000 0.000000
vn -1.000000 0.000000 0.000000
vn -1.000000 0.000000 0.000000
vn -1.000000 0.000000 0.000000
vn -1.000000 0.000000 0.000000
vn -1.000000 0.000000 0.000000
vn -1.000000 0.000000 0.000000
vn -1.000000 0.000000 0.000000
vn -1.000000 0.000000 0.000000
vn -1.000000 0.000000 0.000000
vn -1.000000 0.000000 0.000000
vn -1.000000 0.000000 0.000000
vn -1.000000 0.000000 0.000000
vn -1.000000 0.000000 -0.000000
vn -1.000000 0.000000 -0.000000
vn -1.000000 0.000000 0.000000
vn -1.000000 0.000000 0.000000
vn -1.000000 0.000000 0.000000
vn -1.000000 -0.000000 0.000000
vn -1.000000 -0.000000 0.000000
vn -1.000000 0.000000 0.000000
vn -1.000000 0.000000 0.000000
vn -1.000000 0.000000 -0.000000
vn -1.000000 0.000000 -0.000000
vn -1.000000 0.000000 0.000000
vn -1.000000 0.000000 0.000000
vn -1.000000 0.000000 -0.000000
vn -1.000000 0.000000 -0.000000
vn -1.000000 0.000000 0.000000
vn -1.000000 0.000000 0.000000
vn -1.000000 0.000000 -0.000000
vn -1.000000 0.000000 -0.000000
vn -1.000000 0.000000 0.000000
vn -1.000000 0.000000 0.000000
vn -1.000000 0.000000 -0.000000
vn -1.000000 0.000000 -0.000000
vn -1.000000 0.000000 0.000000
vn -1.000000 0.000000 0.000000
vn -1.000000 0.000000 -0.000000
vn -1.000000 0.000000 -0.000000
vn -1.000000 0.000000 0.000000
vn -1.000000 0.000000 0.000000
vn -1.000000 0.000000 -0.000000
vn -1.000000 0.000000 -0.000000
vn -1.000000 0.000000 0.000000
vn -1.000000 0.000000 0.000000
vn -1.000000 0.000000 -0.000000
vn -1.000000 0.000000 -0.000000
vn -1.000000 0.000000 0.000000
vn -1.000000 0.000000 0.000000
vn -1.000000 0.000000 -0.000000
vn -1.000000 0.000000 -0.000000
vn -1.000000 0.000000 0.000000
vn -1.000000 0.000000 0.000000
vn -1.000000 0.000000 -0.000000
vn -1.000000 0.000000 -0.000000
vn -1.000000 0.000000 0.000000
vn -1.000000 0.000000 0.000000
vn -1.000000 0.000000 -0.000000
vn -1.000000 0.000000 -0.000000
vn -1.000000 0.000000 0.000000
vn -1.000000 0.000000 0.000000
vn -1.000000 0.000000 -0.000000
vn -1.000000 0.000000 -0.000000
vn -1.000000 0.000000 0.000000
vn -1.000000 0.000000 0.000000
vn -1.000000 0.000000 -0.000000
vn -1.000000 0.000000 -0.000000
vn -1.000000 0.000000 0.000000
vn -1.000000 0.000000 0.000000
vn -1.000000 0.000000 -0.000000
vn -1.000000 0.000000 -0.000000
vn -1.000000 0.000000 0.000000
vn -1.000000 0.000000 0.000000
vn -1.000000 0.000000 -0.000000
vn -1.000000 0.000000 -0.000000
vn -1.000000 0.000000 0.000000
vn -1.000000 0.000000 0.000000
vn -1.000000 0.000000 -0.000000
vn -1.000000 0.000000 -0.000000
vn -1.000000 0.000000 0.000000
vn -1.000000 0.000000 0.000000
vn -1.000000 0.000000 -0.000000
vn -1.000000 0.000000 -0.000000
vn -1.000000 0.000000 0.000000
vn -1.000000 0.000000 0.000000
vn -1.000000 0.000000 -0.000000
vn -1.000000 0.000000 -0.000000
vn -1.000000 0.000000 0.000000
vn -1.000000 0.000000 0.000000
vn -1.000000 0.000000 -0.000000
vn -1.000000 0.000000 -0.000000
vn -1.000000 0.000000 0.000000
vn -1.000000 0.000000 0.000000
vn -1.000000 0.000000 -0.000000
vn -1.000000 0.000000 -0.000000
vn -1.000000 0.000000 0.000000
vn -1.000000 0.000000 0.000000
vn -1.000000 0.000000 0.000000
vn -1.000000 0.000000 -0.000000
vn -1.000000 0.000000 0.000000
vn -1.000000 0.000000 0.000000
vn -1.000000 0.000000 -0.000000
vn -1.000000 0.000000 -0.000000
vn -1.000000 0.000000 0.000000
vn -1.000000 0.000000 0.000000
vn -1.000000 0.000000 -0.000000
vn -1.000000 0.000000 -0.000000
vn -1.000000 0.000000 0.000000
vn -1.000000 0.000000 0.000000
vn -1.000000 0.000000 0.000000
vn -1.000000 0.000000 -0.000000
vn -1.000000 0.000000 0.000000
vn -1.000000 0.000000 0.000000
vn -1.000000 0.000000 -0.000000
vn -1.000000 0.000000 -0.000000
vn -1.000000 0.000000 0.000000
vn -1.000000 0.000000 0.000000
vn -1.000000 0.000000 -0.000000
vn -1.000000 0.000000 -0.000000
vn -1.000000 0.000000 0.000000
vn -1.000000 0.000000 0.000000
vn -1.000000 0.000000 -0.000000
vn -1.000000 0.000000 -0.000000
vn -1.000000 0.000000 0.000000
vn -1.000000 0.000000 0.000000
vn -1.000000 0.000000 -0.000000
vn -1.000000 0.000000 -0.000000
vn -1.000000 0.000000 0.000000
vn -1.000000 0.000000 0.000000
vn -1.000000 0.000000 -0.000000
vn -1.000000 0.000000 -0.000000
vn -1.000000 0.000000 0.000000
vn -1.000000 0.000000 0.000000
vn -1.000000 0.000000 0.000000
vn -1.000000 0.000000 0.000000
vn -1.000000 0.000000 0.000000
vn -1.000000 0.000000 0.000000
vn -1.000000 0.000000 0.000000
vn -1.000000 0.000000 0.000000
vn -1.000000 0.000000 0.000000
vn -1.000000 0.000000 0.000000
vn -1.000000 0.000000 -0.000000
vn -1.000000 0.000000 0.000000
vn -1.000000 0.000000 0.000000
vn -1.000000 -0.000000 0.000000
vn -1.000000 0.000000 0.000000
vn -1.000000 0.000000 -0.000000
vn -1.000000 0.000000 0.000000
vn -1.000000 0.000000 -0.000000
vn -1.000000 0.000000 0.000000
vn -1.000000 0.000000 -0.000000
vn -1.000000 0.000000 0.000000
vn -1.000000 0.000000 -0.000000
vn -1.000000 0.000000 0.000000
vn -1.000000 0.000000 -0.000000
vn -1.000000 0.000000 0.000000
vn -1.000000 0.000000 -0.000000
vn -1.000000 0.000000 0.000000
vn -1.000000 0.000000 -0.000000
vn -1.000000 0.000000 0.000000
vn -1.000000 0.000000 -0.000000
vn -1.000000 0.000000 0.000000
vn -1.000000 0.000000 -0.000000
vn -1.000000 0.000000 0.000000
vn -1.000000 0.000000 -0.000000
vn -1.000000 0.000000 0.000000
vn -1.000000 0.000000 -0.000000
vn -1.000000 0.000000 0.000000
vn -1.000000 0.000000 -0.000000
vn -1.000000 0.000000 0.000000
vn -1.000000 0.000000 -0.000000
vn -1.000000 0.000000 0.000000
vn -1.000000 0.000000 -0.000000
vn -1.000000 0.000000 0.000000
vn -1.000000 0.000000 -0.000000
vn -1.000000 0.000000 0.000000
vn -1.000000 0.000000 -0.000000
vn -1.000000 0.000000 0.000000
vn -1.000000 0.000000 -0.000000
vn -1.000000 0.000000 0.000000
vn -1.000000 0.000000 -0.000000
vn -1.000000 0.000000 0.000000
vn -1.000000 0.000000 -0.000000
vn -1.000000 0.000000 0.000000
vn -1.000000 0.000000 -0.000000
vn -1.000000 0.000000 0.000000
vn -1.000000 0.000000 -0.000000
vn -1.000000 0.000000 0.000000
vn -1.000000 0.000000 -0.000000
vn -1.000000 0.000000 0.000000
vn -1.000000 0.000000 -0.000000
vn -1.000000 0.000000 0.000000
vn -1.000000 0.000000 -0.000000
vn -1.000000 0.000000 0.000000
vn -1.000000 0.000000 -0.000000
vn -1.000000 0.000000 0.000000
vn -1.000000 0.000000 -0.000000
vn -1.000000 0.000000 0.000000
vn -1.000000 0.000000 -0.000000
vn -1.000000 0.000000 0.000000
vn -1.000000 0.000000 -0.000000
vn -1.000000 0.000000 0.000000
vn -1.000000 0.000000 0.000000
vn -1.000000 0.000000 0.000000
vn -1.000000 0.000000 0.000000
vn -1.000000 0.000000 0.000000
vn -1.000000 0.000000 0.000000
vn -1.000000 0.000000 0.000000
vn -1.000000 0.000000 -0.000000
vn -1.000000 0.000000 -0.000000
vn -1.000000 0.000000 -0.000000
vn -1.000000 0.000000 0.000000
vn -1.000000 0.000000 0.000000
vn -1.000000 -0.000000 0.000000
vn -1.000000 0.000000 -0.000000
vn -1.000000 0.000000 0.000000
vn -1.000000 0.000000 0.000000
vn -1.000000 0.000000 -0.000000
vn -1.000000 0.000000 -0.000000
vn -1.000000 0.000000 0.000000
vn -1.000000 0.000000 0.000000
vn -1.000000 0.000000 -0.000000
vn -1.000000 0.000000 -0.000000
vn -1.000000 0.000000 0.000000
vn -1.000000 0.000000 0.000000
vn -1.000000 0.000000 -0.000000
vn -1.000000 0.000000 -0.000000
vn -1.000000 0.000000 0.000000
vn -1.000000 0.000000 0.000000
vn -1.000000 0.000000 -0.000000
vn -1.000000 0.000000 -0.000000
vn -1.000000 0.000000 0.000000
vn -1.000000 0.000000 0.000000
vn -1.000000 0.000000 -0.000000
vn -1.000000 0.000000 -0.000000
vn -1.000000 0.000000 0.000000
vn -1.000000 0.000000 0.000000
vn -1.000000 0.000000 -0.000000
vn -1.000000 0.000000 -0.000000
vn -1.000000 0.000000 0.000000
vn -1.000000 0.000000 0.000000
vn -1.000000 0.000000 -0.000000
vn -1.000000 0.000000 -0.000000
vn -1.000000 0.000000 0.000000
vn -1.000000 0.000000 0.000000
vn -1.000000 -0.000000 0.000000
vn -1.000000 0.000000 -0.000000
vn -1.000000 0.000000 0.000000
vn -1.000000 0.000000 0.000000
vn -1.000000 0.000000 -0.000000
vn -1.000000 0.000000 -0.000000
vn -1.000000 0.000000 0.000000
vn -1.000000 0.000000 0.000000
vn -1.000000 0.000000 -0.000000
vn -1.000000 0.000000 -0.000000
vn -1.000000 0.000000 0.000000
vn -1.000000 0.000000 0.000000
vn -1.000000 0.000000 0.000000
vn -1.000000 0.000000 -0.000000
vn -1.000000 0.000000 0.000000
vn -1.000000 0.000000 0.000000
vn -1.000000 0.000000 -0.000000
vn -1.000000 0.000000 -0.000000
vn -1.000000 0.000000 0.000000
vn -1.000000 0.000000 0.000000
vn -1.000000 0.000000 -0.000000
vn -1.000000 0.000000 -0.000000
vn -1.000000 0.000000 0.000000
vn -1.000000 0.000000 0.000000
vn -1.000000 0.000000 -0.000000
vn -1.000000 0.000000 -0.000000
vn -1.000000 0.000000 0.000000
vn -1.000000 0.000000 0.000000
vn -1.000000 0.000000 -0.000000
vn -1.000000 0.000000 -0.000000
vn -1.000000 0.000000 0.000000
vn -1.000000 0.000000 0.000000
vn -1.000000 0.000000 -0.000000
vn -1.000000 0.000000 -0.000000
vn -1.000000 0.000000 0.000000
vn -1.000000 0.000000 0.000000
vn -1.000000 0.000000 -0.000000
vn -1.000000 0.000000 -0.000000
vn -1.000000 0.000000 0.000000
vn -1.000000 0.000000 0.000000
vn -1.000000 0.000000 -0.000000
vn -1.000000 0.000000 -0.000000
vn -1.000000 0.000000 0.000000
vn -1.000000 0.000000 0.000000
vn -1.000000 0.000000 -0.000000
vn -1.000000 0.000000 -0.000000
vn -1.000000 0.000000 0.000000
vn -1.000000 0.000000 0.000000
vn -1.000000 0.000000 -0.000000
vn -1.000000 0.000000 -0.000000
vn -1.000000 0.000000 0.000000
vn -1.000000 0.000000 0.000000
vn -1.000000 0.000000 -0.000000
vn -1.000000 0.000000 -0.000000
vn -1.000000 0.000000 0.000000
vn -1.000000 0.000000 0.000000
vn -1.000000 0.000000 0.000000
vn -1.000000 0.000000 -0.000000
vn -1.000000 0.000000 0.000000
vn -1.000000 0.000000 0.000000
vn -1.000000 0.000000 -0.000000
vn -1.000000 0.000000 -0.000000
vn -1.000000 0.000000 0.000000
vn -1.000000 0.000000 0.000000
vn -1.000000 0.000000 -0.000000
vn -1.000000 0.000000 0.000000
vn -1.000000 0.000000 0.000000
vn -1.000000 0.000000 0.000000
vn -1.000000 0.000000 -0.000000
vn -1.000000 0.000000 -0.000000
vn -1.000000 0.000000 0.000000
vn -1.000000 0.000000 0.000000
vn -1.000000 0.000000 0.000000
vn -1.000000 0.000000 -0.000000
vn -1.000000 0.000000 0.000000
vn -1.000000 0.000000 0.000000
vn -1.000000 0.000000 -0.000000
vn -1.000000 0.000000 -0.000000
vn -1.000000 0.000000 0.000000
vn -1.000000 0.000000 0.000000
vn -1.000000 0.000000 -0.000000
vn -1.000000 0.000000 -0.000000
vn -1.000000 0.000000 0.000000
vn -1.000000 0.000000 0.000000
vn -1.000000 0.000000 0.000000
vn -1.000000 0.000000 0.000000
vn -1.000000 0.000000 0.000000
vn -1.000000 0.000000 0.000000
vn -1.000000 0.000000 -0.000000
vn -1.000000 0.000000 -0.000000
vn -1.000000 0.000000 0.000000
vn -1.000000 0.000000 0.000000
vn -1.000000 0.000000 -0.000000
vn -1.000000 0.000000 -0.000000
vn -1.000000 0.000000 0.000000
vn -1.000000 0.000000 -0.000000
vn -1.000000 0.000000 0.000000
vn -1.000000 0.000000 -0.000000
vn -1.000000 0.000000 0.000000
vn -1.000000 0.000000 -0.000000
vn -1.000000 0.000000 0.000000
vn -1.000000 0.000000 -0.000000
vn -1.000000 0.000000 0.000000
vn -1.000000 0.000000 -0.000000
vn -1.000000 0.000000 0.000000
vn -1.000000 0.000000 -0.000000
vn -1.000000 0.000000 0.000000
vn -1.000000 0.000000 -0.000000
vn -1.000000 0.000000 0.000000
vn -1.000000 0.000000 -0.000000
vn -1.000000 0.000000 0.000000
vn -1.000000 0.000000 -0.000000
vn -1.000000 0.000000 0.000000
vn -1.000000 0.000000 -0.000000
vn -1.000000 0.000000 0.000000
vn -1.000000 0.000000 -0.000000
vn -1.000000 0.000000 0.000000
vn -1.000000 0.000000 -0.000000
vn -1.000000 0.000000 0.000000
vn -1.000000 0.000000 -0.000000
vn -1.000000 0.000000 0.000000
vn -1.000000 0.000000 -0.000000
vn -1.000000 0.000000 0.000000
vn -1.000000 0.000000 -0.000000
vn -1.000000 0.000000 0.000000
vn -1.000000 0.000000 -0.000000
vn -1.000000 0.000000 0.000000
vn -1.000000 0.000000 -0.000000
vn -1.000000 0.000000 0.000000
vn -1.000000 0.000000 -0.000000
vn -1.000000 0.000000 0.000000
vn -1.000000 0.000000 -0.000000
vn -1.000000 0.000000 0.000000
vn -1.000000 0.000000 -0.000000
vn -1.000000 0.000000 0.000000
vn -1.000000 0.000000 -0.000000
vn -1.000000 0.000000 0.000000
vn -1.000000 0.000000 -0.000000
vn -1.000000 0.000000 0.000000
vn -1.000000 0.000000 -0.000000
vn -1.000000 0.000000 0.000000
vn -1.000000 0.000000 -0.000000
vn -1.000000 0.000000 0.000000
vn -1.000000 0.000000 0.000000
vn -1.000000 0.000000 0.000000
vn -1.000000 0.000000 -0.000000
vn -1.000000 0.000000 0.000000
vn -1.000000 0.000000 -0.000000
vn -1.000000 0.000000 0.000000
vn -1.000000 0.000000 -0.000000
vn -1.000000 0.000000 0.000000
vn -1.000000 0.000000 -0.000000
vn -1.000000 0.000000 0.000000
vn -1.000000 0.000000 0.000000
vn -1.000000 0.000000 0.000000
vn -1.000000 0.000000 -0.000000
vn -1.000000 0.000000 0.000000
vn -1.000000 0.000000 0.000000
vn -1.000000 0.000000 0.000000
vn -1.000000 0.000000 0.000000
vn -1.000000 0.000000 0.000000
vn -1.000000 0.000000 0.000000
vn -1.000000 0.000000 0.000000
vn -1.000000 0.000000 0.000000
vn -1.000000 -0.000000 -0.000000
vn -1.000000 0.000000 0.000000
vn -1.000000 0.000000 0.000000
vn -1.000000 0.000000 0.000000
vn -1.000000 0.000000 0.000000
vn -1.000000 0.000000 0.000000
vn -1.000000 0.000000 0.000000
vn -1.000000 0.000000 0.000000
vn -1.000000 0.000000 0.000000
vn -1.000000 0.000000 0.000000
vn -1.000000 0.000000 0.000000
vn -1.000000 0.000000 0.000000
vn -1.000000 -0.000000 -0.000000
vn -1.000000 -0.000000 -0.000000
vn -1.000000 0.000000 0.000000
vn -1.000000 0.000000 0.000000
vn -1.000000 0.000000 0.000000
vn -1.000000 0.000000 0.000000
vn -1.000000 0.000000 0.000000
vn -1.000000 0.000000 0.000000
vn -1.000000 0.000000 0.000000
vn -1.000000 0.000000 0.000000
vn -1.000000 0.000000 0.000000
vn -1.000000 0.000000 0.000000
vn -1.000000 0.000000 0.000000
vn -1.000000 0.000000 0.000000
vn -1.000000 0.000000 0.000000
vn -1.000000 0.000000 0.000000
vn -1.000000 0.000000 0.000000
vn -1.000000 0.000000 0.000000
vn -1.000000 0.000000 0.000000
vn -1.000000 0.000000 0.000000
vn -1.000000 -0.000000 -0.000000
vn -1.000000 0.000000 0.000000
vn -1.000000 0.000000 0.000000
vn -1.000000 0.000000 0.000000
vn -1.000000 0.000000 0.000000
vn -1.000000 0.000000 0.000000
vn -1.000000 0.000000 0.000000
vn -1.000000 0.000000 0.000000
vn -1.000000 0.000000 0.000000
vn -1.000000 0.000000 0.000000
vn -1.000000 0.000000 0.000000
vn -1.000000 0.000000 0.000000
vn -1.000000 0.000000 0.000000
vn -1.000000 0.000000 0.000000
vn -1.000000 0.000000 0.000000
vn -1.000000 0.000000 0.000000
vn -1.000000 0.000000 0.000000
vn -1.000000 0.000000 0.000000
vn -1.000000 0.000000 0.000000
vn -1.000000 0.000000 0.000000
vn -1.000000 0.000000 0.000000
vn -1.000000 0.000000 0.000000
vn -1.000000 0.000000 0.000000
vn -1.000000 0.000000 0.000000
vn -1.000000 0.000000 0.000000
vn -1.000000 0.000000 0.000000
vn -1.000000 0.000000 0.000000
vn -1.000000 0.000000 0.000000
vn -1.000000 0.000000 0.000000
vn -1.000000 0.000000 0.000000
vn -1.000000 0.000000 0.000000
vn -1.000000 0.000000 0.000000
vn -1.000000 0.000000 0.000000
vn -1.000000 0.000000 0.000000
vn -1.000000 0.000000 0.000000
vn -1.000000 0.000000 0.000000
vn -1.000000 0.000000 0.000000
vn -1.000000 0.000000 0.000000
vn -1.000000 0.000000 0.000000
vn -1.000000 0.000000 0.000000
vn -1.000000 0.000000 0.000000
vn -1.000000 0.000000 0.000000
vn -1.000000 0.000000 0.000000
vn -1.000000 0.000000 0.000000
vn -1.000000 0.000000 0.000000
vn -1.000000 0.000000 0.000000
vn -1.000000 0.000000 0.000000
vn -1.000000 0.000000 0.000000
vn -1.000000 0.000000 0.000000
vn -1.000000 0.000000 0.000000
vn -1.000000 0.000000 0.000000
vn -1.000000 0.000000 0.000000
vn -1.000000 0.000000 0.000000
vn -1.000000 0.000000 0.000000
vn -1.000000 0.000000 0.000000
vn -1.000000 0.000000 0.000000
vn -1.000000 0.000000 0.000000
vn -1.000000 0.000000 0.000000
vn -1.000000 0.000000 0.000000
vn -1.000000 0.000000 0.000000
vn -1.000000 0.000000 0.000000
vn -1.000000 0.000000 0.000000
vn -1.000000 0.000000 0.000000
vn -1.000000 0.000000 0.000000
vn -1.000000 0.000000 0.000000
vn -1.000000 0.000000 0.000000
vn -1.000000 0.000000 0.000000
vn -1.000000 0.000000 0.000000
vn -1.000000 0.000000 0.000000
vn -1.000000 0.000000 0.000000
vn -1.000000 0.000000 0.000000
vn -1.000000 0.000000 0.000000
vn -1.000000 0.000000 0.000000
vn -1.000000 0.000000 0.000000
vn -1.000000 0.000000 0.000000
vn -1.000000 0.000000 0.000000
vn -1.000000 0.000000 0.000000
vn -1.000000 0.000000 0.000000
vn -1.000000 0.000000 0.000000
vn -1.000000 0.000000 0.000000
vn -1.000000 0.000000 0.000000
vn -1.000000 0.000000 0.000000
vn -1.000000 0.000000 0.000000
vn -1.000000 0.000000 0.000000
vn -1.000000 0.000000 0.000000
vn -1.000000 0.000000 0.000000
vn -1.000000 0.000000 0.000000
vn -1.000000 0.000000 0.000000
vn -1.000000 -0.000000 0.000000
vn -1.000000 -0.000000 0.000000
vn -1.000000 0.000000 0.000000
vn -1.000000 0.000000 0.000000
vn -1.000000 0.000000 0.000000
vn -1.000000 0.000000 0.000000
vn -1.000000 0.000000 0.000000
vn -1.000000 0.000000 0.000000
vn -1.000000 0.000000 0.000000
vn -1.000000 0.000000 0.000000
vn -1.000000 0.000000 0.000000
vn -1.000000 0.000000 0.000000
vn -1.000000 0.000000 0.000000
vn -1.000000 -0.000000 -0.000000
vn -1.000000 0.000000 0.000000
vn -1.000000 0.000000 0.000000
vn -1.000000 0.000000 0.000000
vn -1.000000 0.000000 0.000000
vn -1.000000 0.000000 0.000000
vn -1.000000 0.000000 0.000000
vn -1.000000 0.000000 0.000000
vn -1.000000 0.000000 0.000000
vn -1.000000 0.000000 0.000000
vn -1.000000 0.000000 0.000000
vn -1.000000 0.000000 0.000000
vn -1.000000 0.000000 0.000000
vn -1.000000 0.000000 0.000000
vn -1.000000 0.000000 0.000000
vn -1.000000 0.000000 0.000000
vn -1.000000 0.000000 0.000000
vn -1.000000 0.000000 0.000000
vn -1.000000 0.000000 0.000000
vn -1.000000 0.000000 0.000000
vn -1.000000 0.000000 0.000000
vn -1.000000 0.000000 0.000000
vn -1.000000 0.000000 0.000000
vn -1.000000 0.000000 0.000000
vn -1.000000 0.000000 0.000000
vn -1.000000 0.000000 0.000000
vn -1.000000 0.000000 0.000000
vn -1.000000 0.000000 0.000000
vn -1.000000 0.000000 0.000000
vn -1.000000 0.000000 0.000000
vn -1.000000 0.000000 0.000000
vn -1.000000 0.000000 0.000000
vn -1.000000 0.000000 0.000000
vn -1.000000 0.000000 0.000000
vn -1.000000 0.000000 0.000000
vn -1.000000 0.000000 0.000000
vn -1.000000 0.000000 0.000000
vn -1.000000 0.000000 0.000000
vn -1.000000 0.000000 0.000000
vn -1.000000 0.000000 0.000000
vn -1.000000 0.000000 0.000000
vn -1.000000 0.000000 0.000000
vn -1.000000 0.000000 0.000000
vn -1.000000 0.000000 0.000000
vn -1.000000 0.000000 0.000000
vn -1.000000 0.000000 0.000000
vn -1.000000 0.000000 0.000000
vn -1.000000 0.000000 0.000000
vn -1.000000 0.000000 0.000000
vn -1.000000 0.000000 0.000000
vn -1.000000 0.000000 0.000000
vn -1.000000 0.000000 0.000000
vn -1.000000 0.000000 0.000000
vn -1.000000 0.000000 0.000000
vn -1.000000 -0.000000 0.000000
vn -0.000000 -0.670806 0.741633
vn -0.000000 -0.670806 0.741633
vn -0.000000 -0.670806 0.741633
vn -0.000000 -0.670806 0.741633
vn -0.000000 -0.670806 -0.741633
vn -0.000000 -0.670806 -0.741633
vn 0.000000 -0.670806 -0.741633
vn -0.000000 -0.670806 -0.741633
vn -0.000000 -0.680240 0.732990
vn -0.000000 -0.680240 0.732990
vn -0.000000 -0.680240 0.732990
vn -0.000000 -0.680240 0.732990
vn -0.000000 -0.689528 0.724259
vn -0.000000 -0.689528 0.724259
vn -0.000000 -0.689528 0.724259
vn -0.000000 -0.689528 0.724259
vn -0.000000 -0.698772 0.715344
vn -0.000000 -0.698772 0.715344
vn -0.000000 -0.698772 0.715344
vn -0.000000 -0.698772 0.715344
vn -0.000000 -0.708012 0.706200
vn -0.000000 -0.708012 0.706200
vn -0.000000 -0.708012 0.706200
vn -0.000000 -0.708012 0.706200
vn -0.000000 -0.717260 0.696806
vn -0.000000 -0.717260 0.696806
vn -0.000000 -0.717260 0.696806
vn -0.000000 -0.717260 0.696806
vn -0.000000 -0.726451 0.687218
vn -0.000000 -0.726451 0.687218
vn -0.000000 -0.726451 0.687218
vn -0.000000 -0.726451 0.687218
vn -0.000000 -0.735553 0.677467
vn -0.000000 -0.735553 0.677467
vn -0.000000 -0.735553 0.677467
vn -0.000000 -0.735553 0.677467
vn -0.000000 -0.744647 0.667458
vn -0.000000 -0.744647 0.667458
vn -0.000000 -0.744647 0.667458
vn -0.000000 -0.744647 0.667458
vn -0.000000 -0.753785 0.657121
vn -0.000000 -0.753785 0.657121
vn -0.000000 -0.753785 0.657121
vn -0.000000 -0.753785 0.657121
vn -0.000000 -0.762972 0.646432
vn -0.000000 -0.762972 0.646432
vn -0.000000 -0.762972 0.646432
vn -0.000000 -0.762972 0.646432
vn -0.000000 -0.772213 0.635364
vn -0.000000 -0.772213 0.635364
vn -0.000000 -0.772213 0.635364
vn -0.000000 -0.772213 0.635364
vn -0.000000 -0.781512 0.623890
vn -0.000000 -0.781512 0.623890
vn -0.000000 -0.781512 0.623890
vn -0.000000 -0.781512 0.623890
vn -0.000000 -0.790872 0.611982
vn -0.000000 -0.790872 0.611982
vn -0.000000 -0.790872 0.611982
vn -0.000000 -0.790872 0.611982
vn -0.000000 -0.800293 0.599610
vn -0.000000 -0.800293 0.599610
vn -0.000000 -0.800293 0.599610
vn -0.000000 -0.800293 0.599610
vn -0.000000 -0.809773 0.586743
vn -0.000000 -0.809773 0.586743
vn -0.000000 -0.809773 0.586743
vn -0.000000 -0.809773 0.586743
vn -0.000000 -0.819312 0.573348
vn -0.000000 -0.819312 0.573348
vn -0.000000 -0.819312 0.573348
vn -0.000000 -0.819312 0.573348
vn -0.000000 -0.828904 0.559391
vn -0.000000 -0.828904 0.559391
vn -0.000000 -0.828904 0.559391
vn -0.000000 -0.828904 0.559391
vn -0.000000 -0.838542 0.544837
vn -0.000000 -0.838542 0.544837
vn -0.000000 -0.838542 0.544837
vn -0.000000 -0.838542 0.544837
vn -0.000000 -0.848217 0.529649
vn -0.000000 -0.848217 0.529649
vn -0.000000 -0.848217 0.529649
vn -0.000000 -0.848217 0.529649
vn -0.000000 -0.857917 0.513788
vn -0.000000 -0.857917 0.513788
vn -0.000000 -0.857917 0.513788
vn -0.000000 -0.857917 0.513788
vn 0.000000 1.000000 0.000000
vn 0.000000 1.000000 0.000000
vn -0.000000 1.000000 -0.000000
vn -0.000000 1.000000 0.000000
vn 0.000000 1.000000 0.000000
vn 0.000000 1.000000 0.000000
vn -0.000000 1.000000 -0.000000
vn -0.000000 1.000000 0.000000
vn -0.000000 -0.865607 0.500724
vn -0.000000 -0.865607 0.500724
vn -0.000000 -0.865607 0.500724
vn -0.000000 -0.865607 0.500724
vn 0.000000 1.000000 0.000000
vn 0.000000 1.000000 0.000000
vn -0.000000 1.000000 -0.000000
vn -0.000000 1.000000 0.000000
vn 0.000000 1.000000 0.000000
vn 0.000000 1.000000 0.000000
vn -0.000000 1.000000 -0.000000
vn -0.000000 1.000000 0.000000
vn 0.000000 1.000000 0.000000
vn 0.000000 1.000000 0.000000
vn -0.000000 1.000000 -0.000000
vn -0.000000 1.000000 0.000000
vn 0.000000 1.000000 0.000000
vn 0.000000 1.000000 0.000000
vn -0.000000 1.000000 -0.000000
vn -0.000000 1.000000 0.000000
vn 0.000000 1.000000 0.000000
vn 0.000000 1.000000 0.000000
vn -0.000000 1.000000 -0.000000
vn -0.000000 1.000000 0.000000
vn -0.000000 -0.680240 -0.732990
vn -0.000000 -0.680240 -0.732990
vn 0.000000 -0.680240 -0.732990
vn -0.000000 -0.680240 -0.732990
vn -0.000000 -0.689528 -0.724259
vn -0.000000 -0.689528 -0.724259
vn 0.000000 -0.689528 -0.724259
vn -0.000000 -0.689528 -0.724259
vn -0.000000 -0.698772 -0.715344
vn -0.000000 -0.698772 -0.715344
vn 0.000000 -0.698772 -0.715344
vn -0.000000 -0.698772 -0.715344
vn -0.000000 -0.708012 -0.706200
vn -0.000000 -0.708012 -0.706200
vn 0.000000 -0.708012 -0.706200
vn -0.000000 -0.708012 -0.706200
vn -0.000000 -0.717260 -0.696806
vn -0.000000 -0.717260 -0.696806
vn 0.000000 -0.717260 -0.696806
vn -0.000000 -0.717260 -0.696806
vn -0.000000 -0.726451 -0.687218
vn -0.000000 -0.726451 -0.687218
vn 0.000000 -0.726451 -0.687218
vn -0.000000 -0.726451 -0.687218
vn -0.000000 -0.735553 -0.677467
vn -0.000000 -0.735553 -0.677467
vn 0.000000 -0.735553 -0.677467
vn -0.000000 -0.735553 -0.677467
vn -0.000000 -0.744647 -0.667458
vn -0.000000 -0.744647 -0.667458
vn 0.000000 -0.744647 -0.667458
vn -0.000000 -0.744647 -0.667458
vn -0.000000 -0.753785 -0.657121
vn -0.000000 -0.753785 -0.657121
vn 0.000000 -0.753785 -0.657121
vn -0.000000 -0.753785 -0.657121
vn -0.000000 -0.762972 -0.646432
vn -0.000000 -0.762972 -0.646432
vn 0.000000 -0.762972 -0.646432
vn -0.000000 -0.762972 -0.646432
vn -0.000000 -0.772213 -0.635364
vn -0.000000 -0.772213 -0.635364
vn 0.000000 -0.772213 -0.635364
vn -0.000000 -0.772213 -0.635364
vn -0.000000 -0.781512 -0.623890
vn -0.000000 -0.781512 -0.623890
vn 0.000000 -0.781512 -0.623890
vn -0.000000 -0.781512 -0.623890
vn -0.000000 -0.790872 -0.611982
vn -0.000000 -0.790872 -0.611982
vn 0.000000 -0.790872 -0.611982
vn -0.000000 -0.790872 -0.611982
vn -0.000000 -0.800293 -0.599610
vn -0.000000 -0.800293 -0.599610
vn 0.000000 -0.800293 -0.599610
vn -0.000000 -0.800293 -0.599610
vn -0.000000 -0.809773 -0.586743
vn -0.000000 -0.809773 -0.586743
vn 0.000000 -0.809773 -0.586743
vn -0.000000 -0.809773 -0.586743
vn -0.000000 -0.819312 -0.573348
vn -0.000000 -0.819312 -0.573348
vn 0.000000 -0.819312 -0.573348
vn -0.000000 -0.819312 -0.573348
vn -0.000000 -0.828904 -0.559391
vn -0.000000 -0.828904 -0.559391
vn 0.000000 -0.828904 -0.559391
vn -0.000000 -0.828904 -0.559391
vn -0.000000 -0.838542 -0.544837
vn -0.000000 -0.838542 -0.544837
vn 0.000000 -0.838542 -0.544837
vn -0.000000 -0.838542 -0.544837
vn -0.000000 -0.848217 -0.529649
vn -0.000000 -0.848217 -0.529649
vn 0.000000 -0.848217 -0.529649
vn -0.000000 -0.848217 -0.529649
vn -0.000000 -0.857917 -0.513788
vn -0.000000 -0.857917 -0.513788
vn 0.000000 -0.857917 -0.513788
vn -0.000000 -0.857917 -0.513788
vn 0.000000 1.000000 0.000000
vn 0.000000 1.000000 0.000000
vn -0.000000 1.000000 -0.000000
vn -0.000000 1.000000 0.000000
vn -0.000000 -0.865607 -0.500724
vn -0.000000 -0.865607 -0.500724
vn 0.000000 -0.865607 -0.500724
vn -0.000000 -0.865607 -0.500724
vn -0.000000 -0.670805 0.741634
vn -0.000000 -0.670805 0.741634
vn -0.000000 -0.670805 0.741634
vn -0.000000 -0.670805 0.741634
vn -0.000000 -0.670805 -0.741634
vn -0.000000 -0.670805 -0.741634
vn 0.000000 -0.670805 -0.741634
vn -0.000000 -0.670805 -0.741634
vn -0.000000 -0.680241 0.732989
vn -0.000000 -0.680241 0.732989
vn -0.000000 -0.680241 0.732989
vn -0.000000 -0.680241 0.732989
vn -0.000000 -0.689528 0.724259
vn -0.000000 -0.689528 0.724259
vn -0.000000 -0.689528 0.724259
vn -0.000000 -0.689528 0.724259
vn -0.000000 -0.698772 0.715344
vn -0.000000 -0.698772 0.715344
vn -0.000000 -0.698772 0.715344
vn -0.000000 -0.698772 0.715344
vn -0.000000 -0.708013 0.706200
vn -0.000000 -0.708013 0.706200
vn -0.000000 -0.708013 0.706200
vn -0.000000 -0.708013 0.706200
vn -0.000000 -0.717259 0.696807
vn -0.000000 -0.717259 0.696807
vn -0.000000 -0.717259 0.696807
vn -0.000000 -0.717259 0.696807
vn -0.000000 -0.726451 0.687218
vn -0.000000 -0.726451 0.687218
vn -0.000000 -0.726451 0.687218
vn -0.000000 -0.726451 0.687218
vn -0.000000 -0.735554 0.677466
vn -0.000000 -0.735554 0.677466
vn -0.000000 -0.735554 0.677466
vn -0.000000 -0.735554 0.677466
vn -0.000000 -0.744647 0.667459
vn -0.000000 -0.744647 0.667459
vn -0.000000 -0.744647 0.667459
vn -0.000000 -0.744647 0.667459
vn -0.000000 -0.753786 0.657120
vn -0.000000 -0.753786 0.657120
vn -0.000000 -0.753786 0.657120
vn -0.000000 -0.753786 0.657120
vn -0.000000 -0.762972 0.646432
vn -0.000000 -0.762972 0.646432
vn -0.000000 -0.762972 0.646432
vn -0.000000 -0.762972 0.646432
vn -0.000000 -0.772213 0.635364
vn -0.000000 -0.772213 0.635364
vn -0.000000 -0.772213 0.635364
vn -0.000000 -0.772213 0.635364
vn -0.000000 -0.781512 0.623891
vn -0.000000 -0.781512 0.623891
vn -0.000000 -0.781512 0.623891
vn -0.000000 -0.781512 0.623891
vn -0.000000 -0.790871 0.611983
vn -0.000000 -0.790871 0.611983
vn -0.000000 -0.790871 0.611983
vn -0.000000 -0.790871 0.611983
vn -0.000000 -0.800292 0.599610
vn -0.000000 -0.800292 0.599610
vn -0.000000 -0.800292 0.599610
vn -0.000000 -0.800292 0.599610
vn -0.000000 -0.809775 0.586740
vn -0.000000 -0.809775 0.586740
vn -0.000000 -0.809775 0.586740
vn -0.000000 -0.809775 0.586740
vn -0.000000 -0.819311 0.573349
vn -0.000000 -0.819311 0.573349
vn -0.000000 -0.819311 0.573349
vn -0.000000 -0.819311 0.573349
vn -0.000000 -0.828904 0.559390
vn -0.000000 -0.828904 0.559390
vn -0.000000 -0.828904 0.559390
vn -0.000000 -0.828904 0.559390
vn -0.000000 -0.838542 0.544837
vn -0.000000 -0.838542 0.544837
vn -0.000000 -0.838542 0.544837
vn -0.000000 -0.838542 0.544837
vn -0.000000 -0.848217 0.529649
vn -0.000000 -0.848217 0.529649
vn -0.000000 -0.848217 0.529649
vn -0.000000 -0.848217 0.529649
vn -0.000000 -0.857917 0.513789
vn -0.000000 -0.857917 0.513789
vn -0.000000 -0.857917 0.513789
vn -0.000000 -0.857917 0.513789
vn 0.000000 1.000000 0.000000
vn 0.000000 1.000000 0.000000
vn -0.000000 1.000000 -0.000000
vn -0.000000 1.000000 0.000000
vn 0.000000 1.000000 0.000000
vn 0.000000 1.000000 0.000000
vn -0.000000 1.000000 -0.000000
vn -0.000000 1.000000 0.000000
vn -0.000000 -0.865608 0.500722
vn -0.000000 -0.865608 0.500722
vn -0.000000 -0.865608 0.500722
vn -0.000000 -0.865608 0.500722
vn 0.000000 1.000000 0.000000
vn 0.000000 1.000000 0.000000
vn -0.000000 1.000000 -0.000000
vn -0.000000 1.000000 0.000000
vn 0.000000 1.000000 0.000000
vn 0.000000 1.000000 0.000000
vn -0.000000 1.000000 -0.000000
vn -0.000000 1.000000 0.000000
vn 0.000000 1.000000 0.000000
vn 0.000000 1.000000 0.000000
vn -0.000000 1.000000 -0.000000
vn -0.000000 1.000000 0.000000
vn 0.000000 1.000000 0.000000
vn 0.000000 1.000000 0.000000
vn -0.000000 1.000000 -0.000000
vn -0.000000 1.000000 0.000000
vn 0.000000 1.000000 0.000000
vn 0.000000 1.000000 0.000000
vn -0.000000 1.000000 -0.000000
vn -0.000000 1.000000 0.000000
vn -0.000000 -0.680241 -0.732989
vn -0.000000 -0.680241 -0.732989
vn 0.000000 -0.680241 -0.732989
vn -0.000000 -0.680241 -0.732989
vn -0.000000 -0.689528 -0.724259
vn -0.000000 -0.689528 -0.724259
vn 0.000000 -0.689528 -0.724259
vn -0.000000 -0.689528 -0.724259
vn -0.000000 -0.698772 -0.715344
vn -0.000000 -0.698772 -0.715344
vn 0.000000 -0.698772 -0.715344
vn -0.000000 -0.698772 -0.715344
vn -0.000000 -0.708013 -0.706200
vn -0.000000 -0.708013 -0.706200
vn 0.000000 -0.708013 -0.706200
vn -0.000000 -0.708013 -0.706200
vn -0.000000 -0.717259 -0.696807
vn -0.000000 -0.717259 -0.696807
vn 0.000000 -0.717259 -0.696807
vn -0.000000 -0.717259 -0.696807
vn -0.000000 -0.726451 -0.687218
vn -0.000000 -0.726451 -0.687218
vn 0.000000 -0.726451 -0.687218
vn -0.000000 -0.726451 -0.687218
vn -0.000000 -0.735554 -0.677466
vn -0.000000 -0.735554 -0.677466
vn 0.000000 -0.735554 -0.677466
vn -0.000000 -0.735554 -0.677466
vn -0.000000 -0.744647 -0.667459
vn -0.000000 -0.744647 -0.667459
vn 0.000000 -0.744647 -0.667459
vn -0.000000 -0.744647 -0.667459
vn -0.000000 -0.753786 -0.657120
vn -0.000000 -0.753786 -0.657120
vn 0.000000 -0.753786 -0.657120
vn -0.000000 -0.753786 -0.657120
vn -0.000000 -0.762972 -0.646432
vn -0.000000 -0.762972 -0.646432
vn 0.000000 -0.762972 -0.646432
vn -0.000000 -0.762972 -0.646432
vn -0.000000 -0.772213 -0.635364
vn -0.000000 -0.772213 -0.635364
vn 0.000000 -0.772213 -0.635364
vn -0.000000 -0.772213 -0.635364
vn -0.000000 -0.781512 -0.623891
vn -0.000000 -0.781512 -0.623891
vn 0.000000 -0.781512 -0.623891
vn -0.000000 -0.781512 -0.623891
vn -0.000000 -0.790871 -0.611983
vn -0.000000 -0.790871 -0.611983
vn 0.000000 -0.790871 -0.611983
vn -0.000000 -0.790871 -0.611983
vn -0.000000 -0.800292 -0.599610
vn -0.000000 -0.800292 -0.599610
vn 0.000000 -0.800292 -0.599610
vn -0.000000 -0.800292 -0.599610
vn -0.000000 -0.809775 -0.586740
vn -0.000000 -0.809775 -0.586740
vn 0.000000 -0.809775 -0.586740
vn -0.000000 -0.809775 -0.586740
vn -0.000000 -0.819312 -0.573348
vn -0.000000 -0.819312 -0.573348
vn 0.000000 -0.819312 -0.573348
vn -0.000000 -0.819312 -0.573348
vn -0.000000 -0.828902 -0.559393
vn -0.000000 -0.828902 -0.559393
vn 0.000000 -0.828902 -0.559393
vn -0.000000 -0.828902 -0.559393
vn -0.000000 -0.838543 -0.544836
vn -0.000000 -0.838543 -0.544836
vn 0.000000 -0.838543 -0.544836
vn -0.000000 -0.838543 -0.544836
vn -0.000000 -0.848217 -0.529649
vn -0.000000 -0.848217 -0.529649
vn 0.000000 -0.848217 -0.529649
vn -0.000000 -0.848217 -0.529649
vn -0.000000 -0.857917 -0.513787
vn -0.000000 -0.857917 -0.513787
vn 0.000000 -0.857917 -0.513787
vn -0.000000 -0.857917 -0.513787
vn 0.000000 1.000000 0.000000
vn 0.000000 1.000000 0.000000
vn -0.000000 1.000000 -0.000000
vn -0.000000 1.000000 0.000000
vn -0.000000 -0.865606 -0.500725
vn -0.000000 -0.865606 -0.500725
vn 0.000000 -0.865606 -0.500725
vn -0.000000 -0.865606 -0.500725
vn -0.000000 -0.670805 0.741634
vn -0.000000 -0.670805 0.741634
vn -0.000000 -0.670805 0.741634
vn -0.000000 -0.670805 0.741634
vn -0.000000 -0.670805 -0.741634
vn -0.000000 -0.670805 -0.741634
vn 0.000000 -0.670805 -0.741634
vn -0.000000 -0.670805 -0.741634
vn -0.000000 -0.680241 0.732989
vn -0.000000 -0.680241 0.732989
vn -0.000000 -0.680241 0.732989
vn -0.000000 -0.680241 0.732989
vn -0.000000 -0.689528 0.724259
vn -0.000000 -0.689528 0.724259
vn -0.000000 -0.689528 0.724259
vn -0.000000 -0.689528 0.724259
vn -0.000000 -0.698772 0.715344
vn -0.000000 -0.698772 0.715344
vn -0.000000 -0.698772 0.715344
vn -0.000000 -0.698772 0.715344
vn -0.000000 -0.708013 0.706200
vn -0.000000 -0.708013 0.706200
vn -0.000000 -0.708013 0.706200
vn -0.000000 -0.708013 0.706200
vn -0.000000 -0.717259 0.696807
vn -0.000000 -0.717259 0.696807
vn -0.000000 -0.717259 0.696807
vn -0.000000 -0.717259 0.696807
vn -0.000000 -0.726451 0.687218
vn -0.000000 -0.726451 0.687218
vn -0.000000 -0.726451 0.687218
vn -0.000000 -0.726451 0.687218
vn -0.000000 -0.735554 0.677466
vn -0.000000 -0.735554 0.677466
vn -0.000000 -0.735554 0.677466
vn -0.000000 -0.735554 0.677466
vn -0.000000 -0.744647 0.667459
vn -0.000000 -0.744647 0.667459
vn -0.000000 -0.744647 0.667459
vn -0.000000 -0.744647 0.667459
vn -0.000000 -0.753786 0.657120
vn -0.000000 -0.753786 0.657120
vn -0.000000 -0.753786 0.657120
vn -0.000000 -0.753786 0.657120
vn -0.000000 -0.762972 0.646432
vn -0.000000 -0.762972 0.646432
vn -0.000000 -0.762972 0.646432
vn -0.000000 -0.762972 0.646432
vn -0.000000 -0.772213 0.635364
vn -0.000000 -0.772213 0.635364
vn -0.000000 -0.772213 0.635364
vn -0.000000 -0.772213 0.635364
vn -0.000000 -0.781512 0.623891
vn -0.000000 -0.781512 0.623891
vn -0.000000 -0.781512 0.623891
vn -0.000000 -0.781512 0.623891
vn -0.000000 -0.790871 0.611983
vn -0.000000 -0.790871 0.611983
vn -0.000000 -0.790871 0.611983
vn -0.000000 -0.790871 0.611983
vn -0.000000 -0.800292 0.599610
vn -0.000000 -0.800292 0.599610
vn -0.000000 -0.800292 0.599610
vn -0.000000 -0.800292 0.599610
vn -0.000000 -0.809775 0.586740
vn -0.000000 -0.809775 0.586740
vn -0.000000 -0.809775 0.586740
vn -0.000000 -0.809775 0.586740
vn -0.000000 -0.819312 0.573348
vn -0.000000 -0.819312 0.573348
vn -0.000000 -0.819312 0.573348
vn -0.000000 -0.819312 0.573348
vn -0.000000 -0.828902 0.559393
vn -0.000000 -0.828902 0.559393
vn -0.000000 -0.828902 0.559393
vn -0.000000 -0.828902 0.559393
vn -0.000000 -0.838543 0.544836
vn -0.000000 -0.838543 0.544836
vn -0.000000 -0.838543 0.544836
vn -0.000000 -0.838543 0.544836
vn -0.000000 -0.848217 0.529649
vn -0.000000 -0.848217 0.529649
vn -0.000000 -0.848217 0.529649
vn -0.000000 -0.848217 0.529649
vn -0.000000 -0.857917 0.513787
vn -0.000000 -0.857917 0.513787
vn -0.000000 -0.857917 0.513787
vn -0.000000 -0.857917 0.513787
vn 0.000000 1.000000 0.000000
vn 0.000000 1.000000 0.000000
vn -0.000000 1.000000 -0.000000
vn -0.000000 1.000000 0.000000
vn 0.000000 1.000000 0.000000
vn 0.000000 1.000000 0.000000
vn -0.000000 1.000000 -0.000000
vn -0.000000 1.000000 0.000000
vn -0.000000 -0.865606 0.500725
vn -0.000000 -0.865606 0.500725
vn -0.000000 -0.865606 0.500725
vn -0.000000 -0.865606 0.500725
vn 0.000000 1.000000 0.000000
vn 0.000000 1.000000 0.000000
vn -0.000000 1.000000 -0.000000
vn -0.000000 1.000000 0.000000
vn 0.000000 1.000000 0.000000
vn 0.000000 1.000000 0.000000
vn -0.000000 1.000000 -0.000000
vn -0.000000 1.000000 0.000000
vn 0.000000 1.000000 0.000000
vn 0.000000 1.000000 0.000000
vn -0.000000 1.000000 -0.000000
vn -0.000000 1.000000 0.000000
vn 0.000000 1.000000 0.000000
vn 0.000000 1.000000 0.000000
vn -0.000000 1.000000 -0.000000
vn -0.000000 1.000000 0.000000
vn 0.000000 1.000000 0.000000
vn 0.000000 1.000000 0.000000
vn -0.000000 1.000000 -0.000000
vn -0.000000 1.000000 0.000000
vn -0.000000 -0.680241 -0.732989
vn -0.000000 -0.680241 -0.732989
vn 0.000000 -0.680241 -0.732989
vn -0.000000 -0.680241 -0.732989
vn -0.000000 -0.689528 -0.724259
vn -0.000000 -0.689528 -0.724259
vn 0.000000 -0.689528 -0.724259
vn -0.000000 -0.689528 -0.724259
vn -0.000000 -0.698772 -0.715344
vn -0.000000 -0.698772 -0.715344
vn 0.000000 -0.698772 -0.715344
vn -0.000000 -0.698772 -0.715344
vn -0.000000 -0.708013 -0.706200
vn -0.000000 -0.708013 -0.706200
vn 0.000000 -0.708013 -0.706200
vn -0.000000 -0.708013 -0.706200
vn -0.000000 -0.717259 -0.696807
vn -0.000000 -0.717259 -0.696807
vn 0.000000 -0.717259 -0.696807
vn -0.000000 -0.717259 -0.696807
vn -0.000000 -0.726451 -0.687218
vn -0.000000 -0.726451 -0.687218
vn 0.000000 -0.726451 -0.687218
vn -0.000000 -0.726451 -0.687218
vn -0.000000 -0.735554 -0.677466
vn -0.000000 -0.735554 -0.677466
vn 0.000000 -0.735554 -0.677466
vn -0.000000 -0.735554 -0.677466
vn -0.000000 -0.744647 -0.667459
vn -0.000000 -0.744647 -0.667459
vn 0.000000 -0.744647 -0.667459
vn -0.000000 -0.744647 -0.667459
vn -0.000000 -0.753786 -0.657120
vn -0.000000 -0.753786 -0.657120
vn 0.000000 -0.753786 -0.657120
vn -0.000000 -0.753786 -0.657120
vn -0.000000 -0.762972 -0.646432
vn -0.000000 -0.762972 -0.646432
vn 0.000000 -0.762972 -0.646432
vn -0.000000 -0.762972 -0.646432
vn -0.000000 -0.772213 -0.635364
vn -0.000000 -0.772213 -0.635364
vn 0.000000 -0.772213 -0.635364
vn -0.000000 -0.772213 -0.635364
vn -0.000000 -0.781512 -0.623891
vn -0.000000 -0.781512 -0.623891
vn 0.000000 -0.781512 -0.623891
vn -0.000000 -0.781512 -0.623891
vn -0.000000 -0.790871 -0.611983
vn -0.000000 -0.790871 -0.611983
vn 0.000000 -0.790871 -0.611983
vn -0.000000 -0.790871 -0.611983
vn -0.000000 -0.800292 -0.599610
vn -0.000000 -0.800292 -0.599610
vn 0.000000 -0.800292 -0.599610
vn -0.000000 -0.800292 -0.599610
vn -0.000000 -0.809775 -0.586740
vn -0.000000 -0.809775 -0.586740
vn 0.000000 -0.809775 -0.586740
vn -0.000000 -0.809775 -0.586740
vn -0.000000 -0.819311 -0.573349
vn -0.000000 -0.819311 -0.573349
vn 0.000000 -0.819311 -0.573349
vn -0.000000 -0.819311 -0.573349
vn -0.000000 -0.828904 -0.559390
vn -0.000000 -0.828904 -0.559390
vn 0.000000 -0.828904 -0.559390
vn -0.000000 -0.828904 -0.559390
vn -0.000000 -0.838542 -0.544837
vn -0.000000 -0.838542 -0.544837
vn 0.000000 -0.838542 -0.544837
vn -0.000000 -0.838542 -0.544837
vn -0.000000 -0.848217 -0.529649
vn -0.000000 -0.848217 -0.529649
vn 0.000000 -0.848217 -0.529649
vn -0.000000 -0.848217 -0.529649
vn -0.000000 -0.857917 -0.513789
vn -0.000000 -0.857917 -0.513789
vn 0.000000 -0.857917 -0.513789
vn -0.000000 -0.857917 -0.513789
vn 0.000000 1.000000 0.000000
vn 0.000000 1.000000 0.000000
vn -0.000000 1.000000 -0.000000
vn -0.000000 1.000000 0.000000
vn -0.000000 -0.865608 -0.500722
vn -0.000000 -0.865608 -0.500722
vn 0.000000 -0.865608 -0.500722
vn -0.000000 -0.865608 -0.500722
vn 0.000000 1.000000 0.000000
vn 0.000000 1.000000 0.000000
vn -0.000000 1.000000 -0.000000
vn -0.000000 1.000000 0.000000
vn 0.000000 1.000000 0.000000
vn 0.000000 1.000000 0.000000
vn -0.000000 1.000000 -0.000000
vn -0.000000 1.000000 0.000000
vn 0.000000 1.000000 0.000000
vn 0.000000 1.000000 0.000000
vn -0.000000 1.000000 -0.000000
vn -0.000000 1.000000 0.000000
vn 0.000000 1.000000 0.000000
vn 0.000000 1.000000 0.000000
vn -0.000000 1.000000 -0.000000
vn -0.000000 1.000000 0.000000
vn 0.000000 1.000000 0.000000
vn 0.000000 1.000000 0.000000
vn -0.000000 1.000000 -0.000000
vn -0.000000 1.000000 0.000000
vn 0.000000 1.000000 0.000000
vn 0.000000 1.000000 0.000000
vn -0.000000 1.000000 -0.000000
vn -0.000000 1.000000 0.000000
vn 0.000000 1.000000 0.000000
vn 0.000000 1.000000 0.000000
vn -0.000000 1.000000 -0.000000
vn -0.000000 1.000000 0.000000
vn 0.000000 1.000000 0.000000
vn 0.000000 1.000000 0.000000
vn -0.000000 1.000000 -0.000000
vn -0.000000 1.000000 0.000000
vn 0.000000 1.000000 0.000000
vn 0.000000 1.000000 0.000000
vn -0.000000 1.000000 -0.000000
vn -0.000000 1.000000 0.000000
vn 0.000000 1.000000 0.000000
vn 0.000000 1.000000 0.000000
vn -0.000000 1.000000 -0.000000
vn -0.000000 1.000000 0.000000
vn 0.000000 1.000000 0.000000
vn 0.000000 1.000000 0.000000
vn -0.000000 1.000000 -0.000000
vn -0.000000 1.000000 0.000000
vn 0.000000 1.000000 0.000000
vn 0.000000 1.000000 0.000000
vn -0.000000 1.000000 -0.000000
vn -0.000000 1.000000 0.000000
vn 0.000000 1.000000 0.000000
vn 0.000000 1.000000 0.000000
vn -0.000000 1.000000 -0.000000
vn -0.000000 1.000000 0.000000
vn 0.000000 1.000000 0.000000
vn 0.000000 1.000000 0.000000
vn -0.000000 1.000000 -0.000000
vn -0.000000 1.000000 0.000000
vn 0.000000 1.000000 0.000000
vn 0.000000 1.000000 0.000000
vn -0.000000 1.000000 -0.000000
vn -0.000000 1.000000 0.000000
vn 0.000000 1.000000 0.000000
vn 0.000000 1.000000 0.000000
vn -0.000000 1.000000 -0.000000
vn -0.000000 1.000000 0.000000
vn 0.000000 1.000000 0.000000
vn 0.000000 1.000000 0.000000
vn -0.000000 1.000000 -0.000000
vn -0.000000 1.000000 0.000000
vn 0.000000 1.000000 0.000000
vn 0.000000 1.000000 0.000000
vn -0.000000 1.000000 -0.000000
vn -0.000000 1.000000 0.000000
vn 0.000000 1.000000 0.000000
vn 0.000000 1.000000 0.000000
vn -0.000000 1.000000 -0.000000
vn -0.000000 1.000000 0.000000
vn 0.000000 1.000000 0.000000
vn 0.000000 1.000000 0.000000
vn -0.000000 1.000000 -0.000000
vn -0.000000 1.000000 0.000000
vn 0.000000 1.000000 0.000000
vn 0.000000 1.000000 0.000000
vn -0.000000 1.000000 -0.000000
vn -0.000000 1.000000 0.000000
vn 0.000000 1.000000 0.000000
vn 0.000000 1.000000 0.000000
vn -0.000000 1.000000 -0.000000
vn -0.000000 1.000000 0.000000
vn 0.000000 1.000000 0.000000
vn 0.000000 1.000000 0.000000
vn -0.000000 1.000000 -0.000000
vn -0.000000 1.000000 0.000000
vn 0.000000 1.000000 0.000000
vn 0.000000 1.000000 0.000000
vn -0.000000 1.000000 -0.000000
vn -0.000000 1.000000 0.000000
vn 0.000000 1.000000 0.000000
vn 0.000000 1.000000 0.000000
vn -0.000000 1.000000 -0.000000
vn -0.000000 1.000000 0.000000
vn 0.000000 1.000000 0.000000
vn 0.000000 1.000000 0.000000
vn -0.000000 1.000000 -0.000000
vn -0.000000 1.000000 0.000000
vn 0.000000 1.000000 0.000000
vn 0.000000 1.000000 0.000000
vn -0.000000 1.000000 -0.000000
vn -0.000000 1.000000 0.000000
vn 0.000000 1.000000 0.000000
vn 0.000000 1.000000 0.000000
vn -0.000000 1.000000 -0.000000
vn -0.000000 1.000000 0.000000
vn 0.000000 1.000000 0.000000
vn 0.000000 1.000000 0.000000
vn -0.000000 1.000000 -0.000000
vn -0.000000 1.000000 0.000000
vn 0.000000 1.000000 0.000000
vn 0.000000 1.000000 0.000000
vn -0.000000 1.000000 -0.000000
vn -0.000000 1.000000 0.000000
vn 0.000000 1.000000 0.000000
vn 0.000000 1.000000 0.000000
vn -0.000000 1.000000 -0.000000
vn -0.000000 1.000000 0.000000
vn 0.000000 1.000000 0.000000
vn 0.000000 1.000000 0.000000
vn -0.000000 1.000000 -0.000000
vn -0.000000 1.000000 0.000000
vn -0.000000 -0.871278 -0.490791
vn -0.000000 -0.871278 -0.490791
vn 0.000000 -0.871278 -0.490791
vn -0.000000 -0.871278 -0.490791
vn -0.000000 -0.876989 -0.480510
vn -0.000000 -0.876989 -0.480510
vn 0.000000 -0.876989 -0.480510
vn -0.000000 -0.876989 -0.480510
vn -0.000000 -0.882742 -0.469859
vn -0.000000 -0.882742 -0.469859
vn 0.000000 -0.882742 -0.469859
vn -0.000000 -0.882742 -0.469859
vn -0.000000 -0.888462 -0.458951
vn -0.000000 -0.888462 -0.458951
vn 0.000000 -0.888462 -0.458951
vn -0.000000 -0.888462 -0.458951
vn -0.000000 -0.894160 -0.447747
vn -0.000000 -0.894160 -0.447747
vn 0.000000 -0.894160 -0.447747
vn -0.000000 -0.894160 -0.447747
vn -0.000000 -0.899831 -0.436238
vn -0.000000 -0.899831 -0.436238
vn 0.000000 -0.899831 -0.436238
vn -0.000000 -0.899831 -0.436238
vn -0.000000 -0.905469 -0.424413
vn -0.000000 -0.905469 -0.424413
vn 0.000000 -0.905469 -0.424413
vn -0.000000 -0.905469 -0.424413
vn -0.000000 -0.911062 -0.412269
vn -0.000000 -0.911062 -0.412269
vn 0.000000 -0.911062 -0.412269
vn -0.000000 -0.911062 -0.412269
vn -0.000000 -0.916606 -0.399791
vn -0.000000 -0.916606 -0.399791
vn 0.000000 -0.916606 -0.399791
vn -0.000000 -0.916606 -0.399791
vn -0.000000 -0.922177 -0.386768
vn -0.000000 -0.922177 -0.386768
vn 0.000000 -0.922177 -0.386768
vn -0.000000 -0.922177 -0.386768
vn -0.000000 -0.927785 -0.373114
vn -0.000000 -0.927785 -0.373114
vn 0.000000 -0.927785 -0.373114
vn -0.000000 -0.927785 -0.373114
vn -0.000000 -0.933330 -0.359020
vn -0.000000 -0.933330 -0.359020
vn 0.000000 -0.933330 -0.359020
vn -0.000000 -0.933330 -0.359020
vn -0.000000 -0.938775 -0.344531
vn -0.000000 -0.938775 -0.344531
vn 0.000000 -0.938775 -0.344531
vn -0.000000 -0.938775 -0.344531
vn -0.000000 -0.944107 -0.329640
vn -0.000000 -0.944107 -0.329640
vn 0.000000 -0.944107 -0.329640
vn -0.000000 -0.944107 -0.329640
vn -0.000000 -0.949312 -0.314336
vn -0.000000 -0.949312 -0.314336
vn 0.000000 -0.949312 -0.314336
vn -0.000000 -0.949312 -0.314336
vn -0.000000 -0.954374 -0.298613
vn -0.000000 -0.954374 -0.298613
vn 0.000000 -0.954374 -0.298613
vn -0.000000 -0.954374 -0.298613
vn -0.000000 -0.959277 -0.282466
vn -0.000000 -0.959277 -0.282466
vn 0.000000 -0.959277 -0.282466
vn -0.000000 -0.959277 -0.282466
vn -0.000000 -0.964004 -0.265888
vn -0.000000 -0.964004 -0.265888
vn 0.000000 -0.964004 -0.265888
vn -0.000000 -0.964004 -0.265888
vn -0.000000 -0.968536 -0.248875
vn -0.000000 -0.968536 -0.248875
vn 0.000000 -0.968536 -0.248875
vn -0.000000 -0.968536 -0.248875
vn -0.000000 -0.972853 -0.231424
vn -0.000000 -0.972853 -0.231424
vn 0.000000 -0.972853 -0.231424
vn -0.000000 -0.972853 -0.231424
vn -0.000000 -0.976936 -0.213532
vn -0.000000 -0.976936 -0.213532
vn 0.000000 -0.976936 -0.213532
vn -0.000000 -0.976936 -0.213532
vn -0.000000 -0.980764 -0.195199
vn -0.000000 -0.980764 -0.195199
vn 0.000000 -0.980764 -0.195199
vn -0.000000 -0.980764 -0.195199
vn -0.000000 -0.984314 -0.176425
vn -0.000000 -0.984314 -0.176425
vn 0.000000 -0.984314 -0.176425
vn -0.000000 -0.984314 -0.176425
vn -0.000000 -0.987564 -0.157215
vn -0.000000 -0.987564 -0.157215
vn 0.000000 -0.987564 -0.157215
vn -0.000000 -0.987564 -0.157215
vn -0.000000 -0.990492 -0.137569
vn -0.000000 -0.990492 -0.137569
vn 0.000000 -0.990492 -0.137569
vn -0.000000 -0.990492 -0.137569
vn -0.000000 -0.993073 -0.117498
vn -0.000000 -0.993073 -0.117498
vn 0.000000 -0.993073 -0.117498
vn -0.000000 -0.993073 -0.117498
vn -0.000000 -0.995284 -0.097008
vn -0.000000 -0.995284 -0.097008
vn 0.000000 -0.995284 -0.097008
vn -0.000000 -0.995284 -0.097008
vn -0.000000 -0.997099 -0.076112
vn -0.000000 -0.997099 -0.076112
vn 0.000000 -0.997099 -0.076112
vn -0.000000 -0.997099 -0.076112
vn -0.000000 -0.998496 -0.054822
vn -0.000000 -0.998496 -0.054822
vn 0.000000 -0.998496 -0.054822
vn -0.000000 -0.998496 -0.054822
vn -0.000000 -0.999450 -0.033155
vn -0.000000 -0.999450 -0.033155
vn 0.000000 -0.999450 -0.033155
vn -0.000000 -0.999450 -0.033155
vn -0.000000 -0.999938 -0.011128
vn -0.000000 -0.999938 -0.011128
vn 0.000000 -0.999938 -0.011128
vn -0.000000 -0.999938 -0.011128
vn -0.000000 -0.999938 0.011128
vn -0.000000 -0.999938 0.011128
vn -0.000000 -0.999938 0.011128
vn -0.000000 -0.999938 0.011128
vn 0.000000 1.000000 0.000000
vn 0.000000 1.000000 0.000000
vn -0.000000 1.000000 -0.000000
vn -0.000000 1.000000 0.000000
vn 0.000000 1.000000 0.000000
vn 0.000000 1.000000 0.000000
vn -0.000000 1.000000 -0.000000
vn -0.000000 1.000000 0.000000
vn 0.000000 1.000000 0.000000
vn 0.000000 1.000000 0.000000
vn -0.000000 1.000000 -0.000000
vn -0.000000 1.000000 0.000000
vn 0.000000 1.000000 0.000000
vn 0.000000 1.000000 0.000000
vn -0.000000 1.000000 -0.000000
vn -0.000000 1.000000 0.000000
vn 0.000000 1.000000 0.000000
vn 0.000000 1.000000 0.000000
vn -0.000000 1.000000 -0.000000
vn -0.000000 1.000000 0.000000
vn 0.000000 1.000000 0.000000
vn 0.000000 1.000000 0.000000
vn -0.000000 1.000000 -0.000000
vn -0.000000 1.000000 0.000000
vn 0.000000 1.000000 0.000000
vn 0.000000 1.000000 0.000000
vn -0.000000 1.000000 -0.000000
vn -0.000000 1.000000 0.000000
vn 0.000000 1.000000 0.000000
vn 0.000000 1.000000 0.000000
vn -0.000000 1.000000 -0.000000
vn -0.000000 1.000000 0.000000
vn 0.000000 1.000000 0.000000
vn 0.000000 1.000000 0.000000
vn -0.000000 1.000000 -0.000000
vn -0.000000 1.000000 0.000000
vn 0.000000 1.000000 0.000000
vn 0.000000 1.000000 0.000000
vn -0.000000 1.000000 -0.000000
vn -0.000000 1.000000 0.000000
vn 0.000000 1.000000 0.000000
vn 0.000000 1.000000 0.000000
vn -0.000000 1.000000 -0.000000
vn -0.000000 1.000000 0.000000
vn 0.000000 1.000000 0.000000
vn 0.000000 1.000000 0.000000
vn -0.000000 1.000000 -0.000000
vn -0.000000 1.000000 0.000000
vn 0.000000 1.000000 0.000000
vn 0.000000 1.000000 0.000000
vn -0.000000 1.000000 -0.000000
vn -0.000000 1.000000 0.000000
vn 0.000000 1.000000 0.000000
vn 0.000000 1.000000 0.000000
vn -0.000000 1.000000 -0.000000
vn -0.000000 1.000000 0.000000
vn 0.000000 1.000000 0.000000
vn 0.000000 1.000000 0.000000
vn -0.000000 1.000000 -0.000000
vn -0.000000 1.000000 0.000000
vn 0.000000 1.000000 0.000000
vn 0.000000 1.000000 0.000000
vn -0.000000 1.000000 -0.000000
vn -0.000000 1.000000 0.000000
vn 0.000000 1.000000 0.000000
vn 0.000000 1.000000 0.000000
vn -0.000000 1.000000 -0.000000
vn -0.000000 1.000000 0.000000
vn 0.000000 1.000000 0.000000
vn 0.000000 1.000000 0.000000
vn -0.000000 1.000000 -0.000000
vn -0.000000 1.000000 0.000000
vn 0.000000 1.000000 0.000000
vn 0.000000 1.000000 0.000000
vn -0.000000 1.000000 -0.000000
vn -0.000000 1.000000 0.000000
vn 0.000000 1.000000 0.000000
vn 0.000000 1.000000 0.000000
vn -0.000000 1.000000 -0.000000
vn -0.000000 1.000000 0.000000
vn 0.000000 1.000000 0.000000
vn 0.000000 1.000000 0.000000
vn -0.000000 1.000000 -0.000000
vn -0.000000 1.000000 0.000000
vn 0.000000 1.000000 0.000000
vn 0.000000 1.000000 0.000000
vn -0.000000 1.000000 -0.000000
vn -0.000000 1.000000 0.000000
vn 0.000000 1.000000 0.000000
vn 0.000000 1.000000 0.000000
vn -0.000000 1.000000 -0.000000
vn -0.000000 1.000000 0.000000
vn 0.000000 1.000000 0.000000
vn 0.000000 1.000000 0.000000
vn -0.000000 1.000000 -0.000000
vn -0.000000 1.000000 0.000000
vn 0.000000 1.000000 0.000000
vn 0.000000 1.000000 0.000000
vn -0.000000 1.000000 -0.000000
vn -0.000000 1.000000 0.000000
vn 0.000000 1.000000 0.000000
vn 0.000000 1.000000 0.000000
vn -0.000000 1.000000 -0.000000
vn -0.000000 1.000000 0.000000
vn 0.000000 1.000000 0.000000
vn 0.000000 1.000000 0.000000
vn -0.000000 1.000000 -0.000000
vn -0.000000 1.000000 0.000000
vn 0.000000 1.000000 0.000000
vn 0.000000 1.000000 0.000000
vn -0.000000 1.000000 -0.000000
vn -0.000000 1.000000 0.000000
vn 0.000000 1.000000 0.000000
vn 0.000000 1.000000 0.000000
vn -0.000000 1.000000 -0.000000
vn -0.000000 1.000000 0.000000
vn 0.000000 1.000000 0.000000
vn 0.000000 1.000000 0.000000
vn -0.000000 1.000000 -0.000000
vn -0.000000 1.000000 0.000000
vn -0.000000 -0.871278 0.490791
vn -0.000000 -0.871278 0.490791
vn -0.000000 -0.871278 0.490791
vn -0.000000 -0.871278 0.490791
vn -0.000000 -0.876989 0.480510
vn -0.000000 -0.876989 0.480510
vn -0.000000 -0.876989 0.480510
vn -0.000000 -0.876989 0.480510
vn -0.000000 -0.882741 0.469860
vn -0.000000 -0.882741 0.469860
vn -0.000000 -0.882741 0.469860
vn -0.000000 -0.882741 0.469860
vn -0.000000 -0.888462 0.458951
vn -0.000000 -0.888462 0.458951
vn -0.000000 -0.888462 0.458951
vn -0.000000 -0.888462 0.458951
vn -0.000000 -0.894160 0.447747
vn -0.000000 -0.894160 0.447747
vn -0.000000 -0.894160 0.447747
vn -0.000000 -0.894160 0.447747
vn -0.000000 -0.899832 0.436237
vn -0.000000 -0.899832 0.436237
vn -0.000000 -0.899832 0.436237
vn -0.000000 -0.899832 0.436237
vn -0.000000 -0.905468 0.424414
vn -0.000000 -0.905468 0.424414
vn -0.000000 -0.905468 0.424414
vn -0.000000 -0.905468 0.424414
vn -0.000000 -0.911062 0.412269
vn -0.000000 -0.911062 0.412269
vn -0.000000 -0.911062 0.412269
vn -0.000000 -0.911062 0.412269
vn -0.000000 -0.916606 0.399791
vn -0.000000 -0.916606 0.399791
vn -0.000000 -0.916606 0.399791
vn -0.000000 -0.916606 0.399791
vn -0.000000 -0.922178 0.386767
vn -0.000000 -0.922178 0.386767
vn -0.000000 -0.922178 0.386767
vn -0.000000 -0.922178 0.386767
vn -0.000000 -0.927786 0.373113
vn -0.000000 -0.927786 0.373113
vn -0.000000 -0.927786 0.373113
vn -0.000000 -0.927786 0.373113
vn -0.000000 -0.933330 0.359021
vn -0.000000 -0.933330 0.359021
vn -0.000000 -0.933330 0.359021
vn -0.000000 -0.933330 0.359021
vn -0.000000 -0.938775 0.344532
vn -0.000000 -0.938775 0.344532
vn -0.000000 -0.938775 0.344532
vn -0.000000 -0.938775 0.344532
vn -0.000000 -0.944107 0.329639
vn -0.000000 -0.944107 0.329639
vn -0.000000 -0.944107 0.329639
vn -0.000000 -0.944107 0.329639
vn -0.000000 -0.949312 0.314336
vn -0.000000 -0.949312 0.314336
vn -0.000000 -0.949312 0.314336
vn -0.000000 -0.949312 0.314336
vn -0.000000 -0.954374 0.298613
vn -0.000000 -0.954374 0.298613
vn -0.000000 -0.954374 0.298613
vn -0.000000 -0.954374 0.298613
vn -0.000000 -0.959277 0.282466
vn -0.000000 -0.959277 0.282466
vn -0.000000 -0.959277 0.282466
vn -0.000000 -0.959277 0.282466
vn -0.000000 -0.964004 0.265888
vn -0.000000 -0.964004 0.265888
vn -0.000000 -0.964004 0.265888
vn -0.000000 -0.964004 0.265888
vn -0.000000 -0.968535 0.248876
vn -0.000000 -0.968535 0.248876
vn -0.000000 -0.968535 0.248876
vn -0.000000 -0.968535 0.248876
vn -0.000000 -0.972853 0.231424
vn -0.000000 -0.972853 0.231424
vn -0.000000 -0.972853 0.231424
vn -0.000000 -0.972853 0.231424
vn -0.000000 -0.976936 0.213532
vn -0.000000 -0.976936 0.213532
vn -0.000000 -0.976936 0.213532
vn -0.000000 -0.976936 0.213532
vn -0.000000 -0.980764 0.195199
vn -0.000000 -0.980764 0.195199
vn -0.000000 -0.980764 0.195199
vn -0.000000 -0.980764 0.195199
vn -0.000000 -0.984314 0.176425
vn -0.000000 -0.984314 0.176425
vn -0.000000 -0.984314 0.176425
vn -0.000000 -0.984314 0.176425
vn -0.000000 -0.987564 0.157215
vn -0.000000 -0.987564 0.157215
vn -0.000000 -0.987564 0.157215
vn -0.000000 -0.987564 0.157215
vn -0.000000 -0.990492 0.137569
vn -0.000000 -0.990492 0.137569
vn -0.000000 -0.990492 0.137569
vn -0.000000 -0.990492 0.137569
vn -0.000000 -0.993073 0.117498
vn -0.000000 -0.993073 0.117498
vn -0.000000 -0.993073 0.117498
vn -0.000000 -0.993073 0.117498
vn -0.000000 -0.995284 0.097008
vn -0.000000 -0.995284 0.097008
vn -0.000000 -0.995284 0.097008
vn -0.000000 -0.995284 0.097008
vn -0.000000 -0.997099 0.076112
vn -0.000000 -0.997099 0.076112
vn -0.000000 -0.997099 0.076112
vn -0.000000 -0.997099 0.076112
vn -0.000000 -0.998496 0.054822
vn -0.000000 -0.998496 0.054822
vn -0.000000 -0.998496 0.054822
vn -0.000000 -0.998496 0.054822
vn -0.000000 -0.999450 0.033155
vn -0.000000 -0.999450 0.033155
vn -0.000000 -0.999450 0.033155
vn -0.000000 -0.999450 0.033155
vn 0.000000 1.000000 0.000000
vn 0.000000 1.000000 0.000000
vn -0.000000 1.000000 -0.000000
vn -0.000000 1.000000 0.000000
vn 0.000000 1.000000 0.000000
vn 0.000000 1.000000 0.000000
vn -0.000000 1.000000 -0.000000
vn -0.000000 1.000000 0.000000
vn 0.000000 1.000000 0.000000
vn 0.000000 1.000000 0.000000
vn -0.000000 1.000000 -0.000000
vn -0.000000 1.000000 0.000000
vn 0.000000 1.000000 0.000000
vn 0.000000 1.000000 0.000000
vn -0.000000 1.000000 -0.000000
vn -0.000000 1.000000 0.000000
vn 0.000000 1.000000 0.000000
vn 0.000000 1.000000 0.000000
vn -0.000000 1.000000 -0.000000
vn -0.000000 1.000000 0.000000
vn 0.000000 1.000000 0.000000
vn 0.000000 1.000000 0.000000
vn -0.000000 1.000000 -0.000000
vn -0.000000 1.000000 0.000000
vn 0.000000 1.000000 0.000000
vn 0.000000 1.000000 0.000000
vn -0.000000 1.000000 -0.000000
vn -0.000000 1.000000 0.000000
vn 0.000000 1.000000 0.000000
vn 0.000000 1.000000 0.000000
vn -0.000000 1.000000 -0.000000
vn -0.000000 1.000000 0.000000
vn 0.000000 1.000000 0.000000
vn 0.000000 1.000000 0.000000
vn -0.000000 1.000000 -0.000000
vn -0.000000 1.000000 0.000000
vn 0.000000 1.000000 0.000000
vn 0.000000 1.000000 0.000000
vn -0.000000 1.000000 -0.000000
vn -0.000000 1.000000 0.000000
vn 0.000000 1.000000 0.000000
vn 0.000000 1.000000 0.000000
vn -0.000000 1.000000 -0.000000
vn -0.000000 1.000000 0.000000
vn 0.000000 1.000000 0.000000
vn 0.000000 1.000000 0.000000
vn -0.000000 1.000000 -0.000000
vn -0.000000 1.000000 0.000000
vn 0.000000 1.000000 0.000000
vn 0.000000 1.000000 0.000000
vn -0.000000 1.000000 -0.000000
vn -0.000000 1.000000 0.000000
vn 0.000000 1.000000 0.000000
vn 0.000000 1.000000 0.000000
vn -0.000000 1.000000 -0.000000
vn -0.000000 1.000000 0.000000
vn 0.000000 1.000000 0.000000
vn 0.000000 1.000000 0.000000
vn -0.000000 1.000000 -0.000000
vn -0.000000 1.000000 0.000000
vn 0.000000 1.000000 0.000000
vn 0.000000 1.000000 0.000000
vn -0.000000 1.000000 -0.000000
vn -0.000000 1.000000 0.000000
vn 0.000000 1.000000 0.000000
vn 0.000000 1.000000 0.000000
vn -0.000000 1.000000 -0.000000
vn -0.000000 1.000000 0.000000
vn 0.000000 1.000000 0.000000
vn 0.000000 1.000000 0.000000
vn -0.000000 1.000000 -0.000000
vn -0.000000 1.000000 0.000000
vn 0.000000 1.000000 0.000000
vn 0.000000 1.000000 0.000000
vn -0.000000 1.000000 -0.000000
vn -0.000000 1.000000 0.000000
vn 0.000000 1.000000 0.000000
vn 0.000000 1.000000 0.000000
vn -0.000000 1.000000 -0.000000
vn -0.000000 1.000000 0.000000
vn 0.000000 1.000000 0.000000
vn 0.000000 1.000000 0.000000
vn -0.000000 1.000000 -0.000000
vn -0.000000 1.000000 0.000000
vn 0.000000 1.000000 0.000000
vn 0.000000 1.000000 0.000000
vn -0.000000 1.000000 -0.000000
vn -0.000000 1.000000 0.000000
vn 0.000000 1.000000 0.000000
vn 0.000000 1.000000 0.000000
vn -0.000000 1.000000 -0.000000
vn -0.000000 1.000000 0.000000
vn 0.000000 1.000000 0.000000
vn 0.000000 1.000000 0.000000
vn -0.000000 1.000000 -0.000000
vn -0.000000 1.000000 0.000000
vn 0.000000 1.000000 0.000000
vn 0.000000 1.000000 0.000000
vn -0.000000 1.000000 -0.000000
vn -0.000000 1.000000 0.000000
vn 0.000000 1.000000 0.000000
vn 0.000000 1.000000 0.000000
vn -0.000000 1.000000 -0.000000
vn -0.000000 1.000000 0.000000
vn 0.000000 1.000000 0.000000
vn 0.000000 1.000000 0.000000
vn -0.000000 1.000000 -0.000000
vn -0.000000 1.000000 0.000000
vn 0.000000 1.000000 0.000000
vn 0.000000 1.000000 0.000000
vn -0.000000 1.000000 -0.000000
vn -0.000000 1.000000 0.000000
vn 0.000000 1.000000 0.000000
vn 0.000000 1.000000 0.000000
vn -0.000000 1.000000 -0.000000
vn -0.000000 1.000000 0.000000
vn 0.000000 1.000000 0.000000
vn 0.000000 1.000000 0.000000
vn -0.000000 1.000000 -0.000000
vn -0.000000 1.000000 0.000000
vn 0.000000 1.000000 0.000000
vn 0.000000 1.000000 0.000000
vn -0.000000 1.000000 -0.000000
vn -0.000000 1.000000 0.000000
vn -0.000000 -0.000000 -1.000000
vn -0.000000 0.000000 -1.000000
vn -0.000000 0.000000 -1.000000
vn 0.000000 -0.000000 -1.000000
vn -0.000000 -0.000000 -1.000000
vn -0.000000 0.000000 -1.000000
vn -0.000000 0.000000 -1.000000
vn 0.000000 -0.000000 -1.000000
vn -0.000000 -0.871278 0.490791
vn -0.000000 -0.871278 0.490791
vn -0.000000 -0.871278 0.490791
vn -0.000000 -0.871278 0.490791
vn -0.000000 -0.876989 0.480510
vn -0.000000 -0.876989 0.480510
vn -0.000000 -0.876989 0.480510
vn -0.000000 -0.876989 0.480510
vn -0.000000 -0.882742 0.469859
vn -0.000000 -0.882742 0.469859
vn -0.000000 -0.882742 0.469859
vn -0.000000 -0.882742 0.469859
vn -0.000000 -0.888460 0.458953
vn -0.000000 -0.888460 0.458953
vn -0.000000 -0.888460 0.458953
vn -0.000000 -0.888460 0.458953
vn -0.000000 -0.894160 0.447747
vn -0.000000 -0.894160 0.447747
vn -0.000000 -0.894160 0.447747
vn -0.000000 -0.894160 0.447747
vn -0.000000 -0.899833 0.436234
vn -0.000000 -0.899833 0.436234
vn -0.000000 -0.899833 0.436234
vn -0.000000 -0.899833 0.436234
vn -0.000000 -0.905468 0.424415
vn -0.000000 -0.905468 0.424415
vn -0.000000 -0.905468 0.424415
vn -0.000000 -0.905468 0.424415
vn -0.000000 -0.911062 0.412269
vn -0.000000 -0.911062 0.412269
vn -0.000000 -0.911062 0.412269
vn -0.000000 -0.911062 0.412269
vn -0.000000 -0.916605 0.399794
vn -0.000000 -0.916605 0.399794
vn -0.000000 -0.916605 0.399794
vn -0.000000 -0.916605 0.399794
vn -0.000000 -0.922178 0.386766
vn -0.000000 -0.922178 0.386766
vn -0.000000 -0.922178 0.386766
vn -0.000000 -0.922178 0.386766
vn -0.000000 -0.927786 0.373112
vn -0.000000 -0.927786 0.373112
vn -0.000000 -0.927786 0.373112
vn -0.000000 -0.927786 0.373112
vn -0.000000 -0.933328 0.359024
vn -0.000000 -0.933328 0.359024
vn -0.000000 -0.933328 0.359024
vn -0.000000 -0.933328 0.359024
vn -0.000000 -0.938776 0.344529
vn -0.000000 -0.938776 0.344529
vn -0.000000 -0.938776 0.344529
vn -0.000000 -0.938776 0.344529
vn -0.000000 -0.944107 0.329640
vn -0.000000 -0.944107 0.329640
vn -0.000000 -0.944107 0.329640
vn -0.000000 -0.944107 0.329640
vn -0.000000 -0.949312 0.314334
vn -0.000000 -0.949312 0.314334
vn -0.000000 -0.949312 0.314334
vn -0.000000 -0.949312 0.314334
vn -0.000000 -0.954374 0.298613
vn -0.000000 -0.954374 0.298613
vn -0.000000 -0.954374 0.298613
vn -0.000000 -0.954374 0.298613
vn -0.000000 -0.959276 0.282469
vn -0.000000 -0.959276 0.282469
vn -0.000000 -0.959276 0.282469
vn -0.000000 -0.959276 0.282469
vn -0.000000 -0.964005 0.265886
vn -0.000000 -0.964005 0.265886
vn -0.000000 -0.964005 0.265886
vn -0.000000 -0.964005 0.265886
vn -0.000000 -0.968535 0.248878
vn -0.000000 -0.968535 0.248878
vn -0.000000 -0.968535 0.248878
vn -0.000000 -0.968535 0.248878
vn -0.000000 -0.972853 0.231423
vn -0.000000 -0.972853 0.231423
vn -0.000000 -0.972853 0.231423
vn -0.000000 -0.972853 0.231423
vn -0.000000 -0.976936 0.213532
vn -0.000000 -0.976936 0.213532
vn -0.000000 -0.976936 0.213532
vn -0.000000 -0.976936 0.213532
vn -0.000000 -0.980763 0.195200
vn -0.000000 -0.980763 0.195200
vn -0.000000 -0.980763 0.195200
vn -0.000000 -0.980763 0.195200
vn -0.000000 -0.984314 0.176424
vn -0.000000 -0.984314 0.176424
vn -0.000000 -0.984314 0.176424
vn -0.000000 -0.984314 0.176424
vn -0.000000 -0.987565 0.157214
vn -0.000000 -0.987565 0.157214
vn -0.000000 -0.987565 0.157214
vn -0.000000 -0.987565 0.157214
vn -0.000000 -0.990492 0.137570
vn -0.000000 -0.990492 0.137570
vn -0.000000 -0.990492 0.137570
vn -0.000000 -0.990492 0.137570
vn -0.000000 -0.993073 0.117498
vn -0.000000 -0.993073 0.117498
vn -0.000000 -0.993073 0.117498
vn -0.000000 -0.993073 0.117498
vn -0.000000 -0.995284 0.097008
vn -0.000000 -0.995284 0.097008
vn -0.000000 -0.995284 0.097008
vn -0.000000 -0.995284 0.097008
vn -0.000000 -0.997099 0.076112
vn -0.000000 -0.997099 0.076112
vn -0.000000 -0.997099 0.076112
vn -0.000000 -0.997099 0.076112
vn -0.000000 -0.998496 0.054822
vn -0.000000 -0.998496 0.054822
vn -0.000000 -0.998496 0.054822
vn -0.000000 -0.998496 0.054822
vn -0.000000 -0.999450 0.033154
vn -0.000000 -0.999450 0.033154
vn -0.000000 -0.999450 0.033154
vn -0.000000 -0.999450 0.033154
vn -0.000000 -0.999938 0.011128
vn -0.000000 -0.999938 0.011128
vn -0.000000 -0.999938 0.011128
vn -0.000000 -0.999938 0.011128
vn 0.000000 1.000000 0.000000
vn 0.000000 1.000000 0.000000
vn -0.000000 1.000000 -0.000000
vn -0.000000 1.000000 0.000000
vn 0.000000 1.000000 0.000000
vn 0.000000 1.000000 0.000000
vn -0.000000 1.000000 -0.000000
vn -0.000000 1.000000 0.000000
vn 0.000000 1.000000 0.000000
vn 0.000000 1.000000 0.000000
vn -0.000000 1.000000 -0.000000
vn -0.000000 1.000000 0.000000
vn 0.000000 1.000000 0.000000
vn 0.000000 1.000000 0.000000
vn -0.000000 1.000000 -0.000000
vn -0.000000 1.000000 0.000000
vn 0.000000 1.000000 0.000000
vn 0.000000 1.000000 0.000000
vn -0.000000 1.000000 -0.000000
vn -0.000000 1.000000 0.000000
vn 0.000000 1.000000 0.000000
vn 0.000000 1.000000 0.000000
vn -0.000000 1.000000 -0.000000
vn -0.000000 1.000000 0.000000
vn 0.000000 1.000000 0.000000
vn 0.000000 1.000000 0.000000
vn -0.000000 1.000000 -0.000000
vn -0.000000 1.000000 0.000000
vn 0.000000 1.000000 0.000000
vn 0.000000 1.000000 0.000000
vn -0.000000 1.000000 -0.000000
vn -0.000000 1.000000 0.000000
vn 0.000000 1.000000 0.000000
vn 0.000000 1.000000 0.000000
vn -0.000000 1.000000 -0.000000
vn -0.000000 1.000000 0.000000
vn 0.000000 1.000000 0.000000
vn 0.000000 1.000000 0.000000
vn -0.000000 1.000000 -0.000000
vn -0.000000 1.000000 0.000000
vn 0.000000 1.000000 0.000000
vn 0.000000 1.000000 0.000000
vn -0.000000 1.000000 -0.000000
vn -0.000000 1.000000 0.000000
vn 0.000000 1.000000 0.000000
vn 0.000000 1.000000 0.000000
vn -0.000000 1.000000 -0.000000
vn -0.000000 1.000000 0.000000
vn 0.000000 1.000000 0.000000
vn 0.000000 1.000000 0.000000
vn -0.000000 1.000000 -0.000000
vn -0.000000 1.000000 0.000000
vn 0.000000 1.000000 0.000000
vn 0.000000 1.000000 0.000000
vn -0.000000 1.000000 -0.000000
vn -0.000000 1.000000 0.000000
vn 0.000000 1.000000 0.000000
vn 0.000000 1.000000 0.000000
vn -0.000000 1.000000 -0.000000
vn -0.000000 1.000000 0.000000
vn 0.000000 1.000000 0.000000
vn 0.000000 1.000000 0.000000
vn -0.000000 1.000000 -0.000000
vn -0.000000 1.000000 0.000000
vn 0.000000 1.000000 0.000000
vn 0.000000 1.000000 0.000000
vn -0.000000 1.000000 -0.000000
vn -0.000000 1.000000 0.000000
vn 0.000000 1.000000 0.000000
vn 0.000000 1.000000 0.000000
vn -0.000000 1.000000 -0.000000
vn -0.000000 1.000000 0.000000
vn 0.000000 1.000000 0.000000
vn 0.000000 1.000000 0.000000
vn -0.000000 1.000000 -0.000000
vn -0.000000 1.000000 0.000000
vn 0.000000 1.000000 0.000000
vn 0.000000 1.000000 0.000000
vn -0.000000 1.000000 -0.000000
vn -0.000000 1.000000 0.000000
vn 0.000000 1.000000 0.000000
vn 0.000000 1.000000 0.000000
vn -0.000000 1.000000 -0.000000
vn -0.000000 1.000000 0.000000
vn 0.000000 1.000000 0.000000
vn 0.000000 1.000000 0.000000
vn -0.000000 1.000000 -0.000000
vn -0.000000 1.000000 0.000000
vn 0.000000 1.000000 0.000000
vn 0.000000 1.000000 0.000000
vn -0.000000 1.000000 -0.000000
vn -0.000000 1.000000 0.000000
vn 0.000000 1.000000 0.000000
vn 0.000000 1.000000 0.000000
vn -0.000000 1.000000 -0.000000
vn -0.000000 1.000000 0.000000
vn 0.000000 1.000000 0.000000
vn 0.000000 1.000000 0.000000
vn -0.000000 1.000000 -0.000000
vn -0.000000 1.000000 0.000000
vn 0.000000 1.000000 0.000000
vn 0.000000 1.000000 0.000000
vn -0.000000 1.000000 -0.000000
vn -0.000000 1.000000 0.000000
vn 0.000000 1.000000 0.000000
vn 0.000000 1.000000 0.000000
vn -0.000000 1.000000 -0.000000
vn -0.000000 1.000000 0.000000
vn 0.000000 1.000000 0.000000
vn 0.000000 1.000000 0.000000
vn -0.000000 1.000000 -0.000000
vn -0.000000 1.000000 0.000000
vn 0.000000 1.000000 0.000000
vn 0.000000 1.000000 0.000000
vn -0.000000 1.000000 -0.000000
vn -0.000000 1.000000 0.000000
vn 0.000000 1.000000 0.000000
vn 0.000000 1.000000 0.000000
vn -0.000000 1.000000 -0.000000
vn -0.000000 1.000000 0.000000
vn 0.000000 1.000000 0.000000
vn 0.000000 1.000000 0.000000
vn -0.000000 1.000000 -0.000000
vn -0.000000 1.000000 0.000000
vn -0.000000 -0.000000 1.000000
vn 0.000000 0.000000 1.000000
vn -0.000000 0.000000 1.000000
vn -0.000000 -0.000000 1.000000
vn -0.000000 -0.000000 1.000000
vn 0.000000 0.000000 1.000000
vn -0.000000 0.000000 1.000000
vn -0.000000 -0.000000 1.000000
vn -0.000000 -0.871278 -0.490791
vn -0.000000 -0.871278 -0.490791
vn 0.000000 -0.871278 -0.490791
vn -0.000000 -0.871278 -0.490791
vn -0.000000 -0.876989 -0.480510
vn -0.000000 -0.876989 -0.480510
vn 0.000000 -0.876989 -0.480510
vn -0.000000 -0.876989 -0.480510
vn -0.000000 -0.882742 -0.469859
vn -0.000000 -0.882742 -0.469859
vn 0.000000 -0.882742 -0.469859
vn -0.000000 -0.882742 -0.469859
vn -0.000000 -0.888460 -0.458953
vn -0.000000 -0.888460 -0.458953
vn 0.000000 -0.888460 -0.458953
vn -0.000000 -0.888460 -0.458953
vn -0.000000 -0.894160 -0.447747
vn -0.000000 -0.894160 -0.447747
vn 0.000000 -0.894160 -0.447747
vn -0.000000 -0.894160 -0.447747
vn -0.000000 -0.899833 -0.436234
vn -0.000000 -0.899833 -0.436234
vn 0.000000 -0.899833 -0.436234
vn -0.000000 -0.899833 -0.436234
vn -0.000000 -0.905468 -0.424415
vn -0.000000 -0.905468 -0.424415
vn 0.000000 -0.905468 -0.424415
vn -0.000000 -0.905468 -0.424415
vn -0.000000 -0.911062 -0.412269
vn -0.000000 -0.911062 -0.412269
vn 0.000000 -0.911062 -0.412269
vn -0.000000 -0.911062 -0.412269
vn -0.000000 -0.916605 -0.399794
vn -0.000000 -0.916605 -0.399794
vn 0.000000 -0.916605 -0.399794
vn -0.000000 -0.916605 -0.399794
vn -0.000000 -0.922178 -0.386766
vn -0.000000 -0.922178 -0.386766
vn 0.000000 -0.922178 -0.386766
vn -0.000000 -0.922178 -0.386766
vn -0.000000 -0.927786 -0.373112
vn -0.000000 -0.927786 -0.373112
vn 0.000000 -0.927786 -0.373112
vn -0.000000 -0.927786 -0.373112
vn -0.000000 -0.933328 -0.359024
vn -0.000000 -0.933328 -0.359024
vn 0.000000 -0.933328 -0.359024
vn -0.000000 -0.933328 -0.359024
vn -0.000000 -0.938776 -0.344529
vn -0.000000 -0.938776 -0.344529
vn 0.000000 -0.938776 -0.344529
vn -0.000000 -0.938776 -0.344529
vn -0.000000 -0.944107 -0.329640
vn -0.000000 -0.944107 -0.329640
vn 0.000000 -0.944107 -0.329640
vn -0.000000 -0.944107 -0.329640
vn -0.000000 -0.949312 -0.314334
vn -0.000000 -0.949312 -0.314334
vn 0.000000 -0.949312 -0.314334
vn -0.000000 -0.949312 -0.314334
vn -0.000000 -0.954374 -0.298613
vn -0.000000 -0.954374 -0.298613
vn 0.000000 -0.954374 -0.298613
vn -0.000000 -0.954374 -0.298613
vn -0.000000 -0.959276 -0.282469
vn -0.000000 -0.959276 -0.282469
vn 0.000000 -0.959276 -0.282469
vn -0.000000 -0.959276 -0.282469
vn -0.000000 -0.964005 -0.265886
vn -0.000000 -0.964005 -0.265886
vn 0.000000 -0.964005 -0.265886
vn -0.000000 -0.964005 -0.265886
vn -0.000000 -0.968535 -0.248878
vn -0.000000 -0.968535 -0.248878
vn 0.000000 -0.968535 -0.248878
vn -0.000000 -0.968535 -0.248878
vn -0.000000 -0.972853 -0.231423
vn -0.000000 -0.972853 -0.231423
vn 0.000000 -0.972853 -0.231423
vn -0.000000 -0.972853 -0.231423
vn -0.000000 -0.976936 -0.213532
vn -0.000000 -0.976936 -0.213532
vn 0.000000 -0.976936 -0.213532
vn -0.000000 -0.976936 -0.213532
vn -0.000000 -0.980763 -0.195200
vn -0.000000 -0.980763 -0.195200
vn 0.000000 -0.980763 -0.195200
vn -0.000000 -0.980763 -0.195200
vn -0.000000 -0.984314 -0.176424
vn -0.000000 -0.984314 -0.176424
vn 0.000000 -0.984314 -0.176424
vn -0.000000 -0.984314 -0.176424
vn -0.000000 -0.987565 -0.157214
vn -0.000000 -0.987565 -0.157214
vn 0.000000 -0.987565 -0.157214
vn -0.000000 -0.987565 -0.157214
vn -0.000000 -0.990492 -0.137570
vn -0.000000 -0.990492 -0.137570
vn 0.000000 -0.990492 -0.137570
vn -0.000000 -0.990492 -0.137570
vn -0.000000 -0.993073 -0.117498
vn -0.000000 -0.993073 -0.117498
vn 0.000000 -0.993073 -0.117498
vn -0.000000 -0.993073 -0.117498
vn -0.000000 -0.995284 -0.097008
vn -0.000000 -0.995284 -0.097008
vn 0.000000 -0.995284 -0.097008
vn -0.000000 -0.995284 -0.097008
vn -0.000000 -0.997099 -0.076112
vn -0.000000 -0.997099 -0.076112
vn 0.000000 -0.997099 -0.076112
vn -0.000000 -0.997099 -0.076112
vn -0.000000 -0.998496 -0.054822
vn -0.000000 -0.998496 -0.054822
vn 0.000000 -0.998496 -0.054822
vn -0.000000 -0.998496 -0.054822
vn -0.000000 -0.999450 -0.033154
vn -0.000000 -0.999450 -0.033154
vn 0.000000 -0.999450 -0.033154
vn -0.000000 -0.999450 -0.033154
vn -0.000000 -0.999938 -0.011128
vn -0.000000 -0.999938 -0.011128
vn 0.000000 -0.999938 -0.011128
vn -0.000000 -0.999938 -0.011128
vn 0.000000 1.000000 0.000000
vn 0.000000 1.000000 0.000000
vn -0.000000 1.000000 -0.000000
vn -0.000000 1.000000 0.000000
vn 0.000000 1.000000 0.000000
vn 0.000000 1.000000 0.000000
vn -0.000000 1.000000 -0.000000
vn -0.000000 1.000000 0.000000
vn 0.000000 1.000000 0.000000
vn 0.000000 1.000000 0.000000
vn -0.000000 1.000000 -0.000000
vn -0.000000 1.000000 0.000000
vn 0.000000 1.000000 0.000000
vn 0.000000 1.000000 0.000000
vn -0.000000 1.000000 -0.000000
vn -0.000000 1.000000 0.000000
vn 0.000000 1.000000 0.000000
vn 0.000000 1.000000 0.000000
vn -0.000000 1.000000 -0.000000
vn -0.000000 1.000000 0.000000
vn 0.000000 1.000000 0.000000
vn 0.000000 1.000000 0.000000
vn -0.000000 1.000000 -0.000000
vn -0.000000 1.000000 0.000000
vn 0.000000 1.000000 0.000000
vn 0.000000 1.000000 0.000000
vn -0.000000 1.000000 -0.000000
vn -0.000000 1.000000 0.000000
vn 0.000000 1.000000 0.000000
vn 0.000000 1.000000 0.000000
vn -0.000000 1.000000 -0.000000
vn -0.000000 1.000000 0.000000
vn 0.000000 1.000000 0.000000
vn 0.000000 1.000000 0.000000
vn -0.000000 1.000000 -0.000000
vn -0.000000 1.000000 0.000000
vn 0.000000 1.000000 0.000000
vn 0.000000 1.000000 0.000000
vn -0.000000 1.000000 -0.000000
vn -0.000000 1.000000 0.000000
vn 0.000000 1.000000 0.000000
vn 0.000000 1.000000 0.000000
vn -0.000000 1.000000 -0.000000
vn -0.000000 1.000000 0.000000
vn 0.000000 1.000000 0.000000
vn 0.000000 1.000000 0.000000
vn -0.000000 1.000000 -0.000000
vn -0.000000 1.000000 0.000000
vn 0.000000 1.000000 0.000000
vn 0.000000 1.000000 0.000000
vn -0.000000 1.000000 -0.000000
vn -0.000000 1.000000 0.000000
vn 0.000000 1.000000 0.000000
vn 0.000000 1.000000 0.000000
vn -0.000000 1.000000 -0.000000
vn -0.000000 1.000000 0.000000
vn 0.000000 1.000000 0.000000
vn 0.000000 1.000000 0.000000
vn -0.000000 1.000000 -0.000000
vn -0.000000 1.000000 0.000000
vn 0.000000 1.000000 0.000000
vn 0.000000 1.000000 0.000000
vn -0.000000 1.000000 -0.000000
vn -0.000000 1.000000 0.000000
vn 0.000000 1.000000 0.000000
vn 0.000000 1.000000 0.000000
vn -0.000000 1.000000 -0.000000
vn -0.000000 1.000000 0.000000
vn 0.000000 1.000000 0.000000
vn 0.000000 1.000000 0.000000
vn -0.000000 1.000000 -0.000000
vn -0.000000 1.000000 0.000000
vn 0.000000 1.000000 0.000000
vn 0.000000 1.000000 0.000000
vn -0.000000 1.000000 -0.000000
vn -0.000000 1.000000 0.000000
vn 0.000000 1.000000 0.000000
vn 0.000000 1.000000 0.000000
vn -0.000000 1.000000 -0.000000
vn -0.000000 1.000000 0.000000
vn 0.000000 1.000000 0.000000
vn 0.000000 1.000000 0.000000
vn -0.000000 1.000000 -0.000000
vn -0.000000 1.000000 0.000000
vn 0.000000 1.000000 0.000000
vn 0.000000 1.000000 0.000000
vn -0.000000 1.000000 -0.000000
vn -0.000000 1.000000 0.000000
vn 0.000000 1.000000 0.000000
vn 0.000000 1.000000 0.000000
vn -0.000000 1.000000 -0.000000
vn -0.000000 1.000000 0.000000
vn 0.000000 1.000000 0.000000
vn 0.000000 1.000000 0.000000
vn -0.000000 1.000000 -0.000000
vn -0.000000 1.000000 0.000000
vn 0.000000 1.000000 0.000000
vn 0.000000 1.000000 0.000000
vn -0.000000 1.000000 -0.000000
vn -0.000000 1.000000 0.000000
vn 0.000000 1.000000 0.000000
vn 0.000000 1.000000 0.000000
vn -0.000000 1.000000 -0.000000
vn -0.000000 1.000000 0.000000
vn 0.000000 1.000000 0.000000
vn 0.000000 1.000000 0.000000
vn -0.000000 1.000000 -0.000000
vn -0.000000 1.000000 0.000000
vn 0.000000 1.000000 0.000000
vn 0.000000 1.000000 0.000000
vn -0.000000 1.000000 -0.000000
vn -0.000000 1.000000 0.000000
vn 0.000000 1.000000 0.000000
vn 0.000000 1.000000 0.000000
vn -0.000000 1.000000 -0.000000
vn -0.000000 1.000000 0.000000
vn 0.000000 1.000000 0.000000
vn 0.000000 1.000000 0.000000
vn -0.000000 1.000000 -0.000000
vn -0.000000 1.000000 0.000000
vn 0.000000 1.000000 0.000000
vn 0.000000 1.000000 0.000000
vn -0.000000 1.000000 -0.000000
vn -0.000000 1.000000 0.000000
vn 0.000000 1.000000 0.000000
vn 0.000000 1.000000 0.000000
vn -0.000000 1.000000 -0.000000
vn -0.000000 1.000000 0.000000
vn -0.000000 -0.871278 -0.490791
vn -0.000000 -0.871278 -0.490791
vn 0.000000 -0.871278 -0.490791
vn -0.000000 -0.871278 -0.490791
vn -0.000000 -0.876989 -0.480510
vn -0.000000 -0.876989 -0.480510
vn 0.000000 -0.876989 -0.480510
vn -0.000000 -0.876989 -0.480510
vn -0.000000 -0.882741 -0.469860
vn -0.000000 -0.882741 -0.469860
vn 0.000000 -0.882741 -0.469860
vn -0.000000 -0.882741 -0.469860
vn -0.000000 -0.888462 -0.458951
vn -0.000000 -0.888462 -0.458951
vn 0.000000 -0.888462 -0.458951
vn -0.000000 -0.888462 -0.458951
vn -0.000000 -0.894160 -0.447747
vn -0.000000 -0.894160 -0.447747
vn 0.000000 -0.894160 -0.447747
vn -0.000000 -0.894160 -0.447747
vn -0.000000 -0.899832 -0.436237
vn -0.000000 -0.899832 -0.436237
vn 0.000000 -0.899832 -0.436237
vn -0.000000 -0.899832 -0.436237
vn -0.000000 -0.905468 -0.424414
vn -0.000000 -0.905468 -0.424414
vn 0.000000 -0.905468 -0.424414
vn -0.000000 -0.905468 -0.424414
vn -0.000000 -0.911062 -0.412269
vn -0.000000 -0.911062 -0.412269
vn 0.000000 -0.911062 -0.412269
vn -0.000000 -0.911062 -0.412269
vn -0.000000 -0.916606 -0.399791
vn -0.000000 -0.916606 -0.399791
vn 0.000000 -0.916606 -0.399791
vn -0.000000 -0.916606 -0.399791
vn -0.000000 -0.922178 -0.386767
vn -0.000000 -0.922178 -0.386767
vn 0.000000 -0.922178 -0.386767
vn -0.000000 -0.922178 -0.386767
vn -0.000000 -0.927786 -0.373113
vn -0.000000 -0.927786 -0.373113
vn 0.000000 -0.927786 -0.373113
vn -0.000000 -0.927786 -0.373113
vn -0.000000 -0.933330 -0.359021
vn -0.000000 -0.933330 -0.359021
vn 0.000000 -0.933330 -0.359021
vn -0.000000 -0.933330 -0.359021
vn -0.000000 -0.938775 -0.344532
vn -0.000000 -0.938775 -0.344532
vn 0.000000 -0.938775 -0.344532
vn -0.000000 -0.938775 -0.344532
vn -0.000000 -0.944107 -0.329639
vn -0.000000 -0.944107 -0.329639
vn 0.000000 -0.944107 -0.329639
vn -0.000000 -0.944107 -0.329639
vn -0.000000 -0.949312 -0.314336
vn -0.000000 -0.949312 -0.314336
vn 0.000000 -0.949312 -0.314336
vn -0.000000 -0.949312 -0.314336
vn -0.000000 -0.954374 -0.298613
vn -0.000000 -0.954374 -0.298613
vn 0.000000 -0.954374 -0.298613
vn -0.000000 -0.954374 -0.298613
vn -0.000000 -0.959277 -0.282466
vn -0.000000 -0.959277 -0.282466
vn 0.000000 -0.959277 -0.282466
vn -0.000000 -0.959277 -0.282466
vn -0.000000 -0.964004 -0.265888
vn -0.000000 -0.964004 -0.265888
vn 0.000000 -0.964004 -0.265888
vn -0.000000 -0.964004 -0.265888
vn -0.000000 -0.968535 -0.248876
vn -0.000000 -0.968535 -0.248876
vn 0.000000 -0.968535 -0.248876
vn -0.000000 -0.968535 -0.248876
vn -0.000000 -0.972853 -0.231424
vn -0.000000 -0.972853 -0.231424
vn 0.000000 -0.972853 -0.231424
vn -0.000000 -0.972853 -0.231424
vn -0.000000 -0.976936 -0.213532
vn -0.000000 -0.976936 -0.213532
vn 0.000000 -0.976936 -0.213532
vn -0.000000 -0.976936 -0.213532
vn -0.000000 -0.980764 -0.195199
vn -0.000000 -0.980764 -0.195199
vn 0.000000 -0.980764 -0.195199
vn -0.000000 -0.980764 -0.195199
vn -0.000000 -0.984314 -0.176425
vn -0.000000 -0.984314 -0.176425
vn 0.000000 -0.984314 -0.176425
vn -0.000000 -0.984314 -0.176425
vn -0.000000 -0.987564 -0.157215
vn -0.000000 -0.987564 -0.157215
vn 0.000000 -0.987564 -0.157215
vn -0.000000 -0.987564 -0.157215
vn -0.000000 -0.990492 -0.137569
vn -0.000000 -0.990492 -0.137569
vn 0.000000 -0.990492 -0.137569
vn -0.000000 -0.990492 -0.137569
vn -0.000000 -0.993073 -0.117498
vn -0.000000 -0.993073 -0.117498
vn 0.000000 -0.993073 -0.117498
vn -0.000000 -0.993073 -0.117498
vn -0.000000 -0.995284 -0.097008
vn -0.000000 -0.995284 -0.097008
vn 0.000000 -0.995284 -0.097008
vn -0.000000 -0.995284 -0.097008
vn -0.000000 -0.997099 -0.076112
vn -0.000000 -0.997099 -0.076112
vn 0.000000 -0.997099 -0.076112
vn -0.000000 -0.997099 -0.076112
vn -0.000000 -0.998496 -0.054822
vn -0.000000 -0.998496 -0.054822
vn 0.000000 -0.998496 -0.054822
vn -0.000000 -0.998496 -0.054822
vn -0.000000 -0.999450 -0.033155
vn -0.000000 -0.999450 -0.033155
vn 0.000000 -0.999450 -0.033155
vn -0.000000 -0.999450 -0.033155
vn -0.000000 -0.999938 -0.011128
vn -0.000000 -0.999938 -0.011128
vn 0.000000 -0.999938 -0.011128
vn -0.000000 -0.999938 -0.011128
vn -0.000000 -0.999938 0.011128
vn -0.000000 -0.999938 0.011128
vn -0.000000 -0.999938 0.011128
vn -0.000000 -0.999938 0.011128
vn 0.000000 1.000000 0.000000
vn 0.000000 1.000000 0.000000
vn -0.000000 1.000000 -0.000000
vn -0.000000 1.000000 0.000000
vn 0.000000 1.000000 0.000000
vn 0.000000 1.000000 0.000000
vn -0.000000 1.000000 -0.000000
vn -0.000000 1.000000 0.000000
vn 0.000000 1.000000 0.000000
vn 0.000000 1.000000 0.000000
vn -0.000000 1.000000 -0.000000
vn -0.000000 1.000000 0.000000
vn 0.000000 1.000000 0.000000
vn 0.000000 1.000000 0.000000
vn -0.000000 1.000000 -0.000000
vn -0.000000 1.000000 0.000000
vn 0.000000 1.000000 0.000000
vn 0.000000 1.000000 0.000000
vn -0.000000 1.000000 -0.000000
vn -0.000000 1.000000 0.000000
vn 0.000000 1.000000 0.000000
vn 0.000000 1.000000 0.000000
vn -0.000000 1.000000 -0.000000
vn -0.000000 1.000000 0.000000
vn 0.000000 1.000000 0.000000
vn 0.000000 1.000000 0.000000
vn -0.000000 1.000000 -0.000000
vn -0.000000 1.000000 0.000000
vn 0.000000 1.000000 0.000000
vn 0.000000 1.000000 0.000000
vn -0.000000 1.000000 -0.000000
vn -0.000000 1.000000 0.000000
vn 0.000000 1.000000 0.000000
vn 0.000000 1.000000 0.000000
vn -0.000000 1.000000 -0.000000
vn -0.000000 1.000000 0.000000
vn 0.000000 1.000000 0.000000
vn 0.000000 1.000000 0.000000
vn -0.000000 1.000000 -0.000000
vn -0.000000 1.000000 0.000000
vn 0.000000 1.000000 0.000000
vn 0.000000 1.000000 0.000000
vn -0.000000 1.000000 -0.000000
vn -0.000000 1.000000 0.000000
vn 0.000000 1.000000 0.000000
vn 0.000000 1.000000 0.000000
vn -0.000000 1.000000 -0.000000
vn -0.000000 1.000000 0.000000
vn 0.000000 1.000000 0.000000
vn 0.000000 1.000000 0.000000
vn -0.000000 1.000000 -0.000000
vn -0.000000 1.000000 0.000000
vn 0.000000 1.000000 0.000000
vn 0.000000 1.000000 0.000000
vn -0.000000 1.000000 -0.000000
vn -0.000000 1.000000 0.000000
vn 0.000000 1.000000 0.000000
vn 0.000000 1.000000 0.000000
vn -0.000000 1.000000 -0.000000
vn -0.000000 1.000000 0.000000
vn 0.000000 1.000000 0.000000
vn 0.000000 1.000000 0.000000
vn -0.000000 1.000000 -0.000000
vn -0.000000 1.000000 0.000000
vn 0.000000 1.000000 0.000000
vn 0.000000 1.000000 0.000000
vn -0.000000 1.000000 -0.000000
vn -0.000000 1.000000 0.000000
vn 0.000000 1.000000 0.000000
vn 0.000000 1.000000 0.000000
vn -0.000000 1.000000 -0.000000
vn -0.000000 1.000000 0.000000
vn 0.000000 1.000000 0.000000
vn 0.000000 1.000000 0.000000
vn -0.000000 1.000000 -0.000000
vn -0.000000 1.000000 0.000000
vn 0.000000 1.000000 0.000000
vn 0.000000 1.000000 0.000000
vn -0.000000 1.000000 -0.000000
vn -0.000000 1.000000 0.000000
vn 0.000000 1.000000 0.000000
vn 0.000000 1.000000 0.000000
vn -0.000000 1.000000 -0.000000
vn -0.000000 1.000000 0.000000
vn 0.000000 1.000000 0.000000
vn 0.000000 1.000000 0.000000
vn -0.000000 1.000000 -0.000000
vn -0.000000 1.000000 0.000000
vn 0.000000 1.000000 0.000000
vn 0.000000 1.000000 0.000000
vn -0.000000 1.000000 -0.000000
vn -0.000000 1.000000 0.000000
vn 0.000000 1.000000 0.000000
vn 0.000000 1.000000 0.000000
vn -0.000000 1.000000 -0.000000
vn -0.000000 1.000000 0.000000
vn 0.000000 1.000000 0.000000
vn 0.000000 1.000000 0.000000
vn -0.000000 1.000000 -0.000000
vn -0.000000 1.000000 0.000000
vn 0.000000 1.000000 0.000000
vn 0.000000 1.000000 0.000000
vn -0.000000 1.000000 -0.000000
vn -0.000000 1.000000 0.000000
vn 0.000000 1.000000 0.000000
vn 0.000000 1.000000 0.000000
vn -0.000000 1.000000 -0.000000
vn -0.000000 1.000000 0.000000
vn 0.000000 1.000000 0.000000
vn 0.000000 1.000000 0.000000
vn -0.000000 1.000000 -0.000000
vn -0.000000 1.000000 0.000000
vn 0.000000 1.000000 0.000000
vn 0.000000 1.000000 0.000000
vn -0.000000 1.000000 -0.000000
vn -0.000000 1.000000 0.000000
vn 0.000000 1.000000 0.000000
vn 0.000000 1.000000 0.000000
vn -0.000000 1.000000 -0.000000
vn -0.000000 1.000000 0.000000
vn -0.000000 -0.871278 0.490791
vn -0.000000 -0.871278 0.490791
vn -0.000000 -0.871278 0.490791
vn -0.000000 -0.871278 0.490791
vn -0.000000 -0.876989 0.480510
vn -0.000000 -0.876989 0.480510
vn -0.000000 -0.876989 0.480510
vn -0.000000 -0.876989 0.480510
vn -0.000000 -0.882742 0.469859
vn -0.000000 -0.882742 0.469859
vn -0.000000 -0.882742 0.469859
vn -0.000000 -0.882742 0.469859
vn -0.000000 -0.888462 0.458951
vn -0.000000 -0.888462 0.458951
vn -0.000000 -0.888462 0.458951
vn -0.000000 -0.888462 0.458951
vn -0.000000 -0.894160 0.447747
vn -0.000000 -0.894160 0.447747
vn -0.000000 -0.894160 0.447747
vn -0.000000 -0.894160 0.447747
vn -0.000000 -0.899831 0.436238
vn -0.000000 -0.899831 0.436238
vn -0.000000 -0.899831 0.436238
vn -0.000000 -0.899831 0.436238
vn -0.000000 -0.905469 0.424413
vn -0.000000 -0.905469 0.424413
vn -0.000000 -0.905469 0.424413
vn -0.000000 -0.905469 0.424413
vn -0.000000 -0.911062 0.412269
vn -0.000000 -0.911062 0.412269
vn -0.000000 -0.911062 0.412269
vn -0.000000 -0.911062 0.412269
vn -0.000000 -0.916606 0.399791
vn -0.000000 -0.916606 0.399791
vn -0.000000 -0.916606 0.399791
vn -0.000000 -0.916606 0.399791
vn -0.000000 -0.922177 0.386768
vn -0.000000 -0.922177 0.386768
vn -0.000000 -0.922177 0.386768
vn -0.000000 -0.922177 0.386768
vn -0.000000 -0.927785 0.373114
vn -0.000000 -0.927785 0.373114
vn -0.000000 -0.927785 0.373114
vn -0.000000 -0.927785 0.373114
vn -0.000000 -0.933330 0.359020
vn -0.000000 -0.933330 0.359020
vn -0.000000 -0.933330 0.359020
vn -0.000000 -0.933330 0.359020
vn -0.000000 -0.938775 0.344531
vn -0.000000 -0.938775 0.344531
vn -0.000000 -0.938775 0.344531
vn -0.000000 -0.938775 0.344531
vn -0.000000 -0.944107 0.329640
vn -0.000000 -0.944107 0.329640
vn -0.000000 -0.944107 0.329640
vn -0.000000 -0.944107 0.329640
vn -0.000000 -0.949312 0.314336
vn -0.000000 -0.949312 0.314336
vn -0.000000 -0.949312 0.314336
vn -0.000000 -0.949312 0.314336
vn -0.000000 -0.954374 0.298613
vn -0.000000 -0.954374 0.298613
vn -0.000000 -0.954374 0.298613
vn -0.000000 -0.954374 0.298613
vn -0.000000 -0.959277 0.282466
vn -0.000000 -0.959277 0.282466
vn -0.000000 -0.959277 0.282466
vn -0.000000 -0.959277 0.282466
vn -0.000000 -0.964004 0.265888
vn -0.000000 -0.964004 0.265888
vn -0.000000 -0.964004 0.265888
vn -0.000000 -0.964004 0.265888
vn -0.000000 -0.968536 0.248875
vn -0.000000 -0.968536 0.248875
vn -0.000000 -0.968536 0.248875
vn -0.000000 -0.968536 0.248875
vn -0.000000 -0.972853 0.231424
vn -0.000000 -0.972853 0.231424
vn -0.000000 -0.972853 0.231424
vn -0.000000 -0.972853 0.231424
vn -0.000000 -0.976936 0.213532
vn -0.000000 -0.976936 0.213532
vn -0.000000 -0.976936 0.213532
vn -0.000000 -0.976936 0.213532
vn -0.000000 -0.980764 0.195199
vn -0.000000 -0.980764 0.195199
vn -0.000000 -0.980764 0.195199
vn -0.000000 -0.980764 0.195199
vn -0.000000 -0.984314 0.176425
vn -0.000000 -0.984314 0.176425
vn -0.000000 -0.984314 0.176425
vn -0.000000 -0.984314 0.176425
vn -0.000000 -0.987564 0.157215
vn -0.000000 -0.987564 0.157215
vn -0.000000 -0.987564 0.157215
vn -0.000000 -0.987564 0.157215
vn -0.000000 -0.990492 0.137569
vn -0.000000 -0.990492 0.137569
vn -0.000000 -0.990492 0.137569
vn -0.000000 -0.990492 0.137569
vn -0.000000 -0.993073 0.117498
vn -0.000000 -0.993073 0.117498
vn -0.000000 -0.993073 0.117498
vn -0.000000 -0.993073 0.117498
vn -0.000000 -0.995284 0.097008
vn -0.000000 -0.995284 0.097008
vn -0.000000 -0.995284 0.097008
vn -0.000000 -0.995284 0.097008
vn -0.000000 -0.997099 0.076112
vn -0.000000 -0.997099 0.076112
vn -0.000000 -0.997099 0.076112
vn -0.000000 -0.997099 0.076112
vn -0.000000 -0.998496 0.054822
vn -0.000000 -0.998496 0.054822
vn -0.000000 -0.998496 0.054822
vn -0.000000 -0.998496 0.054822
vn -0.000000 -0.999450 0.033155
vn -0.000000 -0.999450 0.033155
vn -0.000000 -0.999450 0.033155
vn -0.000000 -0.999450 0.033155
f 1/1/1 2/2/2 3/3/3
f 4/4/4 5/5/5 6/6/6
f 7/7/7 8/8/8 2/2/2
f 9/9/9 10/10/10 5/5/5
f 11/11/11 12/12/12 8/8/8
f 13/13/13 14/14/14 10/10/10
f 15/15/15 16/16/16 12/12/12
f 17/17/17 18/18/18 14/14/14
f 19/19/19 20/20/20 16/16/16
f 21/21/21 22/22/22 18/18/18
f 23/23/23 24/24/24 20/20/20
f 25/25/25 26/26/26 22/22/22
f 27/27/27 28/28/28 24/24/24
f 29/29/29 30/30/30 26/26/26
f 31/31/31 32/32/32 28/28/28
f 33/33/33 34/34/34 30/30/30
f 35/35/35 36/36/36 32/32/32
f 37/37/37 38/38/38 34/34/34
f 39/39/39 40/40/40 36/36/36
f 41/41/41 42/42/42 38/38/38
f 43/43/43 44/44/44 40/40/40
f 45/45/45 46/46/46 42/42/42
f 47/47/47 48/48/48 44/44/44
f 49/49/49 50/50/50 46/46/46
f 51/51/51 52/52/52 48/48/48
f 53/53/53 54/54/54 50/50/50
f 55/55/55 56/56/56 52/52/52
f 57/57/57 58/58/58 54/54/54
f 59/59/59 60/60/60 56/56/56
f 61/61/61 62/62/62 58/58/58
f 63/63/63 64/64/64 60/60/60
f 65/65/65 66/66/66 62/62/62
f 67/67/67 68/68/68 64/64/64
f 69/69/69 70/70/70 66/66/66
f 71/71/71 72/72/72 68/68/68
f 73/73/73 74/74/74 70/70/70
f 75/75/75 76/76/76 72/72/72
f 77/77/77 78/78/78 74/74/74
f 79/79/79 80/80/80 76/76/76
f 81/81/81 82/82/82 78/78/78
f 83/83/83 84/84/84 80/80/80
f 85/85/85 86/86/86 82/82/82
f 87/87/87 1/1/1 88/88/88
f 89/89/89 4/4/4 90/90/90
f 91/91/91 7/7/7 1/1/1
f 92/92/92 9/9/9 4/4/4
f 93/93/93 11/11/11 7/7/7
f 94/94/94 13/13/13 9/9/9
f 95/95/95 15/15/15 11/11/11
f 96/96/96 17/17/17 13/13/13
f 97/97/97 19/19/19 15/15/15
f 98/98/98 21/21/21 17/17/17
f 99/99/99 23/23/23 19/19/19
f 100/100/100 25/25/25 21/21/21
f 101/101/101 27/27/27 23/23/23
f 102/102/102 29/29/29 25/25/25
f 103/103/103 31/31/31 27/27/27
f 104/104/104 33/33/33 29/29/29
f 105/105/105 35/35/35 31/31/31
f 106/106/106 37/37/37 33/33/33
f 107/107/107 39/39/39 35/35/35
f 108/108/108 41/41/41 37/37/37
f 109/109/109 43/43/43 39/39/39
f 110/110/110 45/45/45 41/41/41
f 111/111/111 47/47/47 43/43/43
f 112/112/112 49/49/49 45/45/45
f 113/113/113 51/51/51 47/47/47
f 114/114/114 53/53/53 49/49/49
f 115/115/115 55/55/55 51/51/51
f 116/116/116 57/57/57 53/53/53
f 117/117/117 59/59/59 55/55/55
f 118/118/118 61/61/61 57/57/57
f 119/119/119 63/63/63 59/59/59
f 120/120/120 65/65/65 61/61/61
f 121/121/121 67/67/67 63/63/63
f 122/122/122 69/69/69 65/65/65
f 123/123/123 71/71/71 67/67/67
f 124/124/124 73/73/73 69/69/69
f 125/125/125 75/75/75 71/71/71
f 126/126/126 77/77/77 73/73/73
f 127/127/127 79/79/79 75/75/75
f 128/128/128 81/81/81 77/77/77
f 129/129/129 83/83/83 79/79/79
f 130/130/130 85/85/85 81/81/81
f 131/131/131 87/87/87 132/132/132
f 133/133/133 89/89/89 134/134/134
f 135/135/135 91/91/91 87/87/87
f 136/136/136 92/92/92 89/89/89
f 137/137/137 93/93/93 91/91/91
f 138/138/138 94/94/94 92/92/92
f 139/139/139 95/95/95 93/93/93
f 140/140/140 96/96/96 94/94/94
f 141/141/141 97/97/97 95/95/95
f 142/142/142 98/98/98 96/96/96
f 143/143/143 99/99/99 97/97/97
f 144/144/144 100/100/100 98/98/98
f 145/145/145 101/101/101 99/99/99
f 146/146/146 102/102/102 100/100/100
f 147/147/147 103/103/103 101/101/101
f 148/148/148 104/104/104 102/102/102
f 149/149/149 105/105/105 103/103/103
f 150/150/150 106/106/106 104/104/104
f 151/151/151 107/107/107 105/105/105
f 152/152/152 108/108/108 106/106/106
f 153/153/153 109/109/109 107/107/107
f 154/154/154 110/110/110 108/108/108
f 155/155/155 111/111/111 109/109/109
f 156/156/156 112/112/112 110/110/110
f 157/157/157 113/113/113 111/111/111
f 158/158/158 114/114/114 112/112/112
f 159/159/159 115/115/115 113/113/113
f 160/160/160 116/116/116 114/114/114
f 161/161/161 117/117/117 115/115/115
f 162/162/162 118/118/118 116/116/116
f 163/163/163 119/119/119 117/117/117
f 164/164/164 120/120/120 118/118/118
f 165/165/165 121/121/121 119/119/119
f 166/166/166 122/122/122 120/120/120
f 167/167/167 123/123/123 121/121/121
f 168/168/168 124/124/124 122/122/122
f 169/169/169 125/125/125 123/123/123
f 170/170/170 126/126/126 124/124/124
f 171/171/171 127/127/127 125/125/125
f 172/172/172 128/128/128 126/126/126
f 173/173/173 129/129/129 127/127/127
f 174/174/174 130/130/130 128/128/128
f 175/175/175 131/131/131 176/176/176
f 177/177/177 133/133/133 178/178/178
f 179/179/179 135/135/135 175/175/175
f 180/180/180 136/136/136 177/177/177
f 181/181/181 137/137/137 179/179/179
f 182/182/182 138/138/138 180/180/180
f 183/183/183 139/139/139 181/181/181
f 184/184/184 140/140/140 182/182/182
f 185/185/185 141/141/141 183/183/183
f 186/186/186 142/142/142 184/184/184
f 187/187/187 143/143/143 185/185/185
f 188/188/188 144/144/144 186/186/186
f 189/189/189 145/145/145 187/187/187
f 190/190/190 146/146/146 188/188/188
f 191/191/191 147/147/147 189/189/189
f 192/192/192 148/148/148 190/190/190
f 193/193/193 149/149/149 191/191/191
f 194/194/194 150/150/150 192/192/192
f 195/195/195 151/151/151 193/193/193
f 196/196/196 152/152/152 194/194/194
f 197/197/197 153/153/153 195/195/195
f 198/198/198 154/154/154 196/196/196
f 199/199/199 155/155/155 197/197/197
f 200/200/200 156/156/156 198/198/198
f 201/201/201 157/157/157 199/199/199
f 202/202/202 158/158/158 200/200/200
f 203/203/203 159/159/159 201/201/201
f 204/204/204 160/160/160 202/202/202
f 205/205/205 161/161/161 203/203/203
f 206/206/206 162/162/162 204/204/204
f 207/207/207 163/163/163 205/205/205
f 208/208/208 164/164/164 206/206/206
f 209/209/209 165/165/165 207/207/207
f 210/210/210 166/166/166 208/208/208
f 211/211/211 167/167/167 209/209/209
f 212/212/212 168/168/168 210/210/210
f 213/213/213 169/169/169 211/211/211
f 214/214/214 170/170/170 212/212/212
f 215/215/215 171/171/171 213/213/213
f 216/216/216 172/172/172 214/214/214
f 217/217/217 173/173/173 215/215/215
f 218/218/218 174/174/174 216/216/216
f 219/219/219 175/175/175 220/220/220
f 221/221/221 177/177/177 222/222/222
f 223/223/223 179/179/179 219/219/219
f 224/224/224 180/180/180 221/221/221
f 225/225/225 181/181/181 223/223/223
f 226/226/226 182/182/182 224/224/224
f 227/227/227 183/183/183 225/225/225
f 228/228/228 184/184/184 226/226/226
f 229/229/229 185/185/185 227/227/227
f 230/230/230 186/186/186 228/228/228
f 231/231/231 187/187/187 229/229/229
f 232/232/232 188/188/188 230/230/230
f 233/233/233 189/189/189 231/231/231
f 234/234/234 190/190/190 232/232/232
f 235/235/235 191/191/191 233/233/233
f 236/236/236 192/192/192 234/234/234
f 237/237/237 193/193/193 235/235/235
f 238/238/238 194/194/194 236/236/236
f 239/239/239 195/195/195 237/237/237
f 240/240/240 196/196/196 238/238/238
f 241/241/241 197/197/197 239/239/239
f 242/242/242 198/198/198 240/240/240
f 243/243/243 199/199/199 241/241/241
f 244/244/244 200/200/200 242/242/242
f 245/245/245 201/201/201 243/243/243
f 246/246/246 202/202/202 244/244/244
f 247/247/247 203/203/203 245/245/245
f 248/248/248 204/204/204 246/246/246
f 249/249/249 205/205/205 247/247/247
f 250/250/250 206/206/206 248/248/248
f 251/251/251 207/207/207 249/249/249
f 252/252/252 208/208/208 250/250/250
f 253/253/253 209/209/209 251/251/251
f 254/254/254 210/210/210 252/252/252
f 255/255/255 211/211/211 253/253/253
f 256/256/256 212/212/212 254/254/254
f 257/257/257 213/213/213 255/255/255
f 258/258/258 214/214/214 256/256/256
f 259/259/259 215/215/215 257/257/257
f 260/260/260 216/216/216 258/258/258
f 261/261/261 217/217/217 259/259/259
f 262/262/262 218/218/218 260/260/260
f 263/263/263 219/219/219 264/264/264
f 265/265/265 221/221/221 266/266/266
f 267/267/267 223/223/223 263/263/263
f 268/268/268 224/224/224 265/265/265
f 269/269/269 225/225/225 267/267/267
f 270/270/270 226/226/226 268/268/268
f 271/271/271 227/227/227 269/269/269
f 272/272/272 228/228/228 270/270/270
f 273/273/273 229/229/229 271/271/271
f 274/274/274 230/230/230 272/272/272
f 275/275/275 231/231/231 273/273/273
f 276/276/276 232/232/232 274/274/274
f 277/277/277 233/233/233 275/275/275
f 278/278/278 234/234/234 276/276/276
f 279/279/279 235/235/235 277/277/277
f 280/280/280 236/236/236 278/278/278
f 281/281/281 237/237/237 279/279/279
f 282/282/282 238/238/238 280/280/280
f 283/283/283 239/239/239 281/281/281
f 284/284/284 240/240/240 282/282/282
f 285/285/285 241/241/241 283/283/283
f 286/286/286 242/242/242 284/284/284
f 287/287/287 243/243/243 285/285/285
f 288/288/288 244/244/244 286/286/286
f 289/289/289 245/245/245 287/287/287
f 290/290/290 246/246/246 288/288/288
f 291/291/291 247/247/247 289/289/289
f 292/292/292 248/248/248 290/290/290
f 293/293/293 249/249/249 291/291/291
f 294/294/294 250/250/250 292/292/292
f 295/295/295 251/251/251 293/293/293
f 296/296/296 252/252/252 294/294/294
f 297/297/297 253/253/253 295/295/295
f 298/298/298 254/254/254 296/296/296
f 299/299/299 255/255/255 297/297/297
f 300/300/300 256/256/256 298/298/298
f 301/301/301 257/257/257 299/299/299
f 302/302/302 258/258/258 300/300/300
f 303/303/303 259/259/259 301/301/301
f 304/304/304 260/260/260 302/302/302
f 305/305/305 261/261/261 303/303/303
f 306/306/306 262/262/262 304/304/304
f 307/307/307 308/308/308 309/309/309
f 310/310/310 311/311/311 312/312/312
f 313/313/313 314/314/314 308/308/308
f 315/315/315 316/316/316 311/311/311
f 317/317/317 318/318/318 314/314/314
f 319/319/319 320/320/320 316/316/316
f 321/321/321 322/322/322 318/318/318
f 323/323/323 324/324/324 320/320/320
f 325/325/325 326/326/326 322/322/322
f 327/327/327 328/328/328 324/324/324
f 329/329/329 330/330/330 326/326/326
f 331/331/331 332/332/332 328/328/328
f 333/333/333 334/334/334 330/330/330
f 335/335/335 336/336/336 332/332/332
f 337/337/337 338/338/338 334/334/334
f 339/339/339 340/340/340 336/336/336
f 341/341/341 342/342/342 338/338/338
f 343/343/343 344/344/344 340/340/340
f 345/345/345 346/346/346 342/342/342
f 347/347/347 348/348/348 344/344/344
f 349/349/349 350/350/350 346/346/346
f 351/351/351 352/352/352 348/348/348
f 353/353/353 354/354/354 350/350/350
f 355/355/355 356/356/356 352/352/352
f 357/357/357 358/358/358 354/354/354
f 359/359/359 360/360/360 356/356/356
f 361/361/361 362/362/362 358/358/358
f 363/363/363 364/364/364 360/360/360
f 365/365/365 366/366/366 362/362/362
f 367/367/367 368/368/368 364/364/364
f 369/369/369 370/370/370 366/366/366
f 371/371/371 372/372/372 368/368/368
f 373/373/373 374/374/374 370/370/370
f 375/375/375 376/376/376 372/372/372
f 377/377/377 378/378/378 374/374/374
f 379/379/379 380/380/380 376/376/376
f 381/381/381 382/382/382 378/378/378
f 383/383/383 384/384/384 380/380/380
f 385/385/385 386/386/386 382/382/382
f 387/387/387 388/388/388 384/384/384
f 389/389/389 390/390/390 386/386/386
f 391/391/391 392/392/392 388/388/388
f 393/393/393 307/307/307 394/394/394
f 395/395/395 310/310/310 396/396/396
f 397/397/397 313/313/313 307/307/307
f 398/398/398 315/315/315 310/310/310
f 399/399/399 317/317/317 313/313/313
f 400/400/400 319/319/319 315/315/315
f 401/401/401 321/321/321 317/317/317
f 402/402/402 323/323/323 319/319/319
f 403/403/403 325/325/325 321/321/321
f 404/404/404 327/327/327 323/323/323
f 405/405/405 329/329/329 325/325/325
f 406/406/406 331/331/331 327/327/327
f 407/407/407 333/333/333 329/329/329
f 408/408/408 335/335/335 331/331/331
f 409/409/409 337/337/337 333/333/333
f 410/410/410 339/339/339 335/335/335
f 411/411/411 341/341/341 337/337/337
f 412/412/412 343/343/343 339/339/339
f 413/413/413 345/345/345 341/341/341
f 414/414/414 347/347/347 343/343/343
f 415/415/415 349/349/349 345/345/345
f 416/416/416 351/351/351 347/347/347
f 417/417/417 353/353/353 349/349/349
f 418/418/418 355/355/355 351/351/351
f 419/419/419 357/357/357 353/353/353
f 420/420/420 359/359/359 355/355/355
f 421/421/421 361/361/361 357/357/357
f 422/422/422 363/363/363 359/359/359
f 423/423/423 365/365/365 361/361/361
f 424/424/424 367/367/367 363/363/363
f 425/425/425 369/369/369 365/365/365
f 426/426/426 371/371/371 367/367/367
f 427/427/427 373/373/373 369/369/369
f 428/428/428 375/375/375 371/371/371
f 429/429/429 377/377/377 373/373/373
f 430/430/430 379/379/379 375/375/375
f 431/431/431 381/381/381 377/377/377
f 432/432/432 383/383/383 379/379/379
f 433/433/433 385/385/385 381/381/381
f 434/434/434 387/387/387 383/383/383
f 435/435/435 389/389/389 385/385/385
f 436/436/436 391/391/391 387/387/387
f 437/437/437 393/393/393 438/438/438
f 439/439/439 395/395/395 440/440/440
f 441/441/441 397/397/397 393/393/393
f 442/442/442 398/398/398 395/395/395
f 443/443/443 399/399/399 397/397/397
f 444/444/444 400/400/400 398/398/398
f 445/445/445 401/401/401 399/399/399
f 446/446/446 402/402/402 400/400/400
f 447/447/447 403/403/403 401/401/401
f 448/448/448 404/404/404 402/402/402
f 449/449/449 405/405/405 403/403/403
f 450/450/450 406/406/406 404/404/404
f 451/451/451 407/407/407 405/405/405
f 452/452/452 408/408/408 406/406/406
f 453/453/453 409/409/409 407/407/407
f 454/454/454 410/410/410 408/408/408
f 455/455/455 411/411/411 409/409/409
f 456/456/456 412/412/412 410/410/410
f 457/457/457 413/413/413 411/411/411
f 458/458/458 414/414/414 412/412/412
f 459/459/459 415/415/415 413/413/413
f 460/460/460 416/416/416 414/414/414
f 461/461/461 417/417/417 415/415/415
f 462/462/462 418/418/418 416/416/416
f 463/463/463 419/419/419 417/417/417
f 464/464/464 420/420/420 418/418/418
f 465/465/465 421/421/421 419/419/419
f 466/466/466 422/422/422 420/420/420
f 467/467/467 423/423/423 421/421/421
f 468/468/468 424/424/424 422/422/422
f 469/469/469 425/425/425 423/423/423
f 470/470/470 426/426/426 424/424/424
f 471/471/471 427/427/427 425/425/425
f 472/472/472 428/428/428 426/426/426
f 473/473/473 429/429/429 427/427/427
f 474/474/474 430/430/430 428/428/428
f 475/475/475 431/431/431 429/429/429
f 476/476/476 432/432/432 430/430/430
f 477/477/477 433/433/433 431/431/431
f 478/478/478 434/434/434 432/432/432
f 479/479/479 435/435/435 433/433/433
f 480/480/480 436/436/436 434/434/434
f 481/481/481 437/437/437 482/482/482
f 483/483/483 439/439/439 484/484/484
f 485/485/485 441/441/441 481/481/481
f 486/486/486 442/442/442 483/483/483
f 487/487/487 443/443/443 485/485/485
f 488/488/488 444/444/444 486/486/486
f 489/489/489 445/445/445 487/487/487
f 490/490/490 446/446/446 488/488/488
f 491/491/491 447/447/447 489/489/489
f 492/492/492 448/448/448 490/490/490
f 493/493/493 449/449/449 491/491/491
f 494/494/494 450/450/450 492/492/492
f 495/495/495 451/451/451 493/493/493
f 496/496/496 452/452/452 494/494/494
f 497/497/497 453/453/453 495/495/495
f 498/498/498 454/454/454 496/496/496
f 499/499/499 455/455/455 497/497/497
f 500/500/500 456/456/456 498/498/498
f 501/501/501 457/457/457 499/499/499
f 502/502/502 458/458/458 500/500/500
f 503/503/503 459/459/459 501/501/501
f 504/504/504 460/460/460 502/502/502
f 505/505/505 461/461/461 503/503/503
f 506/506/506 462/462/462 504/504/504
f 507/507/507 463/463/463 505/505/505
f 508/508/508 464/464/464 506/506/506
f 509/509/509 465/465/465 507/507/507
f 510/510/510 466/466/466 508/508/508
f 511/511/511 467/467/467 509/509/509
f 512/512/512 468/468/468 510/510/510
f 513/513/513 469/469/469 511/511/511
f 514/514/514 470/470/470 512/512/512
f 515/515/515 471/471/471 513/513/513
f 516/516/516 472/472/472 514/514/514
f 517/517/517 473/473/473 515/515/515
f 518/518/518 474/474/474 516/516/516
f 519/519/519 475/475/475 517/517/517
f 520/520/520 476/476/476 518/518/518
f 521/521/521 477/477/477 519/519/519
f 522/522/522 478/478/478 520/520/520
f 523/523/523 479/479/479 521/521/521
f 524/524/524 480/480/480 522/522/522
f 525/525/525 481/481/481 526/526/526
f 527/527/527 483/483/483 528/528/528
f 529/529/529 485/485/485 525/525/525
f 530/530/530 486/486/486 527/527/527
f 531/531/531 487/487/487 529/529/529
f 532/532/532 488/488/488 530/530/530
f 533/533/533 489/489/489 531/531/531
f 534/534/534 490/490/490 532/532/532
f 535/535/535 491/491/491 533/533/533
f 536/536/536 492/492/492 534/534/534
f 537/537/537 493/493/493 535/535/535
f 538/538/538 494/494/494 536/536/536
f 539/539/539 495/495/495 537/537/537
f 540/540/540 496/496/496 538/538/538
f 541/541/541 497/497/497 539/539/539
f 542/542/542 498/498/498 540/540/540
f 543/543/543 499/499/499 541/541/541
f 544/544/544 500/500/500 542/542/542
f 545/545/545 501/501/501 543/543/543
f 546/546/546 502/502/502 544/544/544
f 547/547/547 503/503/503 545/545/545
f 548/548/548 504/504/504 546/546/546
f 549/549/549 505/505/505 547/547/547
f 550/550/550 506/506/506 548/548/548
f 551/551/551 507/507/507 549/549/549
f 552/552/552 508/508/508 550/550/550
f 553/553/553 509/509/509 551/551/551
f 554/554/554 510/510/510 552/552/552
f 555/555/555 511/511/511 553/553/553
f 556/556/556 512/512/512 554/554/554
f 557/557/557 513/513/513 555/555/555
f 558/558/558 514/514/514 556/556/556
f 559/559/559 515/515/515 557/557/557
f 560/560/560 516/516/516 558/558/558
f 561/561/561 517/517/517 559/559/559
f 562/562/562 518/518/518 560/560/560
f 563/563/563 519/519/519 561/561/561
f 564/564/564 520/520/520 562/562/562
f 565/565/565 521/521/521 563/563/563
f 566/566/566 522/522/522 564/564/564
f 567/567/567 523/523/523 565/565/565
f 568/568/568 524/524/524 566/566/566
f 569/569/569 525/525/525 570/570/570
f 571/571/571 527/527/527 572/572/572
f 573/573/573 529/529/529 569/569/569
f 574/574/574 530/530/530 571/571/571
f 575/575/575 531/531/531 573/573/573
f 576/576/576 532/532/532 574/574/574
f 577/577/577 533/533/533 575/575/575
f 578/578/578 534/534/534 576/576/576
f 579/579/579 535/535/535 577/577/577
f 580/580/580 536/536/536 578/578/578
f 581/581/581 537/537/537 579/579/579
f 582/582/582 538/538/538 580/580/580
f 583/583/583 539/539/539 581/581/581
f 584/584/584 540/540/540 582/582/582
f 585/585/585 541/541/541 583/583/583
f 586/586/586 542/542/542 584/584/584
f 587/587/587 543/543/543 585/585/585
f 588/588/588 544/544/544 586/586/586
f 589/589/589 545/545/545 587/587/587
f 590/590/590 546/546/546 588/588/588
f 591/591/591 547/547/547 589/589/589
f 592/592/592 548/548/548 590/590/590
f 593/593/593 549/549/549 591/591/591
f 594/594/594 550/550/550 592/592/592
f 595/595/595 551/551/551 593/593/593
f 596/596/596 552/552/552 594/594/594
f 597/597/597 553/553/553 595/595/595
f 598/598/598 554/554/554 596/596/596
f 599/599/599 555/555/555 597/597/597
f 600/600/600 556/556/556 598/598/598
f 601/601/601 557/557/557 599/599/599
f 602/602/602 558/558/558 600/600/600
f 603/603/603 559/559/559 601/601/601
f 604/604/604 560/560/560 602/602/602
f 605/605/605 561/561/561 603/603/603
f 606/606/606 562/562/562 604/604/604
f 607/607/607 563/563/563 605/605/605
f 608/608/608 564/564/564 606/606/606
f 609/609/609 565/565/565 607/607/607
f 610/610/610 566/566/566 608/608/608
f 611/611/611 567/567/567 609/609/609
f 612/612/612 568/568/568 610/610/610
f 613/613/613 614/614/614 615/615/615
f 616/616/616 617/617/617 618/618/618
f 619/619/619 620/620/620 614/614/614
f 621/621/621 622/622/622 617/617/617
f 623/623/623 624/624/624 620/620/620
f 625/625/625 626/626/626 622/622/622
f 627/627/627 628/628/628 624/624/624
f 629/629/629 630/630/630 626/626/626
f 631/631/631 632/632/632 628/628/628
f 633/633/633 634/634/634 630/630/630
f 635/635/635 636/636/636 632/632/632
f 637/637/637 638/638/638 634/634/634
f 639/639/639 640/640/640 636/636/636
f 641/641/641 642/642/642 638/638/638
f 643/643/643 644/644/644 640/640/640
f 645/645/645 646/646/646 642/642/642
f 647/647/647 648/648/648 644/644/644
f 649/649/649 650/650/650 646/646/646
f 651/651/651 652/652/652 648/648/648
f 653/653/653 654/654/654 650/650/650
f 655/655/655 656/656/656 652/652/652
f 657/657/657 658/658/658 654/654/654
f 659/659/659 660/660/660 656/656/656
f 661/661/661 662/662/662 658/658/658
f 663/663/663 664/664/664 660/660/660
f 665/665/665 666/666/666 662/662/662
f 667/667/667 668/668/668 664/664/664
f 669/669/669 670/670/670 666/666/666
f 671/671/671 672/672/672 668/668/668
f 673/673/673 674/674/674 670/670/670
f 675/675/675 676/676/676 672/672/672
f 677/677/677 678/678/678 674/674/674
f 679/679/679 680/680/680 676/676/676
f 681/681/681 682/682/682 678/678/678
f 683/683/683 684/684/684 680/680/680
f 685/685/685 686/686/686 682/682/682
f 687/687/687 688/688/688 684/684/684
f 689/689/689 690/690/690 686/686/686
f 691/691/691 692/692/692 688/688/688
f 693/693/693 694/694/694 690/690/690
f 695/695/695 696/696/696 692/692/692
f 697/697/697 698/698/698 694/694/694
f 699/699/699 613/613/613 700/700/700
f 701/701/701 616/616/616 702/702/702
f 703/703/703 619/619/619 613/613/613
f 704/704/704 621/621/621 616/616/616
f 705/705/705 623/623/623 619/619/619
f 706/706/706 625/625/625 621/621/621
f 707/707/707 627/627/627 623/623/623
f 708/708/708 629/629/629 625/625/625
f 709/709/709 631/631/631 627/627/627
f 710/710/710 633/633/633 629/629/629
f 711/711/711 635/635/635 631/631/631
f 712/712/712 637/637/637 633/633/633
f 713/713/713 639/639/639 635/635/635
f 714/714/714 641/641/641 637/637/637
f 715/715/715 643/643/643 639/639/639
f 716/716/716 645/645/645 641/641/641
f 717/717/717 647/647/647 643/643/643
f 718/718/718 649/649/649 645/645/645
f 719/719/719 651/651/651 647/647/647
f 720/720/720 653/653/653 649/649/649
f 721/721/721 655/655/655 651/651/651
f 722/722/722 657/657/657 653/653/653
f 723/723/723 659/659/659 655/655/655
f 724/724/724 661/661/661 657/657/657
f 725/725/725 663/663/663 659/659/659
f 726/726/726 665/665/665 661/661/661
f 727/727/727 667/667/667 663/663/663
f 728/728/728 669/669/669 665/665/665
f 729/729/729 671/671/671 667/667/667
f 730/730/730 673/673/673 669/669/669
f 731/731/731 675/675/675 671/671/671
f 732/732/732 677/677/677 673/673/673
f 733/733/733 679/679/679 675/675/675
f 734/734/734 681/681/681 677/677/677
f 735/735/735 683/683/683 679/679/679
f 736/736/736 685/685/685 681/681/681
f 737/737/737 687/687/687 683/683/683
f 738/738/738 689/689/689 685/685/685
f 739/739/739 691/691/691 687/687/687
f 740/740/740 693/693/693 689/689/689
f 741/741/741 695/695/695 691/691/691
f 742/742/742 697/697/697 693/693/693
f 743/743/743 699/699/699 744/744/744
f 745/745/745 701/701/701 746/746/746
f 747/747/747 703/703/703 699/699/699
f 748/748/748 704/704/704 701/701/701
f 749/749/749 705/705/705 703/703/703
f 750/750/750 706/706/706 704/704/704
f 751/751/751 707/707/707 705/705/705
f 752/752/752 708/708/708 706/706/706
f 753/753/753 709/709/709 707/707/707
f 754/754/754 710/710/710 708/708/708
f 755/755/755 711/711/711 709/709/709
f 756/756/756 712/712/712 710/710/710
f 757/757/757 713/713/713 711/711/711
f 758/758/758 714/714/714 712/712/712
f 759/759/759 715/715/715 713/713/713
f 760/760/760 716/716/716 714/714/714
f 761/761/761 717/717/717 715/715/715
f 762/762/762 718/718/718 716/716/716
f 763/763/763 719/719/719 717/717/717
f 764/764/764 720/720/720 718/718/718
f 765/765/765 721/721/721 719/719/719
f 766/766/766 722/722/722 720/720/720
f 767/767/767 723/723/723 721/721/721
f 768/768/768 724/724/724 722/722/722
f 769/769/769 725/725/725 723/723/723
f 770/770/770 726/726/726 724/724/724
f 771/771/771 727/727/727 725/725/725
f 772/772/772 728/728/728 726/726/726
f 773/773/773 729/729/729 727/727/727
f 774/774/774 730/730/730 728/728/728
f 775/775/775 731/731/731 729/729/729
f 776/776/776 732/732/732 730/730/730
f 777/777/777 733/733/733 731/731/731
f 778/778/778 734/734/734 732/732/732
f 779/779/779 735/735/735 733/733/733
f 780/780/780 736/736/736 734/734/734
f 781/781/781 737/737/737 735/735/735
f 782/782/782 738/738/738 736/736/736
f 783/783/783 739/739/739 737/737/737
f 784/784/784 740/740/740 738/738/738
f 785/785/785 741/741/741 739/739/739
f 786/786/786 742/742/742 740/740/740
f 787/787/787 743/743/743 788/788/788
f 789/789/789 745/745/745 790/790/790
f 791/791/791 747/747/747 787/787/787
f 792/792/792 748/748/748 789/789/789
f 793/793/793 749/749/749 791/791/791
f 794/794/794 750/750/750 792/792/792
f 795/795/795 751/751/751 793/793/793
f 796/796/796 752/752/752 794/794/794
f 797/797/797 753/753/753 795/795/795
f 798/798/798 754/754/754 796/796/796
f 799/799/799 755/755/755 797/797/797
f 800/800/800 756/756/756 798/798/798
f 801/801/801 757/757/757 799/799/799
f 802/802/802 758/758/758 800/800/800
f 803/803/803 759/759/759 801/801/801
f 804/804/804 760/760/760 802/802/802
f 805/805/805 761/761/761 803/803/803
f 806/806/806 762/762/762 804/804/804
f 807/807/807 763/763/763 805/805/805
f 808/808/808 764/764/764 806/806/806
f 809/809/809 765/765/765 807/807/807
f 810/810/810 766/766/766 808/808/808
f 811/811/811 767/767/767 809/809/809
f 812/812/812 768/768/768 810/810/810
f 813/813/813 769/769/769 811/811/811
f 814/814/814 770/770/770 812/812/812
f 815/815/815 771/771/771 813/813/813
f 816/816/816 772/772/772 814/814/814
f 817/817/817 773/773/773 815/815/815
f 818/818/818 774/774/774 816/816/816
f 819/819/819 775/775/775 817/817/817
f 820/820/820 776/776/776 818/818/818
f 821/821/821 777/777/777 819/819/819
f 822/822/822 778/778/778 820/820/820
f 823/823/823 779/779/779 821/821/821
f 824/824/824 780/780/780 822/822/822
f 825/825/825 781/781/781 823/823/823
f 826/826/826 782/782/782 824/824/824
f 827/827/827 783/783/783 825/825/825
f 828/828/828 784/784/784 826/826/826
f 829/829/829 785/785/785 827/827/827
f 830/830/830 786/786/786 828/828/828
f 831/831/831 787/787/787 832/832/832
f 833/833/833 789/789/789 834/834/834
f 835/835/835 791/791/791 831/831/831
f 836/836/836 792/792/792 833/833/833
f 837/837/837 793/793/793 835/835/835
f 838/838/838 794/794/794 836/836/836
f 839/839/839 795/795/795 837/837/837
f 840/840/840 796/796/796 838/838/838
f 841/841/841 797/797/797 839/839/839
f 842/842/842 798/798/798 840/840/840
f 843/843/843 799/799/799 841/841/841
f 844/844/844 800/800/800 842/842/842
f 845/845/845 801/801/801 843/843/843
f 846/846/846 802/802/802 844/844/844
f 847/847/847 803/803/803 845/845/845
f 848/848/848 804/804/804 846/846/846
f 849/849/849 805/805/805 847/847/847
f 850/850/850 806/806/806 848/848/848
f 851/851/851 807/807/807 849/849/849
f 852/852/852 808/808/808 850/850/850
f 853/853/853 809/809/809 851/851/851
f 854/854/854 810/810/810 852/852/852
f 855/855/855 811/811/811 853/853/853
f 856/856/856 812/812/812 854/854/854
f 857/857/857 813/813/813 855/855/855
f 858/858/858 814/814/814 856/856/856
f 859/859/859 815/815/815 857/857/857
f 860/860/860 816/816/816 858/858/858
f 861/861/861 817/817/817 859/859/859
f 862/862/862 818/818/818 860/860/860
f 863/863/863 819/819/819 861/861/861
f 864/864/864 820/820/820 862/862/862
f 865/865/865 821/821/821 863/863/863
f 866/866/866 822/822/822 864/864/864
f 867/867/867 823/823/823 865/865/865
f 868/868/868 824/824/824 866/866/866
f 869/869/869 825/825/825 867/867/867
f 870/870/870 826/826/826 868/868/868
f 871/871/871 827/827/827 869/869/869
f 872/872/872 828/828/828 870/870/870
f 873/873/873 829/829/829 871/871/871
f 874/874/874 830/830/830 872/872/872
f 875/875/875 831/831/831 876/876/876
f 877/877/877 833/833/833 878/878/878
f 879/879/879 835/835/835 875/875/875
f 880/880/880 836/836/836 877/877/877
f 881/881/881 837/837/837 879/879/879
f 882/882/882 838/838/838 880/880/880
f 883/883/883 839/839/839 881/881/881
f 884/884/884 840/840/840 882/882/882
f 885/885/885 841/841/841 883/883/883
f 886/886/886 842/842/842 884/884/884
f 887/887/887 843/843/843 885/885/885
f 888/888/888 844/844/844 886/886/886
f 889/889/889 845/845/845 887/887/887
f 890/890/890 846/846/846 888/888/888
f 891/891/891 847/847/847 889/889/889
f 892/892/892 848/848/848 890/890/890
f 893/893/893 849/849/849 891/891/891
f 894/894/894 850/850/850 892/892/892
f 895/895/895 851/851/851 893/893/893
f 896/896/896 852/852/852 894/894/894
f 897/897/897 853/853/853 895/895/895
f 898/898/898 854/854/854 896/896/896
f 899/899/899 855/855/855 897/897/897
f 900/900/900 856/856/856 898/898/898
f 901/901/901 857/857/857 899/899/899
f 902/902/902 858/858/858 900/900/900
f 903/903/903 859/859/859 901/901/901
f 904/904/904 860/860/860 902/902/902
f 905/905/905 861/861/861 903/903/903
f 906/906/906 862/862/862 904/904/904
f 907/907/907 863/863/863 905/905/905
f 908/908/908 864/864/864 906/906/906
f 909/909/909 865/865/865 907/907/907
f 910/910/910 866/866/866 908/908/908
f 911/911/911 867/867/867 909/909/909
f 912/912/912 868/868/868 910/910/910
f 913/913/913 869/869/869 911/911/911
f 914/914/914 870/870/870 912/912/912
f 915/915/915 871/871/871 913/913/913
f 916/916/916 872/872/872 914/914/914
f 917/917/917 873/873/873 915/915/915
f 918/918/918 874/874/874 916/916/916
f 919/919/919 920/920/920 921/921/921
f 922/922/922 923/923/923 924/924/924
f 925/925/925 926/926/926 919/919/919
f 927/927/927 928/928/928 922/922/922
f 929/929/929 930/930/930 925/925/925
f 931/931/931 932/932/932 927/927/927
f 933/933/933 934/934/934 929/929/929
f 935/935/935 936/936/936 931/931/931
f 937/937/937 938/938/938 933/933/933
f 939/939/939 940/940/940 935/935/935
f 941/941/941 942/942/942 937/937/937
f 943/943/943 944/944/944 939/939/939
f 945/945/945 946/946/946 941/941/941
f 947/947/947 948/948/948 943/943/943
f 949/949/949 950/950/950 945/945/945
f 951/951/951 952/952/952 947/947/947
f 953/953/953 954/954/954 949/949/949
f 955/955/955 956/956/956 951/951/951
f 957/957/957 958/958/958 953/953/953
f 959/959/959 960/960/960 955/955/955
f 961/961/961 962/962/962 957/957/957
f 963/963/963 964/964/964 959/959/959
f 965/965/965 966/966/966 961/961/961
f 967/967/967 968/968/968 963/963/963
f 969/969/969 970/970/970 965/965/965
f 971/971/971 972/972/972 967/967/967
f 973/973/973 974/974/974 969/969/969
f 975/975/975 976/976/976 971/971/971
f 977/977/977 978/978/978 973/973/973
f 979/979/979 980/980/980 975/975/975
f 981/981/981 982/982/982 977/977/977
f 983/983/983 984/984/984 979/979/979
f 985/985/985 986/986/986 981/981/981
f 987/987/987 988/988/988 983/983/983
f 989/989/989 990/990/990 985/985/985
f 991/991/991 992/992/992 987/987/987
f 993/993/993 994/994/994 989/989/989
f 995/995/995 996/996/996 991/991/991
f 997/997/997 998/998/998 993/993/993
f 999/999/999 1000/1000/1000 995/995/995
f 1001/1001/1001 1002/1002/1002 997/997/997
f 1003/1003/1003 1004/1004/1004 999/999/999
f 1005/1005/1005 1006/1006/1006 1001/1001/1001
f 1007/1007/1007 1008/1008/1008 1003/1003/1003
f 1009/1009/1009 1010/1010/1010 1005/1005/1005
f 1011/1011/1011 1012/1012/1012 1007/1007/1007
f 1013/1013/1013 1014/1014/1014 1009/1009/1009
f 1015/1015/1015 1016/1016/1016 1011/1011/1011
f 1017/1017/1017 1018/1018/1018 1013/1013/1013
f 1019/1019/1019 1020/1020/1020 1015/1015/1015
f 1021/1021/1021 1022/1022/1022 1017/1017/1017
f 1023/1023/1023 1024/1024/1024 1019/1019/1019
f 1025/1025/1025 1026/1026/1026 1021/1021/1021
f 1027/1027/1027 1028/1028/1028 1023/1023/1023
f 1029/1029/1029 1030/1030/1030 1025/1025/1025
f 1031/1031/1031 1032/1032/1032 1027/1027/1027
f 1033/1033/1033 1034/1034/1034 1029/1029/1029
f 1035/1035/1035 1036/1036/1036 1031/1031/1031
f 1037/1037/1037 1038/1038/1038 1033/1033/1033
f 1039/1039/1039 1040/1040/1040 1035/1035/1035
f 1041/1041/1041 1042/1042/1042 1037/1037/1037
f 1043/1043/1043 1044/1044/1044 1039/1039/1039
f 1045/1045/1045 1046/1046/1046 1041/1041/1041
f 1047/1047/1047 1048/1048/1048 1043/1043/1043
f 1049/1049/1049 919/919/919 1050/1050/1050
f 1051/1051/1051 922/922/922 1052/1052/1052
f 1053/1053/1053 925/925/925 1049/1049/1049
f 1054/1054/1054 927/927/927 1051/1051/1051
f 1055/1055/1055 929/929/929 1053/1053/1053
f 1056/1056/1056 931/931/931 1054/1054/1054
f 1057/1057/1057 933/933/933 1055/1055/1055
f 1058/1058/1058 935/935/935 1056/1056/1056
f 1059/1059/1059 937/937/937 1057/1057/1057
f 1060/1060/1060 939/939/939 1058/1058/1058
f 1061/1061/1061 941/941/941 1059/1059/1059
f 1062/1062/1062 943/943/943 1060/1060/1060
f 1063/1063/1063 945/945/945 1061/1061/1061
f 1064/1064/1064 947/947/947 1062/1062/1062
f 1065/1065/1065 949/949/949 1063/1063/1063
f 1066/1066/1066 951/951/951 1064/1064/1064
f 1067/1067/1067 953/953/953 1065/1065/1065
f 1068/1068/1068 955/955/955 1066/1066/1066
f 1069/1069/1069 957/957/957 1067/1067/1067
f 1070/1070/1070 959/959/959 1068/1068/1068
f 1071/1071/1071 961/961/961 1069/1069/1069
f 1072/1072/1072 963/963/963 1070/1070/1070
f 1073/1073/1073 965/965/965 1071/1071/1071
f 1074/1074/1074 967/967/967 1072/1072/1072
f 1075/1075/1075 969/969/969 1073/1073/1073
f 1076/1076/1076 971/971/971 1074/1074/1074
f 1077/1077/1077 973/973/973 1075/1075/1075
f 1078/1078/1078 975/975/975 1076/1076/1076
f 1079/1079/1079 977/977/977 1077/1077/1077
f 1080/1080/1080 979/979/979 1078/1078/1078
f 1081/1081/1081 981/981/981 1079/1079/1079
f 1082/1082/1082 983/983/983 1080/1080/1080
f 1083/1083/1083 985/985/985 1081/1081/1081
f 1084/1084/1084 987/987/987 1082/1082/1082
f 1085/1085/1085 989/989/989 1083/1083/1083
f 1086/1086/1086 991/991/991 1084/1084/1084
f 1087/1087/1087 993/993/993 1085/1085/1085
f 1088/1088/1088 995/995/995 1086/1086/1086
f 1089/1089/1089 997/997/997 1087/1087/1087
f 1090/1090/1090 999/999/999 1088/1088/1088
f 1091/1091/1091 1001/1001/1001 1089/1089/1089
f 1092/1092/1092 1003/1003/1003 1090/1090/1090
f 1093/1093/1093 1005/1005/1005 1091/1091/1091
f 1094/1094/1094 1007/1007/1007 1092/1092/1092
f 1095/1095/1095 1009/1009/1009 1093/1093/1093
f 1096/1096/1096 1011/1011/1011 1094/1094/1094
f 1097/1097/1097 1013/1013/1013 1095/1095/1095
f 1098/1098/1098 1015/1015/1015 1096/1096/1096
f 1099/1099/1099 1017/1017/1017 1097/1097/1097
f 1100/1100/1100 1019/1019/1019 1098/1098/1098
f 1101/1101/1101 1021/1021/1021 1099/1099/1099
f 1102/1102/1102 1023/1023/1023 1100/1100/1100
f 1103/1103/1103 1025/1025/1025 1101/1101/1101
f 1104/1104/1104 1027/1027/1027 1102/1102/1102
f 1105/1105/1105 1029/1029/1029 1103/1103/1103
f 1106/1106/1106 1031/1031/1031 1104/1104/1104
f 1107/1107/1107 1033/1033/1033 1105/1105/1105
f 1108/1108/1108 1035/1035/1035 1106/1106/1106
f 1109/1109/1109 1037/1037/1037 1107/1107/1107
f 1110/1110/1110 1039/1039/1039 1108/1108/1108
f 1111/1111/1111 1041/1041/1041 1109/1109/1109
f 1112/1112/1112 1043/1043/1043 1110/1110/1110
f 1113/1113/1113 1045/1045/1045 1111/1111/1111
f 1114/1114/1114 1047/1047/1047 1112/1112/1112
f 1115/1115/1115 1116/1116/1116 1117/1117/1117
f 1118/1118/1118 1119/1119/1119 1120/1120/1120
f 1121/1121/1121 1115/1115/1115 1122/1122/1122
f 1123/1123/1123 1118/1118/1118 1124/1124/1124
f 1125/1125/1125 1121/1121/1121 1126/1126/1126
f 1127/1127/1127 1123/1123/1123 1128/1128/1128
f 1129/1129/1129 1125/1125/1125 1130/1130/1130
f 1131/1131/1131 1127/1127/1127 1132/1132/1132
f 1133/1133/1133 1129/1129/1129 1134/1134/1134
f 1135/1135/1135 1131/1131/1131 1136/1136/1136
f 1137/1137/1137 1133/1133/1133 1138/1138/1138
f 1139/1139/1139 1135/1135/1135 1140/1140/1140
f 1141/1141/1141 1137/1137/1137 1142/1142/1142
f 1143/1143/1143 1139/1139/1139 1144/1144/1144
f 1145/1145/1145 1141/1141/1141 1146/1146/1146
f 1147/1147/1147 1143/1143/1143 1148/1148/1148
f 1149/1149/1149 1145/1145/1145 1150/1150/1150
f 1151/1151/1151 1147/1147/1147 1152/1152/1152
f 1153/1153/1153 1149/1149/1149 1154/1154/1154
f 1155/1155/1155 1151/1151/1151 1156/1156/1156
f 1157/1157/1157 1153/1153/1153 1158/1158/1158
f 1159/1159/1159 1155/1155/1155 1160/1160/1160
f 1161/1161/1161 1157/1157/1157 1162/1162/1162
f 1163/1163/1163 1159/1159/1159 1164/1164/1164
f 1165/1165/1165 1161/1161/1161 1166/1166/1166
f 1167/1167/1167 1163/1163/1163 1168/1168/1168
f 1169/1169/1169 1165/1165/1165 1170/1170/1170
f 1171/1171/1171 1167/1167/1167 1172/1172/1172
f 1173/1173/1173 1169/1169/1169 1174/1174/1174
f 1175/1175/1175 1171/1171/1171 1176/1176/1176
f 1177/1177/1177 1173/1173/1173 1178/1178/1178
f 1179/1179/1179 1175/1175/1175 1180/1180/1180
f 1181/1181/1181 1177/1177/1177 1182/1182/1182
f 1183/1183/1183 1179/1179/1179 1184/1184/1184
f 1185/1185/1185 1181/1181/1181 1186/1186/1186
f 1187/1187/1187 1183/1183/1183 1188/1188/1188
f 1189/1189/1189 1185/1185/1185 1190/1190/1190
f 1191/1191/1191 1187/1187/1187 1192/1192/1192
f 1193/1193/1193 1189/1189/1189 1194/1194/1194
f 1195/1195/1195 1191/1191/1191 1196/1196/1196
f 1197/1197/1197 1193/1193/1193 1198/1198/1198
f 1199/1199/1199 1195/1195/1195 1200/1200/1200
f 1201/1201/1201 1197/1197/1197 1202/1202/1202
f 1203/1203/1203 1199/1199/1199 1204/1204/1204
f 1205/1205/1205 1201/1201/1201 1206/1206/1206
f 1207/1207/1207 1203/1203/1203 1208/1208/1208
f 1209/1209/1209 1205/1205/1205 1210/1210/1210
f 1211/1211/1211 1207/1207/1207 1212/1212/1212
f 1213/1213/1213 1209/1209/1209 1214/1214/1214
f 1215/1215/1215 1211/1211/1211 1216/1216/1216
f 1217/1217/1217 1213/1213/1213 1218/1218/1218
f 1219/1219/1219 1215/1215/1215 1220/1220/1220
f 1221/1221/1221 1217/1217/1217 1222/1222/1222
f 1223/1223/1223 1219/1219/1219 1224/1224/1224
f 1225/1225/1225 1221/1221/1221 1226/1226/1226
f 1227/1227/1227 1223/1223/1223 1228/1228/1228
f 1229/1229/1229 1225/1225/1225 1230/1230/1230
f 1231/1231/1231 1227/1227/1227 1232/1232/1232
f 1233/1233/1233 1229/1229/1229 1234/1234/1234
f 1235/1235/1235 1231/1231/1231 1236/1236/1236
f 1237/1237/1237 1233/1233/1233 1238/1238/1238
f 1239/1239/1239 1235/1235/1235 1240/1240/1240
f 1241/1241/1241 1237/1237/1237 1242/1242/1242
f 1243/1243/1243 1239/1239/1239 1244/1244/1244
f 1245/1245/1245 1246/1246/1246 1115/1115/1115
f 1247/1247/1247 1248/1248/1248 1118/1118/1118
f 1249/1249/1249 1245/1245/1245 1121/1121/1121
f 1250/1250/1250 1247/1247/1247 1123/1123/1123
f 1251/1251/1251 1249/1249/1249 1125/1125/1125
f 1252/1252/1252 1250/1250/1250 1127/1127/1127
f 1253/1253/1253 1251/1251/1251 1129/1129/1129
f 1254/1254/1254 1252/1252/1252 1131/1131/1131
f 1255/1255/1255 1253/1253/1253 1133/1133/1133
f 1256/1256/1256 1254/1254/1254 1135/1135/1135
f 1257/1257/1257 1255/1255/1255 1137/1137/1137
f 1258/1258/1258 1256/1256/1256 1139/1139/1139
f 1259/1259/1259 1257/1257/1257 1141/1141/1141
f 1260/1260/1260 1258/1258/1258 1143/1143/1143
f 1261/1261/1261 1259/1259/1259 1145/1145/1145
f 1262/1262/1262 1260/1260/1260 1147/1147/1147
f 1263/1263/1263 1261/1261/1261 1149/1149/1149
f 1264/1264/1264 1262/1262/1262 1151/1151/1151
f 1265/1265/1265 1263/1263/1263 1153/1153/1153
f 1266/1266/1266 1264/1264/1264 1155/1155/1155
f 1267/1267/1267 1265/1265/1265 1157/1157/1157
f 1268/1268/1268 1266/1266/1266 1159/1159/1159
f 1269/1269/1269 1267/1267/1267 1161/1161/1161
f 1270/1270/1270 1268/1268/1268 1163/1163/1163
f 1271/1271/1271 1269/1269/1269 1165/1165/1165
f 1272/1272/1272 1270/1270/1270 1167/1167/1167
f 1273/1273/1273 1271/1271/1271 1169/1169/1169
f 1274/1274/1274 1272/1272/1272 1171/1171/1171
f 1275/1275/1275 1273/1273/1273 1173/1173/1173
f 1276/1276/1276 1274/1274/1274 1175/1175/1175
f 1277/1277/1277 1275/1275/1275 1177/1177/1177
f 1278/1278/1278 1276/1276/1276 1179/1179/1179
f 1279/1279/1279 1277/1277/1277 1181/1181/1181
f 1280/1280/1280 1278/1278/1278 1183/1183/1183
f 1281/1281/1281 1279/1279/1279 1185/1185/1185
f 1282/1282/1282 1280/1280/1280 1187/1187/1187
f 1283/1283/1283 1281/1281/1281 1189/1189/1189
f 1284/1284/1284 1282/1282/1282 1191/1191/1191
f 1285/1285/1285 1283/1283/1283 1193/1193/1193
f 1286/1286/1286 1284/1284/1284 1195/1195/1195
f 1287/1287/1287 1285/1285/1285 1197/1197/1197
f 1288/1288/1288 1286/1286/1286 1199/1199/1199
f 1289/1289/1289 1287/1287/1287 1201/1201/1201
f 1290/1290/1290 1288/1288/1288 1203/1203/1203
f 1291/1291/1291 1289/1289/1289 1205/1205/1205
f 1292/1292/1292 1290/1290/1290 1207/1207/1207
f 1293/1293/1293 1291/1291/1291 1209/1209/1209
f 1294/1294/1294 1292/1292/1292 1211/1211/1211
f 1295/1295/1295 1293/1293/1293 1213/1213/1213
f 1296/1296/1296 1294/1294/1294 1215/1215/1215
f 1297/1297/1297 1295/1295/1295 1217/1217/1217
f 1298/1298/1298 1296/1296/1296 1219/1219/1219
f 1299/1299/1299 1297/1297/1297 1221/1221/1221
f 1300/1300/1300 1298/1298/1298 1223/1223/1223
f 1301/1301/1301 1299/1299/1299 1225/1225/1225
f 1302/1302/1302 1300/1300/1300 1227/1227/1227
f 1303/1303/1303 1301/1301/1301 1229/1229/1229
f 1304/1304/1304 1302/1302/1302 1231/1231/1231
f 1305/1305/1305 1303/1303/1303 1233/1233/1233
f 1306/1306/1306 1304/1304/1304 1235/1235/1235
f 1307/1307/1307 1305/1305/1305 1237/1237/1237
f 1308/1308/1308 1306/1306/1306 1239/1239/1239
f 1309/1309/1309 1307/1307/1307 1241/1241/1241
f 1310/1310/1310 1308/1308/1308 1243/1243/1243
f 1311/1311/1311 1312/1312/1312 1313/1313/1313
f 1314/1314/1314 1315/1315/1315 1316/1316/1316
f 1317/1317/1317 1311/1311/1311 1318/1318/1318
f 1319/1319/1319 1314/1314/1314 1320/1320/1320
f 1321/1321/1321 1317/1317/1317 1322/1322/1322
f 1323/1323/1323 1319/1319/1319 1324/1324/1324
f 1325/1325/1325 1321/1321/1321 1326/1326/1326
f 1327/1327/1327 1323/1323/1323 1328/1328/1328
f 1329/1329/1329 1325/1325/1325 1330/1330/1330
f 1331/1331/1331 1327/1327/1327 1332/1332/1332
f 1333/1333/1333 1329/1329/1329 1334/1334/1334
f 1335/1335/1335 1331/1331/1331 1336/1336/1336
f 1337/1337/1337 1333/1333/1333 1338/1338/1338
f 1339/1339/1339 1335/1335/1335 1340/1340/1340
f 1341/1341/1341 1337/1337/1337 1342/1342/1342
f 1343/1343/1343 1339/1339/1339 1344/1344/1344
f 1345/1345/1345 1341/1341/1341 1346/1346/1346
f 1347/1347/1347 1343/1343/1343 1348/1348/1348
f 1349/1349/1349 1345/1345/1345 1350/1350/1350
f 1351/1351/1351 1347/1347/1347 1352/1352/1352
f 1353/1353/1353 1349/1349/1349 1354/1354/1354
f 1355/1355/1355 1351/1351/1351 1356/1356/1356
f 1357/1357/1357 1353/1353/1353 1358/1358/1358
f 1359/1359/1359 1355/1355/1355 1360/1360/1360
f 1361/1361/1361 1357/1357/1357 1362/1362/1362
f 1363/1363/1363 1359/1359/1359 1364/1364/1364
f 1365/1365/1365 1361/1361/1361 1366/1366/1366
f 1367/1367/1367 1363/1363/1363 1368/1368/1368
f 1369/1369/1369 1365/1365/1365 1370/1370/1370
f 1371/1371/1371 1367/1367/1367 1372/1372/1372
f 1373/1373/1373 1369/1369/1369 1374/1374/1374
f 1375/1375/1375 1371/1371/1371 1376/1376/1376
f 1377/1377/1377 1373/1373/1373 1378/1378/1378
f 1379/1379/1379 1375/1375/1375 1380/1380/1380
f 1381/1381/1381 1377/1377/1377 1382/1382/1382
f 1383/1383/1383 1379/1379/1379 1384/1384/1384
f 1385/1385/1385 1381/1381/1381 1386/1386/1386
f 1387/1387/1387 1383/1383/1383 1388/1388/1388
f 1389/1389/1389 1385/1385/1385 1390/1390/1390
f 1391/1391/1391 1387/1387/1387 1392/1392/1392
f 1393/1393/1393 1389/1389/1389 1394/1394/1394
f 1395/1395/1395 1391/1391/1391 1396/1396/1396
f 1397/1397/1397 1393/1393/1393 1398/1398/1398
f 1399/1399/1399 1395/1395/1395 1400/1400/1400
f 1401/1401/1401 1397/1397/1397 1402/1402/1402
f 1403/1403/1403 1399/1399/1399 1404/1404/1404
f 1405/1405/1405 1401/1401/1401 1406/1406/1406
f 1407/1407/1407 1403/1403/1403 1408/1408/1408
f 1409/1409/1409 1405/1405/1405 1410/1410/1410
f 1411/1411/1411 1407/1407/1407 1412/1412/1412
f 1413/1413/1413 1409/1409/1409 1414/1414/1414
f 1415/1415/1415 1411/1411/1411 1416/1416/1416
f 1417/1417/1417 1413/1413/1413 1418/1418/1418
f 1419/1419/1419 1415/1415/1415 1420/1420/1420
f 1421/1421/1421 1417/1417/1417 1422/1422/1422
f 1423/1423/1423 1419/1419/1419 1424/1424/1424
f 1425/1425/1425 1421/1421/1421 1426/1426/1426
f 1427/1427/1427 1423/1423/1423 1428/1428/1428
f 1429/1429/1429 1425/1425/1425 1430/1430/1430
f 1431/1431/1431 1427/1427/1427 1432/1432/1432
f 1433/1433/1433 1429/1429/1429 1434/1434/1434
f 1435/1435/1435 1431/1431/1431 1436/1436/1436
f 1437/1437/1437 1433/1433/1433 1438/1438/1438
f 1439/1439/1439 1435/1435/1435 1440/1440/1440
f 1441/1441/1441 1442/1442/1442 1311/1311/1311
f 1443/1443/1443 1444/1444/1444 1314/1314/1314
f 1445/1445/1445 1441/1441/1441 1317/1317/1317
f 1446/1446/1446 1443/1443/1443 1319/1319/1319
f 1447/1447/1447 1445/1445/1445 1321/1321/1321
f 1448/1448/1448 1446/1446/1446 1323/1323/1323
f 1449/1449/1449 1447/1447/1447 1325/1325/1325
f 1450/1450/1450 1448/1448/1448 1327/1327/1327
f 1451/1451/1451 1449/1449/1449 1329/1329/1329
f 1452/1452/1452 1450/1450/1450 1331/1331/1331
f 1453/1453/1453 1451/1451/1451 1333/1333/1333
f 1454/1454/1454 1452/1452/1452 1335/1335/1335
f 1455/1455/1455 1453/1453/1453 1337/1337/1337
f 1456/1456/1456 1454/1454/1454 1339/1339/1339
f 1457/1457/1457 1455/1455/1455 1341/1341/1341
f 1458/1458/1458 1456/1456/1456 1343/1343/1343
f 1459/1459/1459 1457/1457/1457 1345/1345/1345
f 1460/1460/1460 1458/1458/1458 1347/1347/1347
f 1461/1461/1461 1459/1459/1459 1349/1349/1349
f 1462/1462/1462 1460/1460/1460 1351/1351/1351
f 1463/1463/1463 1461/1461/1461 1353/1353/1353
f 1464/1464/1464 1462/1462/1462 1355/1355/1355
f 1465/1465/1465 1463/1463/1463 1357/1357/1357
f 1466/1466/1466 1464/1464/1464 1359/1359/1359
f 1467/1467/1467 1465/1465/1465 1361/1361/1361
f 1468/1468/1468 1466/1466/1466 1363/1363/1363
f 1469/1469/1469 1467/1467/1467 1365/1365/1365
f 1470/1470/1470 1468/1468/1468 1367/1367/1367
f 1471/1471/1471 1469/1469/1469 1369/1369/1369
f 1472/1472/1472 1470/1470/1470 1371/1371/1371
f 1473/1473/1473 1471/1471/1471 1373/1373/1373
f 1474/1474/1474 1472/1472/1472 1375/1375/1375
f 1475/1475/1475 1473/1473/1473 1377/1377/1377
f 1476/1476/1476 1474/1474/1474 1379/1379/1379
f 1477/1477/1477 1475/1475/1475 1381/1381/1381
f 1478/1478/1478 1476/1476/1476 1383/1383/1383
f 1479/1479/1479 1477/1477/1477 1385/1385/1385
f 1480/1480/1480 1478/1478/1478 1387/1387/1387
f 1481/1481/1481 1479/1479/1479 1389/1389/1389
f 1482/1482/1482 1480/1480/1480 1391/1391/1391
f 1483/1483/1483 1481/1481/1481 1393/1393/1393
f 1484/1484/1484 1482/1482/1482 1395/1395/1395
f 1485/1485/1485 1483/1483/1483 1397/1397/1397
f 1486/1486/1486 1484/1484/1484 1399/1399/1399
f 1487/1487/1487 1485/1485/1485 1401/1401/1401
f 1488/1488/1488 1486/1486/1486 1403/1403/1403
f 1489/1489/1489 1487/1487/1487 1405/1405/1405
f 1490/1490/1490 1488/1488/1488 1407/1407/1407
f 1491/1491/1491 1489/1489/1489 1409/1409/1409
f 1492/1492/1492 1490/1490/1490 1411/1411/1411
f 1493/1493/1493 1491/1491/1491 1413/1413/1413
f 1494/1494/1494 1492/1492/1492 1415/1415/1415
f 1495/1495/1495 1493/1493/1493 1417/1417/1417
f 1496/1496/1496 1494/1494/1494 1419/1419/1419
f 1497/1497/1497 1495/1495/1495 1421/1421/1421
f 1498/1498/1498 1496/1496/1496 1423/1423/1423
f 1499/1499/1499 1497/1497/1497 1425/1425/1425
f 1500/1500/1500 1498/1498/1498 1427/1427/1427
f 1501/1501/1501 1499/1499/1499 1429/1429/1429
f 1502/1502/1502 1500/1500/1500 1431/1431/1431
f 1503/1503/1503 1501/1501/1501 1433/1433/1433
f 1504/1504/1504 1502/1502/1502 1435/1435/1435
f 1505/1505/1505 1503/1503/1503 1437/1437/1437
f 1506/1506/1506 1504/1504/1504 1439/1439/1439
f 1507/1507/1507 1508/1508/1508 1509/1509/1509
f 1510/1510/1510 1511/1511/1511 1512/1512/1512
f 1513/1513/1513 1514/1514/1514 1507/1507/1507
f 1515/1515/1515 1516/1516/1516 1510/1510/1510
f 1517/1517/1517 1518/1518/1518 1513/1513/1513
f 1519/1519/1519 1520/1520/1520 1515/1515/1515
f 1521/1521/1521 1522/1522/1522 1517/1517/1517
f 1523/1523/1523 1524/1524/1524 1519/1519/1519
f 1525/1525/1525 1526/1526/1526 1521/1521/1521
f 1527/1527/1527 1528/1528/1528 1523/1523/1523
f 1529/1529/1529 1530/1530/1530 1525/1525/1525
f 1531/1531/1531 1532/1532/1532 1527/1527/1527
f 1533/1533/1533 1534/1534/1534 1529/1529/1529
f 1535/1535/1535 1536/1536/1536 1531/1531/1531
f 1537/1537/1537 1538/1538/1538 1533/1533/1533
f 1539/1539/1539 1540/1540/1540 1535/1535/1535
f 1541/1541/1541 1542/1542/1542 1537/1537/1537
f 1543/1543/1543 1544/1544/1544 1539/1539/1539
f 1545/1545/1545 1546/1546/1546 1541/1541/1541
f 1547/1547/1547 1548/1548/1548 1543/1543/1543
f 1549/1549/1549 1550/1550/1550 1545/1545/1545
f 1551/1551/1551 1552/1552/1552 1547/1547/1547
f 1553/1553/1553 1554/1554/1554 1549/1549/1549
f 1555/1555/1555 1556/1556/1556 1551/1551/1551
f 1557/1557/1557 1558/1558/1558 1553/1553/1553
f 1559/1559/1559 1560/1560/1560 1555/1555/1555
f 1561/1561/1561 1562/1562/1562 1557/1557/1557
f 1563/1563/1563 1564/1564/1564 1559/1559/1559
f 1565/1565/1565 1566/1566/1566 1561/1561/1561
f 1567/1567/1567 1568/1568/1568 1563/1563/1563
f 1569/1569/1569 1570/1570/1570 1565/1565/1565
f 1571/1571/1571 1572/1572/1572 1567/1567/1567
f 1573/1573/1573 1574/1574/1574 1569/1569/1569
f 1575/1575/1575 1576/1576/1576 1571/1571/1571
f 1577/1577/1577 1578/1578/1578 1573/1573/1573
f 1579/1579/1579 1580/1580/1580 1575/1575/1575
f 1581/1581/1581 1582/1582/1582 1577/1577/1577
f 1583/1583/1583 1584/1584/1584 1579/1579/1579
f 1585/1585/1585 1586/1586/1586 1581/1581/1581
f 1587/1587/1587 1588/1588/1588 1583/1583/1583
f 1589/1589/1589 1590/1590/1590 1585/1585/1585
f 1591/1591/1591 1592/1592/1592 1587/1587/1587
f 1593/1593/1593 1594/1594/1594 1589/1589/1589
f 1595/1595/1595 1596/1596/1596 1591/1591/1591
f 1597/1597/1597 1598/1598/1598 1593/1593/1593
f 1599/1599/1599 1600/1600/1600 1595/1595/1595
f 1601/1601/1601 1602/1602/1602 1597/1597/1597
f 1603/1603/1603 1604/1604/1604 1599/1599/1599
f 1605/1605/1605 1606/1606/1606 1601/1601/1601
f 1607/1607/1607 1608/1608/1608 1603/1603/1603
f 1609/1609/1609 1610/1610/1610 1605/1605/1605
f 1611/1611/1611 1612/1612/1612 1607/1607/1607
f 1613/1613/1613 1614/1614/1614 1609/1609/1609
f 1615/1615/1615 1616/1616/1616 1611/1611/1611
f 1617/1617/1617 1618/1618/1618 1613/1613/1613
f 1619/1619/1619 1620/1620/1620 1615/1615/1615
f 1621/1621/1621 1622/1622/1622 1617/1617/1617
f 1623/1623/1623 1624/1624/1624 1619/1619/1619
f 1625/1625/1625 1626/1626/1626 1621/1621/1621
f 1627/1627/1627 1628/1628/1628 1623/1623/1623
f 1629/1629/1629 1630/1630/1630 1625/1625/1625
f 1631/1631/1631 1632/1632/1632 1627/1627/1627
f 1633/1633/1633 1634/1634/1634 1629/1629/1629
f 1635/1635/1635 1636/1636/1636 1631/1631/1631
f 1637/1637/1637 1507/1507/1507 1638/1638/1638
f 1639/1639/1639 1510/1510/1510 1640/1640/1640
f 1641/1641/1641 1513/1513/1513 1637/1637/1637
f 1642/1642/1642 1515/1515/1515 1639/1639/1639
f 1643/1643/1643 1517/1517/1517 1641/1641/1641
f 1644/1644/1644 1519/1519/1519 1642/1642/1642
f 1645/1645/1645 1521/1521/1521 1643/1643/1643
f 1646/1646/1646 1523/1523/1523 1644/1644/1644
f 1647/1647/1647 1525/1525/1525 1645/1645/1645
f 1648/1648/1648 1527/1527/1527 1646/1646/1646
f 1649/1649/1649 1529/1529/1529 1647/1647/1647
f 1650/1650/1650 1531/1531/1531 1648/1648/1648
f 1651/1651/1651 1533/1533/1533 1649/1649/1649
f 1652/1652/1652 1535/1535/1535 1650/1650/1650
f 1653/1653/1653 1537/1537/1537 1651/1651/1651
f 1654/1654/1654 1539/1539/1539 1652/1652/1652
f 1655/1655/1655 1541/1541/1541 1653/1653/1653
f 1656/1656/1656 1543/1543/1543 1654/1654/1654
f 1657/1657/1657 1545/1545/1545 1655/1655/1655
f 1658/1658/1658 1547/1547/1547 1656/1656/1656
f 1659/1659/1659 1549/1549/1549 1657/1657/1657
f 1660/1660/1660 1551/1551/1551 1658/1658/1658
f 1661/1661/1661 1553/1553/1553 1659/1659/1659
f 1662/1662/1662 1555/1555/1555 1660/1660/1660
f 1663/1663/1663 1557/1557/1557 1661/1661/1661
f 1664/1664/1664 1559/1559/1559 1662/1662/1662
f 1665/1665/1665 1561/1561/1561 1663/1663/1663
f 1666/1666/1666 1563/1563/1563 1664/1664/1664
f 1667/1667/1667 1565/1565/1565 1665/1665/1665
f 1668/1668/1668 1567/1567/1567 1666/1666/1666
f 1669/1669/1669 1569/1569/1569 1667/1667/1667
f 1670/1670/1670 1571/1571/1571 1668/1668/1668
f 1671/1671/1671 1573/1573/1573 1669/1669/1669
f 1672/1672/1672 1575/1575/1575 1670/1670/1670
f 1673/1673/1673 1577/1577/1577 1671/1671/1671
f 1674/1674/1674 1579/1579/1579 1672/1672/1672
f 1675/1675/1675 1581/1581/1581 1673/1673/1673
f 1676/1676/1676 1583/1583/1583 1674/1674/1674
f 1677/1677/1677 1585/1585/1585 1675/1675/1675
f 1678/1678/1678 1587/1587/1587 1676/1676/1676
f 1679/1679/1679 1589/1589/1589 1677/1677/1677
f 1680/1680/1680 1591/1591/1591 1678/1678/1678
f 1681/1681/1681 1593/1593/1593 1679/1679/1679
f 1682/1682/1682 1595/1595/1595 1680/1680/1680
f 1683/1683/1683 1597/1597/1597 1681/1681/1681
f 1684/1684/1684 1599/1599/1599 1682/1682/1682
f 1685/1685/1685 1601/1601/1601 1683/1683/1683
f 1686/1686/1686 1603/1603/1603 1684/1684/1684
f 1687/1687/1687 1605/1605/1605 1685/1685/1685
f 1688/1688/1688 1607/1607/1607 1686/1686/1686
f 1689/1689/1689 1609/1609/1609 1687/1687/1687
f 1690/1690/1690 1611/1611/1611 1688/1688/1688
f 1691/1691/1691 1613/1613/1613 1689/1689/1689
f 1692/1692/1692 1615/1615/1615 1690/1690/1690
f 1693/1693/1693 1617/1617/1617 1691/1691/1691
f 1694/1694/1694 1619/1619/1619 1692/1692/1692
f 1695/1695/1695 1621/1621/1621 1693/1693/1693
f 1696/1696/1696 1623/1623/1623 1694/1694/1694
f 1697/1697/1697 1625/1625/1625 1695/1695/1695
f 1698/1698/1698 1627/1627/1627 1696/1696/1696
f 1699/1699/1699 1629/1629/1629 1697/1697/1697
f 1700/1700/1700 1631/1631/1631 1698/1698/1698
f 1701/1701/1701 1633/1633/1633 1699/1699/1699
f 1702/1702/1702 1635/1635/1635 1700/1700/1700
f 1703/1703/1703 1704/1704/1704 1705/1705/1705
f 1706/1706/1706 1707/1707/1707 1708/1708/1708
f 1709/1709/1709 1710/1710/1710 1703/1703/1703
f 1711/1711/1711 1712/1712/1712 1706/1706/1706
f 1713/1713/1713 1714/1714/1714 1709/1709/1709
f 1715/1715/1715 1716/1716/1716 1711/1711/1711
f 1717/1717/1717 1718/1718/1718 1713/1713/1713
f 1719/1719/1719 1720/1720/1720 1715/1715/1715
f 1721/1721/1721 1722/1722/1722 1717/1717/1717
f 1723/1723/1723 1724/1724/1724 1719/1719/1719
f 1725/1725/1725 1726/1726/1726 1721/1721/1721
f 1727/1727/1727 1728/1728/1728 1723/1723/1723
f 1729/1729/1729 1730/1730/1730 1725/1725/1725
f 1731/1731/1731 1732/1732/1732 1727/1727/1727
f 1733/1733/1733 1734/1734/1734 1729/1729/1729
f 1735/1735/1735 1736/1736/1736 1731/1731/1731
f 1737/1737/1737 1738/1738/1738 1733/1733/1733
f 1739/1739/1739 1740/1740/1740 1735/1735/1735
f 1741/1741/1741 1742/1742/1742 1737/1737/1737
f 1743/1743/1743 1744/1744/1744 1739/1739/1739
f 1745/1745/1745 1746/1746/1746 1741/1741/1741
f 1747/1747/1747 1748/1748/1748 1743/1743/1743
f 1749/1749/1749 1750/1750/1750 1745/1745/1745
f 1751/1751/1751 1752/1752/1752 1747/1747/1747
f 1753/1753/1753 1754/1754/1754 1749/1749/1749
f 1755/1755/1755 1756/1756/1756 1751/1751/1751
f 1757/1757/1757 1758/1758/1758 1753/1753/1753
f 1759/1759/1759 1760/1760/1760 1755/1755/1755
f 1761/1761/1761 1762/1762/1762 1757/1757/1757
f 1763/1763/1763 1764/1764/1764 1759/1759/1759
f 1765/1765/1765 1766/1766/1766 1761/1761/1761
f 1767/1767/1767 1768/1768/1768 1763/1763/1763
f 1769/1769/1769 1770/1770/1770 1765/1765/1765
f 1771/1771/1771 1772/1772/1772 1767/1767/1767
f 1773/1773/1773 1774/1774/1774 1769/1769/1769
f 1775/1775/1775 1776/1776/1776 1771/1771/1771
f 1777/1777/1777 1778/1778/1778 1773/1773/1773
f 1779/1779/1779 1780/1780/1780 1775/1775/1775
f 1781/1781/1781 1782/1782/1782 1777/1777/1777
f 1783/1783/1783 1784/1784/1784 1779/1779/1779
f 1785/1785/1785 1786/1786/1786 1781/1781/1781
f 1787/1787/1787 1788/1788/1788 1783/1783/1783
f 1789/1789/1789 1790/1790/1790 1785/1785/1785
f 1791/1791/1791 1792/1792/1792 1787/1787/1787
f 1793/1793/1793 1794/1794/1794 1789/1789/1789
f 1795/1795/1795 1796/1796/1796 1791/1791/1791
f 1797/1797/1797 1798/1798/1798 1793/1793/1793
f 1799/1799/1799 1800/1800/1800 1795/1795/1795
f 1801/1801/1801 1802/1802/1802 1797/1797/1797
f 1803/1803/1803 1804/1804/1804 1799/1799/1799
f 1805/1805/1805 1806/1806/1806 1801/1801/1801
f 1807/1807/1807 1808/1808/1808 1803/1803/1803
f 1809/1809/1809 1810/1810/1810 1805/1805/1805
f 1811/1811/1811 1812/1812/1812 1807/1807/1807
f 1813/1813/1813 1814/1814/1814 1809/1809/1809
f 1815/1815/1815 1816/1816/1816 1811/1811/1811
f 1817/1817/1817 1818/1818/1818 1813/1813/1813
f 1819/1819/1819 1820/1820/1820 1815/1815/1815
f 1821/1821/1821 1822/1822/1822 1817/1817/1817
f 1823/1823/1823 1824/1824/1824 1819/1819/1819
f 1825/1825/1825 1826/1826/1826 1821/1821/1821
f 1827/1827/1827 1828/1828/1828 1823/1823/1823
f 1829/1829/1829 1830/1830/1830 1825/1825/1825
f 1831/1831/1831 1832/1832/1832 1827/1827/1827
f 1833/1833/1833 1703/1703/1703 1834/1834/1834
f 1835/1835/1835 1706/1706/1706 1836/1836/1836
f 1837/1837/1837 1709/1709/1709 1833/1833/1833
f 1838/1838/1838 1711/1711/1711 1835/1835/1835
f 1839/1839/1839 1713/1713/1713 1837/1837/1837
f 1840/1840/1840 1715/1715/1715 1838/1838/1838
f 1841/1841/1841 1717/1717/1717 1839/1839/1839
f 1842/1842/1842 1719/1719/1719 1840/1840/1840
f 1843/1843/1843 1721/1721/1721 1841/1841/1841
f 1844/1844/1844 1723/1723/1723 1842/1842/1842
f 1845/1845/1845 1725/1725/1725 1843/1843/1843
f 1846/1846/1846 1727/1727/1727 1844/1844/1844
f 1847/1847/1847 1729/1729/1729 1845/1845/1845
f 1848/1848/1848 1731/1731/1731 1846/1846/1846
f 1849/1849/1849 1733/1733/1733 1847/1847/1847
f 1850/1850/1850 1735/1735/1735 1848/1848/1848
f 1851/1851/1851 1737/1737/1737 1849/1849/1849
f 1852/1852/1852 1739/1739/1739 1850/1850/1850
f 1853/1853/1853 1741/1741/1741 1851/1851/1851
f 1854/1854/1854 1743/1743/1743 1852/1852/1852
f 1855/1855/1855 1745/1745/1745 1853/1853/1853
f 1856/1856/1856 1747/1747/1747 1854/1854/1854
f 1857/1857/1857 1749/1749/1749 1855/1855/1855
f 1858/1858/1858 1751/1751/1751 1856/1856/1856
f 1859/1859/1859 1753/1753/1753 1857/1857/1857
f 1860/1860/1860 1755/1755/1755 1858/1858/1858
f 1861/1861/1861 1757/1757/1757 1859/1859/1859
f 1862/1862/1862 1759/1759/1759 1860/1860/1860
f 1863/1863/1863 1761/1761/1761 1861/1861/1861
f 1864/1864/1864 1763/1763/1763 1862/1862/1862
f 1865/1865/1865 1765/1765/1765 1863/1863/1863
f 1866/1866/1866 1767/1767/1767 1864/1864/1864
f 1867/1867/1867 1769/1769/1769 1865/1865/1865
f 1868/1868/1868 1771/1771/1771 1866/1866/1866
f 1869/1869/1869 1773/1773/1773 1867/1867/1867
f 1870/1870/1870 1775/1775/1775 1868/1868/1868
f 1871/1871/1871 1777/1777/1777 1869/1869/1869
f 1872/1872/1872 1779/1779/1779 1870/1870/1870
f 1873/1873/1873 1781/1781/1781 1871/1871/1871
f 1874/1874/1874 1783/1783/1783 1872/1872/1872
f 1875/1875/1875 1785/1785/1785 1873/1873/1873
f 1876/1876/1876 1787/1787/1787 1874/1874/1874
f 1877/1877/1877 1789/1789/1789 1875/1875/1875
f 1878/1878/1878 1791/1791/1791 1876/1876/1876
f 1879/1879/1879 1793/1793/1793 1877/1877/1877
f 1880/1880/1880 1795/1795/1795 1878/1878/1878
f 1881/1881/1881 1797/1797/1797 1879/1879/1879
f 1882/1882/1882 1799/1799/1799 1880/1880/1880
f 1883/1883/1883 1801/1801/1801 1881/1881/1881
f 1884/1884/1884 1803/1803/1803 1882/1882/1882
f 1885/1885/1885 1805/1805/1805 1883/1883/1883
f 1886/1886/1886 1807/1807/1807 1884/1884/1884
f 1887/1887/1887 1809/1809/1809 1885/1885/1885
f 1888/1888/1888 1811/1811/1811 1886/1886/1886
f 1889/1889/1889 1813/1813/1813 1887/1887/1887
f 1890/1890/1890 1815/1815/1815 1888/1888/1888
f 1891/1891/1891 1817/1817/1817 1889/1889/1889
f 1892/1892/1892 1819/1819/1819 1890/1890/1890
f 1893/1893/1893 1821/1821/1821 1891/1891/1891
f 1894/1894/1894 1823/1823/1823 1892/1892/1892
f 1895/1895/1895 1825/1825/1825 1893/1893/1893
f 1896/1896/1896 1827/1827/1827 1894/1894/1894
f 1897/1897/1897 1829/1829/1829 1895/1895/1895
f 1898/1898/1898 1831/1831/1831 1896/1896/1896
f 1899/1899/1899 1900/1900/1900 1901/1901/1901
f 1902/1902/1902 1903/1903/1903 1904/1904/1904
f 1905/1905/1905 1899/1899/1899 1906/1906/1906
f 1907/1907/1907 1902/1902/1902 1908/1908/1908
f 1909/1909/1909 1905/1905/1905 1910/1910/1910
f 1911/1911/1911 1907/1907/1907 1912/1912/1912
f 1913/1913/1913 1909/1909/1909 1914/1914/1914
f 1915/1915/1915 1911/1911/1911 1916/1916/1916
f 1917/1917/1917 1913/1913/1913 1918/1918/1918
f 1919/1919/1919 1915/1915/1915 1920/1920/1920
f 1921/1921/1921 1917/1917/1917 1922/1922/1922
f 1923/1923/1923 1919/1919/1919 1924/1924/1924
f 1925/1925/1925 1921/1921/1921 1926/1926/1926
f 1927/1927/1927 1923/1923/1923 1928/1928/1928
f 1929/1929/1929 1925/1925/1925 1930/1930/1930
f 1931/1931/1931 1927/1927/1927 1932/1932/1932
f 1933/1933/1933 1929/1929/1929 1934/1934/1934
f 1935/1935/1935 1931/1931/1931 1936/1936/1936
f 1937/1937/1937 1933/1933/1933 1938/1938/1938
f 1939/1939/1939 1935/1935/1935 1940/1940/1940
f 1941/1941/1941 1937/1937/1937 1942/1942/1942
f 1943/1943/1943 1939/1939/1939 1944/1944/1944
f 1945/1945/1945 1941/1941/1941 1946/1946/1946
f 1947/1947/1947 1943/1943/1943 1948/1948/1948
f 1949/1949/1949 1945/1945/1945 1950/1950/1950
f 1951/1951/1951 1947/1947/1947 1952/1952/1952
f 1953/1953/1953 1949/1949/1949 1954/1954/1954
f 1955/1955/1955 1951/1951/1951 1956/1956/1956
f 1957/1957/1957 1953/1953/1953 1958/1958/1958
f 1959/1959/1959 1955/1955/1955 1960/1960/1960
f 1961/1961/1961 1957/1957/1957 1962/1962/1962
f 1963/1963/1963 1959/1959/1959 1964/1964/1964
f 1965/1965/1965 1961/1961/1961 1966/1966/1966
f 1967/1967/1967 1963/1963/1963 1968/1968/1968
f 1969/1969/1969 1965/1965/1965 1970/1970/1970
f 1971/1971/1971 1967/1967/1967 1972/1972/1972
f 1973/1973/1973 1969/1969/1969 1974/1974/1974
f 1975/1975/1975 1971/1971/1971 1976/1976/1976
f 1977/1977/1977 1973/1973/1973 1978/1978/1978
f 1979/1979/1979 1975/1975/1975 1980/1980/1980
f 1981/1981/1981 1977/1977/1977 1982/1982/1982
f 1983/1983/1983 1979/1979/1979 1984/1984/1984
f 1985/1985/1985 1981/1981/1981 1986/1986/1986
f 1987/1987/1987 1983/1983/1983 1988/1988/1988
f 1989/1989/1989 1985/1985/1985 1990/1990/1990
f 1991/1991/1991 1987/1987/1987 1992/1992/1992
f 1993/1993/1993 1989/1989/1989 1994/1994/1994
f 1995/1995/1995 1991/1991/1991 1996/1996/1996
f 1997/1997/1997 1993/1993/1993 1998/1998/1998
f 1999/1999/1999 1995/1995/1995 2000/2000/2000
f 2001/2001/2001 1997/1997/1997 2002/2002/2002
f 2003/2003/2003 1999/1999/1999 2004/2004/2004
f 2005/2005/2005 2001/2001/2001 2006/2006/2006
f 2007/2007/2007 2003/2003/2003 2008/2008/2008
f 2009/2009/2009 2005/2005/2005 2010/2010/2010
f 2011/2011/2011 2007/2007/2007 2012/2012/2012
f 2013/2013/2013 2009/2009/2009 2014/2014/2014
f 2015/2015/2015 2011/2011/2011 2016/2016/2016
f 2017/2017/2017 2013/2013/2013 2018/2018/2018
f 2019/2019/2019 2015/2015/2015 2020/2020/2020
f 2021/2021/2021 2017/2017/2017 2022/2022/2022
f 2023/2023/2023 2019/2019/2019 2024/2024/2024
f 2025/2025/2025 2021/2021/2021 2026/2026/2026
f 2027/2027/2027 2023/2023/2023 2028/2028/2028
f 2029/2029/2029 2030/2030/2030 1899/1899/1899
f 2031/2031/2031 2032/2032/2032 1902/1902/1902
f 2033/2033/2033 2029/2029/2029 1905/1905/1905
f 2034/2034/2034 2031/2031/2031 1907/1907/1907
f 2035/2035/2035 2033/2033/2033 1909/1909/1909
f 2036/2036/2036 2034/2034/2034 1911/1911/1911
f 2037/2037/2037 2035/2035/2035 1913/1913/1913
f 2038/2038/2038 2036/2036/2036 1915/1915/1915
f 2039/2039/2039 2037/2037/2037 1917/1917/1917
f 2040/2040/2040 2038/2038/2038 1919/1919/1919
f 2041/2041/2041 2039/2039/2039 1921/1921/1921
f 2042/2042/2042 2040/2040/2040 1923/1923/1923
f 2043/2043/2043 2041/2041/2041 1925/1925/1925
f 2044/2044/2044 2042/2042/2042 1927/1927/1927
f 2045/2045/2045 2043/2043/2043 1929/1929/1929
f 2046/2046/2046 2044/2044/2044 1931/1931/1931
f 2047/2047/2047 2045/2045/2045 1933/1933/1933
f 2048/2048/2048 2046/2046/2046 1935/1935/1935
f 2049/2049/2049 2047/2047/2047 1937/1937/1937
f 2050/2050/2050 2048/2048/2048 1939/1939/1939
f 2051/2051/2051 2049/2049/2049 1941/1941/1941
f 2052/2052/2052 2050/2050/2050 1943/1943/1943
f 2053/2053/2053 2051/2051/2051 1945/1945/1945
f 2054/2054/2054 2052/2052/2052 1947/1947/1947
f 2055/2055/2055 2053/2053/2053 1949/1949/1949
f 2056/2056/2056 2054/2054/2054 1951/1951/1951
f 2057/2057/2057 2055/2055/2055 1953/1953/1953
f 2058/2058/2058 2056/2056/2056 1955/1955/1955
f 2059/2059/2059 2057/2057/2057 1957/1957/1957
f 2060/2060/2060 2058/2058/2058 1959/1959/1959
f 2061/2061/2061 2059/2059/2059 1961/1961/1961
f 2062/2062/2062 2060/2060/2060 1963/1963/1963
f 2063/2063/2063 2061/2061/2061 1965/1965/1965
f 2064/2064/2064 2062/2062/2062 1967/1967/1967
f 2065/2065/2065 2063/2063/2063 1969/1969/1969
f 2066/2066/2066 2064/2064/2064 1971/1971/1971
f 2067/2067/2067 2065/2065/2065 1973/1973/1973
f 2068/2068/2068 2066/2066/2066 1975/1975/1975
f 2069/2069/2069 2067/2067/2067 1977/1977/1977
f 2070/2070/2070 2068/2068/2068 1979/1979/1979
f 2071/2071/2071 2069/2069/2069 1981/1981/1981
f 2072/2072/2072 2070/2070/2070 1983/1983/1983
f 2073/2073/2073 2071/2071/2071 1985/1985/1985
f 2074/2074/2074 2072/2072/2072 1987/1987/1987
f 2075/2075/2075 2073/2073/2073 1989/1989/1989
f 2076/2076/2076 2074/2074/2074 1991/1991/1991
f 2077/2077/2077 2075/2075/2075 1993/1993/1993
f 2078/2078/2078 2076/2076/2076 1995/1995/1995
f 2079/2079/2079 2077/2077/2077 1997/1997/1997
f 2080/2080/2080 2078/2078/2078 1999/1999/1999
f 2081/2081/2081 2079/2079/2079 2001/2001/2001
f 2082/2082/2082 2080/2080/2080 2003/2003/2003
f 2083/2083/2083 2081/2081/2081 2005/2005/2005
f 2084/2084/2084 2082/2082/2082 2007/2007/2007
f 2085/2085/2085 2083/2083/2083 2009/2009/2009
f 2086/2086/2086 2084/2084/2084 2011/2011/2011
f 2087/2087/2087 2085/2085/2085 2013/2013/2013
f 2088/2088/2088 2086/2086/2086 2015/2015/2015
f 2089/2089/2089 2087/2087/2087 2017/2017/2017
f 2090/2090/2090 2088/2088/2088 2019/2019/2019
f 2091/2091/2091 2089/2089/2089 2021/2021/2021
f 2092/2092/2092 2090/2090/2090 2023/2023/2023
f 2093/2093/2093 2091/2091/2091 2025/2025/2025
f 2094/2094/2094 2092/2092/2092 2027/2027/2027
f 2095/2095/2095 2096/2096/2096 2097/2097/2097
f 2099/2099/2099 2100/2100/2100 2101/2101/2101
f 2103/2103/2103 2104/2104/2104 2105/2105/2105
f 2107/2107/2107 2108/2108/2108 2109/2109/2109
f 2111/2111/2111 2112/2112/2112 2113/2113/2113
f 2115/2115/2115 2116/2116/2116 2117/2117/2117
f 2119/2119/2119 2120/2120/2120 2121/2121/2121
f 2123/2123/2123 2124/2124/2124 2125/2125/2125
f 2127/2127/2127 2128/2128/2128 2129/2129/2129
f 2131/2131/2131 2132/2132/2132 2133/2133/2133
f 2135/2135/2135 2136/2136/2136 2137/2137/2137
f 2139/2139/2139 2140/2140/2140 2141/2141/2141
f 2143/2143/2143 2144/2144/2144 2145/2145/2145
f 2147/2147/2147 2148/2148/2148 2149/2149/2149
f 2151/2151/2151 2152/2152/2152 2153/2153/2153
f 2155/2155/2155 2156/2156/2156 2157/2157/2157
f 2159/2159/2159 2160/2160/2160 2161/2161/2161
f 2163/2163/2163 2164/2164/2164 2165/2165/2165
f 2167/2167/2167 2168/2168/2168 2169/2169/2169
f 2171/2171/2171 2172/2172/2172 2173/2173/2173
f 2175/2175/2175 2176/2176/2176 2177/2177/2177
f 2179/2179/2179 2180/2180/2180 2181/2181/2181
f 2183/2183/2183 2184/2184/2184 2185/2185/2185
f 2187/2187/2187 2188/2188/2188 2189/2189/2189
f 2191/2191/2191 2192/2192/2192 2193/2193/2193
f 2195/2195/2195 2196/2196/2196 2197/2197/2197
f 2199/2199/2199 2200/2200/2200 2201/2201/2201
f 2203/2203/2203 2204/2204/2204 2205/2205/2205
f 2207/2207/2207 2208/2208/2208 2209/2209/2209
f 2211/2211/2211 2212/2212/2212 2213/2213/2213
f 2215/2215/2215 2216/2216/2216 2217/2217/2217
f 2219/2219/2219 2220/2220/2220 2221/2221/2221
f 2223/2223/2223 2224/2224/2224 2225/2225/2225
f 2227/2227/2227 2228/2228/2228 2229/2229/2229
f 2231/2231/2231 2232/2232/2232 2233/2233/2233
f 2235/2235/2235 2236/2236/2236 2237/2237/2237
f 2239/2239/2239 2240/2240/2240 2241/2241/2241
f 2243/2243/2243 2244/2244/2244 2245/2245/2245
f 2247/2247/2247 2248/2248/2248 2249/2249/2249
f 2251/2251/2251 2252/2252/2252 2253/2253/2253
f 2255/2255/2255 2256/2256/2256 2257/2257/2257
f 2259/2259/2259 2260/2260/2260 2261/2261/2261
f 2263/2263/2263 2264/2264/2264 2265/2265/2265
f 2267/2267/2267 2268/2268/2268 2269/2269/2269
f 2271/2271/2271 2272/2272/2272 2273/2273/2273
f 2275/2275/2275 2276/2276/2276 2277/2277/2277
f 2279/2279/2279 2280/2280/2280 2281/2281/2281
f 2283/2283/2283 2284/2284/2284 2285/2285/2285
f 2287/2287/2287 2288/2288/2288 2289/2289/2289
f 2291/2291/2291 2292/2292/2292 2293/2293/2293
f 2295/2295/2295 2296/2296/2296 2297/2297/2297
f 2299/2299/2299 2300/2300/2300 2301/2301/2301
f 2303/2303/2303 2304/2304/2304 2305/2305/2305
f 2307/2307/2307 2308/2308/2308 2309/2309/2309
f 2311/2311/2311 2312/2312/2312 2313/2313/2313
f 2315/2315/2315 2316/2316/2316 2317/2317/2317
f 2319/2319/2319 2320/2320/2320 2321/2321/2321
f 2323/2323/2323 2324/2324/2324 2325/2325/2325
f 2327/2327/2327 2328/2328/2328 2329/2329/2329
f 2331/2331/2331 2332/2332/2332 2333/2333/2333
f 2335/2335/2335 2336/2336/2336 2337/2337/2337
f 2339/2339/2339 2340/2340/2340 2341/2341/2341
f 2343/2343/2343 2344/2344/2344 2345/2345/2345
f 2347/2347/2347 2348/2348/2348 2349/2349/2349
f 2351/2351/2351 2352/2352/2352 2353/2353/2353
f 2355/2355/2355 2356/2356/2356 2357/2357/2357
f 2359/2359/2359 2360/2360/2360 2361/2361/2361
f 2363/2363/2363 2364/2364/2364 2365/2365/2365
f 2367/2367/2367 2368/2368/2368 2369/2369/2369
f 2371/2371/2371 2372/2372/2372 2373/2373/2373
f 2375/2375/2375 2376/2376/2376 2377/2377/2377
f 2379/2379/2379 2380/2380/2380 2381/2381/2381
f 2383/2383/2383 2384/2384/2384 2385/2385/2385
f 2387/2387/2387 2388/2388/2388 2389/2389/2389
f 2391/2391/2391 2392/2392/2392 2393/2393/2393
f 2395/2395/2395 2396/2396/2396 2397/2397/2397
f 2399/2399/2399 2400/2400/2400 2401/2401/2401
f 2403/2403/2403 2404/2404/2404 2405/2405/2405
f 2407/2407/2407 2408/2408/2408 2409/2409/2409
f 2411/2411/2411 2412/2412/2412 2413/2413/2413
f 2415/2415/2415 2416/2416/2416 2417/2417/2417
f 2419/2419/2419 2420/2420/2420 2421/2421/2421
f 2423/2423/2423 2424/2424/2424 2425/2425/2425
f 2427/2427/2427 2428/2428/2428 2429/2429/2429
f 2431/2431/2431 2432/2432/2432 2433/2433/2433
f 2435/2435/2435 2436/2436/2436 2437/2437/2437
f 2439/2439/2439 2440/2440/2440 2441/2441/2441
f 2443/2443/2443 2444/2444/2444 2445/2445/2445
f 2447/2447/2447 2448/2448/2448 2449/2449/2449
f 2451/2451/2451 2452/2452/2452 2453/2453/2453
f 2455/2455/2455 2456/2456/2456 2457/2457/2457
f 2459/2459/2459 2460/2460/2460 2461/2461/2461
f 2463/2463/2463 2464/2464/2464 2465/2465/2465
f 2467/2467/2467 2468/2468/2468 2469/2469/2469
f 2471/2471/2471 2472/2472/2472 2473/2473/2473
f 2475/2475/2475 2476/2476/2476 2477/2477/2477
f 2479/2479/2479 2480/2480/2480 2481/2481/2481
f 2483/2483/2483 2484/2484/2484 2485/2485/2485
f 2487/2487/2487 2488/2488/2488 2489/2489/2489
f 2491/2491/2491 2492/2492/2492 2493/2493/2493
f 2495/2495/2495 2496/2496/2496 2497/2497/2497
f 2499/2499/2499 2500/2500/2500 2501/2501/2501
f 2503/2503/2503 2504/2504/2504 2505/2505/2505
f 2507/2507/2507 2508/2508/2508 2509/2509/2509
f 2511/2511/2511 2512/2512/2512 2513/2513/2513
f 2515/2515/2515 2516/2516/2516 2517/2517/2517
f 2519/2519/2519 2520/2520/2520 2521/2521/2521
f 2523/2523/2523 2524/2524/2524 2525/2525/2525
f 2527/2527/2527 2528/2528/2528 2529/2529/2529
f 2531/2531/2531 2532/2532/2532 2533/2533/2533
f 2535/2535/2535 2536/2536/2536 2537/2537/2537
f 2539/2539/2539 2540/2540/2540 2541/2541/2541
f 2543/2543/2543 2544/2544/2544 2545/2545/2545
f 2547/2547/2547 2548/2548/2548 2549/2549/2549
f 2551/2551/2551 2552/2552/2552 2553/2553/2553
f 2555/2555/2555 2556/2556/2556 2557/2557/2557
f 2559/2559/2559 2560/2560/2560 2561/2561/2561
f 2563/2563/2563 2564/2564/2564 2565/2565/2565
f 2567/2567/2567 2568/2568/2568 2569/2569/2569
f 2571/2571/2571 2572/2572/2572 2573/2573/2573
f 2575/2575/2575 2576/2576/2576 2577/2577/2577
f 2579/2579/2579 2580/2580/2580 2581/2581/2581
f 2583/2583/2583 2584/2584/2584 2585/2585/2585
f 2587/2587/2587 2588/2588/2588 2589/2589/2589
f 2591/2591/2591 2592/2592/2592 2593/2593/2593
f 2595/2595/2595 2596/2596/2596 2597/2597/2597
f 2599/2599/2599 2600/2600/2600 2601/2601/2601
f 2603/2603/2603 2604/2604/2604 2605/2605/2605
f 2607/2607/2607 2608/2608/2608 2609/2609/2609
f 2611/2611/2611 2612/2612/2612 2613/2613/2613
f 2615/2615/2615 2616/2616/2616 2617/2617/2617
f 2619/2619/2619 2620/2620/2620 2621/2621/2621
f 2623/2623/2623 2624/2624/2624 2625/2625/2625
f 2627/2627/2627 2628/2628/2628 2629/2629/2629
f 2631/2631/2631 2632/2632/2632 2633/2633/2633
f 2635/2635/2635 2636/2636/2636 2637/2637/2637
f 2639/2639/2639 2640/2640/2640 2641/2641/2641
f 2643/2643/2643 2644/2644/2644 2645/2645/2645
f 2647/2647/2647 2648/2648/2648 2649/2649/2649
f 2651/2651/2651 2652/2652/2652 2653/2653/2653
f 2655/2655/2655 2656/2656/2656 2657/2657/2657
f 2659/2659/2659 2660/2660/2660 2661/2661/2661
f 2663/2663/2663 2664/2664/2664 2665/2665/2665
f 2667/2667/2667 2668/2668/2668 2669/2669/2669
f 2671/2671/2671 2672/2672/2672 2673/2673/2673
f 2675/2675/2675 2676/2676/2676 2677/2677/2677
f 2679/2679/2679 2680/2680/2680 2681/2681/2681
f 2683/2683/2683 2684/2684/2684 2685/2685/2685
f 2687/2687/2687 2688/2688/2688 2689/2689/2689
f 2691/2691/2691 2692/2692/2692 2693/2693/2693
f 2695/2695/2695 2696/2696/2696 2697/2697/2697
f 2699/2699/2699 2700/2700/2700 2701/2701/2701
f 2703/2703/2703 2704/2704/2704 2705/2705/2705
f 2707/2707/2707 2708/2708/2708 2709/2709/2709
f 2711/2711/2711 2712/2712/2712 2713/2713/2713
f 2715/2715/2715 2716/2716/2716 2717/2717/2717
f 2719/2719/2719 2720/2720/2720 2721/2721/2721
f 2723/2723/2723 2724/2724/2724 2725/2725/2725
f 2727/2727/2727 2728/2728/2728 2729/2729/2729
f 2731/2731/2731 2732/2732/2732 2733/2733/2733
f 2735/2735/2735 2736/2736/2736 2737/2737/2737
f 2739/2739/2739 2740/2740/2740 2741/2741/2741
f 2743/2743/2743 2744/2744/2744 2745/2745/2745
f 2747/2747/2747 2748/2748/2748 2749/2749/2749
f 2751/2751/2751 2752/2752/2752 2753/2753/2753
f 2755/2755/2755 2756/2756/2756 2757/2757/2757
f 2759/2759/2759 2760/2760/2760 2761/2761/2761
f 2763/2763/2763 2764/2764/2764 2765/2765/2765
f 2767/2767/2767 2768/2768/2768 2769/2769/2769
f 2771/2771/2771 2772/2772/2772 2773/2773/2773
f 2775/2775/2775 2776/2776/2776 2777/2777/2777
f 2779/2779/2779 2780/2780/2780 2781/2781/2781
f 2783/2783/2783 2784/2784/2784 2785/2785/2785
f 2787/2787/2787 2788/2788/2788 2789/2789/2789
f 2791/2791/2791 2792/2792/2792 2793/2793/2793
f 2795/2795/2795 2796/2796/2796 2797/2797/2797
f 2799/2799/2799 2800/2800/2800 2801/2801/2801
f 2803/2803/2803 2804/2804/2804 2805/2805/2805
f 2807/2807/2807 2808/2808/2808 2809/2809/2809
f 2811/2811/2811 2812/2812/2812 2813/2813/2813
f 2815/2815/2815 2816/2816/2816 2817/2817/2817
f 2819/2819/2819 2820/2820/2820 2821/2821/2821
f 2823/2823/2823 2824/2824/2824 2825/2825/2825
f 2827/2827/2827 2828/2828/2828 2829/2829/2829
f 2831/2831/2831 2832/2832/2832 2833/2833/2833
f 2835/2835/2835 2836/2836/2836 2837/2837/2837
f 2839/2839/2839 2840/2840/2840 2841/2841/2841
f 2843/2843/2843 2844/2844/2844 2845/2845/2845
f 2847/2847/2847 2848/2848/2848 2849/2849/2849
f 2851/2851/2851 2852/2852/2852 2853/2853/2853
f 2855/2855/2855 2856/2856/2856 2857/2857/2857
f 2859/2859/2859 2860/2860/2860 2861/2861/2861
f 2863/2863/2863 2864/2864/2864 2865/2865/2865
f 2867/2867/2867 2868/2868/2868 2869/2869/2869
f 2871/2871/2871 2872/2872/2872 2873/2873/2873
f 2875/2875/2875 2876/2876/2876 2877/2877/2877
f 2879/2879/2879 2880/2880/2880 2881/2881/2881
f 2883/2883/2883 2884/2884/2884 2885/2885/2885
f 2887/2887/2887 2888/2888/2888 2889/2889/2889
f 2891/2891/2891 2892/2892/2892 2893/2893/2893
f 2895/2895/2895 2896/2896/2896 2897/2897/2897
f 2899/2899/2899 2900/2900/2900 2901/2901/2901
f 2903/2903/2903 2904/2904/2904 2905/2905/2905
f 2907/2907/2907 2908/2908/2908 2909/2909/2909
f 2911/2911/2911 2912/2912/2912 2913/2913/2913
f 2915/2915/2915 2916/2916/2916 2917/2917/2917
f 2919/2919/2919 2920/2920/2920 2921/2921/2921
f 2923/2923/2923 2924/2924/2924 2925/2925/2925
f 2927/2927/2927 2928/2928/2928 2929/2929/2929
f 2931/2931/2931 2932/2932/2932 2933/2933/2933
f 2935/2935/2935 2936/2936/2936 2937/2937/2937
f 2939/2939/2939 2940/2940/2940 2941/2941/2941
f 2943/2943/2943 2944/2944/2944 2945/2945/2945
f 2947/2947/2947 2948/2948/2948 2949/2949/2949
f 2951/2951/2951 2952/2952/2952 2953/2953/2953
f 2955/2955/2955 2956/2956/2956 2957/2957/2957
f 2959/2959/2959 2960/2960/2960 2961/2961/2961
f 2963/2963/2963 2964/2964/2964 2965/2965/2965
f 2967/2967/2967 2968/2968/2968 2969/2969/2969
f 2971/2971/2971 2972/2972/2972 2973/2973/2973
f 2975/2975/2975 2976/2976/2976 2977/2977/2977
f 2979/2979/2979 2980/2980/2980 2981/2981/2981
f 2983/2983/2983 2984/2984/2984 2985/2985/2985
f 2987/2987/2987 2988/2988/2988 2989/2989/2989
f 2991/2991/2991 2992/2992/2992 2993/2993/2993
f 2995/2995/2995 2996/2996/2996 2997/2997/2997
f 2999/2999/2999 3000/3000/3000 3001/3001/3001
f 3003/3003/3003 3004/3004/3004 3005/3005/3005
f 3007/3007/3007 3008/3008/3008 3009/3009/3009
f 3011/3011/3011 3012/3012/3012 3013/3013/3013
f 3015/3015/3015 3016/3016/3016 3017/3017/3017
f 3019/3019/3019 3020/3020/3020 3021/3021/3021
f 3023/3023/3023 3024/3024/3024 3025/3025/3025
f 3027/3027/3027 3028/3028/3028 3029/3029/3029
f 3031/3031/3031 3032/3032/3032 3033/3033/3033
f 3035/3035/3035 3036/3036/3036 3037/3037/3037
f 3039/3039/3039 3040/3040/3040 3041/3041/3041
f 3043/3043/3043 3044/3044/3044 3045/3045/3045
f 3047/3047/3047 3048/3048/3048 3049/3049/3049
f 3051/3051/3051 3052/3052/3052 3053/3053/3053
f 3055/3055/3055 3056/3056/3056 3057/3057/3057
f 3059/3059/3059 3060/3060/3060 3061/3061/3061
f 3063/3063/3063 3064/3064/3064 3065/3065/3065
f 3067/3067/3067 3068/3068/3068 3069/3069/3069
f 3071/3071/3071 3072/3072/3072 3073/3073/3073
f 3075/3075/3075 3076/3076/3076 3077/3077/3077
f 3079/3079/3079 3080/3080/3080 3081/3081/3081
f 3083/3083/3083 3084/3084/3084 3085/3085/3085
f 3087/3087/3087 3088/3088/3088 3089/3089/3089
f 3091/3091/3091 3092/3092/3092 3093/3093/3093
f 3095/3095/3095 3096/3096/3096 3097/3097/3097
f 3099/3099/3099 3100/3100/3100 3101/3101/3101
f 3103/3103/3103 3104/3104/3104 3105/3105/3105
f 3107/3107/3107 3108/3108/3108 3109/3109/3109
f 3111/3111/3111 3112/3112/3112 3113/3113/3113
f 3115/3115/3115 3116/3116/3116 3117/3117/3117
f 3119/3119/3119 3120/3120/3120 3121/3121/3121
f 3123/3123/3123 3124/3124/3124 3125/3125/3125
f 3127/3127/3127 3128/3128/3128 3129/3129/3129
f 3131/3131/3131 3132/3132/3132 3133/3133/3133
f 3135/3135/3135 3136/3136/3136 3137/3137/3137
f 3139/3139/3139 3140/3140/3140 3141/3141/3141
f 3143/3143/3143 3144/3144/3144 3145/3145/3145
f 3147/3147/3147 3148/3148/3148 3149/3149/3149
f 3151/3151/3151 3152/3152/3152 3153/3153/3153
f 3155/3155/3155 3156/3156/3156 3157/3157/3157
f 3159/3159/3159 3160/3160/3160 3161/3161/3161
f 3163/3163/3163 3164/3164/3164 3165/3165/3165
f 3167/3167/3167 3168/3168/3168 3169/3169/3169
f 3171/3171/3171 3172/3172/3172 3173/3173/3173
f 3175/3175/3175 3176/3176/3176 3177/3177/3177
f 3179/3179/3179 3180/3180/3180 3181/3181/3181
f 3183/3183/3183 3184/3184/3184 3185/3185/3185
f 3187/3187/3187 3188/3188/3188 3189/3189/3189
f 3191/3191/3191 3192/3192/3192 3193/3193/3193
f 3195/3195/3195 3196/3196/3196 3197/3197/3197
f 3199/3199/3199 3200/3200/3200 3201/3201/3201
f 3203/3203/3203 3204/3204/3204 3205/3205/3205
f 3207/3207/3207 3208/3208/3208 3209/3209/3209
f 3211/3211/3211 3212/3212/3212 3213/3213/3213
f 3215/3215/3215 3216/3216/3216 3217/3217/3217
f 3219/3219/3219 3220/3220/3220 3221/3221/3221
f 3223/3223/3223 3224/3224/3224 3225/3225/3225
f 3227/3227/3227 3228/3228/3228 3229/3229/3229
f 3231/3231/3231 3232/3232/3232 3233/3233/3233
f 3235/3235/3235 3236/3236/3236 3237/3237/3237
f 3239/3239/3239 3240/3240/3240 3241/3241/3241
f 3243/3243/3243 3244/3244/3244 3245/3245/3245
f 3247/3247/3247 3248/3248/3248 3249/3249/3249
f 3251/3251/3251 3252/3252/3252 3253/3253/3253
f 3255/3255/3255 3256/3256/3256 3257/3257/3257
f 3259/3259/3259 3260/3260/3260 3261/3261/3261
f 3263/3263/3263 3264/3264/3264 3265/3265/3265
f 3267/3267/3267 3268/3268/3268 3269/3269/3269
f 3271/3271/3271 3272/3272/3272 3273/3273/3273
f 3275/3275/3275 3276/3276/3276 3277/3277/3277
f 3279/3279/3279 3280/3280/3280 3281/3281/3281
f 3283/3283/3283 3284/3284/3284 3285/3285/3285
f 3287/3287/3287 3288/3288/3288 3289/3289/3289
f 3291/3291/3291 3292/3292/3292 3293/3293/3293
f 3295/3295/3295 3296/3296/3296 3297/3297/3297
f 3299/3299/3299 3300/3300/3300 3301/3301/3301
f 3303/3303/3303 3304/3304/3304 3305/3305/3305
f 3307/3307/3307 3308/3308/3308 3309/3309/3309
f 3311/3311/3311 3312/3312/3312 3313/3313/3313
f 3315/3315/3315 3316/3316/3316 3317/3317/3317
f 3319/3319/3319 3320/3320/3320 3321/3321/3321
f 3323/3323/3323 3324/3324/3324 3325/3325/3325
f 3327/3327/3327 3328/3328/3328 3329/3329/3329
f 3331/3331/3331 3332/3332/3332 3333/3333/3333
f 3335/3335/3335 3336/3336/3336 3337/3337/3337
f 3339/3339/3339 3340/3340/3340 3341/3341/3341
f 3343/3343/3343 3344/3344/3344 3345/3345/3345
f 3347/3347/3347 3348/3348/3348 3349/3349/3349
f 3351/3351/3351 3352/3352/3352 3353/3353/3353
f 3355/3355/3355 3356/3356/3356 3357/3357/3357
f 3359/3359/3359 3360/3360/3360 3361/3361/3361
f 3363/3363/3363 3364/3364/3364 3365/3365/3365
f 3367/3367/3367 3368/3368/3368 3369/3369/3369
f 3371/3371/3371 3372/3372/3372 3373/3373/3373
f 3375/3375/3375 3376/3376/3376 3377/3377/3377
f 3379/3379/3379 3380/3380/3380 3381/3381/3381
f 3383/3383/3383 3384/3384/3384 3385/3385/3385
f 3387/3387/3387 3388/3388/3388 3389/3389/3389
f 3391/3391/3391 3392/3392/3392 3393/3393/3393
f 3395/3395/3395 3396/3396/3396 3397/3397/3397
f 3399/3399/3399 3400/3400/3400 3401/3401/3401
f 3403/3403/3403 3404/3404/3404 3405/3405/3405
f 3407/3407/3407 3408/3408/3408 3409/3409/3409
f 3411/3411/3411 3412/3412/3412 3413/3413/3413
f 3415/3415/3415 3416/3416/3416 3417/3417/3417
f 3419/3419/3419 3420/3420/3420 3421/3421/3421
f 3423/3423/3423 3424/3424/3424 3425/3425/3425
f 3427/3427/3427 3428/3428/3428 3429/3429/3429
f 3431/3431/3431 3432/3432/3432 3433/3433/3433
f 3435/3435/3435 3436/3436/3436 3437/3437/3437
f 3439/3439/3439 3440/3440/3440 3441/3441/3441
f 3443/3443/3443 3444/3444/3444 3445/3445/3445
f 3447/3447/3447 3448/3448/3448 3449/3449/3449
f 3451/3451/3451 3452/3452/3452 3453/3453/3453
f 3455/3455/3455 3456/3456/3456 3457/3457/3457
f 3459/3459/3459 3460/3460/3460 3461/3461/3461
f 3463/3463/3463 3464/3464/3464 3465/3465/3465
f 3467/3467/3467 3468/3468/3468 3469/3469/3469
f 3471/3471/3471 3472/3472/3472 3473/3473/3473
f 3475/3475/3475 3476/3476/3476 3477/3477/3477
f 3479/3479/3479 3480/3480/3480 3481/3481/3481
f 3483/3483/3483 3484/3484/3484 3485/3485/3485
f 3487/3487/3487 3488/3488/3488 3489/3489/3489
f 3491/3491/3491 3492/3492/3492 3493/3493/3493
f 3495/3495/3495 3496/3496/3496 3497/3497/3497
f 3499/3499/3499 3500/3500/3500 3501/3501/3501
f 3503/3503/3503 3504/3504/3504 3505/3505/3505
f 3507/3507/3507 3508/3508/3508 3509/3509/3509
f 3511/3511/3511 3512/3512/3512 3513/3513/3513
f 3515/3515/3515 3516/3516/3516 3517/3517/3517
f 3519/3519/3519 3520/3520/3520 3521/3521/3521
f 3523/3523/3523 3524/3524/3524 3525/3525/3525
f 3527/3527/3527 3528/3528/3528 3529/3529/3529
f 3531/3531/3531 3532/3532/3532 3533/3533/3533
f 3535/3535/3535 3536/3536/3536 3537/3537/3537
f 3539/3539/3539 3540/3540/3540 3541/3541/3541
f 3543/3543/3543 3544/3544/3544 3545/3545/3545
f 3547/3547/3547 3548/3548/3548 3549/3549/3549
f 3551/3551/3551 3552/3552/3552 3553/3553/3553
f 3555/3555/3555 3556/3556/3556 3557/3557/3557
f 3559/3559/3559 3560/3560/3560 3561/3561/3561
f 3563/3563/3563 3564/3564/3564 3565/3565/3565
f 3567/3567/3567 3568/3568/3568 3569/3569/3569
f 3571/3571/3571 3572/3572/3572 3573/3573/3573
f 3575/3575/3575 3576/3576/3576 3577/3577/3577
f 3579/3579/3579 3580/3580/3580 3581/3581/3581
f 3583/3583/3583 3584/3584/3584 3585/3585/3585
f 3587/3587/3587 3588/3588/3588 3589/3589/3589
f 3591/3591/3591 3592/3592/3592 3593/3593/3593
f 3595/3595/3595 3596/3596/3596 3597/3597/3597
f 3599/3599/3599 3600/3600/3600 3601/3601/3601
f 3603/3603/3603 3604/3604/3604 3605/3605/3605
f 3607/3607/3607 3608/3608/3608 3609/3609/3609
f 3611/3611/3611 3612/3612/3612 3613/3613/3613
f 3615/3615/3615 3616/3616/3616 3617/3617/3617
f 3619/3619/3619 3620/3620/3620 3621/3621/3621
f 3623/3623/3623 3624/3624/3624 3625/3625/3625
f 3627/3627/3627 3628/3628/3628 3629/3629/3629
f 3631/3631/3631 3632/3632/3632 3633/3633/3633
f 3635/3635/3635 3636/3636/3636 3637/3637/3637
f 3639/3639/3639 3640/3640/3640 3641/3641/3641
f 3643/3643/3643 3644/3644/3644 3645/3645/3645
f 3647/3647/3647 3648/3648/3648 3649/3649/3649
f 3651/3651/3651 3652/3652/3652 3653/3653/3653
f 3655/3655/3655 3656/3656/3656 3657/3657/3657
f 3659/3659/3659 3660/3660/3660 3661/3661/3661
f 3663/3663/3663 3664/3664/3664 3665/3665/3665
f 3667/3667/3667 3668/3668/3668 3669/3669/3669
f 3671/3671/3671 3672/3672/3672 3673/3673/3673
f 3675/3675/3675 3676/3676/3676 3677/3677/3677
f 3679/3679/3679 3680/3680/3680 3681/3681/3681
f 3683/3683/3683 3684/3684/3684 3685/3685/3685
f 3687/3687/3687 3688/3688/3688 3689/3689/3689
f 3691/3691/3691 3692/3692/3692 3693/3693/3693
f 3695/3695/3695 3696/3696/3696 3697/3697/3697
f 3699/3699/3699 3700/3700/3700 3701/3701/3701
f 3703/3703/3703 3704/3704/3704 3705/3705/3705
f 3707/3707/3707 3708/3708/3708 3709/3709/3709
f 3711/3711/3711 3712/3712/3712 3713/3713/3713
f 3715/3715/3715 3716/3716/3716 3717/3717/3717
f 3719/3719/3719 3720/3720/3720 3721/3721/3721
f 3723/3723/3723 3724/3724/3724 3725/3725/3725
f 3727/3727/3727 3728/3728/3728 3729/3729/3729
f 3731/3731/3731 3732/3732/3732 3733/3733/3733
f 3735/3735/3735 3736/3736/3736 3737/3737/3737
f 3739/3739/3739 3740/3740/3740 3741/3741/3741
f 3743/3743/3743 3744/3744/3744 3745/3745/3745
f 3747/3747/3747 3748/3748/3748 3749/3749/3749
f 3751/3751/3751 3752/3752/3752 3753/3753/3753
f 3755/3755/3755 3756/3756/3756 3757/3757/3757
f 3759/3759/3759 3760/3760/3760 3761/3761/3761
f 3763/3763/3763 3764/3764/3764 3765/3765/3765
f 3767/3767/3767 3768/3768/3768 3769/3769/3769
f 3771/3771/3771 3772/3772/3772 3773/3773/3773
f 3775/3775/3775 3776/3776/3776 3777/3777/3777
f 3779/3779/3779 3780/3780/3780 3781/3781/3781
f 3783/3783/3783 3784/3784/3784 3785/3785/3785
f 3787/3787/3787 3788/3788/3788 3789/3789/3789
f 3791/3791/3791 3792/3792/3792 3793/3793/3793
f 3795/3795/3795 3796/3796/3796 3797/3797/3797
f 3799/3799/3799 3800/3800/3800 3801/3801/3801
f 3803/3803/3803 3804/3804/3804 3805/3805/3805
f 3807/3807/3807 3808/3808/3808 3809/3809/3809
f 3811/3811/3811 3812/3812/3812 3813/3813/3813
f 3815/3815/3815 3816/3816/3816 3817/3817/3817
f 3819/3819/3819 3820/3820/3820 3821/3821/3821
f 3823/3823/3823 3824/3824/3824 3825/3825/3825
f 3827/3827/3827 3828/3828/3828 3829/3829/3829
f 3831/3831/3831 3832/3832/3832 3833/3833/3833
f 3835/3835/3835 3836/3836/3836 3837/3837/3837
f 3839/3839/3839 3840/3840/3840 3841/3841/3841
f 3843/3843/3843 3844/3844/3844 3845/3845/3845
f 3847/3847/3847 3848/3848/3848 3849/3849/3849
f 3851/3851/3851 3852/3852/3852 3853/3853/3853
f 3855/3855/3855 3856/3856/3856 3857/3857/3857
f 3859/3859/3859 3860/3860/3860 3861/3861/3861
f 3863/3863/3863 3864/3864/3864 3865/3865/3865
f 3867/3867/3867 3868/3868/3868 3869/3869/3869
f 3871/3871/3871 3872/3872/3872 3873/3873/3873
f 3875/3875/3875 3876/3876/3876 3877/3877/3877
f 3879/3879/3879 3880/3880/3880 3881/3881/3881
f 3883/3883/3883 3884/3884/3884 3885/3885/3885
f 3887/3887/3887 3888/3888/3888 3889/3889/3889
f 3891/3891/3891 3892/3892/3892 3893/3893/3893
f 3895/3895/3895 3896/3896/3896 3897/3897/3897
f 3899/3899/3899 3900/3900/3900 3901/3901/3901
f 3903/3903/3903 3904/3904/3904 3905/3905/3905
f 3907/3907/3907 3908/3908/3908 3909/3909/3909
f 3911/3911/3911 3912/3912/3912 3913/3913/3913
f 3915/3915/3915 3916/3916/3916 3917/3917/3917
f 3919/3919/3919 3920/3920/3920 3921/3921/3921
f 3923/3923/3923 3924/3924/3924 3925/3925/3925
f 3927/3927/3927 3928/3928/3928 3929/3929/3929
f 3931/3931/3931 3932/3932/3932 3933/3933/3933
f 3935/3935/3935 3936/3936/3936 3937/3937/3937
f 3939/3939/3939 3940/3940/3940 3941/3941/3941
f 3943/3943/3943 3944/3944/3944 3945/3945/3945
f 3947/3947/3947 3948/3948/3948 3949/3949/3949
f 3951/3951/3951 3952/3952/3952 3953/3953/3953
f 3955/3955/3955 3956/3956/3956 3957/3957/3957
f 3959/3959/3959 3960/3960/3960 3961/3961/3961
f 3963/3963/3963 3964/3964/3964 3965/3965/3965
f 3967/3967/3967 3968/3968/3968 3969/3969/3969
f 3971/3971/3971 3972/3972/3972 3973/3973/3973
f 3975/3975/3975 3976/3976/3976 3977/3977/3977
f 3979/3979/3979 3980/3980/3980 3981/3981/3981
f 3983/3983/3983 3984/3984/3984 3985/3985/3985
f 3987/3987/3987 3988/3988/3988 3989/3989/3989
f 3991/3991/3991 3992/3992/3992 3993/3993/3993
f 3995/3995/3995 3996/3996/3996 3997/3997/3997
f 3999/3999/3999 4000/4000/4000 4001/4001/4001
f 4003/4003/4003 4004/4004/4004 4005/4005/4005
f 4007/4007/4007 4008/4008/4008 4009/4009/4009
f 4011/4011/4011 4012/4012/4012 4013/4013/4013
f 4015/4015/4015 4016/4016/4016 4017/4017/4017
f 4019/4019/4019 4020/4020/4020 4021/4021/4021
f 4023/4023/4023 4024/4024/4024 4025/4025/4025
f 4027/4027/4027 4028/4028/4028 4029/4029/4029
f 4031/4031/4031 4032/4032/4032 4033/4033/4033
f 4035/4035/4035 4036/4036/4036 4037/4037/4037
f 4039/4039/4039 4040/4040/4040 4041/4041/4041
f 4043/4043/4043 4044/4044/4044 4045/4045/4045
f 4047/4047/4047 4048/4048/4048 4049/4049/4049
f 4051/4051/4051 4052/4052/4052 4053/4053/4053
f 4055/4055/4055 4056/4056/4056 4057/4057/4057
f 4059/4059/4059 4060/4060/4060 4061/4061/4061
f 4063/4063/4063 4064/4064/4064 4065/4065/4065
f 4067/4067/4067 4068/4068/4068 4069/4069/4069
f 4071/4071/4071 4072/4072/4072 4073/4073/4073
f 4075/4075/4075 4076/4076/4076 4077/4077/4077
f 4079/4079/4079 4080/4080/4080 4081/4081/4081
f 4083/4083/4083 4084/4084/4084 4085/4085/4085
f 4087/4087/4087 4088/4088/4088 4089/4089/4089
f 4091/4091/4091 4092/4092/4092 4093/4093/4093
f 4095/4095/4095 4096/4096/4096 4097/4097/4097
f 4099/4099/4099 4100/4100/4100 4101/4101/4101
f 4103/4103/4103 4104/4104/4104 4105/4105/4105
f 4107/4107/4107 4108/4108/4108 4109/4109/4109
f 4111/4111/4111 4112/4112/4112 4113/4113/4113
f 4115/4115/4115 4116/4116/4116 4117/4117/4117
f 4119/4119/4119 4120/4120/4120 4121/4121/4121
f 4123/4123/4123 4124/4124/4124 4125/4125/4125
f 4127/4127/4127 4128/4128/4128 4129/4129/4129
f 4131/4131/4131 4132/4132/4132 4133/4133/4133
f 4135/4135/4135 4136/4136/4136 4137/4137/4137
f 4139/4139/4139 4140/4140/4140 4141/4141/4141
f 4143/4143/4143 4144/4144/4144 4145/4145/4145
f 4147/4147/4147 4148/4148/4148 4149/4149/4149
f 4151/4151/4151 4152/4152/4152 4153/4153/4153
f 4155/4155/4155 4156/4156/4156 4157/4157/4157
f 4159/4159/4159 4160/4160/4160 4161/4161/4161
f 4163/4163/4163 4164/4164/4164 4165/4165/4165
f 4167/4167/4167 4168/4168/4168 4169/4169/4169
f 4171/4171/4171 4172/4172/4172 4173/4173/4173
f 4175/4175/4175 4176/4176/4176 4177/4177/4177
f 4179/4179/4179 4180/4180/4180 4181/4181/4181
f 4183/4183/4183 4184/4184/4184 4185/4185/4185
f 4187/4187/4187 4188/4188/4188 4189/4189/4189
f 4191/4191/4191 4192/4192/4192 4193/4193/4193
f 4195/4195/4195 4196/4196/4196 4197/4197/4197
f 4199/4199/4199 4200/4200/4200 4201/4201/4201
f 4203/4203/4203 4204/4204/4204 4205/4205/4205
f 4207/4207/4207 4208/4208/4208 4209/4209/4209
f 4211/4211/4211 4212/4212/4212 4213/4213/4213
f 4215/4215/4215 4216/4216/4216 4217/4217/4217
f 4219/4219/4219 4220/4220/4220 4221/4221/4221
f 7/7/7 2/2/2 1/1/1
f 9/9/9 5/5/5 4/4/4
f 11/11/11 8/8/8 7/7/7
f 13/13/13 10/10/10 9/9/9
f 15/15/15 12/12/12 11/11/11
f 17/17/17 14/14/14 13/13/13
f 19/19/19 16/16/16 15/15/15
f 21/21/21 18/18/18 17/17/17
f 23/23/23 20/20/20 19/19/19
f 25/25/25 22/22/22 21/21/21
f 27/27/27 24/24/24 23/23/23
f 29/29/29 26/26/26 25/25/25
f 31/31/31 28/28/28 27/27/27
f 33/33/33 30/30/30 29/29/29
f 35/35/35 32/32/32 31/31/31
f 37/37/37 34/34/34 33/33/33
f 39/39/39 36/36/36 35/35/35
f 41/41/41 38/38/38 37/37/37
f 43/43/43 40/40/40 39/39/39
f 45/45/45 42/42/42 41/41/41
f 47/47/47 44/44/44 43/43/43
f 49/49/49 46/46/46 45/45/45
f 51/51/51 48/48/48 47/47/47
f 53/53/53 50/50/50 49/49/49
f 55/55/55 52/52/52 51/51/51
f 57/57/57 54/54/54 53/53/53
f 59/59/59 56/56/56 55/55/55
f 61/61/61 58/58/58 57/57/57
f 63/63/63 60/60/60 59/59/59
f 65/65/65 62/62/62 61/61/61
f 67/67/67 64/64/64 63/63/63
f 69/69/69 66/66/66 65/65/65
f 71/71/71 68/68/68 67/67/67
f 73/73/73 70/70/70 69/69/69
f 75/75/75 72/72/72 71/71/71
f 77/77/77 74/74/74 73/73/73
f 79/79/79 76/76/76 75/75/75
f 81/81/81 78/78/78 77/77/77
f 83/83/83 80/80/80 79/79/79
f 85/85/85 82/82/82 81/81/81
f 91/91/91 1/1/1 87/87/87
f 92/92/92 4/4/4 89/89/89
f 93/93/93 7/7/7 91/91/91
f 94/94/94 9/9/9 92/92/92
f 95/95/95 11/11/11 93/93/93
f 96/96/96 13/13/13 94/94/94
f 97/97/97 15/15/15 95/95/95
f 98/98/98 17/17/17 96/96/96
f 99/99/99 19/19/19 97/97/97
f 100/100/100 21/21/21 98/98/98
f 101/101/101 23/23/23 99/99/99
f 102/102/102 25/25/25 100/100/100
f 103/103/103 27/27/27 101/101/101
f 104/104/104 29/29/29 102/102/102
f 105/105/105 31/31/31 103/103/103
f 106/106/106 33/33/33 104/104/104
f 107/107/107 35/35/35 105/105/105
f 108/108/108 37/37/37 106/106/106
f 109/109/109 39/39/39 107/107/107
f 110/110/110 41/41/41 108/108/108
f 111/111/111 43/43/43 109/109/109
f 112/112/112 45/45/45 110/110/110
f 113/113/113 47/47/47 111/111/111
f 114/114/114 49/49/49 112/112/112
f 115/115/115 51/51/51 113/113/113
f 116/116/116 53/53/53 114/114/114
f 117/117/117 55/55/55 115/115/115
f 118/118/118 57/57/57 116/116/116
f 119/119/119 59/59/59 117/117/117
f 120/120/120 61/61/61 118/118/118
f 121/121/121 63/63/63 119/119/119
f 122/122/122 65/65/65 120/120/120
f 123/123/123 67/67/67 121/121/121
f 124/124/124 69/69/69 122/122/122
f 125/125/125 71/71/71 123/123/123
f 126/126/126 73/73/73 124/124/124
f 127/127/127 75/75/75 125/125/125
f 128/128/128 77/77/77 126/126/126
f 129/129/129 79/79/79 127/127/127
f 130/130/130 81/81/81 128/128/128
f 135/135/135 87/87/87 131/131/131
f 136/136/136 89/89/89 133/133/133
f 137/137/137 91/91/91 135/135/135
f 138/138/138 92/92/92 136/136/136
f 139/139/139 93/93/93 137/137/137
f 140/140/140 94/94/94 138/138/138
f 141/141/141 95/95/95 139/139/139
f 142/142/142 96/96/96 140/140/140
f 143/143/143 97/97/97 141/141/141
f 144/144/144 98/98/98 142/142/142
f 145/145/145 99/99/99 143/143/143
f 146/146/146 100/100/100 144/144/144
f 147/147/147 101/101/101 145/145/145
f 148/148/148 102/102/102 146/146/146
f 149/149/149 103/103/103 147/147/147
f 150/150/150 104/104/104 148/148/148
f 151/151/151 105/105/105 149/149/149
f 152/152/152 106/106/106 150/150/150
f 153/153/153 107/107/107 151/151/151
f 154/154/154 108/108/108 152/152/152
f 155/155/155 109/109/109 153/153/153
f 156/156/156 110/110/110 154/154/154
f 157/157/157 111/111/111 155/155/155
f 158/158/158 112/112/112 156/156/156
f 159/159/159 113/113/113 157/157/157
f 160/160/160 114/114/114 158/158/158
f 161/161/161 115/115/115 159/159/159
f 162/162/162 116/116/116 160/160/160
f 163/163/163 117/117/117 161/161/161
f 164/164/164 118/118/118 162/162/162
f 165/165/165 119/119/119 163/163/163
f 166/166/166 120/120/120 164/164/164
f 167/167/167 121/121/121 165/165/165
f 168/168/168 122/122/122 166/166/166
f 169/169/169 123/123/123 167/167/167
f 170/170/170 124/124/124 168/168/168
f 171/171/171 125/125/125 169/169/169
f 172/172/172 126/126/126 170/170/170
f 173/173/173 127/127/127 171/171/171
f 174/174/174 128/128/128 172/172/172
f 135/135/135 131/131/131 175/175/175
f 136/136/136 133/133/133 177/177/177
f 137/137/137 135/135/135 179/179/179
f 138/138/138 136/136/136 180/180/180
f 139/139/139 137/137/137 181/181/181
f 140/140/140 138/138/138 182/182/182
f 141/141/141 139/139/139 183/183/183
f 142/142/142 140/140/140 184/184/184
f 143/143/143 141/141/141 185/185/185
f 144/144/144 142/142/142 186/186/186
f 145/145/145 143/143/143 187/187/187
f 146/146/146 144/144/144 188/188/188
f 147/147/147 145/145/145 189/189/189
f 148/148/148 146/146/146 190/190/190
f 149/149/149 147/147/147 191/191/191
f 150/150/150 148/148/148 192/192/192
f 151/151/151 149/149/149 193/193/193
f 152/152/152 150/150/150 194/194/194
f 153/153/153 151/151/151 195/195/195
f 154/154/154 152/152/152 196/196/196
f 155/155/155 153/153/153 197/197/197
f 156/156/156 154/154/154 198/198/198
f 157/157/157 155/155/155 199/199/199
f 158/158/158 156/156/156 200/200/200
f 159/159/159 157/157/157 201/201/201
f 160/160/160 158/158/158 202/202/202
f 161/161/161 159/159/159 203/203/203
f 162/162/162 160/160/160 204/204/204
f 163/163/163 161/161/161 205/205/205
f 164/164/164 162/162/162 206/206/206
f 165/165/165 163/163/163 207/207/207
f 166/166/166 164/164/164 208/208/208
f 167/167/167 165/165/165 209/209/209
f 168/168/168 166/166/166 210/210/210
f 169/169/169 167/167/167 211/211/211
f 170/170/170 168/168/168 212/212/212
f 171/171/171 169/169/169 213/213/213
f 172/172/172 170/170/170 214/214/214
f 173/173/173 171/171/171 215/215/215
f 174/174/174 172/172/172 216/216/216
f 179/179/179 175/175/175 219/219/219
f 180/180/180 177/177/177 221/221/221
f 181/181/181 179/179/179 223/223/223
f 182/182/182 180/180/180 224/224/224
f 183/183/183 181/181/181 225/225/225
f 184/184/184 182/182/182 226/226/226
f 185/185/185 183/183/183 227/227/227
f 186/186/186 184/184/184 228/228/228
f 187/187/187 185/185/185 229/229/229
f 188/188/188 186/186/186 230/230/230
f 189/189/189 187/187/187 231/231/231
f 190/190/190 188/188/188 232/232/232
f 191/191/191 189/189/189 233/233/233
f 192/192/192 190/190/190 234/234/234
f 193/193/193 191/191/191 235/235/235
f 194/194/194 192/192/192 236/236/236
f 195/195/195 193/193/193 237/237/237
f 196/196/196 194/194/194 238/238/238
f 197/197/197 195/195/195 239/239/239
f 198/198/198 196/196/196 240/240/240
f 199/199/199 197/197/197 241/241/241
f 200/200/200 198/198/198 242/242/242
f 201/201/201 199/199/199 243/243/243
f 202/202/202 200/200/200 244/244/244
f 203/203/203 201/201/201 245/245/245
f 204/204/204 202/202/202 246/246/246
f 205/205/205 203/203/203 247/247/247
f 206/206/206 204/204/204 248/248/248
f 207/207/207 205/205/205 249/249/249
f 208/208/208 206/206/206 250/250/250
f 209/209/209 207/207/207 251/251/251
f 210/210/210 208/208/208 252/252/252
f 211/211/211 209/209/209 253/253/253
f 212/212/212 210/210/210 254/254/254
f 213/213/213 211/211/211 255/255/255
f 214/214/214 212/212/212 256/256/256
f 215/215/215 213/213/213 257/257/257
f 216/216/216 214/214/214 258/258/258
f 217/217/217 215/215/215 259/259/259
f 218/218/218 216/216/216 260/260/260
f 223/223/223 219/219/219 263/263/263
f 224/224/224 221/221/221 265/265/265
f 225/225/225 223/223/223 267/267/267
f 226/226/226 224/224/224 268/268/268
f 227/227/227 225/225/225 269/269/269
f 228/228/228 226/226/226 270/270/270
f 229/229/229 227/227/227 271/271/271
f 230/230/230 228/228/228 272/272/272
f 231/231/231 229/229/229 273/273/273
f 232/232/232 230/230/230 274/274/274
f 233/233/233 231/231/231 275/275/275
f 234/234/234 232/232/232 276/276/276
f 235/235/235 233/233/233 277/277/277
f 236/236/236 234/234/234 278/278/278
f 237/237/237 235/235/235 279/279/279
f 238/238/238 236/236/236 280/280/280
f 239/239/239 237/237/237 281/281/281
f 240/240/240 238/238/238 282/282/282
f 241/241/241 239/239/239 283/283/283
f 242/242/242 240/240/240 284/284/284
f 243/243/243 241/241/241 285/285/285
f 244/244/244 242/242/242 286/286/286
f 245/245/245 243/243/243 287/287/287
f 246/246/246 244/244/244 288/288/288
f 247/247/247 245/245/245 289/289/289
f 248/248/248 246/246/246 290/290/290
f 249/249/249 247/247/247 291/291/291
f 250/250/250 248/248/248 292/292/292
f 251/251/251 249/249/249 293/293/293
f 252/252/252 250/250/250 294/294/294
f 253/253/253 251/251/251 295/295/295
f 254/254/254 252/252/252 296/296/296
f 255/255/255 253/253/253 297/297/297
f 256/256/256 254/254/254 298/298/298
f 257/257/257 255/255/255 299/299/299
f 258/258/258 256/256/256 300/300/300
f 259/259/259 257/257/257 301/301/301
f 260/260/260 258/258/258 302/302/302
f 261/261/261 259/259/259 303/303/303
f 262/262/262 260/260/260 304/304/304
f 313/313/313 308/308/308 307/307/307
f 315/315/315 311/311/311 310/310/310
f 317/317/317 314/314/314 313/313/313
f 319/319/319 316/316/316 315/315/315
f 321/321/321 318/318/318 317/317/317
f 323/323/323 320/320/320 319/319/319
f 325/325/325 322/322/322 321/321/321
f 327/327/327 324/324/324 323/323/323
f 329/329/329 326/326/326 325/325/325
f 331/331/331 328/328/328 327/327/327
f 333/333/333 330/330/330 329/329/329
f 335/335/335 332/332/332 331/331/331
f 337/337/337 334/334/334 333/333/333
f 339/339/339 336/336/336 335/335/335
f 341/341/341 338/338/338 337/337/337
f 343/343/343 340/340/340 339/339/339
f 345/345/345 342/342/342 341/341/341
f 347/347/347 344/344/344 343/343/343
f 349/349/349 346/346/346 345/345/345
f 351/351/351 348/348/348 347/347/347
f 353/353/353 350/350/350 349/349/349
f 355/355/355 352/352/352 351/351/351
f 357/357/357 354/354/354 353/353/353
f 359/359/359 356/356/356 355/355/355
f 361/361/361 358/358/358 357/357/357
f 363/363/363 360/360/360 359/359/359
f 365/365/365 362/362/362 361/361/361
f 367/367/367 364/364/364 363/363/363
f 369/369/369 366/366/366 365/365/365
f 371/371/371 368/368/368 367/367/367
f 373/373/373 370/370/370 369/369/369
f 375/375/375 372/372/372 371/371/371
f 377/377/377 374/374/374 373/373/373
f 379/379/379 376/376/376 375/375/375
f 381/381/381 378/378/378 377/377/377
f 383/383/383 380/380/380 379/379/379
f 385/385/385 382/382/382 381/381/381
f 387/387/387 384/384/384 383/383/383
f 389/389/389 386/386/386 385/385/385
f 391/391/391 388/388/388 387/387/387
f 397/397/397 307/307/307 393/393/393
f 398/398/398 310/310/310 395/395/395
f 399/399/399 313/313/313 397/397/397
f 400/400/400 315/315/315 398/398/398
f 401/401/401 317/317/317 399/399/399
f 402/402/402 319/319/319 400/400/400
f 403/403/403 321/321/321 401/401/401
f 404/404/404 323/323/323 402/402/402
f 405/405/405 325/325/325 403/403/403
f 406/406/406 327/327/327 404/404/404
f 407/407/407 329/329/329 405/405/405
f 408/408/408 331/331/331 406/406/406
f 409/409/409 333/333/333 407/407/407
f 410/410/410 335/335/335 408/408/408
f 411/411/411 337/337/337 409/409/409
f 412/412/412 339/339/339 410/410/410
f 413/413/413 341/341/341 411/411/411
f 414/414/414 343/343/343 412/412/412
f 415/415/415 345/345/345 413/413/413
f 416/416/416 347/347/347 414/414/414
f 417/417/417 349/349/349 415/415/415
f 418/418/418 351/351/351 416/416/416
f 419/419/419 353/353/353 417/417/417
f 420/420/420 355/355/355 418/418/418
f 421/421/421 357/357/357 419/419/419
f 422/422/422 359/359/359 420/420/420
f 423/423/423 361/361/361 421/421/421
f 424/424/424 363/363/363 422/422/422
f 425/425/425 365/365/365 423/423/423
f 426/426/426 367/367/367 424/424/424
f 427/427/427 369/369/369 425/425/425
f 428/428/428 371/371/371 426/426/426
f 429/429/429 373/373/373 427/427/427
f 430/430/430 375/375/375 428/428/428
f 431/431/431 377/377/377 429/429/429
f 432/432/432 379/379/379 430/430/430
f 433/433/433 381/381/381 431/431/431
f 434/434/434 383/383/383 432/432/432
f 435/435/435 385/385/385 433/433/433
f 436/436/436 387/387/387 434/434/434
f 441/441/441 393/393/393 437/437/437
f 442/442/442 395/395/395 439/439/439
f 443/443/443 397/397/397 441/441/441
f 444/444/444 398/398/398 442/442/442
f 445/445/445 399/399/399 443/443/443
f 446/446/446 400/400/400 444/444/444
f 447/447/447 401/401/401 445/445/445
f 448/448/448 402/402/402 446/446/446
f 449/449/449 403/403/403 447/447/447
f 450/450/450 404/404/404 448/448/448
f 451/451/451 405/405/405 449/449/449
f 452/452/452 406/406/406 450/450/450
f 453/453/453 407/407/407 451/451/451
f 454/454/454 408/408/408 452/452/452
f 455/455/455 409/409/409 453/453/453
f 456/456/456 410/410/410 454/454/454
f 457/457/457 411/411/411 455/455/455
f 458/458/458 412/412/412 456/456/456
f 459/459/459 413/413/413 457/457/457
f 460/460/460 414/414/414 458/458/458
f 461/461/461 415/415/415 459/459/459
f 462/462/462 416/416/416 460/460/460
f 463/463/463 417/417/417 461/461/461
f 464/464/464 418/418/418 462/462/462
f 465/465/465 419/419/419 463/463/463
f 466/466/466 420/420/420 464/464/464
f 467/467/467 421/421/421 465/465/465
f 468/468/468 422/422/422 466/466/466
f 469/469/469 423/423/423 467/467/467
f 470/470/470 424/424/424 468/468/468
f 471/471/471 425/425/425 469/469/469
f 472/472/472 426/426/426 470/470/470
f 473/473/473 427/427/427 471/471/471
f 474/474/474 428/428/428 472/472/472
f 475/475/475 429/429/429 473/473/473
f 476/476/476 430/430/430 474/474/474
f 477/477/477 431/431/431 475/475/475
f 478/478/478 432/432/432 476/476/476
f 479/479/479 433/433/433 477/477/477
f 480/480/480 434/434/434 478/478/478
f 441/441/441 437/437/437 481/481/481
f 442/442/442 439/439/439 483/483/483
f 443/443/443 441/441/441 485/485/485
f 444/444/444 442/442/442 486/486/486
f 445/445/445 443/443/443 487/487/487
f 446/446/446 444/444/444 488/488/488
f 447/447/447 445/445/445 489/489/489
f 448/448/448 446/446/446 490/490/490
f 449/449/449 447/447/447 491/491/491
f 450/450/450 448/448/448 492/492/492
f 451/451/451 449/449/449 493/493/493
f 452/452/452 450/450/450 494/494/494
f 453/453/453 451/451/451 495/495/495
f 454/454/454 452/452/452 496/496/496
f 455/455/455 453/453/453 497/497/497
f 456/456/456 454/454/454 498/498/498
f 457/457/457 455/455/455 499/499/499
f 458/458/458 456/456/456 500/500/500
f 459/459/459 457/457/457 501/501/501
f 460/460/460 458/458/458 502/502/502
f 461/461/461 459/459/459 503/503/503
f 462/462/462 460/460/460 504/504/504
f 463/463/463 461/461/461 505/505/505
f 464/464/464 462/462/462 506/506/506
f 465/465/465 463/463/463 507/507/507
f 466/466/466 464/464/464 508/508/508
f 467/467/467 465/465/465 509/509/509
f 468/468/468 466/466/466 510/510/510
f 469/469/469 467/467/467 511/511/511
f 470/470/470 468/468/468 512/512/512
f 471/471/471 469/469/469 513/513/513
f 472/472/472 470/470/470 514/514/514
f 473/473/473 471/471/471 515/515/515
f 474/474/474 472/472/472 516/516/516
f 475/475/475 473/473/473 517/517/517
f 476/476/476 474/474/474 518/518/518
f 477/477/477 475/475/475 519/519/519
f 478/478/478 476/476/476 520/520/520
f 479/479/479 477/477/477 521/521/521
f 480/480/480 478/478/478 522/522/522
f 485/485/485 481/481/481 525/525/525
f 486/486/486 483/483/483 527/527/527
f 487/487/487 485/485/485 529/529/529
f 488/488/488 486/486/486 530/530/530
f 489/489/489 487/487/487 531/531/531
f 490/490/490 488/488/488 532/532/532
f 491/491/491 489/489/489 533/533/533
f 492/492/492 490/490/490 534/534/534
f 493/493/493 491/491/491 535/535/535
f 494/494/494 492/492/492 536/536/536
f 495/495/495 493/493/493 537/537/537
f 496/496/496 494/494/494 538/538/538
f 497/497/497 495/495/495 539/539/539
f 498/498/498 496/496/496 540/540/540
f 499/499/499 497/497/497 541/541/541
f 500/500/500 498/498/498 542/542/542
f 501/501/501 499/499/499 543/543/543
f 502/502/502 500/500/500 544/544/544
f 503/503/503 501/501/501 545/545/545
f 504/504/504 502/502/502 546/546/546
f 505/505/505 503/503/503 547/547/547
f 506/506/506 504/504/504 548/548/548
f 507/507/507 505/505/505 549/549/549
f 508/508/508 506/506/506 550/550/550
f 509/509/509 507/507/507 551/551/551
f 510/510/510 508/508/508 552/552/552
f 511/511/511 509/509/509 553/553/553
f 512/512/512 510/510/510 554/554/554
f 513/513/513 511/511/511 555/555/555
f 514/514/514 512/512/512 556/556/556
f 515/515/515 513/513/513 557/557/557
f 516/516/516 514/514/514 558/558/558
f 517/517/517 515/515/515 559/559/559
f 518/518/518 516/516/516 560/560/560
f 519/519/519 517/517/517 561/561/561
f 520/520/520 518/518/518 562/562/562
f 521/521/521 519/519/519 563/563/563
f 522/522/522 520/520/520 564/564/564
f 523/523/523 521/521/521 565/565/565
f 524/524/524 522/522/522 566/566/566
f 529/529/529 525/525/525 569/569/569
f 530/530/530 527/527/527 571/571/571
f 531/531/531 529/529/529 573/573/573
f 532/532/532 530/530/530 574/574/574
f 533/533/533 531/531/531 575/575/575
f 534/534/534 532/532/532 576/576/576
f 535/535/535 533/533/533 577/577/577
f 536/536/536 534/534/534 578/578/578
f 537/537/537 535/535/535 579/579/579
f 538/538/538 536/536/536 580/580/580
f 539/539/539 537/537/537 581/581/581
f 540/540/540 538/538/538 582/582/582
f 541/541/541 539/539/539 583/583/583
f 542/542/542 540/540/540 584/584/584
f 543/543/543 541/541/541 585/585/585
f 544/544/544 542/542/542 586/586/586
f 545/545/545 543/543/543 587/587/587
f 546/546/546 544/544/544 588/588/588
f 547/547/547 545/545/545 589/589/589
f 548/548/548 546/546/546 590/590/590
f 549/549/549 547/547/547 591/591/591
f 550/550/550 548/548/548 592/592/592
f 551/551/551 549/549/549 593/593/593
f 552/552/552 550/550/550 594/594/594
f 553/553/553 551/551/551 595/595/595
f 554/554/554 552/552/552 596/596/596
f 555/555/555 553/553/553 597/597/597
f 556/556/556 554/554/554 598/598/598
f 557/557/557 555/555/555 599/599/599
f 558/558/558 556/556/556 600/600/600
f 559/559/559 557/557/557 601/601/601
f 560/560/560 558/558/558 602/602/602
f 561/561/561 559/559/559 603/603/603
f 562/562/562 560/560/560 604/604/604
f 563/563/563 561/561/561 605/605/605
f 564/564/564 562/562/562 606/606/606
f 565/565/565 563/563/563 607/607/607
f 566/566/566 564/564/564 608/608/608
f 567/567/567 565/565/565 609/609/609
f 568/568/568 566/566/566 610/610/610
f 619/619/619 614/614/614 613/613/613
f 621/621/621 617/617/617 616/616/616
f 623/623/623 620/620/620 619/619/619
f 625/625/625 622/622/622 621/621/621
f 627/627/627 624/624/624 623/623/623
f 629/629/629 626/626/626 625/625/625
f 631/631/631 628/628/628 627/627/627
f 633/633/633 630/630/630 629/629/629
f 635/635/635 632/632/632 631/631/631
f 637/637/637 634/634/634 633/633/633
f 639/639/639 636/636/636 635/635/635
f 641/641/641 638/638/638 637/637/637
f 643/643/643 640/640/640 639/639/639
f 645/645/645 642/642/642 641/641/641
f 647/647/647 644/644/644 643/643/643
f 649/649/649 646/646/646 645/645/645
f 651/651/651 648/648/648 647/647/647
f 653/653/653 650/650/650 649/649/649
f 655/655/655 652/652/652 651/651/651
f 657/657/657 654/654/654 653/653/653
f 659/659/659 656/656/656 655/655/655
f 661/661/661 658/658/658 657/657/657
f 663/663/663 660/660/660 659/659/659
f 665/665/665 662/662/662 661/661/661
f 667/667/667 664/664/664 663/663/663
f 669/669/669 666/666/666 665/665/665
f 671/671/671 668/668/668 667/667/667
f 673/673/673 670/670/670 669/669/669
f 675/675/675 672/672/672 671/671/671
f 677/677/677 674/674/674 673/673/673
f 679/679/679 676/676/676 675/675/675
f 681/681/681 678/678/678 677/677/677
f 683/683/683 680/680/680 679/679/679
f 685/685/685 682/682/682 681/681/681
f 687/687/687 684/684/684 683/683/683
f 689/689/689 686/686/686 685/685/685
f 691/691/691 688/688/688 687/687/687
f 693/693/693 690/690/690 689/689/689
f 695/695/695 692/692/692 691/691/691
f 697/697/697 694/694/694 693/693/693
f 703/703/703 613/613/613 699/699/699
f 704/704/704 616/616/616 701/701/701
f 705/705/705 619/619/619 703/703/703
f 706/706/706 621/621/621 704/704/704
f 707/707/707 623/623/623 705/705/705
f 708/708/708 625/625/625 706/706/706
f 709/709/709 627/627/627 707/707/707
f 710/710/710 629/629/629 708/708/708
f 711/711/711 631/631/631 709/709/709
f 712/712/712 633/633/633 710/710/710
f 713/713/713 635/635/635 711/711/711
f 714/714/714 637/637/637 712/712/712
f 715/715/715 639/639/639 713/713/713
f 716/716/716 641/641/641 714/714/714
f 717/717/717 643/643/643 715/715/715
f 718/718/718 645/645/645 716/716/716
f 719/719/719 647/647/647 717/717/717
f 720/720/720 649/649/649 718/718/718
f 721/721/721 651/651/651 719/719/719
f 722/722/722 653/653/653 720/720/720
f 723/723/723 655/655/655 721/721/721
f 724/724/724 657/657/657 722/722/722
f 725/725/725 659/659/659 723/723/723
f 726/726/726 661/661/661 724/724/724
f 727/727/727 663/663/663 725/725/725
f 728/728/728 665/665/665 726/726/726
f 729/729/729 667/667/667 727/727/727
f 730/730/730 669/669/669 728/728/728
f 731/731/731 671/671/671 729/729/729
f 732/732/732 673/673/673 730/730/730
f 733/733/733 675/675/675 731/731/731
f 734/734/734 677/677/677 732/732/732
f 735/735/735 679/679/679 733/733/733
f 736/736/736 681/681/681 734/734/734
f 737/737/737 683/683/683 735/735/735
f 738/738/738 685/685/685 736/736/736
f 739/739/739 687/687/687 737/737/737
f 740/740/740 689/689/689 738/738/738
f 741/741/741 691/691/691 739/739/739
f 742/742/742 693/693/693 740/740/740
f 747/747/747 699/699/699 743/743/743
f 748/748/748 701/701/701 745/745/745
f 749/749/749 703/703/703 747/747/747
f 750/750/750 704/704/704 748/748/748
f 751/751/751 705/705/705 749/749/749
f 752/752/752 706/706/706 750/750/750
f 753/753/753 707/707/707 751/751/751
f 754/754/754 708/708/708 752/752/752
f 755/755/755 709/709/709 753/753/753
f 756/756/756 710/710/710 754/754/754
f 757/757/757 711/711/711 755/755/755
f 758/758/758 712/712/712 756/756/756
f 759/759/759 713/713/713 757/757/757
f 760/760/760 714/714/714 758/758/758
f 761/761/761 715/715/715 759/759/759
f 762/762/762 716/716/716 760/760/760
f 763/763/763 717/717/717 761/761/761
f 764/764/764 718/718/718 762/762/762
f 765/765/765 719/719/719 763/763/763
f 766/766/766 720/720/720 764/764/764
f 767/767/767 721/721/721 765/765/765
f 768/768/768 722/722/722 766/766/766
f 769/769/769 723/723/723 767/767/767
f 770/770/770 724/724/724 768/768/768
f 771/771/771 725/725/725 769/769/769
f 772/772/772 726/726/726 770/770/770
f 773/773/773 727/727/727 771/771/771
f 774/774/774 728/728/728 772/772/772
f 775/775/775 729/729/729 773/773/773
f 776/776/776 730/730/730 774/774/774
f 777/777/777 731/731/731 775/775/775
f 778/778/778 732/732/732 776/776/776
f 779/779/779 733/733/733 777/777/777
f 780/780/780 734/734/734 778/778/778
f 781/781/781 735/735/735 779/779/779
f 782/782/782 736/736/736 780/780/780
f 783/783/783 737/737/737 781/781/781
f 784/784/784 738/738/738 782/782/782
f 785/785/785 739/739/739 783/783/783
f 786/786/786 740/740/740 784/784/784
f 747/747/747 743/743/743 787/787/787
f 748/748/748 745/745/745 789/789/789
f 749/749/749 747/747/747 791/791/791
f 750/750/750 748/748/748 792/792/792
f 751/751/751 749/749/749 793/793/793
f 752/752/752 750/750/750 794/794/794
f 753/753/753 751/751/751 795/795/795
f 754/754/754 752/752/752 796/796/796
f 755/755/755 753/753/753 797/797/797
f 756/756/756 754/754/754 798/798/798
f 757/757/757 755/755/755 799/799/799
f 758/758/758 756/756/756 800/800/800
f 759/759/759 757/757/757 801/801/801
f 760/760/760 758/758/758 802/802/802
f 761/761/761 759/759/759 803/803/803
f 762/762/762 760/760/760 804/804/804
f 763/763/763 761/761/761 805/805/805
f 764/764/764 762/762/762 806/806/806
f 765/765/765 763/763/763 807/807/807
f 766/766/766 764/764/764 808/808/808
f 767/767/767 765/765/765 809/809/809
f 768/768/768 766/766/766 810/810/810
f 769/769/769 767/767/767 811/811/811
f 770/770/770 768/768/768 812/812/812
f 771/771/771 769/769/769 813/813/813
f 772/772/772 770/770/770 814/814/814
f 773/773/773 771/771/771 815/815/815
f 774/774/774 772/772/772 816/816/816
f 775/775/775 773/773/773 817/817/817
f 776/776/776 774/774/774 818/818/818
f 777/777/777 775/775/775 819/819/819
f 778/778/778 776/776/776 820/820/820
f 779/779/779 777/777/777 821/821/821
f 780/780/780 778/778/778 822/822/822
f 781/781/781 779/779/779 823/823/823
f 782/782/782 780/780/780 824/824/824
f 783/783/783 781/781/781 825/825/825
f 784/784/784 782/782/782 826/826/826
f 785/785/785 783/783/783 827/827/827
f 786/786/786 784/784/784 828/828/828
f 791/791/791 787/787/787 831/831/831
f 792/792/792 789/789/789 833/833/833
f 793/793/793 791/791/791 835/835/835
f 794/794/794 792/792/792 836/836/836
f 795/795/795 793/793/793 837/837/837
f 796/796/796 794/794/794 838/838/838
f 797/797/797 795/795/795 839/839/839
f 798/798/798 796/796/796 840/840/840
f 799/799/799 797/797/797 841/841/841
f 800/800/800 798/798/798 842/842/842
f 801/801/801 799/799/799 843/843/843
f 802/802/802 800/800/800 844/844/844
f 803/803/803 801/801/801 845/845/845
f 804/804/804 802/802/802 846/846/846
f 805/805/805 803/803/803 847/847/847
f 806/806/806 804/804/804 848/848/848
f 807/807/807 805/805/805 849/849/849
f 808/808/808 806/806/806 850/850/850
f 809/809/809 807/807/807 851/851/851
f 810/810/810 808/808/808 852/852/852
f 811/811/811 809/809/809 853/853/853
f 812/812/812 810/810/810 854/854/854
f 813/813/813 811/811/811 855/855/855
f 814/814/814 812/812/812 856/856/856
f 815/815/815 813/813/813 857/857/857
f 816/816/816 814/814/814 858/858/858
f 817/817/817 815/815/815 859/859/859
f 818/818/818 816/816/816 860/860/860
f 819/819/819 817/817/817 861/861/861
f 820/820/820 818/818/818 862/862/862
f 821/821/821 819/819/819 863/863/863
f 822/822/822 820/820/820 864/864/864
f 823/823/823 821/821/821 865/865/865
f 824/824/824 822/822/822 866/866/866
f 825/825/825 823/823/823 867/867/867
f 826/826/826 824/824/824 868/868/868
f 827/827/827 825/825/825 869/869/869
f 828/828/828 826/826/826 870/870/870
f 829/829/829 827/827/827 871/871/871
f 830/830/830 828/828/828 872/872/872
f 835/835/835 831/831/831 875/875/875
f 836/836/836 833/833/833 877/877/877
f 837/837/837 835/835/835 879/879/879
f 838/838/838 836/836/836 880/880/880
f 839/839/839 837/837/837 881/881/881
f 840/840/840 838/838/838 882/882/882
f 841/841/841 839/839/839 883/883/883
f 842/842/842 840/840/840 884/884/884
f 843/843/843 841/841/841 885/885/885
f 844/844/844 842/842/842 886/886/886
f 845/845/845 843/843/843 887/887/887
f 846/846/846 844/844/844 888/888/888
f 847/847/847 845/845/845 889/889/889
f 848/848/848 846/846/846 890/890/890
f 849/849/849 847/847/847 891/891/891
f 850/850/850 848/848/848 892/892/892
f 851/851/851 849/849/849 893/893/893
f 852/852/852 850/850/850 894/894/894
f 853/853/853 851/851/851 895/895/895
f 854/854/854 852/852/852 896/896/896
f 855/855/855 853/853/853 897/897/897
f 856/856/856 854/854/854 898/898/898
f 857/857/857 855/855/855 899/899/899
f 858/858/858 856/856/856 900/900/900
f 859/859/859 857/857/857 901/901/901
f 860/860/860 858/858/858 902/902/902
f 861/861/861 859/859/859 903/903/903
f 862/862/862 860/860/860 904/904/904
f 863/863/863 861/861/861 905/905/905
f 864/864/864 862/862/862 906/906/906
f 865/865/865 863/863/863 907/907/907
f 866/866/866 864/864/864 908/908/908
f 867/867/867 865/865/865 909/909/909
f 868/868/868 866/866/866 910/910/910
f 869/869/869 867/867/867 911/911/911
f 870/870/870 868/868/868 912/912/912
f 871/871/871 869/869/869 913/913/913
f 872/872/872 870/870/870 914/914/914
f 873/873/873 871/871/871 915/915/915
f 874/874/874 872/872/872 916/916/916
f 926/926/926 920/920/920 919/919/919
f 928/928/928 923/923/923 922/922/922
f 930/930/930 926/926/926 925/925/925
f 932/932/932 928/928/928 927/927/927
f 934/934/934 930/930/930 929/929/929
f 936/936/936 932/932/932 931/931/931
f 938/938/938 934/934/934 933/933/933
f 940/940/940 936/936/936 935/935/935
f 942/942/942 938/938/938 937/937/937
f 944/944/944 940/940/940 939/939/939
f 946/946/946 942/942/942 941/941/941
f 948/948/948 944/944/944 943/943/943
f 950/950/950 946/946/946 945/945/945
f 952/952/952 948/948/948 947/947/947
f 954/954/954 950/950/950 949/949/949
f 956/956/956 952/952/952 951/951/951
f 958/958/958 954/954/954 953/953/953
f 960/960/960 956/956/956 955/955/955
f 962/962/962 958/958/958 957/957/957
f 964/964/964 960/960/960 959/959/959
f 966/966/966 962/962/962 961/961/961
f 968/968/968 964/964/964 963/963/963
f 970/970/970 966/966/966 965/965/965
f 972/972/972 968/968/968 967/967/967
f 974/974/974 970/970/970 969/969/969
f 976/976/976 972/972/972 971/971/971
f 978/978/978 974/974/974 973/973/973
f 980/980/980 976/976/976 975/975/975
f 982/982/982 978/978/978 977/977/977
f 984/984/984 980/980/980 979/979/979
f 986/986/986 982/982/982 981/981/981
f 988/988/988 984/984/984 983/983/983
f 990/990/990 986/986/986 985/985/985
f 992/992/992 988/988/988 987/987/987
f 994/994/994 990/990/990 989/989/989
f 996/996/996 992/992/992 991/991/991
f 998/998/998 994/994/994 993/993/993
f 1000/1000/1000 996/996/996 995/995/995
f 1002/1002/1002 998/998/998 997/997/997
f 1004/1004/1004 1000/1000/1000 999/999/999
f 1006/1006/1006 1002/1002/1002 1001/1001/1001
f 1008/1008/1008 1004/1004/1004 1003/1003/1003
f 1010/1010/1010 1006/1006/1006 1005/1005/1005
f 1012/1012/1012 1008/1008/1008 1007/1007/1007
f 1014/1014/1014 1010/1010/1010 1009/1009/1009
f 1016/1016/1016 1012/1012/1012 1011/1011/1011
f 1018/1018/1018 1014/1014/1014 1013/1013/1013
f 1020/1020/1020 1016/1016/1016 1015/1015/1015
f 1022/1022/1022 1018/1018/1018 1017/1017/1017
f 1024/1024/1024 1020/1020/1020 1019/1019/1019
f 1026/1026/1026 1022/1022/1022 1021/1021/1021
f 1028/1028/1028 1024/1024/1024 1023/1023/1023
f 1030/1030/1030 1026/1026/1026 1025/1025/1025
f 1032/1032/1032 1028/1028/1028 1027/1027/1027
f 1034/1034/1034 1030/1030/1030 1029/1029/1029
f 1036/1036/1036 1032/1032/1032 1031/1031/1031
f 1038/1038/1038 1034/1034/1034 1033/1033/1033
f 1040/1040/1040 1036/1036/1036 1035/1035/1035
f 1042/1042/1042 1038/1038/1038 1037/1037/1037
f 1044/1044/1044 1040/1040/1040 1039/1039/1039
f 1046/1046/1046 1042/1042/1042 1041/1041/1041
f 1048/1048/1048 1044/1044/1044 1043/1043/1043
f 925/925/925 919/919/919 1049/1049/1049
f 927/927/927 922/922/922 1051/1051/1051
f 929/929/929 925/925/925 1053/1053/1053
f 931/931/931 927/927/927 1054/1054/1054
f 933/933/933 929/929/929 1055/1055/1055
f 935/935/935 931/931/931 1056/1056/1056
f 937/937/937 933/933/933 1057/1057/1057
f 939/939/939 935/935/935 1058/1058/1058
f 941/941/941 937/937/937 1059/1059/1059
f 943/943/943 939/939/939 1060/1060/1060
f 945/945/945 941/941/941 1061/1061/1061
f 947/947/947 943/943/943 1062/1062/1062
f 949/949/949 945/945/945 1063/1063/1063
f 951/951/951 947/947/947 1064/1064/1064
f 953/953/953 949/949/949 1065/1065/1065
f 955/955/955 951/951/951 1066/1066/1066
f 957/957/957 953/953/953 1067/1067/1067
f 959/959/959 955/955/955 1068/1068/1068
f 961/961/961 957/957/957 1069/1069/1069
f 963/963/963 959/959/959 1070/1070/1070
f 965/965/965 961/961/961 1071/1071/1071
f 967/967/967 963/963/963 1072/1072/1072
f 969/969/969 965/965/965 1073/1073/1073
f 971/971/971 967/967/967 1074/1074/1074
f 973/973/973 969/969/969 1075/1075/1075
f 975/975/975 971/971/971 1076/1076/1076
f 977/977/977 973/973/973 1077/1077/1077
f 979/979/979 975/975/975 1078/1078/1078
f 981/981/981 977/977/977 1079/1079/1079
f 983/983/983 979/979/979 1080/1080/1080
f 985/985/985 981/981/981 1081/1081/1081
f 987/987/987 983/983/983 1082/1082/1082
f 989/989/989 985/985/985 1083/1083/1083
f 991/991/991 987/987/987 1084/1084/1084
f 993/993/993 989/989/989 1085/1085/1085
f 995/995/995 991/991/991 1086/1086/1086
f 997/997/997 993/993/993 1087/1087/1087
f 999/999/999 995/995/995 1088/1088/1088
f 1001/1001/1001 997/997/997 1089/1089/1089
f 1003/1003/1003 999/999/999 1090/1090/1090
f 1005/1005/1005 1001/1001/1001 1091/1091/1091
f 1007/1007/1007 1003/1003/1003 1092/1092/1092
f 1009/1009/1009 1005/1005/1005 1093/1093/1093
f 1011/1011/1011 1007/1007/1007 1094/1094/1094
f 1013/1013/1013 1009/1009/1009 1095/1095/1095
f 1015/1015/1015 1011/1011/1011 1096/1096/1096
f 1017/1017/1017 1013/1013/1013 1097/1097/1097
f 1019/1019/1019 1015/1015/1015 1098/1098/1098
f 1021/1021/1021 1017/1017/1017 1099/1099/1099
f 1023/1023/1023 1019/1019/1019 1100/1100/1100
f 1025/1025/1025 1021/1021/1021 1101/1101/1101
f 1027/1027/1027 1023/1023/1023 1102/1102/1102
f 1029/1029/1029 1025/1025/1025 1103/1103/1103
f 1031/1031/1031 1027/1027/1027 1104/1104/1104
f 1033/1033/1033 1029/1029/1029 1105/1105/1105
f 1035/1035/1035 1031/1031/1031 1106/1106/1106
f 1037/1037/1037 1033/1033/1033 1107/1107/1107
f 1039/1039/1039 1035/1035/1035 1108/1108/1108
f 1041/1041/1041 1037/1037/1037 1109/1109/1109
f 1043/1043/1043 1039/1039/1039 1110/1110/1110
f 1045/1045/1045 1041/1041/1041 1111/1111/1111
f 1047/1047/1047 1043/1043/1043 1112/1112/1112
f 1115/1115/1115 1117/1117/1117 1122/1122/1122
f 1118/1118/1118 1120/1120/1120 1124/1124/1124
f 1121/1121/1121 1122/1122/1122 1126/1126/1126
f 1123/1123/1123 1124/1124/1124 1128/1128/1128
f 1125/1125/1125 1126/1126/1126 1130/1130/1130
f 1127/1127/1127 1128/1128/1128 1132/1132/1132
f 1129/1129/1129 1130/1130/1130 1134/1134/1134
f 1131/1131/1131 1132/1132/1132 1136/1136/1136
f 1133/1133/1133 1134/1134/1134 1138/1138/1138
f 1135/1135/1135 1136/1136/1136 1140/1140/1140
f 1137/1137/1137 1138/1138/1138 1142/1142/1142
f 1139/1139/1139 1140/1140/1140 1144/1144/1144
f 1141/1141/1141 1142/1142/1142 1146/1146/1146
f 1143/1143/1143 1144/1144/1144 1148/1148/1148
f 1145/1145/1145 1146/1146/1146 1150/1150/1150
f 1147/1147/1147 1148/1148/1148 1152/1152/1152
f 1149/1149/1149 1150/1150/1150 1154/1154/1154
f 1151/1151/1151 1152/1152/1152 1156/1156/1156
f 1153/1153/1153 1154/1154/1154 1158/1158/1158
f 1155/1155/1155 1156/1156/1156 1160/1160/1160
f 1157/1157/1157 1158/1158/1158 1162/1162/1162
f 1159/1159/1159 1160/1160/1160 1164/1164/1164
f 1161/1161/1161 1162/1162/1162 1166/1166/1166
f 1163/1163/1163 1164/1164/1164 1168/1168/1168
f 1165/1165/1165 1166/1166/1166 1170/1170/1170
f 1167/1167/1167 1168/1168/1168 1172/1172/1172
f 1169/1169/1169 1170/1170/1170 1174/1174/1174
f 1171/1171/1171 1172/1172/1172 1176/1176/1176
f 1173/1173/1173 1174/1174/1174 1178/1178/1178
f 1175/1175/1175 1176/1176/1176 1180/1180/1180
f 1177/1177/1177 1178/1178/1178 1182/1182/1182
f 1179/1179/1179 1180/1180/1180 1184/1184/1184
f 1181/1181/1181 1182/1182/1182 1186/1186/1186
f 1183/1183/1183 1184/1184/1184 1188/1188/1188
f 1185/1185/1185 1186/1186/1186 1190/1190/1190
f 1187/1187/1187 1188/1188/1188 1192/1192/1192
f 1189/1189/1189 1190/1190/1190 1194/1194/1194
f 1191/1191/1191 1192/1192/1192 1196/1196/1196
f 1193/1193/1193 1194/1194/1194 1198/1198/1198
f 1195/1195/1195 1196/1196/1196 1200/1200/1200
f 1197/1197/1197 1198/1198/1198 1202/1202/1202
f 1199/1199/1199 1200/1200/1200 1204/1204/1204
f 1201/1201/1201 1202/1202/1202 1206/1206/1206
f 1203/1203/1203 1204/1204/1204 1208/1208/1208
f 1205/1205/1205 1206/1206/1206 1210/1210/1210
f 1207/1207/1207 1208/1208/1208 1212/1212/1212
f 1209/1209/1209 1210/1210/1210 1214/1214/1214
f 1211/1211/1211 1212/1212/1212 1216/1216/1216
f 1213/1213/1213 1214/1214/1214 1218/1218/1218
f 1215/1215/1215 1216/1216/1216 1220/1220/1220
f 1217/1217/1217 1218/1218/1218 1222/1222/1222
f 1219/1219/1219 1220/1220/1220 1224/1224/1224
f 1221/1221/1221 1222/1222/1222 1226/1226/1226
f 1223/1223/1223 1224/1224/1224 1228/1228/1228
f 1225/1225/1225 1226/1226/1226 1230/1230/1230
f 1227/1227/1227 1228/1228/1228 1232/1232/1232
f 1229/1229/1229 1230/1230/1230 1234/1234/1234
f 1231/1231/1231 1232/1232/1232 1236/1236/1236
f 1233/1233/1233 1234/1234/1234 1238/1238/1238
f 1235/1235/1235 1236/1236/1236 1240/1240/1240
f 1237/1237/1237 1238/1238/1238 1242/1242/1242
f 1239/1239/1239 1240/1240/1240 1244/1244/1244
f 1245/1245/1245 1115/1115/1115 1121/1121/1121
f 1247/1247/1247 1118/1118/1118 1123/1123/1123
f 1249/1249/1249 1121/1121/1121 1125/1125/1125
f 1250/1250/1250 1123/1123/1123 1127/1127/1127
f 1251/1251/1251 1125/1125/1125 1129/1129/1129
f 1252/1252/1252 1127/1127/1127 1131/1131/1131
f 1253/1253/1253 1129/1129/1129 1133/1133/1133
f 1254/1254/1254 1131/1131/1131 1135/1135/1135
f 1255/1255/1255 1133/1133/1133 1137/1137/1137
f 1256/1256/1256 1135/1135/1135 1139/1139/1139
f 1257/1257/1257 1137/1137/1137 1141/1141/1141
f 1258/1258/1258 1139/1139/1139 1143/1143/1143
f 1259/1259/1259 1141/1141/1141 1145/1145/1145
f 1260/1260/1260 1143/1143/1143 1147/1147/1147
f 1261/1261/1261 1145/1145/1145 1149/1149/1149
f 1262/1262/1262 1147/1147/1147 1151/1151/1151
f 1263/1263/1263 1149/1149/1149 1153/1153/1153
f 1264/1264/1264 1151/1151/1151 1155/1155/1155
f 1265/1265/1265 1153/1153/1153 1157/1157/1157
f 1266/1266/1266 1155/1155/1155 1159/1159/1159
f 1267/1267/1267 1157/1157/1157 1161/1161/1161
f 1268/1268/1268 1159/1159/1159 1163/1163/1163
f 1269/1269/1269 1161/1161/1161 1165/1165/1165
f 1270/1270/1270 1163/1163/1163 1167/1167/1167
f 1271/1271/1271 1165/1165/1165 1169/1169/1169
f 1272/1272/1272 1167/1167/1167 1171/1171/1171
f 1273/1273/1273 1169/1169/1169 1173/1173/1173
f 1274/1274/1274 1171/1171/1171 1175/1175/1175
f 1275/1275/1275 1173/1173/1173 1177/1177/1177
f 1276/1276/1276 1175/1175/1175 1179/1179/1179
f 1277/1277/1277 1177/1177/1177 1181/1181/1181
f 1278/1278/1278 1179/1179/1179 1183/1183/1183
f 1279/1279/1279 1181/1181/1181 1185/1185/1185
f 1280/1280/1280 1183/1183/1183 1187/1187/1187
f 1281/1281/1281 1185/1185/1185 1189/1189/1189
f 1282/1282/1282 1187/1187/1187 1191/1191/1191
f 1283/1283/1283 1189/1189/1189 1193/1193/1193
f 1284/1284/1284 1191/1191/1191 1195/1195/1195
f 1285/1285/1285 1193/1193/1193 1197/1197/1197
f 1286/1286/1286 1195/1195/1195 1199/1199/1199
f 1287/1287/1287 1197/1197/1197 1201/1201/1201
f 1288/1288/1288 1199/1199/1199 1203/1203/1203
f 1289/1289/1289 1201/1201/1201 1205/1205/1205
f 1290/1290/1290 1203/1203/1203 1207/1207/1207
f 1291/1291/1291 1205/1205/1205 1209/1209/1209
f 1292/1292/1292 1207/1207/1207 1211/1211/1211
f 1293/1293/1293 1209/1209/1209 1213/1213/1213
f 1294/1294/1294 1211/1211/1211 1215/1215/1215
f 1295/1295/1295 1213/1213/1213 1217/1217/1217
f 1296/1296/1296 1215/1215/1215 1219/1219/1219
f 1297/1297/1297 1217/1217/1217 1221/1221/1221
f 1298/1298/1298 1219/1219/1219 1223/1223/1223
f 1299/1299/1299 1221/1221/1221 1225/1225/1225
f 1300/1300/1300 1223/1223/1223 1227/1227/1227
f 1301/1301/1301 1225/1225/1225 1229/1229/1229
f 1302/1302/1302 1227/1227/1227 1231/1231/1231
f 1303/1303/1303 1229/1229/1229 1233/1233/1233
f 1304/1304/1304 1231/1231/1231 1235/1235/1235
f 1305/1305/1305 1233/1233/1233 1237/1237/1237
f 1306/1306/1306 1235/1235/1235 1239/1239/1239
f 1307/1307/1307 1237/1237/1237 1241/1241/1241
f 1308/1308/1308 1239/1239/1239 1243/1243/1243
f 1311/1311/1311 1313/1313/1313 1318/1318/1318
f 1314/1314/1314 1316/1316/1316 1320/1320/1320
f 1317/1317/1317 1318/1318/1318 1322/1322/1322
f 1319/1319/1319 1320/1320/1320 1324/1324/1324
f 1321/1321/1321 1322/1322/1322 1326/1326/1326
f 1323/1323/1323 1324/1324/1324 1328/1328/1328
f 1325/1325/1325 1326/1326/1326 1330/1330/1330
f 1327/1327/1327 1328/1328/1328 1332/1332/1332
f 1329/1329/1329 1330/1330/1330 1334/1334/1334
f 1331/1331/1331 1332/1332/1332 1336/1336/1336
f 1333/1333/1333 1334/1334/1334 1338/1338/1338
f 1335/1335/1335 1336/1336/1336 1340/1340/1340
f 1337/1337/1337 1338/1338/1338 1342/1342/1342
f 1339/1339/1339 1340/1340/1340 1344/1344/1344
f 1341/1341/1341 1342/1342/1342 1346/1346/1346
f 1343/1343/1343 1344/1344/1344 1348/1348/1348
f 1345/1345/1345 1346/1346/1346 1350/1350/1350
f 1347/1347/1347 1348/1348/1348 1352/1352/1352
f 1349/1349/1349 1350/1350/1350 1354/1354/1354
f 1351/1351/1351 1352/1352/1352 1356/1356/1356
f 1353/1353/1353 1354/1354/1354 1358/1358/1358
f 1355/1355/1355 1356/1356/1356 1360/1360/1360
f 1357/1357/1357 1358/1358/1358 1362/1362/1362
f 1359/1359/1359 1360/1360/1360 1364/1364/1364
f 1361/1361/1361 1362/1362/1362 1366/1366/1366
f 1363/1363/1363 1364/1364/1364 1368/1368/1368
f 1365/1365/1365 1366/1366/1366 1370/1370/1370
f 1367/1367/1367 1368/1368/1368 1372/1372/1372
f 1369/1369/1369 1370/1370/1370 1374/1374/1374
f 1371/1371/1371 1372/1372/1372 1376/1376/1376
f 1373/1373/1373 1374/1374/1374 1378/1378/1378
f 1375/1375/1375 1376/1376/1376 1380/1380/1380
f 1377/1377/1377 1378/1378/1378 1382/1382/1382
f 1379/1379/1379 1380/1380/1380 1384/1384/1384
f 1381/1381/1381 1382/1382/1382 1386/1386/1386
f 1383/1383/1383 1384/1384/1384 1388/1388/1388
f 1385/1385/1385 1386/1386/1386 1390/1390/1390
f 1387/1387/1387 1388/1388/1388 1392/1392/1392
f 1389/1389/1389 1390/1390/1390 1394/1394/1394
f 1391/1391/1391 1392/1392/1392 1396/1396/1396
f 1393/1393/1393 1394/1394/1394 1398/1398/1398
f 1395/1395/1395 1396/1396/1396 1400/1400/1400
f 1397/1397/1397 1398/1398/1398 1402/1402/1402
f 1399/1399/1399 1400/1400/1400 1404/1404/1404
f 1401/1401/1401 1402/1402/1402 1406/1406/1406
f 1403/1403/1403 1404/1404/1404 1408/1408/1408
f 1405/1405/1405 1406/1406/1406 1410/1410/1410
f 1407/1407/1407 1408/1408/1408 1412/1412/1412
f 1409/1409/1409 1410/1410/1410 1414/1414/1414
f 1411/1411/1411 1412/1412/1412 1416/1416/1416
f 1413/1413/1413 1414/1414/1414 1418/1418/1418
f 1415/1415/1415 1416/1416/1416 1420/1420/1420
f 1417/1417/1417 1418/1418/1418 1422/1422/1422
f 1419/1419/1419 1420/1420/1420 1424/1424/1424
f 1421/1421/1421 1422/1422/1422 1426/1426/1426
f 1423/1423/1423 1424/1424/1424 1428/1428/1428
f 1425/1425/1425 1426/1426/1426 1430/1430/1430
f 1427/1427/1427 1428/1428/1428 1432/1432/1432
f 1429/1429/1429 1430/1430/1430 1434/1434/1434
f 1431/1431/1431 1432/1432/1432 1436/1436/1436
f 1433/1433/1433 1434/1434/1434 1438/1438/1438
f 1435/1435/1435 1436/1436/1436 1440/1440/1440
f 1441/1441/1441 1311/1311/1311 1317/1317/1317
f 1443/1443/1443 1314/1314/1314 1319/1319/1319
f 1445/1445/1445 1317/1317/1317 1321/1321/1321
f 1446/1446/1446 1319/1319/1319 1323/1323/1323
f 1447/1447/1447 1321/1321/1321 1325/1325/1325
f 1448/1448/1448 1323/1323/1323 1327/1327/1327
f 1449/1449/1449 1325/1325/1325 1329/1329/1329
f 1450/1450/1450 1327/1327/1327 1331/1331/1331
f 1451/1451/1451 1329/1329/1329 1333/1333/1333
f 1452/1452/1452 1331/1331/1331 1335/1335/1335
f 1453/1453/1453 1333/1333/1333 1337/1337/1337
f 1454/1454/1454 1335/1335/1335 1339/1339/1339
f 1455/1455/1455 1337/1337/1337 1341/1341/1341
f 1456/1456/1456 1339/1339/1339 1343/1343/1343
f 1457/1457/1457 1341/1341/1341 1345/1345/1345
f 1458/1458/1458 1343/1343/1343 1347/1347/1347
f 1459/1459/1459 1345/1345/1345 1349/1349/1349
f 1460/1460/1460 1347/1347/1347 1351/1351/1351
f 1461/1461/1461 1349/1349/1349 1353/1353/1353
f 1462/1462/1462 1351/1351/1351 1355/1355/1355
f 1463/1463/1463 1353/1353/1353 1357/1357/1357
f 1464/1464/1464 1355/1355/1355 1359/1359/1359
f 1465/1465/1465 1357/1357/1357 1361/1361/1361
f 1466/1466/1466 1359/1359/1359 1363/1363/1363
f 1467/1467/1467 1361/1361/1361 1365/1365/1365
f 1468/1468/1468 1363/1363/1363 1367/1367/1367
f 1469/1469/1469 1365/1365/1365 1369/1369/1369
f 1470/1470/1470 1367/1367/1367 1371/1371/1371
f 1471/1471/1471 1369/1369/1369 1373/1373/1373
f 1472/1472/1472 1371/1371/1371 1375/1375/1375
f 1473/1473/1473 1373/1373/1373 1377/1377/1377
f 1474/1474/1474 1375/1375/1375 1379/1379/1379
f 1475/1475/1475 1377/1377/1377 1381/1381/1381
f 1476/1476/1476 1379/1379/1379 1383/1383/1383
f 1477/1477/1477 1381/1381/1381 1385/1385/1385
f 1478/1478/1478 1383/1383/1383 1387/1387/1387
f 1479/1479/1479 1385/1385/1385 1389/1389/1389
f 1480/1480/1480 1387/1387/1387 1391/1391/1391
f 1481/1481/1481 1389/1389/1389 1393/1393/1393
f 1482/1482/1482 1391/1391/1391 1395/1395/1395
f 1483/1483/1483 1393/1393/1393 1397/1397/1397
f 1484/1484/1484 1395/1395/1395 1399/1399/1399
f 1485/1485/1485 1397/1397/1397 1401/1401/1401
f 1486/1486/1486 1399/1399/1399 1403/1403/1403
f 1487/1487/1487 1401/1401/1401 1405/1405/1405
f 1488/1488/1488 1403/1403/1403 1407/1407/1407
f 1489/1489/1489 1405/1405/1405 1409/1409/1409
f 1490/1490/1490 1407/1407/1407 1411/1411/1411
f 1491/1491/1491 1409/1409/1409 1413/1413/1413
f 1492/1492/1492 1411/1411/1411 1415/1415/1415
f 1493/1493/1493 1413/1413/1413 1417/1417/1417
f 1494/1494/1494 1415/1415/1415 1419/1419/1419
f 1495/1495/1495 1417/1417/1417 1421/1421/1421
f 1496/1496/1496 1419/1419/1419 1423/1423/1423
f 1497/1497/1497 1421/1421/1421 1425/1425/1425
f 1498/1498/1498 1423/1423/1423 1427/1427/1427
f 1499/1499/1499 1425/1425/1425 1429/1429/1429
f 1500/1500/1500 1427/1427/1427 1431/1431/1431
f 1501/1501/1501 1429/1429/1429 1433/1433/1433
f 1502/1502/1502 1431/1431/1431 1435/1435/1435
f 1503/1503/1503 1433/1433/1433 1437/1437/1437
f 1504/1504/1504 1435/1435/1435 1439/1439/1439
f 1514/1514/1514 1508/1508/1508 1507/1507/1507
f 1516/1516/1516 1511/1511/1511 1510/1510/1510
f 1518/1518/1518 1514/1514/1514 1513/1513/1513
f 1520/1520/1520 1516/1516/1516 1515/1515/1515
f 1522/1522/1522 1518/1518/1518 1517/1517/1517
f 1524/1524/1524 1520/1520/1520 1519/1519/1519
f 1526/1526/1526 1522/1522/1522 1521/1521/1521
f 1528/1528/1528 1524/1524/1524 1523/1523/1523
f 1530/1530/1530 1526/1526/1526 1525/1525/1525
f 1532/1532/1532 1528/1528/1528 1527/1527/1527
f 1534/1534/1534 1530/1530/1530 1529/1529/1529
f 1536/1536/1536 1532/1532/1532 1531/1531/1531
f 1538/1538/1538 1534/1534/1534 1533/1533/1533
f 1540/1540/1540 1536/1536/1536 1535/1535/1535
f 1542/1542/1542 1538/1538/1538 1537/1537/1537
f 1544/1544/1544 1540/1540/1540 1539/1539/1539
f 1546/1546/1546 1542/1542/1542 1541/1541/1541
f 1548/1548/1548 1544/1544/1544 1543/1543/1543
f 1550/1550/1550 1546/1546/1546 1545/1545/1545
f 1552/1552/1552 1548/1548/1548 1547/1547/1547
f 1554/1554/1554 1550/1550/1550 1549/1549/1549
f 1556/1556/1556 1552/1552/1552 1551/1551/1551
f 1558/1558/1558 1554/1554/1554 1553/1553/1553
f 1560/1560/1560 1556/1556/1556 1555/1555/1555
f 1562/1562/1562 1558/1558/1558 1557/1557/1557
f 1564/1564/1564 1560/1560/1560 1559/1559/1559
f 1566/1566/1566 1562/1562/1562 1561/1561/1561
f 1568/1568/1568 1564/1564/1564 1563/1563/1563
f 1570/1570/1570 1566/1566/1566 1565/1565/1565
f 1572/1572/1572 1568/1568/1568 1567/1567/1567
f 1574/1574/1574 1570/1570/1570 1569/1569/1569
f 1576/1576/1576 1572/1572/1572 1571/1571/1571
f 1578/1578/1578 1574/1574/1574 1573/1573/1573
f 1580/1580/1580 1576/1576/1576 1575/1575/1575
f 1582/1582/1582 1578/1578/1578 1577/1577/1577
f 1584/1584/1584 1580/1580/1580 1579/1579/1579
f 1586/1586/1586 1582/1582/1582 1581/1581/1581
f 1588/1588/1588 1584/1584/1584 1583/1583/1583
f 1590/1590/1590 1586/1586/1586 1585/1585/1585
f 1592/1592/1592 1588/1588/1588 1587/1587/1587
f 1594/1594/1594 1590/1590/1590 1589/1589/1589
f 1596/1596/1596 1592/1592/1592 1591/1591/1591
f 1598/1598/1598 1594/1594/1594 1593/1593/1593
f 1600/1600/1600 1596/1596/1596 1595/1595/1595
f 1602/1602/1602 1598/1598/1598 1597/1597/1597
f 1604/1604/1604 1600/1600/1600 1599/1599/1599
f 1606/1606/1606 1602/1602/1602 1601/1601/1601
f 1608/1608/1608 1604/1604/1604 1603/1603/1603
f 1610/1610/1610 1606/1606/1606 1605/1605/1605
f 1612/1612/1612 1608/1608/1608 1607/1607/1607
f 1614/1614/1614 1610/1610/1610 1609/1609/1609
f 1616/1616/1616 1612/1612/1612 1611/1611/1611
f 1618/1618/1618 1614/1614/1614 1613/1613/1613
f 1620/1620/1620 1616/1616/1616 1615/1615/1615
f 1622/1622/1622 1618/1618/1618 1617/1617/1617
f 1624/1624/1624 1620/1620/1620 1619/1619/1619
f 1626/1626/1626 1622/1622/1622 1621/1621/1621
f 1628/1628/1628 1624/1624/1624 1623/1623/1623
f 1630/1630/1630 1626/1626/1626 1625/1625/1625
f 1632/1632/1632 1628/1628/1628 1627/1627/1627
f 1634/1634/1634 1630/1630/1630 1629/1629/1629
f 1636/1636/1636 1632/1632/1632 1631/1631/1631
f 1513/1513/1513 1507/1507/1507 1637/1637/1637
f 1515/1515/1515 1510/1510/1510 1639/1639/1639
f 1517/1517/1517 1513/1513/1513 1641/1641/1641
f 1519/1519/1519 1515/1515/1515 1642/1642/1642
f 1521/1521/1521 1517/1517/1517 1643/1643/1643
f 1523/1523/1523 1519/1519/1519 1644/1644/1644
f 1525/1525/1525 1521/1521/1521 1645/1645/1645
f 1527/1527/1527 1523/1523/1523 1646/1646/1646
f 1529/1529/1529 1525/1525/1525 1647/1647/1647
f 1531/1531/1531 1527/1527/1527 1648/1648/1648
f 1533/1533/1533 1529/1529/1529 1649/1649/1649
f 1535/1535/1535 1531/1531/1531 1650/1650/1650
f 1537/1537/1537 1533/1533/1533 1651/1651/1651
f 1539/1539/1539 1535/1535/1535 1652/1652/1652
f 1541/1541/1541 1537/1537/1537 1653/1653/1653
f 1543/1543/1543 1539/1539/1539 1654/1654/1654
f 1545/1545/1545 1541/1541/1541 1655/1655/1655
f 1547/1547/1547 1543/1543/1543 1656/1656/1656
f 1549/1549/1549 1545/1545/1545 1657/1657/1657
f 1551/1551/1551 1547/1547/1547 1658/1658/1658
f 1553/1553/1553 1549/1549/1549 1659/1659/1659
f 1555/1555/1555 1551/1551/1551 1660/1660/1660
f 1557/1557/1557 1553/1553/1553 1661/1661/1661
f 1559/1559/1559 1555/1555/1555 1662/1662/1662
f 1561/1561/1561 1557/1557/1557 1663/1663/1663
f 1563/1563/1563 1559/1559/1559 1664/1664/1664
f 1565/1565/1565 1561/1561/1561 1665/1665/1665
f 1567/1567/1567 1563/1563/1563 1666/1666/1666
f 1569/1569/1569 1565/1565/1565 1667/1667/1667
f 1571/1571/1571 1567/1567/1567 1668/1668/1668
f 1573/1573/1573 1569/1569/1569 1669/1669/1669
f 1575/1575/1575 1571/1571/1571 1670/1670/1670
f 1577/1577/1577 1573/1573/1573 1671/1671/1671
f 1579/1579/1579 1575/1575/1575 1672/1672/1672
f 1581/1581/1581 1577/1577/1577 1673/1673/1673
f 1583/1583/1583 1579/1579/1579 1674/1674/1674
f 1585/1585/1585 1581/1581/1581 1675/1675/1675
f 1587/1587/1587 1583/1583/1583 1676/1676/1676
f 1589/1589/1589 1585/1585/1585 1677/1677/1677
f 1591/1591/1591 1587/1587/1587 1678/1678/1678
f 1593/1593/1593 1589/1589/1589 1679/1679/1679
f 1595/1595/1595 1591/1591/1591 1680/1680/1680
f 1597/1597/1597 1593/1593/1593 1681/1681/1681
f 1599/1599/1599 1595/1595/1595 1682/1682/1682
f 1601/1601/1601 1597/1597/1597 1683/1683/1683
f 1603/1603/1603 1599/1599/1599 1684/1684/1684
f 1605/1605/1605 1601/1601/1601 1685/1685/1685
f 1607/1607/1607 1603/1603/1603 1686/1686/1686
f 1609/1609/1609 1605/1605/1605 1687/1687/1687
f 1611/1611/1611 1607/1607/1607 1688/1688/1688
f 1613/1613/1613 1609/1609/1609 1689/1689/1689
f 1615/1615/1615 1611/1611/1611 1690/1690/1690
f 1617/1617/1617 1613/1613/1613 1691/1691/1691
f 1619/1619/1619 1615/1615/1615 1692/1692/1692
f 1621/1621/1621 1617/1617/1617 1693/1693/1693
f 1623/1623/1623 1619/1619/1619 1694/1694/1694
f 1625/1625/1625 1621/1621/1621 1695/1695/1695
f 1627/1627/1627 1623/1623/1623 1696/1696/1696
f 1629/1629/1629 1625/1625/1625 1697/1697/1697
f 1631/1631/1631 1627/1627/1627 1698/1698/1698
f 1633/1633/1633 1629/1629/1629 1699/1699/1699
f 1635/1635/1635 1631/1631/1631 1700/1700/1700
f 1710/1710/1710 1704/1704/1704 1703/1703/1703
f 1712/1712/1712 1707/1707/1707 1706/1706/1706
f 1714/1714/1714 1710/1710/1710 1709/1709/1709
f 1716/1716/1716 1712/1712/1712 1711/1711/1711
f 1718/1718/1718 1714/1714/1714 1713/1713/1713
f 1720/1720/1720 1716/1716/1716 1715/1715/1715
f 1722/1722/1722 1718/1718/1718 1717/1717/1717
f 1724/1724/1724 1720/1720/1720 1719/1719/1719
f 1726/1726/1726 1722/1722/1722 1721/1721/1721
f 1728/1728/1728 1724/1724/1724 1723/1723/1723
f 1730/1730/1730 1726/1726/1726 1725/1725/1725
f 1732/1732/1732 1728/1728/1728 1727/1727/1727
f 1734/1734/1734 1730/1730/1730 1729/1729/1729
f 1736/1736/1736 1732/1732/1732 1731/1731/1731
f 1738/1738/1738 1734/1734/1734 1733/1733/1733
f 1740/1740/1740 1736/1736/1736 1735/1735/1735
f 1742/1742/1742 1738/1738/1738 1737/1737/1737
f 1744/1744/1744 1740/1740/1740 1739/1739/1739
f 1746/1746/1746 1742/1742/1742 1741/1741/1741
f 1748/1748/1748 1744/1744/1744 1743/1743/1743
f 1750/1750/1750 1746/1746/1746 1745/1745/1745
f 1752/1752/1752 1748/1748/1748 1747/1747/1747
f 1754/1754/1754 1750/1750/1750 1749/1749/1749
f 1756/1756/1756 1752/1752/1752 1751/1751/1751
f 1758/1758/1758 1754/1754/1754 1753/1753/1753
f 1760/1760/1760 1756/1756/1756 1755/1755/1755
f 1762/1762/1762 1758/1758/1758 1757/1757/1757
f 1764/1764/1764 1760/1760/1760 1759/1759/1759
f 1766/1766/1766 1762/1762/1762 1761/1761/1761
f 1768/1768/1768 1764/1764/1764 1763/1763/1763
f 1770/1770/1770 1766/1766/1766 1765/1765/1765
f 1772/1772/1772 1768/1768/1768 1767/1767/1767
f 1774/1774/1774 1770/1770/1770 1769/1769/1769
f 1776/1776/1776 1772/1772/1772 1771/1771/1771
f 1778/1778/1778 1774/1774/1774 1773/1773/1773
f 1780/1780/1780 1776/1776/1776 1775/1775/1775
f 1782/1782/1782 1778/1778/1778 1777/1777/1777
f 1784/1784/1784 1780/1780/1780 1779/1779/1779
f 1786/1786/1786 1782/1782/1782 1781/1781/1781
f 1788/1788/1788 1784/1784/1784 1783/1783/1783
f 1790/1790/1790 1786/1786/1786 1785/1785/1785
f 1792/1792/1792 1788/1788/1788 1787/1787/1787
f 1794/1794/1794 1790/1790/1790 1789/1789/1789
f 1796/1796/1796 1792/1792/1792 1791/1791/1791
f 1798/1798/1798 1794/1794/1794 1793/1793/1793
f 1800/1800/1800 1796/1796/1796 1795/1795/1795
f 1802/1802/1802 1798/1798/1798 1797/1797/1797
f 1804/1804/1804 1800/1800/1800 1799/1799/1799
f 1806/1806/1806 1802/1802/1802 1801/1801/1801
f 1808/1808/1808 1804/1804/1804 1803/1803/1803
f 1810/1810/1810 1806/1806/1806 1805/1805/1805
f 1812/1812/1812 1808/1808/1808 1807/1807/1807
f 1814/1814/1814 1810/1810/1810 1809/1809/1809
f 1816/1816/1816 1812/1812/1812 1811/1811/1811
f 1818/1818/1818 1814/1814/1814 1813/1813/1813
f 1820/1820/1820 1816/1816/1816 1815/1815/1815
f 1822/1822/1822 1818/1818/1818 1817/1817/1817
f 1824/1824/1824 1820/1820/1820 1819/1819/1819
f 1826/1826/1826 1822/1822/1822 1821/1821/1821
f 1828/1828/1828 1824/1824/1824 1823/1823/1823
f 1830/1830/1830 1826/1826/1826 1825/1825/1825
f 1832/1832/1832 1828/1828/1828 1827/1827/1827
f 1709/1709/1709 1703/1703/1703 1833/1833/1833
f 1711/1711/1711 1706/1706/1706 1835/1835/1835
f 1713/1713/1713 1709/1709/1709 1837/1837/1837
f 1715/1715/1715 1711/1711/1711 1838/1838/1838
f 1717/1717/1717 1713/1713/1713 1839/1839/1839
f 1719/1719/1719 1715/1715/1715 1840/1840/1840
f 1721/1721/1721 1717/1717/1717 1841/1841/1841
f 1723/1723/1723 1719/1719/1719 1842/1842/1842
f 1725/1725/1725 1721/1721/1721 1843/1843/1843
f 1727/1727/1727 1723/1723/1723 1844/1844/1844
f 1729/1729/1729 1725/1725/1725 1845/1845/1845
f 1731/1731/1731 1727/1727/1727 1846/1846/1846
f 1733/1733/1733 1729/1729/1729 1847/1847/1847
f 1735/1735/1735 1731/1731/1731 1848/1848/1848
f 1737/1737/1737 1733/1733/1733 1849/1849/1849
f 1739/1739/1739 1735/1735/1735 1850/1850/1850
f 1741/1741/1741 1737/1737/1737 1851/1851/1851
f 1743/1743/1743 1739/1739/1739 1852/1852/1852
f 1745/1745/1745 1741/1741/1741 1853/1853/1853
f 1747/1747/1747 1743/1743/1743 1854/1854/1854
f 1749/1749/1749 1745/1745/1745 1855/1855/1855
f 1751/1751/1751 1747/1747/1747 1856/1856/1856
f 1753/1753/1753 1749/1749/1749 1857/1857/1857
f 1755/1755/1755 1751/1751/1751 1858/1858/1858
f 1757/1757/1757 1753/1753/1753 1859/1859/1859
f 1759/1759/1759 1755/1755/1755 1860/1860/1860
f 1761/1761/1761 1757/1757/1757 1861/1861/1861
f 1763/1763/1763 1759/1759/1759 1862/1862/1862
f 1765/1765/1765 1761/1761/1761 1863/1863/1863
f 1767/1767/1767 1763/1763/1763 1864/1864/1864
f 1769/1769/1769 1765/1765/1765 1865/1865/1865
f 1771/1771/1771 1767/1767/1767 1866/1866/1866
f 1773/1773/1773 1769/1769/1769 1867/1867/1867
f 1775/1775/1775 1771/1771/1771 1868/1868/1868
f 1777/1777/1777 1773/1773/1773 1869/1869/1869
f 1779/1779/1779 1775/1775/1775 1870/1870/1870
f 1781/1781/1781 1777/1777/1777 1871/1871/1871
f 1783/1783/1783 1779/1779/1779 1872/1872/1872
f 1785/1785/1785 1781/1781/1781 1873/1873/1873
f 1787/1787/1787 1783/1783/1783 1874/1874/1874
f 1789/1789/1789 1785/1785/1785 1875/1875/1875
f 1791/1791/1791 1787/1787/1787 1876/1876/1876
f 1793/1793/1793 1789/1789/1789 1877/1877/1877
f 1795/1795/1795 1791/1791/1791 1878/1878/1878
f 1797/1797/1797 1793/1793/1793 1879/1879/1879
f 1799/1799/1799 1795/1795/1795 1880/1880/1880
f 1801/1801/1801 1797/1797/1797 1881/1881/1881
f 1803/1803/1803 1799/1799/1799 1882/1882/1882
f 1805/1805/1805 1801/1801/1801 1883/1883/1883
f 1807/1807/1807 1803/1803/1803 1884/1884/1884
f 1809/1809/1809 1805/1805/1805 1885/1885/1885
f 1811/1811/1811 1807/1807/1807 1886/1886/1886
f 1813/1813/1813 1809/1809/1809 1887/1887/1887
f 1815/1815/1815 1811/1811/1811 1888/1888/1888
f 1817/1817/1817 1813/1813/1813 1889/1889/1889
f 1819/1819/1819 1815/1815/1815 1890/1890/1890
f 1821/1821/1821 1817/1817/1817 1891/1891/1891
f 1823/1823/1823 1819/1819/1819 1892/1892/1892
f 1825/1825/1825 1821/1821/1821 1893/1893/1893
f 1827/1827/1827 1823/1823/1823 1894/1894/1894
f 1829/1829/1829 1825/1825/1825 1895/1895/1895
f 1831/1831/1831 1827/1827/1827 1896/1896/1896
f 1899/1899/1899 1901/1901/1901 1906/1906/1906
f 1902/1902/1902 1904/1904/1904 1908/1908/1908
f 1905/1905/1905 1906/1906/1906 1910/1910/1910
f 1907/1907/1907 1908/1908/1908 1912/1912/1912
f 1909/1909/1909 1910/1910/1910 1914/1914/1914
f 1911/1911/1911 1912/1912/1912 1916/1916/1916
f 1913/1913/1913 1914/1914/1914 1918/1918/1918
f 1915/1915/1915 1916/1916/1916 1920/1920/1920
f 1917/1917/1917 1918/1918/1918 1922/1922/1922
f 1919/1919/1919 1920/1920/1920 1924/1924/1924
f 1921/1921/1921 1922/1922/1922 1926/1926/1926
f 1923/1923/1923 1924/1924/1924 1928/1928/1928
f 1925/1925/1925 1926/1926/1926 1930/1930/1930
f 1927/1927/1927 1928/1928/1928 1932/1932/1932
f 1929/1929/1929 1930/1930/1930 1934/1934/1934
f 1931/1931/1931 1932/1932/1932 1936/1936/1936
f 1933/1933/1933 1934/1934/1934 1938/1938/1938
f 1935/1935/1935 1936/1936/1936 1940/1940/1940
f 1937/1937/1937 1938/1938/1938 1942/1942/1942
f 1939/1939/1939 1940/1940/1940 1944/1944/1944
f 1941/1941/1941 1942/1942/1942 1946/1946/1946
f 1943/1943/1943 1944/1944/1944 1948/1948/1948
f 1945/1945/1945 1946/1946/1946 1950/1950/1950
f 1947/1947/1947 1948/1948/1948 1952/1952/1952
f 1949/1949/1949 1950/1950/1950 1954/1954/1954
f 1951/1951/1951 1952/1952/1952 1956/1956/1956
f 1953/1953/1953 1954/1954/1954 1958/1958/1958
f 1955/1955/1955 1956/1956/1956 1960/1960/1960
f 1957/1957/1957 1958/1958/1958 1962/1962/1962
f 1959/1959/1959 1960/1960/1960 1964/1964/1964
f 1961/1961/1961 1962/1962/1962 1966/1966/1966
f 1963/1963/1963 1964/1964/1964 1968/1968/1968
f 1965/1965/1965 1966/1966/1966 1970/1970/1970
f 1967/1967/1967 1968/1968/1968 1972/1972/1972
f 1969/1969/1969 1970/1970/1970 1974/1974/1974
f 1971/1971/1971 1972/1972/1972 1976/1976/1976
f 1973/1973/1973 1974/1974/1974 1978/1978/1978
f 1975/1975/1975 1976/1976/1976 1980/1980/1980
f 1977/1977/1977 1978/1978/1978 1982/1982/1982
f 1979/1979/1979 1980/1980/1980 1984/1984/1984
f 1981/1981/1981 1982/1982/1982 1986/1986/1986
f 1983/1983/1983 1984/1984/1984 1988/1988/1988
f 1985/1985/1985 1986/1986/1986 1990/1990/1990
f 1987/1987/1987 1988/1988/1988 1992/1992/1992
f 1989/1989/1989 1990/1990/1990 1994/1994/1994
f 1991/1991/1991 1992/1992/1992 1996/1996/1996
f 1993/1993/1993 1994/1994/1994 1998/1998/1998
f 1995/1995/1995 1996/1996/1996 2000/2000/2000
f 1997/1997/1997 1998/1998/1998 2002/2002/2002
f 1999/1999/1999 2000/2000/2000 2004/2004/2004
f 2001/2001/2001 2002/2002/2002 2006/2006/2006
f 2003/2003/2003 2004/2004/2004 2008/2008/2008
f 2005/2005/2005 2006/2006/2006 2010/2010/2010
f 2007/2007/2007 2008/2008/2008 2012/2012/2012
f 2009/2009/2009 2010/2010/2010 2014/2014/2014
f 2011/2011/2011 2012/2012/2012 2016/2016/2016
f 2013/2013/2013 2014/2014/2014 2018/2018/2018
f 2015/2015/2015 2016/2016/2016 2020/2020/2020
f 2017/2017/2017 2018/2018/2018 2022/2022/2022
f 2019/2019/2019 2020/2020/2020 2024/2024/2024
f 2021/2021/2021 2022/2022/2022 2026/2026/2026
f 2023/2023/2023 2024/2024/2024 2028/2028/2028
f 2029/2029/2029 1899/1899/1899 1905/1905/1905
f 2031/2031/2031 1902/1902/1902 1907/1907/1907
f 2033/2033/2033 1905/1905/1905 1909/1909/1909
f 2034/2034/2034 1907/1907/1907 1911/1911/1911
f 2035/2035/2035 1909/1909/1909 1913/1913/1913
f 2036/2036/2036 1911/1911/1911 1915/1915/1915
f 2037/2037/2037 1913/1913/1913 1917/1917/1917
f 2038/2038/2038 1915/1915/1915 1919/1919/1919
f 2039/2039/2039 1917/1917/1917 1921/1921/1921
f 2040/2040/2040 1919/1919/1919 1923/1923/1923
f 2041/2041/2041 1921/1921/1921 1925/1925/1925
f 2042/2042/2042 1923/1923/1923 1927/1927/1927
f 2043/2043/2043 1925/1925/1925 1929/1929/1929
f 2044/2044/2044 1927/1927/1927 1931/1931/1931
f 2045/2045/2045 1929/1929/1929 1933/1933/1933
f 2046/2046/2046 1931/1931/1931 1935/1935/1935
f 2047/2047/2047 1933/1933/1933 1937/1937/1937
f 2048/2048/2048 1935/1935/1935 1939/1939/1939
f 2049/2049/2049 1937/1937/1937 1941/1941/1941
f 2050/2050/2050 1939/1939/1939 1943/1943/1943
f 2051/2051/2051 1941/1941/1941 1945/1945/1945
f 2052/2052/2052 1943/1943/1943 1947/1947/1947
f 2053/2053/2053 1945/1945/1945 1949/1949/1949
f 2054/2054/2054 1947/1947/1947 1951/1951/1951
f 2055/2055/2055 1949/1949/1949 1953/1953/1953
f 2056/2056/2056 1951/1951/1951 1955/1955/1955
f 2057/2057/2057 1953/1953/1953 1957/1957/1957
f 2058/2058/2058 1955/1955/1955 1959/1959/1959
f 2059/2059/2059 1957/1957/1957 1961/1961/1961
f 2060/2060/2060 1959/1959/1959 1963/1963/1963
f 2061/2061/2061 1961/1961/1961 1965/1965/1965
f 2062/2062/2062 1963/1963/1963 1967/1967/1967
f 2063/2063/2063 1965/1965/1965 1969/1969/1969
f 2064/2064/2064 1967/1967/1967 1971/1971/1971
f 2065/2065/2065 1969/1969/1969 1973/1973/1973
f 2066/2066/2066 1971/1971/1971 1975/1975/1975
f 2067/2067/2067 1973/1973/1973 1977/1977/1977
f 2068/2068/2068 1975/1975/1975 1979/1979/1979
f 2069/2069/2069 1977/1977/1977 1981/1981/1981
f 2070/2070/2070 1979/1979/1979 1983/1983/1983
f 2071/2071/2071 1981/1981/1981 1985/1985/1985
f 2072/2072/2072 1983/1983/1983 1987/1987/1987
f 2073/2073/2073 1985/1985/1985 1989/1989/1989
f 2074/2074/2074 1987/1987/1987 1991/1991/1991
f 2075/2075/2075 1989/1989/1989 1993/1993/1993
f 2076/2076/2076 1991/1991/1991 1995/1995/1995
f 2077/2077/2077 1993/1993/1993 1997/1997/1997
f 2078/2078/2078 1995/1995/1995 1999/1999/1999
f 2079/2079/2079 1997/1997/1997 2001/2001/2001
f 2080/2080/2080 1999/1999/1999 2003/2003/2003
f 2081/2081/2081 2001/2001/2001 2005/2005/2005
f 2082/2082/2082 2003/2003/2003 2007/2007/2007
f 2083/2083/2083 2005/2005/2005 2009/2009/2009
f 2084/2084/2084 2007/2007/2007 2011/2011/2011
f 2085/2085/2085 2009/2009/2009 2013/2013/2013
f 2086/2086/2086 2011/2011/2011 2015/2015/2015
f 2087/2087/2087 2013/2013/2013 2017/2017/2017
f 2088/2088/2088 2015/2015/2015 2019/2019/2019
f 2089/2089/2089 2017/2017/2017 2021/2021/2021
f 2090/2090/2090 2019/2019/2019 2023/2023/2023
f 2091/2091/2091 2021/2021/2021 2025/2025/2025
f 2092/2092/2092 2023/2023/2023 2027/2027/2027
f 2095/2095/2095 2097/2097/2097 2098/2098/2098
f 2099/2099/2099 2101/2101/2101 2102/2102/2102
f 2103/2103/2103 2105/2105/2105 2106/2106/2106
f 2107/2107/2107 2109/2109/2109 2110/2110/2110
f 2111/2111/2111 2113/2113/2113 2114/2114/2114
f 2115/2115/2115 2117/2117/2117 2118/2118/2118
f 2119/2119/2119 2121/2121/2121 2122/2122/2122
f 2123/2123/2123 2125/2125/2125 2126/2126/2126
f 2127/2127/2127 2129/2129/2129 2130/2130/2130
f 2131/2131/2131 2133/2133/2133 2134/2134/2134
f 2135/2135/2135 2137/2137/2137 2138/2138/2138
f 2139/2139/2139 2141/2141/2141 2142/2142/2142
f 2143/2143/2143 2145/2145/2145 2146/2146/2146
f 2147/2147/2147 2149/2149/2149 2150/2150/2150
f 2151/2151/2151 2153/2153/2153 2154/2154/2154
f 2155/2155/2155 2157/2157/2157 2158/2158/2158
f 2159/2159/2159 2161/2161/2161 2162/2162/2162
f 2163/2163/2163 2165/2165/2165 2166/2166/2166
f 2167/2167/2167 2169/2169/2169 2170/2170/2170
f 2171/2171/2171 2173/2173/2173 2174/2174/2174
f 2175/2175/2175 2177/2177/2177 2178/2178/2178
f 2179/2179/2179 2181/2181/2181 2182/2182/2182
f 2183/2183/2183 2185/2185/2185 2186/2186/2186
f 2187/2187/2187 2189/2189/2189 2190/2190/2190
f 2191/2191/2191 2193/2193/2193 2194/2194/2194
f 2195/2195/2195 2197/2197/2197 2198/2198/2198
f 2199/2199/2199 2201/2201/2201 2202/2202/2202
f 2203/2203/2203 2205/2205/2205 2206/2206/2206
f 2207/2207/2207 2209/2209/2209 2210/2210/2210
f 2211/2211/2211 2213/2213/2213 2214/2214/2214
f 2215/2215/2215 2217/2217/2217 2218/2218/2218
f 2219/2219/2219 2221/2221/2221 2222/2222/2222
f 2223/2223/2223 2225/2225/2225 2226/2226/2226
f 2227/2227/2227 2229/2229/2229 2230/2230/2230
f 2231/2231/2231 2233/2233/2233 2234/2234/2234
f 2235/2235/2235 2237/2237/2237 2238/2238/2238
f 2239/2239/2239 2241/2241/2241 2242/2242/2242
f 2243/2243/2243 2245/2245/2245 2246/2246/2246
f 2247/2247/2247 2249/2249/2249 2250/2250/2250
f 2251/2251/2251 2253/2253/2253 2254/2254/2254
f 2255/2255/2255 2257/2257/2257 2258/2258/2258
f 2259/2259/2259 2261/2261/2261 2262/2262/2262
f 2263/2263/2263 2265/2265/2265 2266/2266/2266
f 2267/2267/2267 2269/2269/2269 2270/2270/2270
f 2271/2271/2271 2273/2273/2273 2274/2274/2274
f 2275/2275/2275 2277/2277/2277 2278/2278/2278
f 2279/2279/2279 2281/2281/2281 2282/2282/2282
f 2283/2283/2283 2285/2285/2285 2286/2286/2286
f 2287/2287/2287 2289/2289/2289 2290/2290/2290
f 2291/2291/2291 2293/2293/2293 2294/2294/2294
f 2295/2295/2295 2297/2297/2297 2298/2298/2298
f 2299/2299/2299 2301/2301/2301 2302/2302/2302
f 2303/2303/2303 2305/2305/2305 2306/2306/2306
f 2307/2307/2307 2309/2309/2309 2310/2310/2310
f 2311/2311/2311 2313/2313/2313 2314/2314/2314
f 2315/2315/2315 2317/2317/2317 2318/2318/2318
f 2319/2319/2319 2321/2321/2321 2322/2322/2322
f 2323/2323/2323 2325/2325/2325 2326/2326/2326
f 2327/2327/2327 2329/2329/2329 2330/2330/2330
f 2331/2331/2331 2333/2333/2333 2334/2334/2334
f 2335/2335/2335 2337/2337/2337 2338/2338/2338
f 2339/2339/2339 2341/2341/2341 2342/2342/2342
f 2343/2343/2343 2345/2345/2345 2346/2346/2346
f 2347/2347/2347 2349/2349/2349 2350/2350/2350
f 2351/2351/2351 2353/2353/2353 2354/2354/2354
f 2355/2355/2355 2357/2357/2357 2358/2358/2358
f 2359/2359/2359 2361/2361/2361 2362/2362/2362
f 2363/2363/2363 2365/2365/2365 2366/2366/2366
f 2367/2367/2367 2369/2369/2369 2370/2370/2370
f 2371/2371/2371 2373/2373/2373 2374/2374/2374
f 2375/2375/2375 2377/2377/2377 2378/2378/2378
f 2379/2379/2379 2381/2381/2381 2382/2382/2382
f 2383/2383/2383 2385/2385/2385 2386/2386/2386
f 2387/2387/2387 2389/2389/2389 2390/2390/2390
f 2391/2391/2391 2393/2393/2393 2394/2394/2394
f 2395/2395/2395 2397/2397/2397 2398/2398/2398
f 2399/2399/2399 2401/2401/2401 2402/2402/2402
f 2403/2403/2403 2405/2405/2405 2406/2406/2406
f 2407/2407/2407 2409/2409/2409 2410/2410/2410
f 2411/2411/2411 2413/2413/2413 2414/2414/2414
f 2415/2415/2415 2417/2417/2417 2418/2418/2418
f 2419/2419/2419 2421/2421/2421 2422/2422/2422
f 2423/2423/2423 2425/2425/2425 2426/2426/2426
f 2427/2427/2427 2429/2429/2429 2430/2430/2430
f 2431/2431/2431 2433/2433/2433 2434/2434/2434
f 2435/2435/2435 2437/2437/2437 2438/2438/2438
f 2439/2439/2439 2441/2441/2441 2442/2442/2442
f 2443/2443/2443 2445/2445/2445 2446/2446/2446
f 2447/2447/2447 2449/2449/2449 2450/2450/2450
f 2451/2451/2451 2453/2453/2453 2454/2454/2454
f 2455/2455/2455 2457/2457/2457 2458/2458/2458
f 2459/2459/2459 2461/2461/2461 2462/2462/2462
f 2463/2463/2463 2465/2465/2465 2466/2466/2466
f 2467/2467/2467 2469/2469/2469 2470/2470/2470
f 2471/2471/2471 2473/2473/2473 2474/2474/2474
f 2475/2475/2475 2477/2477/2477 2478/2478/2478
f 2479/2479/2479 2481/2481/2481 2482/2482/2482
f 2483/2483/2483 2485/2485/2485 2486/2486/2486
f 2487/2487/2487 2489/2489/2489 2490/2490/2490
f 2491/2491/2491 2493/2493/2493 2494/2494/2494
f 2495/2495/2495 2497/2497/2497 2498/2498/2498
f 2499/2499/2499 2501/2501/2501 2502/2502/2502
f 2503/2503/2503 2505/2505/2505 2506/2506/2506
f 2507/2507/2507 2509/2509/2509 2510/2510/2510
f 2511/2511/2511 2513/2513/2513 2514/2514/2514
f 2515/2515/2515 2517/2517/2517 2518/2518/2518
f 2519/2519/2519 2521/2521/2521 2522/2522/2522
f 2523/2523/2523 2525/2525/2525 2526/2526/2526
f 2527/2527/2527 2529/2529/2529 2530/2530/2530
f 2531/2531/2531 2533/2533/2533 2534/2534/2534
f 2535/2535/2535 2537/2537/2537 2538/2538/2538
f 2539/2539/2539 2541/2541/2541 2542/2542/2542
f 2543/2543/2543 2545/2545/2545 2546/2546/2546
f 2547/2547/2547 2549/2549/2549 2550/2550/2550
f 2551/2551/2551 2553/2553/2553 2554/2554/2554
f 2555/2555/2555 2557/2557/2557 2558/2558/2558
f 2559/2559/2559 2561/2561/2561 2562/2562/2562
f 2563/2563/2563 2565/2565/2565 2566/2566/2566
f 2567/2567/2567 2569/2569/2569 2570/2570/2570
f 2571/2571/2571 2573/2573/2573 2574/2574/2574
f 2575/2575/2575 2577/2577/2577 2578/2578/2578
f 2579/2579/2579 2581/2581/2581 2582/2582/2582
f 2583/2583/2583 2585/2585/2585 2586/2586/2586
f 2587/2587/2587 2589/2589/2589 2590/2590/2590
f 2591/2591/2591 2593/2593/2593 2594/2594/2594
f 2595/2595/2595 2597/2597/2597 2598/2598/2598
f 2599/2599/2599 2601/2601/2601 2602/2602/2602
f 2603/2603/2603 2605/2605/2605 2606/2606/2606
f 2607/2607/2607 2609/2609/2609 2610/2610/2610
f 2611/2611/2611 2613/2613/2613 2614/2614/2614
f 2615/2615/2615 2617/2617/2617 2618/2618/2618
f 2619/2619/2619 2621/2621/2621 2622/2622/2622
f 2623/2623/2623 2625/2625/2625 2626/2626/2626
f 2627/2627/2627 2629/2629/2629 2630/2630/2630
f 2631/2631/2631 2633/2633/2633 2634/2634/2634
f 2635/2635/2635 2637/2637/2637 2638/2638/2638
f 2639/2639/2639 2641/2641/2641 2642/2642/2642
f 2643/2643/2643 2645/2645/2645 2646/2646/2646
f 2647/2647/2647 2649/2649/2649 2650/2650/2650
f 2651/2651/2651 2653/2653/2653 2654/2654/2654
f 2655/2655/2655 2657/2657/2657 2658/2658/2658
f 2659/2659/2659 2661/2661/2661 2662/2662/2662
f 2663/2663/2663 2665/2665/2665 2666/2666/2666
f 2667/2667/2667 2669/2669/2669 2670/2670/2670
f 2671/2671/2671 2673/2673/2673 2674/2674/2674
f 2675/2675/2675 2677/2677/2677 2678/2678/2678
f 2679/2679/2679 2681/2681/2681 2682/2682/2682
f 2683/2683/2683 2685/2685/2685 2686/2686/2686
f 2687/2687/2687 2689/2689/2689 2690/2690/2690
f 2691/2691/2691 2693/2693/2693 2694/2694/2694
f 2695/2695/2695 2697/2697/2697 2698/2698/2698
f 2699/2699/2699 2701/2701/2701 2702/2702/2702
f 2703/2703/2703 2705/2705/2705 2706/2706/2706
f 2707/2707/2707 2709/2709/2709 2710/2710/2710
f 2711/2711/2711 2713/2713/2713 2714/2714/2714
f 2715/2715/2715 2717/2717/2717 2718/2718/2718
f 2719/2719/2719 2721/2721/2721 2722/2722/2722
f 2723/2723/2723 2725/2725/2725 2726/2726/2726
f 2727/2727/2727 2729/2729/2729 2730/2730/2730
f 2731/2731/2731 2733/2733/2733 2734/2734/2734
f 2735/2735/2735 2737/2737/2737 2738/2738/2738
f 2739/2739/2739 2741/2741/2741 2742/2742/2742
f 2743/2743/2743 2745/2745/2745 2746/2746/2746
f 2747/2747/2747 2749/2749/2749 2750/2750/2750
f 2751/2751/2751 2753/2753/2753 2754/2754/2754
f 2755/2755/2755 2757/2757/2757 2758/2758/2758
f 2759/2759/2759 2761/2761/2761 2762/2762/2762
f 2763/2763/2763 2765/2765/2765 2766/2766/2766
f 2767/2767/2767 2769/2769/2769 2770/2770/2770
f 2771/2771/2771 2773/2773/2773 2774/2774/2774
f 2775/2775/2775 2777/2777/2777 2778/2778/2778
f 2779/2779/2779 2781/2781/2781 2782/2782/2782
f 2783/2783/2783 2785/2785/2785 2786/2786/2786
f 2787/2787/2787 2789/2789/2789 2790/2790/2790
f 2791/2791/2791 2793/2793/2793 2794/2794/2794
f 2795/2795/2795 2797/2797/2797 2798/2798/2798
f 2799/2799/2799 2801/2801/2801 2802/2802/2802
f 2803/2803/2803 2805/2805/2805 2806/2806/2806
f 2807/2807/2807 2809/2809/2809 2810/2810/2810
f 2811/2811/2811 2813/2813/2813 2814/2814/2814
f 2815/2815/2815 2817/2817/2817 2818/2818/2818
f 2819/2819/2819 2821/2821/2821 2822/2822/2822
f 2823/2823/2823 2825/2825/2825 2826/2826/2826
f 2827/2827/2827 2829/2829/2829 2830/2830/2830
f 2831/2831/2831 2833/2833/2833 2834/2834/2834
f 2835/2835/2835 2837/2837/2837 2838/2838/2838
f 2839/2839/2839 2841/2841/2841 2842/2842/2842
f 2843/2843/2843 2845/2845/2845 2846/2846/2846
f 2847/2847/2847 2849/2849/2849 2850/2850/2850
f 2851/2851/2851 2853/2853/2853 2854/2854/2854
f 2855/2855/2855 2857/2857/2857 2858/2858/2858
f 2859/2859/2859 2861/2861/2861 2862/2862/2862
f 2863/2863/2863 2865/2865/2865 2866/2866/2866
f 2867/2867/2867 2869/2869/2869 2870/2870/2870
f 2871/2871/2871 2873/2873/2873 2874/2874/2874
f 2875/2875/2875 2877/2877/2877 2878/2878/2878
f 2879/2879/2879 2881/2881/2881 2882/2882/2882
f 2883/2883/2883 2885/2885/2885 2886/2886/2886
f 2887/2887/2887 2889/2889/2889 2890/2890/2890
f 2891/2891/2891 2893/2893/2893 2894/2894/2894
f 2895/2895/2895 2897/2897/2897 2898/2898/2898
f 2899/2899/2899 2901/2901/2901 2902/2902/2902
f 2903/2903/2903 2905/2905/2905 2906/2906/2906
f 2907/2907/2907 2909/2909/2909 2910/2910/2910
f 2911/2911/2911 2913/2913/2913 2914/2914/2914
f 2915/2915/2915 2917/2917/2917 2918/2918/2918
f 2919/2919/2919 2921/2921/2921 2922/2922/2922
f 2923/2923/2923 2925/2925/2925 2926/2926/2926
f 2927/2927/2927 2929/2929/2929 2930/2930/2930
f 2931/2931/2931 2933/2933/2933 2934/2934/2934
f 2935/2935/2935 2937/2937/2937 2938/2938/2938
f 2939/2939/2939 2941/2941/2941 2942/2942/2942
f 2943/2943/2943 2945/2945/2945 2946/2946/2946
f 2947/2947/2947 2949/2949/2949 2950/2950/2950
f 2951/2951/2951 2953/2953/2953 2954/2954/2954
f 2955/2955/2955 2957/2957/2957 2958/2958/2958
f 2959/2959/2959 2961/2961/2961 2962/2962/2962
f 2963/2963/2963 2965/2965/2965 2966/2966/2966
f 2967/2967/2967 2969/2969/2969 2970/2970/2970
f 2971/2971/2971 2973/2973/2973 2974/2974/2974
f 2975/2975/2975 2977/2977/2977 2978/2978/2978
f 2979/2979/2979 2981/2981/2981 2982/2982/2982
f 2983/2983/2983 2985/2985/2985 2986/2986/2986
f 2987/2987/2987 2989/2989/2989 2990/2990/2990
f 2991/2991/2991 2993/2993/2993 2994/2994/2994
f 2995/2995/2995 2997/2997/2997 2998/2998/2998
f 2999/2999/2999 3001/3001/3001 3002/3002/3002
f 3003/3003/3003 3005/3005/3005 3006/3006/3006
f 3007/3007/3007 3009/3009/3009 3010/3010/3010
f 3011/3011/3011 3013/3013/3013 3014/3014/3014
f 3015/3015/3015 3017/3017/3017 3018/3018/3018
f 3019/3019/3019 3021/3021/3021 3022/3022/3022
f 3023/3023/3023 3025/3025/3025 3026/3026/3026
f 3027/3027/3027 3029/3029/3029 3030/3030/3030
f 3031/3031/3031 3033/3033/3033 3034/3034/3034
f 3035/3035/3035 3037/3037/3037 3038/3038/3038
f 3039/3039/3039 3041/3041/3041 3042/3042/3042
f 3043/3043/3043 3045/3045/3045 3046/3046/3046
f 3047/3047/3047 3049/3049/3049 3050/3050/3050
f 3051/3051/3051 3053/3053/3053 3054/3054/3054
f 3055/3055/3055 3057/3057/3057 3058/3058/3058
f 3059/3059/3059 3061/3061/3061 3062/3062/3062
f 3063/3063/3063 3065/3065/3065 3066/3066/3066
f 3067/3067/3067 3069/3069/3069 3070/3070/3070
f 3071/3071/3071 3073/3073/3073 3074/3074/3074
f 3075/3075/3075 3077/3077/3077 3078/3078/3078
f 3079/3079/3079 3081/3081/3081 3082/3082/3082
f 3083/3083/3083 3085/3085/3085 3086/3086/3086
f 3087/3087/3087 3089/3089/3089 3090/3090/3090
f 3091/3091/3091 3093/3093/3093 3094/3094/3094
f 3095/3095/3095 3097/3097/3097 3098/3098/3098
f 3099/3099/3099 3101/3101/3101 3102/3102/3102
f 3103/3103/3103 3105/3105/3105 3106/3106/3106
f 3107/3107/3107 3109/3109/3109 3110/3110/3110
f 3111/3111/3111 3113/3113/3113 3114/3114/3114
f 3115/3115/3115 3117/3117/3117 3118/3118/3118
f 3119/3119/3119 3121/3121/3121 3122/3122/3122
f 3123/3123/3123 3125/3125/3125 3126/3126/3126
f 3127/3127/3127 3129/3129/3129 3130/3130/3130
f 3131/3131/3131 3133/3133/3133 3134/3134/3134
f 3135/3135/3135 3137/3137/3137 3138/3138/3138
f 3139/3139/3139 3141/3141/3141 3142/3142/3142
f 3143/3143/3143 3145/3145/3145 3146/3146/3146
f 3147/3147/3147 3149/3149/3149 3150/3150/3150
f 3151/3151/3151 3153/3153/3153 3154/3154/3154
f 3155/3155/3155 3157/3157/3157 3158/3158/3158
f 3159/3159/3159 3161/3161/3161 3162/3162/3162
f 3163/3163/3163 3165/3165/3165 3166/3166/3166
f 3167/3167/3167 3169/3169/3169 3170/3170/3170
f 3171/3171/3171 3173/3173/3173 3174/3174/3174
f 3175/3175/3175 3177/3177/3177 3178/3178/3178
f 3179/3179/3179 3181/3181/3181 3182/3182/3182
f 3183/3183/3183 3185/3185/3185 3186/3186/3186
f 3187/3187/3187 3189/3189/3189 3190/3190/3190
f 3191/3191/3191 3193/3193/3193 3194/3194/3194
f 3195/3195/3195 3197/3197/3197 3198/3198/3198
f 3199/3199/3199 3201/3201/3201 3202/3202/3202
f 3203/3203/3203 3205/3205/3205 3206/3206/3206
f 3207/3207/3207 3209/3209/3209 3210/3210/3210
f 3211/3211/3211 3213/3213/3213 3214/3214/3214
f 3215/3215/3215 3217/3217/3217 3218/3218/3218
f 3219/3219/3219 3221/3221/3221 3222/3222/3222
f 3223/3223/3223 3225/3225/3225 3226/3226/3226
f 3227/3227/3227 3229/3229/3229 3230/3230/3230
f 3231/3231/3231 3233/3233/3233 3234/3234/3234
f 3235/3235/3235 3237/3237/3237 3238/3238/3238
f 3239/3239/3239 3241/3241/3241 3242/3242/3242
f 3243/3243/3243 3245/3245/3245 3246/3246/3246
f 3247/3247/3247 3249/3249/3249 3250/3250/3250
f 3251/3251/3251 3253/3253/3253 3254/3254/3254
f 3255/3255/3255 3257/3257/3257 3258/3258/3258
f 3259/3259/3259 3261/3261/3261 3262/3262/3262
f 3263/3263/3263 3265/3265/3265 3266/3266/3266
f 3267/3267/3267 3269/3269/3269 3270/3270/3270
f 3271/3271/3271 3273/3273/3273 3274/3274/3274
f 3275/3275/3275 3277/3277/3277 3278/3278/3278
f 3279/3279/3279 3281/3281/3281 3282/3282/3282
f 3283/3283/3283 3285/3285/3285 3286/3286/3286
f 3287/3287/3287 3289/3289/3289 3290/3290/3290
f 3291/3291/3291 3293/3293/3293 3294/3294/3294
f 3295/3295/3295 3297/3297/3297 3298/3298/3298
f 3299/3299/3299 3301/3301/3301 3302/3302/3302
f 3303/3303/3303 3305/3305/3305 3306/3306/3306
f 3307/3307/3307 3309/3309/3309 3310/3310/3310
f 3311/3311/3311 3313/3313/3313 3314/3314/3314
f 3315/3315/3315 3317/3317/3317 3318/3318/3318
f 3319/3319/3319 3321/3321/3321 3322/3322/3322
f 3323/3323/3323 3325/3325/3325 3326/3326/3326
f 3327/3327/3327 3329/3329/3329 3330/3330/3330
f 3331/3331/3331 3333/3333/3333 3334/3334/3334
f 3335/3335/3335 3337/3337/3337 3338/3338/3338
f 3339/3339/3339 3341/3341/3341 3342/3342/3342
f 3343/3343/3343 3345/3345/3345 3346/3346/3346
f 3347/3347/3347 3349/3349/3349 3350/3350/3350
f 3351/3351/3351 3353/3353/3353 3354/3354/3354
f 3355/3355/3355 3357/3357/3357 3358/3358/3358
f 3359/3359/3359 3361/3361/3361 3362/3362/3362
f 3363/3363/3363 3365/3365/3365 3366/3366/3366
f 3367/3367/3367 3369/3369/3369 3370/3370/3370
f 3371/3371/3371 3373/3373/3373 3374/3374/3374
f 3375/3375/3375 3377/3377/3377 3378/3378/3378
f 3379/3379/3379 3381/3381/3381 3382/3382/3382
f 3383/3383/3383 3385/3385/3385 3386/3386/3386
f 3387/3387/3387 3389/3389/3389 3390/3390/3390
f 3391/3391/3391 3393/3393/3393 3394/3394/3394
f 3395/3395/3395 3397/3397/3397 3398/3398/3398
f 3399/3399/3399 3401/3401/3401 3402/3402/3402
f 3403/3403/3403 3405/3405/3405 3406/3406/3406
f 3407/3407/3407 3409/3409/3409 3410/3410/3410
f 3411/3411/3411 3413/3413/3413 3414/3414/3414
f 3415/3415/3415 3417/3417/3417 3418/3418/3418
f 3419/3419/3419 3421/3421/3421 3422/3422/3422
f 3423/3423/3423 3425/3425/3425 3426/3426/3426
f 3427/3427/3427 3429/3429/3429 3430/3430/3430
f 3431/3431/3431 3433/3433/3433 3434/3434/3434
f 3435/3435/3435 3437/3437/3437 3438/3438/3438
f 3439/3439/3439 3441/3441/3441 3442/3442/3442
f 3443/3443/3443 3445/3445/3445 3446/3446/3446
f 3447/3447/3447 3449/3449/3449 3450/3450/3450
f 3451/3451/3451 3453/3453/3453 3454/3454/3454
f 3455/3455/3455 3457/3457/3457 3458/3458/3458
f 3459/3459/3459 3461/3461/3461 3462/3462/3462
f 3463/3463/3463 3465/3465/3465 3466/3466/3466
f 3467/3467/3467 3469/3469/3469 3470/3470/3470
f 3471/3471/3471 3473/3473/3473 3474/3474/3474
f 3475/3475/3475 3477/3477/3477 3478/3478/3478
f 3479/3479/3479 3481/3481/3481 3482/3482/3482
f 3483/3483/3483 3485/3485/3485 3486/3486/3486
f 3487/3487/3487 3489/3489/3489 3490/3490/3490
f 3491/3491/3491 3493/3493/3493 3494/3494/3494
f 3495/3495/3495 3497/3497/3497 3498/3498/3498
f 3499/3499/3499 3501/3501/3501 3502/3502/3502
f 3503/3503/3503 3505/3505/3505 3506/3506/3506
f 3507/3507/3507 3509/3509/3509 3510/3510/3510
f 3511/3511/3511 3513/3513/3513 3514/3514/3514
f 3515/3515/3515 3517/3517/3517 3518/3518/3518
f 3519/3519/3519 3521/3521/3521 3522/3522/3522
f 3523/3523/3523 3525/3525/3525 3526/3526/3526
f 3527/3527/3527 3529/3529/3529 3530/3530/3530
f 3531/3531/3531 3533/3533/3533 3534/3534/3534
f 3535/3535/3535 3537/3537/3537 3538/3538/3538
f 3539/3539/3539 3541/3541/3541 3542/3542/3542
f 3543/3543/3543 3545/3545/3545 3546/3546/3546
f 3547/3547/3547 3549/3549/3549 3550/3550/3550
f 3551/3551/3551 3553/3553/3553 3554/3554/3554
f 3555/3555/3555 3557/3557/3557 3558/3558/3558
f 3559/3559/3559 3561/3561/3561 3562/3562/3562
f 3563/3563/3563 3565/3565/3565 3566/3566/3566
f 3567/3567/3567 3569/3569/3569 3570/3570/3570
f 3571/3571/3571 3573/3573/3573 3574/3574/3574
f 3575/3575/3575 3577/3577/3577 3578/3578/3578
f 3579/3579/3579 3581/3581/3581 3582/3582/3582
f 3583/3583/3583 3585/3585/3585 3586/3586/3586
f 3587/3587/3587 3589/3589/3589 3590/3590/3590
f 3591/3591/3591 3593/3593/3593 3594/3594/3594
f 3595/3595/3595 3597/3597/3597 3598/3598/3598
f 3599/3599/3599 3601/3601/3601 3602/3602/3602
f 3603/3603/3603 3605/3605/3605 3606/3606/3606
f 3607/3607/3607 3609/3609/3609 3610/3610/3610
f 3611/3611/3611 3613/3613/3613 3614/3614/3614
f 3615/3615/3615 3617/3617/3617 3618/3618/3618
f 3619/3619/3619 3621/3621/3621 3622/3622/3622
f 3623/3623/3623 3625/3625/3625 3626/3626/3626
f 3627/3627/3627 3629/3629/3629 3630/3630/3630
f 3631/3631/3631 3633/3633/3633 3634/3634/3634
f 3635/3635/3635 3637/3637/3637 3638/3638/3638
f 3639/3639/3639 3641/3641/3641 3642/3642/3642
f 3643/3643/3643 3645/3645/3645 3646/3646/3646
f 3647/3647/3647 3649/3649/3649 3650/3650/3650
f 3651/3651/3651 3653/3653/3653 3654/3654/3654
f 3655/3655/3655 3657/3657/3657 3658/3658/3658
f 3659/3659/3659 3661/3661/3661 3662/3662/3662
f 3663/3663/3663 3665/3665/3665 3666/3666/3666
f 3667/3667/3667 3669/3669/3669 3670/3670/3670
f 3671/3671/3671 3673/3673/3673 3674/3674/3674
f 3675/3675/3675 3677/3677/3677 3678/3678/3678
f 3679/3679/3679 3681/3681/3681 3682/3682/3682
f 3683/3683/3683 3685/3685/3685 3686/3686/3686
f 3687/3687/3687 3689/3689/3689 3690/3690/3690
f 3691/3691/3691 3693/3693/3693 3694/3694/3694
f 3695/3695/3695 3697/3697/3697 3698/3698/3698
f 3699/3699/3699 3701/3701/3701 3702/3702/3702
f 3703/3703/3703 3705/3705/3705 3706/3706/3706
f 3707/3707/3707 3709/3709/3709 3710/3710/3710
f 3711/3711/3711 3713/3713/3713 3714/3714/3714
f 3715/3715/3715 3717/3717/3717 3718/3718/3718
f 3719/3719/3719 3721/3721/3721 3722/3722/3722
f 3723/3723/3723 3725/3725/3725 3726/3726/3726
f 3727/3727/3727 3729/3729/3729 3730/3730/3730
f 3731/3731/3731 3733/3733/3733 3734/3734/3734
f 3735/3735/3735 3737/3737/3737 3738/3738/3738
f 3739/3739/3739 3741/3741/3741 3742/3742/3742
f 3743/3743/3743 3745/3745/3745 3746/3746/3746
f 3747/3747/3747 3749/3749/3749 3750/3750/3750
f 3751/3751/3751 3753/3753/3753 3754/3754/3754
f 3755/3755/3755 3757/3757/3757 3758/3758/3758
f 3759/3759/3759 3761/3761/3761 3762/3762/3762
f 3763/3763/3763 3765/3765/3765 3766/3766/3766
f 3767/3767/3767 3769/3769/3769 3770/3770/3770
f 3771/3771/3771 3773/3773/3773 3774/3774/3774
f 3775/3775/3775 3777/3777/3777 3778/3778/3778
f 3779/3779/3779 3781/3781/3781 3782/3782/3782
f 3783/3783/3783 3785/3785/3785 3786/3786/3786
f 3787/3787/3787 3789/3789/3789 3790/3790/3790
f 3791/3791/3791 3793/3793/3793 3794/3794/3794
f 3795/3795/3795 3797/3797/3797 3798/3798/3798
f 3799/3799/3799 3801/3801/3801 3802/3802/3802
f 3803/3803/3803 3805/3805/3805 3806/3806/3806
f 3807/3807/3807 3809/3809/3809 3810/3810/3810
f 3811/3811/3811 3813/3813/3813 3814/3814/3814
f 3815/3815/3815 3817/3817/3817 3818/3818/3818
f 3819/3819/3819 3821/3821/3821 3822/3822/3822
f 3823/3823/3823 3825/3825/3825 3826/3826/3826
f 3827/3827/3827 3829/3829/3829 3830/3830/3830
f 3831/3831/3831 3833/3833/3833 3834/3834/3834
f 3835/3835/3835 3837/3837/3837 3838/3838/3838
f 3839/3839/3839 3841/3841/3841 3842/3842/3842
f 3843/3843/3843 3845/3845/3845 3846/3846/3846
f 3847/3847/3847 3849/3849/3849 3850/3850/3850
f 3851/3851/3851 3853/3853/3853 3854/3854/3854
f 3855/3855/3855 3857/3857/3857 3858/3858/3858
f 3859/3859/3859 3861/3861/3861 3862/3862/3862
f 3863/3863/3863 3865/3865/3865 3866/3866/3866
f 3867/3867/3867 3869/3869/3869 3870/3870/3870
f 3871/3871/3871 3873/3873/3873 3874/3874/3874
f 3875/3875/3875 3877/3877/3877 3878/3878/3878
f 3879/3879/3879 3881/3881/3881 3882/3882/3882
f 3883/3883/3883 3885/3885/3885 3886/3886/3886
f 3887/3887/3887 3889/3889/3889 3890/3890/3890
f 3891/3891/3891 3893/3893/3893 3894/3894/3894
f 3895/3895/3895 3897/3897/3897 3898/3898/3898
f 3899/3899/3899 3901/3901/3901 3902/3902/3902
f 3903/3903/3903 3905/3905/3905 3906/3906/3906
f 3907/3907/3907 3909/3909/3909 3910/3910/3910
f 3911/3911/3911 3913/3913/3913 3914/3914/3914
f 3915/3915/3915 3917/3917/3917 3918/3918/3918
f 3919/3919/3919 3921/3921/3921 3922/3922/3922
f 3923/3923/3923 3925/3925/3925 3926/3926/3926
f 3927/3927/3927 3929/3929/3929 3930/3930/3930
f 3931/3931/3931 3933/3933/3933 3934/3934/3934
f 3935/3935/3935 3937/3937/3937 3938/3938/3938
f 3939/3939/3939 3941/3941/3941 3942/3942/3942
f 3943/3943/3943 3945/3945/3945 3946/3946/3946
f 3947/3947/3947 3949/3949/3949 3950/3950/3950
f 3951/3951/3951 3953/3953/3953 3954/3954/3954
f 3955/3955/3955 3957/3957/3957 3958/3958/3958
f 3959/3959/3959 3961/3961/3961 3962/3962/3962
f 3963/3963/3963 3965/3965/3965 3966/3966/3966
f 3967/3967/3967 3969/3969/3969 3970/3970/3970
f 3971/3971/3971 3973/3973/3973 3974/3974/3974
f 3975/3975/3975 3977/3977/3977 3978/3978/3978
f 3979/3979/3979 3981/3981/3981 3982/3982/3982
f 3983/3983/3983 3985/3985/3985 3986/3986/3986
f 3987/3987/3987 3989/3989/3989 3990/3990/3990
f 3991/3991/3991 3993/3993/3993 3994/3994/3994
f 3995/3995/3995 3997/3997/3997 3998/3998/3998
f 3999/3999/3999 4001/4001/4001 4002/4002/4002
f 4003/4003/4003 4005/4005/4005 4006/4006/4006
f 4007/4007/4007 4009/4009/4009 4010/4010/4010
f 4011/4011/4011 4013/4013/4013 4014/4014/4014
f 4015/4015/4015 4017/4017/4017 4018/4018/4018
f 4019/4019/4019 4021/4021/4021 4022/4022/4022
f 4023/4023/4023 4025/4025/4025 4026/4026/4026
f 4027/4027/4027 4029/4029/4029 4030/4030/4030
f 4031/4031/4031 4033/4033/4033 4034/4034/4034
f 4035/4035/4035 4037/4037/4037 4038/4038/4038
f 4039/4039/4039 4041/4041/4041 4042/4042/4042
f 4043/4043/4043 4045/4045/4045 4046/4046/4046
f 4047/4047/4047 4049/4049/4049 4050/4050/4050
f 4051/4051/4051 4053/4053/4053 4054/4054/4054
f 4055/4055/4055 4057/4057/4057 4058/4058/4058
f 4059/4059/4059 4061/4061/4061 4062/4062/4062
f 4063/4063/4063 4065/4065/4065 4066/4066/4066
f 4067/4067/4067 4069/4069/4069 4070/4070/4070
f 4071/4071/4071 4073/4073/4073 4074/4074/4074
f 4075/4075/4075 4077/4077/4077 4078/4078/4078
f 4079/4079/4079 4081/4081/4081 4082/4082/4082
f 4083/4083/4083 4085/4085/4085 4086/4086/4086
f 4087/4087/4087 4089/4089/4089 4090/4090/4090
f 4091/4091/4091 4093/4093/4093 4094/4094/4094
f 4095/4095/4095 4097/4097/4097 4098/4098/4098
f 4099/4099/4099 4101/4101/4101 4102/4102/4102
f 4103/4103/4103 4105/4105/4105 4106/4106/4106
f 4107/4107/4107 4109/4109/4109 4110/4110/4110
f 4111/4111/4111 4113/4113/4113 4114/4114/4114
f 4115/4115/4115 4117/4117/4117 4118/4118/4118
f 4119/4119/4119 4121/4121/4121 4122/4122/4122
f 4123/4123/4123 4125/4125/4125 4126/4126/4126
f 4127/4127/4127 4129/4129/4129 4130/4130/4130
f 4131/4131/4131 4133/4133/4133 4134/4134/4134
f 4135/4135/4135 4137/4137/4137 4138/4138/4138
f 4139/4139/4139 4141/4141/4141 4142/4142/4142
f 4143/4143/4143 4145/4145/4145 4146/4146/4146
f 4147/4147/4147 4149/4149/4149 4150/4150/4150
f 4151/4151/4151 4153/4153/4153 4154/4154/4154
f 4155/4155/4155 4157/4157/4157 4158/4158/4158
f 4159/4159/4159 4161/4161/4161 4162/4162/4162
f 4163/4163/4163 4165/4165/4165 4166/4166/4166
f 4167/4167/4167 4169/4169/4169 4170/4170/4170
f 4171/4171/4171 4173/4173/4173 4174/4174/4174
f 4175/4175/4175 4177/4177/4177 4178/4178/4178
f 4179/4179/4179 4181/4181/4181 4182/4182/4182
f 4183/4183/4183 4185/4185/4185 4186/4186/4186
f 4187/4187/4187 4189/4189/4189 4190/4190/4190
f 4191/4191/4191 4193/4193/4193 4194/4194/4194
f 4195/4195/4195 4197/4197/4197 4198/4198/4198
f 4199/4199/4199 4201/4201/4201 4202/4202/4202
f 4203/4203/4203 4205/4205/4205 4206/4206/4206
f 4207/4207/4207 4209/4209/4209 4210/4210/4210
f 4211/4211/4211 4213/4213/4213 4214/4214/4214
f 4215/4215/4215 4217/4217/4217 4218/4218/4218
f 4219/4219/4219 4221/4221/4221 4222/4222/4222

